📂 使用用户指定的测试目录：/home/cagalii/Application/ion_detect/datasets/datasets_for_all_2ppm（发现 899 个 .xlsx 文件）
✅ 当前使用设备: cuda
📂 训练集目录: /home/cagalii/Application/ion_detect/datasets/datasets_for_all
📂 测试/验证集目录: /home/cagalii/Application/ion_detect/datasets/datasets_for_all_2ppm
🧪 experiment: 20251213b
🚀 进入训练模式 (--train)
Skipping file 20240822_10ppm铜离子污染测试_新版电解槽_ion_column_gamry_[54, 56, 58, 60].xlsx: impedance points 54 < 63
Skipping file 20240822_10ppm铜离子污染测试_新版电解槽_ion_column_gamry_[48, 50, 52, 54].xlsx: impedance points 54 < 63
Skipping file 20240822_10ppm铜离子污染测试_新版电解槽_ion_column_gamry_[40, 42, 44, 46].xlsx: impedance points 54 < 63
Skipping file 20240822_10ppm铜离子污染测试_新版电解槽_ion_column_gamry_[32, 34, 36, 38].xlsx: impedance points 54 < 63
Skipping file 20240822_10ppm铜离子污染测试_新版电解槽_ion_column_gamry_[18, 20, 22, 24].xlsx: impedance points 54 < 63
Skipping file 20240822_10ppm铜离子污染测试_新版电解槽_ion_column_gamry_[30, 32, 34, 36].xlsx: impedance points 54 < 63
Skipping file 20240822_10ppm铜离子污染测试_新版电解槽_ion_column_gamry_[28, 30, 32, 34].xlsx: impedance points 54 < 63
Skipping file 20240822_10ppm铜离子污染测试_新版电解槽_ion_column_gamry_[52, 54, 56, 58].xlsx: impedance points 54 < 63
Skipping file 20240822_10ppm铜离子污染测试_新版电解槽_ion_column_gamry_[42, 44, 46, 48].xlsx: impedance points 54 < 63
Skipping file 20240822_10ppm铜离子污染测试_新版电解槽_ion_column_gamry_[38, 40, 42, 44].xlsx: impedance points 54 < 63
Skipping file 20240822_10ppm铜离子污染测试_新版电解槽_ion_column_gamry_[22, 24, 26, 28].xlsx: impedance points 54 < 63
Skipping file 20240822_10ppm铜离子污染测试_新版电解槽_ion_column_gamry_[20, 22, 24, 26].xlsx: impedance points 54 < 63
Skipping file 20240822_10ppm铜离子污染测试_新版电解槽_ion_column_gamry_[34, 36, 38, 40].xlsx: impedance points 54 < 63
Skipping file 20240822_10ppm铜离子污染测试_新版电解槽_ion_column_gamry_[44, 46, 48, 50].xlsx: impedance points 54 < 63
Skipping file 20240822_10ppm铜离子污染测试_新版电解槽_ion_column_gamry_[56, 58, 60, 62].xlsx: impedance points 54 < 63
Skipping file 20240822_10ppm铜离子污染测试_新版电解槽_ion_column_gamry_[26, 28, 30, 32].xlsx: impedance points 54 < 63
Skipping file 20240822_10ppm铜离子污染测试_新版电解槽_ion_column_gamry_[24, 26, 28, 30].xlsx: impedance points 54 < 63
Skipping file 20240822_10ppm铜离子污染测试_新版电解槽_ion_column_gamry_[36, 38, 40, 42].xlsx: impedance points 54 < 63
Skipping file 20240822_10ppm铜离子污染测试_新版电解槽_ion_column_gamry_[16, 18, 20, 22].xlsx: impedance points 54 < 63
Skipping file 20240822_10ppm铜离子污染测试_新版电解槽_ion_column_gamry_[46, 48, 50, 52].xlsx: impedance points 54 < 63
Skipping file 20240822_10ppm铜离子污染测试_新版电解槽_ion_column_gamry_[50, 52, 54, 56].xlsx: impedance points 54 < 63
[LEAK-CHECK] overlap(train, val) = 0
[DEBUG] data_folder = /home/cagalii/Application/ion_detect/datasets/datasets_for_all
[DEBUG] base_train.file_names[:10] =
   20241229_10ppm钠离子污染及恢复测试_新版电解槽_ion_column_renew_H2SO4_gamry_[6, 8, 10, 12].xlsx
   20240910_10ppm钙离子污染测试_新版电解槽_ion_gamry_[38, 40, 42, 44].xlsx
   20240831_10ppm镍离子污染测试_新版电解槽_ion_column_gamry_[4, 6, 8, 10].xlsx
   20250103_无离子污染测试_新版电解槽_ion_column_gamry_[2, 4, 6, 8].xlsx
   20241229_10ppm钠离子污染及恢复测试_新版电解槽_ion_column_renew_H2SO4_gamry_[0, 2, 4, 6].xlsx
   20240827_10ppm铬离子污染和恢复测试_新版电解槽_ion_gamry_[12, 14, 16, 18].xlsx
   20241107_0.1ppm钙离子污染及恢复测试_新版电解槽_ion_firecloud_[34, 36, 38, 40].xlsx
   20241107_0.1ppm铬离子污染及恢复测试_旧版电解槽_ion_column_firecloud_[10, 12, 14, 16].xlsx
   20240910_10ppm钙离子污染测试_新版电解槽_ion_column_gamry_[6, 8, 10, 12].xlsx
   20241229_10ppm钠离子污染及恢复测试_新版电解槽_ion_gamry_[38, 40, 42, 44].xlsx
[DEBUG] exist check (first 10):
   /home/cagalii/Application/ion_detect/datasets/datasets_for_all/20241229_10ppm钠离子污染及恢复测试_新版电解槽_ion_column_renew_H2SO4_gamry_[6, 8, 10, 12].xlsx exists= True
   /home/cagalii/Application/ion_detect/datasets/datasets_for_all/20240910_10ppm钙离子污染测试_新版电解槽_ion_gamry_[38, 40, 42, 44].xlsx exists= True
   /home/cagalii/Application/ion_detect/datasets/datasets_for_all/20240831_10ppm镍离子污染测试_新版电解槽_ion_column_gamry_[4, 6, 8, 10].xlsx exists= True
   /home/cagalii/Application/ion_detect/datasets/datasets_for_all/20250103_无离子污染测试_新版电解槽_ion_column_gamry_[2, 4, 6, 8].xlsx exists= True
   /home/cagalii/Application/ion_detect/datasets/datasets_for_all/20241229_10ppm钠离子污染及恢复测试_新版电解槽_ion_column_renew_H2SO4_gamry_[0, 2, 4, 6].xlsx exists= True
   /home/cagalii/Application/ion_detect/datasets/datasets_for_all/20240827_10ppm铬离子污染和恢复测试_新版电解槽_ion_gamry_[12, 14, 16, 18].xlsx exists= True
   /home/cagalii/Application/ion_detect/datasets/datasets_for_all/20241107_0.1ppm钙离子污染及恢复测试_新版电解槽_ion_firecloud_[34, 36, 38, 40].xlsx exists= True
   /home/cagalii/Application/ion_detect/datasets/datasets_for_all/20241107_0.1ppm铬离子污染及恢复测试_旧版电解槽_ion_column_firecloud_[10, 12, 14, 16].xlsx exists= True
   /home/cagalii/Application/ion_detect/datasets/datasets_for_all/20240910_10ppm钙离子污染测试_新版电解槽_ion_column_gamry_[6, 8, 10, 12].xlsx exists= True
   /home/cagalii/Application/ion_detect/datasets/datasets_for_all/20241229_10ppm钠离子污染及恢复测试_新版电解槽_ion_gamry_[38, 40, 42, 44].xlsx exists= True
Skipping file 20240918_2ppm钙离子污染测试_新版电解槽_ion_gamry_[36, 38, 40, 42].xlsx: impedance points 57 < 63
Skipping file 20250317_2ppm钠离子污染测试_新版电解槽_ion_gamry_[16, 18, 20, 22].xlsx: impedance points 61 < 63

[PairDataset][Example pairs] (show up to 50)
  [1] A(idx=4) 20241229_10ppm钠离子污染及恢复测试_新版电解槽_ion_column_renew_H2SO4_gamry_[0, 2, 4, 6].xlsx  times=[0, 2, 4, 6]
      → B(idx=0) 20241229_10ppm钠离子污染及恢复测试_新版电解槽_ion_column_renew_H2SO4_gamry_[6, 8, 10, 12].xlsx  times=[6, 8, 10, 12]  dummy=False
  [2] A(idx=408) 20241229_10ppm钠离子污染及恢复测试_新版电解槽_ion_column_renew_H2SO4_gamry_[2, 4, 6, 8].xlsx  times=[2, 4, 6, 8]
      → B(idx=84) 20241229_10ppm钠离子污染及恢复测试_新版电解槽_ion_column_renew_H2SO4_gamry_[8, 10, 12, 14].xlsx  times=[8, 10, 12, 14]  dummy=False
  [3] A(idx=31) 20241229_10ppm钠离子污染及恢复测试_新版电解槽_ion_column_renew_H2SO4_gamry_[4, 6, 8, 10].xlsx  times=[4, 6, 8, 10]
      → B(idx=247) 20241229_10ppm钠离子污染及恢复测试_新版电解槽_ion_column_renew_H2SO4_gamry_[10, 12, 14, 16].xlsx  times=[10, 12, 14, 16]  dummy=False
  [4] A(idx=0) 20241229_10ppm钠离子污染及恢复测试_新版电解槽_ion_column_renew_H2SO4_gamry_[6, 8, 10, 12].xlsx  times=[6, 8, 10, 12]
      → B(idx=223) 20241229_10ppm钠离子污染及恢复测试_新版电解槽_ion_column_renew_H2SO4_gamry_[12, 14, 16, 18].xlsx  times=[12, 14, 16, 18]  dummy=False
  [5] A(idx=84) 20241229_10ppm钠离子污染及恢复测试_新版电解槽_ion_column_renew_H2SO4_gamry_[8, 10, 12, 14].xlsx  times=[8, 10, 12, 14]
      → B(idx=93) 20241229_10ppm钠离子污染及恢复测试_新版电解槽_ion_column_renew_H2SO4_gamry_[14, 16, 18, 20].xlsx  times=[14, 16, 18, 20]  dummy=False
  [6] A(idx=247) 20241229_10ppm钠离子污染及恢复测试_新版电解槽_ion_column_renew_H2SO4_gamry_[10, 12, 14, 16].xlsx  times=[10, 12, 14, 16]
      → B(idx=311) 20241229_10ppm钠离子污染及恢复测试_新版电解槽_ion_column_renew_H2SO4_gamry_[16, 18, 20, 22].xlsx  times=[16, 18, 20, 22]  dummy=False
  [7] A(idx=223) 20241229_10ppm钠离子污染及恢复测试_新版电解槽_ion_column_renew_H2SO4_gamry_[12, 14, 16, 18].xlsx  times=[12, 14, 16, 18]
      → B(idx=231) 20241229_10ppm钠离子污染及恢复测试_新版电解槽_ion_column_renew_H2SO4_gamry_[18, 20, 22, 24].xlsx  times=[18, 20, 22, 24]  dummy=False
  [8] A(idx=93) 20241229_10ppm钠离子污染及恢复测试_新版电解槽_ion_column_renew_H2SO4_gamry_[14, 16, 18, 20].xlsx  times=[14, 16, 18, 20]
      → B(idx=332) 20241229_10ppm钠离子污染及恢复测试_新版电解槽_ion_column_renew_H2SO4_gamry_[20, 22, 24, 26].xlsx  times=[20, 22, 24, 26]  dummy=False
  [9] A(idx=311) 20241229_10ppm钠离子污染及恢复测试_新版电解槽_ion_column_renew_H2SO4_gamry_[16, 18, 20, 22].xlsx  times=[16, 18, 20, 22]
      → B(idx=295) 20241229_10ppm钠离子污染及恢复测试_新版电解槽_ion_column_renew_H2SO4_gamry_[22, 24, 26, 28].xlsx  times=[22, 24, 26, 28]  dummy=False
  [10] A(idx=231) 20241229_10ppm钠离子污染及恢复测试_新版电解槽_ion_column_renew_H2SO4_gamry_[18, 20, 22, 24].xlsx  times=[18, 20, 22, 24]
      → B(idx=133) 20241229_10ppm钠离子污染及恢复测试_新版电解槽_ion_column_renew_H2SO4_gamry_[24, 26, 28, 30].xlsx  times=[24, 26, 28, 30]  dummy=False
  [11] A(idx=332) 20241229_10ppm钠离子污染及恢复测试_新版电解槽_ion_column_renew_H2SO4_gamry_[20, 22, 24, 26].xlsx  times=[20, 22, 24, 26]
      → B(idx=354) 20241229_10ppm钠离子污染及恢复测试_新版电解槽_ion_column_renew_H2SO4_gamry_[26, 28, 30, 32].xlsx  times=[26, 28, 30, 32]  dummy=False
  [12] A(idx=295) 20241229_10ppm钠离子污染及恢复测试_新版电解槽_ion_column_renew_H2SO4_gamry_[22, 24, 26, 28].xlsx  times=[22, 24, 26, 28]
      → B(idx=289) 20241229_10ppm钠离子污染及恢复测试_新版电解槽_ion_column_renew_H2SO4_gamry_[28, 30, 32, 34].xlsx  times=[28, 30, 32, 34]  dummy=False
  [13] A(idx=133) 20241229_10ppm钠离子污染及恢复测试_新版电解槽_ion_column_renew_H2SO4_gamry_[24, 26, 28, 30].xlsx  times=[24, 26, 28, 30]
      → B(idx=267) 20241229_10ppm钠离子污染及恢复测试_新版电解槽_ion_column_renew_H2SO4_gamry_[30, 32, 34, 36].xlsx  times=[30, 32, 34, 36]  dummy=False
  [14] A(idx=354) 20241229_10ppm钠离子污染及恢复测试_新版电解槽_ion_column_renew_H2SO4_gamry_[26, 28, 30, 32].xlsx  times=[26, 28, 30, 32]
      → B(idx=354) 20241229_10ppm钠离子污染及恢复测试_新版电解槽_ion_column_renew_H2SO4_gamry_[26, 28, 30, 32].xlsx  times=[26, 28, 30, 32]  dummy=True
  [15] A(idx=289) 20241229_10ppm钠离子污染及恢复测试_新版电解槽_ion_column_renew_H2SO4_gamry_[28, 30, 32, 34].xlsx  times=[28, 30, 32, 34]
      → B(idx=289) 20241229_10ppm钠离子污染及恢复测试_新版电解槽_ion_column_renew_H2SO4_gamry_[28, 30, 32, 34].xlsx  times=[28, 30, 32, 34]  dummy=True
  [16] A(idx=267) 20241229_10ppm钠离子污染及恢复测试_新版电解槽_ion_column_renew_H2SO4_gamry_[30, 32, 34, 36].xlsx  times=[30, 32, 34, 36]
      → B(idx=267) 20241229_10ppm钠离子污染及恢复测试_新版电解槽_ion_column_renew_H2SO4_gamry_[30, 32, 34, 36].xlsx  times=[30, 32, 34, 36]  dummy=True
  [17] A(idx=23) 20240910_10ppm钙离子污染测试_新版电解槽_ion_gamry_[0, 2, 4, 6].xlsx  times=[0, 2, 4, 6]
      → B(idx=246) 20240910_10ppm钙离子污染测试_新版电解槽_ion_gamry_[6, 8, 10, 12].xlsx  times=[6, 8, 10, 12]  dummy=False
  [18] A(idx=315) 20240910_10ppm钙离子污染测试_新版电解槽_ion_gamry_[2, 4, 6, 8].xlsx  times=[2, 4, 6, 8]
      → B(idx=282) 20240910_10ppm钙离子污染测试_新版电解槽_ion_gamry_[8, 10, 12, 14].xlsx  times=[8, 10, 12, 14]  dummy=False
  [19] A(idx=172) 20240910_10ppm钙离子污染测试_新版电解槽_ion_gamry_[4, 6, 8, 10].xlsx  times=[4, 6, 8, 10]
      → B(idx=123) 20240910_10ppm钙离子污染测试_新版电解槽_ion_gamry_[10, 12, 14, 16].xlsx  times=[10, 12, 14, 16]  dummy=False
  [20] A(idx=246) 20240910_10ppm钙离子污染测试_新版电解槽_ion_gamry_[6, 8, 10, 12].xlsx  times=[6, 8, 10, 12]
      → B(idx=257) 20240910_10ppm钙离子污染测试_新版电解槽_ion_gamry_[12, 14, 16, 18].xlsx  times=[12, 14, 16, 18]  dummy=False
  [21] A(idx=282) 20240910_10ppm钙离子污染测试_新版电解槽_ion_gamry_[8, 10, 12, 14].xlsx  times=[8, 10, 12, 14]
      → B(idx=176) 20240910_10ppm钙离子污染测试_新版电解槽_ion_gamry_[14, 16, 18, 20].xlsx  times=[14, 16, 18, 20]  dummy=False
  [22] A(idx=123) 20240910_10ppm钙离子污染测试_新版电解槽_ion_gamry_[10, 12, 14, 16].xlsx  times=[10, 12, 14, 16]
      → B(idx=156) 20240910_10ppm钙离子污染测试_新版电解槽_ion_gamry_[16, 18, 20, 22].xlsx  times=[16, 18, 20, 22]  dummy=False
  [23] A(idx=257) 20240910_10ppm钙离子污染测试_新版电解槽_ion_gamry_[12, 14, 16, 18].xlsx  times=[12, 14, 16, 18]
      → B(idx=47) 20240910_10ppm钙离子污染测试_新版电解槽_ion_gamry_[18, 20, 22, 24].xlsx  times=[18, 20, 22, 24]  dummy=False
  [24] A(idx=176) 20240910_10ppm钙离子污染测试_新版电解槽_ion_gamry_[14, 16, 18, 20].xlsx  times=[14, 16, 18, 20]
      → B(idx=41) 20240910_10ppm钙离子污染测试_新版电解槽_ion_gamry_[20, 22, 24, 26].xlsx  times=[20, 22, 24, 26]  dummy=False
  [25] A(idx=156) 20240910_10ppm钙离子污染测试_新版电解槽_ion_gamry_[16, 18, 20, 22].xlsx  times=[16, 18, 20, 22]
      → B(idx=276) 20240910_10ppm钙离子污染测试_新版电解槽_ion_gamry_[22, 24, 26, 28].xlsx  times=[22, 24, 26, 28]  dummy=False
  [26] A(idx=47) 20240910_10ppm钙离子污染测试_新版电解槽_ion_gamry_[18, 20, 22, 24].xlsx  times=[18, 20, 22, 24]
      → B(idx=81) 20240910_10ppm钙离子污染测试_新版电解槽_ion_gamry_[24, 26, 28, 30].xlsx  times=[24, 26, 28, 30]  dummy=False
  [27] A(idx=41) 20240910_10ppm钙离子污染测试_新版电解槽_ion_gamry_[20, 22, 24, 26].xlsx  times=[20, 22, 24, 26]
      → B(idx=348) 20240910_10ppm钙离子污染测试_新版电解槽_ion_gamry_[26, 28, 30, 32].xlsx  times=[26, 28, 30, 32]  dummy=False
  [28] A(idx=276) 20240910_10ppm钙离子污染测试_新版电解槽_ion_gamry_[22, 24, 26, 28].xlsx  times=[22, 24, 26, 28]
      → B(idx=162) 20240910_10ppm钙离子污染测试_新版电解槽_ion_gamry_[28, 30, 32, 34].xlsx  times=[28, 30, 32, 34]  dummy=False
  [29] A(idx=81) 20240910_10ppm钙离子污染测试_新版电解槽_ion_gamry_[24, 26, 28, 30].xlsx  times=[24, 26, 28, 30]
      → B(idx=368) 20240910_10ppm钙离子污染测试_新版电解槽_ion_gamry_[30, 32, 34, 36].xlsx  times=[30, 32, 34, 36]  dummy=False
  [30] A(idx=348) 20240910_10ppm钙离子污染测试_新版电解槽_ion_gamry_[26, 28, 30, 32].xlsx  times=[26, 28, 30, 32]
      → B(idx=204) 20240910_10ppm钙离子污染测试_新版电解槽_ion_gamry_[32, 34, 36, 38].xlsx  times=[32, 34, 36, 38]  dummy=False
  [31] A(idx=162) 20240910_10ppm钙离子污染测试_新版电解槽_ion_gamry_[28, 30, 32, 34].xlsx  times=[28, 30, 32, 34]
      → B(idx=180) 20240910_10ppm钙离子污染测试_新版电解槽_ion_gamry_[34, 36, 38, 40].xlsx  times=[34, 36, 38, 40]  dummy=False
  [32] A(idx=368) 20240910_10ppm钙离子污染测试_新版电解槽_ion_gamry_[30, 32, 34, 36].xlsx  times=[30, 32, 34, 36]
      → B(idx=313) 20240910_10ppm钙离子污染测试_新版电解槽_ion_gamry_[36, 38, 40, 42].xlsx  times=[36, 38, 40, 42]  dummy=False
  [33] A(idx=204) 20240910_10ppm钙离子污染测试_新版电解槽_ion_gamry_[32, 34, 36, 38].xlsx  times=[32, 34, 36, 38]
      → B(idx=1) 20240910_10ppm钙离子污染测试_新版电解槽_ion_gamry_[38, 40, 42, 44].xlsx  times=[38, 40, 42, 44]  dummy=False
  [34] A(idx=180) 20240910_10ppm钙离子污染测试_新版电解槽_ion_gamry_[34, 36, 38, 40].xlsx  times=[34, 36, 38, 40]
      → B(idx=215) 20240910_10ppm钙离子污染测试_新版电解槽_ion_gamry_[40, 42, 44, 46].xlsx  times=[40, 42, 44, 46]  dummy=False
  [35] A(idx=313) 20240910_10ppm钙离子污染测试_新版电解槽_ion_gamry_[36, 38, 40, 42].xlsx  times=[36, 38, 40, 42]
      → B(idx=20) 20240910_10ppm钙离子污染测试_新版电解槽_ion_gamry_[42, 44, 46, 48].xlsx  times=[42, 44, 46, 48]  dummy=False
  [36] A(idx=1) 20240910_10ppm钙离子污染测试_新版电解槽_ion_gamry_[38, 40, 42, 44].xlsx  times=[38, 40, 42, 44]
      → B(idx=62) 20240910_10ppm钙离子污染测试_新版电解槽_ion_gamry_[44, 46, 48, 50].xlsx  times=[44, 46, 48, 50]  dummy=False
  [37] A(idx=215) 20240910_10ppm钙离子污染测试_新版电解槽_ion_gamry_[40, 42, 44, 46].xlsx  times=[40, 42, 44, 46]
      → B(idx=215) 20240910_10ppm钙离子污染测试_新版电解槽_ion_gamry_[40, 42, 44, 46].xlsx  times=[40, 42, 44, 46]  dummy=True
  [38] A(idx=20) 20240910_10ppm钙离子污染测试_新版电解槽_ion_gamry_[42, 44, 46, 48].xlsx  times=[42, 44, 46, 48]
      → B(idx=20) 20240910_10ppm钙离子污染测试_新版电解槽_ion_gamry_[42, 44, 46, 48].xlsx  times=[42, 44, 46, 48]  dummy=True
  [39] A(idx=62) 20240910_10ppm钙离子污染测试_新版电解槽_ion_gamry_[44, 46, 48, 50].xlsx  times=[44, 46, 48, 50]
      → B(idx=62) 20240910_10ppm钙离子污染测试_新版电解槽_ion_gamry_[44, 46, 48, 50].xlsx  times=[44, 46, 48, 50]  dummy=True
  [40] A(idx=121) 20240831_10ppm镍离子污染测试_新版电解槽_ion_column_gamry_[0, 2, 4, 6].xlsx  times=[0, 2, 4, 6]
      → B(idx=320) 20240831_10ppm镍离子污染测试_新版电解槽_ion_column_gamry_[6, 8, 10, 12].xlsx  times=[6, 8, 10, 12]  dummy=False
  [41] A(idx=245) 20240831_10ppm镍离子污染测试_新版电解槽_ion_column_gamry_[2, 4, 6, 8].xlsx  times=[2, 4, 6, 8]
      → B(idx=404) 20240831_10ppm镍离子污染测试_新版电解槽_ion_column_gamry_[8, 10, 12, 14].xlsx  times=[8, 10, 12, 14]  dummy=False
  [42] A(idx=2) 20240831_10ppm镍离子污染测试_新版电解槽_ion_column_gamry_[4, 6, 8, 10].xlsx  times=[4, 6, 8, 10]
      → B(idx=234) 20240831_10ppm镍离子污染测试_新版电解槽_ion_column_gamry_[10, 12, 14, 16].xlsx  times=[10, 12, 14, 16]  dummy=False
  [43] A(idx=320) 20240831_10ppm镍离子污染测试_新版电解槽_ion_column_gamry_[6, 8, 10, 12].xlsx  times=[6, 8, 10, 12]
      → B(idx=290) 20240831_10ppm镍离子污染测试_新版电解槽_ion_column_gamry_[12, 14, 16, 18].xlsx  times=[12, 14, 16, 18]  dummy=False
  [44] A(idx=404) 20240831_10ppm镍离子污染测试_新版电解槽_ion_column_gamry_[8, 10, 12, 14].xlsx  times=[8, 10, 12, 14]
      → B(idx=415) 20240831_10ppm镍离子污染测试_新版电解槽_ion_column_gamry_[14, 16, 18, 20].xlsx  times=[14, 16, 18, 20]  dummy=False
  [45] A(idx=234) 20240831_10ppm镍离子污染测试_新版电解槽_ion_column_gamry_[10, 12, 14, 16].xlsx  times=[10, 12, 14, 16]
      → B(idx=234) 20240831_10ppm镍离子污染测试_新版电解槽_ion_column_gamry_[10, 12, 14, 16].xlsx  times=[10, 12, 14, 16]  dummy=True
  [46] A(idx=290) 20240831_10ppm镍离子污染测试_新版电解槽_ion_column_gamry_[12, 14, 16, 18].xlsx  times=[12, 14, 16, 18]
      → B(idx=290) 20240831_10ppm镍离子污染测试_新版电解槽_ion_column_gamry_[12, 14, 16, 18].xlsx  times=[12, 14, 16, 18]  dummy=True
  [47] A(idx=415) 20240831_10ppm镍离子污染测试_新版电解槽_ion_column_gamry_[14, 16, 18, 20].xlsx  times=[14, 16, 18, 20]
      → B(idx=415) 20240831_10ppm镍离子污染测试_新版电解槽_ion_column_gamry_[14, 16, 18, 20].xlsx  times=[14, 16, 18, 20]  dummy=True
  [48] A(idx=117) 20250103_无离子污染测试_新版电解槽_ion_column_gamry_[0, 2, 4, 6].xlsx  times=[0, 2, 4, 6]
      → B(idx=226) 20250103_无离子污染测试_新版电解槽_ion_column_gamry_[6, 8, 10, 12].xlsx  times=[6, 8, 10, 12]  dummy=False
  [49] A(idx=3) 20250103_无离子污染测试_新版电解槽_ion_column_gamry_[2, 4, 6, 8].xlsx  times=[2, 4, 6, 8]
      → B(idx=381) 20250103_无离子污染测试_新版电解槽_ion_column_gamry_[8, 10, 12, 14].xlsx  times=[8, 10, 12, 14]  dummy=False
  [50] A(idx=378) 20250103_无离子污染测试_新版电解槽_ion_column_gamry_[4, 6, 8, 10].xlsx  times=[4, 6, 8, 10]
      → B(idx=388) 20250103_无离子污染测试_新版电解槽_ion_column_gamry_[10, 12, 14, 16].xlsx  times=[10, 12, 14, 16]  dummy=False

[PairDataset][Summary]
- total files:        417
- parsed OK:          417
- regex fail:         0
- parse times fail:   0
- empty times:        0
- total pairs:        417  (keep_unpaired=self)
- distinct prefixes:  32
- prefixes coverage (first few):
  [1] 20241229_10ppm钠离子污染及恢复测试_新版电解槽_ion_column_renew_H2SO4_gamry_[* -> windows=16, adj_pairs=13/15
  [2] 20240910_10ppm钙离子污染测试_新版电解槽_ion_gamry_[* -> windows=23, adj_pairs=20/22
  [3] 20240831_10ppm镍离子污染测试_新版电解槽_ion_column_gamry_[* -> windows=8, adj_pairs=5/7
  [4] 20250103_无离子污染测试_新版电解槽_ion_column_gamry_[* -> windows=8, adj_pairs=5/7
  [5] 20240827_10ppm铬离子污染和恢复测试_新版电解槽_ion_gamry_[* -> windows=9, adj_pairs=6/8
  [6] 20241107_0.1ppm钙离子污染及恢复测试_新版电解槽_ion_firecloud_[* -> windows=26, adj_pairs=23/25
  [7] 20241107_0.1ppm铬离子污染及恢复测试_旧版电解槽_ion_column_firecloud_[* -> windows=11, adj_pairs=8/10
  [8] 20240910_10ppm钙离子污染测试_新版电解槽_ion_column_gamry_[* -> windows=8, adj_pairs=5/7
  [9] 20241229_10ppm钠离子污染及恢复测试_新版电解槽_ion_gamry_[* -> windows=20, adj_pairs=17/19
  [10] 20241227_10ppm铜离子污染及恢复测试_旧版电解槽_ion_column_renew_H2SO4_gamry_[* -> windows=15, adj_pairs=12/14
- unadjacent gaps samples: 96 (showing first 0)

[PairDataset][Explain] focus_prefix_contains='20240915_2ppm铜离子污染测试_旧版电解槽_ion_firecloud_'
  (no prefix matched)

[PairDataset][Example pairs] (show up to 50)
  [1] A(idx=440) 20241112_2ppm钠离子污染和恢复测试80摄氏度_新版电解槽_ion_gamry_[0, 2, 4, 6].xlsx  times=[0, 2, 4, 6]
      → B(idx=484) 20241112_2ppm钠离子污染和恢复测试80摄氏度_新版电解槽_ion_gamry_[6, 8, 10, 12].xlsx  times=[6, 8, 10, 12]  dummy=False
  [2] A(idx=349) 20241112_2ppm钠离子污染和恢复测试80摄氏度_新版电解槽_ion_gamry_[2, 4, 6, 8].xlsx  times=[2, 4, 6, 8]
      → B(idx=436) 20241112_2ppm钠离子污染和恢复测试80摄氏度_新版电解槽_ion_gamry_[8, 10, 12, 14].xlsx  times=[8, 10, 12, 14]  dummy=False
  [3] A(idx=680) 20241112_2ppm钠离子污染和恢复测试80摄氏度_新版电解槽_ion_gamry_[4, 6, 8, 10].xlsx  times=[4, 6, 8, 10]
      → B(idx=816) 20241112_2ppm钠离子污染和恢复测试80摄氏度_新版电解槽_ion_gamry_[10, 12, 14, 16].xlsx  times=[10, 12, 14, 16]  dummy=False
  [4] A(idx=484) 20241112_2ppm钠离子污染和恢复测试80摄氏度_新版电解槽_ion_gamry_[6, 8, 10, 12].xlsx  times=[6, 8, 10, 12]
      → B(idx=0) 20241112_2ppm钠离子污染和恢复测试80摄氏度_新版电解槽_ion_gamry_[12, 14, 16, 18].xlsx  times=[12, 14, 16, 18]  dummy=False
  [5] A(idx=436) 20241112_2ppm钠离子污染和恢复测试80摄氏度_新版电解槽_ion_gamry_[8, 10, 12, 14].xlsx  times=[8, 10, 12, 14]
      → B(idx=406) 20241112_2ppm钠离子污染和恢复测试80摄氏度_新版电解槽_ion_gamry_[14, 16, 18, 20].xlsx  times=[14, 16, 18, 20]  dummy=False
  [6] A(idx=816) 20241112_2ppm钠离子污染和恢复测试80摄氏度_新版电解槽_ion_gamry_[10, 12, 14, 16].xlsx  times=[10, 12, 14, 16]
      → B(idx=603) 20241112_2ppm钠离子污染和恢复测试80摄氏度_新版电解槽_ion_gamry_[16, 18, 20, 22].xlsx  times=[16, 18, 20, 22]  dummy=False
  [7] A(idx=0) 20241112_2ppm钠离子污染和恢复测试80摄氏度_新版电解槽_ion_gamry_[12, 14, 16, 18].xlsx  times=[12, 14, 16, 18]
      → B(idx=768) 20241112_2ppm钠离子污染和恢复测试80摄氏度_新版电解槽_ion_gamry_[18, 20, 22, 24].xlsx  times=[18, 20, 22, 24]  dummy=False
  [8] A(idx=406) 20241112_2ppm钠离子污染和恢复测试80摄氏度_新版电解槽_ion_gamry_[14, 16, 18, 20].xlsx  times=[14, 16, 18, 20]
      → B(idx=11) 20241112_2ppm钠离子污染和恢复测试80摄氏度_新版电解槽_ion_gamry_[20, 22, 24, 26].xlsx  times=[20, 22, 24, 26]  dummy=False
  [9] A(idx=603) 20241112_2ppm钠离子污染和恢复测试80摄氏度_新版电解槽_ion_gamry_[16, 18, 20, 22].xlsx  times=[16, 18, 20, 22]
      → B(idx=495) 20241112_2ppm钠离子污染和恢复测试80摄氏度_新版电解槽_ion_gamry_[22, 24, 26, 28].xlsx  times=[22, 24, 26, 28]  dummy=False
  [10] A(idx=768) 20241112_2ppm钠离子污染和恢复测试80摄氏度_新版电解槽_ion_gamry_[18, 20, 22, 24].xlsx  times=[18, 20, 22, 24]
      → B(idx=178) 20241112_2ppm钠离子污染和恢复测试80摄氏度_新版电解槽_ion_gamry_[24, 26, 28, 30].xlsx  times=[24, 26, 28, 30]  dummy=False
  [11] A(idx=11) 20241112_2ppm钠离子污染和恢复测试80摄氏度_新版电解槽_ion_gamry_[20, 22, 24, 26].xlsx  times=[20, 22, 24, 26]
      → B(idx=187) 20241112_2ppm钠离子污染和恢复测试80摄氏度_新版电解槽_ion_gamry_[26, 28, 30, 32].xlsx  times=[26, 28, 30, 32]  dummy=False
  [12] A(idx=495) 20241112_2ppm钠离子污染和恢复测试80摄氏度_新版电解槽_ion_gamry_[22, 24, 26, 28].xlsx  times=[22, 24, 26, 28]
      → B(idx=405) 20241112_2ppm钠离子污染和恢复测试80摄氏度_新版电解槽_ion_gamry_[28, 30, 32, 34].xlsx  times=[28, 30, 32, 34]  dummy=False
  [13] A(idx=178) 20241112_2ppm钠离子污染和恢复测试80摄氏度_新版电解槽_ion_gamry_[24, 26, 28, 30].xlsx  times=[24, 26, 28, 30]
      → B(idx=20) 20241112_2ppm钠离子污染和恢复测试80摄氏度_新版电解槽_ion_gamry_[30, 32, 34, 36].xlsx  times=[30, 32, 34, 36]  dummy=False
  [14] A(idx=187) 20241112_2ppm钠离子污染和恢复测试80摄氏度_新版电解槽_ion_gamry_[26, 28, 30, 32].xlsx  times=[26, 28, 30, 32]
      → B(idx=742) 20241112_2ppm钠离子污染和恢复测试80摄氏度_新版电解槽_ion_gamry_[32, 34, 36, 38].xlsx  times=[32, 34, 36, 38]  dummy=False
  [15] A(idx=405) 20241112_2ppm钠离子污染和恢复测试80摄氏度_新版电解槽_ion_gamry_[28, 30, 32, 34].xlsx  times=[28, 30, 32, 34]
      → B(idx=541) 20241112_2ppm钠离子污染和恢复测试80摄氏度_新版电解槽_ion_gamry_[34, 36, 38, 40].xlsx  times=[34, 36, 38, 40]  dummy=False
  [16] A(idx=20) 20241112_2ppm钠离子污染和恢复测试80摄氏度_新版电解槽_ion_gamry_[30, 32, 34, 36].xlsx  times=[30, 32, 34, 36]
      → B(idx=301) 20241112_2ppm钠离子污染和恢复测试80摄氏度_新版电解槽_ion_gamry_[36, 38, 40, 42].xlsx  times=[36, 38, 40, 42]  dummy=False
  [17] A(idx=742) 20241112_2ppm钠离子污染和恢复测试80摄氏度_新版电解槽_ion_gamry_[32, 34, 36, 38].xlsx  times=[32, 34, 36, 38]
      → B(idx=117) 20241112_2ppm钠离子污染和恢复测试80摄氏度_新版电解槽_ion_gamry_[38, 40, 42, 44].xlsx  times=[38, 40, 42, 44]  dummy=False
  [18] A(idx=541) 20241112_2ppm钠离子污染和恢复测试80摄氏度_新版电解槽_ion_gamry_[34, 36, 38, 40].xlsx  times=[34, 36, 38, 40]
      → B(idx=541) 20241112_2ppm钠离子污染和恢复测试80摄氏度_新版电解槽_ion_gamry_[34, 36, 38, 40].xlsx  times=[34, 36, 38, 40]  dummy=True
  [19] A(idx=301) 20241112_2ppm钠离子污染和恢复测试80摄氏度_新版电解槽_ion_gamry_[36, 38, 40, 42].xlsx  times=[36, 38, 40, 42]
      → B(idx=301) 20241112_2ppm钠离子污染和恢复测试80摄氏度_新版电解槽_ion_gamry_[36, 38, 40, 42].xlsx  times=[36, 38, 40, 42]  dummy=True
  [20] A(idx=117) 20241112_2ppm钠离子污染和恢复测试80摄氏度_新版电解槽_ion_gamry_[38, 40, 42, 44].xlsx  times=[38, 40, 42, 44]
      → B(idx=117) 20241112_2ppm钠离子污染和恢复测试80摄氏度_新版电解槽_ion_gamry_[38, 40, 42, 44].xlsx  times=[38, 40, 42, 44]  dummy=True
  [21] A(idx=728) 20241028_2ppm钠离子污染和恢复测试_旧版电解槽_ion_gamry_[0, 2, 4, 6].xlsx  times=[0, 2, 4, 6]
      → B(idx=389) 20241028_2ppm钠离子污染和恢复测试_旧版电解槽_ion_gamry_[6, 8, 10, 12].xlsx  times=[6, 8, 10, 12]  dummy=False
  [22] A(idx=228) 20241028_2ppm钠离子污染和恢复测试_旧版电解槽_ion_gamry_[2, 4, 6, 8].xlsx  times=[2, 4, 6, 8]
      → B(idx=75) 20241028_2ppm钠离子污染和恢复测试_旧版电解槽_ion_gamry_[8, 10, 12, 14].xlsx  times=[8, 10, 12, 14]  dummy=False
  [23] A(idx=876) 20241028_2ppm钠离子污染和恢复测试_旧版电解槽_ion_gamry_[4, 6, 8, 10].xlsx  times=[4, 6, 8, 10]
      → B(idx=733) 20241028_2ppm钠离子污染和恢复测试_旧版电解槽_ion_gamry_[10, 12, 14, 16].xlsx  times=[10, 12, 14, 16]  dummy=False
  [24] A(idx=389) 20241028_2ppm钠离子污染和恢复测试_旧版电解槽_ion_gamry_[6, 8, 10, 12].xlsx  times=[6, 8, 10, 12]
      → B(idx=332) 20241028_2ppm钠离子污染和恢复测试_旧版电解槽_ion_gamry_[12, 14, 16, 18].xlsx  times=[12, 14, 16, 18]  dummy=False
  [25] A(idx=75) 20241028_2ppm钠离子污染和恢复测试_旧版电解槽_ion_gamry_[8, 10, 12, 14].xlsx  times=[8, 10, 12, 14]
      → B(idx=841) 20241028_2ppm钠离子污染和恢复测试_旧版电解槽_ion_gamry_[14, 16, 18, 20].xlsx  times=[14, 16, 18, 20]  dummy=False
  [26] A(idx=733) 20241028_2ppm钠离子污染和恢复测试_旧版电解槽_ion_gamry_[10, 12, 14, 16].xlsx  times=[10, 12, 14, 16]
      → B(idx=531) 20241028_2ppm钠离子污染和恢复测试_旧版电解槽_ion_gamry_[16, 18, 20, 22].xlsx  times=[16, 18, 20, 22]  dummy=False
  [27] A(idx=332) 20241028_2ppm钠离子污染和恢复测试_旧版电解槽_ion_gamry_[12, 14, 16, 18].xlsx  times=[12, 14, 16, 18]
      → B(idx=1) 20241028_2ppm钠离子污染和恢复测试_旧版电解槽_ion_gamry_[18, 20, 22, 24].xlsx  times=[18, 20, 22, 24]  dummy=False
  [28] A(idx=841) 20241028_2ppm钠离子污染和恢复测试_旧版电解槽_ion_gamry_[14, 16, 18, 20].xlsx  times=[14, 16, 18, 20]
      → B(idx=388) 20241028_2ppm钠离子污染和恢复测试_旧版电解槽_ion_gamry_[20, 22, 24, 26].xlsx  times=[20, 22, 24, 26]  dummy=False
  [29] A(idx=531) 20241028_2ppm钠离子污染和恢复测试_旧版电解槽_ion_gamry_[16, 18, 20, 22].xlsx  times=[16, 18, 20, 22]
      → B(idx=14) 20241028_2ppm钠离子污染和恢复测试_旧版电解槽_ion_gamry_[22, 24, 26, 28].xlsx  times=[22, 24, 26, 28]  dummy=False
  [30] A(idx=1) 20241028_2ppm钠离子污染和恢复测试_旧版电解槽_ion_gamry_[18, 20, 22, 24].xlsx  times=[18, 20, 22, 24]
      → B(idx=98) 20241028_2ppm钠离子污染和恢复测试_旧版电解槽_ion_gamry_[24, 26, 28, 30].xlsx  times=[24, 26, 28, 30]  dummy=False
  [31] A(idx=388) 20241028_2ppm钠离子污染和恢复测试_旧版电解槽_ion_gamry_[20, 22, 24, 26].xlsx  times=[20, 22, 24, 26]
      → B(idx=692) 20241028_2ppm钠离子污染和恢复测试_旧版电解槽_ion_gamry_[26, 28, 30, 32].xlsx  times=[26, 28, 30, 32]  dummy=False
  [32] A(idx=14) 20241028_2ppm钠离子污染和恢复测试_旧版电解槽_ion_gamry_[22, 24, 26, 28].xlsx  times=[22, 24, 26, 28]
      → B(idx=113) 20241028_2ppm钠离子污染和恢复测试_旧版电解槽_ion_gamry_[28, 30, 32, 34].xlsx  times=[28, 30, 32, 34]  dummy=False
  [33] A(idx=98) 20241028_2ppm钠离子污染和恢复测试_旧版电解槽_ion_gamry_[24, 26, 28, 30].xlsx  times=[24, 26, 28, 30]
      → B(idx=315) 20241028_2ppm钠离子污染和恢复测试_旧版电解槽_ion_gamry_[30, 32, 34, 36].xlsx  times=[30, 32, 34, 36]  dummy=False
  [34] A(idx=692) 20241028_2ppm钠离子污染和恢复测试_旧版电解槽_ion_gamry_[26, 28, 30, 32].xlsx  times=[26, 28, 30, 32]
      → B(idx=59) 20241028_2ppm钠离子污染和恢复测试_旧版电解槽_ion_gamry_[32, 34, 36, 38].xlsx  times=[32, 34, 36, 38]  dummy=False
  [35] A(idx=113) 20241028_2ppm钠离子污染和恢复测试_旧版电解槽_ion_gamry_[28, 30, 32, 34].xlsx  times=[28, 30, 32, 34]
      → B(idx=199) 20241028_2ppm钠离子污染和恢复测试_旧版电解槽_ion_gamry_[34, 36, 38, 40].xlsx  times=[34, 36, 38, 40]  dummy=False
  [36] A(idx=315) 20241028_2ppm钠离子污染和恢复测试_旧版电解槽_ion_gamry_[30, 32, 34, 36].xlsx  times=[30, 32, 34, 36]
      → B(idx=302) 20241028_2ppm钠离子污染和恢复测试_旧版电解槽_ion_gamry_[36, 38, 40, 42].xlsx  times=[36, 38, 40, 42]  dummy=False
  [37] A(idx=59) 20241028_2ppm钠离子污染和恢复测试_旧版电解槽_ion_gamry_[32, 34, 36, 38].xlsx  times=[32, 34, 36, 38]
      → B(idx=827) 20241028_2ppm钠离子污染和恢复测试_旧版电解槽_ion_gamry_[38, 40, 42, 44].xlsx  times=[38, 40, 42, 44]  dummy=False
  [38] A(idx=199) 20241028_2ppm钠离子污染和恢复测试_旧版电解槽_ion_gamry_[34, 36, 38, 40].xlsx  times=[34, 36, 38, 40]
      → B(idx=890) 20241028_2ppm钠离子污染和恢复测试_旧版电解槽_ion_gamry_[40, 42, 44, 46].xlsx  times=[40, 42, 44, 46]  dummy=False
  [39] A(idx=302) 20241028_2ppm钠离子污染和恢复测试_旧版电解槽_ion_gamry_[36, 38, 40, 42].xlsx  times=[36, 38, 40, 42]
      → B(idx=302) 20241028_2ppm钠离子污染和恢复测试_旧版电解槽_ion_gamry_[36, 38, 40, 42].xlsx  times=[36, 38, 40, 42]  dummy=True
  [40] A(idx=827) 20241028_2ppm钠离子污染和恢复测试_旧版电解槽_ion_gamry_[38, 40, 42, 44].xlsx  times=[38, 40, 42, 44]
      → B(idx=827) 20241028_2ppm钠离子污染和恢复测试_旧版电解槽_ion_gamry_[38, 40, 42, 44].xlsx  times=[38, 40, 42, 44]  dummy=True
  [41] A(idx=890) 20241028_2ppm钠离子污染和恢复测试_旧版电解槽_ion_gamry_[40, 42, 44, 46].xlsx  times=[40, 42, 44, 46]
      → B(idx=890) 20241028_2ppm钠离子污染和恢复测试_旧版电解槽_ion_gamry_[40, 42, 44, 46].xlsx  times=[40, 42, 44, 46]  dummy=True
  [42] A(idx=275) 20241024_2ppm铁离子污染和恢复测试_新版电解槽_ion_firecloud_[0, 2, 4, 6].xlsx  times=[0, 2, 4, 6]
      → B(idx=314) 20241024_2ppm铁离子污染和恢复测试_新版电解槽_ion_firecloud_[6, 8, 10, 12].xlsx  times=[6, 8, 10, 12]  dummy=False
  [43] A(idx=261) 20241024_2ppm铁离子污染和恢复测试_新版电解槽_ion_firecloud_[2, 4, 6, 8].xlsx  times=[2, 4, 6, 8]
      → B(idx=784) 20241024_2ppm铁离子污染和恢复测试_新版电解槽_ion_firecloud_[8, 10, 12, 14].xlsx  times=[8, 10, 12, 14]  dummy=False
  [44] A(idx=652) 20241024_2ppm铁离子污染和恢复测试_新版电解槽_ion_firecloud_[4, 6, 8, 10].xlsx  times=[4, 6, 8, 10]
      → B(idx=524) 20241024_2ppm铁离子污染和恢复测试_新版电解槽_ion_firecloud_[10, 12, 14, 16].xlsx  times=[10, 12, 14, 16]  dummy=False
  [45] A(idx=314) 20241024_2ppm铁离子污染和恢复测试_新版电解槽_ion_firecloud_[6, 8, 10, 12].xlsx  times=[6, 8, 10, 12]
      → B(idx=2) 20241024_2ppm铁离子污染和恢复测试_新版电解槽_ion_firecloud_[12, 14, 16, 18].xlsx  times=[12, 14, 16, 18]  dummy=False
  [46] A(idx=784) 20241024_2ppm铁离子污染和恢复测试_新版电解槽_ion_firecloud_[8, 10, 12, 14].xlsx  times=[8, 10, 12, 14]
      → B(idx=545) 20241024_2ppm铁离子污染和恢复测试_新版电解槽_ion_firecloud_[14, 16, 18, 20].xlsx  times=[14, 16, 18, 20]  dummy=False
  [47] A(idx=524) 20241024_2ppm铁离子污染和恢复测试_新版电解槽_ion_firecloud_[10, 12, 14, 16].xlsx  times=[10, 12, 14, 16]
      → B(idx=611) 20241024_2ppm铁离子污染和恢复测试_新版电解槽_ion_firecloud_[16, 18, 20, 22].xlsx  times=[16, 18, 20, 22]  dummy=False
  [48] A(idx=2) 20241024_2ppm铁离子污染和恢复测试_新版电解槽_ion_firecloud_[12, 14, 16, 18].xlsx  times=[12, 14, 16, 18]
      → B(idx=114) 20241024_2ppm铁离子污染和恢复测试_新版电解槽_ion_firecloud_[18, 20, 22, 24].xlsx  times=[18, 20, 22, 24]  dummy=False
  [49] A(idx=545) 20241024_2ppm铁离子污染和恢复测试_新版电解槽_ion_firecloud_[14, 16, 18, 20].xlsx  times=[14, 16, 18, 20]
      → B(idx=809) 20241024_2ppm铁离子污染和恢复测试_新版电解槽_ion_firecloud_[20, 22, 24, 26].xlsx  times=[20, 22, 24, 26]  dummy=False
  [50] A(idx=611) 20241024_2ppm铁离子污染和恢复测试_新版电解槽_ion_firecloud_[16, 18, 20, 22].xlsx  times=[16, 18, 20, 22]
      → B(idx=760) 20241024_2ppm铁离子污染和恢复测试_新版电解槽_ion_firecloud_[22, 24, 26, 28].xlsx  times=[22, 24, 26, 28]  dummy=False

[PairDataset][Summary]
- total files:        897
- parsed OK:          897
- regex fail:         0
- parse times fail:   0
- empty times:        0
- total pairs:        897  (keep_unpaired=self)
- distinct prefixes:  67
- prefixes coverage (first few):
  [1] 20241112_2ppm钠离子污染和恢复测试80摄氏度_新版电解槽_ion_gamry_[* -> windows=20, adj_pairs=17/19
  [2] 20241028_2ppm钠离子污染和恢复测试_旧版电解槽_ion_gamry_[* -> windows=21, adj_pairs=18/20
  [3] 20241024_2ppm铁离子污染和恢复测试_新版电解槽_ion_firecloud_[* -> windows=23, adj_pairs=20/22
  [4] 20241003_2ppm镍离子污染测试_新版电解槽_ion_gamry_[* -> windows=23, adj_pairs=20/22
  [5] 20241122_2ppm铜离子污染及恢复测试40摄氏度_新版电解槽_ion_column_gamry_[* -> windows=8, adj_pairs=5/7
  [6] 20241122_2ppm铜离子污染及恢复测试40摄氏度_新版电解槽_ion_column_renew_H2SO4_gamry_[* -> windows=8, adj_pairs=5/7
  [7] 20241117_2ppm钠离子污染及恢复测试40摄氏度_新版电解槽_ion_column_renew_H2SO4_gamry_[* -> windows=8, adj_pairs=5/7
  [8] 20241213_2ppm钠离子污染及恢复测试_新版电解槽_ion_gamry_[* -> windows=19, adj_pairs=16/18
  [9] 20241122_2ppm铜离子污染及恢复测试40摄氏度_新版电解槽_ion_gamry_[* -> windows=20, adj_pairs=17/19
  [10] 20240915_2ppm铜离子污染测试_旧版电解槽_ion_firecloud_[* -> windows=11, adj_pairs=8/10
- unadjacent gaps samples: 196 (showing first 0)
num base train samples: 417
num base val   samples: 897
num pair train samples: 417
num pair val   samples: 897
dummy_mask[0] = False
📝 TensorBoard 日志目录: /home/cagalii/Application/ion_detect/output/tensorboard/20251213b
[Pairs] Epoch 1/2000 | total: 3.2594 | voltage: 5.9716 | classify: 2.9332 | conc: 0.0005 | consistency: 0.5294 | consist_valid: 5.7170 | consist_dummy: 2.1698 | loss_i0_polarity: 3.0946 | loss_wuxing_diff: 0.0004 | rule: 46.7154 | group: 1.4732 | tree: 4.1482 | band: 0.0390
[Pairs] Epoch 2/2000 | total: 3.3766 | voltage: 3.8801 | classify: 3.1222 | conc: 0.0011 | consistency: 0.4819 | consist_valid: 6.0377 | consist_dummy: 1.8302 | loss_i0_polarity: 3.6054 | loss_wuxing_diff: 0.0007 | rule: 110.6086 | group: 1.5914 | tree: 4.2823 | band: 0.0412
[Pairs] Epoch 3/2000 | total: 2.8626 | voltage: 2.9637 | classify: 2.6856 | conc: 0.0005 | consistency: 0.4304 | consist_valid: 5.8491 | consist_dummy: 2.0189 | loss_i0_polarity: 3.5364 | loss_wuxing_diff: 0.0004 | rule: 49.3749 | group: 1.4376 | tree: 3.8129 | band: 0.0389
[Pairs] Epoch 4/2000 | total: 2.8824 | voltage: 2.2688 | classify: 2.7266 | conc: 0.0006 | consistency: 0.4037 | consist_valid: 6.2075 | consist_dummy: 1.6604 | loss_i0_polarity: 3.6469 | loss_wuxing_diff: 0.0003 | rule: 76.0382 | group: 1.4737 | tree: 3.8250 | band: 0.0399
[Pairs] Epoch 5/2000 | total: 2.9152 | voltage: 1.7674 | classify: 2.7876 | conc: 0.0005 | consistency: 0.3742 | consist_valid: 6.0566 | consist_dummy: 1.8113 | loss_i0_polarity: 3.7343 | loss_wuxing_diff: 0.0006 | rule: 70.0707 | group: 1.4357 | tree: 3.9798 | band: 0.0407
[Pairs] Epoch 6/2000 | total: 2.4969 | voltage: 1.4622 | classify: 2.3784 | conc: 0.0005 | consistency: 0.3638 | consist_valid: 5.9245 | consist_dummy: 1.9434 | loss_i0_polarity: 3.8212 | loss_wuxing_diff: 0.0004 | rule: 82.5745 | group: 1.4693 | tree: 3.6057 | band: 0.0421
[Pairs] Epoch 7/2000 | total: 2.6083 | voltage: 1.2341 | classify: 2.5148 | conc: 0.0005 | consistency: 0.3304 | consist_valid: 6.3208 | consist_dummy: 1.5660 | loss_i0_polarity: 3.7728 | loss_wuxing_diff: 0.0004 | rule: 55.3272 | group: 1.4431 | tree: 3.7606 | band: 0.0418
[Pairs] Epoch 8/2000 | total: 2.6877 | voltage: 1.0165 | classify: 2.6053 | conc: 0.0004 | consistency: 0.3361 | consist_valid: 5.7925 | consist_dummy: 2.0755 | loss_i0_polarity: 3.8242 | loss_wuxing_diff: 0.0009 | rule: 55.3944 | group: 1.4202 | tree: 3.6443 | band: 0.0453
[Pairs] Epoch 9/2000 | total: 2.6393 | voltage: 0.9639 | classify: 2.5439 | conc: 0.0006 | consistency: 0.3310 | consist_valid: 6.2453 | consist_dummy: 1.6226 | loss_i0_polarity: 4.0305 | loss_wuxing_diff: 0.0016 | rule: 86.0675 | group: 1.4194 | tree: 3.7341 | band: 0.0499
[Pairs] Epoch 10/2000 | total: 2.4512 | voltage: 0.8771 | classify: 2.3786 | conc: 0.0004 | consistency: 0.3158 | consist_valid: 6.1509 | consist_dummy: 1.7170 | loss_i0_polarity: 3.8407 | loss_wuxing_diff: 0.0018 | rule: 49.8296 | group: 1.4062 | tree: 3.4231 | band: 0.0504
✅ 模型已保存到 /home/cagalii/Application/ion_detect/output/trained_model_save/20251213b/trained_model_epoch_10.pth
📁 损失值已保存到 /home/cagalii/Application/ion_detect/output/trained_model_save/20251213b/training_loss_epoch_10.csv
[Pairs] Epoch 11/2000 | total: 2.5009 | voltage: 0.7700 | classify: 2.4186 | conc: 0.0005 | consistency: 0.3228 | consist_valid: 5.9434 | consist_dummy: 1.9245 | loss_i0_polarity: 3.9567 | loss_wuxing_diff: 0.0035 | rule: 79.5502 | group: 1.4657 | tree: 3.3453 | band: 0.0518
[Pairs] Epoch 12/2000 | total: 2.5463 | voltage: 0.7151 | classify: 2.4564 | conc: 0.0006 | consistency: 0.2871 | consist_valid: 6.2075 | consist_dummy: 1.6792 | loss_i0_polarity: 4.0795 | loss_wuxing_diff: 0.0031 | rule: 99.8712 | group: 1.4917 | tree: 3.5910 | band: 0.0528
[Pairs] Epoch 13/2000 | total: 2.1623 | voltage: 0.6415 | classify: 2.0932 | conc: 0.0003 | consistency: 0.3161 | consist_valid: 6.0377 | consist_dummy: 1.8302 | loss_i0_polarity: 3.7248 | loss_wuxing_diff: 0.0046 | rule: 66.4462 | group: 1.4132 | tree: 3.3390 | band: 0.0549
[Pairs] Epoch 14/2000 | total: 2.1736 | voltage: 0.6150 | classify: 2.1084 | conc: 0.0006 | consistency: 0.2927 | consist_valid: 6.2453 | consist_dummy: 1.6226 | loss_i0_polarity: 3.8358 | loss_wuxing_diff: 0.0038 | rule: 61.0269 | group: 1.4313 | tree: 3.3593 | band: 0.0536
[Pairs] Epoch 15/2000 | total: 2.2529 | voltage: 0.5721 | classify: 2.1907 | conc: 0.0005 | consistency: 0.2906 | consist_valid: 6.3208 | consist_dummy: 1.5472 | loss_i0_polarity: 3.6477 | loss_wuxing_diff: 0.0040 | rule: 59.1582 | group: 1.4190 | tree: 3.7085 | band: 0.0558
[Pairs] Epoch 16/2000 | total: 2.0664 | voltage: 0.5388 | classify: 1.9931 | conc: 0.0004 | consistency: 0.3036 | consist_valid: 6.2075 | consist_dummy: 1.6604 | loss_i0_polarity: 3.6239 | loss_wuxing_diff: 0.0086 | rule: 85.2903 | group: 1.3839 | tree: 3.2849 | band: 0.0559
[Pairs] Epoch 17/2000 | total: 2.1803 | voltage: 0.6185 | classify: 2.1220 | conc: 0.0004 | consistency: 0.2851 | consist_valid: 5.9623 | consist_dummy: 1.9245 | loss_i0_polarity: 3.7911 | loss_wuxing_diff: 0.0052 | rule: 46.9273 | group: 1.4255 | tree: 3.4736 | band: 0.0526
[Pairs] Epoch 18/2000 | total: 2.1931 | voltage: 0.5351 | classify: 2.1134 | conc: 0.0004 | consistency: 0.2730 | consist_valid: 5.9623 | consist_dummy: 1.9057 | loss_i0_polarity: 3.5961 | loss_wuxing_diff: 0.0137 | rule: 98.3901 | group: 1.4176 | tree: 3.3242 | band: 0.0537
[Pairs] Epoch 19/2000 | total: 2.0552 | voltage: 0.4467 | classify: 1.9906 | conc: 0.0004 | consistency: 0.2920 | consist_valid: 5.9623 | consist_dummy: 1.9057 | loss_i0_polarity: 3.5061 | loss_wuxing_diff: 0.0173 | rule: 77.6194 | group: 1.3269 | tree: 3.0493 | band: 0.0579
[Pairs] Epoch 20/2000 | total: 2.1747 | voltage: 0.4313 | classify: 2.1130 | conc: 0.0005 | consistency: 0.2638 | consist_valid: 6.0755 | consist_dummy: 1.7925 | loss_i0_polarity: 3.5918 | loss_wuxing_diff: 0.0195 | rule: 72.8977 | group: 1.3336 | tree: 3.2261 | band: 0.0575
✅ 模型已保存到 /home/cagalii/Application/ion_detect/output/trained_model_save/20251213b/trained_model_epoch_20.pth
📁 损失值已保存到 /home/cagalii/Application/ion_detect/output/trained_model_save/20251213b/training_loss_epoch_20.csv
[Pairs] Epoch 21/2000 | total: 2.1476 | voltage: 0.3782 | classify: 2.0711 | conc: 0.0005 | consistency: 0.2667 | consist_valid: 5.8868 | consist_dummy: 2.0000 | loss_i0_polarity: 3.7539 | loss_wuxing_diff: 0.0316 | rule: 107.0820 | group: 1.4837 | tree: 3.4685 | band: 0.0622
[Pairs] Epoch 22/2000 | total: 2.0812 | voltage: 0.3737 | classify: 2.0120 | conc: 0.0003 | consistency: 0.2975 | consist_valid: 6.1321 | consist_dummy: 1.7358 | loss_i0_polarity: 3.4672 | loss_wuxing_diff: 0.0386 | rule: 94.1030 | group: 1.3476 | tree: 2.8892 | band: 0.0664
[Pairs] Epoch 23/2000 | total: 1.9327 | voltage: 0.3610 | classify: 1.8734 | conc: 0.0003 | consistency: 0.2720 | consist_valid: 6.2453 | consist_dummy: 1.6226 | loss_i0_polarity: 3.4832 | loss_wuxing_diff: 0.0318 | rule: 75.6805 | group: 1.3112 | tree: 2.8214 | band: 0.0635
[Pairs] Epoch 24/2000 | total: 1.8673 | voltage: 0.3608 | classify: 1.8250 | conc: 0.0003 | consistency: 0.2650 | consist_valid: 6.0377 | consist_dummy: 1.8302 | loss_i0_polarity: 3.3584 | loss_wuxing_diff: 0.0318 | rule: 41.9205 | group: 1.2448 | tree: 2.8324 | band: 0.0629
[Pairs] Epoch 25/2000 | total: 1.6144 | voltage: 0.3210 | classify: 1.5584 | conc: 0.0002 | consistency: 0.2912 | consist_valid: 5.9245 | consist_dummy: 1.9434 | loss_i0_polarity: 3.3598 | loss_wuxing_diff: 0.0225 | rule: 73.7503 | group: 1.1659 | tree: 2.5629 | band: 0.0641
[Pairs] Epoch 26/2000 | total: 1.5958 | voltage: 0.3272 | classify: 1.5527 | conc: 0.0003 | consistency: 0.2735 | consist_valid: 6.0000 | consist_dummy: 1.8679 | loss_i0_polarity: 3.3758 | loss_wuxing_diff: 0.0346 | rule: 46.8222 | group: 1.2067 | tree: 2.8562 | band: 0.0622
[Pairs] Epoch 27/2000 | total: 1.5682 | voltage: 0.3254 | classify: 1.5174 | conc: 0.0003 | consistency: 0.2673 | consist_valid: 5.8491 | consist_dummy: 2.0189 | loss_i0_polarity: 3.1943 | loss_wuxing_diff: 0.0160 | rule: 62.6988 | group: 1.1413 | tree: 2.5724 | band: 0.0650
[Pairs] Epoch 28/2000 | total: 1.6873 | voltage: 0.2922 | classify: 1.6352 | conc: 0.0004 | consistency: 0.2856 | consist_valid: 6.4151 | consist_dummy: 1.4528 | loss_i0_polarity: 3.3960 | loss_wuxing_diff: 0.0359 | rule: 68.0890 | group: 1.2351 | tree: 2.8696 | band: 0.0661
[Pairs] Epoch 29/2000 | total: 1.5678 | voltage: 0.2783 | classify: 1.5193 | conc: 0.0003 | consistency: 0.2729 | consist_valid: 6.0377 | consist_dummy: 1.8302 | loss_i0_polarity: 3.2266 | loss_wuxing_diff: 0.0279 | rule: 63.0353 | group: 1.1624 | tree: 2.5039 | band: 0.0663
[Pairs] Epoch 30/2000 | total: 1.4247 | voltage: 0.2662 | classify: 1.3513 | conc: 0.0003 | consistency: 0.2803 | consist_valid: 6.0189 | consist_dummy: 1.8491 | loss_i0_polarity: 3.3155 | loss_wuxing_diff: 0.0423 | rule: 113.8451 | group: 1.2560 | tree: 2.4805 | band: 0.0684
✅ 模型已保存到 /home/cagalii/Application/ion_detect/output/trained_model_save/20251213b/trained_model_epoch_30.pth
📁 损失值已保存到 /home/cagalii/Application/ion_detect/output/trained_model_save/20251213b/training_loss_epoch_30.csv
[Pairs] Epoch 31/2000 | total: 1.3609 | voltage: 0.2835 | classify: 1.3276 | conc: 0.0003 | consistency: 0.2620 | consist_valid: 5.9434 | consist_dummy: 1.9434 | loss_i0_polarity: 3.1498 | loss_wuxing_diff: 0.0323 | rule: 32.3731 | group: 1.1373 | tree: 2.2124 | band: 0.0676
[Pairs] Epoch 32/2000 | total: 1.5548 | voltage: 0.2617 | classify: 1.5100 | conc: 0.0003 | consistency: 0.2673 | consist_valid: 6.0000 | consist_dummy: 1.8679 | loss_i0_polarity: 3.0986 | loss_wuxing_diff: 0.0310 | rule: 57.6141 | group: 1.2229 | tree: 2.3623 | band: 0.0701
[Pairs] Epoch 33/2000 | total: 1.4942 | voltage: 0.2416 | classify: 1.4492 | conc: 0.0002 | consistency: 0.2669 | consist_valid: 5.8491 | consist_dummy: 2.0189 | loss_i0_polarity: 3.1429 | loss_wuxing_diff: 0.0299 | rule: 60.2008 | group: 1.1861 | tree: 2.3442 | band: 0.0686
[Pairs] Epoch 34/2000 | total: 1.4690 | voltage: 0.2409 | classify: 1.4184 | conc: 0.0004 | consistency: 0.2718 | consist_valid: 6.0943 | consist_dummy: 1.7736 | loss_i0_polarity: 3.1842 | loss_wuxing_diff: 0.0558 | rule: 70.9251 | group: 1.2115 | tree: 2.3888 | band: 0.0722
[Pairs] Epoch 35/2000 | total: 1.2096 | voltage: 0.2466 | classify: 1.1694 | conc: 0.0003 | consistency: 0.2774 | consist_valid: 6.0566 | consist_dummy: 1.8113 | loss_i0_polarity: 3.0195 | loss_wuxing_diff: 0.0624 | rule: 49.8973 | group: 1.1675 | tree: 2.2472 | band: 0.0675
[Pairs] Epoch 36/2000 | total: 1.2975 | voltage: 0.2388 | classify: 1.2506 | conc: 0.0003 | consistency: 0.2643 | consist_valid: 6.0566 | consist_dummy: 1.8113 | loss_i0_polarity: 2.9866 | loss_wuxing_diff: 0.0531 | rule: 64.1026 | group: 1.1326 | tree: 2.4113 | band: 0.0696
[Pairs] Epoch 37/2000 | total: 1.0531 | voltage: 0.2178 | classify: 1.0176 | conc: 0.0002 | consistency: 0.2651 | consist_valid: 5.9434 | consist_dummy: 1.9434 | loss_i0_polarity: 2.8542 | loss_wuxing_diff: 0.0485 | rule: 43.7670 | group: 1.1089 | tree: 2.0455 | band: 0.0713
[Pairs] Epoch 38/2000 | total: 1.2557 | voltage: 0.2121 | classify: 1.2223 | conc: 0.0003 | consistency: 0.2564 | consist_valid: 6.2075 | consist_dummy: 1.6604 | loss_i0_polarity: 2.9569 | loss_wuxing_diff: 0.0349 | rule: 40.2302 | group: 1.0108 | tree: 2.1665 | band: 0.0686
[Pairs] Epoch 39/2000 | total: 1.3488 | voltage: 0.1974 | classify: 1.2894 | conc: 0.0003 | consistency: 0.2553 | consist_valid: 6.0377 | consist_dummy: 1.8491 | loss_i0_polarity: 3.1506 | loss_wuxing_diff: 0.0634 | rule: 93.3967 | group: 1.1334 | tree: 2.1508 | band: 0.0701
[Pairs] Epoch 40/2000 | total: 1.2585 | voltage: 0.1791 | classify: 1.2094 | conc: 0.0003 | consistency: 0.3063 | consist_valid: 5.9434 | consist_dummy: 1.9245 | loss_i0_polarity: 2.9932 | loss_wuxing_diff: 0.0919 | rule: 74.5841 | group: 1.1082 | tree: 2.1534 | band: 0.0703
✅ 模型已保存到 /home/cagalii/Application/ion_detect/output/trained_model_save/20251213b/trained_model_epoch_40.pth
📁 损失值已保存到 /home/cagalii/Application/ion_detect/output/trained_model_save/20251213b/training_loss_epoch_40.csv
[Pairs] Epoch 41/2000 | total: 1.1368 | voltage: 0.1844 | classify: 1.0997 | conc: 0.0002 | consistency: 0.2737 | consist_valid: 5.8868 | consist_dummy: 1.9811 | loss_i0_polarity: 2.9493 | loss_wuxing_diff: 0.0615 | rule: 50.0596 | group: 1.0973 | tree: 2.2150 | band: 0.0701
[Pairs] Epoch 42/2000 | total: 1.4146 | voltage: 0.1645 | classify: 1.3298 | conc: 0.0005 | consistency: 0.2756 | consist_valid: 6.0000 | consist_dummy: 1.8679 | loss_i0_polarity: 3.2966 | loss_wuxing_diff: 0.1121 | rule: 146.8688 | group: 1.1118 | tree: 2.2223 | band: 0.0737
[Pairs] Epoch 43/2000 | total: 1.0751 | voltage: 0.1489 | classify: 1.0322 | conc: 0.0004 | consistency: 0.2819 | consist_valid: 6.0189 | consist_dummy: 1.8491 | loss_i0_polarity: 3.0177 | loss_wuxing_diff: 0.0949 | rule: 65.1330 | group: 1.0543 | tree: 2.0772 | band: 0.0710
[Pairs] Epoch 44/2000 | total: 1.2174 | voltage: 0.1632 | classify: 1.1444 | conc: 0.0003 | consistency: 0.2511 | consist_valid: 6.3396 | consist_dummy: 1.5283 | loss_i0_polarity: 3.1182 | loss_wuxing_diff: 0.1058 | rule: 123.9871 | group: 1.0705 | tree: 2.0276 | band: 0.0742
[Pairs] Epoch 45/2000 | total: 1.0180 | voltage: 0.1518 | classify: 0.9728 | conc: 0.0003 | consistency: 0.2648 | consist_valid: 6.1509 | consist_dummy: 1.7170 | loss_i0_polarity: 3.0664 | loss_wuxing_diff: 0.0774 | rule: 69.8877 | group: 1.0751 | tree: 1.9430 | band: 0.0730
[Pairs] Epoch 46/2000 | total: 1.1016 | voltage: 0.1521 | classify: 1.0400 | conc: 0.0003 | consistency: 0.2652 | consist_valid: 6.0000 | consist_dummy: 1.8679 | loss_i0_polarity: 2.9360 | loss_wuxing_diff: 0.0754 | rule: 102.4932 | group: 1.0503 | tree: 1.9215 | band: 0.0714
[Pairs] Epoch 47/2000 | total: 1.1878 | voltage: 0.1377 | classify: 1.1210 | conc: 0.0003 | consistency: 0.2658 | consist_valid: 6.2830 | consist_dummy: 1.6038 | loss_i0_polarity: 3.0326 | loss_wuxing_diff: 0.1270 | rule: 114.1694 | group: 1.0992 | tree: 2.1268 | band: 0.0720
[Pairs] Epoch 48/2000 | total: 1.0433 | voltage: 0.1354 | classify: 0.9985 | conc: 0.0002 | consistency: 0.2712 | consist_valid: 5.9811 | consist_dummy: 1.8868 | loss_i0_polarity: 2.8381 | loss_wuxing_diff: 0.1078 | rule: 70.8194 | group: 0.9991 | tree: 1.9226 | band: 0.0699
[Pairs] Epoch 49/2000 | total: 0.9660 | voltage: 0.1379 | classify: 0.9203 | conc: 0.0003 | consistency: 0.2552 | consist_valid: 6.1132 | consist_dummy: 1.7736 | loss_i0_polarity: 2.8911 | loss_wuxing_diff: 0.0899 | rule: 72.3584 | group: 1.0900 | tree: 1.8764 | band: 0.0733
[Pairs] Epoch 50/2000 | total: 1.0444 | voltage: 0.1270 | classify: 1.0044 | conc: 0.0002 | consistency: 0.2546 | consist_valid: 6.1132 | consist_dummy: 1.7547 | loss_i0_polarity: 2.8325 | loss_wuxing_diff: 0.0758 | rule: 62.5183 | group: 0.9892 | tree: 1.6698 | band: 0.0712
✅ 模型已保存到 /home/cagalii/Application/ion_detect/output/trained_model_save/20251213b/trained_model_epoch_50.pth
📁 损失值已保存到 /home/cagalii/Application/ion_detect/output/trained_model_save/20251213b/training_loss_epoch_50.csv
[Pairs] Epoch 51/2000 | total: 1.0876 | voltage: 0.1334 | classify: 1.0453 | conc: 0.0003 | consistency: 0.2646 | consist_valid: 6.2075 | consist_dummy: 1.6604 | loss_i0_polarity: 2.8748 | loss_wuxing_diff: 0.0682 | rule: 66.2630 | group: 0.9151 | tree: 1.6236 | band: 0.0718
[Pairs] Epoch 52/2000 | total: 1.0130 | voltage: 0.1217 | classify: 0.9565 | conc: 0.0002 | consistency: 0.2672 | consist_valid: 5.8491 | consist_dummy: 2.0377 | loss_i0_polarity: 2.9282 | loss_wuxing_diff: 0.1389 | rule: 95.7197 | group: 0.9850 | tree: 1.7372 | band: 0.0731
[Pairs] Epoch 53/2000 | total: 0.9729 | voltage: 0.1146 | classify: 0.9389 | conc: 0.0002 | consistency: 0.2642 | consist_valid: 5.8868 | consist_dummy: 1.9811 | loss_i0_polarity: 2.8301 | loss_wuxing_diff: 0.1136 | rule: 51.5567 | group: 1.0580 | tree: 1.6874 | band: 0.0725
[Pairs] Epoch 54/2000 | total: 0.9369 | voltage: 0.1113 | classify: 0.9006 | conc: 0.0003 | consistency: 0.2783 | consist_valid: 5.9623 | consist_dummy: 1.9057 | loss_i0_polarity: 2.8864 | loss_wuxing_diff: 0.0812 | rule: 56.6984 | group: 0.8853 | tree: 1.6337 | band: 0.0735
[Pairs] Epoch 55/2000 | total: 1.0437 | voltage: 0.1042 | classify: 1.0058 | conc: 0.0002 | consistency: 0.2489 | consist_valid: 5.9057 | consist_dummy: 1.9623 | loss_i0_polarity: 2.8040 | loss_wuxing_diff: 0.0722 | rule: 60.6718 | group: 0.9529 | tree: 1.6262 | band: 0.0744
[Pairs] Epoch 56/2000 | total: 0.9969 | voltage: 0.0986 | classify: 0.9618 | conc: 0.0003 | consistency: 0.2990 | consist_valid: 6.3019 | consist_dummy: 1.5660 | loss_i0_polarity: 2.9232 | loss_wuxing_diff: 0.1315 | rule: 55.0233 | group: 0.9916 | tree: 1.7861 | band: 0.0718
[Pairs] Epoch 57/2000 | total: 0.8502 | voltage: 0.0995 | classify: 0.8200 | conc: 0.0002 | consistency: 0.2650 | consist_valid: 6.2264 | consist_dummy: 1.6415 | loss_i0_polarity: 2.7374 | loss_wuxing_diff: 0.1038 | rule: 45.6650 | group: 0.9745 | tree: 1.6095 | band: 0.0733
[Pairs] Epoch 58/2000 | total: 0.8658 | voltage: 0.0938 | classify: 0.8428 | conc: 0.0001 | consistency: 0.2467 | consist_valid: 6.0000 | consist_dummy: 1.8868 | loss_i0_polarity: 2.6295 | loss_wuxing_diff: 0.0640 | rule: 32.2347 | group: 0.8639 | tree: 1.4890 | band: 0.0685
[Pairs] Epoch 59/2000 | total: 0.8685 | voltage: 0.0863 | classify: 0.8269 | conc: 0.0002 | consistency: 0.2683 | consist_valid: 6.0755 | consist_dummy: 1.7925 | loss_i0_polarity: 2.8333 | loss_wuxing_diff: 0.0923 | rule: 69.8079 | group: 0.9913 | tree: 1.5425 | band: 0.0725
[Pairs] Epoch 60/2000 | total: 0.8784 | voltage: 0.0909 | classify: 0.8416 | conc: 0.0003 | consistency: 0.2586 | consist_valid: 5.9811 | consist_dummy: 1.9057 | loss_i0_polarity: 2.7077 | loss_wuxing_diff: 0.1348 | rule: 59.7774 | group: 0.9061 | tree: 1.5526 | band: 0.0731
✅ 模型已保存到 /home/cagalii/Application/ion_detect/output/trained_model_save/20251213b/trained_model_epoch_60.pth
📁 损失值已保存到 /home/cagalii/Application/ion_detect/output/trained_model_save/20251213b/training_loss_epoch_60.csv
[Pairs] Epoch 61/2000 | total: 1.0694 | voltage: 0.0768 | classify: 1.0319 | conc: 0.0002 | consistency: 0.2511 | consist_valid: 6.1509 | consist_dummy: 1.7170 | loss_i0_polarity: 2.6353 | loss_wuxing_diff: 0.0745 | rule: 62.7417 | group: 0.8999 | tree: 1.6475 | band: 0.0740
[Pairs] Epoch 62/2000 | total: 0.9004 | voltage: 0.0849 | classify: 0.8769 | conc: 0.0002 | consistency: 0.2693 | consist_valid: 6.2453 | consist_dummy: 1.6226 | loss_i0_polarity: 2.7238 | loss_wuxing_diff: 0.1360 | rule: 33.8124 | group: 0.8517 | tree: 1.5367 | band: 0.0715
[Pairs] Epoch 63/2000 | total: 0.9060 | voltage: 0.0720 | classify: 0.8749 | conc: 0.0002 | consistency: 0.2773 | consist_valid: 6.6415 | consist_dummy: 1.2264 | loss_i0_polarity: 2.6831 | loss_wuxing_diff: 0.1421 | rule: 50.1443 | group: 0.9870 | tree: 1.6498 | band: 0.0748
[Pairs] Epoch 64/2000 | total: 0.7827 | voltage: 0.0805 | classify: 0.7321 | conc: 0.0002 | consistency: 0.2827 | consist_valid: 6.0377 | consist_dummy: 1.8491 | loss_i0_polarity: 2.6422 | loss_wuxing_diff: 0.1799 | rule: 88.6030 | group: 0.8306 | tree: 1.4245 | band: 0.0736
[Pairs] Epoch 65/2000 | total: 0.8071 | voltage: 0.0824 | classify: 0.7818 | conc: 0.0002 | consistency: 0.2483 | consist_valid: 5.9811 | consist_dummy: 1.9057 | loss_i0_polarity: 2.5606 | loss_wuxing_diff: 0.0918 | rule: 37.6173 | group: 0.8391 | tree: 1.6305 | band: 0.0728
[Pairs] Epoch 66/2000 | total: 0.7791 | voltage: 0.0722 | classify: 0.7624 | conc: 0.0002 | consistency: 0.2524 | consist_valid: 6.1698 | consist_dummy: 1.6981 | loss_i0_polarity: 2.4807 | loss_wuxing_diff: 0.0815 | rule: 22.0669 | group: 0.8218 | tree: 1.4103 | band: 0.0695
[Pairs] Epoch 67/2000 | total: 0.8667 | voltage: 0.0670 | classify: 0.8306 | conc: 0.0002 | consistency: 0.2506 | consist_valid: 5.6415 | consist_dummy: 2.2264 | loss_i0_polarity: 2.5521 | loss_wuxing_diff: 0.1210 | rule: 61.4638 | group: 0.7812 | tree: 1.2760 | band: 0.0696
[Pairs] Epoch 68/2000 | total: 0.8535 | voltage: 0.0718 | classify: 0.8294 | conc: 0.0002 | consistency: 0.2558 | consist_valid: 6.0000 | consist_dummy: 1.8868 | loss_i0_polarity: 2.5550 | loss_wuxing_diff: 0.1343 | rule: 36.3445 | group: 0.9153 | tree: 1.6297 | band: 0.0709
[Pairs] Epoch 69/2000 | total: 0.7610 | voltage: 0.0678 | classify: 0.7288 | conc: 0.0003 | consistency: 0.2928 | consist_valid: 5.9811 | consist_dummy: 1.8868 | loss_i0_polarity: 2.5884 | loss_wuxing_diff: 0.1710 | rule: 52.9374 | group: 0.8746 | tree: 1.4610 | band: 0.0754
[Pairs] Epoch 70/2000 | total: 0.9042 | voltage: 0.0608 | classify: 0.8695 | conc: 0.0002 | consistency: 0.2494 | consist_valid: 6.2075 | consist_dummy: 1.6604 | loss_i0_polarity: 2.6021 | loss_wuxing_diff: 0.1459 | rule: 58.8858 | group: 0.7643 | tree: 1.4161 | band: 0.0675
✅ 模型已保存到 /home/cagalii/Application/ion_detect/output/trained_model_save/20251213b/trained_model_epoch_70.pth
📁 损失值已保存到 /home/cagalii/Application/ion_detect/output/trained_model_save/20251213b/training_loss_epoch_70.csv
[Pairs] Epoch 71/2000 | total: 0.9736 | voltage: 0.0633 | classify: 0.9245 | conc: 0.0003 | consistency: 0.2835 | consist_valid: 6.3019 | consist_dummy: 1.5849 | loss_i0_polarity: 2.7509 | loss_wuxing_diff: 0.1833 | rule: 87.1905 | group: 0.8199 | tree: 1.4826 | band: 0.0749
[Pairs] Epoch 72/2000 | total: 0.8815 | voltage: 0.0585 | classify: 0.8365 | conc: 0.0002 | consistency: 0.2722 | consist_valid: 6.1887 | consist_dummy: 1.6792 | loss_i0_polarity: 2.5722 | loss_wuxing_diff: 0.1964 | rule: 79.6048 | group: 0.8253 | tree: 1.4671 | band: 0.0735
[Pairs] Epoch 73/2000 | total: 0.8490 | voltage: 0.0602 | classify: 0.8114 | conc: 0.0001 | consistency: 0.2469 | consist_valid: 5.9623 | consist_dummy: 1.9057 | loss_i0_polarity: 2.5327 | loss_wuxing_diff: 0.1035 | rule: 65.0674 | group: 0.8347 | tree: 1.3174 | band: 0.0717
[Pairs] Epoch 74/2000 | total: 0.7975 | voltage: 0.0595 | classify: 0.7480 | conc: 0.0003 | consistency: 0.2942 | consist_valid: 6.2075 | consist_dummy: 1.6604 | loss_i0_polarity: 2.5373 | loss_wuxing_diff: 0.2173 | rule: 88.5196 | group: 0.7776 | tree: 1.4580 | band: 0.0717
[Pairs] Epoch 75/2000 | total: 0.8066 | voltage: 0.0543 | classify: 0.7748 | conc: 0.0002 | consistency: 0.2618 | consist_valid: 6.0000 | consist_dummy: 1.8679 | loss_i0_polarity: 2.3779 | loss_wuxing_diff: 0.1509 | rule: 53.8187 | group: 0.7775 | tree: 1.4724 | band: 0.0699
[Pairs] Epoch 76/2000 | total: 0.7698 | voltage: 0.0590 | classify: 0.7343 | conc: 0.0002 | consistency: 0.2718 | consist_valid: 6.3962 | consist_dummy: 1.4717 | loss_i0_polarity: 2.3779 | loss_wuxing_diff: 0.1715 | rule: 60.7909 | group: 0.8154 | tree: 1.3665 | band: 0.0724
[Pairs] Epoch 77/2000 | total: 0.8609 | voltage: 0.0551 | classify: 0.8191 | conc: 0.0002 | consistency: 0.2864 | consist_valid: 5.9245 | consist_dummy: 1.9434 | loss_i0_polarity: 2.4358 | loss_wuxing_diff: 0.1986 | rule: 73.9905 | group: 0.7580 | tree: 1.3130 | band: 0.0746
[Pairs] Epoch 78/2000 | total: 0.7228 | voltage: 0.0568 | classify: 0.6987 | conc: 0.0003 | consistency: 0.2627 | consist_valid: 5.9623 | consist_dummy: 1.9057 | loss_i0_polarity: 2.4041 | loss_wuxing_diff: 0.1503 | rule: 38.1202 | group: 0.7317 | tree: 1.4525 | band: 0.0732
[Pairs] Epoch 79/2000 | total: 0.8625 | voltage: 0.0514 | classify: 0.8272 | conc: 0.0002 | consistency: 0.2513 | consist_valid: 6.0943 | consist_dummy: 1.7736 | loss_i0_polarity: 2.4734 | loss_wuxing_diff: 0.1211 | rule: 61.3852 | group: 0.7218 | tree: 1.3937 | band: 0.0721
[Pairs] Epoch 80/2000 | total: 1.3004 | voltage: 0.0610 | classify: 1.2590 | conc: 0.0002 | consistency: 0.2452 | consist_valid: 6.2453 | consist_dummy: 1.6415 | loss_i0_polarity: 2.2644 | loss_wuxing_diff: 0.1016 | rule: 72.1826 | group: 0.8326 | tree: 1.6747 | band: 0.0677
✅ 模型已保存到 /home/cagalii/Application/ion_detect/output/trained_model_save/20251213b/trained_model_epoch_80.pth
📁 损失值已保存到 /home/cagalii/Application/ion_detect/output/trained_model_save/20251213b/training_loss_epoch_80.csv
[Pairs] Epoch 81/2000 | total: 1.1639 | voltage: 0.0642 | classify: 1.1223 | conc: 0.0003 | consistency: 0.3052 | consist_valid: 5.9245 | consist_dummy: 1.9434 | loss_i0_polarity: 2.3098 | loss_wuxing_diff: 0.1037 | rule: 72.0809 | group: 0.8511 | tree: 1.5624 | band: 0.0752
[Pairs] Epoch 82/2000 | total: 0.9494 | voltage: 0.0527 | classify: 0.9134 | conc: 0.0002 | consistency: 0.3398 | consist_valid: 6.3962 | consist_dummy: 1.4717 | loss_i0_polarity: 2.1093 | loss_wuxing_diff: 0.1666 | rule: 62.4940 | group: 0.6915 | tree: 1.3762 | band: 0.0772
[Pairs] Epoch 83/2000 | total: 0.8982 | voltage: 0.0448 | classify: 0.8750 | conc: 0.0002 | consistency: 0.3275 | consist_valid: 6.1887 | consist_dummy: 1.6792 | loss_i0_polarity: 2.0344 | loss_wuxing_diff: 0.1705 | rule: 37.6756 | group: 0.7087 | tree: 1.5177 | band: 0.0768
[Pairs] Epoch 84/2000 | total: 1.0120 | voltage: 0.0387 | classify: 0.9708 | conc: 0.0002 | consistency: 0.3284 | consist_valid: 6.1509 | consist_dummy: 1.7170 | loss_i0_polarity: 2.0257 | loss_wuxing_diff: 0.1453 | rule: 74.1259 | group: 0.7680 | tree: 1.4872 | band: 0.0820
[Pairs] Epoch 85/2000 | total: 0.8249 | voltage: 0.0415 | classify: 0.7867 | conc: 0.0002 | consistency: 0.3330 | consist_valid: 6.0566 | consist_dummy: 1.8113 | loss_i0_polarity: 2.0371 | loss_wuxing_diff: 0.1694 | rule: 68.4030 | group: 0.6371 | tree: 1.4077 | band: 0.0799
[Pairs] Epoch 86/2000 | total: 0.9442 | voltage: 0.0406 | classify: 0.9058 | conc: 0.0002 | consistency: 0.3172 | consist_valid: 6.0755 | consist_dummy: 1.7925 | loss_i0_polarity: 1.9221 | loss_wuxing_diff: 0.1123 | rule: 68.8176 | group: 0.6646 | tree: 1.3426 | band: 0.0821
[Pairs] Epoch 87/2000 | total: 1.0849 | voltage: 0.0405 | classify: 1.0342 | conc: 0.0003 | consistency: 0.3054 | consist_valid: 5.7547 | consist_dummy: 2.1132 | loss_i0_polarity: 1.8544 | loss_wuxing_diff: 0.1435 | rule: 93.1592 | group: 0.6730 | tree: 1.3822 | band: 0.0809
[Pairs] Epoch 88/2000 | total: 0.8404 | voltage: 0.0417 | classify: 0.8020 | conc: 0.0002 | consistency: 0.3490 | consist_valid: 6.2264 | consist_dummy: 1.6415 | loss_i0_polarity: 1.5409 | loss_wuxing_diff: 0.2166 | rule: 68.7454 | group: 0.6804 | tree: 1.4102 | band: 0.0814
[Pairs] Epoch 89/2000 | total: 0.8440 | voltage: 0.0437 | classify: 0.7877 | conc: 0.0003 | consistency: 0.3252 | consist_valid: 5.7925 | consist_dummy: 2.0755 | loss_i0_polarity: 1.6261 | loss_wuxing_diff: 0.1575 | rule: 103.9709 | group: 0.6373 | tree: 1.4518 | band: 0.0821
[Pairs] Epoch 90/2000 | total: 0.8375 | voltage: 0.0387 | classify: 0.8017 | conc: 0.0002 | consistency: 0.3134 | consist_valid: 6.3396 | consist_dummy: 1.5283 | loss_i0_polarity: 1.6526 | loss_wuxing_diff: 0.1856 | rule: 64.0308 | group: 0.6515 | tree: 1.1659 | band: 0.0851
✅ 模型已保存到 /home/cagalii/Application/ion_detect/output/trained_model_save/20251213b/trained_model_epoch_90.pth
📁 损失值已保存到 /home/cagalii/Application/ion_detect/output/trained_model_save/20251213b/training_loss_epoch_90.csv
[Pairs] Epoch 91/2000 | total: 0.8238 | voltage: 0.0333 | classify: 0.7951 | conc: 0.0002 | consistency: 0.2879 | consist_valid: 6.0755 | consist_dummy: 1.7925 | loss_i0_polarity: 1.6220 | loss_wuxing_diff: 0.0942 | rule: 50.6274 | group: 0.6622 | tree: 1.0084 | band: 0.0800
[Pairs] Epoch 92/2000 | total: 0.7933 | voltage: 0.0370 | classify: 0.7519 | conc: 0.0002 | consistency: 0.3241 | consist_valid: 5.7736 | consist_dummy: 2.1132 | loss_i0_polarity: 1.6386 | loss_wuxing_diff: 0.1759 | rule: 75.4902 | group: 0.5900 | tree: 1.1770 | band: 0.0816
[Pairs] Epoch 93/2000 | total: 0.8519 | voltage: 0.0409 | classify: 0.8263 | conc: 0.0002 | consistency: 0.3074 | consist_valid: 6.0755 | consist_dummy: 1.7925 | loss_i0_polarity: 1.6188 | loss_wuxing_diff: 0.1646 | rule: 43.2429 | group: 0.6703 | tree: 1.2417 | band: 0.0810
[Pairs] Epoch 94/2000 | total: 0.7997 | voltage: 0.0396 | classify: 0.7798 | conc: 0.0003 | consistency: 0.2961 | consist_valid: 6.1509 | consist_dummy: 1.7358 | loss_i0_polarity: 1.3999 | loss_wuxing_diff: 0.1341 | rule: 32.0313 | group: 0.6169 | tree: 1.1744 | band: 0.0815
[Pairs] Epoch 95/2000 | total: 0.8099 | voltage: 0.0429 | classify: 0.7720 | conc: 0.0002 | consistency: 0.3295 | consist_valid: 6.2830 | consist_dummy: 1.5849 | loss_i0_polarity: 1.4798 | loss_wuxing_diff: 0.1763 | rule: 67.8443 | group: 0.5838 | tree: 1.2842 | band: 0.0832
[Pairs] Epoch 96/2000 | total: 0.7746 | voltage: 0.0371 | classify: 0.7389 | conc: 0.0002 | consistency: 0.2770 | consist_valid: 6.1321 | consist_dummy: 1.7358 | loss_i0_polarity: 1.3170 | loss_wuxing_diff: 0.1626 | rule: 64.2259 | group: 0.5852 | tree: 1.2551 | band: 0.0816
[Pairs] Epoch 97/2000 | total: 0.8307 | voltage: 0.0358 | classify: 0.7976 | conc: 0.0002 | consistency: 0.3073 | consist_valid: 6.1509 | consist_dummy: 1.7358 | loss_i0_polarity: 1.4483 | loss_wuxing_diff: 0.1486 | rule: 59.1102 | group: 0.5800 | tree: 1.1608 | band: 0.0864
[Pairs] Epoch 98/2000 | total: 0.7001 | voltage: 0.0392 | classify: 0.6723 | conc: 0.0003 | consistency: 0.3259 | consist_valid: 6.0755 | consist_dummy: 1.7925 | loss_i0_polarity: 1.2943 | loss_wuxing_diff: 0.1295 | rule: 47.9917 | group: 0.6044 | tree: 1.3251 | band: 0.0839
[Pairs] Epoch 99/2000 | total: 0.8412 | voltage: 0.0385 | classify: 0.8056 | conc: 0.0002 | consistency: 0.3069 | consist_valid: 6.1509 | consist_dummy: 1.7170 | loss_i0_polarity: 1.3728 | loss_wuxing_diff: 0.1255 | rule: 63.8550 | group: 0.5968 | tree: 1.1572 | band: 0.0854
[Pairs] Epoch 100/2000 | total: 0.8431 | voltage: 0.0402 | classify: 0.8175 | conc: 0.0002 | consistency: 0.3043 | consist_valid: 6.1887 | consist_dummy: 1.6981 | loss_i0_polarity: 1.3746 | loss_wuxing_diff: 0.1421 | rule: 43.6215 | group: 0.6565 | tree: 1.1954 | band: 0.0866
✅ 模型已保存到 /home/cagalii/Application/ion_detect/output/trained_model_save/20251213b/trained_model_epoch_100.pth
📁 损失值已保存到 /home/cagalii/Application/ion_detect/output/trained_model_save/20251213b/training_loss_epoch_100.csv
[Pairs] Epoch 101/2000 | total: 0.8632 | voltage: 0.0325 | classify: 0.8353 | conc: 0.0002 | consistency: 0.3078 | consist_valid: 6.0189 | consist_dummy: 1.8491 | loss_i0_polarity: 1.2325 | loss_wuxing_diff: 0.1686 | rule: 49.1195 | group: 0.5522 | tree: 1.2314 | band: 0.0829
[Pairs] Epoch 102/2000 | total: 0.9070 | voltage: 0.0369 | classify: 0.8695 | conc: 0.0002 | consistency: 0.3022 | consist_valid: 5.9434 | consist_dummy: 1.9245 | loss_i0_polarity: 1.4939 | loss_wuxing_diff: 0.1991 | rule: 67.4723 | group: 0.6284 | tree: 1.2001 | band: 0.0879
[Pairs] Epoch 103/2000 | total: 0.7146 | voltage: 0.0383 | classify: 0.6766 | conc: 0.0002 | consistency: 0.3185 | consist_valid: 5.9245 | consist_dummy: 1.9623 | loss_i0_polarity: 1.3303 | loss_wuxing_diff: 0.1676 | rule: 68.3388 | group: 0.5970 | tree: 1.2909 | band: 0.0905
[Pairs] Epoch 104/2000 | total: 0.7847 | voltage: 0.0346 | classify: 0.7466 | conc: 0.0002 | consistency: 0.3061 | consist_valid: 5.9623 | consist_dummy: 1.9057 | loss_i0_polarity: 1.2539 | loss_wuxing_diff: 0.1544 | rule: 69.2733 | group: 0.5841 | tree: 1.2443 | band: 0.0908
[Pairs] Epoch 105/2000 | total: 0.7890 | voltage: 0.0383 | classify: 0.7430 | conc: 0.0003 | consistency: 0.3606 | consist_valid: 5.9623 | consist_dummy: 1.9057 | loss_i0_polarity: 1.2036 | loss_wuxing_diff: 0.1643 | rule: 84.4358 | group: 0.5703 | tree: 1.2976 | band: 0.0919
[Pairs] Epoch 106/2000 | total: 0.7624 | voltage: 0.0321 | classify: 0.7208 | conc: 0.0002 | consistency: 0.3090 | consist_valid: 6.0000 | consist_dummy: 1.8679 | loss_i0_polarity: 1.1603 | loss_wuxing_diff: 0.1152 | rule: 76.5003 | group: 0.6218 | tree: 1.2510 | band: 0.0920
[Pairs] Epoch 107/2000 | total: 0.7945 | voltage: 0.0412 | classify: 0.7566 | conc: 0.0002 | consistency: 0.3390 | consist_valid: 5.9811 | consist_dummy: 1.8868 | loss_i0_polarity: 1.1525 | loss_wuxing_diff: 0.1580 | rule: 67.8811 | group: 0.6290 | tree: 1.2584 | band: 0.0928
[Pairs] Epoch 108/2000 | total: 0.7850 | voltage: 0.0393 | classify: 0.7464 | conc: 0.0002 | consistency: 0.3182 | consist_valid: 6.1698 | consist_dummy: 1.6981 | loss_i0_polarity: 1.2750 | loss_wuxing_diff: 0.1622 | rule: 69.4616 | group: 0.6194 | tree: 1.3820 | band: 0.0945
[Pairs] Epoch 109/2000 | total: 0.6992 | voltage: 0.0339 | classify: 0.6717 | conc: 0.0002 | consistency: 0.2731 | consist_valid: 5.9245 | consist_dummy: 1.9623 | loss_i0_polarity: 1.0492 | loss_wuxing_diff: 0.1406 | rule: 48.1292 | group: 0.5820 | tree: 1.2928 | band: 0.0972
[Pairs] Epoch 110/2000 | total: 0.7566 | voltage: 0.0363 | classify: 0.7179 | conc: 0.0002 | consistency: 0.2974 | consist_valid: 6.0000 | consist_dummy: 1.8679 | loss_i0_polarity: 1.0335 | loss_wuxing_diff: 0.1638 | rule: 70.2677 | group: 0.6167 | tree: 1.1452 | band: 0.0994
✅ 模型已保存到 /home/cagalii/Application/ion_detect/output/trained_model_save/20251213b/trained_model_epoch_110.pth
📁 损失值已保存到 /home/cagalii/Application/ion_detect/output/trained_model_save/20251213b/training_loss_epoch_110.csv
[Pairs] Epoch 111/2000 | total: 0.7450 | voltage: 0.0337 | classify: 0.7213 | conc: 0.0002 | consistency: 0.3023 | consist_valid: 5.9057 | consist_dummy: 1.9623 | loss_i0_polarity: 1.1731 | loss_wuxing_diff: 0.1464 | rule: 40.3710 | group: 0.5716 | tree: 1.2022 | band: 0.0895
[Pairs] Epoch 112/2000 | total: 0.8102 | voltage: 0.0303 | classify: 0.7718 | conc: 0.0002 | consistency: 0.2351 | consist_valid: 6.2830 | consist_dummy: 1.6038 | loss_i0_polarity: 1.1812 | loss_wuxing_diff: 0.1469 | rule: 70.5486 | group: 0.5190 | tree: 1.2250 | band: 0.0907
[Pairs] Epoch 113/2000 | total: 0.7181 | voltage: 0.0314 | classify: 0.6906 | conc: 0.0002 | consistency: 0.2827 | consist_valid: 6.0189 | consist_dummy: 1.8679 | loss_i0_polarity: 1.1428 | loss_wuxing_diff: 0.1702 | rule: 48.4700 | group: 0.5579 | tree: 1.1383 | band: 0.1005
[Pairs] Epoch 114/2000 | total: 0.7127 | voltage: 0.0316 | classify: 0.6826 | conc: 0.0002 | consistency: 0.2744 | consist_valid: 6.1132 | consist_dummy: 1.7547 | loss_i0_polarity: 1.0747 | loss_wuxing_diff: 0.1239 | rule: 53.6932 | group: 0.4958 | tree: 1.1720 | band: 0.1016
[Pairs] Epoch 115/2000 | total: 0.7359 | voltage: 0.0301 | classify: 0.6982 | conc: 0.0002 | consistency: 0.2888 | consist_valid: 6.0377 | consist_dummy: 1.8302 | loss_i0_polarity: 1.0939 | loss_wuxing_diff: 0.1905 | rule: 68.6848 | group: 0.6065 | tree: 1.2039 | band: 0.1076
[Pairs] Epoch 116/2000 | total: 0.7794 | voltage: 0.0387 | classify: 0.7389 | conc: 0.0002 | consistency: 0.3235 | consist_valid: 6.3019 | consist_dummy: 1.5660 | loss_i0_polarity: 0.9574 | loss_wuxing_diff: 0.1588 | rule: 73.5843 | group: 0.5307 | tree: 1.2603 | band: 0.1025
[Pairs] Epoch 117/2000 | total: 0.6606 | voltage: 0.0378 | classify: 0.6371 | conc: 0.0002 | consistency: 0.3745 | consist_valid: 6.2075 | consist_dummy: 1.6604 | loss_i0_polarity: 0.8195 | loss_wuxing_diff: 0.2166 | rule: 39.7778 | group: 0.5920 | tree: 1.1102 | band: 0.1070
[Pairs] Epoch 118/2000 | total: 0.7554 | voltage: 0.0325 | classify: 0.7259 | conc: 0.0002 | consistency: 0.3047 | consist_valid: 5.8679 | consist_dummy: 2.0000 | loss_i0_polarity: 0.8057 | loss_wuxing_diff: 0.1508 | rule: 52.6233 | group: 0.5271 | tree: 1.1031 | band: 0.1077
[Pairs] Epoch 119/2000 | total: 1.2277 | voltage: 0.0288 | classify: 1.2037 | conc: 0.0002 | consistency: 0.2946 | consist_valid: 5.8491 | consist_dummy: 2.0377 | loss_i0_polarity: 0.5770 | loss_wuxing_diff: 0.1553 | rule: 41.8833 | group: 0.6405 | tree: 1.1668 | band: 0.0974
[Pairs] Epoch 120/2000 | total: 0.8674 | voltage: 0.0315 | classify: 0.8410 | conc: 0.0002 | consistency: 0.3201 | consist_valid: 5.8302 | consist_dummy: 2.0566 | loss_i0_polarity: 0.8395 | loss_wuxing_diff: 0.1848 | rule: 46.1856 | group: 0.5766 | tree: 1.1710 | band: 0.1044
✅ 模型已保存到 /home/cagalii/Application/ion_detect/output/trained_model_save/20251213b/trained_model_epoch_120.pth
📁 损失值已保存到 /home/cagalii/Application/ion_detect/output/trained_model_save/20251213b/training_loss_epoch_120.csv
[Pairs] Epoch 121/2000 | total: 0.7348 | voltage: 0.0285 | classify: 0.7032 | conc: 0.0002 | consistency: 0.3259 | consist_valid: 6.0755 | consist_dummy: 1.8113 | loss_i0_polarity: 0.9268 | loss_wuxing_diff: 0.1212 | rule: 57.1343 | group: 0.5136 | tree: 1.2116 | band: 0.1032
[Pairs] Epoch 122/2000 | total: 0.7183 | voltage: 0.0305 | classify: 0.6883 | conc: 0.0001 | consistency: 0.3643 | consist_valid: 5.8302 | consist_dummy: 2.0377 | loss_i0_polarity: 0.8483 | loss_wuxing_diff: 0.2280 | rule: 53.7626 | group: 0.4636 | tree: 1.1192 | band: 0.1079
[Pairs] Epoch 123/2000 | total: 0.6951 | voltage: 0.0271 | classify: 0.6756 | conc: 0.0002 | consistency: 0.2998 | consist_valid: 6.0943 | consist_dummy: 1.7736 | loss_i0_polarity: 0.7400 | loss_wuxing_diff: 0.1263 | rule: 33.3055 | group: 0.5200 | tree: 1.1366 | band: 0.1032
[Pairs] Epoch 124/2000 | total: 0.6912 | voltage: 0.0281 | classify: 0.6546 | conc: 0.0002 | consistency: 0.3241 | consist_valid: 6.0943 | consist_dummy: 1.7736 | loss_i0_polarity: 0.6570 | loss_wuxing_diff: 0.1577 | rule: 67.2939 | group: 0.5112 | tree: 1.1039 | band: 0.1061
[Pairs] Epoch 125/2000 | total: 0.7068 | voltage: 0.0315 | classify: 0.6824 | conc: 0.0002 | consistency: 0.2996 | consist_valid: 6.1698 | consist_dummy: 1.6981 | loss_i0_polarity: 0.6234 | loss_wuxing_diff: 0.1602 | rule: 42.4449 | group: 0.4861 | tree: 1.1262 | band: 0.1053
[Pairs] Epoch 126/2000 | total: 0.7797 | voltage: 0.0274 | classify: 0.7408 | conc: 0.0002 | consistency: 0.3193 | consist_valid: 6.0755 | consist_dummy: 1.7925 | loss_i0_polarity: 0.6046 | loss_wuxing_diff: 0.1662 | rule: 71.7375 | group: 0.6202 | tree: 1.1424 | band: 0.1100
[Pairs] Epoch 127/2000 | total: 0.7383 | voltage: 0.0325 | classify: 0.7131 | conc: 0.0002 | consistency: 0.2891 | consist_valid: 6.0189 | consist_dummy: 1.8491 | loss_i0_polarity: 0.7746 | loss_wuxing_diff: 0.1077 | rule: 43.9286 | group: 0.5323 | tree: 1.1981 | band: 0.1042
[Pairs] Epoch 128/2000 | total: 0.7083 | voltage: 0.0245 | classify: 0.6697 | conc: 0.0002 | consistency: 0.3103 | consist_valid: 6.0566 | consist_dummy: 1.8113 | loss_i0_polarity: 0.6158 | loss_wuxing_diff: 0.1895 | rule: 71.5270 | group: 0.5715 | tree: 1.0615 | band: 0.1058
[Pairs] Epoch 129/2000 | total: 0.7082 | voltage: 0.0314 | classify: 0.6759 | conc: 0.0002 | consistency: 0.3069 | consist_valid: 5.9434 | consist_dummy: 1.9245 | loss_i0_polarity: 0.5219 | loss_wuxing_diff: 0.1314 | rule: 58.2812 | group: 0.5135 | tree: 1.1421 | band: 0.1091
[Pairs] Epoch 130/2000 | total: 0.7556 | voltage: 0.0284 | classify: 0.7134 | conc: 0.0001 | consistency: 0.3007 | consist_valid: 6.0755 | consist_dummy: 1.7925 | loss_i0_polarity: 0.4177 | loss_wuxing_diff: 0.1742 | rule: 78.8462 | group: 0.4592 | tree: 1.0809 | band: 0.1064
✅ 模型已保存到 /home/cagalii/Application/ion_detect/output/trained_model_save/20251213b/trained_model_epoch_130.pth
📁 损失值已保存到 /home/cagalii/Application/ion_detect/output/trained_model_save/20251213b/training_loss_epoch_130.csv
[Pairs] Epoch 131/2000 | total: 0.6888 | voltage: 0.0290 | classify: 0.6656 | conc: 0.0002 | consistency: 0.2971 | consist_valid: 6.1887 | consist_dummy: 1.6981 | loss_i0_polarity: 0.4573 | loss_wuxing_diff: 0.1348 | rule: 40.5552 | group: 0.5100 | tree: 0.9722 | band: 0.1062
[Pairs] Epoch 132/2000 | total: 0.6505 | voltage: 0.0264 | classify: 0.6277 | conc: 0.0002 | consistency: 0.3046 | consist_valid: 6.2830 | consist_dummy: 1.5849 | loss_i0_polarity: 0.4207 | loss_wuxing_diff: 0.1540 | rule: 39.9770 | group: 0.5073 | tree: 1.1669 | band: 0.1102
[Pairs] Epoch 133/2000 | total: 0.6511 | voltage: 0.0297 | classify: 0.6218 | conc: 0.0002 | consistency: 0.3285 | consist_valid: 6.0189 | consist_dummy: 1.8491 | loss_i0_polarity: 0.4223 | loss_wuxing_diff: 0.1400 | rule: 52.6692 | group: 0.5535 | tree: 1.0603 | band: 0.1121
[Pairs] Epoch 134/2000 | total: 0.7208 | voltage: 0.0298 | classify: 0.6994 | conc: 0.0002 | consistency: 0.2878 | consist_valid: 6.0377 | consist_dummy: 1.8302 | loss_i0_polarity: 0.3690 | loss_wuxing_diff: 0.1583 | rule: 36.8533 | group: 0.5338 | tree: 1.1131 | band: 0.1099
[Pairs] Epoch 135/2000 | total: 0.7136 | voltage: 0.0349 | classify: 0.6815 | conc: 0.0002 | consistency: 0.3270 | consist_valid: 5.8679 | consist_dummy: 2.0000 | loss_i0_polarity: 0.3982 | loss_wuxing_diff: 0.1959 | rule: 57.4981 | group: 0.5188 | tree: 1.1464 | band: 0.1116
[Pairs] Epoch 136/2000 | total: 0.6889 | voltage: 0.0282 | classify: 0.6631 | conc: 0.0002 | consistency: 0.2919 | consist_valid: 6.0377 | consist_dummy: 1.8302 | loss_i0_polarity: 0.4386 | loss_wuxing_diff: 0.1363 | rule: 45.5728 | group: 0.5150 | tree: 1.0707 | band: 0.1108
[Pairs] Epoch 137/2000 | total: 0.6565 | voltage: 0.0333 | classify: 0.6248 | conc: 0.0002 | consistency: 0.2661 | consist_valid: 6.2075 | consist_dummy: 1.6604 | loss_i0_polarity: 0.3342 | loss_wuxing_diff: 0.1177 | rule: 57.2744 | group: 0.4930 | tree: 1.1578 | band: 0.1125
[Pairs] Epoch 138/2000 | total: 0.7851 | voltage: 0.0295 | classify: 0.7495 | conc: 0.0002 | consistency: 0.2719 | consist_valid: 6.3019 | consist_dummy: 1.5660 | loss_i0_polarity: 0.2928 | loss_wuxing_diff: 0.0882 | rule: 65.1958 | group: 0.5513 | tree: 1.0405 | band: 0.1207
[Pairs] Epoch 139/2000 | total: 0.7897 | voltage: 0.0303 | classify: 0.7508 | conc: 0.0001 | consistency: 0.2833 | consist_valid: 6.0189 | consist_dummy: 1.8491 | loss_i0_polarity: 0.3415 | loss_wuxing_diff: 0.1051 | rule: 71.7368 | group: 0.5533 | tree: 1.0960 | band: 0.1121
[Pairs] Epoch 140/2000 | total: 0.7070 | voltage: 0.0262 | classify: 0.6881 | conc: 0.0002 | consistency: 0.2974 | consist_valid: 6.0000 | consist_dummy: 1.8679 | loss_i0_polarity: 0.3752 | loss_wuxing_diff: 0.1514 | rule: 32.0194 | group: 0.5124 | tree: 1.1561 | band: 0.1146
✅ 模型已保存到 /home/cagalii/Application/ion_detect/output/trained_model_save/20251213b/trained_model_epoch_140.pth
📁 损失值已保存到 /home/cagalii/Application/ion_detect/output/trained_model_save/20251213b/training_loss_epoch_140.csv
[Pairs] Epoch 141/2000 | total: 0.6964 | voltage: 0.0270 | classify: 0.6564 | conc: 0.0002 | consistency: 0.3134 | consist_valid: 5.9245 | consist_dummy: 1.9434 | loss_i0_polarity: 0.2259 | loss_wuxing_diff: 0.1313 | rule: 74.2976 | group: 0.5408 | tree: 1.0419 | band: 0.1165
[Pairs] Epoch 142/2000 | total: 0.6694 | voltage: 0.0339 | classify: 0.6339 | conc: 0.0002 | consistency: 0.3065 | consist_valid: 5.8868 | consist_dummy: 2.0000 | loss_i0_polarity: 0.1379 | loss_wuxing_diff: 0.1405 | rule: 64.5650 | group: 0.5331 | tree: 1.1305 | band: 0.1211
[Pairs] Epoch 143/2000 | total: 0.6735 | voltage: 0.0337 | classify: 0.6450 | conc: 0.0002 | consistency: 0.2903 | consist_valid: 6.0377 | consist_dummy: 1.8302 | loss_i0_polarity: 0.1295 | loss_wuxing_diff: 0.1371 | rule: 50.8873 | group: 0.4801 | tree: 1.0835 | band: 0.1199
[Pairs] Epoch 144/2000 | total: 0.7450 | voltage: 0.0267 | classify: 0.7121 | conc: 0.0002 | consistency: 0.2910 | consist_valid: 6.0755 | consist_dummy: 1.7925 | loss_i0_polarity: 0.1358 | loss_wuxing_diff: 0.1557 | rule: 60.0098 | group: 0.5960 | tree: 1.0806 | band: 0.1201
[Pairs] Epoch 145/2000 | total: 0.7122 | voltage: 0.0247 | classify: 0.6699 | conc: 0.0002 | consistency: 0.2646 | consist_valid: 6.1132 | consist_dummy: 1.7547 | loss_i0_polarity: 0.1847 | loss_wuxing_diff: 0.1280 | rule: 79.1362 | group: 0.5095 | tree: 1.1249 | band: 0.1174
[Pairs] Epoch 146/2000 | total: 0.6309 | voltage: 0.0273 | classify: 0.6060 | conc: 0.0002 | consistency: 0.2663 | consist_valid: 5.9057 | consist_dummy: 1.9623 | loss_i0_polarity: 0.1909 | loss_wuxing_diff: 0.1106 | rule: 43.9540 | group: 0.5245 | tree: 1.1919 | band: 0.1182
[Pairs] Epoch 147/2000 | total: 0.6180 | voltage: 0.0294 | classify: 0.5994 | conc: 0.0002 | consistency: 0.2624 | consist_valid: 5.9057 | consist_dummy: 1.9623 | loss_i0_polarity: 0.1278 | loss_wuxing_diff: 0.0755 | rule: 31.5650 | group: 0.4953 | tree: 0.9775 | band: 0.1180
[Pairs] Epoch 148/2000 | total: 0.6142 | voltage: 0.0303 | classify: 0.5823 | conc: 0.0002 | consistency: 0.2778 | consist_valid: 5.6038 | consist_dummy: 2.2642 | loss_i0_polarity: 0.0774 | loss_wuxing_diff: 0.1372 | rule: 57.8997 | group: 0.4808 | tree: 1.0840 | band: 0.1192
[Pairs] Epoch 149/2000 | total: 0.6652 | voltage: 0.0296 | classify: 0.6330 | conc: 0.0002 | consistency: 0.2937 | consist_valid: 6.1321 | consist_dummy: 1.7547 | loss_i0_polarity: 0.0568 | loss_wuxing_diff: 0.1211 | rule: 58.2884 | group: 0.5605 | tree: 1.1960 | band: 0.1241
[Pairs] Epoch 150/2000 | total: 0.6514 | voltage: 0.0283 | classify: 0.6221 | conc: 0.0002 | consistency: 0.2947 | consist_valid: 6.2264 | consist_dummy: 1.6415 | loss_i0_polarity: 0.0879 | loss_wuxing_diff: 0.1275 | rule: 52.8307 | group: 0.5101 | tree: 1.0516 | band: 0.1180
✅ 模型已保存到 /home/cagalii/Application/ion_detect/output/trained_model_save/20251213b/trained_model_epoch_150.pth
📁 损失值已保存到 /home/cagalii/Application/ion_detect/output/trained_model_save/20251213b/training_loss_epoch_150.csv
[Pairs] Epoch 151/2000 | total: 0.6147 | voltage: 0.0308 | classify: 0.6016 | conc: 0.0002 | consistency: 0.2740 | consist_valid: 6.1698 | consist_dummy: 1.7170 | loss_i0_polarity: 0.0966 | loss_wuxing_diff: 0.1206 | rule: 20.3916 | group: 0.4449 | tree: 1.0253 | band: 0.1178
[Pairs] Epoch 152/2000 | total: 0.6567 | voltage: 0.0288 | classify: 0.6301 | conc: 0.0001 | consistency: 0.2584 | consist_valid: 6.0189 | consist_dummy: 1.8491 | loss_i0_polarity: 0.1016 | loss_wuxing_diff: 0.1139 | rule: 47.6624 | group: 0.5037 | tree: 0.9559 | band: 0.1255
[Pairs] Epoch 153/2000 | total: 0.6812 | voltage: 0.0241 | classify: 0.6574 | conc: 0.0002 | consistency: 0.2681 | consist_valid: 6.0566 | consist_dummy: 1.8113 | loss_i0_polarity: 0.1335 | loss_wuxing_diff: 0.0937 | rule: 42.5332 | group: 0.5340 | tree: 0.9910 | band: 0.1268
[Pairs] Epoch 154/2000 | total: 0.6842 | voltage: 0.0356 | classify: 0.6216 | conc: 0.0002 | consistency: 0.3342 | consist_valid: 5.8491 | consist_dummy: 2.0189 | loss_i0_polarity: 0.0976 | loss_wuxing_diff: 0.1444 | rule: 118.5722 | group: 0.5027 | tree: 1.1079 | band: 0.1248
[Pairs] Epoch 155/2000 | total: 0.6341 | voltage: 0.0239 | classify: 0.6159 | conc: 0.0002 | consistency: 0.2707 | consist_valid: 6.0566 | consist_dummy: 1.8113 | loss_i0_polarity: 0.0641 | loss_wuxing_diff: 0.0921 | rule: 31.1938 | group: 0.5166 | tree: 1.0973 | band: 0.1181
[Pairs] Epoch 156/2000 | total: 0.6965 | voltage: 0.0233 | classify: 0.6707 | conc: 0.0002 | consistency: 0.2499 | consist_valid: 6.1887 | consist_dummy: 1.6981 | loss_i0_polarity: 0.0529 | loss_wuxing_diff: 0.0841 | rule: 46.4065 | group: 0.4963 | tree: 1.0106 | band: 0.1243
[Pairs] Epoch 157/2000 | total: 0.6059 | voltage: 0.0267 | classify: 0.5895 | conc: 0.0002 | consistency: 0.2581 | consist_valid: 6.1887 | consist_dummy: 1.6792 | loss_i0_polarity: 0.0549 | loss_wuxing_diff: 0.1071 | rule: 27.1128 | group: 0.5076 | tree: 1.0955 | band: 0.1205
[Pairs] Epoch 158/2000 | total: 0.7157 | voltage: 0.0287 | classify: 0.6984 | conc: 0.0002 | consistency: 0.2800 | consist_valid: 5.8491 | consist_dummy: 2.0189 | loss_i0_polarity: 0.0768 | loss_wuxing_diff: 0.1225 | rule: 28.9312 | group: 0.5099 | tree: 1.0555 | band: 0.1281
[Pairs] Epoch 159/2000 | total: 0.6325 | voltage: 0.0279 | classify: 0.6147 | conc: 0.0002 | consistency: 0.2876 | consist_valid: 6.1887 | consist_dummy: 1.6981 | loss_i0_polarity: 0.1572 | loss_wuxing_diff: 0.0983 | rule: 29.8511 | group: 0.4937 | tree: 1.1279 | band: 0.1230
[Pairs] Epoch 160/2000 | total: 0.6204 | voltage: 0.0270 | classify: 0.5996 | conc: 0.0002 | consistency: 0.2759 | consist_valid: 5.7547 | consist_dummy: 2.1132 | loss_i0_polarity: 0.0604 | loss_wuxing_diff: 0.1132 | rule: 36.0923 | group: 0.4859 | tree: 1.0139 | band: 0.1249
✅ 模型已保存到 /home/cagalii/Application/ion_detect/output/trained_model_save/20251213b/trained_model_epoch_160.pth
📁 损失值已保存到 /home/cagalii/Application/ion_detect/output/trained_model_save/20251213b/training_loss_epoch_160.csv
[Pairs] Epoch 161/2000 | total: 0.6219 | voltage: 0.0249 | classify: 0.6050 | conc: 0.0002 | consistency: 0.2782 | consist_valid: 6.0943 | consist_dummy: 1.7736 | loss_i0_polarity: 0.0256 | loss_wuxing_diff: 0.1238 | rule: 28.3408 | group: 0.5320 | tree: 1.1069 | band: 0.1281
[Pairs] Epoch 162/2000 | total: 0.6790 | voltage: 0.0264 | classify: 0.6652 | conc: 0.0002 | consistency: 0.2957 | consist_valid: 6.3019 | consist_dummy: 1.5660 | loss_i0_polarity: 0.0173 | loss_wuxing_diff: 0.1359 | rule: 21.8815 | group: 0.4881 | tree: 1.1425 | band: 0.1285
[Pairs] Epoch 163/2000 | total: 0.6457 | voltage: 0.0340 | classify: 0.6142 | conc: 0.0001 | consistency: 0.3272 | consist_valid: 6.3962 | consist_dummy: 1.4717 | loss_i0_polarity: 0.0758 | loss_wuxing_diff: 0.1641 | rule: 56.6353 | group: 0.5060 | tree: 1.1313 | band: 0.1244
[Pairs] Epoch 164/2000 | total: 0.6055 | voltage: 0.0275 | classify: 0.5827 | conc: 0.0002 | consistency: 0.2610 | consist_valid: 6.1132 | consist_dummy: 1.7547 | loss_i0_polarity: 0.0591 | loss_wuxing_diff: 0.0653 | rule: 40.0479 | group: 0.4737 | tree: 1.0205 | band: 0.1257
[Pairs] Epoch 165/2000 | total: 0.6243 | voltage: 0.0229 | classify: 0.6055 | conc: 0.0001 | consistency: 0.2601 | consist_valid: 6.0566 | consist_dummy: 1.8113 | loss_i0_polarity: 0.0239 | loss_wuxing_diff: 0.1233 | rule: 32.7067 | group: 0.4550 | tree: 1.1026 | band: 0.1241
[Pairs] Epoch 166/2000 | total: 0.6418 | voltage: 0.0239 | classify: 0.6073 | conc: 0.0002 | consistency: 0.2469 | consist_valid: 6.2830 | consist_dummy: 1.5849 | loss_i0_polarity: 0.0057 | loss_wuxing_diff: 0.0855 | rule: 63.8789 | group: 0.6094 | tree: 1.0087 | band: 0.1317
[Pairs] Epoch 167/2000 | total: 0.7259 | voltage: 0.0312 | classify: 0.6810 | conc: 0.0002 | consistency: 0.2815 | consist_valid: 6.0943 | consist_dummy: 1.7925 | loss_i0_polarity: 0.0099 | loss_wuxing_diff: 0.1343 | rule: 84.0194 | group: 0.4720 | tree: 0.9971 | band: 0.1243
[Pairs] Epoch 168/2000 | total: 0.8188 | voltage: 0.0277 | classify: 0.8006 | conc: 0.0002 | consistency: 0.2531 | consist_valid: 6.1321 | consist_dummy: 1.7547 | loss_i0_polarity: 0.0738 | loss_wuxing_diff: 0.0955 | rule: 30.6543 | group: 0.5241 | tree: 1.1573 | band: 0.1262
[Pairs] Epoch 169/2000 | total: 0.7038 | voltage: 0.0267 | classify: 0.6680 | conc: 0.0002 | consistency: 0.2662 | consist_valid: 5.9245 | consist_dummy: 1.9434 | loss_i0_polarity: 0.0934 | loss_wuxing_diff: 0.0824 | rule: 66.2606 | group: 0.4432 | tree: 1.0309 | band: 0.1271
[Pairs] Epoch 170/2000 | total: 0.6271 | voltage: 0.0238 | classify: 0.5987 | conc: 0.0002 | consistency: 0.2711 | consist_valid: 6.1887 | consist_dummy: 1.6792 | loss_i0_polarity: 0.0770 | loss_wuxing_diff: 0.1142 | rule: 51.7605 | group: 0.4866 | tree: 0.9862 | band: 0.1298
✅ 模型已保存到 /home/cagalii/Application/ion_detect/output/trained_model_save/20251213b/trained_model_epoch_170.pth
📁 损失值已保存到 /home/cagalii/Application/ion_detect/output/trained_model_save/20251213b/training_loss_epoch_170.csv
[Pairs] Epoch 171/2000 | total: 0.6245 | voltage: 0.0288 | classify: 0.5968 | conc: 0.0002 | consistency: 0.2788 | consist_valid: 5.6981 | consist_dummy: 2.1698 | loss_i0_polarity: 0.0231 | loss_wuxing_diff: 0.1203 | rule: 49.5176 | group: 0.5191 | tree: 1.1095 | band: 0.1284
[Pairs] Epoch 172/2000 | total: 0.5944 | voltage: 0.0275 | classify: 0.5773 | conc: 0.0002 | consistency: 0.2554 | consist_valid: 5.9057 | consist_dummy: 1.9623 | loss_i0_polarity: 0.0182 | loss_wuxing_diff: 0.0824 | rule: 28.7316 | group: 0.5227 | tree: 1.0730 | band: 0.1259
[Pairs] Epoch 173/2000 | total: 0.6645 | voltage: 0.0223 | classify: 0.6391 | conc: 0.0002 | consistency: 0.2555 | consist_valid: 5.9811 | consist_dummy: 1.9057 | loss_i0_polarity: 0.0157 | loss_wuxing_diff: 0.1030 | rule: 45.9654 | group: 0.5270 | tree: 0.8789 | band: 0.1259
[Pairs] Epoch 174/2000 | total: 1.0206 | voltage: 0.0314 | classify: 0.9971 | conc: 0.0002 | consistency: 0.2225 | consist_valid: 6.0000 | consist_dummy: 1.8679 | loss_i0_polarity: 0.0769 | loss_wuxing_diff: 0.0565 | rule: 40.9990 | group: 0.5913 | tree: 1.0426 | band: 0.1252
[Pairs] Epoch 175/2000 | total: 0.6556 | voltage: 0.0290 | classify: 0.6247 | conc: 0.0002 | consistency: 0.2465 | consist_valid: 6.2075 | consist_dummy: 1.6604 | loss_i0_polarity: 0.0760 | loss_wuxing_diff: 0.1111 | rule: 56.2535 | group: 0.4703 | tree: 0.9869 | band: 0.1258
[Pairs] Epoch 176/2000 | total: 0.6388 | voltage: 0.0304 | classify: 0.6091 | conc: 0.0001 | consistency: 0.2799 | consist_valid: 6.0943 | consist_dummy: 1.7925 | loss_i0_polarity: 0.0985 | loss_wuxing_diff: 0.0964 | rule: 53.7396 | group: 0.4926 | tree: 0.9634 | band: 0.1295
[Pairs] Epoch 177/2000 | total: 0.6578 | voltage: 0.0331 | classify: 0.6237 | conc: 0.0002 | consistency: 0.2864 | consist_valid: 5.9434 | consist_dummy: 1.9245 | loss_i0_polarity: 0.0723 | loss_wuxing_diff: 0.0938 | rule: 62.0164 | group: 0.5254 | tree: 1.0528 | band: 0.1293
[Pairs] Epoch 178/2000 | total: 0.6527 | voltage: 0.0331 | classify: 0.6321 | conc: 0.0002 | consistency: 0.2660 | consist_valid: 5.9245 | consist_dummy: 1.9434 | loss_i0_polarity: 0.0568 | loss_wuxing_diff: 0.1009 | rule: 34.9623 | group: 0.4781 | tree: 1.0545 | band: 0.1279
[Pairs] Epoch 179/2000 | total: 0.6685 | voltage: 0.0265 | classify: 0.6437 | conc: 0.0001 | consistency: 0.2809 | consist_valid: 6.0377 | consist_dummy: 1.8491 | loss_i0_polarity: 0.0694 | loss_wuxing_diff: 0.0999 | rule: 44.4452 | group: 0.4385 | tree: 0.9763 | band: 0.1267
[Pairs] Epoch 180/2000 | total: 0.6546 | voltage: 0.0281 | classify: 0.6428 | conc: 0.0002 | consistency: 0.2629 | consist_valid: 6.0000 | consist_dummy: 1.8868 | loss_i0_polarity: 0.0532 | loss_wuxing_diff: 0.0676 | rule: 17.8663 | group: 0.4559 | tree: 1.0715 | band: 0.1288
✅ 模型已保存到 /home/cagalii/Application/ion_detect/output/trained_model_save/20251213b/trained_model_epoch_180.pth
📁 损失值已保存到 /home/cagalii/Application/ion_detect/output/trained_model_save/20251213b/training_loss_epoch_180.csv
[Pairs] Epoch 181/2000 | total: 0.5830 | voltage: 0.0284 | classify: 0.5635 | conc: 0.0002 | consistency: 0.2791 | consist_valid: 5.8868 | consist_dummy: 1.9811 | loss_i0_polarity: 0.0062 | loss_wuxing_diff: 0.0863 | rule: 33.4899 | group: 0.4625 | tree: 1.0440 | band: 0.1267
[Pairs] Epoch 182/2000 | total: 0.5942 | voltage: 0.0289 | classify: 0.5700 | conc: 0.0002 | consistency: 0.2945 | consist_valid: 6.0377 | consist_dummy: 1.8302 | loss_i0_polarity: 0.0003 | loss_wuxing_diff: 0.1223 | rule: 42.4320 | group: 0.5498 | tree: 1.0141 | band: 0.1315
[Pairs] Epoch 183/2000 | total: 0.6023 | voltage: 0.0263 | classify: 0.5857 | conc: 0.0001 | consistency: 0.2302 | consist_valid: 6.1321 | consist_dummy: 1.7358 | loss_i0_polarity: 0.0011 | loss_wuxing_diff: 0.0606 | rule: 28.1732 | group: 0.4497 | tree: 0.9627 | band: 0.1312
[Pairs] Epoch 184/2000 | total: 0.6699 | voltage: 0.0282 | classify: 0.6421 | conc: 0.0001 | consistency: 0.2985 | consist_valid: 5.8868 | consist_dummy: 1.9811 | loss_i0_polarity: 0.0075 | loss_wuxing_diff: 0.0992 | rule: 50.0363 | group: 0.4825 | tree: 1.0461 | band: 0.1247
[Pairs] Epoch 185/2000 | total: 0.7137 | voltage: 0.0250 | classify: 0.6922 | conc: 0.0001 | consistency: 0.2700 | consist_valid: 6.0566 | consist_dummy: 1.8113 | loss_i0_polarity: 0.0328 | loss_wuxing_diff: 0.0989 | rule: 37.8048 | group: 0.4871 | tree: 0.9924 | band: 0.1337
[Pairs] Epoch 186/2000 | total: 0.6382 | voltage: 0.0282 | classify: 0.6241 | conc: 0.0001 | consistency: 0.2633 | consist_valid: 6.0377 | consist_dummy: 1.8302 | loss_i0_polarity: 0.0390 | loss_wuxing_diff: 0.0827 | rule: 22.8300 | group: 0.4352 | tree: 0.9687 | band: 0.1252
[Pairs] Epoch 187/2000 | total: 0.6300 | voltage: 0.0279 | classify: 0.5991 | conc: 0.0002 | consistency: 0.2787 | consist_valid: 6.0943 | consist_dummy: 1.7736 | loss_i0_polarity: 0.0098 | loss_wuxing_diff: 0.0915 | rule: 56.2260 | group: 0.4872 | tree: 0.9966 | band: 0.1275
[Pairs] Epoch 188/2000 | total: 0.7378 | voltage: 0.0259 | classify: 0.7083 | conc: 0.0002 | consistency: 0.2584 | consist_valid: 6.0189 | consist_dummy: 1.8491 | loss_i0_polarity: 0.0408 | loss_wuxing_diff: 0.0900 | rule: 53.7681 | group: 0.4856 | tree: 1.0289 | band: 0.1353
[Pairs] Epoch 189/2000 | total: 0.6301 | voltage: 0.0221 | classify: 0.6134 | conc: 0.0001 | consistency: 0.2738 | consist_valid: 6.1698 | consist_dummy: 1.7170 | loss_i0_polarity: 0.0047 | loss_wuxing_diff: 0.0995 | rule: 28.6377 | group: 0.5095 | tree: 0.9188 | band: 0.1336
[Pairs] Epoch 190/2000 | total: 0.6107 | voltage: 0.0206 | classify: 0.5861 | conc: 0.0001 | consistency: 0.2643 | consist_valid: 6.0943 | consist_dummy: 1.7925 | loss_i0_polarity: 0.0053 | loss_wuxing_diff: 0.0662 | rule: 44.5422 | group: 0.4930 | tree: 0.9439 | band: 0.1344
✅ 模型已保存到 /home/cagalii/Application/ion_detect/output/trained_model_save/20251213b/trained_model_epoch_190.pth
📁 损失值已保存到 /home/cagalii/Application/ion_detect/output/trained_model_save/20251213b/training_loss_epoch_190.csv
[Pairs] Epoch 191/2000 | total: 0.5887 | voltage: 0.0254 | classify: 0.5645 | conc: 0.0002 | consistency: 0.2758 | consist_valid: 6.0755 | consist_dummy: 1.8113 | loss_i0_polarity: 0.0015 | loss_wuxing_diff: 0.1161 | rule: 42.8767 | group: 0.4817 | tree: 1.0703 | band: 0.1363
[Pairs] Epoch 192/2000 | total: 0.5768 | voltage: 0.0292 | classify: 0.5492 | conc: 0.0002 | consistency: 0.2808 | consist_valid: 6.0943 | consist_dummy: 1.7736 | loss_i0_polarity: 0.0012 | loss_wuxing_diff: 0.1119 | rule: 49.4212 | group: 0.4691 | tree: 1.0305 | band: 0.1328
[Pairs] Epoch 193/2000 | total: 0.8006 | voltage: 0.0263 | classify: 0.7749 | conc: 0.0002 | consistency: 0.2775 | consist_valid: 6.1132 | consist_dummy: 1.7547 | loss_i0_polarity: 0.0222 | loss_wuxing_diff: 0.1111 | rule: 46.1265 | group: 0.4598 | tree: 0.9473 | band: 0.1357
[Pairs] Epoch 194/2000 | total: 0.6082 | voltage: 0.0277 | classify: 0.5805 | conc: 0.0002 | consistency: 0.2699 | consist_valid: 6.1321 | consist_dummy: 1.7358 | loss_i0_polarity: 0.0977 | loss_wuxing_diff: 0.0823 | rule: 50.0329 | group: 0.4416 | tree: 0.9968 | band: 0.1340
[Pairs] Epoch 195/2000 | total: 0.6145 | voltage: 0.0281 | classify: 0.5986 | conc: 0.0002 | consistency: 0.2769 | consist_valid: 6.1321 | consist_dummy: 1.7358 | loss_i0_polarity: 0.0436 | loss_wuxing_diff: 0.0745 | rule: 26.3569 | group: 0.4708 | tree: 0.9716 | band: 0.1366
[Pairs] Epoch 196/2000 | total: 0.6103 | voltage: 0.0277 | classify: 0.5794 | conc: 0.0002 | consistency: 0.2683 | consist_valid: 6.1509 | consist_dummy: 1.7170 | loss_i0_polarity: 0.0170 | loss_wuxing_diff: 0.0747 | rule: 56.3887 | group: 0.4380 | tree: 1.0693 | band: 0.1319
[Pairs] Epoch 197/2000 | total: 0.5928 | voltage: 0.0250 | classify: 0.5808 | conc: 0.0001 | consistency: 0.2715 | consist_valid: 6.0755 | consist_dummy: 1.7925 | loss_i0_polarity: 0.0073 | loss_wuxing_diff: 0.0747 | rule: 18.8921 | group: 0.4417 | tree: 1.0087 | band: 0.1343
[Pairs] Epoch 198/2000 | total: 0.5747 | voltage: 0.0201 | classify: 0.5587 | conc: 0.0002 | consistency: 0.2483 | consist_valid: 5.9623 | consist_dummy: 1.9057 | loss_i0_polarity: 0.0010 | loss_wuxing_diff: 0.0844 | rule: 27.2614 | group: 0.4580 | tree: 1.0130 | band: 0.1402
[Pairs] Epoch 199/2000 | total: 0.5748 | voltage: 0.0263 | classify: 0.5505 | conc: 0.0002 | consistency: 0.2722 | consist_valid: 6.2830 | consist_dummy: 1.6038 | loss_i0_polarity: 0.0008 | loss_wuxing_diff: 0.0921 | rule: 43.3188 | group: 0.4401 | tree: 0.9923 | band: 0.1334
[Pairs] Epoch 200/2000 | total: 0.7412 | voltage: 0.0248 | classify: 0.7171 | conc: 0.0002 | consistency: 0.2792 | consist_valid: 6.3019 | consist_dummy: 1.5660 | loss_i0_polarity: 0.0043 | loss_wuxing_diff: 0.0879 | rule: 43.0133 | group: 0.4361 | tree: 1.0756 | band: 0.1335
✅ 模型已保存到 /home/cagalii/Application/ion_detect/output/trained_model_save/20251213b/trained_model_epoch_200.pth
📁 损失值已保存到 /home/cagalii/Application/ion_detect/output/trained_model_save/20251213b/training_loss_epoch_200.csv
[Pairs] Epoch 201/2000 | total: 0.7640 | voltage: 0.0282 | classify: 0.7360 | conc: 0.0002 | consistency: 0.2646 | consist_valid: 5.9623 | consist_dummy: 1.9057 | loss_i0_polarity: 0.0719 | loss_wuxing_diff: 0.0820 | rule: 50.1235 | group: 0.5309 | tree: 1.0302 | band: 0.1370
[Pairs] Epoch 202/2000 | total: 0.6838 | voltage: 0.0273 | classify: 0.6604 | conc: 0.0002 | consistency: 0.2581 | consist_valid: 6.0189 | consist_dummy: 1.8491 | loss_i0_polarity: 0.0383 | loss_wuxing_diff: 0.0555 | rule: 41.3951 | group: 0.4723 | tree: 1.0225 | band: 0.1367
[Pairs] Epoch 203/2000 | total: 0.5935 | voltage: 0.0224 | classify: 0.5672 | conc: 0.0002 | consistency: 0.2425 | consist_valid: 6.0000 | consist_dummy: 1.8679 | loss_i0_polarity: 0.0112 | loss_wuxing_diff: 0.0800 | rule: 47.4427 | group: 0.4745 | tree: 1.0874 | band: 0.1364
[Pairs] Epoch 204/2000 | total: 0.5521 | voltage: 0.0209 | classify: 0.5400 | conc: 0.0001 | consistency: 0.2469 | consist_valid: 5.7547 | consist_dummy: 2.1132 | loss_i0_polarity: 0.0013 | loss_wuxing_diff: 0.0548 | rule: 19.7712 | group: 0.4437 | tree: 0.9599 | band: 0.1331
[Pairs] Epoch 205/2000 | total: 0.5729 | voltage: 0.0269 | classify: 0.5513 | conc: 0.0002 | consistency: 0.2569 | consist_valid: 5.9434 | consist_dummy: 1.9434 | loss_i0_polarity: 0.0005 | loss_wuxing_diff: 0.0670 | rule: 37.9960 | group: 0.4327 | tree: 0.9529 | band: 0.1326
[Pairs] Epoch 206/2000 | total: 0.7121 | voltage: 0.0237 | classify: 0.6905 | conc: 0.0002 | consistency: 0.2429 | consist_valid: 5.6792 | consist_dummy: 2.2075 | loss_i0_polarity: 0.0006 | loss_wuxing_diff: 0.0600 | rule: 38.2164 | group: 0.4448 | tree: 1.0458 | band: 0.1326
[Pairs] Epoch 207/2000 | total: 0.6566 | voltage: 0.0249 | classify: 0.6421 | conc: 0.0002 | consistency: 0.2652 | consist_valid: 6.0755 | consist_dummy: 1.7925 | loss_i0_polarity: 0.0056 | loss_wuxing_diff: 0.0778 | rule: 23.6349 | group: 0.4692 | tree: 1.0223 | band: 0.1333
[Pairs] Epoch 208/2000 | total: 0.6537 | voltage: 0.0218 | classify: 0.6293 | conc: 0.0002 | consistency: 0.2224 | consist_valid: 6.2264 | consist_dummy: 1.6604 | loss_i0_polarity: 0.0802 | loss_wuxing_diff: 0.0676 | rule: 44.0072 | group: 0.4664 | tree: 1.0051 | band: 0.1323
[Pairs] Epoch 209/2000 | total: 0.5985 | voltage: 0.0271 | classify: 0.5668 | conc: 0.0002 | consistency: 0.2614 | consist_valid: 6.0755 | consist_dummy: 1.7925 | loss_i0_polarity: 0.0396 | loss_wuxing_diff: 0.0702 | rule: 57.8977 | group: 0.4566 | tree: 1.0481 | band: 0.1374
[Pairs] Epoch 210/2000 | total: 0.5757 | voltage: 0.0243 | classify: 0.5498 | conc: 0.0001 | consistency: 0.2492 | consist_valid: 5.9245 | consist_dummy: 1.9434 | loss_i0_polarity: 0.0227 | loss_wuxing_diff: 0.0715 | rule: 46.8982 | group: 0.4214 | tree: 0.9754 | band: 0.1404
✅ 模型已保存到 /home/cagalii/Application/ion_detect/output/trained_model_save/20251213b/trained_model_epoch_210.pth
📁 损失值已保存到 /home/cagalii/Application/ion_detect/output/trained_model_save/20251213b/training_loss_epoch_210.csv
[Pairs] Epoch 211/2000 | total: 0.6009 | voltage: 0.0197 | classify: 0.5782 | conc: 0.0002 | consistency: 0.2530 | consist_valid: 6.0189 | consist_dummy: 1.8679 | loss_i0_polarity: 0.0193 | loss_wuxing_diff: 0.0540 | rule: 40.9492 | group: 0.4548 | tree: 0.9831 | band: 0.1344
[Pairs] Epoch 212/2000 | total: 0.7005 | voltage: 0.0237 | classify: 0.6700 | conc: 0.0002 | consistency: 0.2349 | consist_valid: 6.0755 | consist_dummy: 1.7925 | loss_i0_polarity: 0.0164 | loss_wuxing_diff: 0.0533 | rule: 55.8047 | group: 0.4242 | tree: 1.0062 | band: 0.1415
[Pairs] Epoch 213/2000 | total: 0.6368 | voltage: 0.0243 | classify: 0.6111 | conc: 0.0002 | consistency: 0.2561 | consist_valid: 5.8679 | consist_dummy: 2.0189 | loss_i0_polarity: 0.0406 | loss_wuxing_diff: 0.0771 | rule: 46.4488 | group: 0.4073 | tree: 0.9673 | band: 0.1349
[Pairs] Epoch 214/2000 | total: 0.5848 | voltage: 0.0272 | classify: 0.5580 | conc: 0.0001 | consistency: 0.2554 | consist_valid: 6.2453 | consist_dummy: 1.6415 | loss_i0_polarity: 0.0059 | loss_wuxing_diff: 0.0877 | rule: 48.3419 | group: 0.4049 | tree: 0.9583 | band: 0.1387
[Pairs] Epoch 215/2000 | total: 0.6512 | voltage: 0.0242 | classify: 0.6214 | conc: 0.0001 | consistency: 0.2980 | consist_valid: 6.2075 | consist_dummy: 1.6604 | loss_i0_polarity: 0.0087 | loss_wuxing_diff: 0.0926 | rule: 54.3394 | group: 0.4430 | tree: 1.0449 | band: 0.1340
[Pairs] Epoch 216/2000 | total: 0.5910 | voltage: 0.0251 | classify: 0.5658 | conc: 0.0002 | consistency: 0.2603 | consist_valid: 5.6038 | consist_dummy: 2.2642 | loss_i0_polarity: 0.0111 | loss_wuxing_diff: 0.0758 | rule: 45.0535 | group: 0.4432 | tree: 1.1091 | band: 0.1416
[Pairs] Epoch 217/2000 | total: 0.6030 | voltage: 0.0251 | classify: 0.5932 | conc: 0.0001 | consistency: 0.2512 | consist_valid: 6.1132 | consist_dummy: 1.7547 | loss_i0_polarity: 0.0165 | loss_wuxing_diff: 0.0545 | rule: 14.6952 | group: 0.4230 | tree: 0.9521 | band: 0.1381
[Pairs] Epoch 218/2000 | total: 0.6281 | voltage: 0.0251 | classify: 0.6068 | conc: 0.0002 | consistency: 0.2643 | consist_valid: 5.8679 | consist_dummy: 2.0000 | loss_i0_polarity: 0.0108 | loss_wuxing_diff: 0.0895 | rule: 37.2001 | group: 0.4746 | tree: 0.9500 | band: 0.1451
[Pairs] Epoch 219/2000 | total: 0.6194 | voltage: 0.0241 | classify: 0.6000 | conc: 0.0001 | consistency: 0.2693 | consist_valid: 6.1132 | consist_dummy: 1.7547 | loss_i0_polarity: 0.0217 | loss_wuxing_diff: 0.1039 | rule: 33.6340 | group: 0.4801 | tree: 1.0050 | band: 0.1440
[Pairs] Epoch 220/2000 | total: 0.5703 | voltage: 0.0196 | classify: 0.5531 | conc: 0.0001 | consistency: 0.2515 | consist_valid: 6.0000 | consist_dummy: 1.8679 | loss_i0_polarity: 0.0045 | loss_wuxing_diff: 0.0742 | rule: 29.8728 | group: 0.4589 | tree: 0.8939 | band: 0.1422
✅ 模型已保存到 /home/cagalii/Application/ion_detect/output/trained_model_save/20251213b/trained_model_epoch_220.pth
📁 损失值已保存到 /home/cagalii/Application/ion_detect/output/trained_model_save/20251213b/training_loss_epoch_220.csv
[Pairs] Epoch 221/2000 | total: 0.5786 | voltage: 0.0191 | classify: 0.5559 | conc: 0.0002 | consistency: 0.2591 | consist_valid: 6.1132 | consist_dummy: 1.7547 | loss_i0_polarity: 0.0022 | loss_wuxing_diff: 0.0752 | rule: 40.7955 | group: 0.4941 | tree: 0.9282 | band: 0.1404
[Pairs] Epoch 222/2000 | total: 0.5609 | voltage: 0.0277 | classify: 0.5407 | conc: 0.0002 | consistency: 0.2557 | consist_valid: 6.0755 | consist_dummy: 1.7925 | loss_i0_polarity: 0.0002 | loss_wuxing_diff: 0.0729 | rule: 34.9180 | group: 0.4317 | tree: 1.0237 | band: 0.1417
[Pairs] Epoch 223/2000 | total: 0.5996 | voltage: 0.0215 | classify: 0.5684 | conc: 0.0001 | consistency: 0.2632 | consist_valid: 6.2075 | consist_dummy: 1.6604 | loss_i0_polarity: 0.0001 | loss_wuxing_diff: 0.0775 | rule: 57.5939 | group: 0.4362 | tree: 1.0278 | band: 0.1448
[Pairs] Epoch 224/2000 | total: 0.5676 | voltage: 0.0210 | classify: 0.5434 | conc: 0.0001 | consistency: 0.2609 | consist_valid: 6.1887 | consist_dummy: 1.6792 | loss_i0_polarity: 0.0021 | loss_wuxing_diff: 0.0804 | rule: 43.6262 | group: 0.4645 | tree: 0.9666 | band: 0.1410
[Pairs] Epoch 225/2000 | total: 0.6047 | voltage: 0.0230 | classify: 0.5833 | conc: 0.0001 | consistency: 0.2462 | consist_valid: 6.1698 | consist_dummy: 1.6981 | loss_i0_polarity: 0.0174 | loss_wuxing_diff: 0.0682 | rule: 37.9359 | group: 0.4400 | tree: 1.0463 | band: 0.1410
[Pairs] Epoch 226/2000 | total: 0.5995 | voltage: 0.0243 | classify: 0.5723 | conc: 0.0001 | consistency: 0.2675 | consist_valid: 6.1887 | consist_dummy: 1.6792 | loss_i0_polarity: 0.0177 | loss_wuxing_diff: 0.0693 | rule: 49.4974 | group: 0.4550 | tree: 1.0317 | band: 0.1342
[Pairs] Epoch 227/2000 | total: 0.5696 | voltage: 0.0202 | classify: 0.5523 | conc: 0.0001 | consistency: 0.2220 | consist_valid: 5.9057 | consist_dummy: 1.9623 | loss_i0_polarity: 0.0093 | loss_wuxing_diff: 0.0406 | rule: 30.2564 | group: 0.4169 | tree: 0.9188 | band: 0.1367
[Pairs] Epoch 228/2000 | total: 0.6336 | voltage: 0.0245 | classify: 0.6115 | conc: 0.0001 | consistency: 0.2719 | consist_valid: 6.1887 | consist_dummy: 1.6792 | loss_i0_polarity: 0.0173 | loss_wuxing_diff: 0.0738 | rule: 38.9551 | group: 0.4913 | tree: 1.0541 | band: 0.1456
[Pairs] Epoch 229/2000 | total: 0.6078 | voltage: 0.0274 | classify: 0.5843 | conc: 0.0001 | consistency: 0.2591 | consist_valid: 6.1698 | consist_dummy: 1.6981 | loss_i0_polarity: 0.1332 | loss_wuxing_diff: 0.0651 | rule: 41.6514 | group: 0.4263 | tree: 0.9576 | band: 0.1389
[Pairs] Epoch 230/2000 | total: 0.5860 | voltage: 0.0236 | classify: 0.5687 | conc: 0.0001 | consistency: 0.2474 | consist_valid: 5.9434 | consist_dummy: 1.9245 | loss_i0_polarity: 0.0895 | loss_wuxing_diff: 0.0583 | rule: 29.6622 | group: 0.4569 | tree: 0.9252 | band: 0.1437
✅ 模型已保存到 /home/cagalii/Application/ion_detect/output/trained_model_save/20251213b/trained_model_epoch_230.pth
📁 损失值已保存到 /home/cagalii/Application/ion_detect/output/trained_model_save/20251213b/training_loss_epoch_230.csv
[Pairs] Epoch 231/2000 | total: 0.5760 | voltage: 0.0217 | classify: 0.5601 | conc: 0.0001 | consistency: 0.2499 | consist_valid: 5.9245 | consist_dummy: 1.9434 | loss_i0_polarity: 0.0403 | loss_wuxing_diff: 0.0510 | rule: 26.9557 | group: 0.4118 | tree: 1.0246 | band: 0.1421
[Pairs] Epoch 232/2000 | total: 0.5765 | voltage: 0.0201 | classify: 0.5522 | conc: 0.0001 | consistency: 0.2467 | consist_valid: 5.9434 | consist_dummy: 1.9245 | loss_i0_polarity: 0.0087 | loss_wuxing_diff: 0.0840 | rule: 43.9400 | group: 0.4123 | tree: 1.0057 | band: 0.1467
[Pairs] Epoch 233/2000 | total: 0.5757 | voltage: 0.0218 | classify: 0.5477 | conc: 0.0002 | consistency: 0.2519 | consist_valid: 6.0377 | consist_dummy: 1.8491 | loss_i0_polarity: 0.0045 | loss_wuxing_diff: 0.0759 | rule: 51.2262 | group: 0.4240 | tree: 0.9740 | band: 0.1450
[Pairs] Epoch 234/2000 | total: 0.6430 | voltage: 0.0202 | classify: 0.6266 | conc: 0.0002 | consistency: 0.2544 | consist_valid: 6.0189 | consist_dummy: 1.8679 | loss_i0_polarity: 0.0052 | loss_wuxing_diff: 0.0826 | rule: 28.0368 | group: 0.4562 | tree: 0.9734 | band: 0.1416
[Pairs] Epoch 235/2000 | total: 0.6585 | voltage: 0.0243 | classify: 0.6418 | conc: 0.0001 | consistency: 0.2570 | consist_valid: 5.9245 | consist_dummy: 1.9434 | loss_i0_polarity: 0.0049 | loss_wuxing_diff: 0.0611 | rule: 28.2492 | group: 0.4511 | tree: 1.0409 | band: 0.1417
[Pairs] Epoch 236/2000 | total: 0.6720 | voltage: 0.0217 | classify: 0.6485 | conc: 0.0002 | consistency: 0.2710 | consist_valid: 6.0755 | consist_dummy: 1.8113 | loss_i0_polarity: 0.0101 | loss_wuxing_diff: 0.0769 | rule: 41.9869 | group: 0.5153 | tree: 1.0773 | band: 0.1385
[Pairs] Epoch 237/2000 | total: 0.6329 | voltage: 0.0213 | classify: 0.6121 | conc: 0.0002 | consistency: 0.2306 | consist_valid: 6.2453 | consist_dummy: 1.6415 | loss_i0_polarity: 0.0015 | loss_wuxing_diff: 0.0523 | rule: 36.9337 | group: 0.4222 | tree: 0.9589 | band: 0.1412
[Pairs] Epoch 238/2000 | total: 0.6281 | voltage: 0.0250 | classify: 0.5998 | conc: 0.0002 | consistency: 0.2527 | consist_valid: 5.8113 | consist_dummy: 2.0566 | loss_i0_polarity: 0.0008 | loss_wuxing_diff: 0.0622 | rule: 51.3092 | group: 0.4495 | tree: 1.0655 | band: 0.1425
[Pairs] Epoch 239/2000 | total: 0.6164 | voltage: 0.0214 | classify: 0.5935 | conc: 0.0001 | consistency: 0.2461 | consist_valid: 6.0000 | consist_dummy: 1.8679 | loss_i0_polarity: 0.0018 | loss_wuxing_diff: 0.0761 | rule: 41.0617 | group: 0.4642 | tree: 1.0051 | band: 0.1462
[Pairs] Epoch 240/2000 | total: 0.6080 | voltage: 0.0238 | classify: 0.5817 | conc: 0.0001 | consistency: 0.2656 | consist_valid: 5.6981 | consist_dummy: 2.1887 | loss_i0_polarity: 0.0013 | loss_wuxing_diff: 0.0695 | rule: 47.5319 | group: 0.4522 | tree: 1.0381 | band: 0.1397
✅ 模型已保存到 /home/cagalii/Application/ion_detect/output/trained_model_save/20251213b/trained_model_epoch_240.pth
📁 损失值已保存到 /home/cagalii/Application/ion_detect/output/trained_model_save/20251213b/training_loss_epoch_240.csv
[Pairs] Epoch 241/2000 | total: 0.6722 | voltage: 0.0197 | classify: 0.6512 | conc: 0.0001 | consistency: 0.2324 | consist_valid: 6.0189 | consist_dummy: 1.8491 | loss_i0_polarity: 0.0493 | loss_wuxing_diff: 0.0537 | rule: 37.7479 | group: 0.4016 | tree: 0.8984 | band: 0.1430
[Pairs] Epoch 242/2000 | total: 0.6560 | voltage: 0.0195 | classify: 0.6439 | conc: 0.0001 | consistency: 0.2228 | consist_valid: 6.0755 | consist_dummy: 1.7925 | loss_i0_polarity: 0.0978 | loss_wuxing_diff: 0.0442 | rule: 19.8869 | group: 0.3817 | tree: 0.8821 | band: 0.1440
[Pairs] Epoch 243/2000 | total: 0.5720 | voltage: 0.0183 | classify: 0.5510 | conc: 0.0001 | consistency: 0.2793 | consist_valid: 5.9245 | consist_dummy: 1.9434 | loss_i0_polarity: 0.0132 | loss_wuxing_diff: 0.0733 | rule: 37.5757 | group: 0.4312 | tree: 0.9676 | band: 0.1465
[Pairs] Epoch 244/2000 | total: 0.5990 | voltage: 0.0256 | classify: 0.5812 | conc: 0.0001 | consistency: 0.2427 | consist_valid: 5.9623 | consist_dummy: 1.9057 | loss_i0_polarity: 0.0084 | loss_wuxing_diff: 0.0822 | rule: 30.3735 | group: 0.4680 | tree: 0.9360 | band: 0.1437
[Pairs] Epoch 245/2000 | total: 0.5859 | voltage: 0.0255 | classify: 0.5673 | conc: 0.0002 | consistency: 0.2125 | consist_valid: 5.9245 | consist_dummy: 1.9434 | loss_i0_polarity: 0.0075 | loss_wuxing_diff: 0.0456 | rule: 32.2660 | group: 0.4233 | tree: 0.8734 | band: 0.1401
[Pairs] Epoch 246/2000 | total: 0.5775 | voltage: 0.0222 | classify: 0.5594 | conc: 0.0002 | consistency: 0.2305 | consist_valid: 5.9434 | consist_dummy: 1.9245 | loss_i0_polarity: 0.0117 | loss_wuxing_diff: 0.0442 | rule: 31.4407 | group: 0.4211 | tree: 0.9730 | band: 0.1460
[Pairs] Epoch 247/2000 | total: 0.5557 | voltage: 0.0220 | classify: 0.5397 | conc: 0.0002 | consistency: 0.2429 | consist_valid: 6.3208 | consist_dummy: 1.5660 | loss_i0_polarity: 0.0059 | loss_wuxing_diff: 0.0592 | rule: 27.2882 | group: 0.3865 | tree: 0.9178 | band: 0.1430
[Pairs] Epoch 248/2000 | total: 0.5729 | voltage: 0.0227 | classify: 0.5588 | conc: 0.0001 | consistency: 0.2659 | consist_valid: 6.3396 | consist_dummy: 1.5283 | loss_i0_polarity: 0.0109 | loss_wuxing_diff: 0.0712 | rule: 23.4295 | group: 0.4441 | tree: 0.9810 | band: 0.1474
[Pairs] Epoch 249/2000 | total: 0.7976 | voltage: 0.0255 | classify: 0.7831 | conc: 0.0001 | consistency: 0.2174 | consist_valid: 6.0566 | consist_dummy: 1.8113 | loss_i0_polarity: 0.1921 | loss_wuxing_diff: 0.0445 | rule: 24.0574 | group: 0.4330 | tree: 0.8622 | band: 0.1395
[Pairs] Epoch 250/2000 | total: 0.6308 | voltage: 0.0224 | classify: 0.6111 | conc: 0.0001 | consistency: 0.2320 | consist_valid: 6.1321 | consist_dummy: 1.7547 | loss_i0_polarity: 0.0911 | loss_wuxing_diff: 0.0562 | rule: 34.5042 | group: 0.4249 | tree: 0.8958 | band: 0.1416
✅ 模型已保存到 /home/cagalii/Application/ion_detect/output/trained_model_save/20251213b/trained_model_epoch_250.pth
📁 损失值已保存到 /home/cagalii/Application/ion_detect/output/trained_model_save/20251213b/training_loss_epoch_250.csv
[Pairs] Epoch 251/2000 | total: 0.5746 | voltage: 0.0210 | classify: 0.5570 | conc: 0.0001 | consistency: 0.2390 | consist_valid: 6.0566 | consist_dummy: 1.8113 | loss_i0_polarity: 0.0420 | loss_wuxing_diff: 0.0535 | rule: 30.7032 | group: 0.4000 | tree: 0.8468 | band: 0.1429
[Pairs] Epoch 252/2000 | total: 0.5712 | voltage: 0.0200 | classify: 0.5533 | conc: 0.0001 | consistency: 0.2352 | consist_valid: 5.9623 | consist_dummy: 1.9057 | loss_i0_polarity: 0.0099 | loss_wuxing_diff: 0.0577 | rule: 31.1382 | group: 0.4420 | tree: 0.9300 | band: 0.1481
[Pairs] Epoch 253/2000 | total: 0.6052 | voltage: 0.0204 | classify: 0.5858 | conc: 0.0002 | consistency: 0.2250 | consist_valid: 6.1321 | consist_dummy: 1.7358 | loss_i0_polarity: 0.0232 | loss_wuxing_diff: 0.0627 | rule: 34.2160 | group: 0.4193 | tree: 1.0051 | band: 0.1421
[Pairs] Epoch 254/2000 | total: 0.5565 | voltage: 0.0198 | classify: 0.5417 | conc: 0.0002 | consistency: 0.2308 | consist_valid: 6.0755 | consist_dummy: 1.8113 | loss_i0_polarity: 0.0205 | loss_wuxing_diff: 0.0548 | rule: 25.0634 | group: 0.4191 | tree: 0.9464 | band: 0.1417
[Pairs] Epoch 255/2000 | total: 0.5645 | voltage: 0.0170 | classify: 0.5439 | conc: 0.0002 | consistency: 0.2203 | consist_valid: 6.1132 | consist_dummy: 1.7736 | loss_i0_polarity: 0.0076 | loss_wuxing_diff: 0.0426 | rule: 37.0466 | group: 0.4219 | tree: 0.8775 | band: 0.1442
[Pairs] Epoch 256/2000 | total: 0.8135 | voltage: 0.0243 | classify: 0.7960 | conc: 0.0001 | consistency: 0.2381 | consist_valid: 6.1321 | consist_dummy: 1.7358 | loss_i0_polarity: 0.0091 | loss_wuxing_diff: 0.0506 | rule: 29.7863 | group: 0.4609 | tree: 1.1038 | band: 0.1430
[Pairs] Epoch 257/2000 | total: 0.6698 | voltage: 0.0206 | classify: 0.6469 | conc: 0.0001 | consistency: 0.2377 | consist_valid: 6.1698 | consist_dummy: 1.6981 | loss_i0_polarity: 0.1535 | loss_wuxing_diff: 0.0488 | rule: 41.0224 | group: 0.4450 | tree: 0.9612 | band: 0.1410
[Pairs] Epoch 258/2000 | total: 0.6050 | voltage: 0.0209 | classify: 0.5839 | conc: 0.0001 | consistency: 0.2474 | consist_valid: 6.1132 | consist_dummy: 1.7547 | loss_i0_polarity: 0.1717 | loss_wuxing_diff: 0.0591 | rule: 37.6067 | group: 0.4114 | tree: 0.8701 | band: 0.1424
[Pairs] Epoch 259/2000 | total: 0.5644 | voltage: 0.0195 | classify: 0.5519 | conc: 0.0001 | consistency: 0.2412 | consist_valid: 6.0189 | consist_dummy: 1.8491 | loss_i0_polarity: 0.0719 | loss_wuxing_diff: 0.0506 | rule: 20.6775 | group: 0.3780 | tree: 0.9499 | band: 0.1489
[Pairs] Epoch 260/2000 | total: 0.5760 | voltage: 0.0208 | classify: 0.5486 | conc: 0.0001 | consistency: 0.2460 | consist_valid: 6.1321 | consist_dummy: 1.7358 | loss_i0_polarity: 0.0487 | loss_wuxing_diff: 0.0688 | rule: 50.0825 | group: 0.4568 | tree: 0.8910 | band: 0.1520
✅ 模型已保存到 /home/cagalii/Application/ion_detect/output/trained_model_save/20251213b/trained_model_epoch_260.pth
📁 损失值已保存到 /home/cagalii/Application/ion_detect/output/trained_model_save/20251213b/training_loss_epoch_260.csv
[Pairs] Epoch 261/2000 | total: 0.5519 | voltage: 0.0196 | classify: 0.5361 | conc: 0.0001 | consistency: 0.2343 | consist_valid: 5.8302 | consist_dummy: 2.0566 | loss_i0_polarity: 0.0277 | loss_wuxing_diff: 0.0519 | rule: 27.3555 | group: 0.4316 | tree: 0.8402 | band: 0.1468
[Pairs] Epoch 262/2000 | total: 0.5486 | voltage: 0.0190 | classify: 0.5322 | conc: 0.0001 | consistency: 0.2116 | consist_valid: 5.9623 | consist_dummy: 1.9245 | loss_i0_polarity: 0.0231 | loss_wuxing_diff: 0.0372 | rule: 28.5697 | group: 0.4093 | tree: 0.8682 | band: 0.1414
[Pairs] Epoch 263/2000 | total: 0.5585 | voltage: 0.0203 | classify: 0.5343 | conc: 0.0001 | consistency: 0.2425 | consist_valid: 6.1887 | consist_dummy: 1.6792 | loss_i0_polarity: 0.0207 | loss_wuxing_diff: 0.0692 | rule: 43.8538 | group: 0.4543 | tree: 0.9501 | band: 0.1465
[Pairs] Epoch 264/2000 | total: 0.5552 | voltage: 0.0227 | classify: 0.5372 | conc: 0.0001 | consistency: 0.2262 | consist_valid: 6.0755 | consist_dummy: 1.7925 | loss_i0_polarity: 0.0207 | loss_wuxing_diff: 0.0533 | rule: 31.2618 | group: 0.4229 | tree: 0.9124 | band: 0.1424
[Pairs] Epoch 265/2000 | total: 0.5611 | voltage: 0.0200 | classify: 0.5434 | conc: 0.0002 | consistency: 0.2197 | consist_valid: 6.0189 | consist_dummy: 1.8679 | loss_i0_polarity: 0.0183 | loss_wuxing_diff: 0.0562 | rule: 30.8172 | group: 0.4248 | tree: 0.9549 | band: 0.1491
[Pairs] Epoch 266/2000 | total: 0.5656 | voltage: 0.0202 | classify: 0.5409 | conc: 0.0001 | consistency: 0.2299 | consist_valid: 6.0566 | consist_dummy: 1.8113 | loss_i0_polarity: 0.0174 | loss_wuxing_diff: 0.0600 | rule: 44.8067 | group: 0.4022 | tree: 0.9033 | band: 0.1478
[Pairs] Epoch 267/2000 | total: 0.5632 | voltage: 0.0218 | classify: 0.5423 | conc: 0.0002 | consistency: 0.2339 | consist_valid: 6.0566 | consist_dummy: 1.8113 | loss_i0_polarity: 0.0083 | loss_wuxing_diff: 0.0601 | rule: 37.0890 | group: 0.4559 | tree: 1.0376 | band: 0.1471
[Pairs] Epoch 268/2000 | total: 0.5747 | voltage: 0.0209 | classify: 0.5450 | conc: 0.0002 | consistency: 0.2335 | consist_valid: 6.1321 | consist_dummy: 1.7358 | loss_i0_polarity: 0.0112 | loss_wuxing_diff: 0.0801 | rule: 54.7448 | group: 0.4086 | tree: 1.0342 | band: 0.1493
[Pairs] Epoch 269/2000 | total: 0.5422 | voltage: 0.0184 | classify: 0.5283 | conc: 0.0001 | consistency: 0.2238 | consist_valid: 5.8302 | consist_dummy: 2.0566 | loss_i0_polarity: 0.0104 | loss_wuxing_diff: 0.0462 | rule: 23.3849 | group: 0.4181 | tree: 0.8956 | band: 0.1444
[Pairs] Epoch 270/2000 | total: 0.5529 | voltage: 0.0183 | classify: 0.5368 | conc: 0.0001 | consistency: 0.2223 | consist_valid: 6.3774 | consist_dummy: 1.5094 | loss_i0_polarity: 0.0116 | loss_wuxing_diff: 0.0624 | rule: 27.7817 | group: 0.4197 | tree: 0.9624 | band: 0.1456
✅ 模型已保存到 /home/cagalii/Application/ion_detect/output/trained_model_save/20251213b/trained_model_epoch_270.pth
📁 损失值已保存到 /home/cagalii/Application/ion_detect/output/trained_model_save/20251213b/training_loss_epoch_270.csv
[Pairs] Epoch 271/2000 | total: 0.5694 | voltage: 0.0173 | classify: 0.5403 | conc: 0.0001 | consistency: 0.2130 | consist_valid: 6.2075 | consist_dummy: 1.6604 | loss_i0_polarity: 0.0122 | loss_wuxing_diff: 0.0469 | rule: 54.0419 | group: 0.3708 | tree: 0.9390 | band: 0.1455
[Pairs] Epoch 272/2000 | total: 0.5562 | voltage: 0.0203 | classify: 0.5363 | conc: 0.0002 | consistency: 0.2218 | consist_valid: 5.9811 | consist_dummy: 1.8868 | loss_i0_polarity: 0.0093 | loss_wuxing_diff: 0.0451 | rule: 35.1981 | group: 0.3949 | tree: 0.8949 | band: 0.1461
[Pairs] Epoch 273/2000 | total: 0.6540 | voltage: 0.0205 | classify: 0.6421 | conc: 0.0001 | consistency: 0.2251 | consist_valid: 6.0943 | consist_dummy: 1.7736 | loss_i0_polarity: 0.0107 | loss_wuxing_diff: 0.0490 | rule: 19.3294 | group: 0.4120 | tree: 0.9470 | band: 0.1427
[Pairs] Epoch 274/2000 | total: 0.5757 | voltage: 0.0172 | classify: 0.5626 | conc: 0.0001 | consistency: 0.2159 | consist_valid: 6.1132 | consist_dummy: 1.7736 | loss_i0_polarity: 0.0439 | loss_wuxing_diff: 0.0505 | rule: 22.0253 | group: 0.4262 | tree: 0.9149 | band: 0.1439
[Pairs] Epoch 275/2000 | total: 0.5697 | voltage: 0.0140 | classify: 0.5568 | conc: 0.0001 | consistency: 0.2058 | consist_valid: 6.2453 | consist_dummy: 1.6226 | loss_i0_polarity: 0.0322 | loss_wuxing_diff: 0.0291 | rule: 22.0678 | group: 0.4129 | tree: 0.8887 | band: 0.1461
[Pairs] Epoch 276/2000 | total: 0.8269 | voltage: 0.0163 | classify: 0.8125 | conc: 0.0001 | consistency: 0.2343 | consist_valid: 5.9623 | consist_dummy: 1.9057 | loss_i0_polarity: 0.0391 | loss_wuxing_diff: 0.0440 | rule: 24.5643 | group: 0.4160 | tree: 0.9424 | band: 0.1435
[Pairs] Epoch 277/2000 | total: 0.8865 | voltage: 0.0208 | classify: 0.8669 | conc: 0.0002 | consistency: 0.2295 | consist_valid: 6.1132 | consist_dummy: 1.7547 | loss_i0_polarity: 0.3246 | loss_wuxing_diff: 0.0532 | rule: 34.1047 | group: 0.4373 | tree: 1.1071 | band: 0.1474
[Pairs] Epoch 278/2000 | total: 0.6397 | voltage: 0.0232 | classify: 0.6293 | conc: 0.0002 | consistency: 0.2128 | consist_valid: 6.1887 | consist_dummy: 1.6792 | loss_i0_polarity: 0.2453 | loss_wuxing_diff: 0.0509 | rule: 15.9703 | group: 0.4124 | tree: 0.8903 | band: 0.1446
[Pairs] Epoch 279/2000 | total: 0.6130 | voltage: 0.0225 | classify: 0.5886 | conc: 0.0001 | consistency: 0.2509 | consist_valid: 6.2642 | consist_dummy: 1.6038 | loss_i0_polarity: 0.1017 | loss_wuxing_diff: 0.0527 | rule: 43.8700 | group: 0.4339 | tree: 0.9942 | band: 0.1439
[Pairs] Epoch 280/2000 | total: 0.6523 | voltage: 0.0249 | classify: 0.6372 | conc: 0.0002 | consistency: 0.2434 | consist_valid: 5.9623 | consist_dummy: 1.9057 | loss_i0_polarity: 0.0994 | loss_wuxing_diff: 0.0613 | rule: 25.1738 | group: 0.4463 | tree: 0.8466 | band: 0.1418
✅ 模型已保存到 /home/cagalii/Application/ion_detect/output/trained_model_save/20251213b/trained_model_epoch_280.pth
📁 损失值已保存到 /home/cagalii/Application/ion_detect/output/trained_model_save/20251213b/training_loss_epoch_280.csv
[Pairs] Epoch 281/2000 | total: 0.5566 | voltage: 0.0204 | classify: 0.5425 | conc: 0.0001 | consistency: 0.2258 | consist_valid: 5.9057 | consist_dummy: 1.9623 | loss_i0_polarity: 0.0756 | loss_wuxing_diff: 0.0562 | rule: 23.8697 | group: 0.3545 | tree: 0.8299 | band: 0.1397
[Pairs] Epoch 282/2000 | total: 0.5582 | voltage: 0.0145 | classify: 0.5458 | conc: 0.0001 | consistency: 0.2148 | consist_valid: 5.6604 | consist_dummy: 2.2075 | loss_i0_polarity: 0.0426 | loss_wuxing_diff: 0.0499 | rule: 21.0336 | group: 0.3925 | tree: 0.7916 | band: 0.1512
[Pairs] Epoch 283/2000 | total: 0.5525 | voltage: 0.0212 | classify: 0.5374 | conc: 0.0002 | consistency: 0.2162 | consist_valid: 5.8679 | consist_dummy: 2.0000 | loss_i0_polarity: 0.0118 | loss_wuxing_diff: 0.0471 | rule: 25.7221 | group: 0.3447 | tree: 0.7533 | band: 0.1466
[Pairs] Epoch 284/2000 | total: 0.6021 | voltage: 0.0178 | classify: 0.5829 | conc: 0.0002 | consistency: 0.2141 | consist_valid: 6.0566 | consist_dummy: 1.8113 | loss_i0_polarity: 0.0084 | loss_wuxing_diff: 0.0402 | rule: 34.0888 | group: 0.3889 | tree: 0.8932 | band: 0.1435
[Pairs] Epoch 285/2000 | total: 0.6569 | voltage: 0.0174 | classify: 0.6429 | conc: 0.0002 | consistency: 0.1994 | consist_valid: 6.0377 | consist_dummy: 1.8302 | loss_i0_polarity: 0.0535 | loss_wuxing_diff: 0.0344 | rule: 23.8574 | group: 0.4055 | tree: 0.8811 | band: 0.1450
[Pairs] Epoch 286/2000 | total: 0.6079 | voltage: 0.0204 | classify: 0.5986 | conc: 0.0001 | consistency: 0.2243 | consist_valid: 6.0377 | consist_dummy: 1.8491 | loss_i0_polarity: 0.0720 | loss_wuxing_diff: 0.0423 | rule: 14.2129 | group: 0.3812 | tree: 0.8466 | band: 0.1438
[Pairs] Epoch 287/2000 | total: 0.5595 | voltage: 0.0204 | classify: 0.5445 | conc: 0.0001 | consistency: 0.2169 | consist_valid: 6.3396 | consist_dummy: 1.5472 | loss_i0_polarity: 0.0504 | loss_wuxing_diff: 0.0416 | rule: 25.5950 | group: 0.4156 | tree: 0.8730 | band: 0.1480
[Pairs] Epoch 288/2000 | total: 0.5968 | voltage: 0.0182 | classify: 0.5808 | conc: 0.0002 | consistency: 0.1938 | consist_valid: 6.1509 | consist_dummy: 1.7170 | loss_i0_polarity: 0.0457 | loss_wuxing_diff: 0.0271 | rule: 27.6926 | group: 0.3644 | tree: 0.8394 | band: 0.1489
[Pairs] Epoch 289/2000 | total: 0.5767 | voltage: 0.0179 | classify: 0.5622 | conc: 0.0002 | consistency: 0.2124 | consist_valid: 6.0377 | consist_dummy: 1.8302 | loss_i0_polarity: 0.0213 | loss_wuxing_diff: 0.0380 | rule: 24.8619 | group: 0.3705 | tree: 0.8136 | band: 0.1455
[Pairs] Epoch 290/2000 | total: 0.5744 | voltage: 0.0164 | classify: 0.5574 | conc: 0.0001 | consistency: 0.2051 | consist_valid: 6.1509 | consist_dummy: 1.7170 | loss_i0_polarity: 0.0244 | loss_wuxing_diff: 0.0353 | rule: 29.9766 | group: 0.4244 | tree: 0.8562 | band: 0.1523
✅ 模型已保存到 /home/cagalii/Application/ion_detect/output/trained_model_save/20251213b/trained_model_epoch_290.pth
📁 损失值已保存到 /home/cagalii/Application/ion_detect/output/trained_model_save/20251213b/training_loss_epoch_290.csv
[Pairs] Epoch 291/2000 | total: 0.5619 | voltage: 0.0180 | classify: 0.5441 | conc: 0.0001 | consistency: 0.2210 | consist_valid: 6.2642 | consist_dummy: 1.6038 | loss_i0_polarity: 0.0161 | loss_wuxing_diff: 0.0336 | rule: 31.5637 | group: 0.4205 | tree: 0.8539 | band: 0.1444
[Pairs] Epoch 292/2000 | total: 0.6042 | voltage: 0.0167 | classify: 0.5892 | conc: 0.0002 | consistency: 0.2173 | consist_valid: 5.8491 | consist_dummy: 2.0189 | loss_i0_polarity: 0.0053 | loss_wuxing_diff: 0.0558 | rule: 25.8463 | group: 0.4038 | tree: 0.8803 | band: 0.1494
[Pairs] Epoch 293/2000 | total: 0.6380 | voltage: 0.0199 | classify: 0.6228 | conc: 0.0001 | consistency: 0.2121 | consist_valid: 6.2830 | consist_dummy: 1.6038 | loss_i0_polarity: 0.0161 | loss_wuxing_diff: 0.0485 | rule: 26.1163 | group: 0.3828 | tree: 0.8720 | band: 0.1498
[Pairs] Epoch 294/2000 | total: 0.5869 | voltage: 0.0178 | classify: 0.5710 | conc: 0.0001 | consistency: 0.2027 | consist_valid: 6.0189 | consist_dummy: 1.8679 | loss_i0_polarity: 0.0321 | loss_wuxing_diff: 0.0458 | rule: 27.6758 | group: 0.4182 | tree: 0.8722 | band: 0.1414
[Pairs] Epoch 295/2000 | total: 0.5979 | voltage: 0.0179 | classify: 0.5848 | conc: 0.0002 | consistency: 0.2054 | consist_valid: 6.0189 | consist_dummy: 1.8491 | loss_i0_polarity: 0.0358 | loss_wuxing_diff: 0.0334 | rule: 22.1024 | group: 0.3968 | tree: 0.8688 | band: 0.1508
[Pairs] Epoch 296/2000 | total: 0.5699 | voltage: 0.0187 | classify: 0.5538 | conc: 0.0001 | consistency: 0.2168 | consist_valid: 5.9057 | consist_dummy: 1.9623 | loss_i0_polarity: 0.0148 | loss_wuxing_diff: 0.0574 | rule: 27.7635 | group: 0.3922 | tree: 0.9297 | band: 0.1498
[Pairs] Epoch 297/2000 | total: 0.5737 | voltage: 0.0183 | classify: 0.5555 | conc: 0.0001 | consistency: 0.2286 | consist_valid: 6.3396 | consist_dummy: 1.5283 | loss_i0_polarity: 0.0088 | loss_wuxing_diff: 0.0492 | rule: 32.0649 | group: 0.4252 | tree: 0.9080 | band: 0.1511
[Pairs] Epoch 298/2000 | total: 0.5505 | voltage: 0.0167 | classify: 0.5332 | conc: 0.0001 | consistency: 0.2250 | consist_valid: 5.8302 | consist_dummy: 2.0566 | loss_i0_polarity: 0.0085 | loss_wuxing_diff: 0.0506 | rule: 30.4986 | group: 0.3974 | tree: 0.8748 | band: 0.1481
[Pairs] Epoch 299/2000 | total: 0.5555 | voltage: 0.0164 | classify: 0.5392 | conc: 0.0002 | consistency: 0.2200 | consist_valid: 6.1321 | consist_dummy: 1.7358 | loss_i0_polarity: 0.0064 | loss_wuxing_diff: 0.0455 | rule: 28.3808 | group: 0.4200 | tree: 0.8543 | band: 0.1439
[Pairs] Epoch 300/2000 | total: 0.5573 | voltage: 0.0162 | classify: 0.5417 | conc: 0.0001 | consistency: 0.1942 | consist_valid: 6.0943 | consist_dummy: 1.7925 | loss_i0_polarity: 0.0054 | loss_wuxing_diff: 0.0264 | rule: 27.3056 | group: 0.3761 | tree: 0.9305 | band: 0.1532
✅ 模型已保存到 /home/cagalii/Application/ion_detect/output/trained_model_save/20251213b/trained_model_epoch_300.pth
📁 损失值已保存到 /home/cagalii/Application/ion_detect/output/trained_model_save/20251213b/training_loss_epoch_300.csv
[Pairs] Epoch 301/2000 | total: 0.5684 | voltage: 0.0164 | classify: 0.5484 | conc: 0.0001 | consistency: 0.1998 | consist_valid: 6.3585 | consist_dummy: 1.5094 | loss_i0_polarity: 0.0025 | loss_wuxing_diff: 0.0394 | rule: 35.9577 | group: 0.3915 | tree: 0.8494 | band: 0.1457
[Pairs] Epoch 302/2000 | total: 0.5403 | voltage: 0.0157 | classify: 0.5273 | conc: 0.0001 | consistency: 0.2300 | consist_valid: 6.1698 | consist_dummy: 1.6981 | loss_i0_polarity: 0.0033 | loss_wuxing_diff: 0.0554 | rule: 22.2058 | group: 0.4030 | tree: 0.8526 | band: 0.1482
[Pairs] Epoch 303/2000 | total: 0.5460 | voltage: 0.0161 | classify: 0.5339 | conc: 0.0001 | consistency: 0.2071 | consist_valid: 6.0943 | consist_dummy: 1.7736 | loss_i0_polarity: 0.0008 | loss_wuxing_diff: 0.0386 | rule: 20.1517 | group: 0.3979 | tree: 0.8900 | band: 0.1496
[Pairs] Epoch 304/2000 | total: 0.5378 | voltage: 0.0161 | classify: 0.5301 | conc: 0.0001 | consistency: 0.2057 | consist_valid: 5.9434 | consist_dummy: 1.9245 | loss_i0_polarity: 0.0012 | loss_wuxing_diff: 0.0341 | rule: 11.4783 | group: 0.4066 | tree: 0.8646 | band: 0.1477
[Pairs] Epoch 305/2000 | total: 0.5394 | voltage: 0.0146 | classify: 0.5313 | conc: 0.0001 | consistency: 0.2105 | consist_valid: 6.3019 | consist_dummy: 1.5660 | loss_i0_polarity: 0.0015 | loss_wuxing_diff: 0.0499 | rule: 12.4318 | group: 0.4005 | tree: 0.8506 | band: 0.1511
[Pairs] Epoch 306/2000 | total: 0.5398 | voltage: 0.0156 | classify: 0.5314 | conc: 0.0001 | consistency: 0.1993 | consist_valid: 6.0566 | consist_dummy: 1.8113 | loss_i0_polarity: 0.0011 | loss_wuxing_diff: 0.0301 | rule: 12.7334 | group: 0.3706 | tree: 0.9213 | band: 0.1494
[Pairs] Epoch 307/2000 | total: 0.5551 | voltage: 0.0160 | classify: 0.5396 | conc: 0.0001 | consistency: 0.2182 | consist_valid: 6.0943 | consist_dummy: 1.7736 | loss_i0_polarity: 0.0007 | loss_wuxing_diff: 0.0500 | rule: 26.9112 | group: 0.4024 | tree: 0.9290 | band: 0.1481
[Pairs] Epoch 308/2000 | total: 0.5518 | voltage: 0.0136 | classify: 0.5395 | conc: 0.0002 | consistency: 0.1975 | consist_valid: 6.1887 | consist_dummy: 1.6792 | loss_i0_polarity: 0.0018 | loss_wuxing_diff: 0.0369 | rule: 20.8972 | group: 0.4052 | tree: 0.9118 | band: 0.1494
[Pairs] Epoch 309/2000 | total: 0.5457 | voltage: 0.0156 | classify: 0.5334 | conc: 0.0001 | consistency: 0.1897 | consist_valid: 6.1509 | consist_dummy: 1.7358 | loss_i0_polarity: 0.0015 | loss_wuxing_diff: 0.0337 | rule: 20.7641 | group: 0.3896 | tree: 0.7690 | band: 0.1477
[Pairs] Epoch 310/2000 | total: 0.5661 | voltage: 0.0166 | classify: 0.5521 | conc: 0.0001 | consistency: 0.2100 | consist_valid: 6.0566 | consist_dummy: 1.8113 | loss_i0_polarity: 0.0017 | loss_wuxing_diff: 0.0501 | rule: 24.0094 | group: 0.4156 | tree: 0.8780 | band: 0.1503
✅ 模型已保存到 /home/cagalii/Application/ion_detect/output/trained_model_save/20251213b/trained_model_epoch_310.pth
📁 损失值已保存到 /home/cagalii/Application/ion_detect/output/trained_model_save/20251213b/training_loss_epoch_310.csv
[Pairs] Epoch 311/2000 | total: 0.6341 | voltage: 0.0173 | classify: 0.6227 | conc: 0.0002 | consistency: 0.2058 | consist_valid: 6.1887 | consist_dummy: 1.6792 | loss_i0_polarity: 0.0031 | loss_wuxing_diff: 0.0431 | rule: 18.4579 | group: 0.3850 | tree: 0.9289 | band: 0.1450
[Pairs] Epoch 312/2000 | total: 0.7776 | voltage: 0.0216 | classify: 0.7594 | conc: 0.0002 | consistency: 0.2080 | consist_valid: 6.0000 | consist_dummy: 1.8868 | loss_i0_polarity: 0.0000 | loss_wuxing_diff: 0.0612 | rule: 31.5092 | group: 0.4550 | tree: 1.0722 | band: 0.1541
[Pairs] Epoch 313/2000 | total: 0.7830 | voltage: 0.0353 | classify: 0.7621 | conc: 0.0002 | consistency: 0.2339 | consist_valid: 6.0755 | consist_dummy: 1.7925 | loss_i0_polarity: 0.0011 | loss_wuxing_diff: 0.0638 | rule: 35.6035 | group: 0.4673 | tree: 0.9344 | band: 0.1531
[Pairs] Epoch 314/2000 | total: 0.5718 | voltage: 0.0227 | classify: 0.5562 | conc: 0.0001 | consistency: 0.2185 | consist_valid: 6.0755 | consist_dummy: 1.8113 | loss_i0_polarity: 0.0000 | loss_wuxing_diff: 0.0670 | rule: 26.6620 | group: 0.3652 | tree: 0.8479 | band: 0.1461
[Pairs] Epoch 315/2000 | total: 0.5481 | voltage: 0.0143 | classify: 0.5371 | conc: 0.0001 | consistency: 0.2201 | consist_valid: 6.0189 | consist_dummy: 1.8491 | loss_i0_polarity: 0.0002 | loss_wuxing_diff: 0.0604 | rule: 18.2283 | group: 0.3716 | tree: 0.8707 | band: 0.1467
[Pairs] Epoch 316/2000 | total: 0.8053 | voltage: 0.0200 | classify: 0.7919 | conc: 0.0002 | consistency: 0.2422 | consist_valid: 5.9811 | consist_dummy: 1.8868 | loss_i0_polarity: 0.0123 | loss_wuxing_diff: 0.0818 | rule: 22.3071 | group: 0.3618 | tree: 0.8622 | band: 0.1491
[Pairs] Epoch 317/2000 | total: 0.6066 | voltage: 0.0185 | classify: 0.5945 | conc: 0.0001 | consistency: 0.2258 | consist_valid: 5.6981 | consist_dummy: 2.1698 | loss_i0_polarity: 0.0136 | loss_wuxing_diff: 0.0626 | rule: 20.1776 | group: 0.3480 | tree: 0.8706 | band: 0.1443
[Pairs] Epoch 318/2000 | total: 0.6136 | voltage: 0.0154 | classify: 0.5987 | conc: 0.0001 | consistency: 0.2076 | consist_valid: 6.0566 | consist_dummy: 1.8113 | loss_i0_polarity: 0.0098 | loss_wuxing_diff: 0.0667 | rule: 25.9488 | group: 0.3758 | tree: 0.7959 | band: 0.1533
[Pairs] Epoch 319/2000 | total: 0.5721 | voltage: 0.0164 | classify: 0.5605 | conc: 0.0001 | consistency: 0.2336 | consist_valid: 6.0566 | consist_dummy: 1.8113 | loss_i0_polarity: 0.0000 | loss_wuxing_diff: 0.0679 | rule: 19.1247 | group: 0.3891 | tree: 0.8612 | band: 0.1476
[Pairs] Epoch 320/2000 | total: 0.5629 | voltage: 0.0153 | classify: 0.5496 | conc: 0.0001 | consistency: 0.1967 | consist_valid: 6.0000 | consist_dummy: 1.8868 | loss_i0_polarity: 0.0000 | loss_wuxing_diff: 0.0394 | rule: 22.8497 | group: 0.3430 | tree: 0.8973 | band: 0.1497
✅ 模型已保存到 /home/cagalii/Application/ion_detect/output/trained_model_save/20251213b/trained_model_epoch_320.pth
📁 损失值已保存到 /home/cagalii/Application/ion_detect/output/trained_model_save/20251213b/training_loss_epoch_320.csv
[Pairs] Epoch 321/2000 | total: 0.5582 | voltage: 0.0133 | classify: 0.5455 | conc: 0.0001 | consistency: 0.2076 | consist_valid: 5.8868 | consist_dummy: 1.9811 | loss_i0_polarity: 0.0000 | loss_wuxing_diff: 0.0369 | rule: 21.8930 | group: 0.3524 | tree: 0.8173 | band: 0.1472
[Pairs] Epoch 322/2000 | total: 0.7344 | voltage: 0.0176 | classify: 0.7143 | conc: 0.0002 | consistency: 0.2154 | consist_valid: 6.0943 | consist_dummy: 1.7736 | loss_i0_polarity: 0.0121 | loss_wuxing_diff: 0.0608 | rule: 35.8402 | group: 0.3821 | tree: 0.8990 | band: 0.1513
[Pairs] Epoch 323/2000 | total: 0.6499 | voltage: 0.0161 | classify: 0.6411 | conc: 0.0001 | consistency: 0.2274 | consist_valid: 6.0189 | consist_dummy: 1.8679 | loss_i0_polarity: 0.0356 | loss_wuxing_diff: 0.0570 | rule: 13.5312 | group: 0.4030 | tree: 0.8695 | band: 0.1566
[Pairs] Epoch 324/2000 | total: 0.6197 | voltage: 0.0144 | classify: 0.6064 | conc: 0.0001 | consistency: 0.2212 | consist_valid: 5.9434 | consist_dummy: 1.9245 | loss_i0_polarity: 0.0222 | loss_wuxing_diff: 0.0583 | rule: 22.6848 | group: 0.3915 | tree: 0.8184 | band: 0.1507
[Pairs] Epoch 325/2000 | total: 0.6081 | voltage: 0.0205 | classify: 0.5988 | conc: 0.0001 | consistency: 0.2210 | consist_valid: 6.1887 | consist_dummy: 1.6981 | loss_i0_polarity: 0.0054 | loss_wuxing_diff: 0.0527 | rule: 14.1512 | group: 0.3520 | tree: 0.8548 | band: 0.1518
[Pairs] Epoch 326/2000 | total: 0.8113 | voltage: 0.0177 | classify: 0.8011 | conc: 0.0002 | consistency: 0.2267 | consist_valid: 6.0943 | consist_dummy: 1.7736 | loss_i0_polarity: 0.1228 | loss_wuxing_diff: 0.0498 | rule: 16.1272 | group: 0.4186 | tree: 0.8899 | band: 0.1454
[Pairs] Epoch 327/2000 | total: 0.6368 | voltage: 0.0157 | classify: 0.6287 | conc: 0.0001 | consistency: 0.2112 | consist_valid: 5.9623 | consist_dummy: 1.9057 | loss_i0_polarity: 0.1277 | loss_wuxing_diff: 0.0620 | rule: 12.3848 | group: 0.3679 | tree: 0.7712 | band: 0.1464
[Pairs] Epoch 328/2000 | total: 0.5941 | voltage: 0.0187 | classify: 0.5789 | conc: 0.0001 | consistency: 0.2186 | consist_valid: 6.0000 | consist_dummy: 1.8679 | loss_i0_polarity: 0.0356 | loss_wuxing_diff: 0.0735 | rule: 26.1474 | group: 0.3731 | tree: 0.8333 | band: 0.1428
[Pairs] Epoch 329/2000 | total: 0.5662 | voltage: 0.0177 | classify: 0.5527 | conc: 0.0002 | consistency: 0.2009 | consist_valid: 6.1698 | consist_dummy: 1.6981 | loss_i0_polarity: 0.0227 | loss_wuxing_diff: 0.0544 | rule: 22.8440 | group: 0.3297 | tree: 0.8272 | band: 0.1419
[Pairs] Epoch 330/2000 | total: 0.6510 | voltage: 0.0183 | classify: 0.6386 | conc: 0.0001 | consistency: 0.2174 | consist_valid: 6.0755 | consist_dummy: 1.7925 | loss_i0_polarity: 0.0140 | loss_wuxing_diff: 0.0521 | rule: 20.7743 | group: 0.3679 | tree: 0.8086 | band: 0.1415
✅ 模型已保存到 /home/cagalii/Application/ion_detect/output/trained_model_save/20251213b/trained_model_epoch_330.pth
📁 损失值已保存到 /home/cagalii/Application/ion_detect/output/trained_model_save/20251213b/training_loss_epoch_330.csv
[Pairs] Epoch 331/2000 | total: 0.5807 | voltage: 0.0175 | classify: 0.5640 | conc: 0.0001 | consistency: 0.2091 | consist_valid: 5.9811 | consist_dummy: 1.8868 | loss_i0_polarity: 0.0133 | loss_wuxing_diff: 0.0842 | rule: 29.4894 | group: 0.3783 | tree: 0.7560 | band: 0.1470
[Pairs] Epoch 332/2000 | total: 0.5620 | voltage: 0.0160 | classify: 0.5493 | conc: 0.0001 | consistency: 0.2064 | consist_valid: 6.0189 | consist_dummy: 1.8491 | loss_i0_polarity: 0.0061 | loss_wuxing_diff: 0.0644 | rule: 21.5322 | group: 0.3982 | tree: 0.8627 | band: 0.1435
[Pairs] Epoch 333/2000 | total: 0.5945 | voltage: 0.0172 | classify: 0.5801 | conc: 0.0001 | consistency: 0.2118 | consist_valid: 5.7547 | consist_dummy: 2.1132 | loss_i0_polarity: 0.0088 | loss_wuxing_diff: 0.0664 | rule: 24.7090 | group: 0.3689 | tree: 0.8375 | band: 0.1490
[Pairs] Epoch 334/2000 | total: 0.6351 | voltage: 0.0160 | classify: 0.6205 | conc: 0.0001 | consistency: 0.2023 | consist_valid: 6.0943 | consist_dummy: 1.7925 | loss_i0_polarity: 0.0072 | loss_wuxing_diff: 0.0516 | rule: 25.1635 | group: 0.3895 | tree: 0.8572 | band: 0.1483
[Pairs] Epoch 335/2000 | total: 0.5764 | voltage: 0.0138 | classify: 0.5655 | conc: 0.0001 | consistency: 0.2128 | consist_valid: 5.9811 | consist_dummy: 1.8868 | loss_i0_polarity: 0.0002 | loss_wuxing_diff: 0.0470 | rule: 18.1949 | group: 0.3643 | tree: 0.8360 | band: 0.1524
[Pairs] Epoch 336/2000 | total: 0.5818 | voltage: 0.0147 | classify: 0.5740 | conc: 0.0001 | consistency: 0.1958 | consist_valid: 5.9245 | consist_dummy: 1.9623 | loss_i0_polarity: 0.0003 | loss_wuxing_diff: 0.0327 | rule: 11.7618 | group: 0.3501 | tree: 0.8417 | band: 0.1529
[Pairs] Epoch 337/2000 | total: 0.6478 | voltage: 0.0137 | classify: 0.6324 | conc: 0.0001 | consistency: 0.2086 | consist_valid: 6.1321 | consist_dummy: 1.7547 | loss_i0_polarity: 0.0016 | loss_wuxing_diff: 0.0468 | rule: 27.3159 | group: 0.3428 | tree: 0.8041 | band: 0.1479
[Pairs] Epoch 338/2000 | total: 0.5980 | voltage: 0.0151 | classify: 0.5834 | conc: 0.0001 | consistency: 0.2068 | consist_valid: 6.3208 | consist_dummy: 1.5660 | loss_i0_polarity: 0.0025 | loss_wuxing_diff: 0.0554 | rule: 25.2671 | group: 0.3652 | tree: 0.8451 | band: 0.1485
[Pairs] Epoch 339/2000 | total: 0.5529 | voltage: 0.0154 | classify: 0.5401 | conc: 0.0001 | consistency: 0.1968 | consist_valid: 5.9811 | consist_dummy: 1.9057 | loss_i0_polarity: 0.0001 | loss_wuxing_diff: 0.0621 | rule: 21.8595 | group: 0.3648 | tree: 0.7898 | band: 0.1427
[Pairs] Epoch 340/2000 | total: 0.5524 | voltage: 0.0183 | classify: 0.5423 | conc: 0.0001 | consistency: 0.2121 | consist_valid: 6.0943 | consist_dummy: 1.7736 | loss_i0_polarity: 0.0000 | loss_wuxing_diff: 0.0647 | rule: 15.8906 | group: 0.3731 | tree: 0.8332 | band: 0.1500
✅ 模型已保存到 /home/cagalii/Application/ion_detect/output/trained_model_save/20251213b/trained_model_epoch_340.pth
📁 损失值已保存到 /home/cagalii/Application/ion_detect/output/trained_model_save/20251213b/training_loss_epoch_340.csv
[Pairs] Epoch 341/2000 | total: 0.5502 | voltage: 0.0147 | classify: 0.5396 | conc: 0.0001 | consistency: 0.2030 | consist_valid: 5.9245 | consist_dummy: 1.9434 | loss_i0_polarity: 0.0001 | loss_wuxing_diff: 0.0354 | rule: 17.5018 | group: 0.3624 | tree: 0.8431 | band: 0.1484
[Pairs] Epoch 342/2000 | total: 0.5510 | voltage: 0.0140 | classify: 0.5366 | conc: 0.0001 | consistency: 0.2230 | consist_valid: 6.1509 | consist_dummy: 1.7170 | loss_i0_polarity: 0.0002 | loss_wuxing_diff: 0.0573 | rule: 25.0381 | group: 0.3589 | tree: 0.8310 | band: 0.1529
[Pairs] Epoch 343/2000 | total: 0.5475 | voltage: 0.0146 | classify: 0.5343 | conc: 0.0001 | consistency: 0.2085 | consist_valid: 6.0943 | consist_dummy: 1.7925 | loss_i0_polarity: 0.0001 | loss_wuxing_diff: 0.0421 | rule: 22.6758 | group: 0.3698 | tree: 0.8284 | band: 0.1495
[Pairs] Epoch 344/2000 | total: 0.5592 | voltage: 0.0158 | classify: 0.5424 | conc: 0.0001 | consistency: 0.2079 | consist_valid: 5.8302 | consist_dummy: 2.0377 | loss_i0_polarity: 0.0001 | loss_wuxing_diff: 0.0347 | rule: 29.6400 | group: 0.3751 | tree: 0.8939 | band: 0.1493
[Pairs] Epoch 345/2000 | total: 0.5423 | voltage: 0.0141 | classify: 0.5338 | conc: 0.0001 | consistency: 0.1920 | consist_valid: 6.2453 | consist_dummy: 1.6226 | loss_i0_polarity: 0.0002 | loss_wuxing_diff: 0.0313 | rule: 13.4887 | group: 0.3749 | tree: 0.7988 | band: 0.1518
[Pairs] Epoch 346/2000 | total: 0.5488 | voltage: 0.0161 | classify: 0.5373 | conc: 0.0001 | consistency: 0.2102 | consist_valid: 6.3962 | consist_dummy: 1.4717 | loss_i0_polarity: 0.0001 | loss_wuxing_diff: 0.0562 | rule: 19.1883 | group: 0.3784 | tree: 0.8603 | band: 0.1512
[Pairs] Epoch 347/2000 | total: 0.5435 | voltage: 0.0145 | classify: 0.5330 | conc: 0.0001 | consistency: 0.1928 | consist_valid: 5.8491 | consist_dummy: 2.0377 | loss_i0_polarity: 0.0010 | loss_wuxing_diff: 0.0474 | rule: 17.3552 | group: 0.3740 | tree: 0.8193 | band: 0.1464
[Pairs] Epoch 348/2000 | total: 0.5464 | voltage: 0.0143 | classify: 0.5350 | conc: 0.0001 | consistency: 0.2020 | consist_valid: 5.7925 | consist_dummy: 2.0755 | loss_i0_polarity: 0.0025 | loss_wuxing_diff: 0.0394 | rule: 19.1823 | group: 0.3719 | tree: 0.8429 | band: 0.1483
[Pairs] Epoch 349/2000 | total: 0.5419 | voltage: 0.0133 | classify: 0.5307 | conc: 0.0001 | consistency: 0.2073 | consist_valid: 5.9434 | consist_dummy: 1.9434 | loss_i0_polarity: 0.0012 | loss_wuxing_diff: 0.0453 | rule: 18.7950 | group: 0.3862 | tree: 0.8328 | band: 0.1528
[Pairs] Epoch 350/2000 | total: 0.5418 | voltage: 0.0135 | classify: 0.5355 | conc: 0.0001 | consistency: 0.2100 | consist_valid: 6.0566 | consist_dummy: 1.8113 | loss_i0_polarity: 0.0015 | loss_wuxing_diff: 0.0479 | rule: 8.8734 | group: 0.3825 | tree: 0.8154 | band: 0.1524
✅ 模型已保存到 /home/cagalii/Application/ion_detect/output/trained_model_save/20251213b/trained_model_epoch_350.pth
📁 损失值已保存到 /home/cagalii/Application/ion_detect/output/trained_model_save/20251213b/training_loss_epoch_350.csv
[Pairs] Epoch 351/2000 | total: 0.5419 | voltage: 0.0141 | classify: 0.5317 | conc: 0.0001 | consistency: 0.1987 | consist_valid: 5.8302 | consist_dummy: 2.0377 | loss_i0_polarity: 0.0004 | loss_wuxing_diff: 0.0535 | rule: 16.6429 | group: 0.3952 | tree: 0.7819 | band: 0.1513
[Pairs] Epoch 352/2000 | total: 0.5561 | voltage: 0.0145 | classify: 0.5428 | conc: 0.0001 | consistency: 0.1946 | consist_valid: 6.2453 | consist_dummy: 1.6226 | loss_i0_polarity: 0.0006 | loss_wuxing_diff: 0.0413 | rule: 22.8918 | group: 0.3867 | tree: 0.8671 | band: 0.1525
[Pairs] Epoch 353/2000 | total: 0.5443 | voltage: 0.0128 | classify: 0.5330 | conc: 0.0001 | consistency: 0.1997 | consist_valid: 6.0377 | consist_dummy: 1.8302 | loss_i0_polarity: 0.0015 | loss_wuxing_diff: 0.0450 | rule: 18.9239 | group: 0.3521 | tree: 0.8238 | band: 0.1521
[Pairs] Epoch 354/2000 | total: 0.5534 | voltage: 0.0136 | classify: 0.5403 | conc: 0.0001 | consistency: 0.2004 | consist_valid: 6.2264 | consist_dummy: 1.6415 | loss_i0_polarity: 0.0009 | loss_wuxing_diff: 0.0553 | rule: 22.4775 | group: 0.4013 | tree: 0.8131 | band: 0.1493
[Pairs] Epoch 355/2000 | total: 0.5408 | voltage: 0.0169 | classify: 0.5323 | conc: 0.0001 | consistency: 0.2149 | consist_valid: 6.2642 | consist_dummy: 1.6038 | loss_i0_polarity: 0.0013 | loss_wuxing_diff: 0.0509 | rule: 13.0580 | group: 0.3704 | tree: 0.8355 | band: 0.1495
[Pairs] Epoch 356/2000 | total: 0.5495 | voltage: 0.0123 | classify: 0.5365 | conc: 0.0001 | consistency: 0.1889 | consist_valid: 6.2642 | consist_dummy: 1.6038 | loss_i0_polarity: 0.0020 | loss_wuxing_diff: 0.0351 | rule: 22.2647 | group: 0.3527 | tree: 0.8752 | band: 0.1496
[Pairs] Epoch 357/2000 | total: 0.5419 | voltage: 0.0132 | classify: 0.5290 | conc: 0.0001 | consistency: 0.1798 | consist_valid: 5.9811 | consist_dummy: 1.8868 | loss_i0_polarity: 0.0004 | loss_wuxing_diff: 0.0386 | rule: 22.5212 | group: 0.3623 | tree: 0.7553 | band: 0.1450
[Pairs] Epoch 358/2000 | total: 0.5413 | voltage: 0.0143 | classify: 0.5314 | conc: 0.0001 | consistency: 0.1889 | consist_valid: 6.1509 | consist_dummy: 1.7170 | loss_i0_polarity: 0.0016 | loss_wuxing_diff: 0.0289 | rule: 16.1321 | group: 0.3871 | tree: 0.7794 | band: 0.1473
[Pairs] Epoch 359/2000 | total: 0.5473 | voltage: 0.0148 | classify: 0.5350 | conc: 0.0001 | consistency: 0.2141 | consist_valid: 6.0566 | consist_dummy: 1.8113 | loss_i0_polarity: 0.0042 | loss_wuxing_diff: 0.0596 | rule: 20.7791 | group: 0.3830 | tree: 0.8776 | band: 0.1520
[Pairs] Epoch 360/2000 | total: 0.5345 | voltage: 0.0113 | classify: 0.5253 | conc: 0.0001 | consistency: 0.1804 | consist_valid: 5.6415 | consist_dummy: 2.2264 | loss_i0_polarity: 0.0005 | loss_wuxing_diff: 0.0304 | rule: 15.1114 | group: 0.3662 | tree: 0.8066 | band: 0.1448
✅ 模型已保存到 /home/cagalii/Application/ion_detect/output/trained_model_save/20251213b/trained_model_epoch_360.pth
📁 损失值已保存到 /home/cagalii/Application/ion_detect/output/trained_model_save/20251213b/training_loss_epoch_360.csv
[Pairs] Epoch 361/2000 | total: 0.5495 | voltage: 0.0148 | classify: 0.5362 | conc: 0.0001 | consistency: 0.1745 | consist_valid: 6.4151 | consist_dummy: 1.4528 | loss_i0_polarity: 0.0016 | loss_wuxing_diff: 0.0407 | rule: 22.8860 | group: 0.3829 | tree: 0.8257 | band: 0.1510
[Pairs] Epoch 362/2000 | total: 0.5403 | voltage: 0.0131 | classify: 0.5314 | conc: 0.0001 | consistency: 0.1822 | consist_valid: 5.9811 | consist_dummy: 1.8868 | loss_i0_polarity: 0.0009 | loss_wuxing_diff: 0.0394 | rule: 14.3552 | group: 0.3610 | tree: 0.8240 | band: 0.1490
[Pairs] Epoch 363/2000 | total: 0.5405 | voltage: 0.0133 | classify: 0.5289 | conc: 0.0001 | consistency: 0.1890 | consist_valid: 5.9623 | consist_dummy: 1.9057 | loss_i0_polarity: 0.0009 | loss_wuxing_diff: 0.0395 | rule: 19.6738 | group: 0.3709 | tree: 0.8316 | band: 0.1475
[Pairs] Epoch 364/2000 | total: 0.5523 | voltage: 0.0127 | classify: 0.5397 | conc: 0.0001 | consistency: 0.1988 | consist_valid: 6.0566 | consist_dummy: 1.8113 | loss_i0_polarity: 0.0027 | loss_wuxing_diff: 0.0506 | rule: 21.5052 | group: 0.3800 | tree: 0.8513 | band: 0.1553
[Pairs] Epoch 365/2000 | total: 0.5276 | voltage: 0.0126 | classify: 0.5215 | conc: 0.0001 | consistency: 0.1898 | consist_valid: 6.1132 | consist_dummy: 1.7547 | loss_i0_polarity: 0.0023 | loss_wuxing_diff: 0.0430 | rule: 8.6986 | group: 0.3678 | tree: 0.8011 | band: 0.1479
[Pairs] Epoch 366/2000 | total: 0.5384 | voltage: 0.0126 | classify: 0.5300 | conc: 0.0001 | consistency: 0.1758 | consist_valid: 6.4151 | consist_dummy: 1.4717 | loss_i0_polarity: 0.0035 | loss_wuxing_diff: 0.0317 | rule: 13.3965 | group: 0.3492 | tree: 0.7906 | band: 0.1446
[Pairs] Epoch 367/2000 | total: 0.5442 | voltage: 0.0134 | classify: 0.5324 | conc: 0.0001 | consistency: 0.1841 | consist_valid: 5.8679 | consist_dummy: 2.0189 | loss_i0_polarity: 0.0023 | loss_wuxing_diff: 0.0367 | rule: 20.0692 | group: 0.3565 | tree: 0.8142 | band: 0.1476
[Pairs] Epoch 368/2000 | total: 0.5486 | voltage: 0.0135 | classify: 0.5348 | conc: 0.0001 | consistency: 0.1779 | consist_valid: 5.6792 | consist_dummy: 2.1887 | loss_i0_polarity: 0.0017 | loss_wuxing_diff: 0.0295 | rule: 23.9325 | group: 0.3466 | tree: 0.8356 | band: 0.1467
[Pairs] Epoch 369/2000 | total: 0.5392 | voltage: 0.0131 | classify: 0.5300 | conc: 0.0001 | consistency: 0.1772 | consist_valid: 6.1887 | consist_dummy: 1.6981 | loss_i0_polarity: 0.0033 | loss_wuxing_diff: 0.0318 | rule: 14.9904 | group: 0.3639 | tree: 0.7922 | band: 0.1439
[Pairs] Epoch 370/2000 | total: 0.5455 | voltage: 0.0150 | classify: 0.5371 | conc: 0.0001 | consistency: 0.1782 | consist_valid: 6.0755 | consist_dummy: 1.7925 | loss_i0_polarity: 0.0024 | loss_wuxing_diff: 0.0417 | rule: 12.9235 | group: 0.3797 | tree: 0.8385 | band: 0.1504
✅ 模型已保存到 /home/cagalii/Application/ion_detect/output/trained_model_save/20251213b/trained_model_epoch_370.pth
📁 损失值已保存到 /home/cagalii/Application/ion_detect/output/trained_model_save/20251213b/training_loss_epoch_370.csv
[Pairs] Epoch 371/2000 | total: 0.5392 | voltage: 0.0135 | classify: 0.5299 | conc: 0.0001 | consistency: 0.1973 | consist_valid: 6.3396 | consist_dummy: 1.5283 | loss_i0_polarity: 0.0028 | loss_wuxing_diff: 0.0432 | rule: 15.0074 | group: 0.3697 | tree: 0.8225 | band: 0.1502
[Pairs] Epoch 372/2000 | total: 0.5458 | voltage: 0.0132 | classify: 0.5373 | conc: 0.0001 | consistency: 0.1812 | consist_valid: 6.1887 | consist_dummy: 1.6792 | loss_i0_polarity: 0.0024 | loss_wuxing_diff: 0.0383 | rule: 13.3467 | group: 0.4113 | tree: 0.8012 | band: 0.1507
[Pairs] Epoch 373/2000 | total: 0.5392 | voltage: 0.0131 | classify: 0.5275 | conc: 0.0001 | consistency: 0.1845 | consist_valid: 5.9245 | consist_dummy: 1.9434 | loss_i0_polarity: 0.0012 | loss_wuxing_diff: 0.0460 | rule: 19.9472 | group: 0.3650 | tree: 0.8206 | band: 0.1540
[Pairs] Epoch 374/2000 | total: 0.5496 | voltage: 0.0135 | classify: 0.5359 | conc: 0.0002 | consistency: 0.1725 | consist_valid: 5.9245 | consist_dummy: 1.9434 | loss_i0_polarity: 0.0016 | loss_wuxing_diff: 0.0364 | rule: 23.8585 | group: 0.3578 | tree: 0.8326 | band: 0.1522
[Pairs] Epoch 375/2000 | total: 0.5428 | voltage: 0.0123 | classify: 0.5358 | conc: 0.0001 | consistency: 0.1700 | consist_valid: 5.8302 | consist_dummy: 2.0377 | loss_i0_polarity: 0.0033 | loss_wuxing_diff: 0.0345 | rule: 10.4810 | group: 0.3594 | tree: 0.7392 | band: 0.1511
[Pairs] Epoch 376/2000 | total: 0.5377 | voltage: 0.0112 | classify: 0.5286 | conc: 0.0001 | consistency: 0.1773 | consist_valid: 6.0000 | consist_dummy: 1.8679 | loss_i0_polarity: 0.0034 | loss_wuxing_diff: 0.0356 | rule: 14.9589 | group: 0.3522 | tree: 0.7730 | band: 0.1471
[Pairs] Epoch 377/2000 | total: 0.5415 | voltage: 0.0121 | classify: 0.5347 | conc: 0.0001 | consistency: 0.1876 | consist_valid: 5.9811 | consist_dummy: 1.8868 | loss_i0_polarity: 0.0017 | loss_wuxing_diff: 0.0419 | rule: 10.1588 | group: 0.3738 | tree: 0.8900 | band: 0.1500
[Pairs] Epoch 378/2000 | total: 0.5515 | voltage: 0.0119 | classify: 0.5382 | conc: 0.0001 | consistency: 0.1730 | consist_valid: 6.1698 | consist_dummy: 1.7170 | loss_i0_polarity: 0.0025 | loss_wuxing_diff: 0.0352 | rule: 23.2563 | group: 0.3637 | tree: 0.8361 | band: 0.1488
[Pairs] Epoch 379/2000 | total: 0.5382 | voltage: 0.0114 | classify: 0.5310 | conc: 0.0001 | consistency: 0.1594 | consist_valid: 5.9245 | consist_dummy: 1.9623 | loss_i0_polarity: 0.0035 | loss_wuxing_diff: 0.0259 | rule: 11.0314 | group: 0.3445 | tree: 0.7720 | band: 0.1442
[Pairs] Epoch 380/2000 | total: 0.5417 | voltage: 0.0112 | classify: 0.5333 | conc: 0.0001 | consistency: 0.1665 | consist_valid: 6.1887 | consist_dummy: 1.6792 | loss_i0_polarity: 0.0020 | loss_wuxing_diff: 0.0267 | rule: 13.5939 | group: 0.3538 | tree: 0.7712 | band: 0.1530
✅ 模型已保存到 /home/cagalii/Application/ion_detect/output/trained_model_save/20251213b/trained_model_epoch_380.pth
📁 损失值已保存到 /home/cagalii/Application/ion_detect/output/trained_model_save/20251213b/training_loss_epoch_380.csv
[Pairs] Epoch 381/2000 | total: 0.5487 | voltage: 0.0121 | classify: 0.5382 | conc: 0.0001 | consistency: 0.1720 | consist_valid: 5.9811 | consist_dummy: 1.8868 | loss_i0_polarity: 0.0030 | loss_wuxing_diff: 0.0298 | rule: 17.5226 | group: 0.3691 | tree: 0.7769 | band: 0.1534
[Pairs] Epoch 382/2000 | total: 0.5494 | voltage: 0.0112 | classify: 0.5356 | conc: 0.0001 | consistency: 0.1564 | consist_valid: 5.9057 | consist_dummy: 1.9623 | loss_i0_polarity: 0.0028 | loss_wuxing_diff: 0.0321 | rule: 24.1649 | group: 0.3544 | tree: 0.7941 | band: 0.1489
[Pairs] Epoch 383/2000 | total: 0.5357 | voltage: 0.0118 | classify: 0.5262 | conc: 0.0001 | consistency: 0.1553 | consist_valid: 5.9623 | consist_dummy: 1.9057 | loss_i0_polarity: 0.0043 | loss_wuxing_diff: 0.0288 | rule: 15.6033 | group: 0.3716 | tree: 0.8210 | band: 0.1422
[Pairs] Epoch 384/2000 | total: 0.5457 | voltage: 0.0126 | classify: 0.5370 | conc: 0.0001 | consistency: 0.1726 | consist_valid: 6.2830 | consist_dummy: 1.5849 | loss_i0_polarity: 0.0075 | loss_wuxing_diff: 0.0343 | rule: 13.9433 | group: 0.3468 | tree: 0.8516 | band: 0.1452
[Pairs] Epoch 385/2000 | total: 0.5313 | voltage: 0.0112 | classify: 0.5260 | conc: 0.0001 | consistency: 0.1657 | consist_valid: 6.1321 | consist_dummy: 1.7358 | loss_i0_polarity: 0.0018 | loss_wuxing_diff: 0.0280 | rule: 7.2181 | group: 0.3679 | tree: 0.7689 | band: 0.1502
[Pairs] Epoch 386/2000 | total: 0.5520 | voltage: 0.0109 | classify: 0.5404 | conc: 0.0001 | consistency: 0.1591 | consist_valid: 5.9434 | consist_dummy: 1.9245 | loss_i0_polarity: 0.0034 | loss_wuxing_diff: 0.0334 | rule: 19.7825 | group: 0.3599 | tree: 0.8462 | band: 0.1555
[Pairs] Epoch 387/2000 | total: 0.5642 | voltage: 0.0135 | classify: 0.5476 | conc: 0.0002 | consistency: 0.1616 | consist_valid: 6.0189 | consist_dummy: 1.8679 | loss_i0_polarity: 0.0051 | loss_wuxing_diff: 0.0357 | rule: 29.6438 | group: 0.3616 | tree: 0.9157 | band: 0.1445
[Pairs] Epoch 388/2000 | total: 0.5398 | voltage: 0.0122 | classify: 0.5309 | conc: 0.0001 | consistency: 0.1651 | consist_valid: 5.9057 | consist_dummy: 1.9623 | loss_i0_polarity: 0.0036 | loss_wuxing_diff: 0.0273 | rule: 14.4876 | group: 0.3824 | tree: 0.8113 | band: 0.1425
[Pairs] Epoch 389/2000 | total: 0.5442 | voltage: 0.0122 | classify: 0.5357 | conc: 0.0001 | consistency: 0.1820 | consist_valid: 6.2642 | consist_dummy: 1.6038 | loss_i0_polarity: 0.0043 | loss_wuxing_diff: 0.0350 | rule: 13.5369 | group: 0.3562 | tree: 0.8471 | band: 0.1458
[Pairs] Epoch 390/2000 | total: 0.5453 | voltage: 0.0111 | classify: 0.5368 | conc: 0.0001 | consistency: 0.1637 | consist_valid: 5.8491 | consist_dummy: 2.0189 | loss_i0_polarity: 0.0015 | loss_wuxing_diff: 0.0341 | rule: 13.6800 | group: 0.3631 | tree: 0.8407 | band: 0.1500
✅ 模型已保存到 /home/cagalii/Application/ion_detect/output/trained_model_save/20251213b/trained_model_epoch_390.pth
📁 损失值已保存到 /home/cagalii/Application/ion_detect/output/trained_model_save/20251213b/training_loss_epoch_390.csv
[Pairs] Epoch 391/2000 | total: 0.5399 | voltage: 0.0106 | classify: 0.5308 | conc: 0.0001 | consistency: 0.1540 | consist_valid: 5.9057 | consist_dummy: 1.9623 | loss_i0_polarity: 0.0016 | loss_wuxing_diff: 0.0240 | rule: 14.8562 | group: 0.3868 | tree: 0.8063 | band: 0.1530
[Pairs] Epoch 392/2000 | total: 0.5364 | voltage: 0.0133 | classify: 0.5297 | conc: 0.0001 | consistency: 0.1648 | consist_valid: 5.9057 | consist_dummy: 1.9623 | loss_i0_polarity: 0.0032 | loss_wuxing_diff: 0.0298 | rule: 9.9018 | group: 0.3489 | tree: 0.8313 | band: 0.1511
[Pairs] Epoch 393/2000 | total: 0.5473 | voltage: 0.0137 | classify: 0.5345 | conc: 0.0001 | consistency: 0.1708 | consist_valid: 5.8679 | consist_dummy: 2.0000 | loss_i0_polarity: 0.0034 | loss_wuxing_diff: 0.0345 | rule: 21.9740 | group: 0.3968 | tree: 0.9126 | band: 0.1473
[Pairs] Epoch 394/2000 | total: 0.5396 | voltage: 0.0130 | classify: 0.5307 | conc: 0.0001 | consistency: 0.1523 | consist_valid: 6.0755 | consist_dummy: 1.7925 | loss_i0_polarity: 0.0038 | loss_wuxing_diff: 0.0283 | rule: 14.2357 | group: 0.3691 | tree: 0.8153 | band: 0.1513
[Pairs] Epoch 395/2000 | total: 0.5596 | voltage: 0.0166 | classify: 0.5478 | conc: 0.0002 | consistency: 0.1598 | consist_valid: 6.1509 | consist_dummy: 1.7170 | loss_i0_polarity: 0.0034 | loss_wuxing_diff: 0.0369 | rule: 19.5534 | group: 0.3659 | tree: 0.8867 | band: 0.1495
[Pairs] Epoch 396/2000 | total: 0.5410 | voltage: 0.0214 | classify: 0.5332 | conc: 0.0001 | consistency: 0.1581 | consist_valid: 5.8302 | consist_dummy: 2.0377 | loss_i0_polarity: 0.0024 | loss_wuxing_diff: 0.0235 | rule: 11.3197 | group: 0.3476 | tree: 0.8072 | band: 0.1493
[Pairs] Epoch 397/2000 | total: 0.5519 | voltage: 0.0105 | classify: 0.5407 | conc: 0.0001 | consistency: 0.1617 | consist_valid: 6.0943 | consist_dummy: 1.7925 | loss_i0_polarity: 0.0024 | loss_wuxing_diff: 0.0323 | rule: 19.1193 | group: 0.3595 | tree: 0.8582 | band: 0.1547
[Pairs] Epoch 398/2000 | total: 0.5361 | voltage: 0.0143 | classify: 0.5271 | conc: 0.0001 | consistency: 0.1502 | consist_valid: 6.1132 | consist_dummy: 1.7547 | loss_i0_polarity: 0.0011 | loss_wuxing_diff: 0.0354 | rule: 14.4141 | group: 0.3844 | tree: 0.7928 | band: 0.1484
[Pairs] Epoch 399/2000 | total: 0.5553 | voltage: 0.0115 | classify: 0.5439 | conc: 0.0002 | consistency: 0.1534 | consist_valid: 6.0943 | consist_dummy: 1.7925 | loss_i0_polarity: 0.0020 | loss_wuxing_diff: 0.0194 | rule: 19.3182 | group: 0.3657 | tree: 0.8647 | band: 0.1501
[Pairs] Epoch 400/2000 | total: 0.5422 | voltage: 0.0103 | classify: 0.5331 | conc: 0.0001 | consistency: 0.1524 | consist_valid: 6.3774 | consist_dummy: 1.4906 | loss_i0_polarity: 0.0038 | loss_wuxing_diff: 0.0270 | rule: 14.9799 | group: 0.3822 | tree: 0.7963 | band: 0.1516
✅ 模型已保存到 /home/cagalii/Application/ion_detect/output/trained_model_save/20251213b/trained_model_epoch_400.pth
📁 损失值已保存到 /home/cagalii/Application/ion_detect/output/trained_model_save/20251213b/training_loss_epoch_400.csv
[Pairs] Epoch 401/2000 | total: 0.5473 | voltage: 0.0127 | classify: 0.5367 | conc: 0.0001 | consistency: 0.1667 | consist_valid: 6.1321 | consist_dummy: 1.7547 | loss_i0_polarity: 0.0035 | loss_wuxing_diff: 0.0327 | rule: 17.6635 | group: 0.3737 | tree: 0.8310 | band: 0.1428
[Pairs] Epoch 402/2000 | total: 0.5447 | voltage: 0.0104 | classify: 0.5358 | conc: 0.0001 | consistency: 0.1493 | consist_valid: 6.2830 | consist_dummy: 1.6038 | loss_i0_polarity: 0.0064 | loss_wuxing_diff: 0.0207 | rule: 14.5562 | group: 0.3935 | tree: 0.7938 | band: 0.1511
[Pairs] Epoch 403/2000 | total: 0.5486 | voltage: 0.0093 | classify: 0.5392 | conc: 0.0001 | consistency: 0.1621 | consist_valid: 5.9245 | consist_dummy: 1.9434 | loss_i0_polarity: 0.0020 | loss_wuxing_diff: 0.0223 | rule: 15.6314 | group: 0.3700 | tree: 0.8294 | band: 0.1447
[Pairs] Epoch 404/2000 | total: 0.5363 | voltage: 0.0119 | classify: 0.5284 | conc: 0.0001 | consistency: 0.1574 | consist_valid: 5.9811 | consist_dummy: 1.9057 | loss_i0_polarity: 0.0011 | loss_wuxing_diff: 0.0349 | rule: 12.5451 | group: 0.3805 | tree: 0.8181 | band: 0.1441
[Pairs] Epoch 405/2000 | total: 0.5443 | voltage: 0.0138 | classify: 0.5379 | conc: 0.0001 | consistency: 0.1457 | consist_valid: 6.0000 | consist_dummy: 1.8868 | loss_i0_polarity: 0.0052 | loss_wuxing_diff: 0.0236 | rule: 9.3059 | group: 0.3660 | tree: 0.8523 | band: 0.1424
[Pairs] Epoch 406/2000 | total: 0.5394 | voltage: 0.0110 | classify: 0.5307 | conc: 0.0001 | consistency: 0.1514 | consist_valid: 6.0000 | consist_dummy: 1.8868 | loss_i0_polarity: 0.0022 | loss_wuxing_diff: 0.0214 | rule: 14.2501 | group: 0.3691 | tree: 0.7892 | band: 0.1488
[Pairs] Epoch 407/2000 | total: 0.5509 | voltage: 0.0115 | classify: 0.5415 | conc: 0.0001 | consistency: 0.1662 | consist_valid: 6.0189 | consist_dummy: 1.8679 | loss_i0_polarity: 0.0023 | loss_wuxing_diff: 0.0319 | rule: 15.4629 | group: 0.3798 | tree: 0.8040 | band: 0.1475
[Pairs] Epoch 408/2000 | total: 0.5486 | voltage: 0.0131 | classify: 0.5378 | conc: 0.0001 | consistency: 0.1495 | consist_valid: 5.8113 | consist_dummy: 2.0566 | loss_i0_polarity: 0.0034 | loss_wuxing_diff: 0.0213 | rule: 17.9925 | group: 0.3692 | tree: 0.8044 | band: 0.1462
[Pairs] Epoch 409/2000 | total: 0.5397 | voltage: 0.0104 | classify: 0.5306 | conc: 0.0001 | consistency: 0.1533 | consist_valid: 6.2075 | consist_dummy: 1.6604 | loss_i0_polarity: 0.0024 | loss_wuxing_diff: 0.0194 | rule: 14.9573 | group: 0.3819 | tree: 0.8100 | band: 0.1474
[Pairs] Epoch 410/2000 | total: 0.5357 | voltage: 0.0086 | classify: 0.5294 | conc: 0.0001 | consistency: 0.1481 | consist_valid: 6.1509 | consist_dummy: 1.7358 | loss_i0_polarity: 0.0021 | loss_wuxing_diff: 0.0182 | rule: 9.6337 | group: 0.3868 | tree: 0.7948 | band: 0.1453
✅ 模型已保存到 /home/cagalii/Application/ion_detect/output/trained_model_save/20251213b/trained_model_epoch_410.pth
📁 损失值已保存到 /home/cagalii/Application/ion_detect/output/trained_model_save/20251213b/training_loss_epoch_410.csv
[Pairs] Epoch 411/2000 | total: 0.5418 | voltage: 0.0115 | classify: 0.5319 | conc: 0.0001 | consistency: 0.1567 | consist_valid: 5.9245 | consist_dummy: 1.9434 | loss_i0_polarity: 0.0033 | loss_wuxing_diff: 0.0187 | rule: 16.3344 | group: 0.3775 | tree: 0.9145 | band: 0.1460
[Pairs] Epoch 412/2000 | total: 0.5417 | voltage: 0.0109 | classify: 0.5306 | conc: 0.0001 | consistency: 0.1481 | consist_valid: 6.1887 | consist_dummy: 1.6981 | loss_i0_polarity: 0.0046 | loss_wuxing_diff: 0.0204 | rule: 18.9237 | group: 0.3584 | tree: 0.7935 | band: 0.1453
[Pairs] Epoch 413/2000 | total: 0.5369 | voltage: 0.0092 | classify: 0.5294 | conc: 0.0001 | consistency: 0.1416 | consist_valid: 5.8679 | consist_dummy: 2.0000 | loss_i0_polarity: 0.0025 | loss_wuxing_diff: 0.0185 | rule: 12.0219 | group: 0.3788 | tree: 0.8008 | band: 0.1437
[Pairs] Epoch 414/2000 | total: 0.5463 | voltage: 0.0122 | classify: 0.5391 | conc: 0.0001 | consistency: 0.1593 | consist_valid: 5.8113 | consist_dummy: 2.0566 | loss_i0_polarity: 0.0024 | loss_wuxing_diff: 0.0331 | rule: 10.9694 | group: 0.3716 | tree: 0.7679 | band: 0.1437
[Pairs] Epoch 415/2000 | total: 0.5424 | voltage: 0.0124 | classify: 0.5343 | conc: 0.0001 | consistency: 0.1404 | consist_valid: 5.9434 | consist_dummy: 1.9434 | loss_i0_polarity: 0.0048 | loss_wuxing_diff: 0.0278 | rule: 12.8515 | group: 0.3701 | tree: 0.8177 | band: 0.1458
[Pairs] Epoch 416/2000 | total: 0.5411 | voltage: 0.0113 | classify: 0.5330 | conc: 0.0001 | consistency: 0.1505 | consist_valid: 6.0000 | consist_dummy: 1.8679 | loss_i0_polarity: 0.0008 | loss_wuxing_diff: 0.0260 | rule: 13.0096 | group: 0.3471 | tree: 0.8349 | band: 0.1407
[Pairs] Epoch 417/2000 | total: 0.5503 | voltage: 0.0105 | classify: 0.5404 | conc: 0.0001 | consistency: 0.1364 | consist_valid: 6.0377 | consist_dummy: 1.8491 | loss_i0_polarity: 0.0036 | loss_wuxing_diff: 0.0185 | rule: 16.6696 | group: 0.3756 | tree: 0.8516 | band: 0.1536
[Pairs] Epoch 418/2000 | total: 0.5372 | voltage: 0.0117 | classify: 0.5295 | conc: 0.0001 | consistency: 0.1425 | consist_valid: 6.2264 | consist_dummy: 1.6415 | loss_i0_polarity: 0.0026 | loss_wuxing_diff: 0.0235 | rule: 12.0594 | group: 0.3554 | tree: 0.7742 | band: 0.1417
[Pairs] Epoch 419/2000 | total: 0.5509 | voltage: 0.0118 | classify: 0.5414 | conc: 0.0001 | consistency: 0.1515 | consist_valid: 6.0189 | consist_dummy: 1.8491 | loss_i0_polarity: 0.0036 | loss_wuxing_diff: 0.0205 | rule: 15.5546 | group: 0.3801 | tree: 0.8148 | band: 0.1457
[Pairs] Epoch 420/2000 | total: 0.5371 | voltage: 0.0113 | classify: 0.5299 | conc: 0.0001 | consistency: 0.1387 | consist_valid: 5.7736 | consist_dummy: 2.0943 | loss_i0_polarity: 0.0019 | loss_wuxing_diff: 0.0153 | rule: 11.2302 | group: 0.3816 | tree: 0.8378 | band: 0.1404
✅ 模型已保存到 /home/cagalii/Application/ion_detect/output/trained_model_save/20251213b/trained_model_epoch_420.pth
📁 损失值已保存到 /home/cagalii/Application/ion_detect/output/trained_model_save/20251213b/training_loss_epoch_420.csv
[Pairs] Epoch 421/2000 | total: 0.5510 | voltage: 0.0122 | classify: 0.5406 | conc: 0.0001 | consistency: 0.1465 | consist_valid: 6.3585 | consist_dummy: 1.5094 | loss_i0_polarity: 0.0070 | loss_wuxing_diff: 0.0185 | rule: 17.4436 | group: 0.3555 | tree: 0.8337 | band: 0.1461
[Pairs] Epoch 422/2000 | total: 0.5361 | voltage: 0.0122 | classify: 0.5286 | conc: 0.0001 | consistency: 0.1539 | consist_valid: 6.0377 | consist_dummy: 1.8302 | loss_i0_polarity: 0.0029 | loss_wuxing_diff: 0.0291 | rule: 11.8032 | group: 0.3582 | tree: 0.8433 | band: 0.1392
[Pairs] Epoch 423/2000 | total: 0.9906 | voltage: 0.0161 | classify: 0.9782 | conc: 0.0002 | consistency: 0.1640 | consist_valid: 6.1132 | consist_dummy: 1.7547 | loss_i0_polarity: 0.1594 | loss_wuxing_diff: 0.0276 | rule: 20.4740 | group: 0.4302 | tree: 0.9338 | band: 0.1468
[Pairs] Epoch 424/2000 | total: 1.8246 | voltage: 0.0535 | classify: 1.8073 | conc: 0.0005 | consistency: 0.1832 | consist_valid: 6.1698 | consist_dummy: 1.6981 | loss_i0_polarity: 0.2235 | loss_wuxing_diff: 0.0307 | rule: 24.5404 | group: 0.8382 | tree: 1.9984 | band: 0.1194
[Pairs] Epoch 425/2000 | total: 0.8158 | voltage: 0.0192 | classify: 0.8065 | conc: 0.0003 | consistency: 0.1773 | consist_valid: 5.9623 | consist_dummy: 1.9057 | loss_i0_polarity: 0.1552 | loss_wuxing_diff: 0.0219 | rule: 13.9138 | group: 0.4143 | tree: 0.8930 | band: 0.1398
[Pairs] Epoch 426/2000 | total: 0.7914 | voltage: 0.0154 | classify: 0.7821 | conc: 0.0001 | consistency: 0.1651 | consist_valid: 5.9434 | consist_dummy: 1.9434 | loss_i0_polarity: 0.1722 | loss_wuxing_diff: 0.0150 | rule: 14.8144 | group: 0.3973 | tree: 0.8649 | band: 0.1399
[Pairs] Epoch 427/2000 | total: 0.6492 | voltage: 0.0176 | classify: 0.6368 | conc: 0.0002 | consistency: 0.1506 | consist_valid: 6.0566 | consist_dummy: 1.8113 | loss_i0_polarity: 0.2927 | loss_wuxing_diff: 0.0469 | rule: 20.5201 | group: 0.4034 | tree: 0.8350 | band: 0.1426
[Pairs] Epoch 428/2000 | total: 0.8581 | voltage: 0.0187 | classify: 0.8496 | conc: 0.0001 | consistency: 0.1693 | consist_valid: 5.9245 | consist_dummy: 1.9434 | loss_i0_polarity: 0.4150 | loss_wuxing_diff: 0.0703 | rule: 12.4585 | group: 0.3935 | tree: 1.0152 | band: 0.1428
[Pairs] Epoch 429/2000 | total: 0.6623 | voltage: 0.0175 | classify: 0.6514 | conc: 0.0001 | consistency: 0.1751 | consist_valid: 6.2264 | consist_dummy: 1.6604 | loss_i0_polarity: 0.2622 | loss_wuxing_diff: 0.0566 | rule: 17.6222 | group: 0.3560 | tree: 0.8075 | band: 0.1480
[Pairs] Epoch 430/2000 | total: 0.6143 | voltage: 0.0164 | classify: 0.6043 | conc: 0.0002 | consistency: 0.1741 | consist_valid: 6.3019 | consist_dummy: 1.5660 | loss_i0_polarity: 0.1951 | loss_wuxing_diff: 0.0725 | rule: 15.9577 | group: 0.3684 | tree: 0.7566 | band: 0.1534
✅ 模型已保存到 /home/cagalii/Application/ion_detect/output/trained_model_save/20251213b/trained_model_epoch_430.pth
📁 损失值已保存到 /home/cagalii/Application/ion_detect/output/trained_model_save/20251213b/training_loss_epoch_430.csv
[Pairs] Epoch 431/2000 | total: 0.6274 | voltage: 0.0140 | classify: 0.6190 | conc: 0.0001 | consistency: 0.1776 | consist_valid: 6.3585 | consist_dummy: 1.5094 | loss_i0_polarity: 0.1370 | loss_wuxing_diff: 0.0436 | rule: 13.2799 | group: 0.3964 | tree: 0.7688 | band: 0.1533
[Pairs] Epoch 432/2000 | total: 0.5963 | voltage: 0.0141 | classify: 0.5882 | conc: 0.0001 | consistency: 0.1723 | consist_valid: 6.0189 | consist_dummy: 1.8491 | loss_i0_polarity: 0.1050 | loss_wuxing_diff: 0.0453 | rule: 12.5199 | group: 0.3700 | tree: 0.7624 | band: 0.1473
[Pairs] Epoch 433/2000 | total: 0.6193 | voltage: 0.0138 | classify: 0.6103 | conc: 0.0001 | consistency: 0.1750 | consist_valid: 6.0189 | consist_dummy: 1.8679 | loss_i0_polarity: 0.0926 | loss_wuxing_diff: 0.0289 | rule: 14.3940 | group: 0.3749 | tree: 0.7801 | band: 0.1555
