{
  "volt_min": 1.628691446296286,
  "volt_max": 3.432954442592591,
  "impe_mag_mean": [
    0.03594793931465818,
    0.042989281262726935,
    0.04343362532355579,
    0.043698595702625125,
    0.044015758204107296,
    0.044352507538675645,
    0.04473260894105773,
    0.04514278170519472,
    0.045580710269017846,
    0.046036315429630825,
    0.0465406127827687,
    0.04703057851943766,
    0.047530737000087774,
    0.04808412659350134,
    0.048643493714679804,
    0.04925714653529571,
    0.04986110266586498,
    0.050551619920416874,
    0.05127178022025913,
    0.05202568425337244,
    0.052874586471783724,
    0.0537926184453292,
    0.05480695444301086,
    0.055922823721340144,
    0.05724514307238079,
    0.05862562973194519,
    0.06019610108419204,
    0.06208642987130067,
    0.06378133161565047,
    0.06577039607606562,
    0.06792166671313205,
    0.07049233205187994,
    0.0728884532712477,
    0.07537273719967555,
    0.0780966827243693,
    0.08102215031522385,
    0.08424113774283835,
    0.08762333366126858,
    0.09103707347158367,
    0.09445783485357451,
    0.09780714719919355,
    0.10114042618089483,
    0.10452390473782298,
    0.10770721245712618,
    0.11072275075168125,
    0.11450394707608678,
    0.11716564920095997,
    0.11947578704452787,
    0.12157694084818042,
    0.12327594615295141,
    0.12466268069288007,
    0.1257098925430096,
    0.12637697566145964,
    0.12668296111059085,
    0.12673044320239427,
    0.1268169978785221,
    0.12660199932617008,
    0.12609132829134784,
    0.12550419839928836,
    0.1248227790017595,
    0.12410196211627278,
    0.12336428944349132,
    0.12260354450865497
  ],
  "impe_mag_std": [
    0.018143819811348844,
    0.008795781458445203,
    0.00884751691903142,
    0.00907506922988661,
    0.009348327927561064,
    0.009662143694682688,
    0.010000778545322362,
    0.010372413000029786,
    0.010767557008522317,
    0.01117877304505249,
    0.011645035330336216,
    0.01210569150562082,
    0.012588555383596375,
    0.01312635337498039,
    0.013683975785127997,
    0.01429756315592022,
    0.014905080890606628,
    0.01559789119397931,
    0.016337134780328798,
    0.01709599709360521,
    0.01795265234522707,
    0.018836805715620467,
    0.019798271483591975,
    0.0207904957143431,
    0.02193618887300407,
    0.023084480816279493,
    0.024381986291518123,
    0.025967439031426107,
    0.027359446543877643,
    0.02908954374200515,
    0.030812174061497395,
    0.03334839853802468,
    0.03577243238721999,
    0.038467574796132185,
    0.04162457907312626,
    0.045257270580169505,
    0.04950706583540297,
    0.05420496527424905,
    0.05915267273960215,
    0.06416901402867488,
    0.06923787449315982,
    0.07427844306258402,
    0.07949297591525539,
    0.08429187997727929,
    0.08876954097850898,
    0.09424951038551325,
    0.09787167905695808,
    0.1008427049244776,
    0.10340413551517535,
    0.10531695209515163,
    0.10671874433959673,
    0.1076129306106323,
    0.10790476725297245,
    0.10770065813531969,
    0.10718256548134866,
    0.10704765810264129,
    0.10652015420209049,
    0.1056607687937531,
    0.10472810377982451,
    0.10374403444577579,
    0.1027897345672892,
    0.10183531032745326,
    0.10094048203627036
  ],
  "impe_phase_mean": [
    0.5089936338907532,
    0.5066454370172404,
    0.5031467125310295,
    0.5006886391246412,
    0.4985825824096579,
    0.49684901660551023,
    0.4953346895939413,
    0.4939612526784057,
    0.49278493155977404,
    0.4917749828383075,
    0.4908825047673045,
    0.4901491694406339,
    0.489424984031084,
    0.48873702599646646,
    0.48804301729211147,
    0.48733288164787164,
    0.48661762073143155,
    0.4858217420449559,
    0.4849320000386938,
    0.4839825927975002,
    0.482884814434092,
    0.48169103679080916,
    0.4804109164641548,
    0.4790949954869153,
    0.4777854497900468,
    0.47652749416858775,
    0.4753822111252414,
    0.47433291847399495,
    0.47358753706592427,
    0.473020176241979,
    0.47288952955142954,
    0.47277093463433423,
    0.47256504460790233,
    0.4723798461141025,
    0.472319434954644,
    0.4723162427350124,
    0.47245734206425627,
    0.4727236608119021,
    0.4731187810838423,
    0.47374091008709873,
    0.474375785796994,
    0.47509701328834214,
    0.4759126430676116,
    0.4769463888051528,
    0.4779663763993019,
    0.47924711943513093,
    0.4805288808869673,
    0.48187970152917475,
    0.4833590670811853,
    0.48492234018189917,
    0.48665456129295903,
    0.48848588517123204,
    0.4904129326946639,
    0.4923904034346378,
    0.49438671813352414,
    0.4964411675687471,
    0.49831194017541636,
    0.5000469679599444,
    0.5016503436958563,
    0.502958859606009,
    0.5041463196769304,
    0.505125699955281,
    0.5060286135022064
  ],
  "impe_phase_std": [
    0.12073677836516647,
    0.019648527375719076,
    0.016501197659715323,
    0.014353023948970223,
    0.012794366912035664,
    0.011789350918172906,
    0.011226244233135892,
    0.010979454204375363,
    0.010909292353770774,
    0.010996316811732808,
    0.011148913980140784,
    0.011337441662511147,
    0.011537284279125084,
    0.011803550038300687,
    0.0120595086966249,
    0.012373171022149734,
    0.012671015777966905,
    0.013026787009858633,
    0.013402104531960583,
    0.013816212849458389,
    0.014292152137299946,
    0.014847434817719954,
    0.01549108565179636,
    0.016265439862510757,
    0.017158865703169667,
    0.018261071444454175,
    0.019553758804057384,
    0.021161533187625033,
    0.022625608285853104,
    0.024198287239958205,
    0.025433261572146443,
    0.026958781185443894,
    0.028319658842949992,
    0.029529287384065756,
    0.030445084775744657,
    0.031144488595283237,
    0.03151621320457772,
    0.03154703356410629,
    0.03128678850366362,
    0.03056067503455113,
    0.029778026348155455,
    0.02883240947041454,
    0.027696861465293675,
    0.026309307421076258,
    0.02491549647013489,
    0.02325687805999464,
    0.021669087543208367,
    0.02006652949046026,
    0.01836276670361101,
    0.01664516524663451,
    0.014952049423915733,
    0.013249077412290257,
    0.01169020801584941,
    0.010311443125892286,
    0.009309241091673257,
    0.008749745271868208,
    0.008745731412083018,
    0.009157107460098159,
    0.009922067792003903,
    0.010822197993940852,
    0.01180928044988108,
    0.012879886031878342,
    0.013861861646518831
  ]
}