{
  "volt_min": 1.628691446296286,
  "volt_max": 3.466605112962962,
  "impe_mag_mean": [
    0.03608369253414439,
    0.04309370833726711,
    0.04355411778248278,
    0.04382528030790055,
    0.04416160893076945,
    0.044513935093388794,
    0.044907790440730656,
    0.04533647802378116,
    0.04579012671426224,
    0.04626608182438223,
    0.046789431313411345,
    0.047297487391533805,
    0.0478194647975222,
    0.04839053801938154,
    0.04897303875464382,
    0.049608793488634575,
    0.05023757337864171,
    0.050950928791088146,
    0.05169962497280792,
    0.05247713035639999,
    0.053356038271186026,
    0.05430175335610908,
    0.0553477010119204,
    0.05649339000354808,
    0.05785065764187551,
    0.05927021814964602,
    0.06087894118753498,
    0.06281238915471027,
    0.06454965118063208,
    0.06658628844210274,
    0.06879050111403061,
    0.07143026292223519,
    0.07388602583125169,
    0.07644088999056488,
    0.07923546793076243,
    0.08224296974232749,
    0.08554738328588703,
    0.08902290012112421,
    0.09253257327311933,
    0.09604761875154627,
    0.09947942980958918,
    0.10289317666457926,
    0.10638075342844014,
    0.10965726037221715,
    0.11277199418555293,
    0.11667764171132232,
    0.11944332709717573,
    0.12184505952064374,
    0.12403335988131806,
    0.12581663872681248,
    0.12727552011880905,
    0.12839061203235816,
    0.12910354192917356,
    0.12944409177184515,
    0.12944063314199025,
    0.12951391893876066,
    0.12927557464357955,
    0.12871467724344388,
    0.1280817496435237,
    0.12733875874352696,
    0.12655592847660418,
    0.12575507447221576,
    0.12493056988752699
  ],
  "impe_mag_std": [
    0.018183375664379536,
    0.008947432438826428,
    0.008985387946244849,
    0.009208048942831776,
    0.009478161592803432,
    0.009785409419242799,
    0.010121878695444373,
    0.010488258382640489,
    0.01088345091524148,
    0.011293324961077803,
    0.011760229214194742,
    0.012224762145448074,
    0.012709445579291934,
    0.013252314595122302,
    0.013812843590635778,
    0.014433137862184177,
    0.015047649147568109,
    0.015752042777226763,
    0.016498875066301672,
    0.017270473539901406,
    0.0181363184107541,
    0.019032541343958393,
    0.020005137520952485,
    0.02100987810125492,
    0.022168685032163248,
    0.023325047592968447,
    0.024630748264118436,
    0.02622142935666486,
    0.027618566516495326,
    0.029355405694193766,
    0.031098203490423814,
    0.033633278716664654,
    0.03606864122641155,
    0.038780113923063984,
    0.041951282930993865,
    0.04559365334880835,
    0.049861472095851955,
    0.05459789717412221,
    0.059577012937306176,
    0.06461976688649634,
    0.06969870389415192,
    0.07472726938365216,
    0.0799916481085903,
    0.08481388731317709,
    0.08931812424215473,
    0.09485824442820784,
    0.09851610562126971,
    0.1015111293715984,
    0.10410349683345778,
    0.10605612376607071,
    0.10749651170804363,
    0.10842922521343733,
    0.10877020852468353,
    0.10860569512929043,
    0.10815716918559659,
    0.10800657896111161,
    0.10747052601107582,
    0.10658737841848841,
    0.10562188844389699,
    0.1045924192967716,
    0.10359175082163223,
    0.10260355481205287,
    0.10166408062180124
  ],
  "impe_phase_mean": [
    0.5081049088437719,
    0.506268543525875,
    0.5027514451635852,
    0.5003493947244987,
    0.4982110065249635,
    0.49647139919821404,
    0.49495618660242685,
    0.4935697930603707,
    0.4923930959587594,
    0.4913748223358726,
    0.4904870332092294,
    0.4897448887247008,
    0.48902992348501073,
    0.488327685704739,
    0.48763978774836203,
    0.48692051216131077,
    0.4862083679706168,
    0.48540168780095766,
    0.4845147532553873,
    0.48355660793094474,
    0.48245866577117197,
    0.481256553950008,
    0.47997231952846053,
    0.4786455103295058,
    0.4773291205149689,
    0.47605899943852914,
    0.4749044422625101,
    0.4738342974575752,
    0.4730787155375212,
    0.4724929453986061,
    0.4723560459505969,
    0.4722268369883127,
    0.47200833445331564,
    0.4718066090652814,
    0.47173916314072634,
    0.4717249532928955,
    0.47186833662927097,
    0.47212484627378404,
    0.472522903714185,
    0.47315622318254424,
    0.4737877573032564,
    0.474517300279381,
    0.47535271972025483,
    0.4763838497163058,
    0.47743963981048176,
    0.4787404313928683,
    0.4800503709560699,
    0.4814390866739052,
    0.4829664435551801,
    0.48458791869042356,
    0.4863784556875422,
    0.488281765695223,
    0.4902901765427567,
    0.4923262186869015,
    0.4945181030100224,
    0.49658886036455885,
    0.4985042489253145,
    0.5002742289881027,
    0.5019001022859279,
    0.5032526034130702,
    0.5044306687763069,
    0.5054568612057407,
    0.5063467673446236
  ],
  "impe_phase_std": [
    0.12222434336311637,
    0.019561843918271853,
    0.016330919624238698,
    0.014271684787822057,
    0.012661779073859335,
    0.011670884242144701,
    0.011143550503696226,
    0.01092776205156658,
    0.010902487190378389,
    0.011018181793011726,
    0.011208378091050018,
    0.011417572919085904,
    0.01165464558812185,
    0.011932887700875413,
    0.012215927956083604,
    0.012538675330041405,
    0.012851326484335929,
    0.013204334822444912,
    0.013586227055011,
    0.01398854596324296,
    0.014460186205304015,
    0.014999979801596022,
    0.015633342290387896,
    0.01639205742979735,
    0.017274621470733227,
    0.018370763644624945,
    0.019662051614998812,
    0.021275676424832718,
    0.022749401844793217,
    0.02433340827423426,
    0.025588336724411728,
    0.02713055933331394,
    0.02851174667722862,
    0.029736481420152963,
    0.030664365734919867,
    0.031370096500358616,
    0.03174957716717059,
    0.03178110748736819,
    0.031526437018372745,
    0.030790425846508956,
    0.03001491872518028,
    0.029059168335223866,
    0.02792669850377489,
    0.026548779010928017,
    0.025143303742578407,
    0.023492226849332425,
    0.021937751778453234,
    0.02036061967498344,
    0.018670387791271344,
    0.016942563715191882,
    0.015224400990062701,
    0.013503570002740616,
    0.011924345384544397,
    0.010537564837803388,
    0.009643707741713843,
    0.009057205996782138,
    0.009022349171186064,
    0.009439921002149652,
    0.010183202913040116,
    0.011079195470681522,
    0.012078753064096334,
    0.01310459164629013,
    0.014079617703453652
  ]
}