✅ no_overlap 划分: 测试集 150 个（ion_column 74 个，≤3/10）-> /home/kudouzala/Application/ion_detect/datasets/datasets_for_all_test_no_overlap/exp_new_f_num_tp4，训练集 639 个 -> /home/kudouzala/Application/ion_detect/datasets/datasets_for_all_train_no_overlap/exp_new_f_num_tp4（已排除同前缀且窗口含测试前 4 个时间点的样本）
✅ 当前使用设备: cuda
📂 训练集目录: /home/kudouzala/Application/ion_detect/datasets/datasets_for_all_train_no_overlap/exp_new_f_num_tp4
📂 测试/验证集目录: /home/kudouzala/Application/ion_detect/datasets/datasets_for_all_test_no_overlap/exp_new_f_num_tp4
🧪 experiment: exp_new_f_num_tp4
🚀 进入训练模式 (--train)
Skipping file 20240918_2ppm钙离子污染测试_新版电解槽_ion_gamry_[36, 38, 40, 42].xlsx: impedance points 57 < 63
Skipping file 20250317_2ppm钠离子污染测试_新版电解槽_ion_gamry_[16, 18, 20, 22].xlsx: impedance points 61 < 63
Skipping file 20240822_10ppm铜离子污染测试_新版电解槽_ion_column_gamry_[36, 38, 40, 42].xlsx: impedance points 54 < 63
[LEAK-CHECK] overlap(train, val) = 0
[DEBUG] data_folder = /home/kudouzala/Application/ion_detect/datasets/datasets_for_all_train_no_overlap/exp_new_f_num_tp4
[DEBUG] base_train.file_names[:10] =
   20241107_0.1ppm钙离子污染及恢复测试_新版电解槽_ion_firecloud_[14, 16, 18, 20].xlsx
   20240910_10ppm钙离子污染测试_新版电解槽_ion_column_gamry_[2, 4, 6, 8].xlsx
   20241006_2ppm铬离子污染测试_旧版电解槽_ion_firecloud_[22, 24, 26, 28].xlsx
   20241117_2ppm钠离子污染及恢复测试40摄氏度_新版电解槽_ion_gamry_[22, 24, 26, 28].xlsx
   20241227_10ppm铜离子污染及恢复测试_旧版电解槽_ion_gamry_[4, 6, 8, 10].xlsx
   20241003_2ppm镍离子污染测试_新版电解槽_ion_gamry_[20, 22, 24, 26].xlsx
   20241112_2ppm钠离子污染和恢复测试80摄氏度_新版电解槽_ion_column_renew_H2SO4_gamry_[14, 16, 18, 20].xlsx
   20240910_10ppm钙离子污染测试_新版电解槽_ion_gamry_[2, 4, 6, 8].xlsx
   20241213_2ppm钠离子污染及恢复测试_新版电解槽_ion_column_renew_H2SO4_gamry_[12, 14, 16, 18].xlsx
   20241010_2ppm钠离子污染测试_新版电解槽_ion_firecloud_[28, 30, 32, 34].xlsx
[DEBUG] exist check (first 10):
   /home/kudouzala/Application/ion_detect/datasets/datasets_for_all_train_no_overlap/exp_new_f_num_tp4/20241107_0.1ppm钙离子污染及恢复测试_新版电解槽_ion_firecloud_[14, 16, 18, 20].xlsx exists= True
   /home/kudouzala/Application/ion_detect/datasets/datasets_for_all_train_no_overlap/exp_new_f_num_tp4/20240910_10ppm钙离子污染测试_新版电解槽_ion_column_gamry_[2, 4, 6, 8].xlsx exists= True
   /home/kudouzala/Application/ion_detect/datasets/datasets_for_all_train_no_overlap/exp_new_f_num_tp4/20241006_2ppm铬离子污染测试_旧版电解槽_ion_firecloud_[22, 24, 26, 28].xlsx exists= True
   /home/kudouzala/Application/ion_detect/datasets/datasets_for_all_train_no_overlap/exp_new_f_num_tp4/20241117_2ppm钠离子污染及恢复测试40摄氏度_新版电解槽_ion_gamry_[22, 24, 26, 28].xlsx exists= True
   /home/kudouzala/Application/ion_detect/datasets/datasets_for_all_train_no_overlap/exp_new_f_num_tp4/20241227_10ppm铜离子污染及恢复测试_旧版电解槽_ion_gamry_[4, 6, 8, 10].xlsx exists= True
   /home/kudouzala/Application/ion_detect/datasets/datasets_for_all_train_no_overlap/exp_new_f_num_tp4/20241003_2ppm镍离子污染测试_新版电解槽_ion_gamry_[20, 22, 24, 26].xlsx exists= True
   /home/kudouzala/Application/ion_detect/datasets/datasets_for_all_train_no_overlap/exp_new_f_num_tp4/20241112_2ppm钠离子污染和恢复测试80摄氏度_新版电解槽_ion_column_renew_H2SO4_gamry_[14, 16, 18, 20].xlsx exists= True
   /home/kudouzala/Application/ion_detect/datasets/datasets_for_all_train_no_overlap/exp_new_f_num_tp4/20240910_10ppm钙离子污染测试_新版电解槽_ion_gamry_[2, 4, 6, 8].xlsx exists= True
   /home/kudouzala/Application/ion_detect/datasets/datasets_for_all_train_no_overlap/exp_new_f_num_tp4/20241213_2ppm钠离子污染及恢复测试_新版电解槽_ion_column_renew_H2SO4_gamry_[12, 14, 16, 18].xlsx exists= True
   /home/kudouzala/Application/ion_detect/datasets/datasets_for_all_train_no_overlap/exp_new_f_num_tp4/20241010_2ppm钠离子污染测试_新版电解槽_ion_firecloud_[28, 30, 32, 34].xlsx exists= True
Skipping file 20240822_10ppm铜离子污染测试_新版电解槽_ion_column_gamry_[28, 30, 32, 34].xlsx: impedance points 54 < 63
Skipping file 20240822_10ppm铜离子污染测试_新版电解槽_ion_column_gamry_[50, 52, 54, 56].xlsx: impedance points 54 < 63
Skipping file 20240822_10ppm铜离子污染测试_新版电解槽_ion_column_gamry_[16, 18, 20, 22].xlsx: impedance points 54 < 63
Skipping file 20240822_10ppm铜离子污染测试_新版电解槽_ion_column_gamry_[24, 26, 28, 30].xlsx: impedance points 54 < 63
Skipping file 20240822_10ppm铜离子污染测试_新版电解槽_ion_column_gamry_[44, 46, 48, 50].xlsx: impedance points 54 < 63

[PairDataset][Example pairs] (show up to 50)
  [1] A(idx=388) 20241107_0.1ppm钙离子污染及恢复测试_新版电解槽_ion_firecloud_[0, 2, 4, 6].xlsx  times=[0, 2, 4, 6]
      → B(idx=432) 20241107_0.1ppm钙离子污染及恢复测试_新版电解槽_ion_firecloud_[6, 8, 10, 12].xlsx  times=[6, 8, 10, 12]  dummy=False
  [2] A(idx=609) 20241107_0.1ppm钙离子污染及恢复测试_新版电解槽_ion_firecloud_[2, 4, 6, 8].xlsx  times=[2, 4, 6, 8]
      → B(idx=429) 20241107_0.1ppm钙离子污染及恢复测试_新版电解槽_ion_firecloud_[8, 10, 12, 14].xlsx  times=[8, 10, 12, 14]  dummy=False
  [3] A(idx=226) 20241107_0.1ppm钙离子污染及恢复测试_新版电解槽_ion_firecloud_[4, 6, 8, 10].xlsx  times=[4, 6, 8, 10]
      → B(idx=489) 20241107_0.1ppm钙离子污染及恢复测试_新版电解槽_ion_firecloud_[10, 12, 14, 16].xlsx  times=[10, 12, 14, 16]  dummy=False
  [4] A(idx=432) 20241107_0.1ppm钙离子污染及恢复测试_新版电解槽_ion_firecloud_[6, 8, 10, 12].xlsx  times=[6, 8, 10, 12]
      → B(idx=122) 20241107_0.1ppm钙离子污染及恢复测试_新版电解槽_ion_firecloud_[12, 14, 16, 18].xlsx  times=[12, 14, 16, 18]  dummy=False
  [5] A(idx=429) 20241107_0.1ppm钙离子污染及恢复测试_新版电解槽_ion_firecloud_[8, 10, 12, 14].xlsx  times=[8, 10, 12, 14]
      → B(idx=0) 20241107_0.1ppm钙离子污染及恢复测试_新版电解槽_ion_firecloud_[14, 16, 18, 20].xlsx  times=[14, 16, 18, 20]  dummy=False
  [6] A(idx=489) 20241107_0.1ppm钙离子污染及恢复测试_新版电解槽_ion_firecloud_[10, 12, 14, 16].xlsx  times=[10, 12, 14, 16]
      → B(idx=45) 20241107_0.1ppm钙离子污染及恢复测试_新版电解槽_ion_firecloud_[16, 18, 20, 22].xlsx  times=[16, 18, 20, 22]  dummy=False
  [7] A(idx=122) 20241107_0.1ppm钙离子污染及恢复测试_新版电解槽_ion_firecloud_[12, 14, 16, 18].xlsx  times=[12, 14, 16, 18]
      → B(idx=393) 20241107_0.1ppm钙离子污染及恢复测试_新版电解槽_ion_firecloud_[18, 20, 22, 24].xlsx  times=[18, 20, 22, 24]  dummy=False
  [8] A(idx=0) 20241107_0.1ppm钙离子污染及恢复测试_新版电解槽_ion_firecloud_[14, 16, 18, 20].xlsx  times=[14, 16, 18, 20]
      → B(idx=314) 20241107_0.1ppm钙离子污染及恢复测试_新版电解槽_ion_firecloud_[20, 22, 24, 26].xlsx  times=[20, 22, 24, 26]  dummy=False
  [9] A(idx=45) 20241107_0.1ppm钙离子污染及恢复测试_新版电解槽_ion_firecloud_[16, 18, 20, 22].xlsx  times=[16, 18, 20, 22]
      → B(idx=45) 20241107_0.1ppm钙离子污染及恢复测试_新版电解槽_ion_firecloud_[16, 18, 20, 22].xlsx  times=[16, 18, 20, 22]  dummy=True
  [10] A(idx=393) 20241107_0.1ppm钙离子污染及恢复测试_新版电解槽_ion_firecloud_[18, 20, 22, 24].xlsx  times=[18, 20, 22, 24]
      → B(idx=393) 20241107_0.1ppm钙离子污染及恢复测试_新版电解槽_ion_firecloud_[18, 20, 22, 24].xlsx  times=[18, 20, 22, 24]  dummy=True
  [11] A(idx=314) 20241107_0.1ppm钙离子污染及恢复测试_新版电解槽_ion_firecloud_[20, 22, 24, 26].xlsx  times=[20, 22, 24, 26]
      → B(idx=314) 20241107_0.1ppm钙离子污染及恢复测试_新版电解槽_ion_firecloud_[20, 22, 24, 26].xlsx  times=[20, 22, 24, 26]  dummy=True
  [12] A(idx=59) 20241107_0.1ppm钙离子污染及恢复测试_新版电解槽_ion_firecloud_[36, 38, 40, 42].xlsx  times=[36, 38, 40, 42]
      → B(idx=59) 20241107_0.1ppm钙离子污染及恢复测试_新版电解槽_ion_firecloud_[36, 38, 40, 42].xlsx  times=[36, 38, 40, 42]  dummy=True
  [13] A(idx=118) 20241107_0.1ppm钙离子污染及恢复测试_新版电解槽_ion_firecloud_[38, 40, 42, 44].xlsx  times=[38, 40, 42, 44]
      → B(idx=118) 20241107_0.1ppm钙离子污染及恢复测试_新版电解槽_ion_firecloud_[38, 40, 42, 44].xlsx  times=[38, 40, 42, 44]  dummy=True
  [14] A(idx=294) 20241107_0.1ppm钙离子污染及恢复测试_新版电解槽_ion_firecloud_[40, 42, 44, 46].xlsx  times=[40, 42, 44, 46]
      → B(idx=294) 20241107_0.1ppm钙离子污染及恢复测试_新版电解槽_ion_firecloud_[40, 42, 44, 46].xlsx  times=[40, 42, 44, 46]  dummy=True
  [15] A(idx=427) 20240910_10ppm钙离子污染测试_新版电解槽_ion_column_gamry_[0, 2, 4, 6].xlsx  times=[0, 2, 4, 6]
      → B(idx=462) 20240910_10ppm钙离子污染测试_新版电解槽_ion_column_gamry_[6, 8, 10, 12].xlsx  times=[6, 8, 10, 12]  dummy=False
  [16] A(idx=1) 20240910_10ppm钙离子污染测试_新版电解槽_ion_column_gamry_[2, 4, 6, 8].xlsx  times=[2, 4, 6, 8]
      → B(idx=371) 20240910_10ppm钙离子污染测试_新版电解槽_ion_column_gamry_[8, 10, 12, 14].xlsx  times=[8, 10, 12, 14]  dummy=False
  [17] A(idx=483) 20240910_10ppm钙离子污染测试_新版电解槽_ion_column_gamry_[4, 6, 8, 10].xlsx  times=[4, 6, 8, 10]
      → B(idx=368) 20240910_10ppm钙离子污染测试_新版电解槽_ion_column_gamry_[10, 12, 14, 16].xlsx  times=[10, 12, 14, 16]  dummy=False
  [18] A(idx=462) 20240910_10ppm钙离子污染测试_新版电解槽_ion_column_gamry_[6, 8, 10, 12].xlsx  times=[6, 8, 10, 12]
      → B(idx=138) 20240910_10ppm钙离子污染测试_新版电解槽_ion_column_gamry_[12, 14, 16, 18].xlsx  times=[12, 14, 16, 18]  dummy=False
  [19] A(idx=371) 20240910_10ppm钙离子污染测试_新版电解槽_ion_column_gamry_[8, 10, 12, 14].xlsx  times=[8, 10, 12, 14]
      → B(idx=326) 20240910_10ppm钙离子污染测试_新版电解槽_ion_column_gamry_[14, 16, 18, 20].xlsx  times=[14, 16, 18, 20]  dummy=False
  [20] A(idx=368) 20240910_10ppm钙离子污染测试_新版电解槽_ion_column_gamry_[10, 12, 14, 16].xlsx  times=[10, 12, 14, 16]
      → B(idx=368) 20240910_10ppm钙离子污染测试_新版电解槽_ion_column_gamry_[10, 12, 14, 16].xlsx  times=[10, 12, 14, 16]  dummy=True
  [21] A(idx=138) 20240910_10ppm钙离子污染测试_新版电解槽_ion_column_gamry_[12, 14, 16, 18].xlsx  times=[12, 14, 16, 18]
      → B(idx=138) 20240910_10ppm钙离子污染测试_新版电解槽_ion_column_gamry_[12, 14, 16, 18].xlsx  times=[12, 14, 16, 18]  dummy=True
  [22] A(idx=326) 20240910_10ppm钙离子污染测试_新版电解槽_ion_column_gamry_[14, 16, 18, 20].xlsx  times=[14, 16, 18, 20]
      → B(idx=326) 20240910_10ppm钙离子污染测试_新版电解槽_ion_column_gamry_[14, 16, 18, 20].xlsx  times=[14, 16, 18, 20]  dummy=True
  [23] A(idx=83) 20241006_2ppm铬离子污染测试_旧版电解槽_ion_firecloud_[0, 2, 4, 6].xlsx  times=[0, 2, 4, 6]
      → B(idx=83) 20241006_2ppm铬离子污染测试_旧版电解槽_ion_firecloud_[0, 2, 4, 6].xlsx  times=[0, 2, 4, 6]  dummy=True
  [24] A(idx=492) 20241006_2ppm铬离子污染测试_旧版电解槽_ion_firecloud_[2, 4, 6, 8].xlsx  times=[2, 4, 6, 8]
      → B(idx=492) 20241006_2ppm铬离子污染测试_旧版电解槽_ion_firecloud_[2, 4, 6, 8].xlsx  times=[2, 4, 6, 8]  dummy=True
  [25] A(idx=29) 20241006_2ppm铬离子污染测试_旧版电解槽_ion_firecloud_[18, 20, 22, 24].xlsx  times=[18, 20, 22, 24]
      → B(idx=76) 20241006_2ppm铬离子污染测试_旧版电解槽_ion_firecloud_[24, 26, 28, 30].xlsx  times=[24, 26, 28, 30]  dummy=False
  [26] A(idx=387) 20241006_2ppm铬离子污染测试_旧版电解槽_ion_firecloud_[20, 22, 24, 26].xlsx  times=[20, 22, 24, 26]
      → B(idx=233) 20241006_2ppm铬离子污染测试_旧版电解槽_ion_firecloud_[26, 28, 30, 32].xlsx  times=[26, 28, 30, 32]  dummy=False
  [27] A(idx=2) 20241006_2ppm铬离子污染测试_旧版电解槽_ion_firecloud_[22, 24, 26, 28].xlsx  times=[22, 24, 26, 28]
      → B(idx=511) 20241006_2ppm铬离子污染测试_旧版电解槽_ion_firecloud_[28, 30, 32, 34].xlsx  times=[28, 30, 32, 34]  dummy=False
  [28] A(idx=76) 20241006_2ppm铬离子污染测试_旧版电解槽_ion_firecloud_[24, 26, 28, 30].xlsx  times=[24, 26, 28, 30]
      → B(idx=228) 20241006_2ppm铬离子污染测试_旧版电解槽_ion_firecloud_[30, 32, 34, 36].xlsx  times=[30, 32, 34, 36]  dummy=False
  [29] A(idx=233) 20241006_2ppm铬离子污染测试_旧版电解槽_ion_firecloud_[26, 28, 30, 32].xlsx  times=[26, 28, 30, 32]
      → B(idx=518) 20241006_2ppm铬离子污染测试_旧版电解槽_ion_firecloud_[32, 34, 36, 38].xlsx  times=[32, 34, 36, 38]  dummy=False
  [30] A(idx=511) 20241006_2ppm铬离子污染测试_旧版电解槽_ion_firecloud_[28, 30, 32, 34].xlsx  times=[28, 30, 32, 34]
      → B(idx=242) 20241006_2ppm铬离子污染测试_旧版电解槽_ion_firecloud_[34, 36, 38, 40].xlsx  times=[34, 36, 38, 40]  dummy=False
  [31] A(idx=228) 20241006_2ppm铬离子污染测试_旧版电解槽_ion_firecloud_[30, 32, 34, 36].xlsx  times=[30, 32, 34, 36]
      → B(idx=85) 20241006_2ppm铬离子污染测试_旧版电解槽_ion_firecloud_[36, 38, 40, 42].xlsx  times=[36, 38, 40, 42]  dummy=False
  [32] A(idx=518) 20241006_2ppm铬离子污染测试_旧版电解槽_ion_firecloud_[32, 34, 36, 38].xlsx  times=[32, 34, 36, 38]
      → B(idx=614) 20241006_2ppm铬离子污染测试_旧版电解槽_ion_firecloud_[38, 40, 42, 44].xlsx  times=[38, 40, 42, 44]  dummy=False
  [33] A(idx=242) 20241006_2ppm铬离子污染测试_旧版电解槽_ion_firecloud_[34, 36, 38, 40].xlsx  times=[34, 36, 38, 40]
      → B(idx=100) 20241006_2ppm铬离子污染测试_旧版电解槽_ion_firecloud_[40, 42, 44, 46].xlsx  times=[40, 42, 44, 46]  dummy=False
  [34] A(idx=85) 20241006_2ppm铬离子污染测试_旧版电解槽_ion_firecloud_[36, 38, 40, 42].xlsx  times=[36, 38, 40, 42]
      → B(idx=391) 20241006_2ppm铬离子污染测试_旧版电解槽_ion_firecloud_[42, 44, 46, 48].xlsx  times=[42, 44, 46, 48]  dummy=False
  [35] A(idx=614) 20241006_2ppm铬离子污染测试_旧版电解槽_ion_firecloud_[38, 40, 42, 44].xlsx  times=[38, 40, 42, 44]
      → B(idx=73) 20241006_2ppm铬离子污染测试_旧版电解槽_ion_firecloud_[44, 46, 48, 50].xlsx  times=[44, 46, 48, 50]  dummy=False
  [36] A(idx=100) 20241006_2ppm铬离子污染测试_旧版电解槽_ion_firecloud_[40, 42, 44, 46].xlsx  times=[40, 42, 44, 46]
      → B(idx=507) 20241006_2ppm铬离子污染测试_旧版电解槽_ion_firecloud_[46, 48, 50, 52].xlsx  times=[46, 48, 50, 52]  dummy=False
  [37] A(idx=391) 20241006_2ppm铬离子污染测试_旧版电解槽_ion_firecloud_[42, 44, 46, 48].xlsx  times=[42, 44, 46, 48]
      → B(idx=391) 20241006_2ppm铬离子污染测试_旧版电解槽_ion_firecloud_[42, 44, 46, 48].xlsx  times=[42, 44, 46, 48]  dummy=True
  [38] A(idx=73) 20241006_2ppm铬离子污染测试_旧版电解槽_ion_firecloud_[44, 46, 48, 50].xlsx  times=[44, 46, 48, 50]
      → B(idx=73) 20241006_2ppm铬离子污染测试_旧版电解槽_ion_firecloud_[44, 46, 48, 50].xlsx  times=[44, 46, 48, 50]  dummy=True
  [39] A(idx=507) 20241006_2ppm铬离子污染测试_旧版电解槽_ion_firecloud_[46, 48, 50, 52].xlsx  times=[46, 48, 50, 52]
      → B(idx=507) 20241006_2ppm铬离子污染测试_旧版电解槽_ion_firecloud_[46, 48, 50, 52].xlsx  times=[46, 48, 50, 52]  dummy=True
  [40] A(idx=506) 20241117_2ppm钠离子污染及恢复测试40摄氏度_新版电解槽_ion_gamry_[16, 18, 20, 22].xlsx  times=[16, 18, 20, 22]
      → B(idx=3) 20241117_2ppm钠离子污染及恢复测试40摄氏度_新版电解槽_ion_gamry_[22, 24, 26, 28].xlsx  times=[22, 24, 26, 28]  dummy=False
  [41] A(idx=469) 20241117_2ppm钠离子污染及恢复测试40摄氏度_新版电解槽_ion_gamry_[18, 20, 22, 24].xlsx  times=[18, 20, 22, 24]
      → B(idx=404) 20241117_2ppm钠离子污染及恢复测试40摄氏度_新版电解槽_ion_gamry_[24, 26, 28, 30].xlsx  times=[24, 26, 28, 30]  dummy=False
  [42] A(idx=136) 20241117_2ppm钠离子污染及恢复测试40摄氏度_新版电解槽_ion_gamry_[20, 22, 24, 26].xlsx  times=[20, 22, 24, 26]
      → B(idx=30) 20241117_2ppm钠离子污染及恢复测试40摄氏度_新版电解槽_ion_gamry_[26, 28, 30, 32].xlsx  times=[26, 28, 30, 32]  dummy=False
  [43] A(idx=3) 20241117_2ppm钠离子污染及恢复测试40摄氏度_新版电解槽_ion_gamry_[22, 24, 26, 28].xlsx  times=[22, 24, 26, 28]
      → B(idx=290) 20241117_2ppm钠离子污染及恢复测试40摄氏度_新版电解槽_ion_gamry_[28, 30, 32, 34].xlsx  times=[28, 30, 32, 34]  dummy=False
  [44] A(idx=404) 20241117_2ppm钠离子污染及恢复测试40摄氏度_新版电解槽_ion_gamry_[24, 26, 28, 30].xlsx  times=[24, 26, 28, 30]
      → B(idx=594) 20241117_2ppm钠离子污染及恢复测试40摄氏度_新版电解槽_ion_gamry_[30, 32, 34, 36].xlsx  times=[30, 32, 34, 36]  dummy=False
  [45] A(idx=30) 20241117_2ppm钠离子污染及恢复测试40摄氏度_新版电解槽_ion_gamry_[26, 28, 30, 32].xlsx  times=[26, 28, 30, 32]
      → B(idx=520) 20241117_2ppm钠离子污染及恢复测试40摄氏度_新版电解槽_ion_gamry_[32, 34, 36, 38].xlsx  times=[32, 34, 36, 38]  dummy=False
  [46] A(idx=290) 20241117_2ppm钠离子污染及恢复测试40摄氏度_新版电解槽_ion_gamry_[28, 30, 32, 34].xlsx  times=[28, 30, 32, 34]
      → B(idx=312) 20241117_2ppm钠离子污染及恢复测试40摄氏度_新版电解槽_ion_gamry_[34, 36, 38, 40].xlsx  times=[34, 36, 38, 40]  dummy=False
  [47] A(idx=594) 20241117_2ppm钠离子污染及恢复测试40摄氏度_新版电解槽_ion_gamry_[30, 32, 34, 36].xlsx  times=[30, 32, 34, 36]
      → B(idx=201) 20241117_2ppm钠离子污染及恢复测试40摄氏度_新版电解槽_ion_gamry_[36, 38, 40, 42].xlsx  times=[36, 38, 40, 42]  dummy=False
  [48] A(idx=520) 20241117_2ppm钠离子污染及恢复测试40摄氏度_新版电解槽_ion_gamry_[32, 34, 36, 38].xlsx  times=[32, 34, 36, 38]
      → B(idx=134) 20241117_2ppm钠离子污染及恢复测试40摄氏度_新版电解槽_ion_gamry_[38, 40, 42, 44].xlsx  times=[38, 40, 42, 44]  dummy=False
  [49] A(idx=312) 20241117_2ppm钠离子污染及恢复测试40摄氏度_新版电解槽_ion_gamry_[34, 36, 38, 40].xlsx  times=[34, 36, 38, 40]
      → B(idx=312) 20241117_2ppm钠离子污染及恢复测试40摄氏度_新版电解槽_ion_gamry_[34, 36, 38, 40].xlsx  times=[34, 36, 38, 40]  dummy=True
  [50] A(idx=201) 20241117_2ppm钠离子污染及恢复测试40摄氏度_新版电解槽_ion_gamry_[36, 38, 40, 42].xlsx  times=[36, 38, 40, 42]
      → B(idx=201) 20241117_2ppm钠离子污染及恢复测试40摄氏度_新版电解槽_ion_gamry_[36, 38, 40, 42].xlsx  times=[36, 38, 40, 42]  dummy=True

[PairDataset][Summary]
- total files:        636
- parsed OK:          636
- regex fail:         0
- parse times fail:   0
- empty times:        0
- total pairs:        636  (keep_unpaired=self)
- distinct prefixes:  93
- prefixes coverage (first few):
  [1] 20241107_0.1ppm钙离子污染及恢复测试_新版电解槽_ion_firecloud_[* -> windows=14, adj_pairs=8/13
  [2] 20240910_10ppm钙离子污染测试_新版电解槽_ion_column_gamry_[* -> windows=8, adj_pairs=5/7
  [3] 20241006_2ppm铬离子污染测试_旧版电解槽_ion_firecloud_[* -> windows=17, adj_pairs=12/16
  [4] 20241117_2ppm钠离子污染及恢复测试40摄氏度_新版电解槽_ion_gamry_[* -> windows=12, adj_pairs=9/11
  [5] 20241227_10ppm铜离子污染及恢复测试_旧版电解槽_ion_gamry_[* -> windows=14, adj_pairs=10/13
  [6] 20241003_2ppm镍离子污染测试_新版电解槽_ion_gamry_[* -> windows=5, adj_pairs=0/4
  [7] 20241112_2ppm钠离子污染和恢复测试80摄氏度_新版电解槽_ion_column_renew_H2SO4_gamry_[* -> windows=12, adj_pairs=9/11
  [8] 20240910_10ppm钙离子污染测试_新版电解槽_ion_gamry_[* -> windows=8, adj_pairs=1/7
  [9] 20241213_2ppm钠离子污染及恢复测试_新版电解槽_ion_column_renew_H2SO4_gamry_[* -> windows=7, adj_pairs=4/6
  [10] 20241010_2ppm钠离子污染测试_新版电解槽_ion_firecloud_[* -> windows=6, adj_pairs=0/5
- unadjacent gaps samples: 322 (showing first 0)

[PairDataset][Explain] focus_prefix_contains='20240915_2ppm铜离子污染测试_旧版电解槽_ion_firecloud_'
  - PREFIX: 20240915_2ppm铜离子污染测试_旧版电解槽_ion_firecloud_[* windows=11
    windows (sorted by first,last):
      · 20240915_2ppm铜离子污染测试_旧版电解槽_ion_firecloud_[0, 2, 4, 6].xlsx  -> times=[0, 2, 4, 6]  first=0 last=6
      · 20240915_2ppm铜离子污染测试_旧版电解槽_ion_firecloud_[2, 4, 6, 8].xlsx  -> times=[2, 4, 6, 8]  first=2 last=8
      · 20240915_2ppm铜离子污染测试_旧版电解槽_ion_firecloud_[4, 6, 8, 10].xlsx  -> times=[4, 6, 8, 10]  first=4 last=10
      · 20240915_2ppm铜离子污染测试_旧版电解槽_ion_firecloud_[6, 8, 10, 12].xlsx  -> times=[6, 8, 10, 12]  first=6 last=12
      · 20240915_2ppm铜离子污染测试_旧版电解槽_ion_firecloud_[8, 10, 12, 14].xlsx  -> times=[8, 10, 12, 14]  first=8 last=14
      · 20240915_2ppm铜离子污染测试_旧版电解槽_ion_firecloud_[10, 12, 14, 16].xlsx  -> times=[10, 12, 14, 16]  first=10 last=16
      · 20240915_2ppm铜离子污染测试_旧版电解槽_ion_firecloud_[12, 14, 16, 18].xlsx  -> times=[12, 14, 16, 18]  first=12 last=18
      · 20240915_2ppm铜离子污染测试_旧版电解槽_ion_firecloud_[14, 16, 18, 20].xlsx  -> times=[14, 16, 18, 20]  first=14 last=20
      · 20240915_2ppm铜离子污染测试_旧版电解槽_ion_firecloud_[16, 18, 20, 22].xlsx  -> times=[16, 18, 20, 22]  first=16 last=22
      · 20240915_2ppm铜离子污染测试_旧版电解槽_ion_firecloud_[18, 20, 22, 24].xlsx  -> times=[18, 20, 22, 24]  first=18 last=24
      · 20240915_2ppm铜离子污染测试_旧版电解槽_ion_firecloud_[20, 22, 24, 26].xlsx  -> times=[20, 22, 24, 26]  first=20 last=26
      MISS: 6 -> 2   (20240915_2ppm铜离子污染测试_旧版电解槽_ion_firecloud_[0, 2, 4, 6].xlsx  →  20240915_2ppm铜离子污染测试_旧版电解槽_ion_firecloud_[2, 4, 6, 8].xlsx)
      MISS: 8 -> 4   (20240915_2ppm铜离子污染测试_旧版电解槽_ion_firecloud_[2, 4, 6, 8].xlsx  →  20240915_2ppm铜离子污染测试_旧版电解槽_ion_firecloud_[4, 6, 8, 10].xlsx)
      MISS: 10 -> 6   (20240915_2ppm铜离子污染测试_旧版电解槽_ion_firecloud_[4, 6, 8, 10].xlsx  →  20240915_2ppm铜离子污染测试_旧版电解槽_ion_firecloud_[6, 8, 10, 12].xlsx)
      MISS: 12 -> 8   (20240915_2ppm铜离子污染测试_旧版电解槽_ion_firecloud_[6, 8, 10, 12].xlsx  →  20240915_2ppm铜离子污染测试_旧版电解槽_ion_firecloud_[8, 10, 12, 14].xlsx)
      MISS: 14 -> 10   (20240915_2ppm铜离子污染测试_旧版电解槽_ion_firecloud_[8, 10, 12, 14].xlsx  →  20240915_2ppm铜离子污染测试_旧版电解槽_ion_firecloud_[10, 12, 14, 16].xlsx)
      MISS: 16 -> 12   (20240915_2ppm铜离子污染测试_旧版电解槽_ion_firecloud_[10, 12, 14, 16].xlsx  →  20240915_2ppm铜离子污染测试_旧版电解槽_ion_firecloud_[12, 14, 16, 18].xlsx)
      MISS: 18 -> 14   (20240915_2ppm铜离子污染测试_旧版电解槽_ion_firecloud_[12, 14, 16, 18].xlsx  →  20240915_2ppm铜离子污染测试_旧版电解槽_ion_firecloud_[14, 16, 18, 20].xlsx)
      MISS: 20 -> 16   (20240915_2ppm铜离子污染测试_旧版电解槽_ion_firecloud_[14, 16, 18, 20].xlsx  →  20240915_2ppm铜离子污染测试_旧版电解槽_ion_firecloud_[16, 18, 20, 22].xlsx)
      MISS: 22 -> 18   (20240915_2ppm铜离子污染测试_旧版电解槽_ion_firecloud_[16, 18, 20, 22].xlsx  →  20240915_2ppm铜离子污染测试_旧版电解槽_ion_firecloud_[18, 20, 22, 24].xlsx)
      MISS: 24 -> 20   (20240915_2ppm铜离子污染测试_旧版电解槽_ion_firecloud_[18, 20, 22, 24].xlsx  →  20240915_2ppm铜离子污染测试_旧版电解槽_ion_firecloud_[20, 22, 24, 26].xlsx)

[PairDataset][Example pairs] (show up to 50)
  [1] A(idx=0) 20240918_2ppm钙离子污染测试_新版电解槽_ion_gamry_[10, 12, 14, 16].xlsx  times=[10, 12, 14, 16]
      → B(idx=0) 20240918_2ppm钙离子污染测试_新版电解槽_ion_gamry_[10, 12, 14, 16].xlsx  times=[10, 12, 14, 16]  dummy=True
  [2] A(idx=91) 20240918_2ppm钙离子污染测试_新版电解槽_ion_gamry_[14, 16, 18, 20].xlsx  times=[14, 16, 18, 20]
      → B(idx=91) 20240918_2ppm钙离子污染测试_新版电解槽_ion_gamry_[14, 16, 18, 20].xlsx  times=[14, 16, 18, 20]  dummy=True
  [3] A(idx=1) 20241028_2ppm钠离子污染和恢复测试_旧版电解槽_ion_column_renew_H2SO4_gamry_[2, 4, 6, 8].xlsx  times=[2, 4, 6, 8]
      → B(idx=1) 20241028_2ppm钠离子污染和恢复测试_旧版电解槽_ion_column_renew_H2SO4_gamry_[2, 4, 6, 8].xlsx  times=[2, 4, 6, 8]  dummy=True
  [4] A(idx=93) 20241028_2ppm钠离子污染和恢复测试_旧版电解槽_ion_column_renew_H2SO4_gamry_[4, 6, 8, 10].xlsx  times=[4, 6, 8, 10]
      → B(idx=93) 20241028_2ppm钠离子污染和恢复测试_旧版电解槽_ion_column_renew_H2SO4_gamry_[4, 6, 8, 10].xlsx  times=[4, 6, 8, 10]  dummy=True
  [5] A(idx=124) 20241010_2ppm钠离子污染测试_新版电解槽_ion_column_firecloud_[6, 8, 10, 12].xlsx  times=[6, 8, 10, 12]
      → B(idx=124) 20241010_2ppm钠离子污染测试_新版电解槽_ion_column_firecloud_[6, 8, 10, 12].xlsx  times=[6, 8, 10, 12]  dummy=True
  [6] A(idx=2) 20241010_2ppm钠离子污染测试_新版电解槽_ion_column_firecloud_[8, 10, 12, 14].xlsx  times=[8, 10, 12, 14]
      → B(idx=2) 20241010_2ppm钠离子污染测试_新版电解槽_ion_column_firecloud_[8, 10, 12, 14].xlsx  times=[8, 10, 12, 14]  dummy=True
  [7] A(idx=20) 20241101_2ppm铜离子污染和恢复测试_旧版电解槽_ion_firecloud_[0, 2, 4, 6].xlsx  times=[0, 2, 4, 6]
      → B(idx=20) 20241101_2ppm铜离子污染和恢复测试_旧版电解槽_ion_firecloud_[0, 2, 4, 6].xlsx  times=[0, 2, 4, 6]  dummy=True
  [8] A(idx=3) 20241101_2ppm铜离子污染和恢复测试_旧版电解槽_ion_firecloud_[10, 12, 14, 16].xlsx  times=[10, 12, 14, 16]
      → B(idx=3) 20241101_2ppm铜离子污染和恢复测试_旧版电解槽_ion_firecloud_[10, 12, 14, 16].xlsx  times=[10, 12, 14, 16]  dummy=True
  [9] A(idx=31) 20241101_2ppm铜离子污染和恢复测试_旧版电解槽_ion_firecloud_[20, 22, 24, 26].xlsx  times=[20, 22, 24, 26]
      → B(idx=31) 20241101_2ppm铜离子污染和恢复测试_旧版电解槽_ion_firecloud_[20, 22, 24, 26].xlsx  times=[20, 22, 24, 26]  dummy=True
  [10] A(idx=48) 20240831_10ppm镍离子污染测试_新版电解槽_ion_gamry_[0, 2, 4, 6].xlsx  times=[0, 2, 4, 6]
      → B(idx=48) 20240831_10ppm镍离子污染测试_新版电解槽_ion_gamry_[0, 2, 4, 6].xlsx  times=[0, 2, 4, 6]  dummy=True
  [11] A(idx=41) 20240831_10ppm镍离子污染测试_新版电解槽_ion_gamry_[4, 6, 8, 10].xlsx  times=[4, 6, 8, 10]
      → B(idx=41) 20240831_10ppm镍离子污染测试_新版电解槽_ion_gamry_[4, 6, 8, 10].xlsx  times=[4, 6, 8, 10]  dummy=True
  [12] A(idx=138) 20240831_10ppm镍离子污染测试_新版电解槽_ion_gamry_[16, 18, 20, 22].xlsx  times=[16, 18, 20, 22]
      → B(idx=138) 20240831_10ppm镍离子污染测试_新版电解槽_ion_gamry_[16, 18, 20, 22].xlsx  times=[16, 18, 20, 22]  dummy=True
  [13] A(idx=4) 20240831_10ppm镍离子污染测试_新版电解槽_ion_gamry_[18, 20, 22, 24].xlsx  times=[18, 20, 22, 24]
      → B(idx=4) 20240831_10ppm镍离子污染测试_新版电解槽_ion_gamry_[18, 20, 22, 24].xlsx  times=[18, 20, 22, 24]  dummy=True
  [14] A(idx=5) 20241122_2ppm铜离子污染及恢复测试40摄氏度_新版电解槽_ion_column_renew_H2SO4_gamry_[14, 16, 18, 20].xlsx  times=[14, 16, 18, 20]
      → B(idx=5) 20241122_2ppm铜离子污染及恢复测试40摄氏度_新版电解槽_ion_column_renew_H2SO4_gamry_[14, 16, 18, 20].xlsx  times=[14, 16, 18, 20]  dummy=True
  [15] A(idx=92) 20241010_2ppm钠离子污染测试_新版电解槽_ion_firecloud_[4, 6, 8, 10].xlsx  times=[4, 6, 8, 10]
      → B(idx=92) 20241010_2ppm钠离子污染测试_新版电解槽_ion_firecloud_[4, 6, 8, 10].xlsx  times=[4, 6, 8, 10]  dummy=True
  [16] A(idx=103) 20241010_2ppm钠离子污染测试_新版电解槽_ion_firecloud_[12, 14, 16, 18].xlsx  times=[12, 14, 16, 18]
      → B(idx=103) 20241010_2ppm钠离子污染测试_新版电解槽_ion_firecloud_[12, 14, 16, 18].xlsx  times=[12, 14, 16, 18]  dummy=True
  [17] A(idx=134) 20241010_2ppm钠离子污染测试_新版电解槽_ion_firecloud_[16, 18, 20, 22].xlsx  times=[16, 18, 20, 22]
      → B(idx=134) 20241010_2ppm钠离子污染测试_新版电解槽_ion_firecloud_[16, 18, 20, 22].xlsx  times=[16, 18, 20, 22]  dummy=True
  [18] A(idx=6) 20241010_2ppm钠离子污染测试_新版电解槽_ion_firecloud_[36, 38, 40, 42].xlsx  times=[36, 38, 40, 42]
      → B(idx=6) 20241010_2ppm钠离子污染测试_新版电解槽_ion_firecloud_[36, 38, 40, 42].xlsx  times=[36, 38, 40, 42]  dummy=True
  [19] A(idx=55) 20241029_2ppm铁离子污染和恢复测试_新版电解槽_ion_firecloud_[26, 28, 30, 32].xlsx  times=[26, 28, 30, 32]
      → B(idx=55) 20241029_2ppm铁离子污染和恢复测试_新版电解槽_ion_firecloud_[26, 28, 30, 32].xlsx  times=[26, 28, 30, 32]  dummy=True
  [20] A(idx=7) 20241029_2ppm铁离子污染和恢复测试_新版电解槽_ion_firecloud_[30, 32, 34, 36].xlsx  times=[30, 32, 34, 36]
      → B(idx=7) 20241029_2ppm铁离子污染和恢复测试_新版电解槽_ion_firecloud_[30, 32, 34, 36].xlsx  times=[30, 32, 34, 36]  dummy=True
  [21] A(idx=140) 20241029_2ppm铁离子污染和恢复测试_新版电解槽_ion_firecloud_[34, 36, 38, 40].xlsx  times=[34, 36, 38, 40]
      → B(idx=140) 20241029_2ppm铁离子污染和恢复测试_新版电解槽_ion_firecloud_[34, 36, 38, 40].xlsx  times=[34, 36, 38, 40]  dummy=True
  [22] A(idx=47) 20241029_2ppm铁离子污染和恢复测试_新版电解槽_ion_firecloud_[46, 48, 50, 52].xlsx  times=[46, 48, 50, 52]
      → B(idx=47) 20241029_2ppm铁离子污染和恢复测试_新版电解槽_ion_firecloud_[46, 48, 50, 52].xlsx  times=[46, 48, 50, 52]  dummy=True
  [23] A(idx=8) 20241227_10ppm铜离子污染及恢复测试_旧版电解槽_ion_column_renew_H2SO4_gamry_[8, 10, 12, 14].xlsx  times=[8, 10, 12, 14]
      → B(idx=8) 20241227_10ppm铜离子污染及恢复测试_旧版电解槽_ion_column_renew_H2SO4_gamry_[8, 10, 12, 14].xlsx  times=[8, 10, 12, 14]  dummy=True
  [24] A(idx=87) 20241227_10ppm铜离子污染及恢复测试_旧版电解槽_ion_column_renew_H2SO4_gamry_[24, 26, 28, 30].xlsx  times=[24, 26, 28, 30]
      → B(idx=87) 20241227_10ppm铜离子污染及恢复测试_旧版电解槽_ion_column_renew_H2SO4_gamry_[24, 26, 28, 30].xlsx  times=[24, 26, 28, 30]  dummy=True
  [25] A(idx=133) 20241227_10ppm铜离子污染及恢复测试_旧版电解槽_ion_column_renew_H2SO4_gamry_[26, 28, 30, 32].xlsx  times=[26, 28, 30, 32]
      → B(idx=133) 20241227_10ppm铜离子污染及恢复测试_旧版电解槽_ion_column_renew_H2SO4_gamry_[26, 28, 30, 32].xlsx  times=[26, 28, 30, 32]  dummy=True
  [26] A(idx=27) 20241017_2ppm铬离子污染和恢复测试_新版电解槽_ion_gamry_[0, 2, 4, 6].xlsx  times=[0, 2, 4, 6]
      → B(idx=27) 20241017_2ppm铬离子污染和恢复测试_新版电解槽_ion_gamry_[0, 2, 4, 6].xlsx  times=[0, 2, 4, 6]  dummy=True
  [27] A(idx=9) 20241017_2ppm铬离子污染和恢复测试_新版电解槽_ion_gamry_[20, 22, 24, 26].xlsx  times=[20, 22, 24, 26]
      → B(idx=9) 20241017_2ppm铬离子污染和恢复测试_新版电解槽_ion_gamry_[20, 22, 24, 26].xlsx  times=[20, 22, 24, 26]  dummy=True
  [28] A(idx=10) 20241024_2ppm铁离子污染和恢复测试_新版电解槽_ion_column_renew_H2SO4_firecloud_[12, 14, 16, 18].xlsx  times=[12, 14, 16, 18]
      → B(idx=135) 20241024_2ppm铁离子污染和恢复测试_新版电解槽_ion_column_renew_H2SO4_firecloud_[18, 20, 22, 24].xlsx  times=[18, 20, 22, 24]  dummy=False
  [29] A(idx=135) 20241024_2ppm铁离子污染和恢复测试_新版电解槽_ion_column_renew_H2SO4_firecloud_[18, 20, 22, 24].xlsx  times=[18, 20, 22, 24]
      → B(idx=135) 20241024_2ppm铁离子污染和恢复测试_新版电解槽_ion_column_renew_H2SO4_firecloud_[18, 20, 22, 24].xlsx  times=[18, 20, 22, 24]  dummy=True
  [30] A(idx=11) 20241117_2ppm钠离子污染及恢复测试10mlmin_旧版电解槽_ion_gamry_[2, 4, 6, 8].xlsx  times=[2, 4, 6, 8]
      → B(idx=11) 20241117_2ppm钠离子污染及恢复测试10mlmin_旧版电解槽_ion_gamry_[2, 4, 6, 8].xlsx  times=[2, 4, 6, 8]  dummy=True
  [31] A(idx=139) 20241117_2ppm钠离子污染及恢复测试10mlmin_旧版电解槽_ion_gamry_[10, 12, 14, 16].xlsx  times=[10, 12, 14, 16]
      → B(idx=139) 20241117_2ppm钠离子污染及恢复测试10mlmin_旧版电解槽_ion_gamry_[10, 12, 14, 16].xlsx  times=[10, 12, 14, 16]  dummy=True
  [32] A(idx=77) 20241117_2ppm钠离子污染及恢复测试10mlmin_旧版电解槽_ion_gamry_[30, 32, 34, 36].xlsx  times=[30, 32, 34, 36]
      → B(idx=77) 20241117_2ppm钠离子污染及恢复测试10mlmin_旧版电解槽_ion_gamry_[30, 32, 34, 36].xlsx  times=[30, 32, 34, 36]  dummy=True
  [33] A(idx=137) 20241211_2ppm铜离子污染及恢复测试80摄氏度_旧版电解槽_ion_gamry_[28, 30, 32, 34].xlsx  times=[28, 30, 32, 34]
      → B(idx=137) 20241211_2ppm铜离子污染及恢复测试80摄氏度_旧版电解槽_ion_gamry_[28, 30, 32, 34].xlsx  times=[28, 30, 32, 34]  dummy=True
  [34] A(idx=12) 20241211_2ppm铜离子污染及恢复测试80摄氏度_旧版电解槽_ion_gamry_[32, 34, 36, 38].xlsx  times=[32, 34, 36, 38]
      → B(idx=107) 20241211_2ppm铜离子污染及恢复测试80摄氏度_旧版电解槽_ion_gamry_[38, 40, 42, 44].xlsx  times=[38, 40, 42, 44]  dummy=False
  [35] A(idx=107) 20241211_2ppm铜离子污染及恢复测试80摄氏度_旧版电解槽_ion_gamry_[38, 40, 42, 44].xlsx  times=[38, 40, 42, 44]
      → B(idx=107) 20241211_2ppm铜离子污染及恢复测试80摄氏度_旧版电解槽_ion_gamry_[38, 40, 42, 44].xlsx  times=[38, 40, 42, 44]  dummy=True
  [36] A(idx=142) 20241213_2ppm钠离子污染及恢复测试_新版电解槽_ion_gamry_[0, 2, 4, 6].xlsx  times=[0, 2, 4, 6]
      → B(idx=142) 20241213_2ppm钠离子污染及恢复测试_新版电解槽_ion_gamry_[0, 2, 4, 6].xlsx  times=[0, 2, 4, 6]  dummy=True
  [37] A(idx=69) 20241213_2ppm钠离子污染及恢复测试_新版电解槽_ion_gamry_[2, 4, 6, 8].xlsx  times=[2, 4, 6, 8]
      → B(idx=69) 20241213_2ppm钠离子污染及恢复测试_新版电解槽_ion_gamry_[2, 4, 6, 8].xlsx  times=[2, 4, 6, 8]  dummy=True
  [38] A(idx=13) 20241213_2ppm钠离子污染及恢复测试_新版电解槽_ion_gamry_[22, 24, 26, 28].xlsx  times=[22, 24, 26, 28]
      → B(idx=13) 20241213_2ppm钠离子污染及恢复测试_新版电解槽_ion_gamry_[22, 24, 26, 28].xlsx  times=[22, 24, 26, 28]  dummy=True
  [39] A(idx=14) 20240822_10ppm铜离子污染测试_新版电解槽_ion_gamry_[10, 12, 14, 16].xlsx  times=[10, 12, 14, 16]
      → B(idx=14) 20240822_10ppm铜离子污染测试_新版电解槽_ion_gamry_[10, 12, 14, 16].xlsx  times=[10, 12, 14, 16]  dummy=True
  [40] A(idx=51) 20241112_2ppm钠离子污染和恢复测试80摄氏度_新版电解槽_ion_gamry_[28, 30, 32, 34].xlsx  times=[28, 30, 32, 34]
      → B(idx=125) 20241112_2ppm钠离子污染和恢复测试80摄氏度_新版电解槽_ion_gamry_[34, 36, 38, 40].xlsx  times=[34, 36, 38, 40]  dummy=False
  [41] A(idx=125) 20241112_2ppm钠离子污染和恢复测试80摄氏度_新版电解槽_ion_gamry_[34, 36, 38, 40].xlsx  times=[34, 36, 38, 40]
      → B(idx=125) 20241112_2ppm钠离子污染和恢复测试80摄氏度_新版电解槽_ion_gamry_[34, 36, 38, 40].xlsx  times=[34, 36, 38, 40]  dummy=True
  [42] A(idx=15) 20241112_2ppm钠离子污染和恢复测试80摄氏度_新版电解槽_ion_gamry_[36, 38, 40, 42].xlsx  times=[36, 38, 40, 42]
      → B(idx=15) 20241112_2ppm钠离子污染和恢复测试80摄氏度_新版电解槽_ion_gamry_[36, 38, 40, 42].xlsx  times=[36, 38, 40, 42]  dummy=True
  [43] A(idx=16) 20240831_10ppm镍离子污染测试_新版电解槽_ion_column_gamry_[0, 2, 4, 6].xlsx  times=[0, 2, 4, 6]
      → B(idx=16) 20240831_10ppm镍离子污染测试_新版电解槽_ion_column_gamry_[0, 2, 4, 6].xlsx  times=[0, 2, 4, 6]  dummy=True
  [44] A(idx=17) 20241112_2ppm镍离子污染及恢复测试_旧版电解槽_ion_column_gamry_[12, 14, 16, 18].xlsx  times=[12, 14, 16, 18]
      → B(idx=17) 20241112_2ppm镍离子污染及恢复测试_旧版电解槽_ion_column_gamry_[12, 14, 16, 18].xlsx  times=[12, 14, 16, 18]  dummy=True
  [45] A(idx=18) 20241013_2ppm铝离子污染测试_新版电解槽_ion_column_firecloud_[8, 10, 12, 14].xlsx  times=[8, 10, 12, 14]
      → B(idx=18) 20241013_2ppm铝离子污染测试_新版电解槽_ion_column_firecloud_[8, 10, 12, 14].xlsx  times=[8, 10, 12, 14]  dummy=True
  [46] A(idx=89) 20241013_2ppm铝离子污染测试_新版电解槽_ion_column_firecloud_[16, 18, 20, 22].xlsx  times=[16, 18, 20, 22]
      → B(idx=89) 20241013_2ppm铝离子污染测试_新版电解槽_ion_column_firecloud_[16, 18, 20, 22].xlsx  times=[16, 18, 20, 22]  dummy=True
  [47] A(idx=19) 20241024_2ppm铁离子污染和恢复测试_新版电解槽_ion_column_firecloud_[2, 4, 6, 8].xlsx  times=[2, 4, 6, 8]
      → B(idx=19) 20241024_2ppm铁离子污染和恢复测试_新版电解槽_ion_column_firecloud_[2, 4, 6, 8].xlsx  times=[2, 4, 6, 8]  dummy=True
  [48] A(idx=56) 20241024_2ppm铁离子污染和恢复测试_新版电解槽_ion_column_firecloud_[10, 12, 14, 16].xlsx  times=[10, 12, 14, 16]
      → B(idx=56) 20241024_2ppm铁离子污染和恢复测试_新版电解槽_ion_column_firecloud_[10, 12, 14, 16].xlsx  times=[10, 12, 14, 16]  dummy=True
  [49] A(idx=66) 20241024_2ppm铁离子污染和恢复测试_新版电解槽_ion_column_firecloud_[18, 20, 22, 24].xlsx  times=[18, 20, 22, 24]
      → B(idx=66) 20241024_2ppm铁离子污染和恢复测试_新版电解槽_ion_column_firecloud_[18, 20, 22, 24].xlsx  times=[18, 20, 22, 24]  dummy=True
  [50] A(idx=21) 20240918_2ppm钙离子污染测试_新版电解槽_ion_column_gamry_[2, 4, 6, 8].xlsx  times=[2, 4, 6, 8]
      → B(idx=21) 20240918_2ppm钙离子污染测试_新版电解槽_ion_column_gamry_[2, 4, 6, 8].xlsx  times=[2, 4, 6, 8]  dummy=True

[PairDataset][Summary]
- total files:        145
- parsed OK:          145
- regex fail:         0
- parse times fail:   0
- empty times:        0
- total pairs:        145  (keep_unpaired=self)
- distinct prefixes:  77
- prefixes coverage (first few):
  [1] 20240918_2ppm钙离子污染测试_新版电解槽_ion_gamry_[* -> windows=2, adj_pairs=0/1
  [2] 20241028_2ppm钠离子污染和恢复测试_旧版电解槽_ion_column_renew_H2SO4_gamry_[* -> windows=2, adj_pairs=0/1
  [3] 20241010_2ppm钠离子污染测试_新版电解槽_ion_column_firecloud_[* -> windows=2, adj_pairs=0/1
  [4] 20241101_2ppm铜离子污染和恢复测试_旧版电解槽_ion_firecloud_[* -> windows=3, adj_pairs=0/2
  [5] 20240831_10ppm镍离子污染测试_新版电解槽_ion_gamry_[* -> windows=4, adj_pairs=0/3
  [6] 20241122_2ppm铜离子污染及恢复测试40摄氏度_新版电解槽_ion_column_renew_H2SO4_gamry_[* -> windows=1, adj_pairs=0/0
  [7] 20241010_2ppm钠离子污染测试_新版电解槽_ion_firecloud_[* -> windows=4, adj_pairs=0/3
  [8] 20241029_2ppm铁离子污染和恢复测试_新版电解槽_ion_firecloud_[* -> windows=4, adj_pairs=0/3
  [9] 20241227_10ppm铜离子污染及恢复测试_旧版电解槽_ion_column_renew_H2SO4_gamry_[* -> windows=3, adj_pairs=0/2
  [10] 20241017_2ppm铬离子污染和恢复测试_新版电解槽_ion_gamry_[* -> windows=2, adj_pairs=0/1
- unadjacent gaps samples: 136 (showing first 0)
num base train samples: 636
num base val   samples: 145
num pair train samples: 636
num pair val   samples: 145
dummy_mask[0] = False
🧩 新模型: 400,403 参数 (400,403 可训练)
📝 TensorBoard 日志目录: /home/kudouzala/Application/ion_detect/output/tensorboard/exp_new_f_num_tp4
🔥 Warmup: 100 epochs (LR × 0.01 → 1.0)
📈 Cosine Annealing LR 调度 (T_max=900)
[New] Epoch 1/1000 | classify: 5.2295 | voltage: 6.6347 | conc: 0.0008 | consistency: 0.5123 | polarity: 1.9288 | monodec: 0.0918 | rule: 244.5141 | group: 2.2420 | tree: 5.6901 | total: 5.6890
[New] Epoch 2/1000 | classify: 4.7417 | voltage: 6.5883 | conc: 0.0007 | consistency: 0.5106 | polarity: 1.8486 | monodec: 0.0879 | rule: 231.8856 | group: 2.3353 | tree: 6.0085 | total: 5.1926
[New] Epoch 3/1000 | classify: 4.1858 | voltage: 6.3308 | conc: 0.0009 | consistency: 0.5031 | polarity: 1.8191 | monodec: 0.0876 | rule: 198.0903 | group: 2.4290 | tree: 5.7491 | total: 4.6070
[New] Epoch 4/1000 | classify: 4.0698 | voltage: 5.8343 | conc: 0.0008 | consistency: 0.5071 | polarity: 1.8335 | monodec: 0.0912 | rule: 254.3625 | group: 2.1458 | tree: 5.3598 | total: 4.4939
[New] Epoch 5/1000 | classify: 4.3021 | voltage: 5.4807 | conc: 0.0008 | consistency: 0.4974 | polarity: 1.9946 | monodec: 0.1028 | rule: 225.4726 | group: 2.6261 | tree: 6.2296 | total: 4.6949
[New] Epoch 6/1000 | classify: 3.8849 | voltage: 5.1672 | conc: 0.0010 | consistency: 0.5091 | polarity: 2.1484 | monodec: 0.1008 | rule: 235.6247 | group: 2.3445 | tree: 5.7426 | total: 4.2669
[New] Epoch 7/1000 | classify: 3.6887 | voltage: 4.7580 | conc: 0.0010 | consistency: 0.4808 | polarity: 2.2894 | monodec: 0.1007 | rule: 247.7489 | group: 2.2830 | tree: 5.7241 | total: 4.0562
[New] Epoch 8/1000 | classify: 3.7575 | voltage: 4.4094 | conc: 0.0007 | consistency: 0.4549 | polarity: 2.3380 | monodec: 0.0800 | rule: 273.3693 | group: 2.1274 | tree: 5.7519 | total: 4.1201
[New] Epoch 9/1000 | classify: 3.4174 | voltage: 4.1882 | conc: 0.0007 | consistency: 0.4646 | polarity: 2.4234 | monodec: 0.0931 | rule: 216.8982 | group: 2.0701 | tree: 5.7484 | total: 3.7406
[New] Epoch 10/1000 | classify: 3.4972 | voltage: 3.8475 | conc: 0.0005 | consistency: 0.4806 | polarity: 2.4231 | monodec: 0.0929 | rule: 231.4650 | group: 2.1176 | tree: 5.5356 | total: 3.8105
--- 验证集 [epoch 10] ---
  准确率 (Accuracy):  0.5103
  精确率 (Precision): 0.1161
  召回率 (Recall):    0.2479
  F1 分数 (F1):       0.1486
✅ 模型已保存到 /home/kudouzala/Application/ion_detect/output/trained_model_save/exp_new_f_num_tp4/trained_model_epoch_best.pth
  🏆 新最佳 F1=0.1486，已保存 best 模型
[New] Epoch 11/1000 | classify: 3.7588 | voltage: 3.4861 | conc: 0.0008 | consistency: 0.4582 | polarity: 2.3764 | monodec: 0.0837 | rule: 237.3078 | group: 2.2631 | tree: 5.7757 | total: 4.0572
[New] Epoch 12/1000 | classify: 3.5864 | voltage: 3.2996 | conc: 0.0006 | consistency: 0.4721 | polarity: 2.2776 | monodec: 0.0991 | rule: 245.8133 | group: 2.1474 | tree: 5.8430 | total: 3.8796
[New] Epoch 13/1000 | classify: 3.3551 | voltage: 3.0326 | conc: 0.0007 | consistency: 0.4428 | polarity: 2.3627 | monodec: 0.0784 | rule: 219.4787 | group: 2.1800 | tree: 5.4521 | total: 3.6217
[New] Epoch 14/1000 | classify: 3.5238 | voltage: 2.8103 | conc: 0.0008 | consistency: 0.4349 | polarity: 2.4676 | monodec: 0.0853 | rule: 242.6893 | group: 2.0914 | tree: 5.6822 | total: 3.7911
[New] Epoch 15/1000 | classify: 3.4104 | voltage: 2.6035 | conc: 0.0009 | consistency: 0.4388 | polarity: 2.4814 | monodec: 0.0908 | rule: 226.6199 | group: 2.2415 | tree: 5.8591 | total: 3.6596
[New] Epoch 16/1000 | classify: 3.6034 | voltage: 2.4402 | conc: 0.0010 | consistency: 0.4076 | polarity: 2.6202 | monodec: 0.0814 | rule: 236.0101 | group: 2.3327 | tree: 6.4141 | total: 3.8496
[New] Epoch 17/1000 | classify: 3.4522 | voltage: 2.2369 | conc: 0.0011 | consistency: 0.4135 | polarity: 2.7145 | monodec: 0.0823 | rule: 231.3733 | group: 2.2875 | tree: 6.3573 | total: 3.6860
[New] Epoch 18/1000 | classify: 3.4300 | voltage: 2.0714 | conc: 0.0007 | consistency: 0.4292 | polarity: 2.6179 | monodec: 0.0896 | rule: 250.3125 | group: 2.0365 | tree: 5.6007 | total: 3.6641
[New] Epoch 19/1000 | classify: 3.2177 | voltage: 1.8978 | conc: 0.0009 | consistency: 0.4023 | polarity: 2.5819 | monodec: 0.0754 | rule: 214.5562 | group: 1.9971 | tree: 5.5186 | total: 3.4253
[New] Epoch 20/1000 | classify: 3.4732 | voltage: 1.8110 | conc: 0.0009 | consistency: 0.3878 | polarity: 2.7067 | monodec: 0.0762 | rule: 230.0251 | group: 2.1955 | tree: 5.9291 | total: 3.6846
--- 验证集 [epoch 20] ---
  准确率 (Accuracy):  0.5862
  精确率 (Precision): 0.3464
  召回率 (Recall):    0.3616
  F1 分数 (F1):       0.3205
✅ 模型已保存到 /home/kudouzala/Application/ion_detect/output/trained_model_save/exp_new_f_num_tp4/trained_model_epoch_best.pth
  🏆 新最佳 F1=0.3205，已保存 best 模型
[New] Epoch 21/1000 | classify: 3.2874 | voltage: 1.6652 | conc: 0.0008 | consistency: 0.3995 | polarity: 2.7168 | monodec: 0.0828 | rule: 247.9266 | group: 1.9755 | tree: 5.8808 | total: 3.5001
[New] Epoch 22/1000 | classify: 3.3349 | voltage: 1.5458 | conc: 0.0007 | consistency: 0.3817 | polarity: 2.8961 | monodec: 0.0703 | rule: 235.8552 | group: 2.1306 | tree: 5.8926 | total: 3.5357
[New] Epoch 23/1000 | classify: 3.1638 | voltage: 1.4702 | conc: 0.0008 | consistency: 0.3725 | polarity: 2.8006 | monodec: 0.0726 | rule: 229.7105 | group: 2.0272 | tree: 5.9024 | total: 3.3577
[New] Epoch 24/1000 | classify: 3.2342 | voltage: 1.3670 | conc: 0.0005 | consistency: 0.3677 | polarity: 2.8579 | monodec: 0.0702 | rule: 239.0569 | group: 1.8699 | tree: 5.4740 | total: 3.4270
[New] Epoch 25/1000 | classify: 3.0893 | voltage: 1.2943 | conc: 0.0006 | consistency: 0.3745 | polarity: 2.7711 | monodec: 0.0720 | rule: 231.6641 | group: 2.0232 | tree: 6.0171 | total: 3.2753
[New] Epoch 26/1000 | classify: 3.1563 | voltage: 1.2082 | conc: 0.0008 | consistency: 0.3586 | polarity: 2.8871 | monodec: 0.0750 | rule: 249.3955 | group: 1.9542 | tree: 5.8100 | total: 3.3468
[New] Epoch 27/1000 | classify: 3.0123 | voltage: 1.1874 | conc: 0.0009 | consistency: 0.3565 | polarity: 2.9478 | monodec: 0.0756 | rule: 212.9809 | group: 2.0424 | tree: 5.9178 | total: 3.1839
[New] Epoch 28/1000 | classify: 3.0214 | voltage: 1.1098 | conc: 0.0007 | consistency: 0.3487 | polarity: 2.9882 | monodec: 0.0653 | rule: 225.0678 | group: 1.9580 | tree: 5.7379 | total: 3.1949
[New] Epoch 29/1000 | classify: 2.9136 | voltage: 1.0934 | conc: 0.0006 | consistency: 0.3584 | polarity: 3.1960 | monodec: 0.0774 | rule: 224.0530 | group: 1.9317 | tree: 5.5741 | total: 3.0856
[New] Epoch 30/1000 | classify: 2.8646 | voltage: 1.5533 | conc: 0.0011 | consistency: 0.3586 | polarity: 3.9627 | monodec: 0.0655 | rule: 222.7351 | group: 1.9385 | tree: 5.3924 | total: 3.0595
--- 验证集 [epoch 30] ---
  准确率 (Accuracy):  0.6138
  精确率 (Precision): 0.4363
  召回率 (Recall):    0.3752
  F1 分数 (F1):       0.3849
✅ 模型已保存到 /home/kudouzala/Application/ion_detect/output/trained_model_save/exp_new_f_num_tp4/trained_model_epoch_best.pth
  🏆 新最佳 F1=0.3849，已保存 best 模型
[New] Epoch 31/1000 | classify: 2.9626 | voltage: 1.3130 | conc: 0.0008 | consistency: 0.3411 | polarity: 3.8339 | monodec: 0.0611 | rule: 234.1033 | group: 1.9779 | tree: 5.7141 | total: 3.1509
[New] Epoch 32/1000 | classify: 2.8823 | voltage: 1.1632 | conc: 0.0007 | consistency: 0.3368 | polarity: 3.6573 | monodec: 0.0674 | rule: 205.7364 | group: 1.8898 | tree: 5.6970 | total: 3.0487
[New] Epoch 33/1000 | classify: 2.8799 | voltage: 1.0265 | conc: 0.0005 | consistency: 0.3388 | polarity: 3.6701 | monodec: 0.0702 | rule: 237.9913 | group: 1.8266 | tree: 5.5455 | total: 3.0553
[New] Epoch 34/1000 | classify: 2.9290 | voltage: 0.9444 | conc: 0.0009 | consistency: 0.3307 | polarity: 3.7304 | monodec: 0.0691 | rule: 233.9958 | group: 1.8804 | tree: 5.5293 | total: 3.0988
[New] Epoch 35/1000 | classify: 3.0581 | voltage: 0.8700 | conc: 0.0007 | consistency: 0.3211 | polarity: 3.6489 | monodec: 0.0611 | rule: 227.1300 | group: 1.9265 | tree: 5.4926 | total: 3.2205
[New] Epoch 36/1000 | classify: 2.8090 | voltage: 0.8028 | conc: 0.0008 | consistency: 0.3102 | polarity: 3.6073 | monodec: 0.0600 | rule: 237.7195 | group: 1.8823 | tree: 5.4081 | total: 2.9733
[New] Epoch 37/1000 | classify: 2.9141 | voltage: 0.7337 | conc: 0.0007 | consistency: 0.3098 | polarity: 3.7680 | monodec: 0.0672 | rule: 252.0676 | group: 1.8712 | tree: 5.5815 | total: 3.0822
[New] Epoch 38/1000 | classify: 2.8300 | voltage: 0.7295 | conc: 0.0010 | consistency: 0.3218 | polarity: 3.7160 | monodec: 0.0745 | rule: 225.2871 | group: 1.8255 | tree: 5.2840 | total: 2.9846
[New] Epoch 39/1000 | classify: 2.8866 | voltage: 0.6713 | conc: 0.0010 | consistency: 0.3305 | polarity: 3.6366 | monodec: 0.0725 | rule: 235.1207 | group: 1.9566 | tree: 5.6578 | total: 3.0435
[New] Epoch 40/1000 | classify: 2.5185 | voltage: 0.6544 | conc: 0.0007 | consistency: 0.3044 | polarity: 3.6387 | monodec: 0.0696 | rule: 199.5493 | group: 1.7732 | tree: 5.2333 | total: 2.6561
--- 验证集 [epoch 40] ---
  准确率 (Accuracy):  0.6414
  精确率 (Precision): 0.4843
  召回率 (Recall):    0.4839
  F1 分数 (F1):       0.4488
✅ 模型已保存到 /home/kudouzala/Application/ion_detect/output/trained_model_save/exp_new_f_num_tp4/trained_model_epoch_best.pth
  🏆 新最佳 F1=0.4488，已保存 best 模型
[New] Epoch 41/1000 | classify: 2.5910 | voltage: 0.6039 | conc: 0.0006 | consistency: 0.3115 | polarity: 3.5518 | monodec: 0.0717 | rule: 209.0260 | group: 1.7979 | tree: 5.3331 | total: 2.7308
[New] Epoch 42/1000 | classify: 2.6598 | voltage: 0.5540 | conc: 0.0010 | consistency: 0.2861 | polarity: 3.5208 | monodec: 0.0622 | rule: 242.0722 | group: 1.8497 | tree: 5.5474 | total: 2.8141
[New] Epoch 43/1000 | classify: 2.7721 | voltage: 0.5158 | conc: 0.0009 | consistency: 0.2913 | polarity: 3.5647 | monodec: 0.0662 | rule: 250.5280 | group: 1.8353 | tree: 5.6287 | total: 2.9288
[New] Epoch 44/1000 | classify: 2.8131 | voltage: 0.5177 | conc: 0.0006 | consistency: 0.3057 | polarity: 3.7605 | monodec: 0.0730 | rule: 250.5107 | group: 1.8533 | tree: 5.7603 | total: 2.9696
[New] Epoch 45/1000 | classify: 2.4624 | voltage: 0.5120 | conc: 0.0012 | consistency: 0.2991 | polarity: 3.6792 | monodec: 0.0638 | rule: 216.2168 | group: 1.8960 | tree: 5.6632 | total: 2.6021
[New] Epoch 46/1000 | classify: 2.9308 | voltage: 0.5121 | conc: 0.0008 | consistency: 0.2930 | polarity: 3.6100 | monodec: 0.0707 | rule: 208.2561 | group: 1.9556 | tree: 5.9528 | total: 3.0661
[New] Epoch 47/1000 | classify: 2.8017 | voltage: 0.4589 | conc: 0.0008 | consistency: 0.2889 | polarity: 3.5117 | monodec: 0.0624 | rule: 237.0848 | group: 1.8304 | tree: 5.7512 | total: 2.9486
[New] Epoch 48/1000 | classify: 2.4823 | voltage: 0.4569 | conc: 0.0007 | consistency: 0.3084 | polarity: 3.4680 | monodec: 0.0743 | rule: 228.6277 | group: 1.7833 | tree: 5.2765 | total: 2.6246
[New] Epoch 49/1000 | classify: 2.7088 | voltage: 0.4463 | conc: 0.0009 | consistency: 0.3005 | polarity: 3.6247 | monodec: 0.0634 | rule: 224.9137 | group: 1.9264 | tree: 6.0515 | total: 2.8494
[New] Epoch 50/1000 | classify: 2.5388 | voltage: 0.4219 | conc: 0.0006 | consistency: 0.3045 | polarity: 3.6070 | monodec: 0.0708 | rule: 197.0503 | group: 1.7784 | tree: 5.5063 | total: 2.6636
--- 验证集 [epoch 50] ---
  准确率 (Accuracy):  0.6828
  精确率 (Precision): 0.4677
  召回率 (Recall):    0.4883
  F1 分数 (F1):       0.4668
✅ 模型已保存到 /home/kudouzala/Application/ion_detect/output/trained_model_save/exp_new_f_num_tp4/trained_model_epoch_best.pth
  🏆 新最佳 F1=0.4668，已保存 best 模型
✅ 模型已保存到 /home/kudouzala/Application/ion_detect/output/trained_model_save/exp_new_f_num_tp4/trained_model_epoch_50.pth
📁 损失值已保存到 /home/kudouzala/Application/ion_detect/output/trained_model_save/exp_new_f_num_tp4/training_loss_epoch_50.csv
[New] Epoch 51/1000 | classify: 2.7516 | voltage: 0.4493 | conc: 0.0005 | consistency: 0.2910 | polarity: 3.8594 | monodec: 0.0660 | rule: 231.0356 | group: 1.7597 | tree: 5.4473 | total: 2.8946
[New] Epoch 52/1000 | classify: 2.7264 | voltage: 0.4031 | conc: 0.0007 | consistency: 0.3128 | polarity: 3.9439 | monodec: 0.0710 | rule: 231.4762 | group: 1.7919 | tree: 5.4037 | total: 2.8676
[New] Epoch 53/1000 | classify: 2.7080 | voltage: 0.3668 | conc: 0.0008 | consistency: 0.2850 | polarity: 3.7412 | monodec: 0.0683 | rule: 239.2855 | group: 1.9344 | tree: 5.9261 | total: 2.8516
[New] Epoch 54/1000 | classify: 2.4140 | voltage: 0.3293 | conc: 0.0011 | consistency: 0.2884 | polarity: 3.6190 | monodec: 0.0726 | rule: 236.0292 | group: 1.8673 | tree: 5.9623 | total: 2.5544
[New] Epoch 55/1000 | classify: 2.4262 | voltage: 0.3606 | conc: 0.0009 | consistency: 0.2840 | polarity: 3.2420 | monodec: 0.0686 | rule: 225.8545 | group: 1.7925 | tree: 5.4612 | total: 2.5625
[New] Epoch 56/1000 | classify: 2.7291 | voltage: 0.3000 | conc: 0.0009 | consistency: 0.2851 | polarity: 2.7320 | monodec: 0.0702 | rule: 241.9912 | group: 1.8737 | tree: 5.7202 | total: 2.8705
[New] Epoch 57/1000 | classify: 2.4944 | voltage: 0.2656 | conc: 0.0006 | consistency: 0.2920 | polarity: 3.0544 | monodec: 0.0612 | rule: 222.7076 | group: 1.7186 | tree: 5.2746 | total: 2.6240
[New] Epoch 58/1000 | classify: 2.6205 | voltage: 0.2341 | conc: 0.0005 | consistency: 0.2602 | polarity: 3.3279 | monodec: 0.0571 | rule: 228.6099 | group: 1.7244 | tree: 5.2654 | total: 2.7513
[New] Epoch 59/1000 | classify: 2.5552 | voltage: 0.2607 | conc: 0.0007 | consistency: 0.2932 | polarity: 3.2675 | monodec: 0.0770 | rule: 242.1830 | group: 1.7761 | tree: 5.4439 | total: 2.6944
[New] Epoch 60/1000 | classify: 2.4750 | voltage: 0.2392 | conc: 0.0007 | consistency: 0.2869 | polarity: 3.4029 | monodec: 0.0724 | rule: 223.3300 | group: 1.7463 | tree: 5.1903 | total: 2.6036
--- 验证集 [epoch 60] ---
  准确率 (Accuracy):  0.6621
  精确率 (Precision): 0.6421
  召回率 (Recall):    0.5502
  F1 分数 (F1):       0.5134
✅ 模型已保存到 /home/kudouzala/Application/ion_detect/output/trained_model_save/exp_new_f_num_tp4/trained_model_epoch_best.pth
  🏆 新最佳 F1=0.5134，已保存 best 模型
[New] Epoch 61/1000 | classify: 2.5754 | voltage: 0.2464 | conc: 0.0007 | consistency: 0.2555 | polarity: 3.7425 | monodec: 0.0616 | rule: 226.1831 | group: 1.8628 | tree: 5.7380 | total: 2.7062
[New] Epoch 62/1000 | classify: 2.5567 | voltage: 0.2357 | conc: 0.0007 | consistency: 0.2668 | polarity: 3.6174 | monodec: 0.0664 | rule: 223.8308 | group: 1.7421 | tree: 5.5286 | total: 2.6856
[New] Epoch 63/1000 | classify: 2.5754 | voltage: 0.2221 | conc: 0.0009 | consistency: 0.2560 | polarity: 3.7430 | monodec: 0.0600 | rule: 256.4473 | group: 1.9049 | tree: 5.6523 | total: 2.7203
[New] Epoch 64/1000 | classify: 2.4274 | voltage: 0.2511 | conc: 0.0006 | consistency: 0.2513 | polarity: 3.4447 | monodec: 0.0560 | rule: 210.3415 | group: 1.7033 | tree: 5.2175 | total: 2.5500
[New] Epoch 65/1000 | classify: 2.3151 | voltage: 0.2558 | conc: 0.0008 | consistency: 0.2592 | polarity: 3.5415 | monodec: 0.0670 | rule: 219.1129 | group: 1.7310 | tree: 5.0483 | total: 2.4425
[New] Epoch 66/1000 | classify: 2.2710 | voltage: 0.2480 | conc: 0.0006 | consistency: 0.2720 | polarity: 3.4895 | monodec: 0.0673 | rule: 187.8495 | group: 1.7407 | tree: 4.9822 | total: 2.3822
[New] Epoch 67/1000 | classify: 2.2662 | voltage: 0.2220 | conc: 0.0006 | consistency: 0.2472 | polarity: 3.3343 | monodec: 0.0573 | rule: 220.7135 | group: 1.7031 | tree: 5.2349 | total: 2.3926
[New] Epoch 68/1000 | classify: 2.3031 | voltage: 0.2214 | conc: 0.0007 | consistency: 0.2604 | polarity: 3.5863 | monodec: 0.0634 | rule: 231.3404 | group: 1.7637 | tree: 5.2893 | total: 2.4350
[New] Epoch 69/1000 | classify: 2.3486 | voltage: 0.2198 | conc: 0.0005 | consistency: 0.2610 | polarity: 3.5486 | monodec: 0.0659 | rule: 210.5047 | group: 1.7522 | tree: 4.9873 | total: 2.4696
[New] Epoch 70/1000 | classify: 2.3549 | voltage: 0.2425 | conc: 0.0011 | consistency: 0.2631 | polarity: 3.6557 | monodec: 0.0669 | rule: 243.1630 | group: 1.8547 | tree: 5.7824 | total: 2.4944
--- 验证集 [epoch 70] ---
  准确率 (Accuracy):  0.6552
  精确率 (Precision): 0.5403
  召回率 (Recall):    0.5494
  F1 分数 (F1):       0.5188
✅ 模型已保存到 /home/kudouzala/Application/ion_detect/output/trained_model_save/exp_new_f_num_tp4/trained_model_epoch_best.pth
  🏆 新最佳 F1=0.5188，已保存 best 模型
[New] Epoch 71/1000 | classify: 2.3179 | voltage: 0.2270 | conc: 0.0009 | consistency: 0.2600 | polarity: 3.5782 | monodec: 0.0703 | rule: 229.6701 | group: 1.7807 | tree: 5.1971 | total: 2.4494
[New] Epoch 72/1000 | classify: 2.1663 | voltage: 0.2235 | conc: 0.0006 | consistency: 0.2464 | polarity: 3.3364 | monodec: 0.0548 | rule: 237.1944 | group: 1.7507 | tree: 5.4078 | total: 2.3011
[New] Epoch 73/1000 | classify: 2.1742 | voltage: 0.2276 | conc: 0.0006 | consistency: 0.2670 | polarity: 3.3171 | monodec: 0.0681 | rule: 243.4793 | group: 1.7269 | tree: 5.3054 | total: 2.3123
[New] Epoch 74/1000 | classify: 2.2062 | voltage: 0.2298 | conc: 0.0008 | consistency: 0.2450 | polarity: 3.3311 | monodec: 0.0589 | rule: 220.1918 | group: 1.7933 | tree: 5.5671 | total: 2.3331
[New] Epoch 75/1000 | classify: 2.2209 | voltage: 0.2327 | conc: 0.0009 | consistency: 0.2474 | polarity: 3.3700 | monodec: 0.0594 | rule: 210.8073 | group: 1.8317 | tree: 5.4252 | total: 2.3434
[New] Epoch 76/1000 | classify: 2.2495 | voltage: 0.2243 | conc: 0.0007 | consistency: 0.2500 | polarity: 3.3278 | monodec: 0.0613 | rule: 214.9392 | group: 1.7357 | tree: 5.2317 | total: 2.3732
[New] Epoch 77/1000 | classify: 2.1173 | voltage: 0.2275 | conc: 0.0008 | consistency: 0.2435 | polarity: 3.3194 | monodec: 0.0512 | rule: 210.9679 | group: 1.7994 | tree: 5.4355 | total: 2.2394
[New] Epoch 78/1000 | classify: 2.0236 | voltage: 0.2173 | conc: 0.0006 | consistency: 0.2458 | polarity: 3.1692 | monodec: 0.0582 | rule: 204.0247 | group: 1.7078 | tree: 5.1443 | total: 2.1412
[New] Epoch 79/1000 | classify: 2.1427 | voltage: 0.2349 | conc: 0.0007 | consistency: 0.2656 | polarity: 3.3030 | monodec: 0.0647 | rule: 238.5408 | group: 1.7398 | tree: 5.1922 | total: 2.2788
[New] Epoch 80/1000 | classify: 2.2505 | voltage: 0.2396 | conc: 0.0008 | consistency: 0.2840 | polarity: 3.1014 | monodec: 0.0760 | rule: 230.5108 | group: 1.7480 | tree: 5.5130 | total: 2.3830
--- 验证集 [epoch 80] ---
  准确率 (Accuracy):  0.7241
  精确率 (Precision): 0.5876
  召回率 (Recall):    0.5499
  F1 分数 (F1):       0.5548
✅ 模型已保存到 /home/kudouzala/Application/ion_detect/output/trained_model_save/exp_new_f_num_tp4/trained_model_epoch_best.pth
  🏆 新最佳 F1=0.5548，已保存 best 模型
[New] Epoch 81/1000 | classify: 2.0551 | voltage: 0.2450 | conc: 0.0007 | consistency: 0.2580 | polarity: 3.0792 | monodec: 0.0661 | rule: 198.0225 | group: 1.7601 | tree: 5.2879 | total: 2.1713
[New] Epoch 82/1000 | classify: 2.1132 | voltage: 0.2301 | conc: 0.0010 | consistency: 0.2537 | polarity: 2.9918 | monodec: 0.0647 | rule: 218.4138 | group: 1.7892 | tree: 5.5540 | total: 2.2393
[New] Epoch 83/1000 | classify: 1.9802 | voltage: 0.2207 | conc: 0.0004 | consistency: 0.2330 | polarity: 2.8234 | monodec: 0.0489 | rule: 215.8456 | group: 1.6639 | tree: 4.9005 | total: 2.1036
[New] Epoch 84/1000 | classify: 2.1772 | voltage: 0.1813 | conc: 0.0007 | consistency: 0.2405 | polarity: 2.9787 | monodec: 0.0584 | rule: 207.1045 | group: 1.7695 | tree: 5.2339 | total: 2.2947
[New] Epoch 85/1000 | classify: 1.9877 | voltage: 0.2015 | conc: 0.0010 | consistency: 0.2498 | polarity: 2.8763 | monodec: 0.0609 | rule: 223.0891 | group: 1.7637 | tree: 5.4777 | total: 2.1146
[New] Epoch 86/1000 | classify: 2.1872 | voltage: 0.2323 | conc: 0.0006 | consistency: 0.2485 | polarity: 2.9846 | monodec: 0.0567 | rule: 241.5753 | group: 1.8183 | tree: 5.6016 | total: 2.3247
[New] Epoch 87/1000 | classify: 2.0328 | voltage: 0.1992 | conc: 0.0007 | consistency: 0.2560 | polarity: 2.9844 | monodec: 0.0575 | rule: 235.8430 | group: 1.7426 | tree: 5.3985 | total: 2.1657
[New] Epoch 88/1000 | classify: 2.1094 | voltage: 0.1815 | conc: 0.0009 | consistency: 0.2305 | polarity: 2.9689 | monodec: 0.0434 | rule: 212.0304 | group: 1.8311 | tree: 5.4180 | total: 2.2297
[New] Epoch 89/1000 | classify: 1.9047 | voltage: 0.2147 | conc: 0.0008 | consistency: 0.2459 | polarity: 2.8485 | monodec: 0.0608 | rule: 234.8921 | group: 1.7543 | tree: 5.2448 | total: 2.0379
[New] Epoch 90/1000 | classify: 1.9909 | voltage: 0.2062 | conc: 0.0007 | consistency: 0.2461 | polarity: 2.9397 | monodec: 0.0611 | rule: 248.9478 | group: 1.7634 | tree: 5.1172 | total: 2.1306
--- 验证集 [epoch 90] ---
  准确率 (Accuracy):  0.6897
  精确率 (Precision): 0.6028
  召回率 (Recall):    0.5460
  F1 分数 (F1):       0.5440
[New] Epoch 91/1000 | classify: 1.9390 | voltage: 0.2162 | conc: 0.0006 | consistency: 0.2405 | polarity: 2.7571 | monodec: 0.0542 | rule: 211.0983 | group: 1.7150 | tree: 5.0731 | total: 2.0601
[New] Epoch 92/1000 | classify: 2.1647 | voltage: 0.2143 | conc: 0.0012 | consistency: 0.2564 | polarity: 3.0024 | monodec: 0.0649 | rule: 236.8497 | group: 1.7775 | tree: 5.4018 | total: 2.2993
[New] Epoch 93/1000 | classify: 1.9108 | voltage: 0.2218 | conc: 0.0007 | consistency: 0.2356 | polarity: 2.8728 | monodec: 0.0518 | rule: 218.7349 | group: 1.7332 | tree: 5.4433 | total: 2.0362
[New] Epoch 94/1000 | classify: 2.0113 | voltage: 0.1965 | conc: 0.0007 | consistency: 0.2417 | polarity: 2.8888 | monodec: 0.0534 | rule: 217.6828 | group: 1.7695 | tree: 5.3996 | total: 2.1350
[New] Epoch 95/1000 | classify: 2.0236 | voltage: 0.1829 | conc: 0.0007 | consistency: 0.2395 | polarity: 2.8433 | monodec: 0.0532 | rule: 248.7924 | group: 1.7850 | tree: 5.3056 | total: 2.1621
[New] Epoch 96/1000 | classify: 2.0535 | voltage: 0.1897 | conc: 0.0010 | consistency: 0.2399 | polarity: 3.1236 | monodec: 0.0548 | rule: 242.1988 | group: 1.9072 | tree: 5.8453 | total: 2.1898
[New] Epoch 97/1000 | classify: 2.0305 | voltage: 0.2119 | conc: 0.0008 | consistency: 0.2274 | polarity: 2.8795 | monodec: 0.0535 | rule: 226.8904 | group: 1.7165 | tree: 5.0570 | total: 2.1594
[New] Epoch 98/1000 | classify: 2.0423 | voltage: 0.1980 | conc: 0.0010 | consistency: 0.2433 | polarity: 2.8749 | monodec: 0.0577 | rule: 233.6611 | group: 1.8228 | tree: 5.6052 | total: 2.1745
[New] Epoch 99/1000 | classify: 1.8066 | voltage: 0.1927 | conc: 0.0007 | consistency: 0.2271 | polarity: 2.7519 | monodec: 0.0473 | rule: 250.1838 | group: 1.7130 | tree: 5.0686 | total: 1.9462
[New] Epoch 100/1000 | classify: 1.8708 | voltage: 0.2105 | conc: 0.0010 | consistency: 0.2543 | polarity: 2.7510 | monodec: 0.0562 | rule: 232.2558 | group: 1.7101 | tree: 5.2868 | total: 2.0027
--- 验证集 [epoch 100] ---
  准确率 (Accuracy):  0.7034
  精确率 (Precision): 0.5917
  召回率 (Recall):    0.5624
  F1 分数 (F1):       0.5576
✅ 模型已保存到 /home/kudouzala/Application/ion_detect/output/trained_model_save/exp_new_f_num_tp4/trained_model_epoch_best.pth
  🏆 新最佳 F1=0.5576，已保存 best 模型
✅ 模型已保存到 /home/kudouzala/Application/ion_detect/output/trained_model_save/exp_new_f_num_tp4/trained_model_epoch_100.pth
📁 损失值已保存到 /home/kudouzala/Application/ion_detect/output/trained_model_save/exp_new_f_num_tp4/training_loss_epoch_100.csv
[New] Epoch 101/1000 | classify: 1.8656 | voltage: 0.2006 | conc: 0.0008 | consistency: 0.2228 | polarity: 2.7795 | monodec: 0.0410 | rule: 239.9509 | group: 1.7553 | tree: 5.3200 | total: 2.0006
[New] Epoch 102/1000 | classify: 2.0805 | voltage: 0.1902 | conc: 0.0007 | consistency: 0.2326 | polarity: 2.7720 | monodec: 0.0497 | rule: 251.3824 | group: 1.8052 | tree: 5.7114 | total: 2.2208
[New] Epoch 103/1000 | classify: 1.8803 | voltage: 0.2014 | conc: 0.0005 | consistency: 0.2138 | polarity: 2.6839 | monodec: 0.0459 | rule: 202.7462 | group: 1.6991 | tree: 4.9615 | total: 1.9963
[New] Epoch 104/1000 | classify: 1.9234 | voltage: 0.1683 | conc: 0.0011 | consistency: 0.2321 | polarity: 2.8878 | monodec: 0.0544 | rule: 259.3155 | group: 1.8152 | tree: 5.7413 | total: 2.0671
[New] Epoch 105/1000 | classify: 1.8302 | voltage: 0.1754 | conc: 0.0007 | consistency: 0.2215 | polarity: 2.7070 | monodec: 0.0416 | rule: 224.9196 | group: 1.7259 | tree: 5.1213 | total: 1.9561
[New] Epoch 106/1000 | classify: 1.8136 | voltage: 0.1761 | conc: 0.0008 | consistency: 0.2228 | polarity: 2.7161 | monodec: 0.0408 | rule: 216.0448 | group: 1.7434 | tree: 5.0776 | total: 1.9354
[New] Epoch 107/1000 | classify: 1.6312 | voltage: 0.1771 | conc: 0.0007 | consistency: 0.2315 | polarity: 2.5976 | monodec: 0.0426 | rule: 211.5961 | group: 1.6727 | tree: 5.0564 | total: 1.7505
[New] Epoch 108/1000 | classify: 1.6469 | voltage: 0.1854 | conc: 0.0006 | consistency: 0.2170 | polarity: 2.6204 | monodec: 0.0372 | rule: 233.4704 | group: 1.7014 | tree: 4.9412 | total: 1.7775
[New] Epoch 109/1000 | classify: 1.8924 | voltage: 0.1846 | conc: 0.0007 | consistency: 0.2212 | polarity: 2.7813 | monodec: 0.0430 | rule: 239.0649 | group: 1.7245 | tree: 5.2191 | total: 2.0260
[New] Epoch 110/1000 | classify: 1.5516 | voltage: 0.1884 | conc: 0.0007 | consistency: 0.2227 | polarity: 2.5759 | monodec: 0.0444 | rule: 200.2553 | group: 1.7302 | tree: 5.0724 | total: 1.6659
--- 验证集 [epoch 110] ---
  准确率 (Accuracy):  0.7517
  精确率 (Precision): 0.6320
  召回率 (Recall):    0.6103
  F1 分数 (F1):       0.5982
✅ 模型已保存到 /home/kudouzala/Application/ion_detect/output/trained_model_save/exp_new_f_num_tp4/trained_model_epoch_best.pth
  🏆 新最佳 F1=0.5982，已保存 best 模型
[New] Epoch 111/1000 | classify: 1.5965 | voltage: 0.1738 | conc: 0.0009 | consistency: 0.2211 | polarity: 2.6633 | monodec: 0.0462 | rule: 229.0260 | group: 1.7335 | tree: 5.1302 | total: 1.7246
[New] Epoch 112/1000 | classify: 1.9026 | voltage: 0.2055 | conc: 0.0008 | consistency: 0.2280 | polarity: 2.6912 | monodec: 0.0449 | rule: 243.5710 | group: 1.8171 | tree: 5.4622 | total: 2.0398
[New] Epoch 113/1000 | classify: 1.6087 | voltage: 0.2051 | conc: 0.0007 | consistency: 0.2351 | polarity: 2.5869 | monodec: 0.0512 | rule: 222.5699 | group: 1.6954 | tree: 5.1934 | total: 1.7351
[New] Epoch 114/1000 | classify: 1.7656 | voltage: 0.1869 | conc: 0.0006 | consistency: 0.2153 | polarity: 2.6018 | monodec: 0.0418 | rule: 233.0149 | group: 1.7024 | tree: 5.2350 | total: 1.8962
[New] Epoch 115/1000 | classify: 1.8212 | voltage: 0.1801 | conc: 0.0008 | consistency: 0.2137 | polarity: 2.6193 | monodec: 0.0424 | rule: 227.3892 | group: 1.7363 | tree: 5.3581 | total: 1.9489
[New] Epoch 116/1000 | classify: 1.6779 | voltage: 0.1871 | conc: 0.0006 | consistency: 0.2133 | polarity: 2.5690 | monodec: 0.0422 | rule: 208.1306 | group: 1.7948 | tree: 5.3366 | total: 1.7961
[New] Epoch 117/1000 | classify: 1.6386 | voltage: 0.1893 | conc: 0.0004 | consistency: 0.2289 | polarity: 2.5720 | monodec: 0.0476 | rule: 224.5918 | group: 1.7799 | tree: 5.5802 | total: 1.7652
[New] Epoch 118/1000 | classify: 1.7366 | voltage: 0.1793 | conc: 0.0009 | consistency: 0.2298 | polarity: 2.6163 | monodec: 0.0501 | rule: 210.9260 | group: 1.7645 | tree: 5.3095 | total: 1.8561
[New] Epoch 119/1000 | classify: 1.8572 | voltage: 0.1808 | conc: 0.0008 | consistency: 0.2163 | polarity: 2.6505 | monodec: 0.0384 | rule: 238.1528 | group: 1.8405 | tree: 5.8003 | total: 1.9906
[New] Epoch 120/1000 | classify: 1.6346 | voltage: 0.1740 | conc: 0.0009 | consistency: 0.2205 | polarity: 2.5549 | monodec: 0.0408 | rule: 226.8459 | group: 1.7693 | tree: 5.2794 | total: 1.7618
--- 验证集 [epoch 120] ---
  准确率 (Accuracy):  0.7379
  精确率 (Precision): 0.6084
  召回率 (Recall):    0.6040
  F1 分数 (F1):       0.5902
[New] Epoch 121/1000 | classify: 1.5445 | voltage: 0.1695 | conc: 0.0011 | consistency: 0.2136 | polarity: 2.5549 | monodec: 0.0343 | rule: 236.6740 | group: 1.7932 | tree: 5.6809 | total: 1.6767
[New] Epoch 122/1000 | classify: 1.7443 | voltage: 0.1801 | conc: 0.0008 | consistency: 0.2046 | polarity: 2.5094 | monodec: 0.0312 | rule: 213.1729 | group: 1.7430 | tree: 5.2201 | total: 1.8648
[New] Epoch 123/1000 | classify: 1.6955 | voltage: 0.1839 | conc: 0.0012 | consistency: 0.2321 | polarity: 2.5889 | monodec: 0.0549 | rule: 240.9628 | group: 1.8044 | tree: 5.4165 | total: 1.8307
[New] Epoch 124/1000 | classify: 1.7004 | voltage: 0.1810 | conc: 0.0006 | consistency: 0.2208 | polarity: 2.4440 | monodec: 0.0397 | rule: 231.2550 | group: 1.6959 | tree: 5.1603 | total: 1.8297
[New] Epoch 125/1000 | classify: 1.4474 | voltage: 0.2021 | conc: 0.0005 | consistency: 0.2139 | polarity: 2.3547 | monodec: 0.0343 | rule: 211.2926 | group: 1.6335 | tree: 4.8498 | total: 1.5674
[New] Epoch 126/1000 | classify: 1.6650 | voltage: 0.1840 | conc: 0.0006 | consistency: 0.2140 | polarity: 2.4080 | monodec: 0.0350 | rule: 222.3383 | group: 1.6724 | tree: 5.0950 | total: 1.7899
[New] Epoch 127/1000 | classify: 1.6900 | voltage: 0.1685 | conc: 0.0009 | consistency: 0.2090 | polarity: 2.5387 | monodec: 0.0357 | rule: 235.2012 | group: 1.8443 | tree: 5.5773 | total: 1.8213
[New] Epoch 128/1000 | classify: 1.5649 | voltage: 0.1763 | conc: 0.0007 | consistency: 0.2164 | polarity: 2.4631 | monodec: 0.0385 | rule: 249.5662 | group: 1.7438 | tree: 5.4232 | total: 1.7034
[New] Epoch 129/1000 | classify: 1.7587 | voltage: 0.2039 | conc: 0.0008 | consistency: 0.2132 | polarity: 2.5419 | monodec: 0.0324 | rule: 254.2934 | group: 1.8423 | tree: 5.8157 | total: 1.9014
[New] Epoch 130/1000 | classify: 1.5199 | voltage: 0.1772 | conc: 0.0007 | consistency: 0.2096 | polarity: 2.4296 | monodec: 0.0399 | rule: 211.7865 | group: 1.7167 | tree: 5.2659 | total: 1.6394
--- 验证集 [epoch 130] ---
  准确率 (Accuracy):  0.7793
  精确率 (Precision): 0.6961
  召回率 (Recall):    0.6633
  F1 分数 (F1):       0.6728
✅ 模型已保存到 /home/kudouzala/Application/ion_detect/output/trained_model_save/exp_new_f_num_tp4/trained_model_epoch_best.pth
  🏆 新最佳 F1=0.6728，已保存 best 模型
[New] Epoch 131/1000 | classify: 1.6414 | voltage: 0.1987 | conc: 0.0004 | consistency: 0.2015 | polarity: 2.4579 | monodec: 0.0293 | rule: 238.8235 | group: 1.7895 | tree: 5.4448 | total: 1.7753
[New] Epoch 132/1000 | classify: 1.6272 | voltage: 0.1919 | conc: 0.0008 | consistency: 0.2052 | polarity: 2.4818 | monodec: 0.0369 | rule: 227.5548 | group: 1.8130 | tree: 5.2602 | total: 1.7555
[New] Epoch 133/1000 | classify: 1.6354 | voltage: 0.1926 | conc: 0.0009 | consistency: 0.2077 | polarity: 2.5075 | monodec: 0.0295 | rule: 226.8759 | group: 1.8395 | tree: 5.6682 | total: 1.7637
[New] Epoch 134/1000 | classify: 1.5219 | voltage: 0.1862 | conc: 0.0006 | consistency: 0.2066 | polarity: 2.3835 | monodec: 0.0271 | rule: 232.5502 | group: 1.6573 | tree: 4.9875 | total: 1.6520
[New] Epoch 135/1000 | classify: 1.6510 | voltage: 0.1888 | conc: 0.0010 | consistency: 0.2107 | polarity: 2.5255 | monodec: 0.0333 | rule: 241.4122 | group: 1.7792 | tree: 5.3711 | total: 1.7863
[New] Epoch 136/1000 | classify: 1.8524 | voltage: 0.1908 | conc: 0.0010 | consistency: 0.1966 | polarity: 2.5768 | monodec: 0.0281 | rule: 232.7429 | group: 1.9423 | tree: 5.9795 | total: 1.9838
[New] Epoch 137/1000 | classify: 1.5759 | voltage: 0.1780 | conc: 0.0007 | consistency: 0.2118 | polarity: 2.4882 | monodec: 0.0353 | rule: 244.2734 | group: 1.8057 | tree: 5.4297 | total: 1.7118
[New] Epoch 138/1000 | classify: 1.6126 | voltage: 0.1918 | conc: 0.0008 | consistency: 0.2050 | polarity: 2.4390 | monodec: 0.0264 | rule: 217.1731 | group: 1.7880 | tree: 5.4062 | total: 1.7357
[New] Epoch 139/1000 | classify: 1.6463 | voltage: 0.1935 | conc: 0.0009 | consistency: 0.2056 | polarity: 2.5175 | monodec: 0.0278 | rule: 242.0499 | group: 1.8611 | tree: 5.5088 | total: 1.7822
[New] Epoch 140/1000 | classify: 1.5427 | voltage: 0.1852 | conc: 0.0007 | consistency: 0.1960 | polarity: 2.3961 | monodec: 0.0216 | rule: 230.3088 | group: 1.7230 | tree: 5.0539 | total: 1.6717
--- 验证集 [epoch 140] ---
  准确率 (Accuracy):  0.7517
  精确率 (Precision): 0.6696
  召回率 (Recall):    0.6621
  F1 分数 (F1):       0.6494
[New] Epoch 141/1000 | classify: 1.5529 | voltage: 0.1928 | conc: 0.0004 | consistency: 0.2095 | polarity: 2.3678 | monodec: 0.0298 | rule: 225.3647 | group: 1.7402 | tree: 5.3952 | total: 1.6798
[New] Epoch 142/1000 | classify: 1.4441 | voltage: 0.2089 | conc: 0.0007 | consistency: 0.1979 | polarity: 2.4015 | monodec: 0.0229 | rule: 227.5707 | group: 1.8100 | tree: 5.4066 | total: 1.5733
[New] Epoch 143/1000 | classify: 1.5721 | voltage: 0.1800 | conc: 0.0008 | consistency: 0.1983 | polarity: 2.4497 | monodec: 0.0242 | rule: 222.9434 | group: 1.7944 | tree: 5.3802 | total: 1.6975
[New] Epoch 144/1000 | classify: 1.5747 | voltage: 0.1859 | conc: 0.0008 | consistency: 0.1991 | polarity: 2.4821 | monodec: 0.0282 | rule: 204.4568 | group: 1.8622 | tree: 5.5693 | total: 1.6913
[New] Epoch 145/1000 | classify: 1.3894 | voltage: 0.1732 | conc: 0.0008 | consistency: 0.2034 | polarity: 2.3166 | monodec: 0.0274 | rule: 215.5308 | group: 1.6635 | tree: 4.9544 | total: 1.5105
[New] Epoch 146/1000 | classify: 1.4500 | voltage: 0.1581 | conc: 0.0006 | consistency: 0.1910 | polarity: 2.3944 | monodec: 0.0249 | rule: 237.2521 | group: 1.7745 | tree: 5.2166 | total: 1.5812
[New] Epoch 147/1000 | classify: 1.7414 | voltage: 0.1576 | conc: 0.0006 | consistency: 0.2002 | polarity: 2.3760 | monodec: 0.0303 | rule: 223.0263 | group: 1.7766 | tree: 5.1761 | total: 1.8655
[New] Epoch 148/1000 | classify: 1.6483 | voltage: 0.1730 | conc: 0.0010 | consistency: 0.1967 | polarity: 2.4425 | monodec: 0.0234 | rule: 236.4216 | group: 1.8331 | tree: 5.5154 | total: 1.7804
[New] Epoch 149/1000 | classify: 1.4569 | voltage: 0.1754 | conc: 0.0009 | consistency: 0.1992 | polarity: 2.4199 | monodec: 0.0267 | rule: 238.1618 | group: 1.8028 | tree: 5.3343 | total: 1.5898
[New] Epoch 150/1000 | classify: 1.4808 | voltage: 0.1697 | conc: 0.0008 | consistency: 0.1973 | polarity: 2.4680 | monodec: 0.0270 | rule: 219.6578 | group: 1.8589 | tree: 5.4863 | total: 1.6043
--- 验证集 [epoch 150] ---
  准确率 (Accuracy):  0.8069
  精确率 (Precision): 0.7541
  召回率 (Recall):    0.7123
  F1 分数 (F1):       0.7124
✅ 模型已保存到 /home/kudouzala/Application/ion_detect/output/trained_model_save/exp_new_f_num_tp4/trained_model_epoch_best.pth
  🏆 新最佳 F1=0.7124，已保存 best 模型
✅ 模型已保存到 /home/kudouzala/Application/ion_detect/output/trained_model_save/exp_new_f_num_tp4/trained_model_epoch_150.pth
📁 损失值已保存到 /home/kudouzala/Application/ion_detect/output/trained_model_save/exp_new_f_num_tp4/training_loss_epoch_150.csv
[New] Epoch 151/1000 | classify: 1.5051 | voltage: 0.1767 | conc: 0.0010 | consistency: 0.1978 | polarity: 2.3499 | monodec: 0.0219 | rule: 248.5143 | group: 1.7416 | tree: 5.0599 | total: 1.6432
[New] Epoch 152/1000 | classify: 1.4337 | voltage: 0.1762 | conc: 0.0008 | consistency: 0.2025 | polarity: 2.3468 | monodec: 0.0259 | rule: 215.0180 | group: 1.7659 | tree: 5.2615 | total: 1.5549
[New] Epoch 153/1000 | classify: 1.5872 | voltage: 0.1878 | conc: 0.0005 | consistency: 0.1989 | polarity: 2.3653 | monodec: 0.0260 | rule: 212.8734 | group: 1.8005 | tree: 5.4477 | total: 1.7078
[New] Epoch 154/1000 | classify: 1.7247 | voltage: 0.1980 | conc: 0.0004 | consistency: 0.1976 | polarity: 2.3599 | monodec: 0.0244 | rule: 218.5813 | group: 1.8149 | tree: 5.3055 | total: 1.8484
[New] Epoch 155/1000 | classify: 1.4580 | voltage: 0.1878 | conc: 0.0009 | consistency: 0.2021 | polarity: 2.3407 | monodec: 0.0182 | rule: 230.4181 | group: 1.7427 | tree: 5.0922 | total: 1.5875
[New] Epoch 156/1000 | classify: 1.4536 | voltage: 0.1817 | conc: 0.0007 | consistency: 0.1976 | polarity: 2.3467 | monodec: 0.0212 | rule: 235.4980 | group: 1.7727 | tree: 5.2179 | total: 1.5852
[New] Epoch 157/1000 | classify: 1.4384 | voltage: 0.1835 | conc: 0.0006 | consistency: 0.1948 | polarity: 2.3838 | monodec: 0.0205 | rule: 219.9551 | group: 1.7845 | tree: 5.4290 | total: 1.5624
[New] Epoch 158/1000 | classify: 1.4446 | voltage: 0.1699 | conc: 0.0007 | consistency: 0.1996 | polarity: 2.4370 | monodec: 0.0216 | rule: 255.8169 | group: 1.8299 | tree: 5.6612 | total: 1.5861
[New] Epoch 159/1000 | classify: 1.5211 | voltage: 0.1905 | conc: 0.0006 | consistency: 0.1959 | polarity: 2.3754 | monodec: 0.0201 | rule: 200.9274 | group: 1.8350 | tree: 5.4527 | total: 1.6360
[New] Epoch 160/1000 | classify: 1.5835 | voltage: 0.1643 | conc: 0.0007 | consistency: 0.1921 | polarity: 2.3934 | monodec: 0.0158 | rule: 248.5345 | group: 1.8061 | tree: 5.5405 | total: 1.7209
--- 验证集 [epoch 160] ---
  准确率 (Accuracy):  0.7448
  精确率 (Precision): 0.7077
  召回率 (Recall):    0.6633
  F1 分数 (F1):       0.6544
[New] Epoch 161/1000 | classify: 1.4381 | voltage: 0.1830 | conc: 0.0006 | consistency: 0.2027 | polarity: 2.3967 | monodec: 0.0207 | rule: 228.0029 | group: 1.7924 | tree: 5.4602 | total: 1.5661
[New] Epoch 162/1000 | classify: 1.5157 | voltage: 0.1821 | conc: 0.0005 | consistency: 0.1899 | polarity: 2.3902 | monodec: 0.0156 | rule: 235.3625 | group: 1.7678 | tree: 5.2071 | total: 1.6471
[New] Epoch 163/1000 | classify: 1.5536 | voltage: 0.1763 | conc: 0.0011 | consistency: 0.1951 | polarity: 2.4300 | monodec: 0.0190 | rule: 224.6787 | group: 1.8228 | tree: 5.3608 | total: 1.6800
[New] Epoch 164/1000 | classify: 1.5110 | voltage: 0.1794 | conc: 0.0008 | consistency: 0.1878 | polarity: 2.3616 | monodec: 0.0149 | rule: 213.2741 | group: 1.8411 | tree: 5.3909 | total: 1.6317
[New] Epoch 165/1000 | classify: 1.4632 | voltage: 0.1795 | conc: 0.0006 | consistency: 0.1946 | polarity: 2.3581 | monodec: 0.0178 | rule: 245.0182 | group: 1.7663 | tree: 5.3640 | total: 1.5994
[New] Epoch 166/1000 | classify: 1.4727 | voltage: 0.1759 | conc: 0.0010 | consistency: 0.1949 | polarity: 2.3596 | monodec: 0.0155 | rule: 242.3616 | group: 1.7945 | tree: 5.5580 | total: 1.6079
[New] Epoch 167/1000 | classify: 1.5896 | voltage: 0.1830 | conc: 0.0011 | consistency: 0.1941 | polarity: 2.3643 | monodec: 0.0167 | rule: 245.1670 | group: 1.8310 | tree: 5.4618 | total: 1.7267
[New] Epoch 168/1000 | classify: 1.6218 | voltage: 0.1855 | conc: 0.0009 | consistency: 0.1955 | polarity: 2.4647 | monodec: 0.0173 | rule: 241.0523 | group: 1.8660 | tree: 5.7222 | total: 1.7569
[New] Epoch 169/1000 | classify: 1.4164 | voltage: 0.1866 | conc: 0.0011 | consistency: 0.1978 | polarity: 2.3966 | monodec: 0.0148 | rule: 211.8788 | group: 1.8053 | tree: 5.4165 | total: 1.5370
[New] Epoch 170/1000 | classify: 1.4211 | voltage: 0.1809 | conc: 0.0009 | consistency: 0.1914 | polarity: 2.3918 | monodec: 0.0131 | rule: 244.1082 | group: 1.8789 | tree: 5.5721 | total: 1.5574
--- 验证集 [epoch 170] ---
  准确率 (Accuracy):  0.8276
  精确率 (Precision): 0.7137
  召回率 (Recall):    0.6965
  F1 分数 (F1):       0.6968
[New] Epoch 171/1000 | classify: 1.4514 | voltage: 0.1799 | conc: 0.0007 | consistency: 0.1906 | polarity: 2.3199 | monodec: 0.0133 | rule: 233.0826 | group: 1.7220 | tree: 5.0522 | total: 1.5816
[New] Epoch 172/1000 | classify: 1.4174 | voltage: 0.1724 | conc: 0.0008 | consistency: 0.1903 | polarity: 2.4133 | monodec: 0.0135 | rule: 229.8847 | group: 1.8550 | tree: 5.4775 | total: 1.5460
[New] Epoch 173/1000 | classify: 1.4159 | voltage: 0.1715 | conc: 0.0006 | consistency: 0.1915 | polarity: 2.3083 | monodec: 0.0148 | rule: 230.7935 | group: 1.7605 | tree: 5.1965 | total: 1.5446
[New] Epoch 174/1000 | classify: 1.3241 | voltage: 0.1764 | conc: 0.0004 | consistency: 0.1912 | polarity: 2.3233 | monodec: 0.0133 | rule: 205.0362 | group: 1.7878 | tree: 5.1049 | total: 1.4399
[New] Epoch 175/1000 | classify: 1.5018 | voltage: 0.1840 | conc: 0.0009 | consistency: 0.1964 | polarity: 2.4345 | monodec: 0.0168 | rule: 225.5415 | group: 1.8363 | tree: 5.3746 | total: 1.6289
[New] Epoch 176/1000 | classify: 1.4279 | voltage: 0.1788 | conc: 0.0007 | consistency: 0.1939 | polarity: 2.3025 | monodec: 0.0127 | rule: 207.4669 | group: 1.7566 | tree: 5.2017 | total: 1.5453
[New] Epoch 177/1000 | classify: 1.4254 | voltage: 0.1699 | conc: 0.0005 | consistency: 0.1887 | polarity: 2.3903 | monodec: 0.0141 | rule: 230.9451 | group: 1.8653 | tree: 5.5428 | total: 1.5542
[New] Epoch 178/1000 | classify: 1.3677 | voltage: 0.1749 | conc: 0.0007 | consistency: 0.1968 | polarity: 2.3329 | monodec: 0.0146 | rule: 222.1970 | group: 1.8280 | tree: 5.4444 | total: 1.4925
[New] Epoch 179/1000 | classify: 1.3720 | voltage: 0.1758 | conc: 0.0010 | consistency: 0.1898 | polarity: 2.3868 | monodec: 0.0124 | rule: 230.6531 | group: 1.9059 | tree: 5.8117 | total: 1.5016
[New] Epoch 180/1000 | classify: 1.5146 | voltage: 0.1788 | conc: 0.0009 | consistency: 0.1911 | polarity: 2.3803 | monodec: 0.0129 | rule: 236.1967 | group: 1.8625 | tree: 5.5113 | total: 1.6469
--- 验证集 [epoch 180] ---
  准确率 (Accuracy):  0.6552
  精确率 (Precision): 0.6420
  召回率 (Recall):    0.7121
  F1 分数 (F1):       0.6470
[New] Epoch 181/1000 | classify: 1.5066 | voltage: 0.1746 | conc: 0.0009 | consistency: 0.1973 | polarity: 2.3497 | monodec: 0.0122 | rule: 217.3407 | group: 1.8686 | tree: 5.2979 | total: 1.6291
[New] Epoch 182/1000 | classify: 1.4107 | voltage: 0.1812 | conc: 0.0011 | consistency: 0.1923 | polarity: 2.3415 | monodec: 0.0097 | rule: 258.6045 | group: 1.8606 | tree: 5.5495 | total: 1.5544
[New] Epoch 183/1000 | classify: 1.4113 | voltage: 0.1806 | conc: 0.0012 | consistency: 0.1945 | polarity: 2.3991 | monodec: 0.0116 | rule: 233.9487 | group: 1.8788 | tree: 5.6843 | total: 1.5429
[New] Epoch 184/1000 | classify: 1.4373 | voltage: 0.1796 | conc: 0.0008 | consistency: 0.1943 | polarity: 2.3340 | monodec: 0.0110 | rule: 221.8675 | group: 1.8538 | tree: 5.6330 | total: 1.5623
[New] Epoch 185/1000 | classify: 1.3639 | voltage: 0.1789 | conc: 0.0006 | consistency: 0.1940 | polarity: 2.2863 | monodec: 0.0098 | rule: 222.6700 | group: 1.7275 | tree: 5.2147 | total: 1.4888
[New] Epoch 186/1000 | classify: 1.3584 | voltage: 0.1755 | conc: 0.0008 | consistency: 0.1954 | polarity: 2.4014 | monodec: 0.0103 | rule: 245.4543 | group: 1.8187 | tree: 5.5286 | total: 1.4950
[New] Epoch 187/1000 | classify: 1.3984 | voltage: 0.1673 | conc: 0.0009 | consistency: 0.1943 | polarity: 2.3626 | monodec: 0.0093 | rule: 237.4571 | group: 1.8457 | tree: 5.4016 | total: 1.5306
[New] Epoch 188/1000 | classify: 1.3959 | voltage: 0.1901 | conc: 0.0006 | consistency: 0.1967 | polarity: 2.3353 | monodec: 0.0102 | rule: 248.4542 | group: 1.7734 | tree: 5.3291 | total: 1.5343
[New] Epoch 189/1000 | classify: 1.3816 | voltage: 0.1938 | conc: 0.0008 | consistency: 0.1989 | polarity: 2.2995 | monodec: 0.0109 | rule: 220.0086 | group: 1.8150 | tree: 5.0205 | total: 1.5061
[New] Epoch 190/1000 | classify: 1.4818 | voltage: 0.1830 | conc: 0.0008 | consistency: 0.1942 | polarity: 2.3782 | monodec: 0.0100 | rule: 228.1884 | group: 1.8501 | tree: 5.4551 | total: 1.6101
--- 验证集 [epoch 190] ---
  准确率 (Accuracy):  0.8000
  精确率 (Precision): 0.7041
  召回率 (Recall):    0.6836
  F1 分数 (F1):       0.6824
[New] Epoch 191/1000 | classify: 1.4690 | voltage: 0.1830 | conc: 0.0009 | consistency: 0.1933 | polarity: 2.3664 | monodec: 0.0109 | rule: 248.8174 | group: 1.8974 | tree: 5.6785 | total: 1.6078
[New] Epoch 192/1000 | classify: 1.2736 | voltage: 0.1736 | conc: 0.0005 | consistency: 0.1977 | polarity: 2.2713 | monodec: 0.0108 | rule: 212.9566 | group: 1.7065 | tree: 4.9535 | total: 1.3932
[New] Epoch 193/1000 | classify: 1.3787 | voltage: 0.1779 | conc: 0.0008 | consistency: 0.1972 | polarity: 2.3265 | monodec: 0.0093 | rule: 218.3792 | group: 1.8214 | tree: 5.3466 | total: 1.5018
[New] Epoch 194/1000 | classify: 1.3513 | voltage: 0.1864 | conc: 0.0009 | consistency: 0.1997 | polarity: 2.3731 | monodec: 0.0121 | rule: 217.7200 | group: 1.8003 | tree: 5.5354 | total: 1.4746
[New] Epoch 195/1000 | classify: 1.3649 | voltage: 0.1826 | conc: 0.0007 | consistency: 0.1992 | polarity: 2.2928 | monodec: 0.0085 | rule: 230.1906 | group: 1.8067 | tree: 5.3219 | total: 1.4939
[New] Epoch 196/1000 | classify: 1.4694 | voltage: 0.1931 | conc: 0.0007 | consistency: 0.1972 | polarity: 2.3811 | monodec: 0.0099 | rule: 232.6609 | group: 1.8992 | tree: 5.5126 | total: 1.6004
[New] Epoch 197/1000 | classify: 1.3856 | voltage: 0.1888 | conc: 0.0006 | consistency: 0.1979 | polarity: 2.3486 | monodec: 0.0075 | rule: 196.9879 | group: 1.8241 | tree: 5.0246 | total: 1.4981
[New] Epoch 198/1000 | classify: 1.4371 | voltage: 0.1856 | conc: 0.0006 | consistency: 0.1950 | polarity: 2.4620 | monodec: 0.0067 | rule: 254.8974 | group: 1.9765 | tree: 5.7383 | total: 1.5789
[New] Epoch 199/1000 | classify: 1.4006 | voltage: 0.1841 | conc: 0.0009 | consistency: 0.2023 | polarity: 2.3317 | monodec: 0.0086 | rule: 225.1482 | group: 1.8171 | tree: 5.4070 | total: 1.5274
[New] Epoch 200/1000 | classify: 1.3115 | voltage: 0.1836 | conc: 0.0006 | consistency: 0.1990 | polarity: 2.2564 | monodec: 0.0061 | rule: 237.6277 | group: 1.7431 | tree: 5.1216 | total: 1.4442
--- 验证集 [epoch 200] ---
  准确率 (Accuracy):  0.8138
  精确率 (Precision): 0.7253
  召回率 (Recall):    0.7031
  F1 分数 (F1):       0.7082
✅ 模型已保存到 /home/kudouzala/Application/ion_detect/output/trained_model_save/exp_new_f_num_tp4/trained_model_epoch_200.pth
📁 损失值已保存到 /home/kudouzala/Application/ion_detect/output/trained_model_save/exp_new_f_num_tp4/training_loss_epoch_200.csv
[New] Epoch 201/1000 | classify: 1.4810 | voltage: 0.1796 | conc: 0.0008 | consistency: 0.1976 | polarity: 2.3230 | monodec: 0.0070 | rule: 246.0912 | group: 1.7998 | tree: 5.4447 | total: 1.6181
[New] Epoch 202/1000 | classify: 1.4132 | voltage: 0.1897 | conc: 0.0010 | consistency: 0.1993 | polarity: 2.4068 | monodec: 0.0075 | rule: 221.6568 | group: 1.9130 | tree: 5.6501 | total: 1.5389
[New] Epoch 203/1000 | classify: 1.2818 | voltage: 0.1718 | conc: 0.0010 | consistency: 0.1990 | polarity: 2.3882 | monodec: 0.0065 | rule: 267.8766 | group: 1.8362 | tree: 5.2809 | total: 1.4295
[New] Epoch 204/1000 | classify: 1.4093 | voltage: 0.1744 | conc: 0.0008 | consistency: 0.1971 | polarity: 2.3408 | monodec: 0.0078 | rule: 223.7083 | group: 1.8753 | tree: 5.2765 | total: 1.5349
[New] Epoch 205/1000 | classify: 1.3563 | voltage: 0.1810 | conc: 0.0010 | consistency: 0.1968 | polarity: 2.3517 | monodec: 0.0071 | rule: 242.7998 | group: 1.8425 | tree: 5.3619 | total: 1.4919
[New] Epoch 206/1000 | classify: 1.3942 | voltage: 0.1880 | conc: 0.0009 | consistency: 0.1981 | polarity: 2.3757 | monodec: 0.0064 | rule: 225.3548 | group: 1.8871 | tree: 5.7001 | total: 1.5216
[New] Epoch 207/1000 | classify: 1.4044 | voltage: 0.1885 | conc: 0.0009 | consistency: 0.1994 | polarity: 2.3231 | monodec: 0.0054 | rule: 214.9050 | group: 1.7818 | tree: 5.0830 | total: 1.5262
[New] Epoch 208/1000 | classify: 1.3195 | voltage: 0.1857 | conc: 0.0008 | consistency: 0.1989 | polarity: 2.3250 | monodec: 0.0064 | rule: 240.3866 | group: 1.8184 | tree: 5.4682 | total: 1.4539
[New] Epoch 209/1000 | classify: 1.4298 | voltage: 0.1983 | conc: 0.0010 | consistency: 0.1983 | polarity: 2.3820 | monodec: 0.0070 | rule: 223.5777 | group: 1.9238 | tree: 5.3126 | total: 1.5567
[New] Epoch 210/1000 | classify: 1.3474 | voltage: 0.1913 | conc: 0.0008 | consistency: 0.1969 | polarity: 2.4117 | monodec: 0.0056 | rule: 259.3356 | group: 1.9375 | tree: 5.7169 | total: 1.4919
--- 验证集 [epoch 210] ---
  准确率 (Accuracy):  0.8276
  精确率 (Precision): 0.7601
  召回率 (Recall):    0.7552
  F1 分数 (F1):       0.7509
✅ 模型已保存到 /home/kudouzala/Application/ion_detect/output/trained_model_save/exp_new_f_num_tp4/trained_model_epoch_best.pth
  🏆 新最佳 F1=0.7509，已保存 best 模型
[New] Epoch 211/1000 | classify: 1.3630 | voltage: 0.1889 | conc: 0.0009 | consistency: 0.1999 | polarity: 2.4249 | monodec: 0.0064 | rule: 227.8932 | group: 1.9363 | tree: 5.5946 | total: 1.4917
[New] Epoch 212/1000 | classify: 1.4985 | voltage: 0.1839 | conc: 0.0008 | consistency: 0.1982 | polarity: 2.4258 | monodec: 0.0046 | rule: 219.7720 | group: 1.8639 | tree: 5.6465 | total: 1.6227
[New] Epoch 213/1000 | classify: 1.3041 | voltage: 0.1797 | conc: 0.0012 | consistency: 0.1994 | polarity: 2.3552 | monodec: 0.0058 | rule: 247.2548 | group: 1.8125 | tree: 5.5432 | total: 1.4422
[New] Epoch 214/1000 | classify: 1.5515 | voltage: 0.1955 | conc: 0.0008 | consistency: 0.1965 | polarity: 2.4325 | monodec: 0.0053 | rule: 199.7547 | group: 1.9718 | tree: 5.5486 | total: 1.6663
[New] Epoch 215/1000 | classify: 1.4082 | voltage: 0.2009 | conc: 0.0008 | consistency: 0.1969 | polarity: 2.3506 | monodec: 0.0046 | rule: 236.8608 | group: 1.8695 | tree: 5.4380 | total: 1.5417
[New] Epoch 216/1000 | classify: 1.4536 | voltage: 0.1836 | conc: 0.0011 | consistency: 0.2009 | polarity: 2.4777 | monodec: 0.0045 | rule: 230.6461 | group: 1.9373 | tree: 5.6399 | total: 1.5836
[New] Epoch 217/1000 | classify: 1.3182 | voltage: 0.2065 | conc: 0.0006 | consistency: 0.2022 | polarity: 2.2933 | monodec: 0.0046 | rule: 237.8617 | group: 1.7835 | tree: 5.2704 | total: 1.4522
[New] Epoch 218/1000 | classify: 1.3625 | voltage: 0.1906 | conc: 0.0009 | consistency: 0.2024 | polarity: 2.3757 | monodec: 0.0045 | rule: 224.5625 | group: 1.8452 | tree: 5.5487 | total: 1.4895
[New] Epoch 219/1000 | classify: 1.2651 | voltage: 0.1876 | conc: 0.0007 | consistency: 0.2024 | polarity: 2.3425 | monodec: 0.0040 | rule: 240.8185 | group: 1.8166 | tree: 5.3259 | total: 1.3998
[New] Epoch 220/1000 | classify: 1.2985 | voltage: 0.2069 | conc: 0.0007 | consistency: 0.2017 | polarity: 2.3439 | monodec: 0.0040 | rule: 214.8890 | group: 1.8120 | tree: 5.3458 | total: 1.4211
--- 验证集 [epoch 220] ---
  准确率 (Accuracy):  0.7862
  精确率 (Precision): 0.7172
  召回率 (Recall):    0.6778
  F1 分数 (F1):       0.6736
[New] Epoch 221/1000 | classify: 1.2712 | voltage: 0.1739 | conc: 0.0009 | consistency: 0.2020 | polarity: 2.2574 | monodec: 0.0043 | rule: 247.8849 | group: 1.7683 | tree: 5.3187 | total: 1.4089
[New] Epoch 222/1000 | classify: 1.3485 | voltage: 0.1928 | conc: 0.0009 | consistency: 0.2011 | polarity: 2.3939 | monodec: 0.0052 | rule: 232.3252 | group: 1.8591 | tree: 5.3180 | total: 1.4793
[New] Epoch 223/1000 | classify: 1.3757 | voltage: 0.2084 | conc: 0.0006 | consistency: 0.2038 | polarity: 2.3436 | monodec: 0.0046 | rule: 247.0275 | group: 1.7916 | tree: 5.2547 | total: 1.5143
[New] Epoch 224/1000 | classify: 1.2820 | voltage: 0.1942 | conc: 0.0006 | consistency: 0.2041 | polarity: 2.3127 | monodec: 0.0044 | rule: 224.6707 | group: 1.7726 | tree: 5.3205 | total: 1.4088
[New] Epoch 225/1000 | classify: 1.3857 | voltage: 0.2032 | conc: 0.0009 | consistency: 0.2014 | polarity: 2.3438 | monodec: 0.0031 | rule: 224.0485 | group: 1.8510 | tree: 5.3111 | total: 1.5128
[New] Epoch 226/1000 | classify: 1.4380 | voltage: 0.2044 | conc: 0.0007 | consistency: 0.2015 | polarity: 2.3351 | monodec: 0.0036 | rule: 211.1518 | group: 1.8443 | tree: 5.3242 | total: 1.5587
[New] Epoch 227/1000 | classify: 1.4079 | voltage: 0.2037 | conc: 0.0009 | consistency: 0.2046 | polarity: 2.4128 | monodec: 0.0035 | rule: 212.2022 | group: 1.9303 | tree: 5.3613 | total: 1.5292
[New] Epoch 228/1000 | classify: 1.3181 | voltage: 0.2053 | conc: 0.0006 | consistency: 0.2046 | polarity: 2.3479 | monodec: 0.0032 | rule: 248.7916 | group: 1.8057 | tree: 5.2511 | total: 1.4574
[New] Epoch 229/1000 | classify: 1.3168 | voltage: 0.2053 | conc: 0.0007 | consistency: 0.2042 | polarity: 2.3928 | monodec: 0.0032 | rule: 232.6107 | group: 1.8011 | tree: 5.3274 | total: 1.4482
[New] Epoch 230/1000 | classify: 1.2496 | voltage: 0.2095 | conc: 0.0007 | consistency: 0.2063 | polarity: 2.3682 | monodec: 0.0033 | rule: 216.0772 | group: 1.8387 | tree: 5.4610 | total: 1.3731
--- 验证集 [epoch 230] ---
  准确率 (Accuracy):  0.8138
  精确率 (Precision): 0.7273
  召回率 (Recall):    0.6749
  F1 分数 (F1):       0.6780
[New] Epoch 231/1000 | classify: 1.3600 | voltage: 0.2076 | conc: 0.0007 | consistency: 0.2065 | polarity: 2.3224 | monodec: 0.0030 | rule: 228.8879 | group: 1.7851 | tree: 5.2265 | total: 1.4896
[New] Epoch 232/1000 | classify: 1.3650 | voltage: 0.2155 | conc: 0.0003 | consistency: 0.2067 | polarity: 2.3682 | monodec: 0.0023 | rule: 221.0977 | group: 1.8617 | tree: 5.2801 | total: 1.4908
[New] Epoch 233/1000 | classify: 1.3293 | voltage: 0.2074 | conc: 0.0010 | consistency: 0.2039 | polarity: 2.4663 | monodec: 0.0028 | rule: 225.6607 | group: 1.9229 | tree: 5.6494 | total: 1.4579
[New] Epoch 234/1000 | classify: 1.2657 | voltage: 0.2116 | conc: 0.0006 | consistency: 0.2089 | polarity: 2.3624 | monodec: 0.0030 | rule: 237.1172 | group: 1.8540 | tree: 5.4104 | total: 1.3996
[New] Epoch 235/1000 | classify: 1.3515 | voltage: 0.2121 | conc: 0.0013 | consistency: 0.2081 | polarity: 2.4402 | monodec: 0.0029 | rule: 209.2622 | group: 1.9384 | tree: 5.7558 | total: 1.4725
[New] Epoch 236/1000 | classify: 1.3551 | voltage: 0.2150 | conc: 0.0008 | consistency: 0.2101 | polarity: 2.4301 | monodec: 0.0034 | rule: 219.8451 | group: 1.9317 | tree: 5.5236 | total: 1.4808
[New] Epoch 237/1000 | classify: 1.1710 | voltage: 0.2051 | conc: 0.0006 | consistency: 0.2084 | polarity: 2.3523 | monodec: 0.0024 | rule: 212.6362 | group: 1.8558 | tree: 5.4500 | total: 1.2924
[New] Epoch 238/1000 | classify: 1.3439 | voltage: 0.2070 | conc: 0.0010 | consistency: 0.2070 | polarity: 2.4134 | monodec: 0.0024 | rule: 247.0372 | group: 1.8750 | tree: 5.4940 | total: 1.4830
[New] Epoch 239/1000 | classify: 1.3441 | voltage: 0.2099 | conc: 0.0013 | consistency: 0.2067 | polarity: 2.3696 | monodec: 0.0026 | rule: 240.7367 | group: 1.8838 | tree: 5.5331 | total: 1.4805
[New] Epoch 240/1000 | classify: 1.3738 | voltage: 0.2041 | conc: 0.0008 | consistency: 0.2046 | polarity: 2.4332 | monodec: 0.0025 | rule: 238.4387 | group: 1.8735 | tree: 5.3190 | total: 1.5083
--- 验证集 [epoch 240] ---
  准确率 (Accuracy):  0.7862
  精确率 (Precision): 0.6908
  召回率 (Recall):    0.6865
  F1 分数 (F1):       0.6861
[New] Epoch 241/1000 | classify: 1.3423 | voltage: 0.2048 | conc: 0.0005 | consistency: 0.2080 | polarity: 2.3780 | monodec: 0.0018 | rule: 219.4055 | group: 1.8591 | tree: 5.6415 | total: 1.4671
[New] Epoch 242/1000 | classify: 1.2776 | voltage: 0.2112 | conc: 0.0005 | consistency: 0.2051 | polarity: 2.2964 | monodec: 0.0021 | rule: 229.4918 | group: 1.7644 | tree: 5.0849 | total: 1.4074
[New] Epoch 243/1000 | classify: 1.4160 | voltage: 0.2032 | conc: 0.0005 | consistency: 0.2069 | polarity: 2.3736 | monodec: 0.0023 | rule: 208.3778 | group: 1.8380 | tree: 5.2600 | total: 1.5350
[New] Epoch 244/1000 | classify: 1.3984 | voltage: 0.1820 | conc: 0.0006 | consistency: 0.2040 | polarity: 2.3661 | monodec: 0.0022 | rule: 222.6004 | group: 1.8367 | tree: 5.5695 | total: 1.5237
[New] Epoch 245/1000 | classify: 1.3732 | voltage: 0.2066 | conc: 0.0009 | consistency: 0.2087 | polarity: 2.4225 | monodec: 0.0021 | rule: 240.7616 | group: 1.9420 | tree: 5.8072 | total: 1.5092
[New] Epoch 246/1000 | classify: 1.4458 | voltage: 0.2111 | conc: 0.0012 | consistency: 0.2042 | polarity: 2.4515 | monodec: 0.0020 | rule: 234.1087 | group: 1.8819 | tree: 5.4249 | total: 1.5788
[New] Epoch 247/1000 | classify: 1.3074 | voltage: 0.1948 | conc: 0.0005 | consistency: 0.2071 | polarity: 2.3603 | monodec: 0.0019 | rule: 229.5814 | group: 1.8157 | tree: 5.3420 | total: 1.4365
[New] Epoch 248/1000 | classify: 1.3203 | voltage: 0.2038 | conc: 0.0012 | consistency: 0.2054 | polarity: 2.3792 | monodec: 0.0024 | rule: 238.5316 | group: 1.8302 | tree: 5.3509 | total: 1.4552
[New] Epoch 249/1000 | classify: 1.3169 | voltage: 0.1948 | conc: 0.0006 | consistency: 0.2049 | polarity: 2.4046 | monodec: 0.0022 | rule: 226.4226 | group: 1.8853 | tree: 5.6058 | total: 1.4448
[New] Epoch 250/1000 | classify: 1.2381 | voltage: 0.2081 | conc: 0.0007 | consistency: 0.2051 | polarity: 2.3567 | monodec: 0.0020 | rule: 207.4510 | group: 1.8294 | tree: 5.2572 | total: 1.3570
--- 验证集 [epoch 250] ---
  准确率 (Accuracy):  0.7931
  精确率 (Precision): 0.7311
  召回率 (Recall):    0.6658
  F1 分数 (F1):       0.6620
✅ 模型已保存到 /home/kudouzala/Application/ion_detect/output/trained_model_save/exp_new_f_num_tp4/trained_model_epoch_250.pth
📁 损失值已保存到 /home/kudouzala/Application/ion_detect/output/trained_model_save/exp_new_f_num_tp4/training_loss_epoch_250.csv
[New] Epoch 251/1000 | classify: 1.2145 | voltage: 0.1933 | conc: 0.0007 | consistency: 0.2090 | polarity: 2.4029 | monodec: 0.0019 | rule: 208.6925 | group: 1.8591 | tree: 5.4852 | total: 1.3335
[New] Epoch 252/1000 | classify: 1.2983 | voltage: 0.1955 | conc: 0.0009 | consistency: 0.2085 | polarity: 2.3547 | monodec: 0.0017 | rule: 224.4618 | group: 1.8284 | tree: 5.4183 | total: 1.4254
[New] Epoch 253/1000 | classify: 1.2454 | voltage: 0.1982 | conc: 0.0006 | consistency: 0.2102 | polarity: 2.2861 | monodec: 0.0018 | rule: 235.3661 | group: 1.7465 | tree: 5.1951 | total: 1.3776
[New] Epoch 254/1000 | classify: 1.2538 | voltage: 0.2057 | conc: 0.0009 | consistency: 0.2067 | polarity: 2.4498 | monodec: 0.0019 | rule: 207.5997 | group: 1.9488 | tree: 5.7577 | total: 1.3731
[New] Epoch 255/1000 | classify: 1.2815 | voltage: 0.2010 | conc: 0.0011 | consistency: 0.2079 | polarity: 2.4387 | monodec: 0.0019 | rule: 243.1008 | group: 1.8834 | tree: 5.5770 | total: 1.4185
[New] Epoch 256/1000 | classify: 1.3645 | voltage: 0.2099 | conc: 0.0009 | consistency: 0.2074 | polarity: 2.3858 | monodec: 0.0017 | rule: 240.5597 | group: 1.8775 | tree: 5.2145 | total: 1.5003
[New] Epoch 257/1000 | classify: 1.3885 | voltage: 0.2129 | conc: 0.0009 | consistency: 0.2081 | polarity: 2.4253 | monodec: 0.0015 | rule: 241.5319 | group: 1.9028 | tree: 5.4541 | total: 1.5251
[New] Epoch 258/1000 | classify: 1.3638 | voltage: 0.2161 | conc: 0.0008 | consistency: 0.2120 | polarity: 2.4217 | monodec: 0.0016 | rule: 216.8702 | group: 1.8326 | tree: 5.3113 | total: 1.4879
[New] Epoch 259/1000 | classify: 1.2838 | voltage: 0.2053 | conc: 0.0006 | consistency: 0.2100 | polarity: 2.3560 | monodec: 0.0013 | rule: 232.3662 | group: 1.8025 | tree: 5.3068 | total: 1.4149
[New] Epoch 260/1000 | classify: 1.2864 | voltage: 0.2231 | conc: 0.0010 | consistency: 0.2074 | polarity: 2.4232 | monodec: 0.0015 | rule: 202.5854 | group: 1.9178 | tree: 5.7435 | total: 1.4042
--- 验证集 [epoch 260] ---
  准确率 (Accuracy):  0.7793
  精确率 (Precision): 0.7381
  召回率 (Recall):    0.6522
  F1 分数 (F1):       0.6556
[New] Epoch 261/1000 | classify: 1.2586 | voltage: 0.2135 | conc: 0.0005 | consistency: 0.2127 | polarity: 2.3217 | monodec: 0.0011 | rule: 231.9789 | group: 1.7670 | tree: 5.3971 | total: 1.3899
[New] Epoch 262/1000 | classify: 1.2750 | voltage: 0.2239 | conc: 0.0010 | consistency: 0.2135 | polarity: 2.4160 | monodec: 0.0012 | rule: 242.5999 | group: 1.8824 | tree: 5.4372 | total: 1.4127
[New] Epoch 263/1000 | classify: 1.2420 | voltage: 0.2295 | conc: 0.0008 | consistency: 0.2136 | polarity: 2.3793 | monodec: 0.0012 | rule: 225.1027 | group: 1.8471 | tree: 5.1782 | total: 1.3710
[New] Epoch 264/1000 | classify: 1.3579 | voltage: 0.2344 | conc: 0.0009 | consistency: 0.2142 | polarity: 2.4232 | monodec: 0.0011 | rule: 229.9384 | group: 1.8821 | tree: 5.3678 | total: 1.4897
[New] Epoch 265/1000 | classify: 1.2381 | voltage: 0.2247 | conc: 0.0006 | consistency: 0.2154 | polarity: 2.3896 | monodec: 0.0012 | rule: 231.8657 | group: 1.8210 | tree: 5.3432 | total: 1.3701
[New] Epoch 266/1000 | classify: 1.2957 | voltage: 0.2333 | conc: 0.0008 | consistency: 0.2158 | polarity: 2.3901 | monodec: 0.0011 | rule: 208.2115 | group: 1.8181 | tree: 5.4643 | total: 1.4166
[New] Epoch 267/1000 | classify: 1.3442 | voltage: 0.2283 | conc: 0.0012 | consistency: 0.2157 | polarity: 2.5071 | monodec: 0.0010 | rule: 237.2629 | group: 1.9216 | tree: 5.4746 | total: 1.4798
[New] Epoch 268/1000 | classify: 1.3377 | voltage: 0.2346 | conc: 0.0011 | consistency: 0.2142 | polarity: 2.4660 | monodec: 0.0010 | rule: 232.5037 | group: 1.9241 | tree: 5.6587 | total: 1.4712
[New] Epoch 269/1000 | classify: 1.2314 | voltage: 0.2375 | conc: 0.0009 | consistency: 0.2173 | polarity: 2.4483 | monodec: 0.0011 | rule: 228.7233 | group: 1.8764 | tree: 5.5823 | total: 1.3629
[New] Epoch 270/1000 | classify: 1.4826 | voltage: 0.2413 | conc: 0.0010 | consistency: 0.2151 | polarity: 2.4574 | monodec: 0.0011 | rule: 231.2698 | group: 1.8939 | tree: 5.5709 | total: 1.6156
--- 验证集 [epoch 270] ---
  准确率 (Accuracy):  0.7724
  精确率 (Precision): 0.6872
  召回率 (Recall):    0.7036
  F1 分数 (F1):       0.6769
[New] Epoch 271/1000 | classify: 1.3899 | voltage: 0.2303 | conc: 0.0009 | consistency: 0.2192 | polarity: 2.5113 | monodec: 0.0010 | rule: 262.3990 | group: 1.9390 | tree: 5.7694 | total: 1.5380
[New] Epoch 272/1000 | classify: 1.4092 | voltage: 0.2400 | conc: 0.0007 | consistency: 0.2200 | polarity: 2.4407 | monodec: 0.0009 | rule: 219.1743 | group: 1.9180 | tree: 5.5260 | total: 1.5358
[New] Epoch 273/1000 | classify: 1.3666 | voltage: 0.2398 | conc: 0.0010 | consistency: 0.2210 | polarity: 2.4324 | monodec: 0.0010 | rule: 227.5296 | group: 1.8752 | tree: 5.6613 | total: 1.4978
[New] Epoch 274/1000 | classify: 1.1998 | voltage: 0.2459 | conc: 0.0005 | consistency: 0.2189 | polarity: 2.3713 | monodec: 0.0008 | rule: 226.9300 | group: 1.8068 | tree: 5.1068 | total: 1.3301
[New] Epoch 275/1000 | classify: 1.4793 | voltage: 0.2472 | conc: 0.0006 | consistency: 0.2183 | polarity: 2.3757 | monodec: 0.0009 | rule: 224.1518 | group: 1.7950 | tree: 5.2830 | total: 1.6084
[New] Epoch 276/1000 | classify: 1.2655 | voltage: 0.2463 | conc: 0.0009 | consistency: 0.2216 | polarity: 2.4197 | monodec: 0.0007 | rule: 237.9370 | group: 1.8927 | tree: 5.6877 | total: 1.4020
[New] Epoch 277/1000 | classify: 1.2460 | voltage: 0.2489 | conc: 0.0010 | consistency: 0.2220 | polarity: 2.4030 | monodec: 0.0008 | rule: 232.9851 | group: 1.8428 | tree: 5.2678 | total: 1.3801
[New] Epoch 278/1000 | classify: 1.1313 | voltage: 0.2381 | conc: 0.0005 | consistency: 0.2225 | polarity: 2.2868 | monodec: 0.0008 | rule: 202.9387 | group: 1.7417 | tree: 4.9989 | total: 1.2491
[New] Epoch 279/1000 | classify: 1.4761 | voltage: 0.2329 | conc: 0.0007 | consistency: 0.2226 | polarity: 2.4639 | monodec: 0.0008 | rule: 254.8014 | group: 1.8658 | tree: 5.5926 | total: 1.6202
[New] Epoch 280/1000 | classify: 1.2227 | voltage: 0.2589 | conc: 0.0006 | consistency: 0.2201 | polarity: 2.3723 | monodec: 0.0008 | rule: 213.4587 | group: 1.8474 | tree: 5.2996 | total: 1.3471
--- 验证集 [epoch 280] ---
  准确率 (Accuracy):  0.7655
  精确率 (Precision): 0.8142
  召回率 (Recall):    0.6054
  F1 分数 (F1):       0.6222
[New] Epoch 281/1000 | classify: 1.3422 | voltage: 0.2550 | conc: 0.0007 | consistency: 0.2189 | polarity: 2.3653 | monodec: 0.0007 | rule: 236.2838 | group: 1.8196 | tree: 5.3883 | total: 1.4779
[New] Epoch 282/1000 | classify: 1.3046 | voltage: 0.2334 | conc: 0.0006 | consistency: 0.2224 | polarity: 2.4522 | monodec: 0.0008 | rule: 254.9752 | group: 1.8762 | tree: 5.4405 | total: 1.4487
[New] Epoch 283/1000 | classify: 1.2538 | voltage: 0.2471 | conc: 0.0008 | consistency: 0.2228 | polarity: 2.3920 | monodec: 0.0007 | rule: 230.0167 | group: 1.8183 | tree: 5.0803 | total: 1.3860
[New] Epoch 284/1000 | classify: 1.3867 | voltage: 0.2492 | conc: 0.0007 | consistency: 0.2204 | polarity: 2.3751 | monodec: 0.0007 | rule: 244.1650 | group: 1.7808 | tree: 5.2131 | total: 1.5260
[New] Epoch 285/1000 | classify: 1.2695 | voltage: 0.2643 | conc: 0.0009 | consistency: 0.2219 | polarity: 2.4502 | monodec: 0.0006 | rule: 252.0486 | group: 1.9011 | tree: 5.4050 | total: 1.4138
[New] Epoch 286/1000 | classify: 1.3673 | voltage: 0.2630 | conc: 0.0009 | consistency: 0.2256 | polarity: 2.4399 | monodec: 0.0007 | rule: 207.9291 | group: 1.8903 | tree: 5.3678 | total: 1.4895
[New] Epoch 287/1000 | classify: 1.2718 | voltage: 0.2629 | conc: 0.0009 | consistency: 0.2235 | polarity: 2.4844 | monodec: 0.0007 | rule: 251.4700 | group: 1.8780 | tree: 5.5796 | total: 1.4159
[New] Epoch 288/1000 | classify: 1.2437 | voltage: 0.2725 | conc: 0.0007 | consistency: 0.2269 | polarity: 2.3803 | monodec: 0.0007 | rule: 239.0034 | group: 1.8111 | tree: 5.5105 | total: 1.3818
[New] Epoch 289/1000 | classify: 1.4594 | voltage: 0.2584 | conc: 0.0007 | consistency: 0.2273 | polarity: 2.4291 | monodec: 0.0006 | rule: 222.5554 | group: 1.8962 | tree: 5.2589 | total: 1.5884
[New] Epoch 290/1000 | classify: 1.4193 | voltage: 0.2532 | conc: 0.0008 | consistency: 0.2238 | polarity: 2.3906 | monodec: 0.0005 | rule: 251.5930 | group: 1.8449 | tree: 5.2271 | total: 1.5628
--- 验证集 [epoch 290] ---
  准确率 (Accuracy):  0.7103
  精确率 (Precision): 0.6851
  召回率 (Recall):    0.6419
  F1 分数 (F1):       0.6374
[New] Epoch 291/1000 | classify: 1.4251 | voltage: 0.2583 | conc: 0.0010 | consistency: 0.2243 | polarity: 2.4522 | monodec: 0.0007 | rule: 239.5016 | group: 1.8442 | tree: 5.3392 | total: 1.5630
[New] Epoch 292/1000 | classify: 1.3918 | voltage: 0.2720 | conc: 0.0006 | consistency: 0.2276 | polarity: 2.3184 | monodec: 0.0006 | rule: 209.6508 | group: 1.7168 | tree: 5.0113 | total: 1.5148
[New] Epoch 293/1000 | classify: 1.4773 | voltage: 0.2636 | conc: 0.0010 | consistency: 0.2228 | polarity: 2.4563 | monodec: 0.0006 | rule: 219.0239 | group: 1.9086 | tree: 5.6020 | total: 1.6054
[New] Epoch 294/1000 | classify: 1.2725 | voltage: 0.2776 | conc: 0.0012 | consistency: 0.2260 | polarity: 2.4618 | monodec: 0.0005 | rule: 234.0190 | group: 1.8708 | tree: 5.4759 | total: 1.4089
[New] Epoch 295/1000 | classify: 1.2211 | voltage: 0.2693 | conc: 0.0006 | consistency: 0.2292 | polarity: 2.3507 | monodec: 0.0005 | rule: 215.2904 | group: 1.7957 | tree: 5.3395 | total: 1.3469
[New] Epoch 296/1000 | classify: 1.3660 | voltage: 0.2720 | conc: 0.0009 | consistency: 0.2261 | polarity: 2.4240 | monodec: 0.0005 | rule: 201.0253 | group: 1.8982 | tree: 5.6804 | total: 1.4855
[New] Epoch 297/1000 | classify: 1.1625 | voltage: 0.2625 | conc: 0.0005 | consistency: 0.2266 | polarity: 2.3797 | monodec: 0.0004 | rule: 225.9238 | group: 1.8058 | tree: 5.3234 | total: 1.2933
[New] Epoch 298/1000 | classify: 1.4410 | voltage: 0.2685 | conc: 0.0010 | consistency: 0.2210 | polarity: 2.4475 | monodec: 0.0005 | rule: 223.4393 | group: 1.8886 | tree: 5.4827 | total: 1.5714
[New] Epoch 299/1000 | classify: 1.4093 | voltage: 0.2831 | conc: 0.0009 | consistency: 0.2275 | polarity: 2.4993 | monodec: 0.0005 | rule: 202.0286 | group: 1.9188 | tree: 5.5620 | total: 1.5297
[New] Epoch 300/1000 | classify: 1.2203 | voltage: 0.2753 | conc: 0.0008 | consistency: 0.2309 | polarity: 2.3517 | monodec: 0.0005 | rule: 221.7692 | group: 1.7766 | tree: 5.4304 | total: 1.3499
--- 验证集 [epoch 300] ---
  准确率 (Accuracy):  0.7448
  精确率 (Precision): 0.6228
  召回率 (Recall):    0.6452
  F1 分数 (F1):       0.6245
✅ 模型已保存到 /home/kudouzala/Application/ion_detect/output/trained_model_save/exp_new_f_num_tp4/trained_model_epoch_300.pth
📁 损失值已保存到 /home/kudouzala/Application/ion_detect/output/trained_model_save/exp_new_f_num_tp4/training_loss_epoch_300.csv
[New] Epoch 301/1000 | classify: 1.2995 | voltage: 0.2632 | conc: 0.0009 | consistency: 0.2315 | polarity: 2.4377 | monodec: 0.0005 | rule: 223.1084 | group: 1.8986 | tree: 5.6250 | total: 1.4295
[New] Epoch 302/1000 | classify: 1.4844 | voltage: 0.2663 | conc: 0.0010 | consistency: 0.2290 | polarity: 2.4939 | monodec: 0.0005 | rule: 212.8723 | group: 1.9371 | tree: 5.5425 | total: 1.6096
[New] Epoch 303/1000 | classify: 1.3393 | voltage: 0.2712 | conc: 0.0012 | consistency: 0.2298 | polarity: 2.4464 | monodec: 0.0005 | rule: 235.1255 | group: 1.8289 | tree: 5.3547 | total: 1.4759
[New] Epoch 304/1000 | classify: 1.2566 | voltage: 0.2766 | conc: 0.0007 | consistency: 0.2299 | polarity: 2.3919 | monodec: 0.0004 | rule: 221.0486 | group: 1.8361 | tree: 5.1529 | total: 1.3857
[New] Epoch 305/1000 | classify: 1.4448 | voltage: 0.2722 | conc: 0.0009 | consistency: 0.2268 | polarity: 2.4648 | monodec: 0.0004 | rule: 232.7972 | group: 1.9016 | tree: 5.5845 | total: 1.5800
[New] Epoch 306/1000 | classify: 1.4020 | voltage: 0.2829 | conc: 0.0008 | consistency: 0.2304 | polarity: 2.4165 | monodec: 0.0004 | rule: 223.4029 | group: 1.8752 | tree: 5.4884 | total: 1.5329
[New] Epoch 307/1000 | classify: 1.3375 | voltage: 0.2995 | conc: 0.0007 | consistency: 0.2341 | polarity: 2.3629 | monodec: 0.0004 | rule: 201.8392 | group: 1.8214 | tree: 5.1108 | total: 1.4581
[New] Epoch 308/1000 | classify: 1.3480 | voltage: 0.2805 | conc: 0.0007 | consistency: 0.2323 | polarity: 2.4688 | monodec: 0.0004 | rule: 256.3949 | group: 1.8638 | tree: 5.5726 | total: 1.4952
[New] Epoch 309/1000 | classify: 1.3672 | voltage: 0.2847 | conc: 0.0010 | consistency: 0.2334 | polarity: 2.4577 | monodec: 0.0003 | rule: 210.5058 | group: 1.8605 | tree: 5.4901 | total: 1.4920
[New] Epoch 310/1000 | classify: 1.3312 | voltage: 0.2919 | conc: 0.0007 | consistency: 0.2371 | polarity: 2.4094 | monodec: 0.0003 | rule: 225.9136 | group: 1.8087 | tree: 4.9887 | total: 1.4635
--- 验证集 [epoch 310] ---
  准确率 (Accuracy):  0.8069
  精确率 (Precision): 0.7670
  召回率 (Recall):    0.6928
  F1 分数 (F1):       0.7173
[New] Epoch 311/1000 | classify: 1.3357 | voltage: 0.2921 | conc: 0.0007 | consistency: 0.2373 | polarity: 2.3604 | monodec: 0.0003 | rule: 210.4200 | group: 1.8135 | tree: 5.2356 | total: 1.4604
[New] Epoch 312/1000 | classify: 1.3111 | voltage: 0.2881 | conc: 0.0009 | consistency: 0.2380 | polarity: 2.4344 | monodec: 0.0003 | rule: 228.5298 | group: 1.8369 | tree: 5.4222 | total: 1.4448
[New] Epoch 313/1000 | classify: 1.3043 | voltage: 0.2957 | conc: 0.0010 | consistency: 0.2387 | polarity: 2.4166 | monodec: 0.0003 | rule: 229.4355 | group: 1.8125 | tree: 5.6465 | total: 1.4392
[New] Epoch 314/1000 | classify: 1.3834 | voltage: 0.3195 | conc: 0.0009 | consistency: 0.2395 | polarity: 2.4300 | monodec: 0.0003 | rule: 229.1367 | group: 1.8621 | tree: 5.4913 | total: 1.5191
[New] Epoch 315/1000 | classify: 1.2889 | voltage: 0.3045 | conc: 0.0008 | consistency: 0.2345 | polarity: 2.3513 | monodec: 0.0003 | rule: 221.8407 | group: 1.7594 | tree: 5.2308 | total: 1.4199
[New] Epoch 316/1000 | classify: 1.4333 | voltage: 0.3211 | conc: 0.0006 | consistency: 0.2350 | polarity: 2.3330 | monodec: 0.0003 | rule: 208.2761 | group: 1.7864 | tree: 5.1161 | total: 1.5581
[New] Epoch 317/1000 | classify: 1.6191 | voltage: 0.3088 | conc: 0.0010 | consistency: 0.2425 | polarity: 2.4893 | monodec: 0.0003 | rule: 244.6495 | group: 1.9004 | tree: 5.5613 | total: 1.7622
[New] Epoch 318/1000 | classify: 1.4652 | voltage: 0.3173 | conc: 0.0009 | consistency: 0.2437 | polarity: 2.4848 | monodec: 0.0003 | rule: 251.6693 | group: 1.9190 | tree: 5.6572 | total: 1.6122
[New] Epoch 319/1000 | classify: 1.3323 | voltage: 0.3276 | conc: 0.0013 | consistency: 0.2416 | polarity: 2.5351 | monodec: 0.0002 | rule: 243.6362 | group: 1.9598 | tree: 5.5754 | total: 1.4762
[New] Epoch 320/1000 | classify: 1.4195 | voltage: 0.3239 | conc: 0.0010 | consistency: 0.2390 | polarity: 2.4477 | monodec: 0.0002 | rule: 229.5269 | group: 1.8892 | tree: 5.6682 | total: 1.5559
--- 验证集 [epoch 320] ---
  准确率 (Accuracy):  0.7931
  精确率 (Precision): 0.6622
  召回率 (Recall):    0.7010
  F1 分数 (F1):       0.6713
[New] Epoch 321/1000 | classify: 1.5201 | voltage: 0.3370 | conc: 0.0009 | consistency: 0.2430 | polarity: 2.4919 | monodec: 0.0003 | rule: 226.2819 | group: 1.9004 | tree: 5.5474 | total: 1.6553
[New] Epoch 322/1000 | classify: 1.4538 | voltage: 0.3393 | conc: 0.0009 | consistency: 0.2475 | polarity: 2.4874 | monodec: 0.0002 | rule: 220.4925 | group: 1.9134 | tree: 5.8705 | total: 1.5864
[New] Epoch 323/1000 | classify: 1.4708 | voltage: 0.3420 | conc: 0.0006 | consistency: 0.2454 | polarity: 2.3826 | monodec: 0.0003 | rule: 234.8438 | group: 1.8028 | tree: 5.2524 | total: 1.6101
[New] Epoch 324/1000 | classify: 1.3982 | voltage: 0.3577 | conc: 0.0011 | consistency: 0.2457 | polarity: 2.4194 | monodec: 0.0002 | rule: 210.1100 | group: 1.8856 | tree: 5.2660 | total: 1.5264
[New] Epoch 325/1000 | classify: 1.3473 | voltage: 0.3498 | conc: 0.0010 | consistency: 0.2490 | polarity: 2.4861 | monodec: 0.0003 | rule: 201.3325 | group: 1.9020 | tree: 5.2094 | total: 1.4706
[New] Epoch 326/1000 | classify: 1.5552 | voltage: 0.3411 | conc: 0.0009 | consistency: 0.2495 | polarity: 2.4608 | monodec: 0.0002 | rule: 241.2881 | group: 1.9272 | tree: 5.3003 | total: 1.6980
[New] Epoch 327/1000 | classify: 1.4707 | voltage: 0.3425 | conc: 0.0007 | consistency: 0.2504 | polarity: 2.4188 | monodec: 0.0002 | rule: 215.0453 | group: 1.8567 | tree: 5.5682 | total: 1.6004
[New] Epoch 328/1000 | classify: 1.4252 | voltage: 0.3787 | conc: 0.0010 | consistency: 0.2482 | polarity: 2.4683 | monodec: 0.0002 | rule: 243.0232 | group: 1.8735 | tree: 5.6196 | total: 1.5709
[New] Epoch 329/1000 | classify: 1.3858 | voltage: 0.3554 | conc: 0.0008 | consistency: 0.2489 | polarity: 2.4007 | monodec: 0.0002 | rule: 237.3892 | group: 1.8094 | tree: 5.5854 | total: 1.5274
[New] Epoch 330/1000 | classify: 1.5770 | voltage: 0.3731 | conc: 0.0009 | consistency: 0.2530 | polarity: 2.4692 | monodec: 0.0002 | rule: 215.4427 | group: 1.9989 | tree: 5.6203 | total: 1.7087
--- 验证集 [epoch 330] ---
  准确率 (Accuracy):  0.7724
  精确率 (Precision): 0.5982
  召回率 (Recall):    0.6209
  F1 分数 (F1):       0.5999
[New] Epoch 331/1000 | classify: 1.4174 | voltage: 0.3862 | conc: 0.0007 | consistency: 0.2546 | polarity: 2.3910 | monodec: 0.0002 | rule: 221.7630 | group: 1.8225 | tree: 5.4649 | total: 1.5525
[New] Epoch 332/1000 | classify: 1.4722 | voltage: 0.4007 | conc: 0.0007 | consistency: 0.2522 | polarity: 2.4039 | monodec: 0.0002 | rule: 208.8485 | group: 1.8362 | tree: 5.2418 | total: 1.6015
[New] Epoch 333/1000 | classify: 1.5030 | voltage: 0.3983 | conc: 0.0008 | consistency: 0.2562 | polarity: 2.4223 | monodec: 0.0002 | rule: 220.1606 | group: 1.8393 | tree: 5.3482 | total: 1.6380
[New] Epoch 334/1000 | classify: 1.6009 | voltage: 0.3784 | conc: 0.0013 | consistency: 0.2574 | polarity: 2.5225 | monodec: 0.0002 | rule: 244.4016 | group: 1.9205 | tree: 5.5613 | total: 1.7476
[New] Epoch 335/1000 | classify: 1.3514 | voltage: 0.3654 | conc: 0.0011 | consistency: 0.2456 | polarity: 2.4852 | monodec: 0.0002 | rule: 237.3876 | group: 1.8746 | tree: 5.7402 | total: 1.4938
[New] Epoch 336/1000 | classify: 1.7234 | voltage: 0.3974 | conc: 0.0014 | consistency: 0.2594 | polarity: 2.5649 | monodec: 0.0002 | rule: 231.9026 | group: 1.9443 | tree: 5.6727 | total: 1.8650
[New] Epoch 337/1000 | classify: 1.5404 | voltage: 0.4326 | conc: 0.0012 | consistency: 0.2607 | polarity: 2.5167 | monodec: 0.0001 | rule: 231.5823 | group: 1.9123 | tree: 5.6219 | total: 1.6834
[New] Epoch 338/1000 | classify: 1.3832 | voltage: 0.4226 | conc: 0.0009 | consistency: 0.2616 | polarity: 2.4482 | monodec: 0.0002 | rule: 203.0357 | group: 1.8839 | tree: 5.2008 | total: 1.5109
[New] Epoch 339/1000 | classify: 1.5060 | voltage: 0.4178 | conc: 0.0012 | consistency: 0.2585 | polarity: 2.5084 | monodec: 0.0002 | rule: 222.3239 | group: 1.8639 | tree: 5.1423 | total: 1.6434
[New] Epoch 340/1000 | classify: 1.5027 | voltage: 0.4327 | conc: 0.0008 | consistency: 0.2627 | polarity: 2.3976 | monodec: 0.0002 | rule: 233.5739 | group: 1.8043 | tree: 5.3574 | total: 1.6461
--- 验证集 [epoch 340] ---
  准确率 (Accuracy):  0.7448
  精确率 (Precision): 0.5449
  召回率 (Recall):    0.5562
  F1 分数 (F1):       0.5355
[New] Epoch 341/1000 | classify: 1.4238 | voltage: 0.4178 | conc: 0.0006 | consistency: 0.2633 | polarity: 2.3415 | monodec: 0.0002 | rule: 243.1471 | group: 1.7462 | tree: 5.0901 | total: 1.5708
[New] Epoch 342/1000 | classify: 1.3611 | voltage: 0.4105 | conc: 0.0007 | consistency: 0.2604 | polarity: 2.3965 | monodec: 0.0002 | rule: 253.9769 | group: 1.7957 | tree: 5.3220 | total: 1.5135
[New] Epoch 343/1000 | classify: 1.5698 | voltage: 0.4432 | conc: 0.0012 | consistency: 0.2649 | polarity: 2.5035 | monodec: 0.0002 | rule: 220.4558 | group: 1.9154 | tree: 5.3964 | total: 1.7078
[New] Epoch 344/1000 | classify: 1.5167 | voltage: 0.4506 | conc: 0.0006 | consistency: 0.2629 | polarity: 2.5110 | monodec: 0.0002 | rule: 233.0894 | group: 1.8776 | tree: 5.7905 | total: 1.6609
[New] Epoch 345/1000 | classify: 1.5438 | voltage: 0.4592 | conc: 0.0010 | consistency: 0.2641 | polarity: 2.4925 | monodec: 0.0001 | rule: 224.2845 | group: 1.9821 | tree: 5.9480 | total: 1.6844
[New] Epoch 346/1000 | classify: 1.5324 | voltage: 0.4578 | conc: 0.0007 | consistency: 0.2647 | polarity: 2.4848 | monodec: 0.0001 | rule: 240.6321 | group: 1.9168 | tree: 5.2892 | total: 1.6806
[New] Epoch 347/1000 | classify: 1.4921 | voltage: 0.4607 | conc: 0.0011 | consistency: 0.2686 | polarity: 2.4290 | monodec: 0.0001 | rule: 247.1435 | group: 1.9028 | tree: 5.6447 | total: 1.6442
[New] Epoch 348/1000 | classify: 1.5605 | voltage: 0.4747 | conc: 0.0006 | consistency: 0.2658 | polarity: 2.3918 | monodec: 0.0001 | rule: 240.7523 | group: 1.8255 | tree: 5.5499 | total: 1.7095
[New] Epoch 349/1000 | classify: 1.5453 | voltage: 0.4430 | conc: 0.0012 | consistency: 0.2666 | polarity: 2.5910 | monodec: 0.0002 | rule: 239.2400 | group: 1.9319 | tree: 5.5974 | total: 1.6928
[New] Epoch 350/1000 | classify: 1.5989 | voltage: 0.4579 | conc: 0.0009 | consistency: 0.2663 | polarity: 2.4710 | monodec: 0.0002 | rule: 230.8545 | group: 1.8725 | tree: 5.3021 | total: 1.7424
--- 验证集 [epoch 350] ---
  准确率 (Accuracy):  0.7655
  精确率 (Precision): 0.6582
  召回率 (Recall):    0.6665
  F1 分数 (F1):       0.6436
✅ 模型已保存到 /home/kudouzala/Application/ion_detect/output/trained_model_save/exp_new_f_num_tp4/trained_model_epoch_350.pth
📁 损失值已保存到 /home/kudouzala/Application/ion_detect/output/trained_model_save/exp_new_f_num_tp4/training_loss_epoch_350.csv
[New] Epoch 351/1000 | classify: 1.5273 | voltage: 0.4386 | conc: 0.0012 | consistency: 0.2706 | polarity: 2.5155 | monodec: 0.0002 | rule: 252.0681 | group: 1.8623 | tree: 5.5882 | total: 1.6808
[New] Epoch 352/1000 | classify: 1.6013 | voltage: 0.4754 | conc: 0.0010 | consistency: 0.2715 | polarity: 2.5168 | monodec: 0.0002 | rule: 222.9654 | group: 1.9557 | tree: 5.3883 | total: 1.7418
[New] Epoch 353/1000 | classify: 1.5184 | voltage: 0.4808 | conc: 0.0011 | consistency: 0.2688 | polarity: 2.4604 | monodec: 0.0001 | rule: 257.5559 | group: 1.8160 | tree: 5.4608 | total: 1.6766
[New] Epoch 354/1000 | classify: 1.4192 | voltage: 0.4844 | conc: 0.0008 | consistency: 0.2697 | polarity: 2.4427 | monodec: 0.0001 | rule: 228.3478 | group: 1.8487 | tree: 5.3837 | total: 1.5626
[New] Epoch 355/1000 | classify: 1.5643 | voltage: 0.5044 | conc: 0.0010 | consistency: 0.2741 | polarity: 2.4803 | monodec: 0.0002 | rule: 232.5073 | group: 1.8398 | tree: 5.5394 | total: 1.7112
[New] Epoch 356/1000 | classify: 1.4659 | voltage: 0.5155 | conc: 0.0010 | consistency: 0.2679 | polarity: 2.4371 | monodec: 0.0002 | rule: 226.7466 | group: 1.8516 | tree: 5.1400 | total: 1.6102
[New] Epoch 357/1000 | classify: 1.4398 | voltage: 0.5141 | conc: 0.0010 | consistency: 0.2755 | polarity: 2.4435 | monodec: 0.0001 | rule: 207.7678 | group: 1.8809 | tree: 5.5927 | total: 1.5748
[New] Epoch 358/1000 | classify: 1.4861 | voltage: 0.5141 | conc: 0.0008 | consistency: 0.2761 | polarity: 2.4181 | monodec: 0.0001 | rule: 213.7603 | group: 1.8372 | tree: 5.2476 | total: 1.6236
[New] Epoch 359/1000 | classify: 1.5659 | voltage: 0.4973 | conc: 0.0010 | consistency: 0.2764 | polarity: 2.4300 | monodec: 0.0001 | rule: 222.6852 | group: 1.8750 | tree: 5.7730 | total: 1.7076
[New] Epoch 360/1000 | classify: 1.5633 | voltage: 0.5330 | conc: 0.0008 | consistency: 0.2771 | polarity: 2.4920 | monodec: 0.0001 | rule: 206.7093 | group: 1.8720 | tree: 5.4476 | total: 1.6984
--- 验证集 [epoch 360] ---
  准确率 (Accuracy):  0.7931
  精确率 (Precision): 0.7345
  召回率 (Recall):    0.6682
  F1 分数 (F1):       0.6560
[New] Epoch 361/1000 | classify: 1.4337 | voltage: 0.5300 | conc: 0.0006 | consistency: 0.2743 | polarity: 2.3493 | monodec: 0.0001 | rule: 221.6043 | group: 1.8584 | tree: 5.1214 | total: 1.5758
[New] Epoch 362/1000 | classify: 1.6294 | voltage: 0.5177 | conc: 0.0012 | consistency: 0.2750 | polarity: 2.4738 | monodec: 0.0001 | rule: 233.8497 | group: 1.8723 | tree: 5.6702 | total: 1.7778
[New] Epoch 363/1000 | classify: 1.6862 | voltage: 0.5329 | conc: 0.0009 | consistency: 0.2793 | polarity: 2.5176 | monodec: 0.0001 | rule: 228.7469 | group: 1.9013 | tree: 5.4959 | total: 1.8325
[New] Epoch 364/1000 | classify: 1.4849 | voltage: 0.5175 | conc: 0.0008 | consistency: 0.2804 | polarity: 2.4374 | monodec: 0.0001 | rule: 257.6441 | group: 1.7992 | tree: 5.4681 | total: 1.6447
[New] Epoch 365/1000 | classify: 1.5353 | voltage: 0.5361 | conc: 0.0008 | consistency: 0.2808 | polarity: 2.4548 | monodec: 0.0001 | rule: 231.3416 | group: 1.8105 | tree: 5.2274 | total: 1.6828
[New] Epoch 366/1000 | classify: 1.4695 | voltage: 0.5660 | conc: 0.0007 | consistency: 0.2777 | polarity: 2.4110 | monodec: 0.0001 | rule: 213.1608 | group: 1.8123 | tree: 5.5232 | total: 1.6094
[New] Epoch 367/1000 | classify: 1.6137 | voltage: 0.5624 | conc: 0.0009 | consistency: 0.2819 | polarity: 2.4730 | monodec: 0.0001 | rule: 215.6272 | group: 1.9018 | tree: 5.7349 | total: 1.7549
[New] Epoch 368/1000 | classify: 1.5965 | voltage: 0.5670 | conc: 0.0007 | consistency: 0.2828 | polarity: 2.4614 | monodec: 0.0001 | rule: 235.0931 | group: 1.8223 | tree: 5.3509 | total: 1.7473
[New] Epoch 369/1000 | classify: 1.7954 | voltage: 0.5661 | conc: 0.0010 | consistency: 0.2802 | polarity: 2.5240 | monodec: 0.0001 | rule: 235.9714 | group: 1.9264 | tree: 5.5775 | total: 1.9471
[New] Epoch 370/1000 | classify: 1.6159 | voltage: 0.5736 | conc: 0.0010 | consistency: 0.2769 | polarity: 2.5162 | monodec: 0.0001 | rule: 237.3302 | group: 1.9451 | tree: 5.7247 | total: 1.7687
--- 验证集 [epoch 370] ---
  准确率 (Accuracy):  0.7724
  精确率 (Precision): 0.6754
  召回率 (Recall):    0.6314
  F1 分数 (F1):       0.6229
[New] Epoch 371/1000 | classify: 1.7759 | voltage: 0.5633 | conc: 0.0007 | consistency: 0.2811 | polarity: 2.4732 | monodec: 0.0001 | rule: 241.5426 | group: 1.8546 | tree: 5.5149 | total: 1.9299
[New] Epoch 372/1000 | classify: 1.6410 | voltage: 0.5720 | conc: 0.0009 | consistency: 0.2856 | polarity: 2.5487 | monodec: 0.0001 | rule: 213.3797 | group: 1.9515 | tree: 5.5535 | total: 1.7817
[New] Epoch 373/1000 | classify: 1.4587 | voltage: 0.5924 | conc: 0.0006 | consistency: 0.2856 | polarity: 2.4472 | monodec: 0.0001 | rule: 225.4830 | group: 1.8490 | tree: 5.5312 | total: 1.6060
[New] Epoch 374/1000 | classify: 1.7722 | voltage: 0.5905 | conc: 0.0009 | consistency: 0.2858 | polarity: 2.4349 | monodec: 0.0001 | rule: 215.0193 | group: 1.8431 | tree: 5.5267 | total: 1.9144
[New] Epoch 375/1000 | classify: 1.4597 | voltage: 0.5761 | conc: 0.0008 | consistency: 0.2828 | polarity: 2.4663 | monodec: 0.0001 | rule: 218.0907 | group: 1.9073 | tree: 5.5665 | total: 1.6027
[New] Epoch 376/1000 | classify: 1.5972 | voltage: 0.5923 | conc: 0.0009 | consistency: 0.2870 | polarity: 2.4169 | monodec: 0.0001 | rule: 241.0577 | group: 1.8325 | tree: 5.5134 | total: 1.7526
[New] Epoch 377/1000 | classify: 1.5836 | voltage: 0.5989 | conc: 0.0010 | consistency: 0.2843 | polarity: 2.4429 | monodec: 0.0001 | rule: 247.3481 | group: 1.8671 | tree: 5.1595 | total: 1.7424
[New] Epoch 378/1000 | classify: 1.7704 | voltage: 0.5935 | conc: 0.0007 | consistency: 0.2883 | polarity: 2.4297 | monodec: 0.0001 | rule: 250.3075 | group: 1.8135 | tree: 5.5476 | total: 1.9303
[New] Epoch 379/1000 | classify: 1.6034 | voltage: 0.6335 | conc: 0.0007 | consistency: 0.2889 | polarity: 2.3989 | monodec: 0.0001 | rule: 213.1601 | group: 1.8152 | tree: 5.2891 | total: 1.7466
[New] Epoch 380/1000 | classify: 1.7905 | voltage: 0.6119 | conc: 0.0014 | consistency: 0.2893 | polarity: 2.6026 | monodec: 0.0001 | rule: 249.4922 | group: 2.0085 | tree: 5.9974 | total: 1.9520
--- 验证集 [epoch 380] ---
  准确率 (Accuracy):  0.7379
  精确率 (Precision): 0.6471
  召回率 (Recall):    0.6515
  F1 分数 (F1):       0.6319
[New] Epoch 381/1000 | classify: 1.6163 | voltage: 0.6336 | conc: 0.0007 | consistency: 0.2899 | polarity: 2.4301 | monodec: 0.0001 | rule: 216.4439 | group: 1.8281 | tree: 5.3856 | total: 1.7612
[New] Epoch 382/1000 | classify: 1.7463 | voltage: 0.6440 | conc: 0.0009 | consistency: 0.2832 | polarity: 2.4049 | monodec: 0.0001 | rule: 206.2198 | group: 1.7748 | tree: 5.3030 | total: 1.8866
[New] Epoch 383/1000 | classify: 1.8065 | voltage: 0.6499 | conc: 0.0010 | consistency: 0.2909 | polarity: 2.5103 | monodec: 0.0001 | rule: 238.7800 | group: 1.8840 | tree: 5.3331 | total: 1.9636
[New] Epoch 384/1000 | classify: 1.8573 | voltage: 0.6494 | conc: 0.0013 | consistency: 0.2880 | polarity: 2.6168 | monodec: 0.0001 | rule: 259.9567 | group: 2.0016 | tree: 6.1316 | total: 2.0257
[New] Epoch 385/1000 | classify: 1.6901 | voltage: 0.6401 | conc: 0.0009 | consistency: 0.2926 | polarity: 2.5177 | monodec: 0.0001 | rule: 222.0098 | group: 1.9563 | tree: 5.7219 | total: 1.8384
[New] Epoch 386/1000 | classify: 1.5458 | voltage: 0.6254 | conc: 0.0012 | consistency: 0.2931 | polarity: 2.4552 | monodec: 0.0001 | rule: 262.9285 | group: 1.8657 | tree: 5.4327 | total: 1.7141
[New] Epoch 387/1000 | classify: 1.6398 | voltage: 0.6566 | conc: 0.0012 | consistency: 0.2937 | polarity: 2.4924 | monodec: 0.0001 | rule: 227.2443 | group: 1.8819 | tree: 5.7795 | total: 1.7919
[New] Epoch 388/1000 | classify: 1.6146 | voltage: 0.6575 | conc: 0.0013 | consistency: 0.2933 | polarity: 2.4457 | monodec: 0.0001 | rule: 248.2527 | group: 1.9028 | tree: 5.7545 | total: 1.7774
[New] Epoch 389/1000 | classify: 1.6582 | voltage: 0.6780 | conc: 0.0007 | consistency: 0.2896 | polarity: 2.4395 | monodec: 0.0001 | rule: 229.3416 | group: 1.8341 | tree: 5.3819 | total: 1.8117
[New] Epoch 390/1000 | classify: 1.7422 | voltage: 0.6524 | conc: 0.0014 | consistency: 0.2935 | polarity: 2.5142 | monodec: 0.0001 | rule: 230.5197 | group: 1.8711 | tree: 5.5878 | total: 1.8958
--- 验证集 [epoch 390] ---
  准确率 (Accuracy):  0.7517
  精确率 (Precision): 0.6528
  召回率 (Recall):    0.6083
  F1 分数 (F1):       0.6101
[New] Epoch 391/1000 | classify: 1.6594 | voltage: 0.6700 | conc: 0.0007 | consistency: 0.2903 | polarity: 2.4282 | monodec: 0.0001 | rule: 239.7733 | group: 1.7799 | tree: 5.5251 | total: 1.8178
[New] Epoch 392/1000 | classify: 1.6899 | voltage: 0.6562 | conc: 0.0009 | consistency: 0.2949 | polarity: 2.5228 | monodec: 0.0001 | rule: 255.4039 | group: 1.9116 | tree: 5.6788 | total: 1.8558
[New] Epoch 393/1000 | classify: 1.9029 | voltage: 0.6688 | conc: 0.0012 | consistency: 0.2882 | polarity: 2.5978 | monodec: 0.0001 | rule: 236.5069 | group: 1.9335 | tree: 5.8194 | total: 2.0604
[New] Epoch 394/1000 | classify: 1.6906 | voltage: 0.7312 | conc: 0.0008 | consistency: 0.2964 | polarity: 2.3996 | monodec: 0.0001 | rule: 197.2379 | group: 1.8243 | tree: 5.1238 | total: 1.8306
[New] Epoch 395/1000 | classify: 1.6473 | voltage: 0.6864 | conc: 0.0010 | consistency: 0.2926 | polarity: 2.4963 | monodec: 0.0001 | rule: 238.2388 | group: 1.8800 | tree: 5.3359 | total: 1.8059
[New] Epoch 396/1000 | classify: 1.7906 | voltage: 0.6984 | conc: 0.0010 | consistency: 0.2932 | polarity: 2.4728 | monodec: 0.0001 | rule: 235.1881 | group: 1.8632 | tree: 5.3790 | total: 1.9483
[New] Epoch 397/1000 | classify: 1.5726 | voltage: 0.7144 | conc: 0.0008 | consistency: 0.2973 | polarity: 2.4050 | monodec: 0.0001 | rule: 233.1764 | group: 1.7964 | tree: 5.3727 | total: 1.7300
[New] Epoch 398/1000 | classify: 1.7140 | voltage: 0.7028 | conc: 0.0008 | consistency: 0.2932 | polarity: 2.4452 | monodec: 0.0001 | rule: 234.5393 | group: 1.8313 | tree: 5.4463 | total: 1.8714
[New] Epoch 399/1000 | classify: 1.4889 | voltage: 0.7374 | conc: 0.0011 | consistency: 0.2965 | polarity: 2.4200 | monodec: 0.0001 | rule: 201.6365 | group: 1.8743 | tree: 5.3545 | total: 1.6319
[New] Epoch 400/1000 | classify: 1.8389 | voltage: 0.7256 | conc: 0.0007 | consistency: 0.2936 | polarity: 2.5032 | monodec: 0.0001 | rule: 226.4883 | group: 1.9661 | tree: 5.7324 | total: 1.9937
--- 验证集 [epoch 400] ---
  准确率 (Accuracy):  0.7034
  精确率 (Precision): 0.5257
  召回率 (Recall):    0.5647
  F1 分数 (F1):       0.5295
✅ 模型已保存到 /home/kudouzala/Application/ion_detect/output/trained_model_save/exp_new_f_num_tp4/trained_model_epoch_400.pth
📁 损失值已保存到 /home/kudouzala/Application/ion_detect/output/trained_model_save/exp_new_f_num_tp4/training_loss_epoch_400.csv
[New] Epoch 401/1000 | classify: 1.8275 | voltage: 0.7325 | conc: 0.0009 | consistency: 0.2981 | polarity: 2.4487 | monodec: 0.0001 | rule: 236.1319 | group: 1.8397 | tree: 5.3831 | total: 1.9873
[New] Epoch 402/1000 | classify: 1.8368 | voltage: 0.7475 | conc: 0.0009 | consistency: 0.2989 | polarity: 2.5362 | monodec: 0.0001 | rule: 223.7971 | group: 1.9434 | tree: 5.5567 | total: 1.9914
[New] Epoch 403/1000 | classify: 1.6771 | voltage: 0.7023 | conc: 0.0012 | consistency: 0.2960 | polarity: 2.4870 | monodec: 0.0001 | rule: 239.2074 | group: 1.8235 | tree: 5.5124 | total: 1.8374
[New] Epoch 404/1000 | classify: 1.8138 | voltage: 0.7444 | conc: 0.0010 | consistency: 0.2963 | polarity: 2.5412 | monodec: 0.0001 | rule: 239.9368 | group: 1.9913 | tree: 5.7564 | total: 1.9765
[New] Epoch 405/1000 | classify: 1.8455 | voltage: 0.7695 | conc: 0.0008 | consistency: 0.2855 | polarity: 2.5540 | monodec: 0.0001 | rule: 222.6308 | group: 1.9076 | tree: 5.7448 | total: 2.0006
[New] Epoch 406/1000 | classify: 1.9107 | voltage: 0.7859 | conc: 0.0008 | consistency: 0.3012 | polarity: 2.4802 | monodec: 0.0001 | rule: 224.6552 | group: 1.8495 | tree: 5.2309 | total: 2.0674
[New] Epoch 407/1000 | classify: 1.7993 | voltage: 0.7720 | conc: 0.0010 | consistency: 0.3014 | polarity: 2.4977 | monodec: 0.0001 | rule: 243.9430 | group: 1.8960 | tree: 5.5249 | total: 1.9651
[New] Epoch 408/1000 | classify: 1.6797 | voltage: 0.7820 | conc: 0.0009 | consistency: 0.3018 | polarity: 2.4853 | monodec: 0.0001 | rule: 215.6446 | group: 1.9575 | tree: 5.4290 | total: 1.8318
[New] Epoch 409/1000 | classify: 1.8847 | voltage: 0.8151 | conc: 0.0011 | consistency: 0.3020 | polarity: 2.5338 | monodec: 0.0001 | rule: 211.2453 | group: 1.9251 | tree: 5.3308 | total: 2.0364
[New] Epoch 410/1000 | classify: 1.7567 | voltage: 0.7660 | conc: 0.0009 | consistency: 0.2985 | polarity: 2.4226 | monodec: 0.0001 | rule: 252.6702 | group: 1.8251 | tree: 5.2351 | total: 1.9264
--- 验证集 [epoch 410] ---
  准确率 (Accuracy):  0.7586
  精确率 (Precision): 0.7174
  召回率 (Recall):    0.6324
  F1 分数 (F1):       0.6279
[New] Epoch 411/1000 | classify: 1.8089 | voltage: 0.7803 | conc: 0.0006 | consistency: 0.2990 | polarity: 2.4603 | monodec: 0.0001 | rule: 235.5904 | group: 1.8300 | tree: 5.2099 | total: 1.9705
[New] Epoch 412/1000 | classify: 1.7924 | voltage: 0.7623 | conc: 0.0008 | consistency: 0.3033 | polarity: 2.4793 | monodec: 0.0001 | rule: 237.0492 | group: 1.8450 | tree: 5.4419 | total: 1.9541
[New] Epoch 413/1000 | classify: 1.6577 | voltage: 0.8029 | conc: 0.0009 | consistency: 0.2963 | polarity: 2.4117 | monodec: 0.0001 | rule: 217.8352 | group: 1.8314 | tree: 5.2611 | total: 1.8118
[New] Epoch 414/1000 | classify: 1.7297 | voltage: 0.8052 | conc: 0.0008 | consistency: 0.3038 | polarity: 2.4599 | monodec: 0.0001 | rule: 202.5822 | group: 1.8850 | tree: 5.2539 | total: 1.8763
[New] Epoch 415/1000 | classify: 1.9308 | voltage: 0.7822 | conc: 0.0009 | consistency: 0.3046 | polarity: 2.4743 | monodec: 0.0001 | rule: 245.3896 | group: 1.8710 | tree: 5.7348 | total: 2.0979
[New] Epoch 416/1000 | classify: 1.8583 | voltage: 0.8353 | conc: 0.0009 | consistency: 0.3016 | polarity: 2.5062 | monodec: 0.0001 | rule: 228.6293 | group: 1.9126 | tree: 5.4181 | total: 2.0196
[New] Epoch 417/1000 | classify: 1.8860 | voltage: 0.8040 | conc: 0.0011 | consistency: 0.3021 | polarity: 2.5491 | monodec: 0.0001 | rule: 237.2359 | group: 1.9798 | tree: 5.3338 | total: 2.0502
[New] Epoch 418/1000 | classify: 1.8522 | voltage: 0.8146 | conc: 0.0010 | consistency: 0.2990 | polarity: 2.5002 | monodec: 0.0001 | rule: 229.9206 | group: 1.8857 | tree: 5.6920 | total: 2.0133
[New] Epoch 419/1000 | classify: 1.8612 | voltage: 0.8509 | conc: 0.0010 | consistency: 0.3031 | polarity: 2.4681 | monodec: 0.0001 | rule: 225.7350 | group: 1.8885 | tree: 5.4753 | total: 2.0220
[New] Epoch 420/1000 | classify: 1.6762 | voltage: 0.8482 | conc: 0.0011 | consistency: 0.3025 | polarity: 2.4029 | monodec: 0.0001 | rule: 233.7185 | group: 1.8260 | tree: 5.4037 | total: 1.8408
--- 验证集 [epoch 420] ---
  准确率 (Accuracy):  0.6897
  精确率 (Precision): 0.6052
  召回率 (Recall):    0.5751
  F1 分数 (F1):       0.5437
[New] Epoch 421/1000 | classify: 1.8855 | voltage: 0.8488 | conc: 0.0009 | consistency: 0.3063 | polarity: 2.4657 | monodec: 0.0001 | rule: 223.2946 | group: 1.8777 | tree: 5.5380 | total: 2.0448
[New] Epoch 422/1000 | classify: 1.7773 | voltage: 0.8459 | conc: 0.0010 | consistency: 0.3058 | polarity: 2.4576 | monodec: 0.0001 | rule: 220.3548 | group: 1.9087 | tree: 5.6435 | total: 1.9352
[New] Epoch 423/1000 | classify: 1.8448 | voltage: 0.8518 | conc: 0.0006 | consistency: 0.3058 | polarity: 2.4151 | monodec: 0.0001 | rule: 206.0827 | group: 1.7878 | tree: 5.2084 | total: 1.9951
[New] Epoch 424/1000 | classify: 1.8740 | voltage: 0.8119 | conc: 0.0012 | consistency: 0.3064 | polarity: 2.5410 | monodec: 0.0001 | rule: 264.1505 | group: 1.8907 | tree: 5.9149 | total: 2.0525
[New] Epoch 425/1000 | classify: 1.9203 | voltage: 0.8484 | conc: 0.0009 | consistency: 0.2992 | polarity: 2.5111 | monodec: 0.0001 | rule: 236.5058 | group: 1.9593 | tree: 5.8072 | total: 2.0865
[New] Epoch 426/1000 | classify: 1.8557 | voltage: 0.8494 | conc: 0.0009 | consistency: 0.3073 | polarity: 2.4930 | monodec: 0.0001 | rule: 231.7911 | group: 1.8772 | tree: 5.5983 | total: 2.0193
[New] Epoch 427/1000 | classify: 1.9550 | voltage: 0.8478 | conc: 0.0011 | consistency: 0.3040 | polarity: 2.5062 | monodec: 0.0001 | rule: 234.9266 | group: 1.9531 | tree: 5.5392 | total: 2.1204
[New] Epoch 428/1000 | classify: 1.8416 | voltage: 0.8549 | conc: 0.0008 | consistency: 0.3082 | polarity: 2.4500 | monodec: 0.0001 | rule: 233.2663 | group: 1.8698 | tree: 5.4163 | total: 2.0061
[New] Epoch 429/1000 | classify: 1.8657 | voltage: 0.8463 | conc: 0.0012 | consistency: 0.3045 | polarity: 2.5299 | monodec: 0.0001 | rule: 257.7787 | group: 1.9334 | tree: 5.7002 | total: 2.0426
[New] Epoch 430/1000 | classify: 1.7459 | voltage: 0.8850 | conc: 0.0010 | consistency: 0.3083 | polarity: 2.4543 | monodec: 0.0001 | rule: 232.2456 | group: 1.8778 | tree: 5.3592 | total: 1.9116
--- 验证集 [epoch 430] ---
  准确率 (Accuracy):  0.7517
  精确率 (Precision): 0.7273
  召回率 (Recall):    0.6193
  F1 分数 (F1):       0.6384
[New] Epoch 431/1000 | classify: 2.0217 | voltage: 0.8656 | conc: 0.0011 | consistency: 0.3083 | polarity: 2.5474 | monodec: 0.0001 | rule: 234.6593 | group: 1.9404 | tree: 5.6931 | total: 2.1879
[New] Epoch 432/1000 | classify: 1.8281 | voltage: 0.9076 | conc: 0.0009 | consistency: 0.3089 | polarity: 2.4498 | monodec: 0.0001 | rule: 212.9014 | group: 1.9112 | tree: 5.5325 | total: 1.9852
[New] Epoch 433/1000 | classify: 1.8495 | voltage: 0.8718 | conc: 0.0007 | consistency: 0.3051 | polarity: 2.3868 | monodec: 0.0001 | rule: 230.6367 | group: 1.8000 | tree: 5.3524 | total: 2.0134
[New] Epoch 434/1000 | classify: 1.9576 | voltage: 0.8963 | conc: 0.0009 | consistency: 0.2977 | polarity: 2.4433 | monodec: 0.0001 | rule: 213.5589 | group: 1.8750 | tree: 5.1949 | total: 2.1143
[New] Epoch 435/1000 | classify: 1.8717 | voltage: 0.8999 | conc: 0.0008 | consistency: 0.3095 | polarity: 2.4312 | monodec: 0.0001 | rule: 226.9622 | group: 1.8570 | tree: 5.4419 | total: 2.0352
[New] Epoch 436/1000 | classify: 1.7538 | voltage: 0.8895 | conc: 0.0010 | consistency: 0.3056 | polarity: 2.4921 | monodec: 0.0001 | rule: 248.7585 | group: 1.8960 | tree: 5.7759 | total: 1.9281
[New] Epoch 437/1000 | classify: 1.7503 | voltage: 0.9042 | conc: 0.0010 | consistency: 0.3020 | polarity: 2.4186 | monodec: 0.0001 | rule: 232.4258 | group: 1.8232 | tree: 5.3220 | total: 1.9169
[New] Epoch 438/1000 | classify: 1.8791 | voltage: 0.8825 | conc: 0.0014 | consistency: 0.3097 | polarity: 2.5352 | monodec: 0.0001 | rule: 237.3950 | group: 1.9955 | tree: 6.0597 | total: 2.0481
[New] Epoch 439/1000 | classify: 1.7463 | voltage: 0.9035 | conc: 0.0012 | consistency: 0.3101 | polarity: 2.5177 | monodec: 0.0001 | rule: 242.3144 | group: 1.9570 | tree: 5.7322 | total: 1.9184
[New] Epoch 440/1000 | classify: 1.8398 | voltage: 0.9077 | conc: 0.0011 | consistency: 0.3062 | polarity: 2.4979 | monodec: 0.0001 | rule: 233.2719 | group: 1.9120 | tree: 5.5403 | total: 2.0073
--- 验证集 [epoch 440] ---
  准确率 (Accuracy):  0.6621
  精确率 (Precision): 0.5750
  召回率 (Recall):    0.5610
  F1 分数 (F1):       0.5247
[New] Epoch 441/1000 | classify: 1.9199 | voltage: 0.8876 | conc: 0.0010 | consistency: 0.3101 | polarity: 2.4424 | monodec: 0.0001 | rule: 232.3958 | group: 1.7888 | tree: 5.2973 | total: 2.0857
[New] Epoch 442/1000 | classify: 1.8141 | voltage: 0.8999 | conc: 0.0010 | consistency: 0.3065 | polarity: 2.5114 | monodec: 0.0001 | rule: 237.0063 | group: 1.9446 | tree: 5.6163 | total: 1.9830
[New] Epoch 443/1000 | classify: 2.0442 | voltage: 0.9184 | conc: 0.0012 | consistency: 0.3068 | polarity: 2.5678 | monodec: 0.0001 | rule: 238.8285 | group: 1.9899 | tree: 5.8404 | total: 2.2153
[New] Epoch 444/1000 | classify: 1.8602 | voltage: 0.9295 | conc: 0.0009 | consistency: 0.3112 | polarity: 2.3701 | monodec: 0.0001 | rule: 210.5842 | group: 1.7748 | tree: 5.3354 | total: 2.0170
[New] Epoch 445/1000 | classify: 1.8299 | voltage: 0.9496 | conc: 0.0007 | consistency: 0.3116 | polarity: 2.3888 | monodec: 0.0001 | rule: 205.8131 | group: 1.8047 | tree: 5.1912 | total: 1.9850
[New] Epoch 446/1000 | classify: 1.7448 | voltage: 0.9445 | conc: 0.0010 | consistency: 0.3116 | polarity: 2.4000 | monodec: 0.0001 | rule: 233.7082 | group: 1.7961 | tree: 5.2114 | total: 1.9140
[New] Epoch 447/1000 | classify: 1.8426 | voltage: 0.9610 | conc: 0.0008 | consistency: 0.3116 | polarity: 2.4247 | monodec: 0.0001 | rule: 207.8232 | group: 1.8723 | tree: 5.3945 | total: 1.9996
[New] Epoch 448/1000 | classify: 2.0244 | voltage: 0.9514 | conc: 0.0008 | consistency: 0.3117 | polarity: 2.4059 | monodec: 0.0001 | rule: 211.5758 | group: 1.8078 | tree: 5.2915 | total: 2.1827
[New] Epoch 449/1000 | classify: 1.8769 | voltage: 0.9349 | conc: 0.0014 | consistency: 0.3117 | polarity: 2.4989 | monodec: 0.0001 | rule: 231.9287 | group: 1.8918 | tree: 5.5475 | total: 2.0454
[New] Epoch 450/1000 | classify: 1.9205 | voltage: 0.9282 | conc: 0.0007 | consistency: 0.3119 | polarity: 2.5117 | monodec: 0.0001 | rule: 248.4517 | group: 1.9117 | tree: 5.7954 | total: 2.0964
--- 验证集 [epoch 450] ---
  准确率 (Accuracy):  0.7103
  精确率 (Precision): 0.6436
  召回率 (Recall):    0.6225
  F1 分数 (F1):       0.6011
✅ 模型已保存到 /home/kudouzala/Application/ion_detect/output/trained_model_save/exp_new_f_num_tp4/trained_model_epoch_450.pth
📁 损失值已保存到 /home/kudouzala/Application/ion_detect/output/trained_model_save/exp_new_f_num_tp4/training_loss_epoch_450.csv
[New] Epoch 451/1000 | classify: 1.5695 | voltage: 0.9050 | conc: 0.0008 | consistency: 0.3045 | polarity: 2.4007 | monodec: 0.0001 | rule: 246.5952 | group: 1.8408 | tree: 5.5298 | total: 1.7432
[New] Epoch 452/1000 | classify: 1.9447 | voltage: 0.9921 | conc: 0.0006 | consistency: 0.3005 | polarity: 2.4000 | monodec: 0.0001 | rule: 226.6736 | group: 1.7855 | tree: 4.9779 | total: 2.1122
[New] Epoch 453/1000 | classify: 2.0175 | voltage: 0.9777 | conc: 0.0009 | consistency: 0.3049 | polarity: 2.4635 | monodec: 0.0001 | rule: 219.8082 | group: 1.9209 | tree: 5.6618 | total: 2.1817
[New] Epoch 454/1000 | classify: 1.9730 | voltage: 0.9655 | conc: 0.0009 | consistency: 0.3131 | polarity: 2.4635 | monodec: 0.0001 | rule: 244.0635 | group: 1.8702 | tree: 5.5321 | total: 2.1485
[New] Epoch 455/1000 | classify: 1.8736 | voltage: 0.9743 | conc: 0.0011 | consistency: 0.3133 | polarity: 2.4758 | monodec: 0.0001 | rule: 226.5099 | group: 1.8508 | tree: 5.4185 | total: 2.0410
[New] Epoch 456/1000 | classify: 2.0639 | voltage: 0.9820 | conc: 0.0010 | consistency: 0.3095 | polarity: 2.5750 | monodec: 0.0001 | rule: 237.1989 | group: 1.9661 | tree: 5.7801 | total: 2.2372
[New] Epoch 457/1000 | classify: 1.8583 | voltage: 0.9722 | conc: 0.0010 | consistency: 0.3139 | polarity: 2.4644 | monodec: 0.0001 | rule: 223.8161 | group: 1.8902 | tree: 5.5303 | total: 2.0242
[New] Epoch 458/1000 | classify: 1.8817 | voltage: 0.9589 | conc: 0.0010 | consistency: 0.3103 | polarity: 2.4949 | monodec: 0.0001 | rule: 240.1541 | group: 1.8878 | tree: 5.6758 | total: 2.0552
[New] Epoch 459/1000 | classify: 1.8455 | voltage: 0.9973 | conc: 0.0010 | consistency: 0.3061 | polarity: 2.4625 | monodec: 0.0001 | rule: 217.4827 | group: 1.9201 | tree: 5.4832 | total: 2.0095
[New] Epoch 460/1000 | classify: 1.8854 | voltage: 0.9599 | conc: 0.0011 | consistency: 0.3105 | polarity: 2.4825 | monodec: 0.0001 | rule: 246.0698 | group: 1.8964 | tree: 5.6767 | total: 2.0619
--- 验证集 [epoch 460] ---
  准确率 (Accuracy):  0.7172
  精确率 (Precision): 0.6524
  召回率 (Recall):    0.5524
  F1 分数 (F1):       0.5723
[New] Epoch 461/1000 | classify: 1.9574 | voltage: 0.9949 | conc: 0.0011 | consistency: 0.3146 | polarity: 2.5441 | monodec: 0.0001 | rule: 241.1227 | group: 1.9091 | tree: 5.8960 | total: 2.1334
[New] Epoch 462/1000 | classify: 2.0549 | voltage: 0.9868 | conc: 0.0010 | consistency: 0.3106 | polarity: 2.5190 | monodec: 0.0001 | rule: 227.2561 | group: 1.8690 | tree: 5.6609 | total: 2.2233
[New] Epoch 463/1000 | classify: 1.8449 | voltage: 1.0339 | conc: 0.0007 | consistency: 0.3108 | polarity: 2.3951 | monodec: 0.0001 | rule: 220.3829 | group: 1.8457 | tree: 5.2665 | total: 2.0118
[New] Epoch 464/1000 | classify: 2.0222 | voltage: 1.0105 | conc: 0.0009 | consistency: 0.3147 | polarity: 2.4384 | monodec: 0.0001 | rule: 233.4555 | group: 1.8308 | tree: 5.1372 | total: 2.1945
[New] Epoch 465/1000 | classify: 1.9677 | voltage: 0.9671 | conc: 0.0009 | consistency: 0.3110 | polarity: 2.4949 | monodec: 0.0001 | rule: 253.4669 | group: 1.8863 | tree: 5.4746 | total: 2.1480
[New] Epoch 466/1000 | classify: 1.8930 | voltage: 1.0136 | conc: 0.0009 | consistency: 0.3113 | polarity: 2.4452 | monodec: 0.0001 | rule: 240.2115 | group: 1.8441 | tree: 5.3413 | total: 2.0690
[New] Epoch 467/1000 | classify: 1.7256 | voltage: 0.9957 | conc: 0.0007 | consistency: 0.3150 | polarity: 2.3819 | monodec: 0.0001 | rule: 225.9736 | group: 1.8083 | tree: 5.4410 | total: 1.8933
[New] Epoch 468/1000 | classify: 1.9361 | voltage: 0.9798 | conc: 0.0010 | consistency: 0.3069 | polarity: 2.5428 | monodec: 0.0001 | rule: 237.0458 | group: 1.9415 | tree: 5.7783 | total: 2.1091
[New] Epoch 469/1000 | classify: 1.8983 | voltage: 1.0259 | conc: 0.0008 | consistency: 0.3110 | polarity: 2.5063 | monodec: 0.0001 | rule: 228.0859 | group: 1.8554 | tree: 5.4897 | total: 2.0688
[New] Epoch 470/1000 | classify: 1.9363 | voltage: 0.9889 | conc: 0.0015 | consistency: 0.3112 | polarity: 2.4884 | monodec: 0.0001 | rule: 231.9203 | group: 1.8581 | tree: 5.4419 | total: 2.1075
--- 验证集 [epoch 470] ---
  准确率 (Accuracy):  0.7103
  精确率 (Precision): 0.6830
  召回率 (Recall):    0.5845
  F1 分数 (F1):       0.5628
[New] Epoch 471/1000 | classify: 2.0631 | voltage: 1.0241 | conc: 0.0008 | consistency: 0.3153 | polarity: 2.4698 | monodec: 0.0001 | rule: 205.5303 | group: 1.8693 | tree: 5.5072 | total: 2.2222
[New] Epoch 472/1000 | classify: 1.8987 | voltage: 1.0320 | conc: 0.0010 | consistency: 0.3112 | polarity: 2.4136 | monodec: 0.0001 | rule: 222.4696 | group: 1.8251 | tree: 5.4481 | total: 2.0668
[New] Epoch 473/1000 | classify: 1.8576 | voltage: 1.0288 | conc: 0.0008 | consistency: 0.3114 | polarity: 2.4206 | monodec: 0.0001 | rule: 230.3111 | group: 1.7825 | tree: 5.3746 | total: 2.0292
[New] Epoch 474/1000 | classify: 1.8730 | voltage: 1.0411 | conc: 0.0012 | consistency: 0.3153 | polarity: 2.4759 | monodec: 0.0001 | rule: 215.8519 | group: 1.9008 | tree: 5.3536 | total: 2.0385
[New] Epoch 475/1000 | classify: 1.9315 | voltage: 1.0424 | conc: 0.0007 | consistency: 0.3114 | polarity: 2.4571 | monodec: 0.0001 | rule: 228.9364 | group: 1.8339 | tree: 5.3897 | total: 2.1031
[New] Epoch 476/1000 | classify: 1.8694 | voltage: 1.0090 | conc: 0.0008 | consistency: 0.3076 | polarity: 2.4325 | monodec: 0.0001 | rule: 245.1904 | group: 1.8573 | tree: 5.3934 | total: 2.0475
[New] Epoch 477/1000 | classify: 1.7150 | voltage: 1.0150 | conc: 0.0013 | consistency: 0.3155 | polarity: 2.4572 | monodec: 0.0001 | rule: 244.5813 | group: 1.8848 | tree: 5.5513 | total: 1.8937
[New] Epoch 478/1000 | classify: 1.8346 | voltage: 1.0246 | conc: 0.0011 | consistency: 0.3154 | polarity: 2.4879 | monodec: 0.0001 | rule: 216.0556 | group: 1.8996 | tree: 5.5927 | total: 1.9994
[New] Epoch 479/1000 | classify: 1.9096 | voltage: 1.0650 | conc: 0.0010 | consistency: 0.3151 | polarity: 2.4437 | monodec: 0.0001 | rule: 225.0806 | group: 1.9102 | tree: 5.9802 | total: 2.0810
[New] Epoch 480/1000 | classify: 1.9292 | voltage: 1.0310 | conc: 0.0010 | consistency: 0.3112 | polarity: 2.4009 | monodec: 0.0001 | rule: 232.0252 | group: 1.8016 | tree: 5.2758 | total: 2.1019
--- 验证集 [epoch 480] ---
  准确率 (Accuracy):  0.7586
  精确率 (Precision): 0.7486
  召回率 (Recall):    0.6381
  F1 分数 (F1):       0.6561
[New] Epoch 481/1000 | classify: 1.8030 | voltage: 1.0365 | conc: 0.0009 | consistency: 0.3109 | polarity: 2.4314 | monodec: 0.0001 | rule: 223.7142 | group: 1.8433 | tree: 5.3379 | total: 1.9718
[New] Epoch 482/1000 | classify: 1.9220 | voltage: 1.0508 | conc: 0.0007 | consistency: 0.3110 | polarity: 2.3890 | monodec: 0.0001 | rule: 212.0080 | group: 1.8417 | tree: 5.3999 | total: 2.0855
[New] Epoch 483/1000 | classify: 1.8420 | voltage: 1.0648 | conc: 0.0009 | consistency: 0.3149 | polarity: 2.5005 | monodec: 0.0001 | rule: 233.7884 | group: 1.9569 | tree: 5.5359 | total: 2.0174
[New] Epoch 484/1000 | classify: 1.7062 | voltage: 1.0713 | conc: 0.0009 | consistency: 0.3146 | polarity: 2.4688 | monodec: 0.0001 | rule: 253.5731 | group: 1.8425 | tree: 5.4756 | total: 1.8917
[New] Epoch 485/1000 | classify: 1.9397 | voltage: 1.0445 | conc: 0.0010 | consistency: 0.3145 | polarity: 2.5002 | monodec: 0.0001 | rule: 246.2631 | group: 1.9153 | tree: 5.6448 | total: 2.1205
[New] Epoch 486/1000 | classify: 2.0206 | voltage: 1.0197 | conc: 0.0010 | consistency: 0.3149 | polarity: 2.5013 | monodec: 0.0001 | rule: 235.3389 | group: 1.8677 | tree: 5.3720 | total: 2.1946
[New] Epoch 487/1000 | classify: 1.9008 | voltage: 1.0844 | conc: 0.0009 | consistency: 0.3149 | polarity: 2.4019 | monodec: 0.0001 | rule: 223.9470 | group: 1.8370 | tree: 5.1599 | total: 2.0721
[New] Epoch 488/1000 | classify: 1.9639 | voltage: 1.0778 | conc: 0.0007 | consistency: 0.3074 | polarity: 2.4713 | monodec: 0.0001 | rule: 222.7888 | group: 1.8938 | tree: 5.4136 | total: 2.1342
[New] Epoch 489/1000 | classify: 2.0190 | voltage: 1.0842 | conc: 0.0012 | consistency: 0.3117 | polarity: 2.5275 | monodec: 0.0001 | rule: 216.7752 | group: 1.9777 | tree: 5.4270 | total: 2.1871
[New] Epoch 490/1000 | classify: 1.8377 | voltage: 1.0598 | conc: 0.0007 | consistency: 0.3078 | polarity: 2.4212 | monodec: 0.0001 | rule: 233.5984 | group: 1.8640 | tree: 5.5141 | total: 2.0125
--- 验证集 [epoch 490] ---
  准确率 (Accuracy):  0.7310
  精确率 (Precision): 0.7195
  召回率 (Recall):    0.6265
  F1 分数 (F1):       0.5982
[New] Epoch 491/1000 | classify: 1.9355 | voltage: 1.0632 | conc: 0.0009 | consistency: 0.3118 | polarity: 2.5206 | monodec: 0.0001 | rule: 248.7134 | group: 1.9352 | tree: 5.6262 | total: 2.1183
[New] Epoch 492/1000 | classify: 2.0362 | voltage: 1.0818 | conc: 0.0007 | consistency: 0.3154 | polarity: 2.4574 | monodec: 0.0001 | rule: 216.7223 | group: 1.8957 | tree: 5.4776 | total: 2.2037
[New] Epoch 493/1000 | classify: 1.9039 | voltage: 1.0748 | conc: 0.0010 | consistency: 0.3150 | polarity: 2.4132 | monodec: 0.0001 | rule: 201.4084 | group: 1.8459 | tree: 5.5569 | total: 2.0636
[New] Epoch 494/1000 | classify: 1.9573 | voltage: 1.0721 | conc: 0.0008 | consistency: 0.3113 | polarity: 2.4892 | monodec: 0.0001 | rule: 221.4886 | group: 1.8959 | tree: 5.6216 | total: 2.1269
[New] Epoch 495/1000 | classify: 1.9224 | voltage: 1.0790 | conc: 0.0014 | consistency: 0.3154 | polarity: 2.5831 | monodec: 0.0001 | rule: 220.3693 | group: 1.9774 | tree: 5.8240 | total: 2.0925
[New] Epoch 496/1000 | classify: 1.8329 | voltage: 1.0599 | conc: 0.0011 | consistency: 0.3157 | polarity: 2.3912 | monodec: 0.0001 | rule: 231.6209 | group: 1.8186 | tree: 5.4427 | total: 2.0070
[New] Epoch 497/1000 | classify: 1.9350 | voltage: 1.0569 | conc: 0.0011 | consistency: 0.3118 | polarity: 2.4652 | monodec: 0.0001 | rule: 215.1544 | group: 1.8590 | tree: 5.5173 | total: 2.1008
[New] Epoch 498/1000 | classify: 1.8464 | voltage: 1.0541 | conc: 0.0008 | consistency: 0.3156 | polarity: 2.4957 | monodec: 0.0001 | rule: 247.3265 | group: 1.9491 | tree: 5.6420 | total: 2.0281
[New] Epoch 499/1000 | classify: 1.8566 | voltage: 1.0795 | conc: 0.0008 | consistency: 0.3158 | polarity: 2.4158 | monodec: 0.0001 | rule: 242.9865 | group: 1.8061 | tree: 5.1779 | total: 2.0370
[New] Epoch 500/1000 | classify: 2.0385 | voltage: 1.0894 | conc: 0.0005 | consistency: 0.3160 | polarity: 2.4595 | monodec: 0.0001 | rule: 230.8726 | group: 1.8429 | tree: 5.5323 | total: 2.2132
--- 验证集 [epoch 500] ---
  准确率 (Accuracy):  0.6966
  精确率 (Precision): 0.6903
  召回率 (Recall):    0.5709
  F1 分数 (F1):       0.5533
✅ 模型已保存到 /home/kudouzala/Application/ion_detect/output/trained_model_save/exp_new_f_num_tp4/trained_model_epoch_500.pth
📁 损失值已保存到 /home/kudouzala/Application/ion_detect/output/trained_model_save/exp_new_f_num_tp4/training_loss_epoch_500.csv
[New] Epoch 501/1000 | classify: 1.8060 | voltage: 1.0599 | conc: 0.0011 | consistency: 0.3161 | polarity: 2.4285 | monodec: 0.0001 | rule: 240.6392 | group: 1.8550 | tree: 5.4388 | total: 1.9846
[New] Epoch 502/1000 | classify: 2.0458 | voltage: 1.0805 | conc: 0.0006 | consistency: 0.3124 | polarity: 2.4414 | monodec: 0.0001 | rule: 223.5353 | group: 1.8555 | tree: 5.3400 | total: 2.2164
[New] Epoch 503/1000 | classify: 1.9498 | voltage: 1.0740 | conc: 0.0010 | consistency: 0.3165 | polarity: 2.4600 | monodec: 0.0001 | rule: 248.4695 | group: 1.8809 | tree: 5.5571 | total: 2.1331
[New] Epoch 504/1000 | classify: 1.8468 | voltage: 1.1172 | conc: 0.0007 | consistency: 0.3164 | polarity: 2.4217 | monodec: 0.0001 | rule: 214.5495 | group: 1.8446 | tree: 5.3959 | total: 2.0149
[New] Epoch 505/1000 | classify: 1.8860 | voltage: 1.0602 | conc: 0.0011 | consistency: 0.3126 | polarity: 2.5092 | monodec: 0.0001 | rule: 259.0514 | group: 1.9428 | tree: 5.7749 | total: 2.0741
[New] Epoch 506/1000 | classify: 1.8737 | voltage: 1.1247 | conc: 0.0008 | consistency: 0.3127 | polarity: 2.4596 | monodec: 0.0001 | rule: 197.7713 | group: 1.8878 | tree: 5.6067 | total: 2.0341
[New] Epoch 507/1000 | classify: 1.8005 | voltage: 1.1118 | conc: 0.0008 | consistency: 0.3087 | polarity: 2.4346 | monodec: 0.0001 | rule: 221.7333 | group: 1.8616 | tree: 5.5015 | total: 1.9721
[New] Epoch 508/1000 | classify: 1.8355 | voltage: 1.1082 | conc: 0.0010 | consistency: 0.3167 | polarity: 2.4100 | monodec: 0.0001 | rule: 227.7834 | group: 1.8668 | tree: 5.6228 | total: 2.0102
[New] Epoch 509/1000 | classify: 2.1614 | voltage: 1.0883 | conc: 0.0008 | consistency: 0.3128 | polarity: 2.4909 | monodec: 0.0001 | rule: 241.1760 | group: 1.8227 | tree: 5.5716 | total: 2.3415
[New] Epoch 510/1000 | classify: 1.8434 | voltage: 1.0898 | conc: 0.0007 | consistency: 0.3125 | polarity: 2.4153 | monodec: 0.0001 | rule: 222.4489 | group: 1.8365 | tree: 5.2413 | total: 2.0140
--- 验证集 [epoch 510] ---
  准确率 (Accuracy):  0.7241
  精确率 (Precision): 0.6530
  召回率 (Recall):    0.5321
  F1 分数 (F1):       0.5447
[New] Epoch 511/1000 | classify: 1.8046 | voltage: 1.0932 | conc: 0.0008 | consistency: 0.3163 | polarity: 2.3906 | monodec: 0.0001 | rule: 222.3104 | group: 1.8207 | tree: 5.4897 | total: 1.9755
[New] Epoch 512/1000 | classify: 1.8305 | voltage: 1.0941 | conc: 0.0009 | consistency: 0.3084 | polarity: 2.4159 | monodec: 0.0001 | rule: 223.9389 | group: 1.8654 | tree: 5.4620 | total: 2.0024
[New] Epoch 513/1000 | classify: 2.1258 | voltage: 1.1132 | conc: 0.0009 | consistency: 0.3163 | polarity: 2.4470 | monodec: 0.0001 | rule: 209.7569 | group: 1.8297 | tree: 5.3870 | total: 2.2915
[New] Epoch 514/1000 | classify: 1.8804 | voltage: 1.0849 | conc: 0.0010 | consistency: 0.3129 | polarity: 2.4613 | monodec: 0.0001 | rule: 206.0115 | group: 1.8209 | tree: 5.1941 | total: 2.0428
[New] Epoch 515/1000 | classify: 2.0734 | voltage: 1.1408 | conc: 0.0009 | consistency: 0.3170 | polarity: 2.4549 | monodec: 0.0001 | rule: 221.8677 | group: 1.7969 | tree: 5.3610 | total: 2.2465
[New] Epoch 516/1000 | classify: 1.9786 | voltage: 1.1090 | conc: 0.0010 | consistency: 0.3174 | polarity: 2.4740 | monodec: 0.0001 | rule: 229.1288 | group: 1.8950 | tree: 5.5572 | total: 2.1540
[New] Epoch 517/1000 | classify: 2.0255 | voltage: 1.1158 | conc: 0.0009 | consistency: 0.3177 | polarity: 2.5362 | monodec: 0.0001 | rule: 240.8343 | group: 1.9409 | tree: 5.8453 | total: 2.2071
[New] Epoch 518/1000 | classify: 2.1879 | voltage: 1.1063 | conc: 0.0010 | consistency: 0.3179 | polarity: 2.4494 | monodec: 0.0001 | rule: 248.7526 | group: 1.8609 | tree: 5.4897 | total: 2.3730
[New] Epoch 519/1000 | classify: 1.9739 | voltage: 1.1390 | conc: 0.0008 | consistency: 0.3184 | polarity: 2.4748 | monodec: 0.0001 | rule: 212.9188 | group: 1.8867 | tree: 5.5548 | total: 2.1425
[New] Epoch 520/1000 | classify: 2.0617 | voltage: 1.1525 | conc: 0.0010 | consistency: 0.3144 | polarity: 2.5234 | monodec: 0.0001 | rule: 220.6328 | group: 1.9146 | tree: 5.5914 | total: 2.2350
--- 验证集 [epoch 520] ---
  准确率 (Accuracy):  0.7586
  精确率 (Precision): 0.5969
  召回率 (Recall):    0.6030
  F1 分数 (F1):       0.5946
[New] Epoch 521/1000 | classify: 1.9851 | voltage: 1.1306 | conc: 0.0011 | consistency: 0.3186 | polarity: 2.4986 | monodec: 0.0001 | rule: 237.8883 | group: 1.9561 | tree: 5.6831 | total: 2.1661
[New] Epoch 522/1000 | classify: 2.0058 | voltage: 1.1155 | conc: 0.0011 | consistency: 0.3146 | polarity: 2.6102 | monodec: 0.0001 | rule: 249.8264 | group: 2.0516 | tree: 5.9954 | total: 2.1923
[New] Epoch 523/1000 | classify: 1.9588 | voltage: 1.1683 | conc: 0.0010 | consistency: 0.3186 | polarity: 2.5542 | monodec: 0.0001 | rule: 228.8360 | group: 1.9633 | tree: 5.7897 | total: 2.1372
[New] Epoch 524/1000 | classify: 1.9490 | voltage: 1.1608 | conc: 0.0009 | consistency: 0.3101 | polarity: 2.4468 | monodec: 0.0001 | rule: 230.3911 | group: 1.8487 | tree: 5.1784 | total: 2.1273
[New] Epoch 525/1000 | classify: 1.9220 | voltage: 1.1648 | conc: 0.0006 | consistency: 0.3136 | polarity: 2.3780 | monodec: 0.0001 | rule: 208.5169 | group: 1.8206 | tree: 5.1994 | total: 2.0893
[New] Epoch 526/1000 | classify: 1.8417 | voltage: 1.1135 | conc: 0.0008 | consistency: 0.3134 | polarity: 2.4158 | monodec: 0.0001 | rule: 228.2516 | group: 1.7991 | tree: 5.2676 | total: 2.0164
[New] Epoch 527/1000 | classify: 2.0169 | voltage: 1.1245 | conc: 0.0007 | consistency: 0.3135 | polarity: 2.4974 | monodec: 0.0001 | rule: 243.3047 | group: 1.8809 | tree: 5.4371 | total: 2.1998
[New] Epoch 528/1000 | classify: 1.7708 | voltage: 1.1009 | conc: 0.0008 | consistency: 0.3096 | polarity: 2.3923 | monodec: 0.0001 | rule: 267.0021 | group: 1.8064 | tree: 5.2386 | total: 1.9643
[New] Epoch 529/1000 | classify: 1.9200 | voltage: 1.1418 | conc: 0.0008 | consistency: 0.3134 | polarity: 2.4974 | monodec: 0.0001 | rule: 226.7037 | group: 1.9436 | tree: 5.8282 | total: 2.0958
[New] Epoch 530/1000 | classify: 1.8457 | voltage: 1.1156 | conc: 0.0009 | consistency: 0.3173 | polarity: 2.4978 | monodec: 0.0001 | rule: 253.4446 | group: 1.9765 | tree: 5.8733 | total: 2.0336
--- 验证集 [epoch 530] ---
  准确率 (Accuracy):  0.7172
  精确率 (Precision): 0.6312
  召回率 (Recall):    0.5869
  F1 分数 (F1):       0.5686
[New] Epoch 531/1000 | classify: 1.8472 | voltage: 1.1163 | conc: 0.0013 | consistency: 0.3179 | polarity: 2.4499 | monodec: 0.0001 | rule: 255.6938 | group: 1.8758 | tree: 5.4754 | total: 2.0366
[New] Epoch 532/1000 | classify: 1.9312 | voltage: 1.0986 | conc: 0.0012 | consistency: 0.3183 | polarity: 2.5435 | monodec: 0.0001 | rule: 260.4397 | group: 1.9191 | tree: 5.4523 | total: 2.1219
[New] Epoch 533/1000 | classify: 1.8198 | voltage: 1.1532 | conc: 0.0012 | consistency: 0.3181 | polarity: 2.3805 | monodec: 0.0001 | rule: 222.7493 | group: 1.8303 | tree: 5.0635 | total: 1.9941
[New] Epoch 534/1000 | classify: 1.9240 | voltage: 1.1481 | conc: 0.0009 | consistency: 0.3186 | polarity: 2.4441 | monodec: 0.0001 | rule: 222.9176 | group: 1.8466 | tree: 5.3250 | total: 2.0980
[New] Epoch 535/1000 | classify: 2.1065 | voltage: 1.1569 | conc: 0.0011 | consistency: 0.3187 | polarity: 2.4808 | monodec: 0.0001 | rule: 226.3580 | group: 1.9001 | tree: 5.6902 | total: 2.2831
[New] Epoch 536/1000 | classify: 1.9495 | voltage: 1.1401 | conc: 0.0009 | consistency: 0.3111 | polarity: 2.4814 | monodec: 0.0001 | rule: 237.5751 | group: 1.9007 | tree: 5.8357 | total: 2.1307
[New] Epoch 537/1000 | classify: 2.0558 | voltage: 1.1663 | conc: 0.0005 | consistency: 0.3191 | polarity: 2.4375 | monodec: 0.0001 | rule: 217.9311 | group: 1.8148 | tree: 5.2589 | total: 2.2277
[New] Epoch 538/1000 | classify: 1.8285 | voltage: 1.1905 | conc: 0.0009 | consistency: 0.3190 | polarity: 2.4055 | monodec: 0.0001 | rule: 202.7226 | group: 1.8567 | tree: 5.4133 | total: 1.9945
[New] Epoch 539/1000 | classify: 1.9802 | voltage: 1.1570 | conc: 0.0008 | consistency: 0.3142 | polarity: 2.4715 | monodec: 0.0001 | rule: 236.9689 | group: 1.8722 | tree: 5.5895 | total: 2.1617
[New] Epoch 540/1000 | classify: 2.0028 | voltage: 1.1533 | conc: 0.0007 | consistency: 0.3140 | polarity: 2.4289 | monodec: 0.0001 | rule: 231.2680 | group: 1.8343 | tree: 5.3284 | total: 2.1810
--- 验证集 [epoch 540] ---
  准确率 (Accuracy):  0.7517
  精确率 (Precision): 0.6607
  召回率 (Recall):    0.5747
  F1 分数 (F1):       0.5819
[New] Epoch 541/1000 | classify: 1.9561 | voltage: 1.1810 | conc: 0.0007 | consistency: 0.3181 | polarity: 2.4551 | monodec: 0.0001 | rule: 217.0943 | group: 1.8747 | tree: 5.4218 | total: 2.1287
[New] Epoch 542/1000 | classify: 1.8337 | voltage: 1.1226 | conc: 0.0009 | consistency: 0.3141 | polarity: 2.4365 | monodec: 0.0001 | rule: 247.6519 | group: 1.8014 | tree: 5.4294 | total: 2.0188
[New] Epoch 543/1000 | classify: 2.0551 | voltage: 1.1409 | conc: 0.0009 | consistency: 0.3184 | polarity: 2.4251 | monodec: 0.0001 | rule: 223.7086 | group: 1.7974 | tree: 5.2614 | total: 2.2291
[New] Epoch 544/1000 | classify: 2.0148 | voltage: 1.1780 | conc: 0.0006 | consistency: 0.3187 | polarity: 2.4506 | monodec: 0.0001 | rule: 242.1148 | group: 1.8475 | tree: 5.4730 | total: 2.1997
[New] Epoch 545/1000 | classify: 1.9521 | voltage: 1.1856 | conc: 0.0008 | consistency: 0.3189 | polarity: 2.5065 | monodec: 0.0001 | rule: 235.9282 | group: 1.8922 | tree: 5.6165 | total: 2.1346
[New] Epoch 546/1000 | classify: 2.0965 | voltage: 1.1911 | conc: 0.0011 | consistency: 0.3152 | polarity: 2.5442 | monodec: 0.0001 | rule: 229.4304 | group: 1.9618 | tree: 5.8272 | total: 2.2764
[New] Epoch 547/1000 | classify: 2.0623 | voltage: 1.1611 | conc: 0.0009 | consistency: 0.3195 | polarity: 2.5074 | monodec: 0.0001 | rule: 250.3786 | group: 1.8831 | tree: 5.4708 | total: 2.2508
[New] Epoch 548/1000 | classify: 1.8752 | voltage: 1.2038 | conc: 0.0009 | consistency: 0.3198 | polarity: 2.4390 | monodec: 0.0000 | rule: 220.0971 | group: 1.8277 | tree: 5.1632 | total: 2.0504
[New] Epoch 549/1000 | classify: 2.1509 | voltage: 1.1906 | conc: 0.0008 | consistency: 0.3200 | polarity: 2.4453 | monodec: 0.0001 | rule: 219.1612 | group: 1.8801 | tree: 5.5923 | total: 2.3252
[New] Epoch 550/1000 | classify: 2.0212 | voltage: 1.1807 | conc: 0.0007 | consistency: 0.3205 | polarity: 2.4460 | monodec: 0.0001 | rule: 234.4648 | group: 1.7972 | tree: 5.3239 | total: 2.2024
--- 验证集 [epoch 550] ---
  准确率 (Accuracy):  0.7655
  精确率 (Precision): 0.7481
  召回率 (Recall):    0.6109
  F1 分数 (F1):       0.6166
✅ 模型已保存到 /home/kudouzala/Application/ion_detect/output/trained_model_save/exp_new_f_num_tp4/trained_model_epoch_550.pth
📁 损失值已保存到 /home/kudouzala/Application/ion_detect/output/trained_model_save/exp_new_f_num_tp4/training_loss_epoch_550.csv
[New] Epoch 551/1000 | classify: 1.9494 | voltage: 1.1870 | conc: 0.0008 | consistency: 0.3202 | polarity: 2.5000 | monodec: 0.0001 | rule: 238.1648 | group: 1.8953 | tree: 5.3550 | total: 2.1329
[New] Epoch 552/1000 | classify: 1.8740 | voltage: 1.1926 | conc: 0.0011 | consistency: 0.3203 | polarity: 2.4073 | monodec: 0.0001 | rule: 230.4836 | group: 1.8372 | tree: 5.4537 | total: 2.0543
[New] Epoch 553/1000 | classify: 1.8616 | voltage: 1.1753 | conc: 0.0007 | consistency: 0.3203 | polarity: 2.4505 | monodec: 0.0001 | rule: 240.3578 | group: 1.8932 | tree: 5.2005 | total: 2.0454
[New] Epoch 554/1000 | classify: 1.9842 | voltage: 1.1972 | conc: 0.0009 | consistency: 0.3163 | polarity: 2.4568 | monodec: 0.0001 | rule: 230.8659 | group: 1.8473 | tree: 5.2093 | total: 2.1645
[New] Epoch 555/1000 | classify: 2.0058 | voltage: 1.1606 | conc: 0.0014 | consistency: 0.3124 | polarity: 2.5752 | monodec: 0.0001 | rule: 238.4886 | group: 1.9579 | tree: 5.5743 | total: 2.1890
[New] Epoch 556/1000 | classify: 1.9116 | voltage: 1.1713 | conc: 0.0014 | consistency: 0.3167 | polarity: 2.5446 | monodec: 0.0001 | rule: 254.5578 | group: 1.9218 | tree: 5.7613 | total: 2.1034
[New] Epoch 557/1000 | classify: 1.9279 | voltage: 1.1870 | conc: 0.0007 | consistency: 0.3208 | polarity: 2.4075 | monodec: 0.0001 | rule: 232.1377 | group: 1.8015 | tree: 5.5512 | total: 2.1084
[New] Epoch 558/1000 | classify: 2.0018 | voltage: 1.1709 | conc: 0.0012 | consistency: 0.3209 | polarity: 2.5880 | monodec: 0.0001 | rule: 245.8744 | group: 1.9406 | tree: 5.7467 | total: 2.1891
[New] Epoch 559/1000 | classify: 1.8719 | voltage: 1.2167 | conc: 0.0008 | consistency: 0.3170 | polarity: 2.4325 | monodec: 0.0001 | rule: 202.6726 | group: 1.8733 | tree: 5.4185 | total: 2.0391
[New] Epoch 560/1000 | classify: 1.8091 | voltage: 1.2337 | conc: 0.0006 | consistency: 0.3168 | polarity: 2.4504 | monodec: 0.0000 | rule: 228.7668 | group: 1.8204 | tree: 5.2240 | total: 1.9900
--- 验证集 [epoch 560] ---
  准确率 (Accuracy):  0.7379
  精确率 (Precision): 0.5799
  召回率 (Recall):    0.6027
  F1 分数 (F1):       0.5782
[New] Epoch 561/1000 | classify: 1.9073 | voltage: 1.2052 | conc: 0.0011 | consistency: 0.3165 | polarity: 2.5058 | monodec: 0.0001 | rule: 244.7967 | group: 1.9145 | tree: 5.7927 | total: 2.0956
[New] Epoch 562/1000 | classify: 2.0527 | voltage: 1.1790 | conc: 0.0008 | consistency: 0.3207 | polarity: 2.4010 | monodec: 0.0001 | rule: 239.5038 | group: 1.7669 | tree: 5.0932 | total: 2.2363
[New] Epoch 563/1000 | classify: 1.9295 | voltage: 1.2178 | conc: 0.0010 | consistency: 0.3167 | polarity: 2.4880 | monodec: 0.0001 | rule: 235.9886 | group: 1.9134 | tree: 5.5743 | total: 2.1138
[New] Epoch 564/1000 | classify: 2.0016 | voltage: 1.1973 | conc: 0.0006 | consistency: 0.3207 | polarity: 2.4632 | monodec: 0.0001 | rule: 246.4312 | group: 1.8221 | tree: 5.3467 | total: 2.1896
[New] Epoch 565/1000 | classify: 2.0178 | voltage: 1.1885 | conc: 0.0012 | consistency: 0.3208 | polarity: 2.4759 | monodec: 0.0001 | rule: 239.9295 | group: 1.8803 | tree: 5.5504 | total: 2.2027
[New] Epoch 566/1000 | classify: 2.0456 | voltage: 1.1878 | conc: 0.0012 | consistency: 0.3208 | polarity: 2.5630 | monodec: 0.0001 | rule: 241.4599 | group: 1.9486 | tree: 5.7179 | total: 2.2314
[New] Epoch 567/1000 | classify: 1.7902 | voltage: 1.2230 | conc: 0.0011 | consistency: 0.3211 | polarity: 2.4018 | monodec: 0.0001 | rule: 227.3942 | group: 1.8206 | tree: 4.9802 | total: 1.9702
[New] Epoch 568/1000 | classify: 1.8758 | voltage: 1.2037 | conc: 0.0010 | consistency: 0.3209 | polarity: 2.4756 | monodec: 0.0001 | rule: 236.0694 | group: 1.8926 | tree: 5.5417 | total: 2.0594
[New] Epoch 569/1000 | classify: 1.8899 | voltage: 1.1964 | conc: 0.0007 | consistency: 0.3206 | polarity: 2.4502 | monodec: 0.0001 | rule: 238.0736 | group: 1.8145 | tree: 5.3296 | total: 2.0737
[New] Epoch 570/1000 | classify: 1.9211 | voltage: 1.2112 | conc: 0.0008 | consistency: 0.3207 | polarity: 2.3825 | monodec: 0.0001 | rule: 216.9145 | group: 1.8336 | tree: 5.2762 | total: 2.0950
--- 验证集 [epoch 570] ---
  准确率 (Accuracy):  0.7448
  精确率 (Precision): 0.5715
  召回率 (Recall):    0.5874
  F1 分数 (F1):       0.5736
[New] Epoch 571/1000 | classify: 2.1371 | voltage: 1.2110 | conc: 0.0009 | consistency: 0.3209 | polarity: 2.5326 | monodec: 0.0001 | rule: 232.9225 | group: 1.9042 | tree: 5.8735 | total: 2.3196
[New] Epoch 572/1000 | classify: 1.8613 | voltage: 1.2173 | conc: 0.0010 | consistency: 0.3213 | polarity: 2.4585 | monodec: 0.0000 | rule: 216.3045 | group: 1.8593 | tree: 5.4807 | total: 2.0356
[New] Epoch 573/1000 | classify: 1.9020 | voltage: 1.2090 | conc: 0.0006 | consistency: 0.3173 | polarity: 2.3773 | monodec: 0.0001 | rule: 233.5552 | group: 1.7727 | tree: 5.3375 | total: 2.0840
[New] Epoch 574/1000 | classify: 1.9543 | voltage: 1.2126 | conc: 0.0007 | consistency: 0.3174 | polarity: 2.4145 | monodec: 0.0000 | rule: 232.5419 | group: 1.7934 | tree: 5.3774 | total: 2.1361
[New] Epoch 575/1000 | classify: 1.9219 | voltage: 1.2056 | conc: 0.0009 | consistency: 0.3217 | polarity: 2.4338 | monodec: 0.0001 | rule: 236.8913 | group: 1.8175 | tree: 5.3594 | total: 2.1057
[New] Epoch 576/1000 | classify: 2.1618 | voltage: 1.2142 | conc: 0.0014 | consistency: 0.3220 | polarity: 2.6019 | monodec: 0.0001 | rule: 237.5627 | group: 2.0069 | tree: 5.8779 | total: 2.3473
[New] Epoch 577/1000 | classify: 1.8583 | voltage: 1.2339 | conc: 0.0008 | consistency: 0.3222 | polarity: 2.4214 | monodec: 0.0001 | rule: 219.6081 | group: 1.8296 | tree: 5.4811 | total: 2.0349
[New] Epoch 578/1000 | classify: 1.7946 | voltage: 1.2530 | conc: 0.0008 | consistency: 0.3220 | polarity: 2.4328 | monodec: 0.0001 | rule: 194.0864 | group: 1.8207 | tree: 5.4048 | total: 1.9594
[New] Epoch 579/1000 | classify: 1.7430 | voltage: 1.2546 | conc: 0.0005 | consistency: 0.3178 | polarity: 2.2957 | monodec: 0.0000 | rule: 208.9009 | group: 1.7288 | tree: 5.1028 | total: 1.9148
[New] Epoch 580/1000 | classify: 1.8808 | voltage: 1.2470 | conc: 0.0010 | consistency: 0.3219 | polarity: 2.4082 | monodec: 0.0001 | rule: 228.1828 | group: 1.8241 | tree: 5.3899 | total: 2.0625
--- 验证集 [epoch 580] ---
  准确率 (Accuracy):  0.7724
  精确率 (Precision): 0.6190
  召回率 (Recall):    0.6175
  F1 分数 (F1):       0.6153
[New] Epoch 581/1000 | classify: 2.1119 | voltage: 1.2649 | conc: 0.0008 | consistency: 0.3176 | polarity: 2.5440 | monodec: 0.0001 | rule: 224.1930 | group: 1.9610 | tree: 5.9667 | total: 2.2927
[New] Epoch 582/1000 | classify: 2.0177 | voltage: 1.2078 | conc: 0.0012 | consistency: 0.3177 | polarity: 2.5633 | monodec: 0.0001 | rule: 246.2245 | group: 1.9487 | tree: 5.7389 | total: 2.2069
[New] Epoch 583/1000 | classify: 1.9497 | voltage: 1.2331 | conc: 0.0010 | consistency: 0.3176 | polarity: 2.4512 | monodec: 0.0001 | rule: 221.1305 | group: 1.8471 | tree: 5.1523 | total: 2.1271
[New] Epoch 584/1000 | classify: 1.9075 | voltage: 1.2300 | conc: 0.0005 | consistency: 0.3216 | polarity: 2.3644 | monodec: 0.0001 | rule: 217.7544 | group: 1.7908 | tree: 5.1377 | total: 2.0825
[New] Epoch 585/1000 | classify: 1.9903 | voltage: 1.2520 | conc: 0.0007 | consistency: 0.3219 | polarity: 2.4276 | monodec: 0.0001 | rule: 226.6707 | group: 1.8718 | tree: 5.3122 | total: 2.1712
[New] Epoch 586/1000 | classify: 1.9669 | voltage: 1.2612 | conc: 0.0010 | consistency: 0.3222 | polarity: 2.4528 | monodec: 0.0000 | rule: 222.5837 | group: 1.8186 | tree: 5.0625 | total: 2.1463
[New] Epoch 587/1000 | classify: 2.0501 | voltage: 1.2107 | conc: 0.0006 | consistency: 0.3224 | polarity: 2.4528 | monodec: 0.0001 | rule: 231.2427 | group: 1.8415 | tree: 5.6942 | total: 2.2313
[New] Epoch 588/1000 | classify: 1.8327 | voltage: 1.2248 | conc: 0.0010 | consistency: 0.3223 | polarity: 2.3897 | monodec: 0.0000 | rule: 214.3563 | group: 1.8109 | tree: 5.1091 | total: 2.0062
[New] Epoch 589/1000 | classify: 2.0292 | voltage: 1.2350 | conc: 0.0006 | consistency: 0.3179 | polarity: 2.4762 | monodec: 0.0000 | rule: 232.8194 | group: 1.8266 | tree: 5.3812 | total: 2.2122
[New] Epoch 590/1000 | classify: 1.9641 | voltage: 1.2599 | conc: 0.0012 | consistency: 0.3219 | polarity: 2.4202 | monodec: 0.0001 | rule: 212.2754 | group: 1.8434 | tree: 5.2911 | total: 2.1386
--- 验证集 [epoch 590] ---
  准确率 (Accuracy):  0.7379
  精确率 (Precision): 0.5716
  召回率 (Recall):    0.5401
  F1 分数 (F1):       0.5452
[New] Epoch 591/1000 | classify: 1.9403 | voltage: 1.2153 | conc: 0.0010 | consistency: 0.3181 | polarity: 2.4774 | monodec: 0.0001 | rule: 263.4855 | group: 1.8661 | tree: 5.6273 | total: 2.1382
[New] Epoch 592/1000 | classify: 2.2577 | voltage: 1.2269 | conc: 0.0012 | consistency: 0.3225 | polarity: 2.5840 | monodec: 0.0001 | rule: 249.5303 | group: 1.9694 | tree: 5.8313 | total: 2.4496
[New] Epoch 593/1000 | classify: 2.0121 | voltage: 1.2367 | conc: 0.0013 | consistency: 0.3230 | polarity: 2.4850 | monodec: 0.0000 | rule: 237.2289 | group: 1.9272 | tree: 5.5562 | total: 2.1982
[New] Epoch 594/1000 | classify: 2.0306 | voltage: 1.2835 | conc: 0.0010 | consistency: 0.3232 | polarity: 2.4784 | monodec: 0.0000 | rule: 219.1755 | group: 1.8784 | tree: 5.5600 | total: 2.2097
[New] Epoch 595/1000 | classify: 2.0835 | voltage: 1.3011 | conc: 0.0010 | consistency: 0.3151 | polarity: 2.5275 | monodec: 0.0001 | rule: 218.0234 | group: 1.9494 | tree: 5.8633 | total: 2.2631
[New] Epoch 596/1000 | classify: 1.8061 | voltage: 1.2614 | conc: 0.0008 | consistency: 0.3193 | polarity: 2.3970 | monodec: 0.0000 | rule: 236.1666 | group: 1.8327 | tree: 5.3684 | total: 1.9924
[New] Epoch 597/1000 | classify: 2.0194 | voltage: 1.2479 | conc: 0.0010 | consistency: 0.3235 | polarity: 2.5340 | monodec: 0.0001 | rule: 238.6685 | group: 1.9053 | tree: 5.6493 | total: 2.2066
[New] Epoch 598/1000 | classify: 1.8804 | voltage: 1.2608 | conc: 0.0009 | consistency: 0.3232 | polarity: 2.4830 | monodec: 0.0000 | rule: 219.9209 | group: 1.7923 | tree: 5.4051 | total: 2.0585
[New] Epoch 599/1000 | classify: 1.9254 | voltage: 1.2523 | conc: 0.0011 | consistency: 0.3231 | polarity: 2.5705 | monodec: 0.0000 | rule: 252.7518 | group: 2.0066 | tree: 5.7329 | total: 2.1200
[New] Epoch 600/1000 | classify: 2.1764 | voltage: 1.2545 | conc: 0.0016 | consistency: 0.3193 | polarity: 2.6147 | monodec: 0.0001 | rule: 238.7046 | group: 2.0320 | tree: 6.0864 | total: 2.3648
--- 验证集 [epoch 600] ---
  准确率 (Accuracy):  0.7379
  精确率 (Precision): 0.6785
  召回率 (Recall):    0.6381
  F1 分数 (F1):       0.6139
✅ 模型已保存到 /home/kudouzala/Application/ion_detect/output/trained_model_save/exp_new_f_num_tp4/trained_model_epoch_600.pth
📁 损失值已保存到 /home/kudouzala/Application/ion_detect/output/trained_model_save/exp_new_f_num_tp4/training_loss_epoch_600.csv
[New] Epoch 601/1000 | classify: 1.8364 | voltage: 1.2503 | conc: 0.0009 | consistency: 0.3236 | polarity: 2.4160 | monodec: 0.0000 | rule: 217.7899 | group: 1.8153 | tree: 5.5124 | total: 2.0131
[New] Epoch 602/1000 | classify: 1.9081 | voltage: 1.2671 | conc: 0.0010 | consistency: 0.3193 | polarity: 2.4960 | monodec: 0.0000 | rule: 243.7642 | group: 1.9041 | tree: 5.5998 | total: 2.0987
[New] Epoch 603/1000 | classify: 1.9568 | voltage: 1.2867 | conc: 0.0010 | consistency: 0.3236 | polarity: 2.5031 | monodec: 0.0000 | rule: 218.4835 | group: 1.8602 | tree: 5.5824 | total: 2.1358
[New] Epoch 604/1000 | classify: 2.1419 | voltage: 1.2638 | conc: 0.0008 | consistency: 0.3197 | polarity: 2.4657 | monodec: 0.0000 | rule: 252.2360 | group: 1.8678 | tree: 5.4337 | total: 2.3363
[New] Epoch 605/1000 | classify: 1.7659 | voltage: 1.2678 | conc: 0.0011 | consistency: 0.3160 | polarity: 2.3791 | monodec: 0.0000 | rule: 236.1238 | group: 1.7654 | tree: 5.1175 | total: 1.9525
[New] Epoch 606/1000 | classify: 2.0029 | voltage: 1.2635 | conc: 0.0009 | consistency: 0.3202 | polarity: 2.4910 | monodec: 0.0000 | rule: 248.9457 | group: 1.9238 | tree: 5.5981 | total: 2.1959
[New] Epoch 607/1000 | classify: 2.0087 | voltage: 1.2707 | conc: 0.0010 | consistency: 0.3206 | polarity: 2.5289 | monodec: 0.0000 | rule: 246.5332 | group: 1.8949 | tree: 5.7123 | total: 2.2010
[New] Epoch 608/1000 | classify: 2.0910 | voltage: 1.2844 | conc: 0.0010 | consistency: 0.3249 | polarity: 2.5353 | monodec: 0.0000 | rule: 245.1367 | group: 1.9124 | tree: 5.4959 | total: 2.2831
[New] Epoch 609/1000 | classify: 2.0252 | voltage: 1.2853 | conc: 0.0011 | consistency: 0.3253 | polarity: 2.4857 | monodec: 0.0000 | rule: 240.9614 | group: 1.8677 | tree: 5.6236 | total: 2.2154
[New] Epoch 610/1000 | classify: 1.9528 | voltage: 1.3138 | conc: 0.0008 | consistency: 0.3177 | polarity: 2.4799 | monodec: 0.0000 | rule: 236.9424 | group: 1.8758 | tree: 5.5285 | total: 2.1421
--- 验证集 [epoch 610] ---
  准确率 (Accuracy):  0.7310
  精确率 (Precision): 0.6610
  召回率 (Recall):    0.5568
  F1 分数 (F1):       0.5810
[New] Epoch 611/1000 | classify: 1.8540 | voltage: 1.3267 | conc: 0.0009 | consistency: 0.3260 | polarity: 2.4917 | monodec: 0.0000 | rule: 203.8806 | group: 1.8505 | tree: 5.6267 | total: 2.0275
[New] Epoch 612/1000 | classify: 2.0884 | voltage: 1.3286 | conc: 0.0011 | consistency: 0.3260 | polarity: 2.5409 | monodec: 0.0000 | rule: 227.6031 | group: 1.9191 | tree: 5.4864 | total: 2.2741
[New] Epoch 613/1000 | classify: 2.0512 | voltage: 1.3509 | conc: 0.0009 | consistency: 0.3220 | polarity: 2.4348 | monodec: 0.0000 | rule: 219.9923 | group: 1.8848 | tree: 5.4473 | total: 2.2339
[New] Epoch 614/1000 | classify: 2.0017 | voltage: 1.2752 | conc: 0.0010 | consistency: 0.3259 | polarity: 2.4780 | monodec: 0.0000 | rule: 245.0642 | group: 1.8587 | tree: 5.4640 | total: 2.1933
[New] Epoch 615/1000 | classify: 1.9892 | voltage: 1.3261 | conc: 0.0007 | consistency: 0.3216 | polarity: 2.4711 | monodec: 0.0000 | rule: 218.2906 | group: 1.8888 | tree: 5.4012 | total: 2.1697
[New] Epoch 616/1000 | classify: 1.9749 | voltage: 1.3149 | conc: 0.0008 | consistency: 0.3256 | polarity: 2.4154 | monodec: 0.0000 | rule: 225.7871 | group: 1.7455 | tree: 5.3002 | total: 2.1585
[New] Epoch 617/1000 | classify: 1.8036 | voltage: 1.2655 | conc: 0.0009 | consistency: 0.3257 | polarity: 2.4720 | monodec: 0.0000 | rule: 255.2314 | group: 1.8229 | tree: 5.5492 | total: 1.9997
[New] Epoch 618/1000 | classify: 1.9041 | voltage: 1.3115 | conc: 0.0006 | consistency: 0.3218 | polarity: 2.4350 | monodec: 0.0000 | rule: 236.3413 | group: 1.8202 | tree: 5.3726 | total: 2.0927
[New] Epoch 619/1000 | classify: 1.9724 | voltage: 1.2776 | conc: 0.0010 | consistency: 0.3261 | polarity: 2.4977 | monodec: 0.0000 | rule: 260.6660 | group: 1.8461 | tree: 5.6227 | total: 2.1721
[New] Epoch 620/1000 | classify: 1.9795 | voltage: 1.3276 | conc: 0.0007 | consistency: 0.3223 | polarity: 2.4607 | monodec: 0.0000 | rule: 226.3324 | group: 1.8415 | tree: 5.3306 | total: 2.1640
--- 验证集 [epoch 620] ---
  准确率 (Accuracy):  0.7724
  精确率 (Precision): 0.6072
  召回率 (Recall):    0.6175
  F1 分数 (F1):       0.6059
[New] Epoch 621/1000 | classify: 1.9629 | voltage: 1.3211 | conc: 0.0007 | consistency: 0.3225 | polarity: 2.3795 | monodec: 0.0000 | rule: 221.0194 | group: 1.7795 | tree: 5.3160 | total: 2.1443
[New] Epoch 622/1000 | classify: 1.9803 | voltage: 1.3110 | conc: 0.0010 | consistency: 0.3227 | polarity: 2.4235 | monodec: 0.0000 | rule: 242.1180 | group: 1.7601 | tree: 5.2263 | total: 2.1721
[New] Epoch 623/1000 | classify: 2.1517 | voltage: 1.3060 | conc: 0.0012 | consistency: 0.3231 | polarity: 2.5110 | monodec: 0.0000 | rule: 241.7889 | group: 1.9003 | tree: 5.5803 | total: 2.3435
[New] Epoch 624/1000 | classify: 2.0733 | voltage: 1.3343 | conc: 0.0011 | consistency: 0.3275 | polarity: 2.4924 | monodec: 0.0000 | rule: 237.1604 | group: 1.8726 | tree: 5.5486 | total: 2.2641
[New] Epoch 625/1000 | classify: 1.9399 | voltage: 1.3565 | conc: 0.0008 | consistency: 0.3235 | polarity: 2.4357 | monodec: 0.0000 | rule: 220.5220 | group: 1.8487 | tree: 5.2538 | total: 2.1230
[New] Epoch 626/1000 | classify: 2.1302 | voltage: 1.3474 | conc: 0.0010 | consistency: 0.3234 | polarity: 2.5099 | monodec: 0.0000 | rule: 226.9476 | group: 1.9146 | tree: 5.5434 | total: 2.3165
[New] Epoch 627/1000 | classify: 1.9294 | voltage: 1.3447 | conc: 0.0010 | consistency: 0.3233 | polarity: 2.4164 | monodec: 0.0000 | rule: 219.9578 | group: 1.8752 | tree: 5.5748 | total: 2.1120
[New] Epoch 628/1000 | classify: 1.8426 | voltage: 1.3683 | conc: 0.0006 | consistency: 0.3273 | polarity: 2.4473 | monodec: 0.0000 | rule: 197.8231 | group: 1.8723 | tree: 5.4162 | total: 2.0148
[New] Epoch 629/1000 | classify: 2.0697 | voltage: 1.3602 | conc: 0.0008 | consistency: 0.3272 | polarity: 2.4348 | monodec: 0.0000 | rule: 214.8690 | group: 1.8397 | tree: 4.9893 | total: 2.2500
[New] Epoch 630/1000 | classify: 2.0384 | voltage: 1.3322 | conc: 0.0012 | consistency: 0.3150 | polarity: 2.5533 | monodec: 0.0000 | rule: 235.5580 | group: 1.9868 | tree: 5.7924 | total: 2.2286
--- 验证集 [epoch 630] ---
  准确率 (Accuracy):  0.7517
  精确率 (Precision): 0.5972
  召回率 (Recall):    0.6215
  F1 分数 (F1):       0.6010
[New] Epoch 631/1000 | classify: 1.7816 | voltage: 1.3242 | conc: 0.0011 | consistency: 0.3232 | polarity: 2.4226 | monodec: 0.0000 | rule: 214.7181 | group: 1.8229 | tree: 5.3080 | total: 1.9604
[New] Epoch 632/1000 | classify: 1.9521 | voltage: 1.3033 | conc: 0.0012 | consistency: 0.3273 | polarity: 2.5036 | monodec: 0.0000 | rule: 254.3251 | group: 1.8965 | tree: 5.5944 | total: 2.1500
[New] Epoch 633/1000 | classify: 2.0162 | voltage: 1.3398 | conc: 0.0012 | consistency: 0.3274 | polarity: 2.4728 | monodec: 0.0000 | rule: 236.5861 | group: 1.8619 | tree: 5.4661 | total: 2.2069
[New] Epoch 634/1000 | classify: 2.0564 | voltage: 1.3258 | conc: 0.0009 | consistency: 0.3233 | polarity: 2.4292 | monodec: 0.0000 | rule: 237.5811 | group: 1.8244 | tree: 5.2913 | total: 2.2466
[New] Epoch 635/1000 | classify: 1.9926 | voltage: 1.3435 | conc: 0.0009 | consistency: 0.3233 | polarity: 2.4167 | monodec: 0.0000 | rule: 230.2029 | group: 1.8433 | tree: 5.4391 | total: 2.1800
[New] Epoch 636/1000 | classify: 1.7822 | voltage: 1.3148 | conc: 0.0010 | consistency: 0.3192 | polarity: 2.3855 | monodec: 0.0000 | rule: 244.8596 | group: 1.7991 | tree: 5.0885 | total: 1.9754
[New] Epoch 637/1000 | classify: 1.9742 | voltage: 1.3549 | conc: 0.0008 | consistency: 0.3275 | polarity: 2.4480 | monodec: 0.0000 | rule: 224.0867 | group: 1.8535 | tree: 5.4174 | total: 2.1591
[New] Epoch 638/1000 | classify: 1.9435 | voltage: 1.3841 | conc: 0.0004 | consistency: 0.3235 | polarity: 2.4419 | monodec: 0.0000 | rule: 215.2798 | group: 1.8387 | tree: 5.2682 | total: 2.1250
[New] Epoch 639/1000 | classify: 1.9984 | voltage: 1.3053 | conc: 0.0011 | consistency: 0.3277 | polarity: 2.4734 | monodec: 0.0000 | rule: 246.0874 | group: 1.8822 | tree: 5.4127 | total: 2.1922
[New] Epoch 640/1000 | classify: 1.8944 | voltage: 1.3346 | conc: 0.0011 | consistency: 0.3281 | polarity: 2.4925 | monodec: 0.0000 | rule: 241.2616 | group: 1.8937 | tree: 5.6525 | total: 2.0873
--- 验证集 [epoch 640] ---
  准确率 (Accuracy):  0.7655
  精确率 (Precision): 0.5808
  召回率 (Recall):    0.5885
  F1 分数 (F1):       0.5787
[New] Epoch 641/1000 | classify: 1.9393 | voltage: 1.3285 | conc: 0.0009 | consistency: 0.3281 | polarity: 2.4421 | monodec: 0.0000 | rule: 249.0438 | group: 1.8097 | tree: 5.3870 | total: 2.1353
[New] Epoch 642/1000 | classify: 2.0205 | voltage: 1.3627 | conc: 0.0013 | consistency: 0.3280 | polarity: 2.5225 | monodec: 0.0000 | rule: 238.8031 | group: 1.9461 | tree: 5.8095 | total: 2.2139
[New] Epoch 643/1000 | classify: 1.8261 | voltage: 1.4074 | conc: 0.0008 | consistency: 0.3277 | polarity: 2.4412 | monodec: 0.0000 | rule: 217.2816 | group: 1.8728 | tree: 5.3115 | total: 2.0102
[New] Epoch 644/1000 | classify: 2.0599 | voltage: 1.3424 | conc: 0.0009 | consistency: 0.3277 | polarity: 2.4850 | monodec: 0.0000 | rule: 227.0714 | group: 1.8080 | tree: 5.3995 | total: 2.2457
[New] Epoch 645/1000 | classify: 1.9454 | voltage: 1.3183 | conc: 0.0008 | consistency: 0.3281 | polarity: 2.4985 | monodec: 0.0000 | rule: 263.5756 | group: 1.9225 | tree: 5.2656 | total: 2.1481
[New] Epoch 646/1000 | classify: 1.8209 | voltage: 1.3705 | conc: 0.0009 | consistency: 0.3241 | polarity: 2.4235 | monodec: 0.0000 | rule: 237.5504 | group: 1.8179 | tree: 5.2879 | total: 2.0133
[New] Epoch 647/1000 | classify: 2.0457 | voltage: 1.3376 | conc: 0.0009 | consistency: 0.3200 | polarity: 2.4420 | monodec: 0.0000 | rule: 242.2822 | group: 1.8506 | tree: 5.4520 | total: 2.2389
[New] Epoch 648/1000 | classify: 1.9356 | voltage: 1.3651 | conc: 0.0012 | consistency: 0.3281 | polarity: 2.4855 | monodec: 0.0000 | rule: 233.3155 | group: 1.8662 | tree: 5.2888 | total: 2.1259
[New] Epoch 649/1000 | classify: 1.9113 | voltage: 1.3533 | conc: 0.0011 | consistency: 0.3278 | polarity: 2.4348 | monodec: 0.0000 | rule: 241.2313 | group: 1.8127 | tree: 5.5155 | total: 2.1050
[New] Epoch 650/1000 | classify: 2.0406 | voltage: 1.3739 | conc: 0.0011 | consistency: 0.3236 | polarity: 2.5222 | monodec: 0.0000 | rule: 215.9358 | group: 1.8736 | tree: 5.3059 | total: 2.2226
--- 验证集 [epoch 650] ---
  准确率 (Accuracy):  0.7793
  精确率 (Precision): 0.6219
  召回率 (Recall):    0.6243
  F1 分数 (F1):       0.6204
✅ 模型已保存到 /home/kudouzala/Application/ion_detect/output/trained_model_save/exp_new_f_num_tp4/trained_model_epoch_650.pth
📁 损失值已保存到 /home/kudouzala/Application/ion_detect/output/trained_model_save/exp_new_f_num_tp4/training_loss_epoch_650.csv
[New] Epoch 651/1000 | classify: 2.0696 | voltage: 1.3313 | conc: 0.0008 | consistency: 0.3115 | polarity: 2.4668 | monodec: 0.0000 | rule: 249.4327 | group: 1.8456 | tree: 5.3995 | total: 2.2659
[New] Epoch 652/1000 | classify: 1.9500 | voltage: 1.3813 | conc: 0.0007 | consistency: 0.3280 | polarity: 2.4357 | monodec: 0.0000 | rule: 222.3910 | group: 1.8332 | tree: 5.3207 | total: 2.1353
[New] Epoch 653/1000 | classify: 1.9547 | voltage: 1.3882 | conc: 0.0010 | consistency: 0.3239 | polarity: 2.5229 | monodec: 0.0000 | rule: 236.6502 | group: 1.9475 | tree: 5.9986 | total: 2.1481
[New] Epoch 654/1000 | classify: 2.0105 | voltage: 1.3407 | conc: 0.0010 | consistency: 0.3280 | polarity: 2.5292 | monodec: 0.0000 | rule: 241.7460 | group: 1.8915 | tree: 5.7541 | total: 2.2039
[New] Epoch 655/1000 | classify: 1.8792 | voltage: 1.3734 | conc: 0.0009 | consistency: 0.3240 | polarity: 2.3984 | monodec: 0.0000 | rule: 217.0685 | group: 1.7636 | tree: 5.1031 | total: 2.0614
[New] Epoch 656/1000 | classify: 2.0295 | voltage: 1.3830 | conc: 0.0015 | consistency: 0.3282 | polarity: 2.5421 | monodec: 0.0000 | rule: 240.1108 | group: 1.9491 | tree: 5.7192 | total: 2.2247
[New] Epoch 657/1000 | classify: 2.0595 | voltage: 1.3755 | conc: 0.0008 | consistency: 0.3284 | polarity: 2.4363 | monodec: 0.0000 | rule: 225.5319 | group: 1.7999 | tree: 5.3336 | total: 2.2461
[New] Epoch 658/1000 | classify: 1.8165 | voltage: 1.3789 | conc: 0.0008 | consistency: 0.3287 | polarity: 2.3743 | monodec: 0.0000 | rule: 240.1946 | group: 1.7678 | tree: 5.2278 | total: 2.0105
[New] Epoch 659/1000 | classify: 2.0181 | voltage: 1.3841 | conc: 0.0005 | consistency: 0.3246 | polarity: 2.4490 | monodec: 0.0000 | rule: 234.2469 | group: 1.8452 | tree: 5.3539 | total: 2.2093
[New] Epoch 660/1000 | classify: 1.7741 | voltage: 1.4177 | conc: 0.0007 | consistency: 0.3289 | polarity: 2.3305 | monodec: 0.0000 | rule: 220.9323 | group: 1.7905 | tree: 5.3706 | total: 1.9604
--- 验证集 [epoch 660] ---
  准确率 (Accuracy):  0.7586
  精确率 (Precision): 0.7510
  召回率 (Recall):    0.6095
  F1 分数 (F1):       0.6284
[New] Epoch 661/1000 | classify: 1.9414 | voltage: 1.3889 | conc: 0.0010 | consistency: 0.3287 | polarity: 2.4980 | monodec: 0.0000 | rule: 238.8029 | group: 1.8663 | tree: 5.4981 | total: 2.1356
[New] Epoch 662/1000 | classify: 1.8412 | voltage: 1.4440 | conc: 0.0010 | consistency: 0.3246 | polarity: 2.4358 | monodec: 0.0000 | rule: 200.9161 | group: 1.8225 | tree: 5.0937 | total: 2.0189
[New] Epoch 663/1000 | classify: 2.0314 | voltage: 1.3928 | conc: 0.0007 | consistency: 0.3288 | polarity: 2.4796 | monodec: 0.0000 | rule: 228.8835 | group: 1.8610 | tree: 5.4264 | total: 2.2205
[New] Epoch 664/1000 | classify: 1.7847 | voltage: 1.4372 | conc: 0.0008 | consistency: 0.3289 | polarity: 2.4113 | monodec: 0.0000 | rule: 228.3052 | group: 1.8143 | tree: 5.2708 | total: 1.9757
[New] Epoch 665/1000 | classify: 1.8093 | voltage: 1.3802 | conc: 0.0010 | consistency: 0.3288 | polarity: 2.4233 | monodec: 0.0000 | rule: 229.1459 | group: 1.7926 | tree: 5.2871 | total: 1.9981
[New] Epoch 666/1000 | classify: 1.8362 | voltage: 1.4158 | conc: 0.0010 | consistency: 0.3246 | polarity: 2.4167 | monodec: 0.0000 | rule: 190.2592 | group: 1.8711 | tree: 5.3174 | total: 2.0073
[New] Epoch 667/1000 | classify: 1.8677 | voltage: 1.3759 | conc: 0.0008 | consistency: 0.3204 | polarity: 2.4045 | monodec: 0.0000 | rule: 234.2706 | group: 1.8021 | tree: 5.2008 | total: 2.0586
[New] Epoch 668/1000 | classify: 1.9369 | voltage: 1.3792 | conc: 0.0009 | consistency: 0.3285 | polarity: 2.4913 | monodec: 0.0000 | rule: 252.8982 | group: 1.8418 | tree: 5.3147 | total: 2.1375
[New] Epoch 669/1000 | classify: 2.0031 | voltage: 1.3658 | conc: 0.0011 | consistency: 0.3286 | polarity: 2.5105 | monodec: 0.0000 | rule: 224.0903 | group: 1.8656 | tree: 5.3468 | total: 2.1888
[New] Epoch 670/1000 | classify: 1.9890 | voltage: 1.3269 | conc: 0.0008 | consistency: 0.3245 | polarity: 2.3985 | monodec: 0.0000 | rule: 236.1145 | group: 1.7719 | tree: 5.0534 | total: 2.1783
--- 验证集 [epoch 670] ---
  准确率 (Accuracy):  0.7448
  精确率 (Precision): 0.6449
  召回率 (Recall):    0.6456
  F1 分数 (F1):       0.6377
[New] Epoch 671/1000 | classify: 1.9084 | voltage: 1.3996 | conc: 0.0009 | consistency: 0.3288 | polarity: 2.4674 | monodec: 0.0000 | rule: 215.1247 | group: 1.8540 | tree: 5.3198 | total: 2.0911
[New] Epoch 672/1000 | classify: 1.8357 | voltage: 1.3949 | conc: 0.0008 | consistency: 0.3285 | polarity: 2.4602 | monodec: 0.0000 | rule: 219.3961 | group: 1.8296 | tree: 5.3705 | total: 2.0202
[New] Epoch 673/1000 | classify: 2.0459 | voltage: 1.3387 | conc: 0.0009 | consistency: 0.3241 | polarity: 2.4473 | monodec: 0.0000 | rule: 267.8693 | group: 1.8242 | tree: 5.3109 | total: 2.2519
[New] Epoch 674/1000 | classify: 1.7979 | voltage: 1.3922 | conc: 0.0005 | consistency: 0.3279 | polarity: 2.3598 | monodec: 0.0000 | rule: 218.7897 | group: 1.7182 | tree: 5.0856 | total: 1.9815
[New] Epoch 675/1000 | classify: 1.9801 | voltage: 1.3793 | conc: 0.0012 | consistency: 0.3235 | polarity: 2.5216 | monodec: 0.0000 | rule: 234.0917 | group: 1.8725 | tree: 5.5558 | total: 2.1716
[New] Epoch 676/1000 | classify: 1.9958 | voltage: 1.3662 | conc: 0.0006 | consistency: 0.3237 | polarity: 2.4666 | monodec: 0.0000 | rule: 245.0019 | group: 1.8719 | tree: 5.4695 | total: 2.1915
[New] Epoch 677/1000 | classify: 1.8372 | voltage: 1.4063 | conc: 0.0009 | consistency: 0.3279 | polarity: 2.4296 | monodec: 0.0000 | rule: 210.1711 | group: 1.8557 | tree: 5.3623 | total: 2.0177
[New] Epoch 678/1000 | classify: 1.9796 | voltage: 1.3861 | conc: 0.0006 | consistency: 0.3279 | polarity: 2.4732 | monodec: 0.0000 | rule: 233.6518 | group: 1.8889 | tree: 5.4488 | total: 2.1707
[New] Epoch 679/1000 | classify: 2.1234 | voltage: 1.3681 | conc: 0.0013 | consistency: 0.3237 | polarity: 2.5603 | monodec: 0.0000 | rule: 217.1818 | group: 1.9487 | tree: 5.9794 | total: 2.3063
[New] Epoch 680/1000 | classify: 1.8295 | voltage: 1.3793 | conc: 0.0012 | consistency: 0.3280 | polarity: 2.4485 | monodec: 0.0000 | rule: 227.1589 | group: 1.9216 | tree: 5.5779 | total: 2.0176
--- 验证集 [epoch 680] ---
  准确率 (Accuracy):  0.7586
  精确率 (Precision): 0.6312
  召回率 (Recall):    0.5936
  F1 分数 (F1):       0.5941
[New] Epoch 681/1000 | classify: 1.8985 | voltage: 1.3395 | conc: 0.0012 | consistency: 0.3277 | polarity: 2.4726 | monodec: 0.0000 | rule: 259.3421 | group: 1.8828 | tree: 5.5841 | total: 2.1007
[New] Epoch 682/1000 | classify: 1.9239 | voltage: 1.3612 | conc: 0.0008 | consistency: 0.3279 | polarity: 2.4485 | monodec: 0.0000 | rule: 229.9690 | group: 1.8777 | tree: 5.4044 | total: 2.1121
[New] Epoch 683/1000 | classify: 1.9425 | voltage: 1.3741 | conc: 0.0006 | consistency: 0.3279 | polarity: 2.4422 | monodec: 0.0000 | rule: 243.2224 | group: 1.8213 | tree: 5.2162 | total: 2.1377
[New] Epoch 684/1000 | classify: 2.0673 | voltage: 1.4034 | conc: 0.0007 | consistency: 0.3238 | polarity: 2.4424 | monodec: 0.0000 | rule: 238.5638 | group: 1.8205 | tree: 5.3522 | total: 2.2617
[New] Epoch 685/1000 | classify: 2.0195 | voltage: 1.3723 | conc: 0.0011 | consistency: 0.3282 | polarity: 2.4928 | monodec: 0.0000 | rule: 221.9922 | group: 1.8561 | tree: 5.4241 | total: 2.2045
[New] Epoch 686/1000 | classify: 1.8308 | voltage: 1.3999 | conc: 0.0008 | consistency: 0.3284 | polarity: 2.4930 | monodec: 0.0000 | rule: 232.1335 | group: 1.9464 | tree: 5.6142 | total: 2.0221
[New] Epoch 687/1000 | classify: 2.0691 | voltage: 1.3895 | conc: 0.0008 | consistency: 0.3244 | polarity: 2.5114 | monodec: 0.0000 | rule: 246.8027 | group: 1.9463 | tree: 5.7982 | total: 2.2673
[New] Epoch 688/1000 | classify: 2.0166 | voltage: 1.4021 | conc: 0.0007 | consistency: 0.3287 | polarity: 2.4744 | monodec: 0.0000 | rule: 233.3430 | group: 1.9057 | tree: 5.4270 | total: 2.2085
[New] Epoch 689/1000 | classify: 1.6718 | voltage: 1.4177 | conc: 0.0008 | consistency: 0.3288 | polarity: 2.3557 | monodec: 0.0000 | rule: 224.6978 | group: 1.7764 | tree: 5.0600 | total: 1.8599
[New] Epoch 690/1000 | classify: 1.8908 | voltage: 1.3898 | conc: 0.0007 | consistency: 0.3289 | polarity: 2.4491 | monodec: 0.0000 | rule: 233.8420 | group: 1.8137 | tree: 5.3398 | total: 2.0821
--- 验证集 [epoch 690] ---
  准确率 (Accuracy):  0.7724
  精确率 (Precision): 0.6351
  召回率 (Recall):    0.6124
  F1 分数 (F1):       0.6137
[New] Epoch 691/1000 | classify: 1.9333 | voltage: 1.3764 | conc: 0.0010 | consistency: 0.3248 | polarity: 2.4801 | monodec: 0.0000 | rule: 231.4313 | group: 1.9115 | tree: 5.5310 | total: 2.1232
[New] Epoch 692/1000 | classify: 1.7548 | voltage: 1.3767 | conc: 0.0008 | consistency: 0.3291 | polarity: 2.3370 | monodec: 0.0000 | rule: 238.8851 | group: 1.7056 | tree: 5.0944 | total: 1.9479
[New] Epoch 693/1000 | classify: 1.9114 | voltage: 1.3886 | conc: 0.0008 | consistency: 0.3249 | polarity: 2.4364 | monodec: 0.0000 | rule: 214.3078 | group: 1.8916 | tree: 5.2384 | total: 2.0930
[New] Epoch 694/1000 | classify: 1.8206 | voltage: 1.3994 | conc: 0.0011 | consistency: 0.3291 | polarity: 2.4365 | monodec: 0.0000 | rule: 240.0813 | group: 1.8230 | tree: 5.2653 | total: 2.0159
[New] Epoch 695/1000 | classify: 1.8972 | voltage: 1.4149 | conc: 0.0012 | consistency: 0.3291 | polarity: 2.4923 | monodec: 0.0000 | rule: 223.6405 | group: 1.9668 | tree: 5.6993 | total: 2.0855
[New] Epoch 696/1000 | classify: 1.8901 | voltage: 1.3609 | conc: 0.0010 | consistency: 0.3291 | polarity: 2.4112 | monodec: 0.0000 | rule: 232.5022 | group: 1.7883 | tree: 5.2826 | total: 2.0796
[New] Epoch 697/1000 | classify: 1.7701 | voltage: 1.4012 | conc: 0.0008 | consistency: 0.3167 | polarity: 2.3924 | monodec: 0.0000 | rule: 230.3277 | group: 1.7791 | tree: 5.1117 | total: 1.9602
[New] Epoch 698/1000 | classify: 1.8929 | voltage: 1.3978 | conc: 0.0010 | consistency: 0.3288 | polarity: 2.4416 | monodec: 0.0000 | rule: 240.3165 | group: 1.8444 | tree: 5.5480 | total: 2.0883
[New] Epoch 699/1000 | classify: 1.8863 | voltage: 1.3822 | conc: 0.0010 | consistency: 0.3288 | polarity: 2.4604 | monodec: 0.0000 | rule: 227.8592 | group: 1.8324 | tree: 5.3737 | total: 2.0746
[New] Epoch 700/1000 | classify: 1.9358 | voltage: 1.4322 | conc: 0.0011 | consistency: 0.3204 | polarity: 2.4728 | monodec: 0.0000 | rule: 227.0193 | group: 1.8816 | tree: 5.5856 | total: 2.1265
--- 验证集 [epoch 700] ---
  准确率 (Accuracy):  0.7379
  精确率 (Precision): 0.5790
  召回率 (Recall):    0.5717
  F1 分数 (F1):       0.5672
✅ 模型已保存到 /home/kudouzala/Application/ion_detect/output/trained_model_save/exp_new_f_num_tp4/trained_model_epoch_700.pth
📁 损失值已保存到 /home/kudouzala/Application/ion_detect/output/trained_model_save/exp_new_f_num_tp4/training_loss_epoch_700.csv
[New] Epoch 701/1000 | classify: 1.8851 | voltage: 1.4069 | conc: 0.0007 | consistency: 0.3286 | polarity: 2.4417 | monodec: 0.0000 | rule: 215.2977 | group: 1.8357 | tree: 5.3381 | total: 2.0680
[New] Epoch 702/1000 | classify: 1.9698 | voltage: 1.4195 | conc: 0.0008 | consistency: 0.3286 | polarity: 2.4296 | monodec: 0.0000 | rule: 214.1826 | group: 1.8819 | tree: 5.2763 | total: 2.1529
[New] Epoch 703/1000 | classify: 1.8380 | voltage: 1.4286 | conc: 0.0014 | consistency: 0.3285 | polarity: 2.4979 | monodec: 0.0000 | rule: 225.6502 | group: 1.9371 | tree: 5.6154 | total: 2.0281
[New] Epoch 704/1000 | classify: 1.9216 | voltage: 1.4170 | conc: 0.0009 | consistency: 0.3202 | polarity: 2.3981 | monodec: 0.0000 | rule: 223.8119 | group: 1.7825 | tree: 5.4195 | total: 2.1095
[New] Epoch 705/1000 | classify: 1.8030 | voltage: 1.4067 | conc: 0.0007 | consistency: 0.3241 | polarity: 2.3541 | monodec: 0.0000 | rule: 224.8523 | group: 1.7212 | tree: 4.9381 | total: 1.9905
[New] Epoch 706/1000 | classify: 1.9751 | voltage: 1.4142 | conc: 0.0009 | consistency: 0.3201 | polarity: 2.4607 | monodec: 0.0000 | rule: 227.8226 | group: 1.9039 | tree: 5.5628 | total: 2.1650
[New] Epoch 707/1000 | classify: 1.8885 | voltage: 1.3983 | conc: 0.0005 | consistency: 0.3243 | polarity: 2.3987 | monodec: 0.0000 | rule: 245.5340 | group: 1.7778 | tree: 5.1965 | total: 2.0858
[New] Epoch 708/1000 | classify: 1.9348 | voltage: 1.3898 | conc: 0.0008 | consistency: 0.3285 | polarity: 2.4986 | monodec: 0.0000 | rule: 239.2208 | group: 1.8751 | tree: 5.4378 | total: 2.1290
[New] Epoch 709/1000 | classify: 1.9221 | voltage: 1.4275 | conc: 0.0006 | consistency: 0.3287 | polarity: 2.4118 | monodec: 0.0000 | rule: 235.2032 | group: 1.8282 | tree: 5.3820 | total: 2.1160
[New] Epoch 710/1000 | classify: 1.8667 | voltage: 1.4113 | conc: 0.0009 | consistency: 0.3289 | polarity: 2.3871 | monodec: 0.0000 | rule: 229.4461 | group: 1.7590 | tree: 4.9105 | total: 2.0569
--- 验证集 [epoch 710] ---
  准确率 (Accuracy):  0.7448
  精确率 (Precision): 0.5874
  召回率 (Recall):    0.5469
  F1 分数 (F1):       0.5552
[New] Epoch 711/1000 | classify: 1.7859 | voltage: 1.4156 | conc: 0.0010 | consistency: 0.3208 | polarity: 2.3808 | monodec: 0.0000 | rule: 220.6598 | group: 1.7845 | tree: 5.1960 | total: 1.9721
[New] Epoch 712/1000 | classify: 1.9137 | voltage: 1.3689 | conc: 0.0011 | consistency: 0.3290 | polarity: 2.4554 | monodec: 0.0000 | rule: 236.3944 | group: 1.9100 | tree: 5.6881 | total: 2.1059
[New] Epoch 713/1000 | classify: 2.0547 | voltage: 1.3875 | conc: 0.0011 | consistency: 0.3292 | polarity: 2.4867 | monodec: 0.0000 | rule: 228.9618 | group: 1.8700 | tree: 5.5635 | total: 2.2440
[New] Epoch 714/1000 | classify: 2.0225 | voltage: 1.3761 | conc: 0.0010 | consistency: 0.3294 | polarity: 2.4744 | monodec: 0.0000 | rule: 235.6647 | group: 1.8998 | tree: 5.3293 | total: 2.2144
[New] Epoch 715/1000 | classify: 1.7742 | voltage: 1.4092 | conc: 0.0011 | consistency: 0.3294 | polarity: 2.4554 | monodec: 0.0000 | rule: 231.6190 | group: 1.8571 | tree: 5.2474 | total: 1.9657
[New] Epoch 716/1000 | classify: 1.9186 | voltage: 1.3929 | conc: 0.0008 | consistency: 0.3294 | polarity: 2.4802 | monodec: 0.0000 | rule: 228.7733 | group: 1.8587 | tree: 5.3362 | total: 2.1077
[New] Epoch 717/1000 | classify: 1.8402 | voltage: 1.4512 | conc: 0.0008 | consistency: 0.3293 | polarity: 2.4549 | monodec: 0.0000 | rule: 206.3883 | group: 1.8539 | tree: 5.4328 | total: 2.0210
[New] Epoch 718/1000 | classify: 1.9359 | voltage: 1.3995 | conc: 0.0011 | consistency: 0.3294 | polarity: 2.4549 | monodec: 0.0000 | rule: 243.9494 | group: 1.8613 | tree: 5.7092 | total: 2.1334
[New] Epoch 719/1000 | classify: 1.9607 | voltage: 1.4176 | conc: 0.0009 | consistency: 0.3253 | polarity: 2.5485 | monodec: 0.0000 | rule: 235.4267 | group: 1.9922 | tree: 5.9372 | total: 2.1549
[New] Epoch 720/1000 | classify: 1.9180 | voltage: 1.4265 | conc: 0.0006 | consistency: 0.3295 | polarity: 2.4675 | monodec: 0.0000 | rule: 235.2312 | group: 1.8447 | tree: 5.4727 | total: 2.1119
--- 验证集 [epoch 720] ---
  准确率 (Accuracy):  0.7517
  精确率 (Precision): 0.6020
  召回率 (Recall):    0.6061
  F1 分数 (F1):       0.5978
[New] Epoch 721/1000 | classify: 2.0590 | voltage: 1.4644 | conc: 0.0010 | consistency: 0.3296 | polarity: 2.5113 | monodec: 0.0000 | rule: 216.3480 | group: 1.9424 | tree: 5.4187 | total: 2.2458
[New] Epoch 722/1000 | classify: 1.9196 | voltage: 1.4184 | conc: 0.0006 | consistency: 0.3297 | polarity: 2.4553 | monodec: 0.0000 | rule: 233.7067 | group: 1.8935 | tree: 5.3463 | total: 2.1123
[New] Epoch 723/1000 | classify: 1.8844 | voltage: 1.4283 | conc: 0.0006 | consistency: 0.3257 | polarity: 2.4243 | monodec: 0.0000 | rule: 233.4514 | group: 1.8323 | tree: 5.4236 | total: 2.0775
[New] Epoch 724/1000 | classify: 2.1148 | voltage: 1.4476 | conc: 0.0009 | consistency: 0.3299 | polarity: 2.6112 | monodec: 0.0000 | rule: 244.4188 | group: 1.9537 | tree: 5.7831 | total: 2.3148
[New] Epoch 725/1000 | classify: 1.9912 | voltage: 1.4207 | conc: 0.0009 | consistency: 0.3259 | polarity: 2.4555 | monodec: 0.0000 | rule: 236.1375 | group: 1.8697 | tree: 5.2058 | total: 2.1853
[New] Epoch 726/1000 | classify: 1.8297 | voltage: 1.4198 | conc: 0.0009 | consistency: 0.3260 | polarity: 2.4119 | monodec: 0.0000 | rule: 227.1561 | group: 1.8214 | tree: 5.5268 | total: 2.0195
[New] Epoch 727/1000 | classify: 1.9266 | voltage: 1.4452 | conc: 0.0005 | consistency: 0.3260 | polarity: 2.4864 | monodec: 0.0000 | rule: 226.8362 | group: 1.8782 | tree: 5.5380 | total: 2.1172
[New] Epoch 728/1000 | classify: 1.8642 | voltage: 1.4269 | conc: 0.0011 | consistency: 0.3301 | polarity: 2.4676 | monodec: 0.0000 | rule: 240.0386 | group: 1.8924 | tree: 5.4931 | total: 2.0609
[New] Epoch 729/1000 | classify: 1.9524 | voltage: 1.4860 | conc: 0.0008 | consistency: 0.3301 | polarity: 2.4551 | monodec: 0.0000 | rule: 195.2490 | group: 1.8786 | tree: 5.3481 | total: 2.1294
[New] Epoch 730/1000 | classify: 1.7780 | voltage: 1.3992 | conc: 0.0012 | consistency: 0.3302 | polarity: 2.4675 | monodec: 0.0000 | rule: 253.5842 | group: 1.9296 | tree: 5.6767 | total: 1.9803
--- 验证集 [epoch 730] ---
  准确率 (Accuracy):  0.7724
  精确率 (Precision): 0.6255
  召回率 (Recall):    0.6124
  F1 分数 (F1):       0.6138
[New] Epoch 731/1000 | classify: 1.9931 | voltage: 1.4245 | conc: 0.0008 | consistency: 0.3302 | polarity: 2.5237 | monodec: 0.0000 | rule: 237.5829 | group: 1.8797 | tree: 5.3511 | total: 2.1882
[New] Epoch 732/1000 | classify: 2.0007 | voltage: 1.4057 | conc: 0.0010 | consistency: 0.3262 | polarity: 2.5114 | monodec: 0.0000 | rule: 225.8575 | group: 1.9201 | tree: 5.4996 | total: 2.1893
[New] Epoch 733/1000 | classify: 1.8776 | voltage: 1.4674 | conc: 0.0007 | consistency: 0.3304 | polarity: 2.4553 | monodec: 0.0000 | rule: 238.7168 | group: 1.8613 | tree: 5.4710 | total: 2.0753
[New] Epoch 734/1000 | classify: 1.9834 | voltage: 1.4428 | conc: 0.0007 | consistency: 0.3304 | polarity: 2.4613 | monodec: 0.0000 | rule: 219.0719 | group: 1.8024 | tree: 5.1674 | total: 2.1699
[New] Epoch 735/1000 | classify: 1.8518 | voltage: 1.4245 | conc: 0.0010 | consistency: 0.3221 | polarity: 2.4051 | monodec: 0.0000 | rule: 234.1638 | group: 1.8053 | tree: 5.2708 | total: 2.0453
[New] Epoch 736/1000 | classify: 1.7575 | voltage: 1.4343 | conc: 0.0010 | consistency: 0.3221 | polarity: 2.4488 | monodec: 0.0000 | rule: 221.7569 | group: 1.8483 | tree: 5.4178 | total: 1.9454
[New] Epoch 737/1000 | classify: 1.8884 | voltage: 1.4482 | conc: 0.0009 | consistency: 0.3263 | polarity: 2.4986 | monodec: 0.0000 | rule: 223.6893 | group: 1.8706 | tree: 5.3658 | total: 2.0778
[New] Epoch 738/1000 | classify: 1.9087 | voltage: 1.4236 | conc: 0.0008 | consistency: 0.3304 | polarity: 2.4237 | monodec: 0.0000 | rule: 225.9437 | group: 1.7852 | tree: 5.1466 | total: 2.0978
[New] Epoch 739/1000 | classify: 1.9483 | voltage: 1.4343 | conc: 0.0011 | consistency: 0.3302 | polarity: 2.4980 | monodec: 0.0000 | rule: 238.7975 | group: 1.8372 | tree: 5.3246 | total: 2.1448
[New] Epoch 740/1000 | classify: 1.9775 | voltage: 1.4227 | conc: 0.0008 | consistency: 0.3302 | polarity: 2.4734 | monodec: 0.0000 | rule: 235.8393 | group: 1.8427 | tree: 5.5486 | total: 2.1717
--- 验证集 [epoch 740] ---
  准确率 (Accuracy):  0.7310
  精确率 (Precision): 0.5851
  召回率 (Recall):    0.6003
  F1 分数 (F1):       0.5798
[New] Epoch 741/1000 | classify: 2.0320 | voltage: 1.4040 | conc: 0.0008 | consistency: 0.3221 | polarity: 2.5423 | monodec: 0.0000 | rule: 246.4407 | group: 1.9231 | tree: 5.7026 | total: 2.2308
[New] Epoch 742/1000 | classify: 1.8265 | voltage: 1.4362 | conc: 0.0010 | consistency: 0.3263 | polarity: 2.4179 | monodec: 0.0000 | rule: 211.7350 | group: 1.8267 | tree: 5.3577 | total: 2.0094
[New] Epoch 743/1000 | classify: 2.1127 | voltage: 1.4269 | conc: 0.0010 | consistency: 0.3306 | polarity: 2.5053 | monodec: 0.0000 | rule: 224.6847 | group: 1.9044 | tree: 5.6421 | total: 2.3018
[New] Epoch 744/1000 | classify: 1.9647 | voltage: 1.4183 | conc: 0.0009 | consistency: 0.3224 | polarity: 2.5178 | monodec: 0.0000 | rule: 238.2384 | group: 1.8808 | tree: 5.6190 | total: 2.1600
[New] Epoch 745/1000 | classify: 1.8767 | voltage: 1.4365 | conc: 0.0008 | consistency: 0.3306 | polarity: 2.4614 | monodec: 0.0000 | rule: 236.0573 | group: 1.8313 | tree: 5.3342 | total: 2.0716
[New] Epoch 746/1000 | classify: 2.1312 | voltage: 1.4651 | conc: 0.0006 | consistency: 0.3225 | polarity: 2.5239 | monodec: 0.0000 | rule: 219.3093 | group: 1.8861 | tree: 5.5460 | total: 2.3192
[New] Epoch 747/1000 | classify: 1.9314 | voltage: 1.4182 | conc: 0.0006 | consistency: 0.3268 | polarity: 2.4869 | monodec: 0.0000 | rule: 227.8075 | group: 1.9124 | tree: 5.5281 | total: 2.1212
[New] Epoch 748/1000 | classify: 2.1569 | voltage: 1.4443 | conc: 0.0010 | consistency: 0.3269 | polarity: 2.4869 | monodec: 0.0000 | rule: 225.4846 | group: 1.8457 | tree: 5.4782 | total: 2.3472
[New] Epoch 749/1000 | classify: 1.9294 | voltage: 1.4273 | conc: 0.0008 | consistency: 0.3312 | polarity: 2.4558 | monodec: 0.0000 | rule: 234.5783 | group: 1.7688 | tree: 4.9240 | total: 2.1228
[New] Epoch 750/1000 | classify: 1.7685 | voltage: 1.4301 | conc: 0.0008 | consistency: 0.3310 | polarity: 2.3739 | monodec: 0.0000 | rule: 231.0722 | group: 1.7745 | tree: 5.1018 | total: 1.9604
--- 验证集 [epoch 750] ---
  准确率 (Accuracy):  0.7655
  精确率 (Precision): 0.6103
  召回率 (Recall):    0.5945
  F1 分数 (F1):       0.5911
✅ 模型已保存到 /home/kudouzala/Application/ion_detect/output/trained_model_save/exp_new_f_num_tp4/trained_model_epoch_750.pth
📁 损失值已保存到 /home/kudouzala/Application/ion_detect/output/trained_model_save/exp_new_f_num_tp4/training_loss_epoch_750.csv
[New] Epoch 751/1000 | classify: 2.0014 | voltage: 1.4503 | conc: 0.0010 | consistency: 0.3309 | polarity: 2.5047 | monodec: 0.0000 | rule: 235.9525 | group: 1.8995 | tree: 5.5737 | total: 2.1973
[New] Epoch 752/1000 | classify: 1.9763 | voltage: 1.4195 | conc: 0.0008 | consistency: 0.3311 | polarity: 2.4989 | monodec: 0.0000 | rule: 247.7181 | group: 1.8364 | tree: 5.2697 | total: 2.1761
[New] Epoch 753/1000 | classify: 1.8192 | voltage: 1.4368 | conc: 0.0012 | consistency: 0.3229 | polarity: 2.5177 | monodec: 0.0000 | rule: 237.1052 | group: 1.9162 | tree: 5.5304 | total: 2.0152
[New] Epoch 754/1000 | classify: 1.7669 | voltage: 1.4363 | conc: 0.0009 | consistency: 0.3270 | polarity: 2.3741 | monodec: 0.0000 | rule: 221.8990 | group: 1.7447 | tree: 5.0705 | total: 1.9547
[New] Epoch 755/1000 | classify: 1.8123 | voltage: 1.4241 | conc: 0.0009 | consistency: 0.3311 | polarity: 2.5485 | monodec: 0.0000 | rule: 232.1883 | group: 1.9240 | tree: 5.7808 | total: 2.0050
[New] Epoch 756/1000 | classify: 1.8926 | voltage: 1.4708 | conc: 0.0008 | consistency: 0.3269 | polarity: 2.4238 | monodec: 0.0000 | rule: 212.1566 | group: 1.8141 | tree: 5.0922 | total: 2.0771
[New] Epoch 757/1000 | classify: 1.7949 | voltage: 1.4875 | conc: 0.0005 | consistency: 0.3269 | polarity: 2.3489 | monodec: 0.0000 | rule: 202.5840 | group: 1.7677 | tree: 5.0479 | total: 1.9751
[New] Epoch 758/1000 | classify: 2.0553 | voltage: 1.4643 | conc: 0.0011 | consistency: 0.3268 | polarity: 2.5608 | monodec: 0.0000 | rule: 227.1504 | group: 2.0226 | tree: 5.8590 | total: 2.2478
[New] Epoch 759/1000 | classify: 1.9095 | voltage: 1.4490 | conc: 0.0008 | consistency: 0.3270 | polarity: 2.4366 | monodec: 0.0000 | rule: 233.1603 | group: 1.7911 | tree: 5.2246 | total: 2.1035
[New] Epoch 760/1000 | classify: 1.9037 | voltage: 1.4741 | conc: 0.0011 | consistency: 0.3272 | polarity: 2.4992 | monodec: 0.0000 | rule: 218.0099 | group: 1.9500 | tree: 5.7293 | total: 2.0920
--- 验证集 [epoch 760] ---
  准确率 (Accuracy):  0.7586
  精确率 (Precision): 0.6075
  召回率 (Recall):    0.5988
  F1 分数 (F1):       0.5961
[New] Epoch 761/1000 | classify: 1.8480 | voltage: 1.4420 | conc: 0.0009 | consistency: 0.3313 | polarity: 2.4678 | monodec: 0.0000 | rule: 237.2877 | group: 1.8541 | tree: 5.4473 | total: 2.0439
[New] Epoch 762/1000 | classify: 1.8665 | voltage: 1.4826 | conc: 0.0008 | consistency: 0.3314 | polarity: 2.4056 | monodec: 0.0000 | rule: 225.9362 | group: 1.7990 | tree: 5.2150 | total: 2.0585
[New] Epoch 763/1000 | classify: 1.9663 | voltage: 1.4517 | conc: 0.0009 | consistency: 0.3273 | polarity: 2.4868 | monodec: 0.0000 | rule: 222.9724 | group: 1.9069 | tree: 5.6531 | total: 2.1557
[New] Epoch 764/1000 | classify: 1.8902 | voltage: 1.4706 | conc: 0.0014 | consistency: 0.3316 | polarity: 2.5493 | monodec: 0.0000 | rule: 247.6478 | group: 1.9484 | tree: 5.4615 | total: 2.0934
[New] Epoch 765/1000 | classify: 1.9046 | voltage: 1.4394 | conc: 0.0007 | consistency: 0.3318 | polarity: 2.4933 | monodec: 0.0000 | rule: 245.1890 | group: 1.8297 | tree: 5.2887 | total: 2.1040
[New] Epoch 766/1000 | classify: 1.9134 | voltage: 1.4402 | conc: 0.0011 | consistency: 0.3319 | polarity: 2.5494 | monodec: 0.0000 | rule: 252.9909 | group: 1.9436 | tree: 5.9774 | total: 2.1176
[New] Epoch 767/1000 | classify: 1.8597 | voltage: 1.4621 | conc: 0.0006 | consistency: 0.3319 | polarity: 2.4121 | monodec: 0.0000 | rule: 219.0431 | group: 1.7548 | tree: 5.1292 | total: 2.0471
[New] Epoch 768/1000 | classify: 1.9658 | voltage: 1.4616 | conc: 0.0008 | consistency: 0.3278 | polarity: 2.4432 | monodec: 0.0000 | rule: 245.9811 | group: 1.7941 | tree: 5.4034 | total: 2.1669
[New] Epoch 769/1000 | classify: 1.8321 | voltage: 1.4581 | conc: 0.0010 | consistency: 0.3280 | polarity: 2.4309 | monodec: 0.0000 | rule: 249.3364 | group: 1.8395 | tree: 5.4808 | total: 2.0350
[New] Epoch 770/1000 | classify: 2.0780 | voltage: 1.4792 | conc: 0.0009 | consistency: 0.3281 | polarity: 2.5182 | monodec: 0.0000 | rule: 219.9713 | group: 1.9046 | tree: 5.6424 | total: 2.2673
--- 验证集 [epoch 770] ---
  准确率 (Accuracy):  0.7655
  精确率 (Precision): 0.6360
  召回率 (Recall):    0.6056
  F1 分数 (F1):       0.6062
[New] Epoch 771/1000 | classify: 1.9322 | voltage: 1.4678 | conc: 0.0010 | consistency: 0.3322 | polarity: 2.4681 | monodec: 0.0000 | rule: 245.4533 | group: 1.8217 | tree: 5.5479 | total: 2.1336
[New] Epoch 772/1000 | classify: 2.1349 | voltage: 1.4448 | conc: 0.0010 | consistency: 0.3197 | polarity: 2.5488 | monodec: 0.0000 | rule: 261.3680 | group: 1.9581 | tree: 5.7562 | total: 2.3434
[New] Epoch 773/1000 | classify: 1.9189 | voltage: 1.4954 | conc: 0.0007 | consistency: 0.3323 | polarity: 2.4743 | monodec: 0.0000 | rule: 221.9336 | group: 1.8574 | tree: 5.3605 | total: 2.1096
[New] Epoch 774/1000 | classify: 2.2980 | voltage: 1.5024 | conc: 0.0010 | consistency: 0.3281 | polarity: 2.5862 | monodec: 0.0000 | rule: 227.0740 | group: 1.9148 | tree: 5.6960 | total: 2.4921
[New] Epoch 775/1000 | classify: 1.9383 | voltage: 1.5066 | conc: 0.0010 | consistency: 0.3240 | polarity: 2.4430 | monodec: 0.0000 | rule: 234.9416 | group: 1.8592 | tree: 5.3634 | total: 2.1363
[New] Epoch 776/1000 | classify: 2.0250 | voltage: 1.4890 | conc: 0.0007 | consistency: 0.3324 | polarity: 2.5178 | monodec: 0.0000 | rule: 236.4998 | group: 1.9566 | tree: 5.8220 | total: 2.2230
[New] Epoch 777/1000 | classify: 1.9394 | voltage: 1.5027 | conc: 0.0009 | consistency: 0.3242 | polarity: 2.4807 | monodec: 0.0000 | rule: 223.3202 | group: 1.8240 | tree: 5.1513 | total: 2.1313
[New] Epoch 778/1000 | classify: 1.8453 | voltage: 1.5167 | conc: 0.0005 | consistency: 0.3201 | polarity: 2.3498 | monodec: 0.0000 | rule: 204.8998 | group: 1.7438 | tree: 4.9560 | total: 2.0281
[New] Epoch 779/1000 | classify: 2.0647 | voltage: 1.4806 | conc: 0.0010 | consistency: 0.3244 | polarity: 2.5307 | monodec: 0.0000 | rule: 231.8208 | group: 1.9312 | tree: 5.5903 | total: 2.2600
[New] Epoch 780/1000 | classify: 2.0791 | voltage: 1.4780 | conc: 0.0013 | consistency: 0.3287 | polarity: 2.6056 | monodec: 0.0000 | rule: 229.4859 | group: 2.0175 | tree: 5.8376 | total: 2.2736
--- 验证集 [epoch 780] ---
  准确率 (Accuracy):  0.7724
  精确率 (Precision): 0.6140
  召回率 (Recall):    0.6175
  F1 分数 (F1):       0.6096
[New] Epoch 781/1000 | classify: 1.9882 | voltage: 1.4589 | conc: 0.0008 | consistency: 0.3330 | polarity: 2.5122 | monodec: 0.0000 | rule: 249.9389 | group: 1.8562 | tree: 5.5134 | total: 2.1913
[New] Epoch 782/1000 | classify: 1.7838 | voltage: 1.5145 | conc: 0.0011 | consistency: 0.3288 | polarity: 2.4184 | monodec: 0.0000 | rule: 218.7209 | group: 1.8897 | tree: 5.3466 | total: 1.9743
[New] Epoch 783/1000 | classify: 1.8898 | voltage: 1.4589 | conc: 0.0009 | consistency: 0.3246 | polarity: 2.4430 | monodec: 0.0000 | rule: 250.9267 | group: 1.8583 | tree: 5.4345 | total: 2.0933
[New] Epoch 784/1000 | classify: 2.0115 | voltage: 1.4776 | conc: 0.0006 | consistency: 0.3329 | polarity: 2.4616 | monodec: 0.0000 | rule: 225.4424 | group: 1.8464 | tree: 5.1119 | total: 2.2028
[New] Epoch 785/1000 | classify: 2.0584 | voltage: 1.4764 | conc: 0.0009 | consistency: 0.3288 | polarity: 2.5115 | monodec: 0.0000 | rule: 229.6367 | group: 1.8993 | tree: 5.8065 | total: 2.2524
[New] Epoch 786/1000 | classify: 1.9209 | voltage: 1.4753 | conc: 0.0008 | consistency: 0.3330 | polarity: 2.4554 | monodec: 0.0000 | rule: 229.4366 | group: 1.9017 | tree: 5.7139 | total: 2.1147
[New] Epoch 787/1000 | classify: 1.8664 | voltage: 1.4962 | conc: 0.0009 | consistency: 0.3288 | polarity: 2.4304 | monodec: 0.0000 | rule: 218.8977 | group: 1.8526 | tree: 5.3320 | total: 2.0559
[New] Epoch 788/1000 | classify: 1.8577 | voltage: 1.4431 | conc: 0.0008 | consistency: 0.3247 | polarity: 2.4240 | monodec: 0.0000 | rule: 244.6791 | group: 1.7966 | tree: 5.3810 | total: 2.0572
[New] Epoch 789/1000 | classify: 2.0874 | voltage: 1.4913 | conc: 0.0007 | consistency: 0.3330 | polarity: 2.4552 | monodec: 0.0000 | rule: 241.4306 | group: 1.8144 | tree: 5.3766 | total: 2.2876
[New] Epoch 790/1000 | classify: 1.9333 | voltage: 1.5185 | conc: 0.0008 | consistency: 0.3330 | polarity: 2.4615 | monodec: 0.0000 | rule: 212.8070 | group: 1.8569 | tree: 5.3441 | total: 2.1207
--- 验证集 [epoch 790] ---
  准确率 (Accuracy):  0.7724
  精确率 (Precision): 0.6989
  召回率 (Recall):    0.6185
  F1 分数 (F1):       0.6248
[New] Epoch 791/1000 | classify: 1.8411 | voltage: 1.5103 | conc: 0.0010 | consistency: 0.3330 | polarity: 2.4426 | monodec: 0.0000 | rule: 218.2206 | group: 1.8297 | tree: 5.3665 | total: 2.0309
[New] Epoch 792/1000 | classify: 1.9542 | voltage: 1.4643 | conc: 0.0009 | consistency: 0.3288 | polarity: 2.4550 | monodec: 0.0000 | rule: 227.1859 | group: 1.8571 | tree: 5.3248 | total: 2.1461
[New] Epoch 793/1000 | classify: 1.9885 | voltage: 1.4495 | conc: 0.0008 | consistency: 0.3331 | polarity: 2.4802 | monodec: 0.0000 | rule: 228.4116 | group: 1.8339 | tree: 5.6854 | total: 2.1804
[New] Epoch 794/1000 | classify: 1.8218 | voltage: 1.4777 | conc: 0.0009 | consistency: 0.3331 | polarity: 2.4367 | monodec: 0.0000 | rule: 247.1450 | group: 1.8581 | tree: 5.3594 | total: 2.0243
[New] Epoch 795/1000 | classify: 1.9402 | voltage: 1.5139 | conc: 0.0008 | consistency: 0.3331 | polarity: 2.3993 | monodec: 0.0000 | rule: 224.4095 | group: 1.8017 | tree: 5.3627 | total: 2.1332
[New] Epoch 796/1000 | classify: 1.9893 | voltage: 1.4814 | conc: 0.0006 | consistency: 0.3331 | polarity: 2.5176 | monodec: 0.0000 | rule: 247.4727 | group: 1.8881 | tree: 5.7240 | total: 2.1922
[New] Epoch 797/1000 | classify: 1.7625 | voltage: 1.4797 | conc: 0.0010 | consistency: 0.3249 | polarity: 2.4367 | monodec: 0.0000 | rule: 229.2384 | group: 1.8710 | tree: 5.2217 | total: 1.9562
[New] Epoch 798/1000 | classify: 2.1189 | voltage: 1.4770 | conc: 0.0009 | consistency: 0.3332 | polarity: 2.5487 | monodec: 0.0000 | rule: 234.3627 | group: 1.9104 | tree: 5.5334 | total: 2.3153
[New] Epoch 799/1000 | classify: 1.7926 | voltage: 1.4823 | conc: 0.0009 | consistency: 0.3331 | polarity: 2.4302 | monodec: 0.0000 | rule: 213.4054 | group: 1.8287 | tree: 5.2734 | total: 1.9785
[New] Epoch 800/1000 | classify: 1.7029 | voltage: 1.4735 | conc: 0.0010 | consistency: 0.3289 | polarity: 2.4362 | monodec: 0.0000 | rule: 238.9415 | group: 1.8355 | tree: 5.4236 | total: 1.9013
--- 验证集 [epoch 800] ---
  准确率 (Accuracy):  0.7310
  精确率 (Precision): 0.5774
  召回率 (Recall):    0.5857
  F1 分数 (F1):       0.5687
✅ 模型已保存到 /home/kudouzala/Application/ion_detect/output/trained_model_save/exp_new_f_num_tp4/trained_model_epoch_800.pth
📁 损失值已保存到 /home/kudouzala/Application/ion_detect/output/trained_model_save/exp_new_f_num_tp4/training_loss_epoch_800.csv
[New] Epoch 801/1000 | classify: 1.8507 | voltage: 1.5067 | conc: 0.0006 | consistency: 0.3246 | polarity: 2.4296 | monodec: 0.0000 | rule: 211.2433 | group: 1.8700 | tree: 5.5667 | total: 2.0366
[New] Epoch 802/1000 | classify: 1.7960 | voltage: 1.4780 | conc: 0.0006 | consistency: 0.3328 | polarity: 2.3736 | monodec: 0.0000 | rule: 228.7186 | group: 1.8087 | tree: 4.9279 | total: 1.9889
[New] Epoch 803/1000 | classify: 1.9110 | voltage: 1.4562 | conc: 0.0011 | consistency: 0.3286 | polarity: 2.5416 | monodec: 0.0000 | rule: 255.4177 | group: 1.9696 | tree: 5.6992 | total: 2.1171
[New] Epoch 804/1000 | classify: 1.9425 | voltage: 1.4589 | conc: 0.0009 | consistency: 0.3328 | polarity: 2.4796 | monodec: 0.0000 | rule: 252.8729 | group: 1.8695 | tree: 5.6359 | total: 2.1471
[New] Epoch 805/1000 | classify: 1.8054 | voltage: 1.4387 | conc: 0.0008 | consistency: 0.3287 | polarity: 2.4175 | monodec: 0.0000 | rule: 254.7024 | group: 1.7856 | tree: 5.3173 | total: 2.0097
[New] Epoch 806/1000 | classify: 1.9284 | voltage: 1.4797 | conc: 0.0011 | consistency: 0.3328 | polarity: 2.4673 | monodec: 0.0000 | rule: 232.4531 | group: 1.8780 | tree: 5.5279 | total: 2.1240
[New] Epoch 807/1000 | classify: 1.8584 | voltage: 1.4924 | conc: 0.0009 | consistency: 0.3329 | polarity: 2.4301 | monodec: 0.0000 | rule: 215.3650 | group: 1.8368 | tree: 5.4095 | total: 2.0459
[New] Epoch 808/1000 | classify: 1.8032 | voltage: 1.4796 | conc: 0.0011 | consistency: 0.3330 | polarity: 2.4490 | monodec: 0.0000 | rule: 225.3784 | group: 1.8368 | tree: 5.5338 | total: 1.9953
[New] Epoch 809/1000 | classify: 1.9528 | voltage: 1.4983 | conc: 0.0008 | consistency: 0.3288 | polarity: 2.4927 | monodec: 0.0000 | rule: 233.0345 | group: 1.8641 | tree: 5.3254 | total: 2.1493
[New] Epoch 810/1000 | classify: 1.9080 | voltage: 1.4963 | conc: 0.0015 | consistency: 0.3330 | polarity: 2.5114 | monodec: 0.0000 | rule: 212.1621 | group: 1.8622 | tree: 5.3299 | total: 2.0946
--- 验证集 [epoch 810] ---
  准确率 (Accuracy):  0.7241
  精确率 (Precision): 0.6633
  召回率 (Recall):    0.6040
  F1 分数 (F1):       0.5851
[New] Epoch 811/1000 | classify: 1.8001 | voltage: 1.5058 | conc: 0.0006 | consistency: 0.3330 | polarity: 2.4740 | monodec: 0.0000 | rule: 228.2265 | group: 1.9137 | tree: 5.5339 | total: 1.9945
[New] Epoch 812/1000 | classify: 1.8015 | voltage: 1.4818 | conc: 0.0009 | consistency: 0.3330 | polarity: 2.4427 | monodec: 0.0000 | rule: 243.0669 | group: 1.8052 | tree: 5.4280 | total: 2.0023
[New] Epoch 813/1000 | classify: 1.7458 | voltage: 1.4418 | conc: 0.0009 | consistency: 0.3330 | polarity: 2.4240 | monodec: 0.0000 | rule: 244.4383 | group: 1.8077 | tree: 5.3901 | total: 1.9452
[New] Epoch 814/1000 | classify: 1.9089 | voltage: 1.4676 | conc: 0.0011 | consistency: 0.3247 | polarity: 2.4676 | monodec: 0.0000 | rule: 229.5486 | group: 1.8442 | tree: 5.3669 | total: 2.1023
[New] Epoch 815/1000 | classify: 1.9750 | voltage: 1.4342 | conc: 0.0014 | consistency: 0.3330 | polarity: 2.5736 | monodec: 0.0000 | rule: 262.7081 | group: 1.9344 | tree: 5.7498 | total: 2.1840
[New] Epoch 816/1000 | classify: 1.8444 | voltage: 1.5021 | conc: 0.0010 | consistency: 0.3290 | polarity: 2.4056 | monodec: 0.0000 | rule: 220.1512 | group: 1.7935 | tree: 5.0729 | total: 2.0346
[New] Epoch 817/1000 | classify: 1.8880 | voltage: 1.4881 | conc: 0.0006 | consistency: 0.3331 | polarity: 2.3431 | monodec: 0.0000 | rule: 230.6818 | group: 1.7818 | tree: 5.1756 | total: 2.0824
[New] Epoch 818/1000 | classify: 1.8544 | voltage: 1.4764 | conc: 0.0008 | consistency: 0.3331 | polarity: 2.4179 | monodec: 0.0000 | rule: 237.8749 | group: 1.7858 | tree: 5.1690 | total: 2.0521
[New] Epoch 819/1000 | classify: 1.8842 | voltage: 1.4627 | conc: 0.0013 | consistency: 0.3289 | polarity: 2.4924 | monodec: 0.0000 | rule: 258.2033 | group: 1.9032 | tree: 5.4802 | total: 2.0921
[New] Epoch 820/1000 | classify: 1.7988 | voltage: 1.5004 | conc: 0.0010 | consistency: 0.3288 | polarity: 2.3615 | monodec: 0.0000 | rule: 236.8444 | group: 1.7603 | tree: 5.3648 | total: 1.9975
--- 验证集 [epoch 820] ---
  准确率 (Accuracy):  0.7241
  精确率 (Precision): 0.5782
  召回率 (Recall):    0.5884
  F1 分数 (F1):       0.5704
[New] Epoch 821/1000 | classify: 1.8138 | voltage: 1.4654 | conc: 0.0012 | consistency: 0.3330 | polarity: 2.5298 | monodec: 0.0000 | rule: 248.1293 | group: 1.9473 | tree: 5.5434 | total: 2.0167
[New] Epoch 822/1000 | classify: 1.7974 | voltage: 1.4946 | conc: 0.0012 | consistency: 0.3330 | polarity: 2.4736 | monodec: 0.0000 | rule: 241.4125 | group: 1.9523 | tree: 5.5185 | total: 1.9984
[New] Epoch 823/1000 | classify: 1.8009 | voltage: 1.4570 | conc: 0.0008 | consistency: 0.3330 | polarity: 2.3865 | monodec: 0.0000 | rule: 238.0284 | group: 1.7694 | tree: 5.1794 | total: 1.9976
[New] Epoch 824/1000 | classify: 1.7844 | voltage: 1.4547 | conc: 0.0009 | consistency: 0.3330 | polarity: 2.3989 | monodec: 0.0000 | rule: 251.3154 | group: 1.7758 | tree: 5.1794 | total: 1.9878
[New] Epoch 825/1000 | classify: 1.8037 | voltage: 1.5125 | conc: 0.0009 | consistency: 0.3287 | polarity: 2.4361 | monodec: 0.0000 | rule: 227.0217 | group: 1.8803 | tree: 5.2835 | total: 1.9980
[New] Epoch 826/1000 | classify: 1.8131 | voltage: 1.5403 | conc: 0.0009 | consistency: 0.3329 | polarity: 2.4672 | monodec: 0.0000 | rule: 208.4487 | group: 1.8969 | tree: 5.4611 | total: 1.9995
[New] Epoch 827/1000 | classify: 1.6688 | voltage: 1.4731 | conc: 0.0009 | consistency: 0.3286 | polarity: 2.3799 | monodec: 0.0000 | rule: 233.3593 | group: 1.8509 | tree: 5.4597 | total: 1.8643
[New] Epoch 828/1000 | classify: 1.6832 | voltage: 1.5015 | conc: 0.0009 | consistency: 0.3287 | polarity: 2.3801 | monodec: 0.0000 | rule: 212.3448 | group: 1.8143 | tree: 5.4608 | total: 1.8696
[New] Epoch 829/1000 | classify: 1.8706 | voltage: 1.5305 | conc: 0.0004 | consistency: 0.3287 | polarity: 2.4548 | monodec: 0.0000 | rule: 218.9678 | group: 1.8412 | tree: 5.5766 | total: 2.0614
[New] Epoch 830/1000 | classify: 1.9532 | voltage: 1.4700 | conc: 0.0009 | consistency: 0.3328 | polarity: 2.4299 | monodec: 0.0000 | rule: 227.2740 | group: 1.8283 | tree: 5.2653 | total: 2.1454
--- 验证集 [epoch 830] ---
  准确率 (Accuracy):  0.7379
  精确率 (Precision): 0.7326
  召回率 (Recall):    0.6082
  F1 分数 (F1):       0.5961
[New] Epoch 831/1000 | classify: 1.9131 | voltage: 1.4880 | conc: 0.0010 | consistency: 0.3246 | polarity: 2.4738 | monodec: 0.0000 | rule: 219.2994 | group: 1.8750 | tree: 5.6854 | total: 2.1026
[New] Epoch 832/1000 | classify: 1.9139 | voltage: 1.4715 | conc: 0.0012 | consistency: 0.3330 | polarity: 2.5301 | monodec: 0.0000 | rule: 240.5176 | group: 1.9026 | tree: 5.6507 | total: 2.1133
[New] Epoch 833/1000 | classify: 1.9508 | voltage: 1.5041 | conc: 0.0008 | consistency: 0.3330 | polarity: 2.4803 | monodec: 0.0000 | rule: 216.8462 | group: 1.8363 | tree: 5.2377 | total: 2.1394
[New] Epoch 834/1000 | classify: 1.8738 | voltage: 1.4909 | conc: 0.0005 | consistency: 0.3331 | polarity: 2.4180 | monodec: 0.0000 | rule: 246.8050 | group: 1.7823 | tree: 5.1832 | total: 2.0763
[New] Epoch 835/1000 | classify: 1.8812 | voltage: 1.4767 | conc: 0.0008 | consistency: 0.3331 | polarity: 2.4367 | monodec: 0.0000 | rule: 239.9600 | group: 1.8534 | tree: 5.2890 | total: 2.0801
[New] Epoch 836/1000 | classify: 1.9470 | voltage: 1.4165 | conc: 0.0010 | consistency: 0.3331 | polarity: 2.5178 | monodec: 0.0000 | rule: 258.2901 | group: 1.8570 | tree: 5.5215 | total: 2.1523
[New] Epoch 837/1000 | classify: 1.9412 | voltage: 1.5136 | conc: 0.0006 | consistency: 0.3332 | polarity: 2.4868 | monodec: 0.0000 | rule: 224.4708 | group: 1.8814 | tree: 5.3797 | total: 2.1341
[New] Epoch 838/1000 | classify: 1.9808 | voltage: 1.5240 | conc: 0.0010 | consistency: 0.3291 | polarity: 2.5303 | monodec: 0.0000 | rule: 237.9972 | group: 1.9557 | tree: 5.8795 | total: 2.1815
[New] Epoch 839/1000 | classify: 1.8881 | voltage: 1.4915 | conc: 0.0009 | consistency: 0.3291 | polarity: 2.4494 | monodec: 0.0000 | rule: 246.6791 | group: 1.8677 | tree: 5.3876 | total: 2.0911
[New] Epoch 840/1000 | classify: 1.8398 | voltage: 1.4809 | conc: 0.0006 | consistency: 0.3333 | polarity: 2.4307 | monodec: 0.0000 | rule: 240.1733 | group: 1.8577 | tree: 5.4727 | total: 2.0389
--- 验证集 [epoch 840] ---
  准确率 (Accuracy):  0.7586
  精确率 (Precision): 0.6069
  召回率 (Recall):    0.5826
  F1 分数 (F1):       0.5890
[New] Epoch 841/1000 | classify: 1.7544 | voltage: 1.4520 | conc: 0.0011 | consistency: 0.3333 | polarity: 2.4678 | monodec: 0.0000 | rule: 259.0618 | group: 1.8467 | tree: 5.2797 | total: 1.9618
[New] Epoch 842/1000 | classify: 1.6848 | voltage: 1.4511 | conc: 0.0009 | consistency: 0.3332 | polarity: 2.3929 | monodec: 0.0000 | rule: 248.8418 | group: 1.7583 | tree: 5.0307 | total: 1.8868
[New] Epoch 843/1000 | classify: 1.7906 | voltage: 1.4738 | conc: 0.0008 | consistency: 0.3332 | polarity: 2.4427 | monodec: 0.0000 | rule: 236.3103 | group: 1.8336 | tree: 5.1252 | total: 1.9874
[New] Epoch 844/1000 | classify: 1.9200 | voltage: 1.4528 | conc: 0.0009 | consistency: 0.3291 | polarity: 2.4865 | monodec: 0.0000 | rule: 253.7568 | group: 1.8630 | tree: 5.6323 | total: 2.1247
[New] Epoch 845/1000 | classify: 1.9402 | voltage: 1.4895 | conc: 0.0007 | consistency: 0.3333 | polarity: 2.3930 | monodec: 0.0000 | rule: 223.2491 | group: 1.7878 | tree: 5.3030 | total: 2.1312
[New] Epoch 846/1000 | classify: 1.7794 | voltage: 1.5055 | conc: 0.0009 | consistency: 0.3167 | polarity: 2.4678 | monodec: 0.0000 | rule: 221.9000 | group: 1.8949 | tree: 5.2597 | total: 1.9708
[New] Epoch 847/1000 | classify: 1.8536 | voltage: 1.4938 | conc: 0.0013 | consistency: 0.3291 | polarity: 2.5238 | monodec: 0.0000 | rule: 221.2147 | group: 1.9336 | tree: 5.6199 | total: 2.0447
[New] Epoch 848/1000 | classify: 1.8939 | voltage: 1.5150 | conc: 0.0008 | consistency: 0.3292 | polarity: 2.4989 | monodec: 0.0000 | rule: 206.9560 | group: 1.9266 | tree: 5.5910 | total: 2.0783
[New] Epoch 849/1000 | classify: 1.8121 | voltage: 1.5029 | conc: 0.0011 | consistency: 0.3292 | polarity: 2.4241 | monodec: 0.0000 | rule: 234.4639 | group: 1.8196 | tree: 5.2189 | total: 2.0097
[New] Epoch 850/1000 | classify: 1.8584 | voltage: 1.5142 | conc: 0.0007 | consistency: 0.3291 | polarity: 2.4239 | monodec: 0.0000 | rule: 231.9109 | group: 1.8710 | tree: 5.4178 | total: 2.0550
--- 验证集 [epoch 850] ---
  准确率 (Accuracy):  0.7724
  精确率 (Precision): 0.6394
  召回率 (Recall):    0.6124
  F1 分数 (F1):       0.6119
✅ 模型已保存到 /home/kudouzala/Application/ion_detect/output/trained_model_save/exp_new_f_num_tp4/trained_model_epoch_850.pth
📁 损失值已保存到 /home/kudouzala/Application/ion_detect/output/trained_model_save/exp_new_f_num_tp4/training_loss_epoch_850.csv
[New] Epoch 851/1000 | classify: 1.7130 | voltage: 1.5214 | conc: 0.0009 | consistency: 0.3332 | polarity: 2.4488 | monodec: 0.0000 | rule: 201.9661 | group: 1.8373 | tree: 5.4113 | total: 1.8952
[New] Epoch 852/1000 | classify: 1.7701 | voltage: 1.4828 | conc: 0.0010 | consistency: 0.3291 | polarity: 2.4114 | monodec: 0.0000 | rule: 231.7269 | group: 1.7895 | tree: 5.1799 | total: 1.9652
[New] Epoch 853/1000 | classify: 1.9405 | voltage: 1.4838 | conc: 0.0010 | consistency: 0.3333 | polarity: 2.4426 | monodec: 0.0000 | rule: 233.8336 | group: 1.7970 | tree: 5.2642 | total: 2.1369
[New] Epoch 854/1000 | classify: 1.8150 | voltage: 1.5257 | conc: 0.0008 | consistency: 0.3291 | polarity: 2.4801 | monodec: 0.0000 | rule: 212.2986 | group: 1.9360 | tree: 5.5642 | total: 2.0027
[New] Epoch 855/1000 | classify: 1.8948 | voltage: 1.5094 | conc: 0.0008 | consistency: 0.3332 | polarity: 2.5360 | monodec: 0.0000 | rule: 223.3174 | group: 1.9188 | tree: 5.5262 | total: 2.0872
[New] Epoch 856/1000 | classify: 1.9721 | voltage: 1.4763 | conc: 0.0010 | consistency: 0.3332 | polarity: 2.5173 | monodec: 0.0000 | rule: 238.4140 | group: 1.9531 | tree: 5.6533 | total: 2.1706
[New] Epoch 857/1000 | classify: 1.8638 | voltage: 1.4711 | conc: 0.0015 | consistency: 0.3291 | polarity: 2.5049 | monodec: 0.0000 | rule: 262.1473 | group: 1.8804 | tree: 5.6852 | total: 2.0744
[New] Epoch 858/1000 | classify: 1.8073 | voltage: 1.4789 | conc: 0.0006 | consistency: 0.3333 | polarity: 2.4551 | monodec: 0.0000 | rule: 248.8442 | group: 1.8394 | tree: 5.3976 | total: 2.0106
[New] Epoch 859/1000 | classify: 1.9432 | voltage: 1.4914 | conc: 0.0011 | consistency: 0.3291 | polarity: 2.4738 | monodec: 0.0000 | rule: 212.4643 | group: 1.8395 | tree: 5.3824 | total: 2.1294
[New] Epoch 860/1000 | classify: 1.8044 | voltage: 1.4964 | conc: 0.0011 | consistency: 0.3249 | polarity: 2.4613 | monodec: 0.0000 | rule: 236.9294 | group: 1.8518 | tree: 5.2853 | total: 2.0030
--- 验证集 [epoch 860] ---
  准确率 (Accuracy):  0.7586
  精确率 (Precision): 0.5894
  召回率 (Recall):    0.6133
  F1 分数 (F1):       0.5965
[New] Epoch 861/1000 | classify: 1.8661 | voltage: 1.4778 | conc: 0.0010 | consistency: 0.3333 | polarity: 2.4924 | monodec: 0.0000 | rule: 250.3559 | group: 1.8448 | tree: 5.3416 | total: 2.0704
[New] Epoch 862/1000 | classify: 1.8939 | voltage: 1.5237 | conc: 0.0008 | consistency: 0.3291 | polarity: 2.4862 | monodec: 0.0000 | rule: 231.2322 | group: 1.9241 | tree: 5.8433 | total: 2.0911
[New] Epoch 863/1000 | classify: 1.8443 | voltage: 1.5200 | conc: 0.0007 | consistency: 0.3291 | polarity: 2.4801 | monodec: 0.0000 | rule: 243.4399 | group: 1.8591 | tree: 5.4826 | total: 2.0471
[New] Epoch 864/1000 | classify: 1.9323 | voltage: 1.5019 | conc: 0.0011 | consistency: 0.3292 | polarity: 2.5300 | monodec: 0.0000 | rule: 243.8717 | group: 1.9690 | tree: 5.6727 | total: 2.1349
[New] Epoch 865/1000 | classify: 2.0657 | voltage: 1.5002 | conc: 0.0011 | consistency: 0.3292 | polarity: 2.5301 | monodec: 0.0000 | rule: 231.3351 | group: 1.9231 | tree: 5.8382 | total: 2.2620
[New] Epoch 866/1000 | classify: 1.9157 | voltage: 1.5199 | conc: 0.0009 | consistency: 0.3293 | polarity: 2.5302 | monodec: 0.0000 | rule: 253.1178 | group: 1.9052 | tree: 5.6945 | total: 2.1236
[New] Epoch 867/1000 | classify: 1.7315 | voltage: 1.5226 | conc: 0.0006 | consistency: 0.3251 | polarity: 2.3246 | monodec: 0.0000 | rule: 243.6389 | group: 1.7068 | tree: 5.0436 | total: 1.9340
[New] Epoch 868/1000 | classify: 1.7939 | voltage: 1.4888 | conc: 0.0014 | consistency: 0.3293 | polarity: 2.4866 | monodec: 0.0000 | rule: 229.8375 | group: 1.9291 | tree: 5.4967 | total: 1.9890
[New] Epoch 869/1000 | classify: 1.7829 | voltage: 1.4738 | conc: 0.0008 | consistency: 0.3334 | polarity: 2.3681 | monodec: 0.0000 | rule: 243.2436 | group: 1.7316 | tree: 5.1745 | total: 1.9831
[New] Epoch 870/1000 | classify: 1.7557 | voltage: 1.4392 | conc: 0.0011 | consistency: 0.3293 | polarity: 2.4366 | monodec: 0.0000 | rule: 248.4907 | group: 1.8233 | tree: 5.5219 | total: 1.9573
--- 验证集 [epoch 870] ---
  准确率 (Accuracy):  0.7448
  精确率 (Precision): 0.5908
  召回率 (Recall):    0.5993
  F1 分数 (F1):       0.5847
[New] Epoch 871/1000 | classify: 1.8962 | voltage: 1.5001 | conc: 0.0010 | consistency: 0.3293 | polarity: 2.4989 | monodec: 0.0000 | rule: 247.8300 | group: 1.8887 | tree: 5.7058 | total: 2.1006
[New] Epoch 872/1000 | classify: 1.9974 | voltage: 1.5140 | conc: 0.0012 | consistency: 0.3334 | polarity: 2.5860 | monodec: 0.0000 | rule: 242.0841 | group: 1.9340 | tree: 5.9181 | total: 2.1999
[New] Epoch 873/1000 | classify: 1.8161 | voltage: 1.5249 | conc: 0.0008 | consistency: 0.3334 | polarity: 2.3804 | monodec: 0.0000 | rule: 222.3489 | group: 1.8106 | tree: 5.2781 | total: 2.0085
[New] Epoch 874/1000 | classify: 1.8976 | voltage: 1.4719 | conc: 0.0011 | consistency: 0.3334 | polarity: 2.4614 | monodec: 0.0000 | rule: 244.2526 | group: 1.8641 | tree: 5.3123 | total: 2.0987
[New] Epoch 875/1000 | classify: 1.8395 | voltage: 1.4644 | conc: 0.0009 | consistency: 0.3293 | polarity: 2.4677 | monodec: 0.0000 | rule: 243.9204 | group: 1.8986 | tree: 5.5811 | total: 2.0399
[New] Epoch 876/1000 | classify: 1.6847 | voltage: 1.4959 | conc: 0.0007 | consistency: 0.3251 | polarity: 2.3367 | monodec: 0.0000 | rule: 213.7717 | group: 1.7502 | tree: 5.1303 | total: 1.8711
[New] Epoch 877/1000 | classify: 1.7997 | voltage: 1.5050 | conc: 0.0010 | consistency: 0.3334 | polarity: 2.5174 | monodec: 0.0000 | rule: 222.2689 | group: 1.8760 | tree: 5.3420 | total: 1.9914
[New] Epoch 878/1000 | classify: 1.7812 | voltage: 1.5007 | conc: 0.0009 | consistency: 0.3292 | polarity: 2.3803 | monodec: 0.0000 | rule: 228.9575 | group: 1.7450 | tree: 5.2108 | total: 1.9758
[New] Epoch 879/1000 | classify: 1.7296 | voltage: 1.4862 | conc: 0.0008 | consistency: 0.3209 | polarity: 2.3927 | monodec: 0.0000 | rule: 224.0910 | group: 1.8166 | tree: 5.3673 | total: 1.9210
[New] Epoch 880/1000 | classify: 1.9697 | voltage: 1.5062 | conc: 0.0011 | consistency: 0.3292 | polarity: 2.5672 | monodec: 0.0000 | rule: 232.5448 | group: 1.9205 | tree: 5.7238 | total: 2.1669
--- 验证集 [epoch 880] ---
  准确率 (Accuracy):  0.7655
  精确率 (Precision): 0.6808
  召回率 (Recall):    0.6274
  F1 分数 (F1):       0.6285
[New] Epoch 881/1000 | classify: 1.8863 | voltage: 1.5037 | conc: 0.0013 | consistency: 0.3167 | polarity: 2.5298 | monodec: 0.0000 | rule: 239.8975 | group: 1.9255 | tree: 5.4443 | total: 2.0871
[New] Epoch 882/1000 | classify: 1.7742 | voltage: 1.4975 | conc: 0.0009 | consistency: 0.3334 | polarity: 2.4863 | monodec: 0.0000 | rule: 212.4313 | group: 1.8423 | tree: 5.3887 | total: 1.9605
[New] Epoch 883/1000 | classify: 1.9022 | voltage: 1.4824 | conc: 0.0011 | consistency: 0.3335 | polarity: 2.4864 | monodec: 0.0000 | rule: 225.5059 | group: 1.8516 | tree: 5.4876 | total: 2.0945
[New] Epoch 884/1000 | classify: 1.8677 | voltage: 1.4856 | conc: 0.0007 | consistency: 0.3293 | polarity: 2.4988 | monodec: 0.0000 | rule: 228.7728 | group: 1.8750 | tree: 5.5077 | total: 2.0615
[New] Epoch 885/1000 | classify: 1.8347 | voltage: 1.4959 | conc: 0.0010 | consistency: 0.3293 | polarity: 2.4177 | monodec: 0.0000 | rule: 226.9088 | group: 1.8451 | tree: 5.2962 | total: 2.0281
[New] Epoch 886/1000 | classify: 2.0223 | voltage: 1.5183 | conc: 0.0009 | consistency: 0.3251 | polarity: 2.5050 | monodec: 0.0000 | rule: 250.8239 | group: 1.9243 | tree: 5.6237 | total: 2.2290
[New] Epoch 887/1000 | classify: 1.8004 | voltage: 1.4697 | conc: 0.0010 | consistency: 0.3335 | polarity: 2.4552 | monodec: 0.0000 | rule: 231.9335 | group: 1.8643 | tree: 5.4003 | total: 1.9951
[New] Epoch 888/1000 | classify: 1.8196 | voltage: 1.4992 | conc: 0.0008 | consistency: 0.3335 | polarity: 2.4303 | monodec: 0.0000 | rule: 237.2363 | group: 1.8781 | tree: 5.4985 | total: 2.0183
[New] Epoch 889/1000 | classify: 1.8855 | voltage: 1.4919 | conc: 0.0007 | consistency: 0.3335 | polarity: 2.4178 | monodec: 0.0000 | rule: 257.3986 | group: 1.8007 | tree: 5.4179 | total: 2.0937
[New] Epoch 890/1000 | classify: 1.9453 | voltage: 1.5027 | conc: 0.0014 | consistency: 0.3293 | polarity: 2.4926 | monodec: 0.0000 | rule: 219.8879 | group: 1.9258 | tree: 5.7670 | total: 2.1363
--- 验证集 [epoch 890] ---
  准确率 (Accuracy):  0.7517
  精确率 (Precision): 0.6583
  召回率 (Recall):    0.6025
  F1 分数 (F1):       0.6028
[New] Epoch 891/1000 | classify: 1.7748 | voltage: 1.5148 | conc: 0.0007 | consistency: 0.3335 | polarity: 2.3992 | monodec: 0.0000 | rule: 230.4905 | group: 1.7927 | tree: 5.4538 | total: 1.9708
[New] Epoch 892/1000 | classify: 1.8108 | voltage: 1.5322 | conc: 0.0010 | consistency: 0.3335 | polarity: 2.4304 | monodec: 0.0000 | rule: 217.7701 | group: 1.8269 | tree: 5.5243 | total: 2.0017
[New] Epoch 893/1000 | classify: 1.8154 | voltage: 1.5223 | conc: 0.0009 | consistency: 0.3335 | polarity: 2.4740 | monodec: 0.0000 | rule: 225.5441 | group: 1.8791 | tree: 5.3773 | total: 2.0095
[New] Epoch 894/1000 | classify: 1.7339 | voltage: 1.5185 | conc: 0.0009 | consistency: 0.3293 | polarity: 2.4240 | monodec: 0.0000 | rule: 219.4667 | group: 1.8268 | tree: 5.4753 | total: 1.9247
[New] Epoch 895/1000 | classify: 1.8729 | voltage: 1.4661 | conc: 0.0006 | consistency: 0.3293 | polarity: 2.3928 | monodec: 0.0000 | rule: 232.2749 | group: 1.7842 | tree: 5.0557 | total: 2.0670
[New] Epoch 896/1000 | classify: 1.8539 | voltage: 1.5132 | conc: 0.0008 | consistency: 0.3293 | polarity: 2.4363 | monodec: 0.0000 | rule: 211.0918 | group: 1.8142 | tree: 5.2116 | total: 2.0401
[New] Epoch 897/1000 | classify: 1.7969 | voltage: 1.5222 | conc: 0.0007 | consistency: 0.3334 | polarity: 2.4924 | monodec: 0.0000 | rule: 234.3315 | group: 1.8764 | tree: 5.4807 | total: 1.9951
[New] Epoch 898/1000 | classify: 1.8708 | voltage: 1.5049 | conc: 0.0008 | consistency: 0.3293 | polarity: 2.4799 | monodec: 0.0000 | rule: 228.7694 | group: 1.8710 | tree: 5.4986 | total: 2.0656
[New] Epoch 899/1000 | classify: 1.9903 | voltage: 1.4889 | conc: 0.0009 | consistency: 0.3334 | polarity: 2.4425 | monodec: 0.0000 | rule: 241.2113 | group: 1.8192 | tree: 5.3764 | total: 2.1905
[New] Epoch 900/1000 | classify: 1.8285 | voltage: 1.5108 | conc: 0.0007 | consistency: 0.3293 | polarity: 2.4612 | monodec: 0.0000 | rule: 237.1069 | group: 1.9016 | tree: 5.6095 | total: 2.0276
--- 验证集 [epoch 900] ---
  准确率 (Accuracy):  0.7379
  精确率 (Precision): 0.5804
  召回率 (Recall):    0.5925
  F1 分数 (F1):       0.5742
✅ 模型已保存到 /home/kudouzala/Application/ion_detect/output/trained_model_save/exp_new_f_num_tp4/trained_model_epoch_900.pth
📁 损失值已保存到 /home/kudouzala/Application/ion_detect/output/trained_model_save/exp_new_f_num_tp4/training_loss_epoch_900.csv
[New] Epoch 901/1000 | classify: 1.8083 | voltage: 1.5316 | conc: 0.0007 | consistency: 0.3334 | polarity: 2.3989 | monodec: 0.0000 | rule: 225.7574 | group: 1.8017 | tree: 5.3677 | total: 2.0027
[New] Epoch 902/1000 | classify: 1.7750 | voltage: 1.5033 | conc: 0.0009 | consistency: 0.3334 | polarity: 2.5359 | monodec: 0.0000 | rule: 240.9021 | group: 1.8854 | tree: 5.4421 | total: 1.9758
[New] Epoch 903/1000 | classify: 1.9620 | voltage: 1.5083 | conc: 0.0009 | consistency: 0.3334 | polarity: 2.4674 | monodec: 0.0000 | rule: 243.7944 | group: 1.8377 | tree: 5.2406 | total: 2.1644
[New] Epoch 904/1000 | classify: 1.8307 | voltage: 1.4999 | conc: 0.0008 | consistency: 0.3293 | polarity: 2.5297 | monodec: 0.0000 | rule: 234.5424 | group: 1.9150 | tree: 5.7645 | total: 2.0282
[New] Epoch 905/1000 | classify: 1.9783 | voltage: 1.4703 | conc: 0.0011 | consistency: 0.3251 | polarity: 2.5173 | monodec: 0.0000 | rule: 253.3940 | group: 1.8601 | tree: 5.4377 | total: 2.1839
[New] Epoch 906/1000 | classify: 1.8876 | voltage: 1.5453 | conc: 0.0011 | consistency: 0.3334 | polarity: 2.5111 | monodec: 0.0000 | rule: 231.4058 | group: 1.8782 | tree: 5.4434 | total: 2.0860
[New] Epoch 907/1000 | classify: 1.8776 | voltage: 1.5485 | conc: 0.0007 | consistency: 0.3293 | polarity: 2.4302 | monodec: 0.0000 | rule: 226.0734 | group: 1.8016 | tree: 5.2346 | total: 2.0729
[New] Epoch 908/1000 | classify: 1.9025 | voltage: 1.5351 | conc: 0.0008 | consistency: 0.3293 | polarity: 2.5362 | monodec: 0.0000 | rule: 236.3101 | group: 1.8974 | tree: 5.7794 | total: 2.1027
[New] Epoch 909/1000 | classify: 1.9114 | voltage: 1.4932 | conc: 0.0008 | consistency: 0.3335 | polarity: 2.4552 | monodec: 0.0000 | rule: 233.9883 | group: 1.8449 | tree: 5.5929 | total: 2.1083
[New] Epoch 910/1000 | classify: 1.8003 | voltage: 1.5156 | conc: 0.0008 | consistency: 0.3335 | polarity: 2.4428 | monodec: 0.0000 | rule: 225.5893 | group: 1.8521 | tree: 5.5055 | total: 1.9940
--- 验证集 [epoch 910] ---
  准确率 (Accuracy):  0.7448
  精确率 (Precision): 0.6422
  召回率 (Recall):    0.6201
  F1 分数 (F1):       0.6127
[New] Epoch 911/1000 | classify: 1.7594 | voltage: 1.5264 | conc: 0.0011 | consistency: 0.3252 | polarity: 2.4615 | monodec: 0.0000 | rule: 218.7254 | group: 1.7999 | tree: 5.3778 | total: 1.9505
[New] Epoch 912/1000 | classify: 1.8828 | voltage: 1.4893 | conc: 0.0010 | consistency: 0.3293 | polarity: 2.4926 | monodec: 0.0000 | rule: 247.4193 | group: 1.8604 | tree: 5.5916 | total: 2.0863
[New] Epoch 913/1000 | classify: 1.7433 | voltage: 1.5092 | conc: 0.0007 | consistency: 0.3335 | polarity: 2.4739 | monodec: 0.0000 | rule: 224.4224 | group: 1.8637 | tree: 5.4052 | total: 1.9360
[New] Epoch 914/1000 | classify: 1.9745 | voltage: 1.4972 | conc: 0.0007 | consistency: 0.3335 | polarity: 2.5112 | monodec: 0.0000 | rule: 221.4583 | group: 1.8726 | tree: 5.5014 | total: 2.1652
[New] Epoch 915/1000 | classify: 1.7669 | voltage: 1.5059 | conc: 0.0007 | consistency: 0.3335 | polarity: 2.3991 | monodec: 0.0000 | rule: 234.2289 | group: 1.7297 | tree: 5.0930 | total: 1.9641
[New] Epoch 916/1000 | classify: 1.8773 | voltage: 1.5294 | conc: 0.0011 | consistency: 0.3294 | polarity: 2.5238 | monodec: 0.0000 | rule: 232.3459 | group: 1.9045 | tree: 5.6427 | total: 2.0755
[New] Epoch 917/1000 | classify: 1.8549 | voltage: 1.4702 | conc: 0.0007 | consistency: 0.3335 | polarity: 2.4926 | monodec: 0.0000 | rule: 273.4849 | group: 1.8257 | tree: 5.3939 | total: 2.0701
[New] Epoch 918/1000 | classify: 1.8518 | voltage: 1.4931 | conc: 0.0005 | consistency: 0.3252 | polarity: 2.4677 | monodec: 0.0000 | rule: 245.9294 | group: 1.8336 | tree: 5.5508 | total: 2.0543
[New] Epoch 919/1000 | classify: 1.8999 | voltage: 1.4472 | conc: 0.0008 | consistency: 0.3336 | polarity: 2.5923 | monodec: 0.0000 | rule: 260.8559 | group: 1.9342 | tree: 5.4497 | total: 2.1079
[New] Epoch 920/1000 | classify: 1.8166 | voltage: 1.4832 | conc: 0.0010 | consistency: 0.3294 | polarity: 2.4926 | monodec: 0.0000 | rule: 239.7748 | group: 1.9191 | tree: 5.9643 | total: 2.0162
--- 验证集 [epoch 920] ---
  准确率 (Accuracy):  0.7379
  精确率 (Precision): 0.6226
  召回率 (Recall):    0.6035
  F1 分数 (F1):       0.5935
[New] Epoch 921/1000 | classify: 1.8032 | voltage: 1.4707 | conc: 0.0008 | consistency: 0.3294 | polarity: 2.4365 | monodec: 0.0000 | rule: 240.4028 | group: 1.8083 | tree: 5.2533 | total: 2.0020
[New] Epoch 922/1000 | classify: 1.9994 | voltage: 1.5355 | conc: 0.0009 | consistency: 0.3336 | polarity: 2.5363 | monodec: 0.0000 | rule: 230.7394 | group: 1.9528 | tree: 5.9336 | total: 2.1971
[New] Epoch 923/1000 | classify: 1.8162 | voltage: 1.5311 | conc: 0.0009 | consistency: 0.3336 | polarity: 2.4366 | monodec: 0.0000 | rule: 232.3888 | group: 1.8314 | tree: 5.5220 | total: 2.0141
[New] Epoch 924/1000 | classify: 1.8551 | voltage: 1.5312 | conc: 0.0008 | consistency: 0.3294 | polarity: 2.5176 | monodec: 0.0000 | rule: 218.5583 | group: 1.8837 | tree: 5.4297 | total: 2.0461
[New] Epoch 925/1000 | classify: 1.9225 | voltage: 1.5535 | conc: 0.0010 | consistency: 0.3336 | polarity: 2.5114 | monodec: 0.0000 | rule: 204.4481 | group: 1.9341 | tree: 5.5797 | total: 2.1078
[New] Epoch 926/1000 | classify: 1.8636 | voltage: 1.4698 | conc: 0.0008 | consistency: 0.3336 | polarity: 2.4865 | monodec: 0.0000 | rule: 241.4301 | group: 1.9027 | tree: 5.5467 | total: 2.0630
[New] Epoch 927/1000 | classify: 1.7873 | voltage: 1.5166 | conc: 0.0009 | consistency: 0.3294 | polarity: 2.4552 | monodec: 0.0000 | rule: 224.9299 | group: 1.9160 | tree: 5.8589 | total: 1.9810
[New] Epoch 928/1000 | classify: 1.7316 | voltage: 1.5083 | conc: 0.0007 | consistency: 0.3294 | polarity: 2.4427 | monodec: 0.0000 | rule: 227.5826 | group: 1.8256 | tree: 5.4621 | total: 1.9259
[New] Epoch 929/1000 | classify: 1.8356 | voltage: 1.5148 | conc: 0.0005 | consistency: 0.3336 | polarity: 2.4178 | monodec: 0.0000 | rule: 215.1860 | group: 1.8102 | tree: 5.1517 | total: 2.0236
[New] Epoch 930/1000 | classify: 1.8660 | voltage: 1.5508 | conc: 0.0010 | consistency: 0.3294 | polarity: 2.5299 | monodec: 0.0000 | rule: 214.8875 | group: 1.9430 | tree: 5.5921 | total: 2.0563
--- 验证集 [epoch 930] ---
  准确率 (Accuracy):  0.7448
  精确率 (Precision): 0.5862
  召回率 (Recall):    0.5993
  F1 分数 (F1):       0.5826
[New] Epoch 931/1000 | classify: 1.8944 | voltage: 1.5030 | conc: 0.0008 | consistency: 0.3294 | polarity: 2.4240 | monodec: 0.0000 | rule: 242.2605 | group: 1.8305 | tree: 5.3176 | total: 2.0957
[New] Epoch 932/1000 | classify: 2.1299 | voltage: 1.5044 | conc: 0.0009 | consistency: 0.3336 | polarity: 2.4988 | monodec: 0.0000 | rule: 218.2822 | group: 1.9065 | tree: 5.1701 | total: 2.3194
[New] Epoch 933/1000 | classify: 1.8711 | voltage: 1.4675 | conc: 0.0009 | consistency: 0.3336 | polarity: 2.4677 | monodec: 0.0000 | rule: 256.6807 | group: 1.8609 | tree: 5.5312 | total: 2.0780
[New] Epoch 934/1000 | classify: 1.9491 | voltage: 1.4866 | conc: 0.0011 | consistency: 0.3336 | polarity: 2.5175 | monodec: 0.0000 | rule: 234.1618 | group: 1.8882 | tree: 5.7019 | total: 2.1461
[New] Epoch 935/1000 | classify: 1.9571 | voltage: 1.4916 | conc: 0.0011 | consistency: 0.3295 | polarity: 2.5363 | monodec: 0.0000 | rule: 247.9989 | group: 1.9243 | tree: 5.4377 | total: 2.1611
[New] Epoch 936/1000 | classify: 1.7144 | voltage: 1.5180 | conc: 0.0008 | consistency: 0.3295 | polarity: 2.4117 | monodec: 0.0000 | rule: 199.1724 | group: 1.8070 | tree: 5.1938 | total: 1.8949
[New] Epoch 937/1000 | classify: 1.8002 | voltage: 1.5434 | conc: 0.0007 | consistency: 0.3336 | polarity: 2.4054 | monodec: 0.0000 | rule: 218.6994 | group: 1.8734 | tree: 5.4528 | total: 1.9917
[New] Epoch 938/1000 | classify: 1.9135 | voltage: 1.5009 | conc: 0.0010 | consistency: 0.3336 | polarity: 2.5238 | monodec: 0.0000 | rule: 227.0414 | group: 1.9452 | tree: 5.7916 | total: 2.1076
[New] Epoch 939/1000 | classify: 1.9138 | voltage: 1.4956 | conc: 0.0009 | consistency: 0.3336 | polarity: 2.4801 | monodec: 0.0000 | rule: 249.6062 | group: 1.9209 | tree: 5.6918 | total: 2.1187
[New] Epoch 940/1000 | classify: 1.9447 | voltage: 1.4726 | conc: 0.0010 | consistency: 0.3336 | polarity: 2.5362 | monodec: 0.0000 | rule: 238.9576 | group: 1.9260 | tree: 5.7743 | total: 2.1434
--- 验证集 [epoch 940] ---
  准确率 (Accuracy):  0.7586
  精确率 (Precision): 0.6033
  召回率 (Recall):    0.6082
  F1 分数 (F1):       0.5959
[New] Epoch 941/1000 | classify: 1.9701 | voltage: 1.4637 | conc: 0.0007 | consistency: 0.3336 | polarity: 2.5238 | monodec: 0.0000 | rule: 262.2694 | group: 1.8880 | tree: 5.6458 | total: 2.1796
[New] Epoch 942/1000 | classify: 1.7499 | voltage: 1.5079 | conc: 0.0008 | consistency: 0.3336 | polarity: 2.4303 | monodec: 0.0000 | rule: 232.0814 | group: 1.8038 | tree: 5.4904 | total: 1.9465
[New] Epoch 943/1000 | classify: 1.8047 | voltage: 1.5505 | conc: 0.0010 | consistency: 0.3336 | polarity: 2.5051 | monodec: 0.0000 | rule: 221.8131 | group: 1.8799 | tree: 5.6240 | total: 1.9985
[New] Epoch 944/1000 | classify: 1.8816 | voltage: 1.5542 | conc: 0.0011 | consistency: 0.3295 | polarity: 2.4988 | monodec: 0.0000 | rule: 231.5822 | group: 1.9602 | tree: 5.7242 | total: 2.0807
[New] Epoch 945/1000 | classify: 1.7884 | voltage: 1.4911 | conc: 0.0008 | consistency: 0.3336 | polarity: 2.5176 | monodec: 0.0000 | rule: 231.5535 | group: 1.9452 | tree: 5.8378 | total: 1.9842
[New] Epoch 946/1000 | classify: 1.8250 | voltage: 1.4943 | conc: 0.0011 | consistency: 0.3336 | polarity: 2.5300 | monodec: 0.0000 | rule: 238.7124 | group: 1.9392 | tree: 5.7425 | total: 2.0246
[New] Epoch 947/1000 | classify: 1.8507 | voltage: 1.5116 | conc: 0.0011 | consistency: 0.3295 | polarity: 2.4365 | monodec: 0.0000 | rule: 216.0579 | group: 1.8509 | tree: 5.1951 | total: 2.0396
[New] Epoch 948/1000 | classify: 1.8406 | voltage: 1.5081 | conc: 0.0009 | consistency: 0.3336 | polarity: 2.4677 | monodec: 0.0000 | rule: 233.3668 | group: 1.8312 | tree: 5.2922 | total: 2.0378
[New] Epoch 949/1000 | classify: 2.0369 | voltage: 1.5513 | conc: 0.0009 | consistency: 0.3253 | polarity: 2.5176 | monodec: 0.0000 | rule: 197.9639 | group: 1.9631 | tree: 5.6998 | total: 2.2188
[New] Epoch 950/1000 | classify: 1.6956 | voltage: 1.5151 | conc: 0.0008 | consistency: 0.3337 | polarity: 2.4054 | monodec: 0.0000 | rule: 211.4067 | group: 1.8179 | tree: 5.2383 | total: 1.8820
--- 验证集 [epoch 950] ---
  准确率 (Accuracy):  0.7655
  精确率 (Precision): 0.5999
  召回率 (Recall):    0.6056
  F1 分数 (F1):       0.5947
✅ 模型已保存到 /home/kudouzala/Application/ion_detect/output/trained_model_save/exp_new_f_num_tp4/trained_model_epoch_950.pth
📁 损失值已保存到 /home/kudouzala/Application/ion_detect/output/trained_model_save/exp_new_f_num_tp4/training_loss_epoch_950.csv
[New] Epoch 951/1000 | classify: 1.7724 | voltage: 1.5237 | conc: 0.0006 | consistency: 0.3295 | polarity: 2.4677 | monodec: 0.0000 | rule: 218.7291 | group: 1.8677 | tree: 5.1018 | total: 1.9627
[New] Epoch 952/1000 | classify: 1.9306 | voltage: 1.4796 | conc: 0.0008 | consistency: 0.3337 | polarity: 2.4615 | monodec: 0.0000 | rule: 254.4859 | group: 1.8516 | tree: 5.4172 | total: 2.1369
[New] Epoch 953/1000 | classify: 1.8630 | voltage: 1.5083 | conc: 0.0011 | consistency: 0.3337 | polarity: 2.4677 | monodec: 0.0000 | rule: 223.0615 | group: 1.8364 | tree: 5.3201 | total: 2.0553
[New] Epoch 954/1000 | classify: 1.8819 | voltage: 1.5483 | conc: 0.0009 | consistency: 0.3337 | polarity: 2.4739 | monodec: 0.0000 | rule: 214.4706 | group: 1.8244 | tree: 5.2680 | total: 2.0716
[New] Epoch 955/1000 | classify: 1.9010 | voltage: 1.5000 | conc: 0.0008 | consistency: 0.3295 | polarity: 2.4864 | monodec: 0.0000 | rule: 230.4832 | group: 1.8695 | tree: 5.5032 | total: 2.0964
[New] Epoch 956/1000 | classify: 1.9211 | voltage: 1.4940 | conc: 0.0007 | consistency: 0.3337 | polarity: 2.5425 | monodec: 0.0000 | rule: 227.8987 | group: 1.9322 | tree: 5.6145 | total: 2.1149
[New] Epoch 957/1000 | classify: 1.9414 | voltage: 1.5151 | conc: 0.0008 | consistency: 0.3337 | polarity: 2.4989 | monodec: 0.0000 | rule: 249.8896 | group: 1.8561 | tree: 5.5430 | total: 2.1473
[New] Epoch 958/1000 | classify: 1.6850 | voltage: 1.5147 | conc: 0.0007 | consistency: 0.3337 | polarity: 2.3618 | monodec: 0.0000 | rule: 238.4102 | group: 1.7253 | tree: 5.0222 | total: 1.8847
[New] Epoch 959/1000 | classify: 1.8702 | voltage: 1.5126 | conc: 0.0013 | consistency: 0.3337 | polarity: 2.5362 | monodec: 0.0000 | rule: 227.1033 | group: 1.9498 | tree: 5.7595 | total: 2.0652
[New] Epoch 960/1000 | classify: 1.8119 | voltage: 1.5261 | conc: 0.0011 | consistency: 0.3337 | polarity: 2.5050 | monodec: 0.0000 | rule: 201.6782 | group: 1.8876 | tree: 5.2012 | total: 1.9944
--- 验证集 [epoch 960] ---
  准确率 (Accuracy):  0.7655
  精确率 (Precision): 0.6026
  召回率 (Recall):    0.6056
  F1 分数 (F1):       0.5970
[New] Epoch 961/1000 | classify: 1.7252 | voltage: 1.5254 | conc: 0.0009 | consistency: 0.3336 | polarity: 2.4614 | monodec: 0.0000 | rule: 213.5310 | group: 1.8438 | tree: 5.5278 | total: 1.9135
[New] Epoch 962/1000 | classify: 1.8211 | voltage: 1.5189 | conc: 0.0007 | consistency: 0.3336 | polarity: 2.4427 | monodec: 0.0000 | rule: 218.9344 | group: 1.8785 | tree: 5.5357 | total: 2.0116
[New] Epoch 963/1000 | classify: 1.8693 | voltage: 1.5078 | conc: 0.0009 | consistency: 0.3336 | polarity: 2.5299 | monodec: 0.0000 | rule: 230.5284 | group: 1.9084 | tree: 5.6414 | total: 2.0653
[New] Epoch 964/1000 | classify: 1.8711 | voltage: 1.5112 | conc: 0.0007 | consistency: 0.3295 | polarity: 2.4426 | monodec: 0.0000 | rule: 232.8641 | group: 1.7953 | tree: 5.3849 | total: 2.0680
[New] Epoch 965/1000 | classify: 1.7079 | voltage: 1.5176 | conc: 0.0008 | consistency: 0.3295 | polarity: 2.3990 | monodec: 0.0000 | rule: 226.1285 | group: 1.7986 | tree: 5.3094 | total: 1.9019
[New] Epoch 966/1000 | classify: 1.8596 | voltage: 1.4583 | conc: 0.0009 | consistency: 0.3295 | polarity: 2.5361 | monodec: 0.0000 | rule: 262.7257 | group: 1.8846 | tree: 5.4075 | total: 2.0691
[New] Epoch 967/1000 | classify: 1.8101 | voltage: 1.5168 | conc: 0.0011 | consistency: 0.3295 | polarity: 2.5236 | monodec: 0.0000 | rule: 231.4951 | group: 1.9089 | tree: 5.6857 | total: 2.0072
[New] Epoch 968/1000 | classify: 1.8897 | voltage: 1.5051 | conc: 0.0010 | consistency: 0.3336 | polarity: 2.5299 | monodec: 0.0000 | rule: 221.6205 | group: 1.9401 | tree: 5.8048 | total: 2.0813
[New] Epoch 969/1000 | classify: 1.8131 | voltage: 1.4779 | conc: 0.0011 | consistency: 0.3253 | polarity: 2.5049 | monodec: 0.0000 | rule: 243.2431 | group: 1.9077 | tree: 5.9408 | total: 2.0144
[New] Epoch 970/1000 | classify: 1.7929 | voltage: 1.5442 | conc: 0.0007 | consistency: 0.3336 | polarity: 2.4925 | monodec: 0.0000 | rule: 213.8704 | group: 1.9070 | tree: 5.4519 | total: 1.9821
--- 验证集 [epoch 970] ---
  准确率 (Accuracy):  0.7655
  精确率 (Precision): 0.7421
  召回率 (Recall):    0.6263
  F1 分数 (F1):       0.6222
[New] Epoch 971/1000 | classify: 1.9131 | voltage: 1.5578 | conc: 0.0010 | consistency: 0.3295 | polarity: 2.4676 | monodec: 0.0000 | rule: 223.7243 | group: 1.9032 | tree: 5.2619 | total: 2.1081
[New] Epoch 972/1000 | classify: 1.8617 | voltage: 1.4833 | conc: 0.0011 | consistency: 0.3295 | polarity: 2.4489 | monodec: 0.0000 | rule: 223.7322 | group: 1.8487 | tree: 5.3907 | total: 2.0531
[New] Epoch 973/1000 | classify: 1.7939 | voltage: 1.5143 | conc: 0.0008 | consistency: 0.3295 | polarity: 2.4115 | monodec: 0.0000 | rule: 234.4203 | group: 1.8057 | tree: 5.2112 | total: 1.9918
[New] Epoch 974/1000 | classify: 1.7775 | voltage: 1.5128 | conc: 0.0006 | consistency: 0.3295 | polarity: 2.3990 | monodec: 0.0000 | rule: 226.9794 | group: 1.8248 | tree: 5.2396 | total: 1.9715
[New] Epoch 975/1000 | classify: 1.7624 | voltage: 1.4737 | conc: 0.0010 | consistency: 0.3336 | polarity: 2.4177 | monodec: 0.0000 | rule: 247.1368 | group: 1.8173 | tree: 5.4505 | total: 1.9650
[New] Epoch 976/1000 | classify: 1.9110 | voltage: 1.4863 | conc: 0.0008 | consistency: 0.3336 | polarity: 2.4738 | monodec: 0.0000 | rule: 236.4237 | group: 1.8389 | tree: 5.5536 | total: 2.1086
[New] Epoch 977/1000 | classify: 1.6937 | voltage: 1.5011 | conc: 0.0006 | consistency: 0.3295 | polarity: 2.3679 | monodec: 0.0000 | rule: 218.7756 | group: 1.7603 | tree: 4.9457 | total: 1.8828
[New] Epoch 978/1000 | classify: 1.8460 | voltage: 1.4852 | conc: 0.0010 | consistency: 0.3295 | polarity: 2.4987 | monodec: 0.0000 | rule: 259.9492 | group: 1.9005 | tree: 5.4766 | total: 2.0556
[New] Epoch 979/1000 | classify: 1.8786 | voltage: 1.5135 | conc: 0.0010 | consistency: 0.3295 | polarity: 2.5797 | monodec: 0.0000 | rule: 219.9841 | group: 1.9449 | tree: 5.7618 | total: 2.0698
[New] Epoch 980/1000 | classify: 1.8451 | voltage: 1.5201 | conc: 0.0007 | consistency: 0.3295 | polarity: 2.4489 | monodec: 0.0000 | rule: 224.1697 | group: 1.8200 | tree: 5.4089 | total: 2.0382
--- 验证集 [epoch 980] ---
  准确率 (Accuracy):  0.7655
  精确率 (Precision): 0.6031
  召回率 (Recall):    0.6056
  F1 分数 (F1):       0.5962
[New] Epoch 981/1000 | classify: 2.0121 | voltage: 1.5257 | conc: 0.0009 | consistency: 0.3336 | polarity: 2.5361 | monodec: 0.0000 | rule: 229.4526 | group: 1.8883 | tree: 5.5097 | total: 2.2083
[New] Epoch 982/1000 | classify: 1.8869 | voltage: 1.4847 | conc: 0.0008 | consistency: 0.3336 | polarity: 2.4364 | monodec: 0.0000 | rule: 268.7508 | group: 1.8169 | tree: 5.3878 | total: 2.1006
[New] Epoch 983/1000 | classify: 1.8103 | voltage: 1.4894 | conc: 0.0009 | consistency: 0.3337 | polarity: 2.4800 | monodec: 0.0000 | rule: 226.6048 | group: 1.8841 | tree: 5.6085 | total: 2.0033
[New] Epoch 984/1000 | classify: 1.8571 | voltage: 1.5124 | conc: 0.0008 | consistency: 0.3295 | polarity: 2.4987 | monodec: 0.0000 | rule: 235.3821 | group: 1.8551 | tree: 5.4446 | total: 2.0555
[New] Epoch 985/1000 | classify: 1.7337 | voltage: 1.5597 | conc: 0.0008 | consistency: 0.3336 | polarity: 2.3990 | monodec: 0.0000 | rule: 224.6655 | group: 1.7456 | tree: 4.9915 | total: 1.9288
[New] Epoch 986/1000 | classify: 1.7706 | voltage: 1.4987 | conc: 0.0006 | consistency: 0.3295 | polarity: 2.3990 | monodec: 0.0000 | rule: 212.7777 | group: 1.7536 | tree: 5.3009 | total: 1.9567
[New] Epoch 987/1000 | classify: 1.8909 | voltage: 1.5290 | conc: 0.0010 | consistency: 0.3336 | polarity: 2.4363 | monodec: 0.0000 | rule: 206.8494 | group: 1.8545 | tree: 5.1416 | total: 2.0760
[New] Epoch 988/1000 | classify: 1.9406 | voltage: 1.5365 | conc: 0.0007 | consistency: 0.3336 | polarity: 2.4924 | monodec: 0.0000 | rule: 232.0187 | group: 1.8783 | tree: 5.5266 | total: 2.1385
[New] Epoch 989/1000 | classify: 1.9235 | voltage: 1.5469 | conc: 0.0007 | consistency: 0.3336 | polarity: 2.4737 | monodec: 0.0000 | rule: 211.8912 | group: 1.9089 | tree: 5.5289 | total: 2.1118
[New] Epoch 990/1000 | classify: 1.8115 | voltage: 1.5010 | conc: 0.0009 | consistency: 0.3336 | polarity: 2.4239 | monodec: 0.0000 | rule: 234.3712 | group: 1.8197 | tree: 5.3127 | total: 2.0089
--- 验证集 [epoch 990] ---
  准确率 (Accuracy):  0.7517
  精确率 (Precision): 0.7306
  召回率 (Recall):    0.6123
  F1 分数 (F1):       0.6073
[New] Epoch 991/1000 | classify: 1.7723 | voltage: 1.4961 | conc: 0.0013 | consistency: 0.3336 | polarity: 2.4488 | monodec: 0.0000 | rule: 230.2545 | group: 1.8679 | tree: 5.3902 | total: 1.9677
[New] Epoch 992/1000 | classify: 1.9468 | voltage: 1.5189 | conc: 0.0008 | consistency: 0.3295 | polarity: 2.5049 | monodec: 0.0000 | rule: 207.2501 | group: 1.9914 | tree: 5.6690 | total: 2.1317
[New] Epoch 993/1000 | classify: 1.7803 | voltage: 1.5209 | conc: 0.0011 | consistency: 0.3336 | polarity: 2.4675 | monodec: 0.0000 | rule: 225.0953 | group: 1.8818 | tree: 5.3956 | total: 1.9742
[New] Epoch 994/1000 | classify: 1.9084 | voltage: 1.5348 | conc: 0.0012 | consistency: 0.3295 | polarity: 2.4800 | monodec: 0.0000 | rule: 227.7853 | group: 1.8798 | tree: 5.5756 | total: 2.1046
[New] Epoch 995/1000 | classify: 1.8276 | voltage: 1.4887 | conc: 0.0013 | consistency: 0.3253 | polarity: 2.4987 | monodec: 0.0000 | rule: 229.0527 | group: 1.9247 | tree: 5.7096 | total: 2.0223
[New] Epoch 996/1000 | classify: 1.7848 | voltage: 1.4997 | conc: 0.0009 | consistency: 0.3253 | polarity: 2.4551 | monodec: 0.0000 | rule: 219.2124 | group: 1.8282 | tree: 5.2858 | total: 1.9746
[New] Epoch 997/1000 | classify: 1.9078 | voltage: 1.5091 | conc: 0.0011 | consistency: 0.3336 | polarity: 2.5049 | monodec: 0.0000 | rule: 226.6495 | group: 1.8666 | tree: 5.3800 | total: 2.1019
[New] Epoch 998/1000 | classify: 1.6965 | voltage: 1.4939 | conc: 0.0009 | consistency: 0.3336 | polarity: 2.5111 | monodec: 0.0000 | rule: 247.3144 | group: 1.9508 | tree: 5.6200 | total: 1.9002
[New] Epoch 999/1000 | classify: 1.9774 | voltage: 1.5203 | conc: 0.0011 | consistency: 0.3295 | polarity: 2.4862 | monodec: 0.0000 | rule: 217.9325 | group: 1.8563 | tree: 5.5322 | total: 2.1678
[New] Epoch 1000/1000 | classify: 1.7194 | voltage: 1.5237 | conc: 0.0007 | consistency: 0.3253 | polarity: 2.3678 | monodec: 0.0000 | rule: 226.1123 | group: 1.7713 | tree: 5.1750 | total: 1.9135
--- 验证集 [epoch 1000] ---
  准确率 (Accuracy):  0.7586
  精确率 (Precision): 0.7323
  召回率 (Recall):    0.6242
  F1 分数 (F1):       0.6174
✅ 模型已保存到 /home/kudouzala/Application/ion_detect/output/trained_model_save/exp_new_f_num_tp4/trained_model_epoch_1000.pth
📁 损失值已保存到 /home/kudouzala/Application/ion_detect/output/trained_model_save/exp_new_f_num_tp4/training_loss_epoch_1000.csv
✅ 模型已保存到 /home/kudouzala/Application/ion_detect/output/trained_model_save/exp_new_f_num_tp4/trained_model_epoch_final.pth
📁 损失值已保存到 /home/kudouzala/Application/ion_detect/output/trained_model_save/exp_new_f_num_tp4/training_loss_epoch_final.csv
