✅ no_overlap 划分: 测试集 150 个（ion_column 74 个，≤3/10）-> /home/kudouzala/Application/ion_detect/datasets/datasets_for_all_test_no_overlap/exp_new_a，训练集 709 个 -> /home/kudouzala/Application/ion_detect/datasets/datasets_for_all_train_no_overlap/exp_new_a（已排除同前缀且窗口含测试前 3 个时间点的样本）
✅ 当前使用设备: cuda
📂 训练集目录: /home/kudouzala/Application/ion_detect/datasets/datasets_for_all_train_no_overlap/exp_new_a
📂 测试/验证集目录: /home/kudouzala/Application/ion_detect/datasets/datasets_for_all_test_no_overlap/exp_new_a
🧪 experiment: exp_new_a
🚀 进入训练模式 (--train)
Skipping file 20240822_10ppm铜离子污染测试_新版电解槽_ion_column_gamry_[56, 58, 60, 62].xlsx: impedance points 54 < 63
Skipping file 20240822_10ppm铜离子污染测试_新版电解槽_ion_column_gamry_[36, 38, 40, 42].xlsx: impedance points 54 < 63
Skipping file 20240822_10ppm铜离子污染测试_新版电解槽_ion_column_gamry_[34, 36, 38, 40].xlsx: impedance points 54 < 63
[LEAK-CHECK] overlap(train, val) = 0
[DEBUG] data_folder = /home/kudouzala/Application/ion_detect/datasets/datasets_for_all_train_no_overlap/exp_new_a
[DEBUG] base_train.file_names[:10] =
   20241107_0.1ppm钙离子污染及恢复测试_新版电解槽_ion_firecloud_[14, 16, 18, 20].xlsx
   20240910_10ppm钙离子污染测试_新版电解槽_ion_column_gamry_[2, 4, 6, 8].xlsx
   20241006_2ppm铬离子污染测试_旧版电解槽_ion_firecloud_[22, 24, 26, 28].xlsx
   20241117_2ppm钠离子污染及恢复测试40摄氏度_新版电解槽_ion_gamry_[22, 24, 26, 28].xlsx
   20241227_10ppm铜离子污染及恢复测试_旧版电解槽_ion_gamry_[4, 6, 8, 10].xlsx
   20241003_2ppm镍离子污染测试_新版电解槽_ion_gamry_[20, 22, 24, 26].xlsx
   20241112_2ppm钠离子污染和恢复测试80摄氏度_新版电解槽_ion_column_renew_H2SO4_gamry_[14, 16, 18, 20].xlsx
   20240910_10ppm钙离子污染测试_新版电解槽_ion_gamry_[2, 4, 6, 8].xlsx
   20241213_2ppm钠离子污染及恢复测试_新版电解槽_ion_column_renew_H2SO4_gamry_[12, 14, 16, 18].xlsx
   20241010_2ppm钠离子污染测试_新版电解槽_ion_firecloud_[28, 30, 32, 34].xlsx
[DEBUG] exist check (first 10):
   /home/kudouzala/Application/ion_detect/datasets/datasets_for_all_train_no_overlap/exp_new_a/20241107_0.1ppm钙离子污染及恢复测试_新版电解槽_ion_firecloud_[14, 16, 18, 20].xlsx exists= True
   /home/kudouzala/Application/ion_detect/datasets/datasets_for_all_train_no_overlap/exp_new_a/20240910_10ppm钙离子污染测试_新版电解槽_ion_column_gamry_[2, 4, 6, 8].xlsx exists= True
   /home/kudouzala/Application/ion_detect/datasets/datasets_for_all_train_no_overlap/exp_new_a/20241006_2ppm铬离子污染测试_旧版电解槽_ion_firecloud_[22, 24, 26, 28].xlsx exists= True
   /home/kudouzala/Application/ion_detect/datasets/datasets_for_all_train_no_overlap/exp_new_a/20241117_2ppm钠离子污染及恢复测试40摄氏度_新版电解槽_ion_gamry_[22, 24, 26, 28].xlsx exists= True
   /home/kudouzala/Application/ion_detect/datasets/datasets_for_all_train_no_overlap/exp_new_a/20241227_10ppm铜离子污染及恢复测试_旧版电解槽_ion_gamry_[4, 6, 8, 10].xlsx exists= True
   /home/kudouzala/Application/ion_detect/datasets/datasets_for_all_train_no_overlap/exp_new_a/20241003_2ppm镍离子污染测试_新版电解槽_ion_gamry_[20, 22, 24, 26].xlsx exists= True
   /home/kudouzala/Application/ion_detect/datasets/datasets_for_all_train_no_overlap/exp_new_a/20241112_2ppm钠离子污染和恢复测试80摄氏度_新版电解槽_ion_column_renew_H2SO4_gamry_[14, 16, 18, 20].xlsx exists= True
   /home/kudouzala/Application/ion_detect/datasets/datasets_for_all_train_no_overlap/exp_new_a/20240910_10ppm钙离子污染测试_新版电解槽_ion_gamry_[2, 4, 6, 8].xlsx exists= True
   /home/kudouzala/Application/ion_detect/datasets/datasets_for_all_train_no_overlap/exp_new_a/20241213_2ppm钠离子污染及恢复测试_新版电解槽_ion_column_renew_H2SO4_gamry_[12, 14, 16, 18].xlsx exists= True
   /home/kudouzala/Application/ion_detect/datasets/datasets_for_all_train_no_overlap/exp_new_a/20241010_2ppm钠离子污染测试_新版电解槽_ion_firecloud_[28, 30, 32, 34].xlsx exists= True
Skipping file 20240822_10ppm铜离子污染测试_新版电解槽_ion_column_gamry_[28, 30, 32, 34].xlsx: impedance points 54 < 63
Skipping file 20240822_10ppm铜离子污染测试_新版电解槽_ion_column_gamry_[50, 52, 54, 56].xlsx: impedance points 54 < 63
Skipping file 20240822_10ppm铜离子污染测试_新版电解槽_ion_column_gamry_[24, 26, 28, 30].xlsx: impedance points 54 < 63
Skipping file 20240822_10ppm铜离子污染测试_新版电解槽_ion_column_gamry_[44, 46, 48, 50].xlsx: impedance points 54 < 63

[PairDataset][Example pairs] (show up to 50)
  [1] A(idx=431) 20241107_0.1ppm钙离子污染及恢复测试_新版电解槽_ion_firecloud_[0, 2, 4, 6].xlsx  times=[0, 2, 4, 6]
      → B(idx=253) 20241107_0.1ppm钙离子污染及恢复测试_新版电解槽_ion_firecloud_[4, 6, 8, 10].xlsx  times=[4, 6, 8, 10]  dummy=False
  [2] A(idx=678) 20241107_0.1ppm钙离子污染及恢复测试_新版电解槽_ion_firecloud_[2, 4, 6, 8].xlsx  times=[2, 4, 6, 8]
      → B(idx=484) 20241107_0.1ppm钙离子污染及恢复测试_新版电解槽_ion_firecloud_[6, 8, 10, 12].xlsx  times=[6, 8, 10, 12]  dummy=False
  [3] A(idx=253) 20241107_0.1ppm钙离子污染及恢复测试_新版电解槽_ion_firecloud_[4, 6, 8, 10].xlsx  times=[4, 6, 8, 10]
      → B(idx=481) 20241107_0.1ppm钙离子污染及恢复测试_新版电解槽_ion_firecloud_[8, 10, 12, 14].xlsx  times=[8, 10, 12, 14]  dummy=False
  [4] A(idx=484) 20241107_0.1ppm钙离子污染及恢复测试_新版电解槽_ion_firecloud_[6, 8, 10, 12].xlsx  times=[6, 8, 10, 12]
      → B(idx=547) 20241107_0.1ppm钙离子污染及恢复测试_新版电解槽_ion_firecloud_[10, 12, 14, 16].xlsx  times=[10, 12, 14, 16]  dummy=False
  [5] A(idx=481) 20241107_0.1ppm钙离子污染及恢复测试_新版电解槽_ion_firecloud_[8, 10, 12, 14].xlsx  times=[8, 10, 12, 14]
      → B(idx=138) 20241107_0.1ppm钙离子污染及恢复测试_新版电解槽_ion_firecloud_[12, 14, 16, 18].xlsx  times=[12, 14, 16, 18]  dummy=False
  [6] A(idx=547) 20241107_0.1ppm钙离子污染及恢复测试_新版电解槽_ion_firecloud_[10, 12, 14, 16].xlsx  times=[10, 12, 14, 16]
      → B(idx=0) 20241107_0.1ppm钙离子污染及恢复测试_新版电解槽_ion_firecloud_[14, 16, 18, 20].xlsx  times=[14, 16, 18, 20]  dummy=False
  [7] A(idx=138) 20241107_0.1ppm钙离子污染及恢复测试_新版电解槽_ion_firecloud_[12, 14, 16, 18].xlsx  times=[12, 14, 16, 18]
      → B(idx=52) 20241107_0.1ppm钙离子污染及恢复测试_新版电解槽_ion_firecloud_[16, 18, 20, 22].xlsx  times=[16, 18, 20, 22]  dummy=False
  [8] A(idx=0) 20241107_0.1ppm钙离子污染及恢复测试_新版电解槽_ion_firecloud_[14, 16, 18, 20].xlsx  times=[14, 16, 18, 20]
      → B(idx=436) 20241107_0.1ppm钙离子污染及恢复测试_新版电解槽_ion_firecloud_[18, 20, 22, 24].xlsx  times=[18, 20, 22, 24]  dummy=False
  [9] A(idx=52) 20241107_0.1ppm钙离子污染及恢复测试_新版电解槽_ion_firecloud_[16, 18, 20, 22].xlsx  times=[16, 18, 20, 22]
      → B(idx=352) 20241107_0.1ppm钙离子污染及恢复测试_新版电解槽_ion_firecloud_[20, 22, 24, 26].xlsx  times=[20, 22, 24, 26]  dummy=False
  [10] A(idx=436) 20241107_0.1ppm钙离子污染及恢复测试_新版电解槽_ion_firecloud_[18, 20, 22, 24].xlsx  times=[18, 20, 22, 24]
      → B(idx=436) 20241107_0.1ppm钙离子污染及恢复测试_新版电解槽_ion_firecloud_[18, 20, 22, 24].xlsx  times=[18, 20, 22, 24]  dummy=True
  [11] A(idx=352) 20241107_0.1ppm钙离子污染及恢复测试_新版电解槽_ion_firecloud_[20, 22, 24, 26].xlsx  times=[20, 22, 24, 26]
      → B(idx=352) 20241107_0.1ppm钙离子污染及恢复测试_新版电解槽_ion_firecloud_[20, 22, 24, 26].xlsx  times=[20, 22, 24, 26]  dummy=True
  [12] A(idx=377) 20241107_0.1ppm钙离子污染及恢复测试_新版电解槽_ion_firecloud_[34, 36, 38, 40].xlsx  times=[34, 36, 38, 40]
      → B(idx=134) 20241107_0.1ppm钙离子污染及恢复测试_新版电解槽_ion_firecloud_[38, 40, 42, 44].xlsx  times=[38, 40, 42, 44]  dummy=False
  [13] A(idx=67) 20241107_0.1ppm钙离子污染及恢复测试_新版电解槽_ion_firecloud_[36, 38, 40, 42].xlsx  times=[36, 38, 40, 42]
      → B(idx=329) 20241107_0.1ppm钙离子污染及恢复测试_新版电解槽_ion_firecloud_[40, 42, 44, 46].xlsx  times=[40, 42, 44, 46]  dummy=False
  [14] A(idx=134) 20241107_0.1ppm钙离子污染及恢复测试_新版电解槽_ion_firecloud_[38, 40, 42, 44].xlsx  times=[38, 40, 42, 44]
      → B(idx=134) 20241107_0.1ppm钙离子污染及恢复测试_新版电解槽_ion_firecloud_[38, 40, 42, 44].xlsx  times=[38, 40, 42, 44]  dummy=True
  [15] A(idx=329) 20241107_0.1ppm钙离子污染及恢复测试_新版电解槽_ion_firecloud_[40, 42, 44, 46].xlsx  times=[40, 42, 44, 46]
      → B(idx=329) 20241107_0.1ppm钙离子污染及恢复测试_新版电解槽_ion_firecloud_[40, 42, 44, 46].xlsx  times=[40, 42, 44, 46]  dummy=True
  [16] A(idx=478) 20240910_10ppm钙离子污染测试_新版电解槽_ion_column_gamry_[0, 2, 4, 6].xlsx  times=[0, 2, 4, 6]
      → B(idx=540) 20240910_10ppm钙离子污染测试_新版电解槽_ion_column_gamry_[4, 6, 8, 10].xlsx  times=[4, 6, 8, 10]  dummy=False
  [17] A(idx=1) 20240910_10ppm钙离子污染测试_新版电解槽_ion_column_gamry_[2, 4, 6, 8].xlsx  times=[2, 4, 6, 8]
      → B(idx=516) 20240910_10ppm钙离子污染测试_新版电解槽_ion_column_gamry_[6, 8, 10, 12].xlsx  times=[6, 8, 10, 12]  dummy=False
  [18] A(idx=540) 20240910_10ppm钙离子污染测试_新版电解槽_ion_column_gamry_[4, 6, 8, 10].xlsx  times=[4, 6, 8, 10]
      → B(idx=413) 20240910_10ppm钙离子污染测试_新版电解槽_ion_column_gamry_[8, 10, 12, 14].xlsx  times=[8, 10, 12, 14]  dummy=False
  [19] A(idx=516) 20240910_10ppm钙离子污染测试_新版电解槽_ion_column_gamry_[6, 8, 10, 12].xlsx  times=[6, 8, 10, 12]
      → B(idx=410) 20240910_10ppm钙离子污染测试_新版电解槽_ion_column_gamry_[10, 12, 14, 16].xlsx  times=[10, 12, 14, 16]  dummy=False
  [20] A(idx=413) 20240910_10ppm钙离子污染测试_新版电解槽_ion_column_gamry_[8, 10, 12, 14].xlsx  times=[8, 10, 12, 14]
      → B(idx=156) 20240910_10ppm钙离子污染测试_新版电解槽_ion_column_gamry_[12, 14, 16, 18].xlsx  times=[12, 14, 16, 18]  dummy=False
  [21] A(idx=410) 20240910_10ppm钙离子污染测试_新版电解槽_ion_column_gamry_[10, 12, 14, 16].xlsx  times=[10, 12, 14, 16]
      → B(idx=366) 20240910_10ppm钙离子污染测试_新版电解槽_ion_column_gamry_[14, 16, 18, 20].xlsx  times=[14, 16, 18, 20]  dummy=False
  [22] A(idx=156) 20240910_10ppm钙离子污染测试_新版电解槽_ion_column_gamry_[12, 14, 16, 18].xlsx  times=[12, 14, 16, 18]
      → B(idx=156) 20240910_10ppm钙离子污染测试_新版电解槽_ion_column_gamry_[12, 14, 16, 18].xlsx  times=[12, 14, 16, 18]  dummy=True
  [23] A(idx=366) 20240910_10ppm钙离子污染测试_新版电解槽_ion_column_gamry_[14, 16, 18, 20].xlsx  times=[14, 16, 18, 20]
      → B(idx=366) 20240910_10ppm钙离子污染测试_新版电解槽_ion_column_gamry_[14, 16, 18, 20].xlsx  times=[14, 16, 18, 20]  dummy=True
  [24] A(idx=94) 20241006_2ppm铬离子污染测试_旧版电解槽_ion_firecloud_[0, 2, 4, 6].xlsx  times=[0, 2, 4, 6]
      → B(idx=94) 20241006_2ppm铬离子污染测试_旧版电解槽_ion_firecloud_[0, 2, 4, 6].xlsx  times=[0, 2, 4, 6]  dummy=True
  [25] A(idx=550) 20241006_2ppm铬离子污染测试_旧版电解槽_ion_firecloud_[2, 4, 6, 8].xlsx  times=[2, 4, 6, 8]
      → B(idx=550) 20241006_2ppm铬离子污染测试_旧版电解槽_ion_firecloud_[2, 4, 6, 8].xlsx  times=[2, 4, 6, 8]  dummy=True
  [26] A(idx=538) 20241006_2ppm铬离子污染测试_旧版电解槽_ion_firecloud_[16, 18, 20, 22].xlsx  times=[16, 18, 20, 22]
      → B(idx=430) 20241006_2ppm铬离子污染测试_旧版电解槽_ion_firecloud_[20, 22, 24, 26].xlsx  times=[20, 22, 24, 26]  dummy=False
  [27] A(idx=32) 20241006_2ppm铬离子污染测试_旧版电解槽_ion_firecloud_[18, 20, 22, 24].xlsx  times=[18, 20, 22, 24]
      → B(idx=2) 20241006_2ppm铬离子污染测试_旧版电解槽_ion_firecloud_[22, 24, 26, 28].xlsx  times=[22, 24, 26, 28]  dummy=False
  [28] A(idx=430) 20241006_2ppm铬离子污染测试_旧版电解槽_ion_firecloud_[20, 22, 24, 26].xlsx  times=[20, 22, 24, 26]
      → B(idx=87) 20241006_2ppm铬离子污染测试_旧版电解槽_ion_firecloud_[24, 26, 28, 30].xlsx  times=[24, 26, 28, 30]  dummy=False
  [29] A(idx=2) 20241006_2ppm铬离子污染测试_旧版电解槽_ion_firecloud_[22, 24, 26, 28].xlsx  times=[22, 24, 26, 28]
      → B(idx=260) 20241006_2ppm铬离子污染测试_旧版电解槽_ion_firecloud_[26, 28, 30, 32].xlsx  times=[26, 28, 30, 32]  dummy=False
  [30] A(idx=87) 20241006_2ppm铬离子污染测试_旧版电解槽_ion_firecloud_[24, 26, 28, 30].xlsx  times=[24, 26, 28, 30]
      → B(idx=569) 20241006_2ppm铬离子污染测试_旧版电解槽_ion_firecloud_[28, 30, 32, 34].xlsx  times=[28, 30, 32, 34]  dummy=False
  [31] A(idx=260) 20241006_2ppm铬离子污染测试_旧版电解槽_ion_firecloud_[26, 28, 30, 32].xlsx  times=[26, 28, 30, 32]
      → B(idx=255) 20241006_2ppm铬离子污染测试_旧版电解槽_ion_firecloud_[30, 32, 34, 36].xlsx  times=[30, 32, 34, 36]  dummy=False
  [32] A(idx=569) 20241006_2ppm铬离子污染测试_旧版电解槽_ion_firecloud_[28, 30, 32, 34].xlsx  times=[28, 30, 32, 34]
      → B(idx=576) 20241006_2ppm铬离子污染测试_旧版电解槽_ion_firecloud_[32, 34, 36, 38].xlsx  times=[32, 34, 36, 38]  dummy=False
  [33] A(idx=255) 20241006_2ppm铬离子污染测试_旧版电解槽_ion_firecloud_[30, 32, 34, 36].xlsx  times=[30, 32, 34, 36]
      → B(idx=269) 20241006_2ppm铬离子污染测试_旧版电解槽_ion_firecloud_[34, 36, 38, 40].xlsx  times=[34, 36, 38, 40]  dummy=False
  [34] A(idx=576) 20241006_2ppm铬离子污染测试_旧版电解槽_ion_firecloud_[32, 34, 36, 38].xlsx  times=[32, 34, 36, 38]
      → B(idx=96) 20241006_2ppm铬离子污染测试_旧版电解槽_ion_firecloud_[36, 38, 40, 42].xlsx  times=[36, 38, 40, 42]  dummy=False
  [35] A(idx=269) 20241006_2ppm铬离子污染测试_旧版电解槽_ion_firecloud_[34, 36, 38, 40].xlsx  times=[34, 36, 38, 40]
      → B(idx=683) 20241006_2ppm铬离子污染测试_旧版电解槽_ion_firecloud_[38, 40, 42, 44].xlsx  times=[38, 40, 42, 44]  dummy=False
  [36] A(idx=96) 20241006_2ppm铬离子污染测试_旧版电解槽_ion_firecloud_[36, 38, 40, 42].xlsx  times=[36, 38, 40, 42]
      → B(idx=114) 20241006_2ppm铬离子污染测试_旧版电解槽_ion_firecloud_[40, 42, 44, 46].xlsx  times=[40, 42, 44, 46]  dummy=False
  [37] A(idx=683) 20241006_2ppm铬离子污染测试_旧版电解槽_ion_firecloud_[38, 40, 42, 44].xlsx  times=[38, 40, 42, 44]
      → B(idx=434) 20241006_2ppm铬离子污染测试_旧版电解槽_ion_firecloud_[42, 44, 46, 48].xlsx  times=[42, 44, 46, 48]  dummy=False
  [38] A(idx=114) 20241006_2ppm铬离子污染测试_旧版电解槽_ion_firecloud_[40, 42, 44, 46].xlsx  times=[40, 42, 44, 46]
      → B(idx=84) 20241006_2ppm铬离子污染测试_旧版电解槽_ion_firecloud_[44, 46, 48, 50].xlsx  times=[44, 46, 48, 50]  dummy=False
  [39] A(idx=434) 20241006_2ppm铬离子污染测试_旧版电解槽_ion_firecloud_[42, 44, 46, 48].xlsx  times=[42, 44, 46, 48]
      → B(idx=565) 20241006_2ppm铬离子污染测试_旧版电解槽_ion_firecloud_[46, 48, 50, 52].xlsx  times=[46, 48, 50, 52]  dummy=False
  [40] A(idx=84) 20241006_2ppm铬离子污染测试_旧版电解槽_ion_firecloud_[44, 46, 48, 50].xlsx  times=[44, 46, 48, 50]
      → B(idx=84) 20241006_2ppm铬离子污染测试_旧版电解槽_ion_firecloud_[44, 46, 48, 50].xlsx  times=[44, 46, 48, 50]  dummy=True
  [41] A(idx=565) 20241006_2ppm铬离子污染测试_旧版电解槽_ion_firecloud_[46, 48, 50, 52].xlsx  times=[46, 48, 50, 52]
      → B(idx=565) 20241006_2ppm铬离子污染测试_旧版电解槽_ion_firecloud_[46, 48, 50, 52].xlsx  times=[46, 48, 50, 52]  dummy=True
  [42] A(idx=45) 20241117_2ppm钠离子污染及恢复测试40摄氏度_新版电解槽_ion_gamry_[14, 16, 18, 20].xlsx  times=[14, 16, 18, 20]
      → B(idx=523) 20241117_2ppm钠离子污染及恢复测试40摄氏度_新版电解槽_ion_gamry_[18, 20, 22, 24].xlsx  times=[18, 20, 22, 24]  dummy=False
  [43] A(idx=564) 20241117_2ppm钠离子污染及恢复测试40摄氏度_新版电解槽_ion_gamry_[16, 18, 20, 22].xlsx  times=[16, 18, 20, 22]
      → B(idx=154) 20241117_2ppm钠离子污染及恢复测试40摄氏度_新版电解槽_ion_gamry_[20, 22, 24, 26].xlsx  times=[20, 22, 24, 26]  dummy=False
  [44] A(idx=523) 20241117_2ppm钠离子污染及恢复测试40摄氏度_新版电解槽_ion_gamry_[18, 20, 22, 24].xlsx  times=[18, 20, 22, 24]
      → B(idx=3) 20241117_2ppm钠离子污染及恢复测试40摄氏度_新版电解槽_ion_gamry_[22, 24, 26, 28].xlsx  times=[22, 24, 26, 28]  dummy=False
  [45] A(idx=154) 20241117_2ppm钠离子污染及恢复测试40摄氏度_新版电解槽_ion_gamry_[20, 22, 24, 26].xlsx  times=[20, 22, 24, 26]
      → B(idx=449) 20241117_2ppm钠离子污染及恢复测试40摄氏度_新版电解槽_ion_gamry_[24, 26, 28, 30].xlsx  times=[24, 26, 28, 30]  dummy=False
  [46] A(idx=3) 20241117_2ppm钠离子污染及恢复测试40摄氏度_新版电解槽_ion_gamry_[22, 24, 26, 28].xlsx  times=[22, 24, 26, 28]
      → B(idx=34) 20241117_2ppm钠离子污染及恢复测试40摄氏度_新版电解槽_ion_gamry_[26, 28, 30, 32].xlsx  times=[26, 28, 30, 32]  dummy=False
  [47] A(idx=449) 20241117_2ppm钠离子污染及恢复测试40摄氏度_新版电解槽_ion_gamry_[24, 26, 28, 30].xlsx  times=[24, 26, 28, 30]
      → B(idx=323) 20241117_2ppm钠离子污染及恢复测试40摄氏度_新版电解槽_ion_gamry_[28, 30, 32, 34].xlsx  times=[28, 30, 32, 34]  dummy=False
  [48] A(idx=34) 20241117_2ppm钠离子污染及恢复测试40摄氏度_新版电解槽_ion_gamry_[26, 28, 30, 32].xlsx  times=[26, 28, 30, 32]
      → B(idx=659) 20241117_2ppm钠离子污染及恢复测试40摄氏度_新版电解槽_ion_gamry_[30, 32, 34, 36].xlsx  times=[30, 32, 34, 36]  dummy=False
  [49] A(idx=323) 20241117_2ppm钠离子污染及恢复测试40摄氏度_新版电解槽_ion_gamry_[28, 30, 32, 34].xlsx  times=[28, 30, 32, 34]
      → B(idx=579) 20241117_2ppm钠离子污染及恢复测试40摄氏度_新版电解槽_ion_gamry_[32, 34, 36, 38].xlsx  times=[32, 34, 36, 38]  dummy=False
  [50] A(idx=659) 20241117_2ppm钠离子污染及恢复测试40摄氏度_新版电解槽_ion_gamry_[30, 32, 34, 36].xlsx  times=[30, 32, 34, 36]
      → B(idx=350) 20241117_2ppm钠离子污染及恢复测试40摄氏度_新版电解槽_ion_gamry_[34, 36, 38, 40].xlsx  times=[34, 36, 38, 40]  dummy=False

[PairDataset][Summary]
- total files:        706
- parsed OK:          706
- regex fail:         0
- parse times fail:   0
- empty times:        0
- total pairs:        706  (keep_unpaired=self)
- distinct prefixes:  96
- prefixes coverage (first few):
  [1] 20241107_0.1ppm钙离子污染及恢复测试_新版电解槽_ion_firecloud_[* -> windows=15, adj_pairs=9/14
  [2] 20240910_10ppm钙离子污染测试_新版电解槽_ion_column_gamry_[* -> windows=8, adj_pairs=5/7
  [3] 20241006_2ppm铬离子污染测试_旧版电解槽_ion_firecloud_[* -> windows=18, adj_pairs=13/17
  [4] 20241117_2ppm钠离子污染及恢复测试40摄氏度_新版电解槽_ion_gamry_[* -> windows=13, adj_pairs=10/12
  [5] 20241227_10ppm铜离子污染及恢复测试_旧版电解槽_ion_gamry_[* -> windows=15, adj_pairs=10/14
  [6] 20241003_2ppm镍离子污染测试_新版电解槽_ion_gamry_[* -> windows=7, adj_pairs=1/6
  [7] 20241112_2ppm钠离子污染和恢复测试80摄氏度_新版电解槽_ion_column_renew_H2SO4_gamry_[* -> windows=13, adj_pairs=10/12
  [8] 20240910_10ppm钙离子污染测试_新版电解槽_ion_gamry_[* -> windows=10, adj_pairs=2/9
  [9] 20241213_2ppm钠离子污染及恢复测试_新版电解槽_ion_column_renew_H2SO4_gamry_[* -> windows=7, adj_pairs=4/6
  [10] 20241010_2ppm钠离子污染测试_新版电解槽_ion_firecloud_[* -> windows=8, adj_pairs=2/7
- unadjacent gaps samples: 253 (showing first 0)

[PairDataset][Explain] focus_prefix_contains='20240915_2ppm铜离子污染测试_旧版电解槽_ion_firecloud_'
  - PREFIX: 20240915_2ppm铜离子污染测试_旧版电解槽_ion_firecloud_[* windows=11
    windows (sorted by first,last):
      · 20240915_2ppm铜离子污染测试_旧版电解槽_ion_firecloud_[0, 2, 4, 6].xlsx  -> times=[0, 2, 4, 6]  first=0 last=6
      · 20240915_2ppm铜离子污染测试_旧版电解槽_ion_firecloud_[2, 4, 6, 8].xlsx  -> times=[2, 4, 6, 8]  first=2 last=8
      · 20240915_2ppm铜离子污染测试_旧版电解槽_ion_firecloud_[4, 6, 8, 10].xlsx  -> times=[4, 6, 8, 10]  first=4 last=10
      · 20240915_2ppm铜离子污染测试_旧版电解槽_ion_firecloud_[6, 8, 10, 12].xlsx  -> times=[6, 8, 10, 12]  first=6 last=12
      · 20240915_2ppm铜离子污染测试_旧版电解槽_ion_firecloud_[8, 10, 12, 14].xlsx  -> times=[8, 10, 12, 14]  first=8 last=14
      · 20240915_2ppm铜离子污染测试_旧版电解槽_ion_firecloud_[10, 12, 14, 16].xlsx  -> times=[10, 12, 14, 16]  first=10 last=16
      · 20240915_2ppm铜离子污染测试_旧版电解槽_ion_firecloud_[12, 14, 16, 18].xlsx  -> times=[12, 14, 16, 18]  first=12 last=18
      · 20240915_2ppm铜离子污染测试_旧版电解槽_ion_firecloud_[14, 16, 18, 20].xlsx  -> times=[14, 16, 18, 20]  first=14 last=20
      · 20240915_2ppm铜离子污染测试_旧版电解槽_ion_firecloud_[16, 18, 20, 22].xlsx  -> times=[16, 18, 20, 22]  first=16 last=22
      · 20240915_2ppm铜离子污染测试_旧版电解槽_ion_firecloud_[18, 20, 22, 24].xlsx  -> times=[18, 20, 22, 24]  first=18 last=24
      · 20240915_2ppm铜离子污染测试_旧版电解槽_ion_firecloud_[20, 22, 24, 26].xlsx  -> times=[20, 22, 24, 26]  first=20 last=26
      MISS: 6 -> 2   (20240915_2ppm铜离子污染测试_旧版电解槽_ion_firecloud_[0, 2, 4, 6].xlsx  →  20240915_2ppm铜离子污染测试_旧版电解槽_ion_firecloud_[2, 4, 6, 8].xlsx)
      MISS: 8 -> 4   (20240915_2ppm铜离子污染测试_旧版电解槽_ion_firecloud_[2, 4, 6, 8].xlsx  →  20240915_2ppm铜离子污染测试_旧版电解槽_ion_firecloud_[4, 6, 8, 10].xlsx)
      MISS: 10 -> 6   (20240915_2ppm铜离子污染测试_旧版电解槽_ion_firecloud_[4, 6, 8, 10].xlsx  →  20240915_2ppm铜离子污染测试_旧版电解槽_ion_firecloud_[6, 8, 10, 12].xlsx)
      MISS: 12 -> 8   (20240915_2ppm铜离子污染测试_旧版电解槽_ion_firecloud_[6, 8, 10, 12].xlsx  →  20240915_2ppm铜离子污染测试_旧版电解槽_ion_firecloud_[8, 10, 12, 14].xlsx)
      MISS: 14 -> 10   (20240915_2ppm铜离子污染测试_旧版电解槽_ion_firecloud_[8, 10, 12, 14].xlsx  →  20240915_2ppm铜离子污染测试_旧版电解槽_ion_firecloud_[10, 12, 14, 16].xlsx)
      MISS: 16 -> 12   (20240915_2ppm铜离子污染测试_旧版电解槽_ion_firecloud_[10, 12, 14, 16].xlsx  →  20240915_2ppm铜离子污染测试_旧版电解槽_ion_firecloud_[12, 14, 16, 18].xlsx)
      MISS: 18 -> 14   (20240915_2ppm铜离子污染测试_旧版电解槽_ion_firecloud_[12, 14, 16, 18].xlsx  →  20240915_2ppm铜离子污染测试_旧版电解槽_ion_firecloud_[14, 16, 18, 20].xlsx)
      MISS: 20 -> 16   (20240915_2ppm铜离子污染测试_旧版电解槽_ion_firecloud_[14, 16, 18, 20].xlsx  →  20240915_2ppm铜离子污染测试_旧版电解槽_ion_firecloud_[16, 18, 20, 22].xlsx)
      MISS: 22 -> 18   (20240915_2ppm铜离子污染测试_旧版电解槽_ion_firecloud_[16, 18, 20, 22].xlsx  →  20240915_2ppm铜离子污染测试_旧版电解槽_ion_firecloud_[18, 20, 22, 24].xlsx)
      MISS: 24 -> 20   (20240915_2ppm铜离子污染测试_旧版电解槽_ion_firecloud_[18, 20, 22, 24].xlsx  →  20240915_2ppm铜离子污染测试_旧版电解槽_ion_firecloud_[20, 22, 24, 26].xlsx)

[PairDataset][Example pairs] (show up to 50)
  [1] A(idx=0) 20240918_2ppm钙离子污染测试_新版电解槽_ion_gamry_[10, 12, 14, 16].xlsx  times=[10, 12, 14, 16]
      → B(idx=92) 20240918_2ppm钙离子污染测试_新版电解槽_ion_gamry_[14, 16, 18, 20].xlsx  times=[14, 16, 18, 20]  dummy=False
  [2] A(idx=92) 20240918_2ppm钙离子污染测试_新版电解槽_ion_gamry_[14, 16, 18, 20].xlsx  times=[14, 16, 18, 20]
      → B(idx=92) 20240918_2ppm钙离子污染测试_新版电解槽_ion_gamry_[14, 16, 18, 20].xlsx  times=[14, 16, 18, 20]  dummy=True
  [3] A(idx=1) 20241028_2ppm钠离子污染和恢复测试_旧版电解槽_ion_column_renew_H2SO4_gamry_[2, 4, 6, 8].xlsx  times=[2, 4, 6, 8]
      → B(idx=1) 20241028_2ppm钠离子污染和恢复测试_旧版电解槽_ion_column_renew_H2SO4_gamry_[2, 4, 6, 8].xlsx  times=[2, 4, 6, 8]  dummy=True
  [4] A(idx=94) 20241028_2ppm钠离子污染和恢复测试_旧版电解槽_ion_column_renew_H2SO4_gamry_[4, 6, 8, 10].xlsx  times=[4, 6, 8, 10]
      → B(idx=94) 20241028_2ppm钠离子污染和恢复测试_旧版电解槽_ion_column_renew_H2SO4_gamry_[4, 6, 8, 10].xlsx  times=[4, 6, 8, 10]  dummy=True
  [5] A(idx=125) 20241010_2ppm钠离子污染测试_新版电解槽_ion_column_firecloud_[6, 8, 10, 12].xlsx  times=[6, 8, 10, 12]
      → B(idx=125) 20241010_2ppm钠离子污染测试_新版电解槽_ion_column_firecloud_[6, 8, 10, 12].xlsx  times=[6, 8, 10, 12]  dummy=True
  [6] A(idx=2) 20241010_2ppm钠离子污染测试_新版电解槽_ion_column_firecloud_[8, 10, 12, 14].xlsx  times=[8, 10, 12, 14]
      → B(idx=2) 20241010_2ppm钠离子污染测试_新版电解槽_ion_column_firecloud_[8, 10, 12, 14].xlsx  times=[8, 10, 12, 14]  dummy=True
  [7] A(idx=20) 20241101_2ppm铜离子污染和恢复测试_旧版电解槽_ion_firecloud_[0, 2, 4, 6].xlsx  times=[0, 2, 4, 6]
      → B(idx=20) 20241101_2ppm铜离子污染和恢复测试_旧版电解槽_ion_firecloud_[0, 2, 4, 6].xlsx  times=[0, 2, 4, 6]  dummy=True
  [8] A(idx=3) 20241101_2ppm铜离子污染和恢复测试_旧版电解槽_ion_firecloud_[10, 12, 14, 16].xlsx  times=[10, 12, 14, 16]
      → B(idx=3) 20241101_2ppm铜离子污染和恢复测试_旧版电解槽_ion_firecloud_[10, 12, 14, 16].xlsx  times=[10, 12, 14, 16]  dummy=True
  [9] A(idx=31) 20241101_2ppm铜离子污染和恢复测试_旧版电解槽_ion_firecloud_[20, 22, 24, 26].xlsx  times=[20, 22, 24, 26]
      → B(idx=31) 20241101_2ppm铜离子污染和恢复测试_旧版电解槽_ion_firecloud_[20, 22, 24, 26].xlsx  times=[20, 22, 24, 26]  dummy=True
  [10] A(idx=48) 20240831_10ppm镍离子污染测试_新版电解槽_ion_gamry_[0, 2, 4, 6].xlsx  times=[0, 2, 4, 6]
      → B(idx=41) 20240831_10ppm镍离子污染测试_新版电解槽_ion_gamry_[4, 6, 8, 10].xlsx  times=[4, 6, 8, 10]  dummy=False
  [11] A(idx=41) 20240831_10ppm镍离子污染测试_新版电解槽_ion_gamry_[4, 6, 8, 10].xlsx  times=[4, 6, 8, 10]
      → B(idx=41) 20240831_10ppm镍离子污染测试_新版电解槽_ion_gamry_[4, 6, 8, 10].xlsx  times=[4, 6, 8, 10]  dummy=True
  [12] A(idx=139) 20240831_10ppm镍离子污染测试_新版电解槽_ion_gamry_[16, 18, 20, 22].xlsx  times=[16, 18, 20, 22]
      → B(idx=139) 20240831_10ppm镍离子污染测试_新版电解槽_ion_gamry_[16, 18, 20, 22].xlsx  times=[16, 18, 20, 22]  dummy=True
  [13] A(idx=4) 20240831_10ppm镍离子污染测试_新版电解槽_ion_gamry_[18, 20, 22, 24].xlsx  times=[18, 20, 22, 24]
      → B(idx=4) 20240831_10ppm镍离子污染测试_新版电解槽_ion_gamry_[18, 20, 22, 24].xlsx  times=[18, 20, 22, 24]  dummy=True
  [14] A(idx=5) 20241122_2ppm铜离子污染及恢复测试40摄氏度_新版电解槽_ion_column_renew_H2SO4_gamry_[14, 16, 18, 20].xlsx  times=[14, 16, 18, 20]
      → B(idx=5) 20241122_2ppm铜离子污染及恢复测试40摄氏度_新版电解槽_ion_column_renew_H2SO4_gamry_[14, 16, 18, 20].xlsx  times=[14, 16, 18, 20]  dummy=True
  [15] A(idx=93) 20241010_2ppm钠离子污染测试_新版电解槽_ion_firecloud_[4, 6, 8, 10].xlsx  times=[4, 6, 8, 10]
      → B(idx=93) 20241010_2ppm钠离子污染测试_新版电解槽_ion_firecloud_[4, 6, 8, 10].xlsx  times=[4, 6, 8, 10]  dummy=True
  [16] A(idx=104) 20241010_2ppm钠离子污染测试_新版电解槽_ion_firecloud_[12, 14, 16, 18].xlsx  times=[12, 14, 16, 18]
      → B(idx=135) 20241010_2ppm钠离子污染测试_新版电解槽_ion_firecloud_[16, 18, 20, 22].xlsx  times=[16, 18, 20, 22]  dummy=False
  [17] A(idx=135) 20241010_2ppm钠离子污染测试_新版电解槽_ion_firecloud_[16, 18, 20, 22].xlsx  times=[16, 18, 20, 22]
      → B(idx=135) 20241010_2ppm钠离子污染测试_新版电解槽_ion_firecloud_[16, 18, 20, 22].xlsx  times=[16, 18, 20, 22]  dummy=True
  [18] A(idx=6) 20241010_2ppm钠离子污染测试_新版电解槽_ion_firecloud_[36, 38, 40, 42].xlsx  times=[36, 38, 40, 42]
      → B(idx=6) 20241010_2ppm钠离子污染测试_新版电解槽_ion_firecloud_[36, 38, 40, 42].xlsx  times=[36, 38, 40, 42]  dummy=True
  [19] A(idx=55) 20241029_2ppm铁离子污染和恢复测试_新版电解槽_ion_firecloud_[26, 28, 30, 32].xlsx  times=[26, 28, 30, 32]
      → B(idx=7) 20241029_2ppm铁离子污染和恢复测试_新版电解槽_ion_firecloud_[30, 32, 34, 36].xlsx  times=[30, 32, 34, 36]  dummy=False
  [20] A(idx=7) 20241029_2ppm铁离子污染和恢复测试_新版电解槽_ion_firecloud_[30, 32, 34, 36].xlsx  times=[30, 32, 34, 36]
      → B(idx=141) 20241029_2ppm铁离子污染和恢复测试_新版电解槽_ion_firecloud_[34, 36, 38, 40].xlsx  times=[34, 36, 38, 40]  dummy=False
  [21] A(idx=141) 20241029_2ppm铁离子污染和恢复测试_新版电解槽_ion_firecloud_[34, 36, 38, 40].xlsx  times=[34, 36, 38, 40]
      → B(idx=141) 20241029_2ppm铁离子污染和恢复测试_新版电解槽_ion_firecloud_[34, 36, 38, 40].xlsx  times=[34, 36, 38, 40]  dummy=True
  [22] A(idx=47) 20241029_2ppm铁离子污染和恢复测试_新版电解槽_ion_firecloud_[46, 48, 50, 52].xlsx  times=[46, 48, 50, 52]
      → B(idx=47) 20241029_2ppm铁离子污染和恢复测试_新版电解槽_ion_firecloud_[46, 48, 50, 52].xlsx  times=[46, 48, 50, 52]  dummy=True
  [23] A(idx=8) 20241227_10ppm铜离子污染及恢复测试_旧版电解槽_ion_column_renew_H2SO4_gamry_[8, 10, 12, 14].xlsx  times=[8, 10, 12, 14]
      → B(idx=8) 20241227_10ppm铜离子污染及恢复测试_旧版电解槽_ion_column_renew_H2SO4_gamry_[8, 10, 12, 14].xlsx  times=[8, 10, 12, 14]  dummy=True
  [24] A(idx=88) 20241227_10ppm铜离子污染及恢复测试_旧版电解槽_ion_column_renew_H2SO4_gamry_[24, 26, 28, 30].xlsx  times=[24, 26, 28, 30]
      → B(idx=88) 20241227_10ppm铜离子污染及恢复测试_旧版电解槽_ion_column_renew_H2SO4_gamry_[24, 26, 28, 30].xlsx  times=[24, 26, 28, 30]  dummy=True
  [25] A(idx=134) 20241227_10ppm铜离子污染及恢复测试_旧版电解槽_ion_column_renew_H2SO4_gamry_[26, 28, 30, 32].xlsx  times=[26, 28, 30, 32]
      → B(idx=134) 20241227_10ppm铜离子污染及恢复测试_旧版电解槽_ion_column_renew_H2SO4_gamry_[26, 28, 30, 32].xlsx  times=[26, 28, 30, 32]  dummy=True
  [26] A(idx=27) 20241017_2ppm铬离子污染和恢复测试_新版电解槽_ion_gamry_[0, 2, 4, 6].xlsx  times=[0, 2, 4, 6]
      → B(idx=27) 20241017_2ppm铬离子污染和恢复测试_新版电解槽_ion_gamry_[0, 2, 4, 6].xlsx  times=[0, 2, 4, 6]  dummy=True
  [27] A(idx=9) 20241017_2ppm铬离子污染和恢复测试_新版电解槽_ion_gamry_[20, 22, 24, 26].xlsx  times=[20, 22, 24, 26]
      → B(idx=9) 20241017_2ppm铬离子污染和恢复测试_新版电解槽_ion_gamry_[20, 22, 24, 26].xlsx  times=[20, 22, 24, 26]  dummy=True
  [28] A(idx=10) 20241024_2ppm铁离子污染和恢复测试_新版电解槽_ion_column_renew_H2SO4_firecloud_[12, 14, 16, 18].xlsx  times=[12, 14, 16, 18]
      → B(idx=10) 20241024_2ppm铁离子污染和恢复测试_新版电解槽_ion_column_renew_H2SO4_firecloud_[12, 14, 16, 18].xlsx  times=[12, 14, 16, 18]  dummy=True
  [29] A(idx=136) 20241024_2ppm铁离子污染和恢复测试_新版电解槽_ion_column_renew_H2SO4_firecloud_[18, 20, 22, 24].xlsx  times=[18, 20, 22, 24]
      → B(idx=136) 20241024_2ppm铁离子污染和恢复测试_新版电解槽_ion_column_renew_H2SO4_firecloud_[18, 20, 22, 24].xlsx  times=[18, 20, 22, 24]  dummy=True
  [30] A(idx=11) 20241117_2ppm钠离子污染及恢复测试10mlmin_旧版电解槽_ion_gamry_[2, 4, 6, 8].xlsx  times=[2, 4, 6, 8]
      → B(idx=11) 20241117_2ppm钠离子污染及恢复测试10mlmin_旧版电解槽_ion_gamry_[2, 4, 6, 8].xlsx  times=[2, 4, 6, 8]  dummy=True
  [31] A(idx=140) 20241117_2ppm钠离子污染及恢复测试10mlmin_旧版电解槽_ion_gamry_[10, 12, 14, 16].xlsx  times=[10, 12, 14, 16]
      → B(idx=140) 20241117_2ppm钠离子污染及恢复测试10mlmin_旧版电解槽_ion_gamry_[10, 12, 14, 16].xlsx  times=[10, 12, 14, 16]  dummy=True
  [32] A(idx=78) 20241117_2ppm钠离子污染及恢复测试10mlmin_旧版电解槽_ion_gamry_[30, 32, 34, 36].xlsx  times=[30, 32, 34, 36]
      → B(idx=78) 20241117_2ppm钠离子污染及恢复测试10mlmin_旧版电解槽_ion_gamry_[30, 32, 34, 36].xlsx  times=[30, 32, 34, 36]  dummy=True
  [33] A(idx=138) 20241211_2ppm铜离子污染及恢复测试80摄氏度_旧版电解槽_ion_gamry_[28, 30, 32, 34].xlsx  times=[28, 30, 32, 34]
      → B(idx=12) 20241211_2ppm铜离子污染及恢复测试80摄氏度_旧版电解槽_ion_gamry_[32, 34, 36, 38].xlsx  times=[32, 34, 36, 38]  dummy=False
  [34] A(idx=12) 20241211_2ppm铜离子污染及恢复测试80摄氏度_旧版电解槽_ion_gamry_[32, 34, 36, 38].xlsx  times=[32, 34, 36, 38]
      → B(idx=12) 20241211_2ppm铜离子污染及恢复测试80摄氏度_旧版电解槽_ion_gamry_[32, 34, 36, 38].xlsx  times=[32, 34, 36, 38]  dummy=True
  [35] A(idx=108) 20241211_2ppm铜离子污染及恢复测试80摄氏度_旧版电解槽_ion_gamry_[38, 40, 42, 44].xlsx  times=[38, 40, 42, 44]
      → B(idx=108) 20241211_2ppm铜离子污染及恢复测试80摄氏度_旧版电解槽_ion_gamry_[38, 40, 42, 44].xlsx  times=[38, 40, 42, 44]  dummy=True
  [36] A(idx=143) 20241213_2ppm钠离子污染及恢复测试_新版电解槽_ion_gamry_[0, 2, 4, 6].xlsx  times=[0, 2, 4, 6]
      → B(idx=143) 20241213_2ppm钠离子污染及恢复测试_新版电解槽_ion_gamry_[0, 2, 4, 6].xlsx  times=[0, 2, 4, 6]  dummy=True
  [37] A(idx=70) 20241213_2ppm钠离子污染及恢复测试_新版电解槽_ion_gamry_[2, 4, 6, 8].xlsx  times=[2, 4, 6, 8]
      → B(idx=70) 20241213_2ppm钠离子污染及恢复测试_新版电解槽_ion_gamry_[2, 4, 6, 8].xlsx  times=[2, 4, 6, 8]  dummy=True
  [38] A(idx=13) 20241213_2ppm钠离子污染及恢复测试_新版电解槽_ion_gamry_[22, 24, 26, 28].xlsx  times=[22, 24, 26, 28]
      → B(idx=13) 20241213_2ppm钠离子污染及恢复测试_新版电解槽_ion_gamry_[22, 24, 26, 28].xlsx  times=[22, 24, 26, 28]  dummy=True
  [39] A(idx=14) 20240822_10ppm铜离子污染测试_新版电解槽_ion_gamry_[10, 12, 14, 16].xlsx  times=[10, 12, 14, 16]
      → B(idx=14) 20240822_10ppm铜离子污染测试_新版电解槽_ion_gamry_[10, 12, 14, 16].xlsx  times=[10, 12, 14, 16]  dummy=True
  [40] A(idx=51) 20241112_2ppm钠离子污染和恢复测试80摄氏度_新版电解槽_ion_gamry_[28, 30, 32, 34].xlsx  times=[28, 30, 32, 34]
      → B(idx=51) 20241112_2ppm钠离子污染和恢复测试80摄氏度_新版电解槽_ion_gamry_[28, 30, 32, 34].xlsx  times=[28, 30, 32, 34]  dummy=True
  [41] A(idx=126) 20241112_2ppm钠离子污染和恢复测试80摄氏度_新版电解槽_ion_gamry_[34, 36, 38, 40].xlsx  times=[34, 36, 38, 40]
      → B(idx=126) 20241112_2ppm钠离子污染和恢复测试80摄氏度_新版电解槽_ion_gamry_[34, 36, 38, 40].xlsx  times=[34, 36, 38, 40]  dummy=True
  [42] A(idx=15) 20241112_2ppm钠离子污染和恢复测试80摄氏度_新版电解槽_ion_gamry_[36, 38, 40, 42].xlsx  times=[36, 38, 40, 42]
      → B(idx=15) 20241112_2ppm钠离子污染和恢复测试80摄氏度_新版电解槽_ion_gamry_[36, 38, 40, 42].xlsx  times=[36, 38, 40, 42]  dummy=True
  [43] A(idx=16) 20240831_10ppm镍离子污染测试_新版电解槽_ion_column_gamry_[0, 2, 4, 6].xlsx  times=[0, 2, 4, 6]
      → B(idx=16) 20240831_10ppm镍离子污染测试_新版电解槽_ion_column_gamry_[0, 2, 4, 6].xlsx  times=[0, 2, 4, 6]  dummy=True
  [44] A(idx=17) 20241112_2ppm镍离子污染及恢复测试_旧版电解槽_ion_column_gamry_[12, 14, 16, 18].xlsx  times=[12, 14, 16, 18]
      → B(idx=17) 20241112_2ppm镍离子污染及恢复测试_旧版电解槽_ion_column_gamry_[12, 14, 16, 18].xlsx  times=[12, 14, 16, 18]  dummy=True
  [45] A(idx=18) 20241013_2ppm铝离子污染测试_新版电解槽_ion_column_firecloud_[8, 10, 12, 14].xlsx  times=[8, 10, 12, 14]
      → B(idx=18) 20241013_2ppm铝离子污染测试_新版电解槽_ion_column_firecloud_[8, 10, 12, 14].xlsx  times=[8, 10, 12, 14]  dummy=True
  [46] A(idx=90) 20241013_2ppm铝离子污染测试_新版电解槽_ion_column_firecloud_[16, 18, 20, 22].xlsx  times=[16, 18, 20, 22]
      → B(idx=90) 20241013_2ppm铝离子污染测试_新版电解槽_ion_column_firecloud_[16, 18, 20, 22].xlsx  times=[16, 18, 20, 22]  dummy=True
  [47] A(idx=19) 20241024_2ppm铁离子污染和恢复测试_新版电解槽_ion_column_firecloud_[2, 4, 6, 8].xlsx  times=[2, 4, 6, 8]
      → B(idx=19) 20241024_2ppm铁离子污染和恢复测试_新版电解槽_ion_column_firecloud_[2, 4, 6, 8].xlsx  times=[2, 4, 6, 8]  dummy=True
  [48] A(idx=56) 20241024_2ppm铁离子污染和恢复测试_新版电解槽_ion_column_firecloud_[10, 12, 14, 16].xlsx  times=[10, 12, 14, 16]
      → B(idx=56) 20241024_2ppm铁离子污染和恢复测试_新版电解槽_ion_column_firecloud_[10, 12, 14, 16].xlsx  times=[10, 12, 14, 16]  dummy=True
  [49] A(idx=67) 20241024_2ppm铁离子污染和恢复测试_新版电解槽_ion_column_firecloud_[18, 20, 22, 24].xlsx  times=[18, 20, 22, 24]
      → B(idx=67) 20241024_2ppm铁离子污染和恢复测试_新版电解槽_ion_column_firecloud_[18, 20, 22, 24].xlsx  times=[18, 20, 22, 24]  dummy=True
  [50] A(idx=21) 20240918_2ppm钙离子污染测试_新版电解槽_ion_column_gamry_[2, 4, 6, 8].xlsx  times=[2, 4, 6, 8]
      → B(idx=21) 20240918_2ppm钙离子污染测试_新版电解槽_ion_column_gamry_[2, 4, 6, 8].xlsx  times=[2, 4, 6, 8]  dummy=True

[PairDataset][Summary]
- total files:        146
- parsed OK:          146
- regex fail:         0
- parse times fail:   0
- empty times:        0
- total pairs:        146  (keep_unpaired=self)
- distinct prefixes:  77
- prefixes coverage (first few):
  [1] 20240918_2ppm钙离子污染测试_新版电解槽_ion_gamry_[* -> windows=2, adj_pairs=0/1
  [2] 20241028_2ppm钠离子污染和恢复测试_旧版电解槽_ion_column_renew_H2SO4_gamry_[* -> windows=2, adj_pairs=0/1
  [3] 20241010_2ppm钠离子污染测试_新版电解槽_ion_column_firecloud_[* -> windows=2, adj_pairs=0/1
  [4] 20241101_2ppm铜离子污染和恢复测试_旧版电解槽_ion_firecloud_[* -> windows=3, adj_pairs=0/2
  [5] 20240831_10ppm镍离子污染测试_新版电解槽_ion_gamry_[* -> windows=4, adj_pairs=0/3
  [6] 20241122_2ppm铜离子污染及恢复测试40摄氏度_新版电解槽_ion_column_renew_H2SO4_gamry_[* -> windows=1, adj_pairs=0/0
  [7] 20241010_2ppm钠离子污染测试_新版电解槽_ion_firecloud_[* -> windows=4, adj_pairs=0/3
  [8] 20241029_2ppm铁离子污染和恢复测试_新版电解槽_ion_firecloud_[* -> windows=4, adj_pairs=0/3
  [9] 20241227_10ppm铜离子污染及恢复测试_旧版电解槽_ion_column_renew_H2SO4_gamry_[* -> windows=3, adj_pairs=0/2
  [10] 20241017_2ppm铬离子污染和恢复测试_新版电解槽_ion_gamry_[* -> windows=2, adj_pairs=0/1
- unadjacent gaps samples: 131 (showing first 0)
num base train samples: 706
num base val   samples: 146
num pair train samples: 706
num pair val   samples: 146
dummy_mask[0] = False
🧩 新模型: 177,095 参数 (177,095 可训练)
📝 TensorBoard 日志目录: /home/kudouzala/Application/ion_detect/output/tensorboard/exp_new_a
🔥 Warmup: 100 epochs (LR × 0.01 → 1.0)
📈 Cosine Annealing LR 调度 (T_max=900)
[New] Epoch 1/1000 | classify: 4.2688 | total: 4.2688
[New] Epoch 2/1000 | classify: 4.3838 | total: 4.3838
[New] Epoch 3/1000 | classify: 4.3074 | total: 4.3074
[New] Epoch 4/1000 | classify: 4.2904 | total: 4.2904
[New] Epoch 5/1000 | classify: 3.8652 | total: 3.8652
[New] Epoch 6/1000 | classify: 3.9372 | total: 3.9372
[New] Epoch 7/1000 | classify: 3.9907 | total: 3.9907
[New] Epoch 8/1000 | classify: 3.8140 | total: 3.8140
[New] Epoch 9/1000 | classify: 3.9026 | total: 3.9026
[New] Epoch 10/1000 | classify: 3.9236 | total: 3.9236
--- 验证集 [epoch 10] ---
  准确率 (Accuracy):  0.4795
  精确率 (Precision): 0.0685
  召回率 (Recall):    0.1429
  F1 分数 (F1):       0.0926
✅ 模型已保存到 /home/kudouzala/Application/ion_detect/output/trained_model_save/exp_new_a/trained_model_epoch_best.pth
  🏆 新最佳 F1=0.0926，已保存 best 模型
[New] Epoch 11/1000 | classify: 3.6568 | total: 3.6568
[New] Epoch 12/1000 | classify: 3.6955 | total: 3.6955
[New] Epoch 13/1000 | classify: 3.3292 | total: 3.3292
[New] Epoch 14/1000 | classify: 3.5271 | total: 3.5271
[New] Epoch 15/1000 | classify: 3.4179 | total: 3.4179
[New] Epoch 16/1000 | classify: 3.6387 | total: 3.6387
[New] Epoch 17/1000 | classify: 3.0989 | total: 3.0989
[New] Epoch 18/1000 | classify: 3.0532 | total: 3.0532
[New] Epoch 19/1000 | classify: 3.3044 | total: 3.3044
[New] Epoch 20/1000 | classify: 3.3385 | total: 3.3385
--- 验证集 [epoch 20] ---
  准确率 (Accuracy):  0.6096
  精确率 (Precision): 0.2141
  召回率 (Recall):    0.3116
  F1 分数 (F1):       0.2465
✅ 模型已保存到 /home/kudouzala/Application/ion_detect/output/trained_model_save/exp_new_a/trained_model_epoch_best.pth
  🏆 新最佳 F1=0.2465，已保存 best 模型
[New] Epoch 21/1000 | classify: 3.1421 | total: 3.1421
[New] Epoch 22/1000 | classify: 3.0230 | total: 3.0230
[New] Epoch 23/1000 | classify: 3.0122 | total: 3.0122
[New] Epoch 24/1000 | classify: 3.1048 | total: 3.1048
[New] Epoch 25/1000 | classify: 3.0709 | total: 3.0709
[New] Epoch 26/1000 | classify: 3.0433 | total: 3.0433
[New] Epoch 27/1000 | classify: 3.1114 | total: 3.1114
[New] Epoch 28/1000 | classify: 3.0764 | total: 3.0764
[New] Epoch 29/1000 | classify: 2.9145 | total: 2.9145
[New] Epoch 30/1000 | classify: 2.8991 | total: 2.8991
--- 验证集 [epoch 30] ---
  准确率 (Accuracy):  0.6507
  精确率 (Precision): 0.3898
  召回率 (Recall):    0.3878
  F1 分数 (F1):       0.3126
✅ 模型已保存到 /home/kudouzala/Application/ion_detect/output/trained_model_save/exp_new_a/trained_model_epoch_best.pth
  🏆 新最佳 F1=0.3126，已保存 best 模型
[New] Epoch 31/1000 | classify: 2.9629 | total: 2.9629
[New] Epoch 32/1000 | classify: 2.7679 | total: 2.7679
[New] Epoch 33/1000 | classify: 2.9024 | total: 2.9024
[New] Epoch 34/1000 | classify: 2.7077 | total: 2.7077
[New] Epoch 35/1000 | classify: 2.9568 | total: 2.9568
[New] Epoch 36/1000 | classify: 2.7305 | total: 2.7305
[New] Epoch 37/1000 | classify: 2.7301 | total: 2.7301
[New] Epoch 38/1000 | classify: 2.7176 | total: 2.7176
[New] Epoch 39/1000 | classify: 2.5882 | total: 2.5882
[New] Epoch 40/1000 | classify: 2.5384 | total: 2.5384
--- 验证集 [epoch 40] ---
  准确率 (Accuracy):  0.6986
  精确率 (Precision): 0.5247
  召回率 (Recall):    0.5192
  F1 分数 (F1):       0.4980
✅ 模型已保存到 /home/kudouzala/Application/ion_detect/output/trained_model_save/exp_new_a/trained_model_epoch_best.pth
  🏆 新最佳 F1=0.4980，已保存 best 模型
[New] Epoch 41/1000 | classify: 2.7725 | total: 2.7725
[New] Epoch 42/1000 | classify: 2.7239 | total: 2.7239
[New] Epoch 43/1000 | classify: 2.4607 | total: 2.4607
[New] Epoch 44/1000 | classify: 2.3021 | total: 2.3021
[New] Epoch 45/1000 | classify: 2.5271 | total: 2.5271
[New] Epoch 46/1000 | classify: 2.4441 | total: 2.4441
[New] Epoch 47/1000 | classify: 2.4292 | total: 2.4292
[New] Epoch 48/1000 | classify: 2.3719 | total: 2.3719
[New] Epoch 49/1000 | classify: 2.5055 | total: 2.5055
[New] Epoch 50/1000 | classify: 2.3330 | total: 2.3330
--- 验证集 [epoch 50] ---
  准确率 (Accuracy):  0.7123
  精确率 (Precision): 0.5431
  召回率 (Recall):    0.5422
  F1 分数 (F1):       0.5194
✅ 模型已保存到 /home/kudouzala/Application/ion_detect/output/trained_model_save/exp_new_a/trained_model_epoch_best.pth
  🏆 新最佳 F1=0.5194，已保存 best 模型
✅ 模型已保存到 /home/kudouzala/Application/ion_detect/output/trained_model_save/exp_new_a/trained_model_epoch_50.pth
📁 损失值已保存到 /home/kudouzala/Application/ion_detect/output/trained_model_save/exp_new_a/training_loss_epoch_50.csv
[New] Epoch 51/1000 | classify: 2.3226 | total: 2.3226
[New] Epoch 52/1000 | classify: 2.4141 | total: 2.4141
[New] Epoch 53/1000 | classify: 2.3553 | total: 2.3553
[New] Epoch 54/1000 | classify: 2.1590 | total: 2.1590
[New] Epoch 55/1000 | classify: 2.1970 | total: 2.1970
[New] Epoch 56/1000 | classify: 2.1188 | total: 2.1188
[New] Epoch 57/1000 | classify: 2.0859 | total: 2.0859
[New] Epoch 58/1000 | classify: 2.1093 | total: 2.1093
[New] Epoch 59/1000 | classify: 1.8624 | total: 1.8624
[New] Epoch 60/1000 | classify: 1.9764 | total: 1.9764
--- 验证集 [epoch 60] ---
  准确率 (Accuracy):  0.6575
  精确率 (Precision): 0.5311
  召回率 (Recall):    0.5419
  F1 分数 (F1):       0.5092
[New] Epoch 61/1000 | classify: 2.0548 | total: 2.0548
[New] Epoch 62/1000 | classify: 1.8393 | total: 1.8393
[New] Epoch 63/1000 | classify: 1.8569 | total: 1.8569
[New] Epoch 64/1000 | classify: 1.8324 | total: 1.8324
[New] Epoch 65/1000 | classify: 1.8440 | total: 1.8440
[New] Epoch 66/1000 | classify: 1.9237 | total: 1.9237
[New] Epoch 67/1000 | classify: 1.7525 | total: 1.7525
[New] Epoch 68/1000 | classify: 2.0268 | total: 2.0268
[New] Epoch 69/1000 | classify: 1.7758 | total: 1.7758
[New] Epoch 70/1000 | classify: 1.9914 | total: 1.9914
--- 验证集 [epoch 70] ---
  准确率 (Accuracy):  0.6918
  精确率 (Precision): 0.5866
  召回率 (Recall):    0.5775
  F1 分数 (F1):       0.5665
✅ 模型已保存到 /home/kudouzala/Application/ion_detect/output/trained_model_save/exp_new_a/trained_model_epoch_best.pth
  🏆 新最佳 F1=0.5665，已保存 best 模型
[New] Epoch 71/1000 | classify: 1.7676 | total: 1.7676
[New] Epoch 72/1000 | classify: 1.6887 | total: 1.6887
[New] Epoch 73/1000 | classify: 1.8228 | total: 1.8228
[New] Epoch 74/1000 | classify: 1.7142 | total: 1.7142
[New] Epoch 75/1000 | classify: 1.6116 | total: 1.6116
[New] Epoch 76/1000 | classify: 1.7230 | total: 1.7230
[New] Epoch 77/1000 | classify: 1.5859 | total: 1.5859
[New] Epoch 78/1000 | classify: 1.8174 | total: 1.8174
[New] Epoch 79/1000 | classify: 1.6943 | total: 1.6943
[New] Epoch 80/1000 | classify: 1.4102 | total: 1.4102
--- 验证集 [epoch 80] ---
  准确率 (Accuracy):  0.7397
  精确率 (Precision): 0.6451
  召回率 (Recall):    0.6286
  F1 分数 (F1):       0.6230
✅ 模型已保存到 /home/kudouzala/Application/ion_detect/output/trained_model_save/exp_new_a/trained_model_epoch_best.pth
  🏆 新最佳 F1=0.6230，已保存 best 模型
[New] Epoch 81/1000 | classify: 1.7067 | total: 1.7067
[New] Epoch 82/1000 | classify: 1.4943 | total: 1.4943
[New] Epoch 83/1000 | classify: 1.6767 | total: 1.6767
[New] Epoch 84/1000 | classify: 1.5271 | total: 1.5271
[New] Epoch 85/1000 | classify: 1.3837 | total: 1.3837
[New] Epoch 86/1000 | classify: 1.4502 | total: 1.4502
[New] Epoch 87/1000 | classify: 1.4638 | total: 1.4638
[New] Epoch 88/1000 | classify: 1.3989 | total: 1.3989
[New] Epoch 89/1000 | classify: 1.4627 | total: 1.4627
[New] Epoch 90/1000 | classify: 1.1880 | total: 1.1880
--- 验证集 [epoch 90] ---
  准确率 (Accuracy):  0.7877
  精确率 (Precision): 0.7149
  召回率 (Recall):    0.6619
  F1 分数 (F1):       0.6762
✅ 模型已保存到 /home/kudouzala/Application/ion_detect/output/trained_model_save/exp_new_a/trained_model_epoch_best.pth
  🏆 新最佳 F1=0.6762，已保存 best 模型
[New] Epoch 91/1000 | classify: 1.3818 | total: 1.3818
[New] Epoch 92/1000 | classify: 1.3118 | total: 1.3118
[New] Epoch 93/1000 | classify: 1.3563 | total: 1.3563
[New] Epoch 94/1000 | classify: 1.4018 | total: 1.4018
[New] Epoch 95/1000 | classify: 1.2398 | total: 1.2398
[New] Epoch 96/1000 | classify: 1.4096 | total: 1.4096
[New] Epoch 97/1000 | classify: 1.2659 | total: 1.2659
[New] Epoch 98/1000 | classify: 1.1838 | total: 1.1838
[New] Epoch 99/1000 | classify: 1.1909 | total: 1.1909
[New] Epoch 100/1000 | classify: 1.3086 | total: 1.3086
--- 验证集 [epoch 100] ---
  准确率 (Accuracy):  0.7671
  精确率 (Precision): 0.6913
  召回率 (Recall):    0.6141
  F1 分数 (F1):       0.6370
✅ 模型已保存到 /home/kudouzala/Application/ion_detect/output/trained_model_save/exp_new_a/trained_model_epoch_100.pth
📁 损失值已保存到 /home/kudouzala/Application/ion_detect/output/trained_model_save/exp_new_a/training_loss_epoch_100.csv
[New] Epoch 101/1000 | classify: 1.3029 | total: 1.3029
[New] Epoch 102/1000 | classify: 1.0929 | total: 1.0929
[New] Epoch 103/1000 | classify: 1.0441 | total: 1.0441
[New] Epoch 104/1000 | classify: 1.1235 | total: 1.1235
[New] Epoch 105/1000 | classify: 1.2969 | total: 1.2969
[New] Epoch 106/1000 | classify: 1.2013 | total: 1.2013
[New] Epoch 107/1000 | classify: 1.1406 | total: 1.1406
[New] Epoch 108/1000 | classify: 1.2094 | total: 1.2094
[New] Epoch 109/1000 | classify: 1.2995 | total: 1.2995
[New] Epoch 110/1000 | classify: 1.0427 | total: 1.0427
--- 验证集 [epoch 110] ---
  准确率 (Accuracy):  0.7740
  精确率 (Precision): 0.6969
  召回率 (Recall):    0.6330
  F1 分数 (F1):       0.6542
[New] Epoch 111/1000 | classify: 0.9939 | total: 0.9939
[New] Epoch 112/1000 | classify: 1.0939 | total: 1.0939
[New] Epoch 113/1000 | classify: 1.2824 | total: 1.2824
[New] Epoch 114/1000 | classify: 1.2029 | total: 1.2029
[New] Epoch 115/1000 | classify: 1.2056 | total: 1.2056
[New] Epoch 116/1000 | classify: 1.1865 | total: 1.1865
[New] Epoch 117/1000 | classify: 1.0932 | total: 1.0932
[New] Epoch 118/1000 | classify: 1.2010 | total: 1.2010
[New] Epoch 119/1000 | classify: 1.0092 | total: 1.0092
[New] Epoch 120/1000 | classify: 1.1618 | total: 1.1618
--- 验证集 [epoch 120] ---
  准确率 (Accuracy):  0.7808
  精确率 (Precision): 0.7149
  召回率 (Recall):    0.6549
  F1 分数 (F1):       0.6721
[New] Epoch 121/1000 | classify: 1.0981 | total: 1.0981
[New] Epoch 122/1000 | classify: 1.1271 | total: 1.1271
[New] Epoch 123/1000 | classify: 0.9573 | total: 0.9573
[New] Epoch 124/1000 | classify: 0.9461 | total: 0.9461
[New] Epoch 125/1000 | classify: 1.1080 | total: 1.1080
[New] Epoch 126/1000 | classify: 1.0310 | total: 1.0310
[New] Epoch 127/1000 | classify: 1.1737 | total: 1.1737
[New] Epoch 128/1000 | classify: 1.0896 | total: 1.0896
[New] Epoch 129/1000 | classify: 1.1240 | total: 1.1240
[New] Epoch 130/1000 | classify: 1.1981 | total: 1.1981
--- 验证集 [epoch 130] ---
  准确率 (Accuracy):  0.7603
  精确率 (Precision): 0.6589
  召回率 (Recall):    0.6411
  F1 分数 (F1):       0.6403
[New] Epoch 131/1000 | classify: 1.1026 | total: 1.1026
[New] Epoch 132/1000 | classify: 1.1410 | total: 1.1410
[New] Epoch 133/1000 | classify: 1.0639 | total: 1.0639
[New] Epoch 134/1000 | classify: 1.1203 | total: 1.1203
[New] Epoch 135/1000 | classify: 1.0248 | total: 1.0248
[New] Epoch 136/1000 | classify: 1.1335 | total: 1.1335
[New] Epoch 137/1000 | classify: 1.0258 | total: 1.0258
[New] Epoch 138/1000 | classify: 1.1231 | total: 1.1231
[New] Epoch 139/1000 | classify: 1.0751 | total: 1.0751
[New] Epoch 140/1000 | classify: 1.1723 | total: 1.1723
--- 验证集 [epoch 140] ---
  准确率 (Accuracy):  0.7740
  精确率 (Precision): 0.7270
  召回率 (Recall):    0.6536
  F1 分数 (F1):       0.6785
✅ 模型已保存到 /home/kudouzala/Application/ion_detect/output/trained_model_save/exp_new_a/trained_model_epoch_best.pth
  🏆 新最佳 F1=0.6785，已保存 best 模型
[New] Epoch 141/1000 | classify: 1.1147 | total: 1.1147
[New] Epoch 142/1000 | classify: 1.1516 | total: 1.1516
[New] Epoch 143/1000 | classify: 1.0216 | total: 1.0216
[New] Epoch 144/1000 | classify: 1.1763 | total: 1.1763
[New] Epoch 145/1000 | classify: 1.0610 | total: 1.0610
[New] Epoch 146/1000 | classify: 1.0111 | total: 1.0111
[New] Epoch 147/1000 | classify: 1.0126 | total: 1.0126
[New] Epoch 148/1000 | classify: 1.1321 | total: 1.1321
[New] Epoch 149/1000 | classify: 0.9028 | total: 0.9028
[New] Epoch 150/1000 | classify: 1.2734 | total: 1.2734
--- 验证集 [epoch 150] ---
  准确率 (Accuracy):  0.7877
  精确率 (Precision): 0.7658
  召回率 (Recall):    0.6665
  F1 分数 (F1):       0.6937
✅ 模型已保存到 /home/kudouzala/Application/ion_detect/output/trained_model_save/exp_new_a/trained_model_epoch_best.pth
  🏆 新最佳 F1=0.6937，已保存 best 模型
✅ 模型已保存到 /home/kudouzala/Application/ion_detect/output/trained_model_save/exp_new_a/trained_model_epoch_150.pth
📁 损失值已保存到 /home/kudouzala/Application/ion_detect/output/trained_model_save/exp_new_a/training_loss_epoch_150.csv
[New] Epoch 151/1000 | classify: 1.1672 | total: 1.1672
[New] Epoch 152/1000 | classify: 0.8806 | total: 0.8806
[New] Epoch 153/1000 | classify: 0.9866 | total: 0.9866
[New] Epoch 154/1000 | classify: 1.0404 | total: 1.0404
[New] Epoch 155/1000 | classify: 0.8282 | total: 0.8282
[New] Epoch 156/1000 | classify: 0.9623 | total: 0.9623
[New] Epoch 157/1000 | classify: 0.9372 | total: 0.9372
[New] Epoch 158/1000 | classify: 0.9873 | total: 0.9873
[New] Epoch 159/1000 | classify: 0.8521 | total: 0.8521
[New] Epoch 160/1000 | classify: 0.9428 | total: 0.9428
--- 验证集 [epoch 160] ---
  准确率 (Accuracy):  0.7740
  精确率 (Precision): 0.7119
  召回率 (Recall):    0.6291
  F1 分数 (F1):       0.6630
[New] Epoch 161/1000 | classify: 1.0120 | total: 1.0120
[New] Epoch 162/1000 | classify: 0.9395 | total: 0.9395
[New] Epoch 163/1000 | classify: 0.8816 | total: 0.8816
[New] Epoch 164/1000 | classify: 0.9960 | total: 0.9960
[New] Epoch 165/1000 | classify: 0.8367 | total: 0.8367
[New] Epoch 166/1000 | classify: 1.0422 | total: 1.0422
[New] Epoch 167/1000 | classify: 1.0617 | total: 1.0617
[New] Epoch 168/1000 | classify: 0.9244 | total: 0.9244
[New] Epoch 169/1000 | classify: 0.9228 | total: 0.9228
[New] Epoch 170/1000 | classify: 0.9829 | total: 0.9829
--- 验证集 [epoch 170] ---
  准确率 (Accuracy):  0.7740
  精确率 (Precision): 0.7190
  召回率 (Recall):    0.6301
  F1 分数 (F1):       0.6587
[New] Epoch 171/1000 | classify: 0.9305 | total: 0.9305
[New] Epoch 172/1000 | classify: 1.1112 | total: 1.1112
[New] Epoch 173/1000 | classify: 0.8058 | total: 0.8058
[New] Epoch 174/1000 | classify: 0.9834 | total: 0.9834
[New] Epoch 175/1000 | classify: 0.9650 | total: 0.9650
[New] Epoch 176/1000 | classify: 0.9985 | total: 0.9985
[New] Epoch 177/1000 | classify: 0.7450 | total: 0.7450
[New] Epoch 178/1000 | classify: 1.0469 | total: 1.0469
[New] Epoch 179/1000 | classify: 0.9859 | total: 0.9859
[New] Epoch 180/1000 | classify: 0.9640 | total: 0.9640
--- 验证集 [epoch 180] ---
  准确率 (Accuracy):  0.7945
  精确率 (Precision): 0.7349
  召回率 (Recall):    0.6938
  F1 分数 (F1):       0.7050
✅ 模型已保存到 /home/kudouzala/Application/ion_detect/output/trained_model_save/exp_new_a/trained_model_epoch_best.pth
  🏆 新最佳 F1=0.7050，已保存 best 模型
[New] Epoch 181/1000 | classify: 1.0252 | total: 1.0252
[New] Epoch 182/1000 | classify: 0.9823 | total: 0.9823
[New] Epoch 183/1000 | classify: 1.0065 | total: 1.0065
[New] Epoch 184/1000 | classify: 0.9236 | total: 0.9236
[New] Epoch 185/1000 | classify: 1.0421 | total: 1.0421
[New] Epoch 186/1000 | classify: 0.8733 | total: 0.8733
[New] Epoch 187/1000 | classify: 0.9902 | total: 0.9902
[New] Epoch 188/1000 | classify: 1.0219 | total: 1.0219
[New] Epoch 189/1000 | classify: 0.9396 | total: 0.9396
[New] Epoch 190/1000 | classify: 0.9044 | total: 0.9044
--- 验证集 [epoch 190] ---
  准确率 (Accuracy):  0.7877
  精确率 (Precision): 0.7148
  召回率 (Recall):    0.6586
  F1 分数 (F1):       0.6795
[New] Epoch 191/1000 | classify: 0.9326 | total: 0.9326
[New] Epoch 192/1000 | classify: 1.0452 | total: 1.0452
[New] Epoch 193/1000 | classify: 0.8206 | total: 0.8206
[New] Epoch 194/1000 | classify: 0.8357 | total: 0.8357
[New] Epoch 195/1000 | classify: 0.9022 | total: 0.9022
[New] Epoch 196/1000 | classify: 1.1328 | total: 1.1328
[New] Epoch 197/1000 | classify: 0.9540 | total: 0.9540
[New] Epoch 198/1000 | classify: 0.8545 | total: 0.8545
[New] Epoch 199/1000 | classify: 0.9136 | total: 0.9136
[New] Epoch 200/1000 | classify: 0.9632 | total: 0.9632
--- 验证集 [epoch 200] ---
  准确率 (Accuracy):  0.7671
  精确率 (Precision): 0.6927
  召回率 (Recall):    0.6171
  F1 分数 (F1):       0.6452
✅ 模型已保存到 /home/kudouzala/Application/ion_detect/output/trained_model_save/exp_new_a/trained_model_epoch_200.pth
📁 损失值已保存到 /home/kudouzala/Application/ion_detect/output/trained_model_save/exp_new_a/training_loss_epoch_200.csv
[New] Epoch 201/1000 | classify: 0.9842 | total: 0.9842
[New] Epoch 202/1000 | classify: 0.8347 | total: 0.8347
[New] Epoch 203/1000 | classify: 0.9199 | total: 0.9199
[New] Epoch 204/1000 | classify: 1.1588 | total: 1.1588
[New] Epoch 205/1000 | classify: 0.8547 | total: 0.8547
[New] Epoch 206/1000 | classify: 1.0012 | total: 1.0012
[New] Epoch 207/1000 | classify: 0.9568 | total: 0.9568
[New] Epoch 208/1000 | classify: 0.8126 | total: 0.8126
[New] Epoch 209/1000 | classify: 0.8645 | total: 0.8645
[New] Epoch 210/1000 | classify: 0.7160 | total: 0.7160
--- 验证集 [epoch 210] ---
  准确率 (Accuracy):  0.7945
  精确率 (Precision): 0.7311
  召回率 (Recall):    0.6890
  F1 分数 (F1):       0.6955
[New] Epoch 211/1000 | classify: 0.8223 | total: 0.8223
[New] Epoch 212/1000 | classify: 0.8963 | total: 0.8963
[New] Epoch 213/1000 | classify: 0.8595 | total: 0.8595
[New] Epoch 214/1000 | classify: 0.9606 | total: 0.9606
[New] Epoch 215/1000 | classify: 0.8011 | total: 0.8011
[New] Epoch 216/1000 | classify: 0.9515 | total: 0.9515
[New] Epoch 217/1000 | classify: 0.9060 | total: 0.9060
[New] Epoch 218/1000 | classify: 0.9191 | total: 0.9191
[New] Epoch 219/1000 | classify: 0.8988 | total: 0.8988
[New] Epoch 220/1000 | classify: 0.7432 | total: 0.7432
--- 验证集 [epoch 220] ---
  准确率 (Accuracy):  0.7740
  精确率 (Precision): 0.7114
  召回率 (Recall):    0.6229
  F1 分数 (F1):       0.6572
[New] Epoch 221/1000 | classify: 0.9688 | total: 0.9688
[New] Epoch 222/1000 | classify: 0.9271 | total: 0.9271
[New] Epoch 223/1000 | classify: 0.8111 | total: 0.8111
[New] Epoch 224/1000 | classify: 0.9934 | total: 0.9934
[New] Epoch 225/1000 | classify: 0.8384 | total: 0.8384
[New] Epoch 226/1000 | classify: 0.8263 | total: 0.8263
[New] Epoch 227/1000 | classify: 1.0548 | total: 1.0548
[New] Epoch 228/1000 | classify: 0.6901 | total: 0.6901
[New] Epoch 229/1000 | classify: 0.8847 | total: 0.8847
[New] Epoch 230/1000 | classify: 0.8031 | total: 0.8031
--- 验证集 [epoch 230] ---
  准确率 (Accuracy):  0.7671
  精确率 (Precision): 0.6755
  召回率 (Recall):    0.6783
  F1 分数 (F1):       0.6695
[New] Epoch 231/1000 | classify: 0.8457 | total: 0.8457
[New] Epoch 232/1000 | classify: 0.9893 | total: 0.9893
[New] Epoch 233/1000 | classify: 0.8132 | total: 0.8132
[New] Epoch 234/1000 | classify: 0.8525 | total: 0.8525
[New] Epoch 235/1000 | classify: 0.8074 | total: 0.8074
[New] Epoch 236/1000 | classify: 0.8083 | total: 0.8083
[New] Epoch 237/1000 | classify: 0.7607 | total: 0.7607
[New] Epoch 238/1000 | classify: 0.7283 | total: 0.7283
[New] Epoch 239/1000 | classify: 0.7717 | total: 0.7717
[New] Epoch 240/1000 | classify: 0.9002 | total: 0.9002
--- 验证集 [epoch 240] ---
  准确率 (Accuracy):  0.7945
  精确率 (Precision): 0.6814
  召回率 (Recall):    0.6903
  F1 分数 (F1):       0.6832
[New] Epoch 241/1000 | classify: 0.9376 | total: 0.9376
[New] Epoch 242/1000 | classify: 0.9279 | total: 0.9279
[New] Epoch 243/1000 | classify: 0.9582 | total: 0.9582
[New] Epoch 244/1000 | classify: 0.7886 | total: 0.7886
[New] Epoch 245/1000 | classify: 0.8148 | total: 0.8148
[New] Epoch 246/1000 | classify: 0.6993 | total: 0.6993
[New] Epoch 247/1000 | classify: 0.7964 | total: 0.7964
[New] Epoch 248/1000 | classify: 0.8798 | total: 0.8798
[New] Epoch 249/1000 | classify: 0.9807 | total: 0.9807
[New] Epoch 250/1000 | classify: 0.7808 | total: 0.7808
--- 验证集 [epoch 250] ---
  准确率 (Accuracy):  0.7740
  精确率 (Precision): 0.7048
  召回率 (Recall):    0.6656
  F1 分数 (F1):       0.6767
✅ 模型已保存到 /home/kudouzala/Application/ion_detect/output/trained_model_save/exp_new_a/trained_model_epoch_250.pth
📁 损失值已保存到 /home/kudouzala/Application/ion_detect/output/trained_model_save/exp_new_a/training_loss_epoch_250.csv
[New] Epoch 251/1000 | classify: 0.7625 | total: 0.7625
[New] Epoch 252/1000 | classify: 0.7796 | total: 0.7796
[New] Epoch 253/1000 | classify: 0.7848 | total: 0.7848
[New] Epoch 254/1000 | classify: 0.7900 | total: 0.7900
[New] Epoch 255/1000 | classify: 0.7782 | total: 0.7782
[New] Epoch 256/1000 | classify: 0.7913 | total: 0.7913
[New] Epoch 257/1000 | classify: 0.9152 | total: 0.9152
[New] Epoch 258/1000 | classify: 0.7253 | total: 0.7253
[New] Epoch 259/1000 | classify: 0.8895 | total: 0.8895
[New] Epoch 260/1000 | classify: 0.8764 | total: 0.8764
--- 验证集 [epoch 260] ---
  准确率 (Accuracy):  0.7671
  精确率 (Precision): 0.6951
  召回率 (Recall):    0.6290
  F1 分数 (F1):       0.6456
[New] Epoch 261/1000 | classify: 0.7016 | total: 0.7016
[New] Epoch 262/1000 | classify: 0.6459 | total: 0.6459
[New] Epoch 263/1000 | classify: 0.7825 | total: 0.7825
[New] Epoch 264/1000 | classify: 0.8318 | total: 0.8318
[New] Epoch 265/1000 | classify: 0.8149 | total: 0.8149
[New] Epoch 266/1000 | classify: 0.7603 | total: 0.7603
[New] Epoch 267/1000 | classify: 0.8327 | total: 0.8327
[New] Epoch 268/1000 | classify: 0.8436 | total: 0.8436
[New] Epoch 269/1000 | classify: 0.6856 | total: 0.6856
[New] Epoch 270/1000 | classify: 0.6592 | total: 0.6592
--- 验证集 [epoch 270] ---
  准确率 (Accuracy):  0.7877
  精确率 (Precision): 0.7164
  召回率 (Recall):    0.6636
  F1 分数 (F1):       0.6834
[New] Epoch 271/1000 | classify: 0.7476 | total: 0.7476
[New] Epoch 272/1000 | classify: 0.8172 | total: 0.8172
[New] Epoch 273/1000 | classify: 0.9319 | total: 0.9319
[New] Epoch 274/1000 | classify: 0.7195 | total: 0.7195
[New] Epoch 275/1000 | classify: 0.9600 | total: 0.9600
[New] Epoch 276/1000 | classify: 0.6750 | total: 0.6750
[New] Epoch 277/1000 | classify: 0.8472 | total: 0.8472
[New] Epoch 278/1000 | classify: 0.8090 | total: 0.8090
[New] Epoch 279/1000 | classify: 0.8896 | total: 0.8896
[New] Epoch 280/1000 | classify: 0.8434 | total: 0.8434
--- 验证集 [epoch 280] ---
  准确率 (Accuracy):  0.7740
  精确率 (Precision): 0.7066
  召回率 (Recall):    0.6408
  F1 分数 (F1):       0.6603
[New] Epoch 281/1000 | classify: 0.7299 | total: 0.7299
[New] Epoch 282/1000 | classify: 0.6430 | total: 0.6430
[New] Epoch 283/1000 | classify: 0.7586 | total: 0.7586
[New] Epoch 284/1000 | classify: 0.8964 | total: 0.8964
[New] Epoch 285/1000 | classify: 0.6602 | total: 0.6602
[New] Epoch 286/1000 | classify: 0.8437 | total: 0.8437
[New] Epoch 287/1000 | classify: 0.8635 | total: 0.8635
[New] Epoch 288/1000 | classify: 0.8422 | total: 0.8422
[New] Epoch 289/1000 | classify: 0.8384 | total: 0.8384
[New] Epoch 290/1000 | classify: 0.7831 | total: 0.7831
--- 验证集 [epoch 290] ---
  准确率 (Accuracy):  0.7808
  精确率 (Precision): 0.6972
  召回率 (Recall):    0.6894
  F1 分数 (F1):       0.6760
[New] Epoch 291/1000 | classify: 0.8165 | total: 0.8165
[New] Epoch 292/1000 | classify: 0.7574 | total: 0.7574
[New] Epoch 293/1000 | classify: 0.7944 | total: 0.7944
[New] Epoch 294/1000 | classify: 0.7961 | total: 0.7961
[New] Epoch 295/1000 | classify: 0.5847 | total: 0.5847
[New] Epoch 296/1000 | classify: 0.7833 | total: 0.7833
[New] Epoch 297/1000 | classify: 1.1432 | total: 1.1432
[New] Epoch 298/1000 | classify: 0.7801 | total: 0.7801
[New] Epoch 299/1000 | classify: 0.7153 | total: 0.7153
[New] Epoch 300/1000 | classify: 0.8232 | total: 0.8232
--- 验证集 [epoch 300] ---
  准确率 (Accuracy):  0.8151
  精确率 (Precision): 0.7205
  召回率 (Recall):    0.7022
  F1 分数 (F1):       0.7081
✅ 模型已保存到 /home/kudouzala/Application/ion_detect/output/trained_model_save/exp_new_a/trained_model_epoch_best.pth
  🏆 新最佳 F1=0.7081，已保存 best 模型
✅ 模型已保存到 /home/kudouzala/Application/ion_detect/output/trained_model_save/exp_new_a/trained_model_epoch_300.pth
📁 损失值已保存到 /home/kudouzala/Application/ion_detect/output/trained_model_save/exp_new_a/training_loss_epoch_300.csv
[New] Epoch 301/1000 | classify: 0.9761 | total: 0.9761
[New] Epoch 302/1000 | classify: 0.7145 | total: 0.7145
[New] Epoch 303/1000 | classify: 0.7060 | total: 0.7060
[New] Epoch 304/1000 | classify: 0.8891 | total: 0.8891
[New] Epoch 305/1000 | classify: 0.6685 | total: 0.6685
[New] Epoch 306/1000 | classify: 0.7320 | total: 0.7320
[New] Epoch 307/1000 | classify: 0.8470 | total: 0.8470
[New] Epoch 308/1000 | classify: 0.9464 | total: 0.9464
[New] Epoch 309/1000 | classify: 0.5878 | total: 0.5878
[New] Epoch 310/1000 | classify: 0.9103 | total: 0.9103
--- 验证集 [epoch 310] ---
  准确率 (Accuracy):  0.7808
  精确率 (Precision): 0.7023
  召回率 (Recall):    0.6850
  F1 分数 (F1):       0.6907
[New] Epoch 311/1000 | classify: 0.7771 | total: 0.7771
[New] Epoch 312/1000 | classify: 0.8437 | total: 0.8437
[New] Epoch 313/1000 | classify: 0.8056 | total: 0.8056
[New] Epoch 314/1000 | classify: 0.7341 | total: 0.7341
[New] Epoch 315/1000 | classify: 0.8346 | total: 0.8346
[New] Epoch 316/1000 | classify: 0.9111 | total: 0.9111
[New] Epoch 317/1000 | classify: 0.7861 | total: 0.7861
[New] Epoch 318/1000 | classify: 0.5955 | total: 0.5955
[New] Epoch 319/1000 | classify: 0.7128 | total: 0.7128
[New] Epoch 320/1000 | classify: 0.7170 | total: 0.7170
--- 验证集 [epoch 320] ---
  准确率 (Accuracy):  0.8014
  精确率 (Precision): 0.7122
  召回率 (Recall):    0.6884
  F1 分数 (F1):       0.6973
[New] Epoch 321/1000 | classify: 0.9920 | total: 0.9920
[New] Epoch 322/1000 | classify: 0.8061 | total: 0.8061
[New] Epoch 323/1000 | classify: 0.7988 | total: 0.7988
[New] Epoch 324/1000 | classify: 0.7201 | total: 0.7201
[New] Epoch 325/1000 | classify: 0.7215 | total: 0.7215
[New] Epoch 326/1000 | classify: 0.9307 | total: 0.9307
[New] Epoch 327/1000 | classify: 0.8559 | total: 0.8559
[New] Epoch 328/1000 | classify: 0.7850 | total: 0.7850
[New] Epoch 329/1000 | classify: 0.8456 | total: 0.8456
[New] Epoch 330/1000 | classify: 0.9359 | total: 0.9359
--- 验证集 [epoch 330] ---
  准确率 (Accuracy):  0.7945
  精确率 (Precision): 0.7044
  召回率 (Recall):    0.7011
  F1 分数 (F1):       0.6953
[New] Epoch 331/1000 | classify: 0.8344 | total: 0.8344
[New] Epoch 332/1000 | classify: 0.8123 | total: 0.8123
[New] Epoch 333/1000 | classify: 0.7229 | total: 0.7229
[New] Epoch 334/1000 | classify: 0.8161 | total: 0.8161
[New] Epoch 335/1000 | classify: 0.7956 | total: 0.7956
[New] Epoch 336/1000 | classify: 0.7702 | total: 0.7702
[New] Epoch 337/1000 | classify: 1.0492 | total: 1.0492
[New] Epoch 338/1000 | classify: 0.6578 | total: 0.6578
[New] Epoch 339/1000 | classify: 0.8606 | total: 0.8606
[New] Epoch 340/1000 | classify: 0.7288 | total: 0.7288
--- 验证集 [epoch 340] ---
  准确率 (Accuracy):  0.8014
  精确率 (Precision): 0.7123
  召回率 (Recall):    0.6753
  F1 分数 (F1):       0.6889
[New] Epoch 341/1000 | classify: 0.8289 | total: 0.8289
[New] Epoch 342/1000 | classify: 0.7078 | total: 0.7078
[New] Epoch 343/1000 | classify: 0.8403 | total: 0.8403
[New] Epoch 344/1000 | classify: 0.7782 | total: 0.7782
[New] Epoch 345/1000 | classify: 0.7984 | total: 0.7984
[New] Epoch 346/1000 | classify: 0.8412 | total: 0.8412
[New] Epoch 347/1000 | classify: 0.8773 | total: 0.8773
[New] Epoch 348/1000 | classify: 0.7455 | total: 0.7455
[New] Epoch 349/1000 | classify: 0.8260 | total: 0.8260
[New] Epoch 350/1000 | classify: 0.8046 | total: 0.8046
--- 验证集 [epoch 350] ---
  准确率 (Accuracy):  0.8082
  精确率 (Precision): 0.7011
  召回率 (Recall):    0.7101
  F1 分数 (F1):       0.7008
✅ 模型已保存到 /home/kudouzala/Application/ion_detect/output/trained_model_save/exp_new_a/trained_model_epoch_350.pth
📁 损失值已保存到 /home/kudouzala/Application/ion_detect/output/trained_model_save/exp_new_a/training_loss_epoch_350.csv
[New] Epoch 351/1000 | classify: 0.7962 | total: 0.7962
[New] Epoch 352/1000 | classify: 0.7146 | total: 0.7146
[New] Epoch 353/1000 | classify: 0.8530 | total: 0.8530
[New] Epoch 354/1000 | classify: 0.7900 | total: 0.7900
[New] Epoch 355/1000 | classify: 0.7946 | total: 0.7946
[New] Epoch 356/1000 | classify: 0.8148 | total: 0.8148
[New] Epoch 357/1000 | classify: 0.7733 | total: 0.7733
[New] Epoch 358/1000 | classify: 0.9835 | total: 0.9835
[New] Epoch 359/1000 | classify: 0.8375 | total: 0.8375
[New] Epoch 360/1000 | classify: 0.7001 | total: 0.7001
--- 验证集 [epoch 360] ---
  准确率 (Accuracy):  0.7808
  精确率 (Precision): 0.6828
  召回率 (Recall):    0.6435
  F1 分数 (F1):       0.6549
[New] Epoch 361/1000 | classify: 0.9526 | total: 0.9526
[New] Epoch 362/1000 | classify: 0.8005 | total: 0.8005
[New] Epoch 363/1000 | classify: 0.7206 | total: 0.7206
[New] Epoch 364/1000 | classify: 0.8052 | total: 0.8052
[New] Epoch 365/1000 | classify: 0.8341 | total: 0.8341
[New] Epoch 366/1000 | classify: 0.7576 | total: 0.7576
[New] Epoch 367/1000 | classify: 0.7982 | total: 0.7982
[New] Epoch 368/1000 | classify: 0.7388 | total: 0.7388
[New] Epoch 369/1000 | classify: 0.8136 | total: 0.8136
[New] Epoch 370/1000 | classify: 0.7520 | total: 0.7520
--- 验证集 [epoch 370] ---
  准确率 (Accuracy):  0.7877
  精确率 (Precision): 0.6898
  召回率 (Recall):    0.6487
  F1 分数 (F1):       0.6657
[New] Epoch 371/1000 | classify: 0.8468 | total: 0.8468
[New] Epoch 372/1000 | classify: 0.7870 | total: 0.7870
[New] Epoch 373/1000 | classify: 0.8044 | total: 0.8044
[New] Epoch 374/1000 | classify: 0.7442 | total: 0.7442
[New] Epoch 375/1000 | classify: 0.8408 | total: 0.8408
[New] Epoch 376/1000 | classify: 0.7817 | total: 0.7817
[New] Epoch 377/1000 | classify: 0.7559 | total: 0.7559
[New] Epoch 378/1000 | classify: 0.8127 | total: 0.8127
[New] Epoch 379/1000 | classify: 0.8533 | total: 0.8533
[New] Epoch 380/1000 | classify: 0.7213 | total: 0.7213
--- 验证集 [epoch 380] ---
  准确率 (Accuracy):  0.7740
  精确率 (Precision): 0.6635
  召回率 (Recall):    0.6376
  F1 分数 (F1):       0.6473
[New] Epoch 381/1000 | classify: 0.8428 | total: 0.8428
[New] Epoch 382/1000 | classify: 0.7425 | total: 0.7425
[New] Epoch 383/1000 | classify: 0.7284 | total: 0.7284
[New] Epoch 384/1000 | classify: 0.8942 | total: 0.8942
[New] Epoch 385/1000 | classify: 0.9502 | total: 0.9502
[New] Epoch 386/1000 | classify: 0.7194 | total: 0.7194
[New] Epoch 387/1000 | classify: 0.8430 | total: 0.8430
[New] Epoch 388/1000 | classify: 0.8470 | total: 0.8470
[New] Epoch 389/1000 | classify: 0.8864 | total: 0.8864
[New] Epoch 390/1000 | classify: 0.8208 | total: 0.8208
--- 验证集 [epoch 390] ---
  准确率 (Accuracy):  0.7945
  精确率 (Precision): 0.7166
  召回率 (Recall):    0.7110
  F1 分数 (F1):       0.7081
✅ 模型已保存到 /home/kudouzala/Application/ion_detect/output/trained_model_save/exp_new_a/trained_model_epoch_best.pth
  🏆 新最佳 F1=0.7081，已保存 best 模型
[New] Epoch 391/1000 | classify: 0.7439 | total: 0.7439
[New] Epoch 392/1000 | classify: 0.8483 | total: 0.8483
[New] Epoch 393/1000 | classify: 0.6871 | total: 0.6871
[New] Epoch 394/1000 | classify: 0.8561 | total: 0.8561
[New] Epoch 395/1000 | classify: 0.8743 | total: 0.8743
[New] Epoch 396/1000 | classify: 0.9022 | total: 0.9022
[New] Epoch 397/1000 | classify: 0.8624 | total: 0.8624
[New] Epoch 398/1000 | classify: 0.8689 | total: 0.8689
[New] Epoch 399/1000 | classify: 0.7976 | total: 0.7976
[New] Epoch 400/1000 | classify: 0.8972 | total: 0.8972
--- 验证集 [epoch 400] ---
  准确率 (Accuracy):  0.7877
  精确率 (Precision): 0.6906
  召回率 (Recall):    0.6624
  F1 分数 (F1):       0.6677
✅ 模型已保存到 /home/kudouzala/Application/ion_detect/output/trained_model_save/exp_new_a/trained_model_epoch_400.pth
📁 损失值已保存到 /home/kudouzala/Application/ion_detect/output/trained_model_save/exp_new_a/training_loss_epoch_400.csv
[New] Epoch 401/1000 | classify: 0.7491 | total: 0.7491
[New] Epoch 402/1000 | classify: 0.8383 | total: 0.8383
[New] Epoch 403/1000 | classify: 0.8260 | total: 0.8260
[New] Epoch 404/1000 | classify: 0.9012 | total: 0.9012
[New] Epoch 405/1000 | classify: 0.9466 | total: 0.9466
[New] Epoch 406/1000 | classify: 0.8373 | total: 0.8373
[New] Epoch 407/1000 | classify: 0.7656 | total: 0.7656
[New] Epoch 408/1000 | classify: 0.8789 | total: 0.8789
[New] Epoch 409/1000 | classify: 0.8227 | total: 0.8227
[New] Epoch 410/1000 | classify: 0.7895 | total: 0.7895
--- 验证集 [epoch 410] ---
  准确率 (Accuracy):  0.8082
  精确率 (Precision): 0.7143
  召回率 (Recall):    0.7259
  F1 分数 (F1):       0.7090
✅ 模型已保存到 /home/kudouzala/Application/ion_detect/output/trained_model_save/exp_new_a/trained_model_epoch_best.pth
  🏆 新最佳 F1=0.7090，已保存 best 模型
[New] Epoch 411/1000 | classify: 0.8511 | total: 0.8511
[New] Epoch 412/1000 | classify: 0.9094 | total: 0.9094
[New] Epoch 413/1000 | classify: 0.8134 | total: 0.8134
[New] Epoch 414/1000 | classify: 0.8928 | total: 0.8928
[New] Epoch 415/1000 | classify: 0.7484 | total: 0.7484
[New] Epoch 416/1000 | classify: 0.8131 | total: 0.8131
[New] Epoch 417/1000 | classify: 0.7833 | total: 0.7833
[New] Epoch 418/1000 | classify: 0.6461 | total: 0.6461
[New] Epoch 419/1000 | classify: 0.8449 | total: 0.8449
[New] Epoch 420/1000 | classify: 0.7280 | total: 0.7280
--- 验证集 [epoch 420] ---
  准确率 (Accuracy):  0.8082
  精确率 (Precision): 0.7329
  召回率 (Recall):    0.6953
  F1 分数 (F1):       0.7107
✅ 模型已保存到 /home/kudouzala/Application/ion_detect/output/trained_model_save/exp_new_a/trained_model_epoch_best.pth
  🏆 新最佳 F1=0.7107，已保存 best 模型
[New] Epoch 421/1000 | classify: 0.8237 | total: 0.8237
[New] Epoch 422/1000 | classify: 0.8242 | total: 0.8242
[New] Epoch 423/1000 | classify: 0.8414 | total: 0.8414
[New] Epoch 424/1000 | classify: 0.7879 | total: 0.7879
[New] Epoch 425/1000 | classify: 0.7487 | total: 0.7487
[New] Epoch 426/1000 | classify: 0.8609 | total: 0.8609
[New] Epoch 427/1000 | classify: 0.8004 | total: 0.8004
[New] Epoch 428/1000 | classify: 1.0156 | total: 1.0156
[New] Epoch 429/1000 | classify: 0.8734 | total: 0.8734
[New] Epoch 430/1000 | classify: 0.8768 | total: 0.8768
--- 验证集 [epoch 430] ---
  准确率 (Accuracy):  0.7877
  精确率 (Precision): 0.6956
  召回率 (Recall):    0.6842
  F1 分数 (F1):       0.6865
[New] Epoch 431/1000 | classify: 0.7923 | total: 0.7923
[New] Epoch 432/1000 | classify: 0.7398 | total: 0.7398
[New] Epoch 433/1000 | classify: 0.8455 | total: 0.8455
[New] Epoch 434/1000 | classify: 0.8042 | total: 0.8042
[New] Epoch 435/1000 | classify: 0.9066 | total: 0.9066
[New] Epoch 436/1000 | classify: 0.8886 | total: 0.8886
[New] Epoch 437/1000 | classify: 0.7274 | total: 0.7274
[New] Epoch 438/1000 | classify: 0.8874 | total: 0.8874
[New] Epoch 439/1000 | classify: 0.8408 | total: 0.8408
[New] Epoch 440/1000 | classify: 0.9097 | total: 0.9097
--- 验证集 [epoch 440] ---
  准确率 (Accuracy):  0.7671
  精确率 (Precision): 0.6670
  召回率 (Recall):    0.6684
  F1 分数 (F1):       0.6626
[New] Epoch 441/1000 | classify: 0.8256 | total: 0.8256
[New] Epoch 442/1000 | classify: 0.8866 | total: 0.8866
[New] Epoch 443/1000 | classify: 0.8906 | total: 0.8906
[New] Epoch 444/1000 | classify: 0.8386 | total: 0.8386
[New] Epoch 445/1000 | classify: 0.7965 | total: 0.7965
[New] Epoch 446/1000 | classify: 0.8499 | total: 0.8499
[New] Epoch 447/1000 | classify: 0.7768 | total: 0.7768
[New] Epoch 448/1000 | classify: 0.7312 | total: 0.7312
[New] Epoch 449/1000 | classify: 0.8245 | total: 0.8245
[New] Epoch 450/1000 | classify: 0.9052 | total: 0.9052
--- 验证集 [epoch 450] ---
  准确率 (Accuracy):  0.7877
  精确率 (Precision): 0.7025
  召回率 (Recall):    0.7013
  F1 分数 (F1):       0.6918
✅ 模型已保存到 /home/kudouzala/Application/ion_detect/output/trained_model_save/exp_new_a/trained_model_epoch_450.pth
📁 损失值已保存到 /home/kudouzala/Application/ion_detect/output/trained_model_save/exp_new_a/training_loss_epoch_450.csv
[New] Epoch 451/1000 | classify: 0.9383 | total: 0.9383
[New] Epoch 452/1000 | classify: 0.7264 | total: 0.7264
[New] Epoch 453/1000 | classify: 0.9174 | total: 0.9174
[New] Epoch 454/1000 | classify: 0.9161 | total: 0.9161
[New] Epoch 455/1000 | classify: 0.7460 | total: 0.7460
[New] Epoch 456/1000 | classify: 0.8281 | total: 0.8281
[New] Epoch 457/1000 | classify: 0.8288 | total: 0.8288
[New] Epoch 458/1000 | classify: 0.8321 | total: 0.8321
[New] Epoch 459/1000 | classify: 0.7660 | total: 0.7660
[New] Epoch 460/1000 | classify: 0.9808 | total: 0.9808
--- 验证集 [epoch 460] ---
  准确率 (Accuracy):  0.7945
  精确率 (Precision): 0.7262
  召回率 (Recall):    0.6902
  F1 分数 (F1):       0.7043
[New] Epoch 461/1000 | classify: 0.8854 | total: 0.8854
[New] Epoch 462/1000 | classify: 0.8844 | total: 0.8844
[New] Epoch 463/1000 | classify: 0.7924 | total: 0.7924
[New] Epoch 464/1000 | classify: 0.8342 | total: 0.8342
[New] Epoch 465/1000 | classify: 0.7808 | total: 0.7808
[New] Epoch 466/1000 | classify: 0.7975 | total: 0.7975
[New] Epoch 467/1000 | classify: 1.0346 | total: 1.0346
[New] Epoch 468/1000 | classify: 0.8985 | total: 0.8985
[New] Epoch 469/1000 | classify: 0.7133 | total: 0.7133
[New] Epoch 470/1000 | classify: 0.8801 | total: 0.8801
--- 验证集 [epoch 470] ---
  准确率 (Accuracy):  0.7671
  精确率 (Precision): 0.6405
  召回率 (Recall):    0.6394
  F1 分数 (F1):       0.6389
[New] Epoch 471/1000 | classify: 0.8558 | total: 0.8558
[New] Epoch 472/1000 | classify: 0.8021 | total: 0.8021
[New] Epoch 473/1000 | classify: 0.7490 | total: 0.7490
[New] Epoch 474/1000 | classify: 0.8329 | total: 0.8329
[New] Epoch 475/1000 | classify: 0.7436 | total: 0.7436
[New] Epoch 476/1000 | classify: 0.7927 | total: 0.7927
[New] Epoch 477/1000 | classify: 0.9926 | total: 0.9926
[New] Epoch 478/1000 | classify: 0.7905 | total: 0.7905
[New] Epoch 479/1000 | classify: 0.8034 | total: 0.8034
[New] Epoch 480/1000 | classify: 0.7879 | total: 0.7879
--- 验证集 [epoch 480] ---
  准确率 (Accuracy):  0.7877
  精确率 (Precision): 0.6985
  召回率 (Recall):    0.6515
  F1 分数 (F1):       0.6702
[New] Epoch 481/1000 | classify: 0.7007 | total: 0.7007
[New] Epoch 482/1000 | classify: 0.8310 | total: 0.8310
[New] Epoch 483/1000 | classify: 0.9642 | total: 0.9642
[New] Epoch 484/1000 | classify: 0.8184 | total: 0.8184
[New] Epoch 485/1000 | classify: 0.7195 | total: 0.7195
[New] Epoch 486/1000 | classify: 0.7943 | total: 0.7943
[New] Epoch 487/1000 | classify: 0.7824 | total: 0.7824
[New] Epoch 488/1000 | classify: 0.8691 | total: 0.8691
[New] Epoch 489/1000 | classify: 0.8830 | total: 0.8830
[New] Epoch 490/1000 | classify: 0.8286 | total: 0.8286
--- 验证集 [epoch 490] ---
  准确率 (Accuracy):  0.7808
  精确率 (Precision): 0.6828
  召回率 (Recall):    0.6614
  F1 分数 (F1):       0.6657
[New] Epoch 491/1000 | classify: 0.7873 | total: 0.7873
[New] Epoch 492/1000 | classify: 0.6145 | total: 0.6145
[New] Epoch 493/1000 | classify: 0.9150 | total: 0.9150
[New] Epoch 494/1000 | classify: 0.8925 | total: 0.8925
[New] Epoch 495/1000 | classify: 0.7622 | total: 0.7622
[New] Epoch 496/1000 | classify: 0.8922 | total: 0.8922
[New] Epoch 497/1000 | classify: 0.8118 | total: 0.8118
[New] Epoch 498/1000 | classify: 0.8667 | total: 0.8667
[New] Epoch 499/1000 | classify: 0.8373 | total: 0.8373
[New] Epoch 500/1000 | classify: 0.7369 | total: 0.7369
--- 验证集 [epoch 500] ---
  准确率 (Accuracy):  0.7877
  精确率 (Precision): 0.6877
  召回率 (Recall):    0.6744
  F1 分数 (F1):       0.6754
✅ 模型已保存到 /home/kudouzala/Application/ion_detect/output/trained_model_save/exp_new_a/trained_model_epoch_500.pth
📁 损失值已保存到 /home/kudouzala/Application/ion_detect/output/trained_model_save/exp_new_a/training_loss_epoch_500.csv
[New] Epoch 501/1000 | classify: 0.8220 | total: 0.8220
[New] Epoch 502/1000 | classify: 0.8236 | total: 0.8236
[New] Epoch 503/1000 | classify: 0.7309 | total: 0.7309
[New] Epoch 504/1000 | classify: 0.6735 | total: 0.6735
[New] Epoch 505/1000 | classify: 0.8234 | total: 0.8234
[New] Epoch 506/1000 | classify: 0.7995 | total: 0.7995
[New] Epoch 507/1000 | classify: 0.7575 | total: 0.7575
[New] Epoch 508/1000 | classify: 0.8440 | total: 0.8440
[New] Epoch 509/1000 | classify: 0.9106 | total: 0.9106
[New] Epoch 510/1000 | classify: 0.8433 | total: 0.8433
--- 验证集 [epoch 510] ---
  准确率 (Accuracy):  0.7877
  精确率 (Precision): 0.6975
  召回率 (Recall):    0.6585
  F1 分数 (F1):       0.6749
[New] Epoch 511/1000 | classify: 0.8091 | total: 0.8091
[New] Epoch 512/1000 | classify: 0.8102 | total: 0.8102
[New] Epoch 513/1000 | classify: 0.8621 | total: 0.8621
[New] Epoch 514/1000 | classify: 0.7464 | total: 0.7464
[New] Epoch 515/1000 | classify: 0.7488 | total: 0.7488
[New] Epoch 516/1000 | classify: 0.8074 | total: 0.8074
[New] Epoch 517/1000 | classify: 0.8405 | total: 0.8405
[New] Epoch 518/1000 | classify: 0.8588 | total: 0.8588
[New] Epoch 519/1000 | classify: 0.8580 | total: 0.8580
[New] Epoch 520/1000 | classify: 0.8399 | total: 0.8399
--- 验证集 [epoch 520] ---
  准确率 (Accuracy):  0.7808
  精确率 (Precision): 0.6697
  召回率 (Recall):    0.6900
  F1 分数 (F1):       0.6768
[New] Epoch 521/1000 | classify: 0.7119 | total: 0.7119
[New] Epoch 522/1000 | classify: 0.9425 | total: 0.9425
[New] Epoch 523/1000 | classify: 0.7734 | total: 0.7734
[New] Epoch 524/1000 | classify: 0.7689 | total: 0.7689
[New] Epoch 525/1000 | classify: 0.8163 | total: 0.8163
[New] Epoch 526/1000 | classify: 0.9275 | total: 0.9275
[New] Epoch 527/1000 | classify: 1.0101 | total: 1.0101
[New] Epoch 528/1000 | classify: 0.8194 | total: 0.8194
[New] Epoch 529/1000 | classify: 0.7120 | total: 0.7120
[New] Epoch 530/1000 | classify: 0.7638 | total: 0.7638
--- 验证集 [epoch 530] ---
  准确率 (Accuracy):  0.7740
  精确率 (Precision): 0.6696
  召回率 (Recall):    0.6474
  F1 分数 (F1):       0.6533
[New] Epoch 531/1000 | classify: 0.7868 | total: 0.7868
[New] Epoch 532/1000 | classify: 0.9032 | total: 0.9032
[New] Epoch 533/1000 | classify: 0.8948 | total: 0.8948
[New] Epoch 534/1000 | classify: 0.9147 | total: 0.9147
[New] Epoch 535/1000 | classify: 0.7391 | total: 0.7391
[New] Epoch 536/1000 | classify: 0.8534 | total: 0.8534
[New] Epoch 537/1000 | classify: 0.7577 | total: 0.7577
[New] Epoch 538/1000 | classify: 0.7952 | total: 0.7952
[New] Epoch 539/1000 | classify: 0.7689 | total: 0.7689
[New] Epoch 540/1000 | classify: 0.9457 | total: 0.9457
--- 验证集 [epoch 540] ---
  准确率 (Accuracy):  0.8014
  精确率 (Precision): 0.7112
  召回率 (Recall):    0.6675
  F1 分数 (F1):       0.6811
[New] Epoch 541/1000 | classify: 0.9234 | total: 0.9234
[New] Epoch 542/1000 | classify: 0.8125 | total: 0.8125
[New] Epoch 543/1000 | classify: 0.9164 | total: 0.9164
[New] Epoch 544/1000 | classify: 0.7794 | total: 0.7794
[New] Epoch 545/1000 | classify: 0.8315 | total: 0.8315
[New] Epoch 546/1000 | classify: 0.8412 | total: 0.8412
[New] Epoch 547/1000 | classify: 0.9816 | total: 0.9816
[New] Epoch 548/1000 | classify: 0.8346 | total: 0.8346
[New] Epoch 549/1000 | classify: 0.8229 | total: 0.8229
[New] Epoch 550/1000 | classify: 0.7986 | total: 0.7986
--- 验证集 [epoch 550] ---
  准确率 (Accuracy):  0.7945
  精确率 (Precision): 0.7105
  召回率 (Recall):    0.6715
  F1 分数 (F1):       0.6876
✅ 模型已保存到 /home/kudouzala/Application/ion_detect/output/trained_model_save/exp_new_a/trained_model_epoch_550.pth
📁 损失值已保存到 /home/kudouzala/Application/ion_detect/output/trained_model_save/exp_new_a/training_loss_epoch_550.csv
[New] Epoch 551/1000 | classify: 0.8054 | total: 0.8054
[New] Epoch 552/1000 | classify: 0.8634 | total: 0.8634
[New] Epoch 553/1000 | classify: 0.7910 | total: 0.7910
[New] Epoch 554/1000 | classify: 0.8164 | total: 0.8164
[New] Epoch 555/1000 | classify: 0.7359 | total: 0.7359
[New] Epoch 556/1000 | classify: 0.8930 | total: 0.8930
[New] Epoch 557/1000 | classify: 0.8082 | total: 0.8082
[New] Epoch 558/1000 | classify: 0.8107 | total: 0.8107
[New] Epoch 559/1000 | classify: 0.8158 | total: 0.8158
[New] Epoch 560/1000 | classify: 0.7932 | total: 0.7932
--- 验证集 [epoch 560] ---
  准确率 (Accuracy):  0.7808
  精确率 (Precision): 0.6853
  召回率 (Recall):    0.6357
  F1 分数 (F1):       0.6543
[New] Epoch 561/1000 | classify: 0.8103 | total: 0.8103
[New] Epoch 562/1000 | classify: 0.7975 | total: 0.7975
[New] Epoch 563/1000 | classify: 0.7340 | total: 0.7340
[New] Epoch 564/1000 | classify: 0.8887 | total: 0.8887
[New] Epoch 565/1000 | classify: 0.8855 | total: 0.8855
[New] Epoch 566/1000 | classify: 0.8013 | total: 0.8013
[New] Epoch 567/1000 | classify: 0.9398 | total: 0.9398
[New] Epoch 568/1000 | classify: 0.7320 | total: 0.7320
[New] Epoch 569/1000 | classify: 0.8376 | total: 0.8376
[New] Epoch 570/1000 | classify: 0.8831 | total: 0.8831
--- 验证集 [epoch 570] ---
  准确率 (Accuracy):  0.7740
  精确率 (Precision): 0.7077
  召回率 (Recall):    0.6277
  F1 分数 (F1):       0.6604
[New] Epoch 571/1000 | classify: 0.8351 | total: 0.8351
[New] Epoch 572/1000 | classify: 0.8859 | total: 0.8859
[New] Epoch 573/1000 | classify: 0.9800 | total: 0.9800
[New] Epoch 574/1000 | classify: 0.7988 | total: 0.7988
[New] Epoch 575/1000 | classify: 0.9011 | total: 0.9011
[New] Epoch 576/1000 | classify: 0.7713 | total: 0.7713
[New] Epoch 577/1000 | classify: 0.7836 | total: 0.7836
[New] Epoch 578/1000 | classify: 0.8402 | total: 0.8402
[New] Epoch 579/1000 | classify: 0.9273 | total: 0.9273
[New] Epoch 580/1000 | classify: 0.6924 | total: 0.6924
--- 验证集 [epoch 580] ---
  准确率 (Accuracy):  0.7877
  精确率 (Precision): 0.6857
  召回率 (Recall):    0.6881
  F1 分数 (F1):       0.6830
[New] Epoch 581/1000 | classify: 0.9841 | total: 0.9841
[New] Epoch 582/1000 | classify: 0.7232 | total: 0.7232
[New] Epoch 583/1000 | classify: 0.9695 | total: 0.9695
[New] Epoch 584/1000 | classify: 0.8267 | total: 0.8267
[New] Epoch 585/1000 | classify: 0.8457 | total: 0.8457
[New] Epoch 586/1000 | classify: 0.8720 | total: 0.8720
[New] Epoch 587/1000 | classify: 0.6913 | total: 0.6913
[New] Epoch 588/1000 | classify: 0.9794 | total: 0.9794
[New] Epoch 589/1000 | classify: 0.7165 | total: 0.7165
[New] Epoch 590/1000 | classify: 0.6884 | total: 0.6884
--- 验证集 [epoch 590] ---
  准确率 (Accuracy):  0.7945
  精确率 (Precision): 0.7183
  召回率 (Recall):    0.6744
  F1 分数 (F1):       0.6920
[New] Epoch 591/1000 | classify: 0.7502 | total: 0.7502
[New] Epoch 592/1000 | classify: 1.0100 | total: 1.0100
[New] Epoch 593/1000 | classify: 0.8229 | total: 0.8229
[New] Epoch 594/1000 | classify: 0.8577 | total: 0.8577
[New] Epoch 595/1000 | classify: 0.8308 | total: 0.8308
[New] Epoch 596/1000 | classify: 0.7010 | total: 0.7010
[New] Epoch 597/1000 | classify: 0.8344 | total: 0.8344
[New] Epoch 598/1000 | classify: 0.8540 | total: 0.8540
[New] Epoch 599/1000 | classify: 0.9174 | total: 0.9174
[New] Epoch 600/1000 | classify: 0.8144 | total: 0.8144
--- 验证集 [epoch 600] ---
  准确率 (Accuracy):  0.7740
  精确率 (Precision): 0.6920
  召回率 (Recall):    0.6299
  F1 分数 (F1):       0.6527
✅ 模型已保存到 /home/kudouzala/Application/ion_detect/output/trained_model_save/exp_new_a/trained_model_epoch_600.pth
📁 损失值已保存到 /home/kudouzala/Application/ion_detect/output/trained_model_save/exp_new_a/training_loss_epoch_600.csv
[New] Epoch 601/1000 | classify: 0.7979 | total: 0.7979
[New] Epoch 602/1000 | classify: 0.9303 | total: 0.9303
[New] Epoch 603/1000 | classify: 0.8933 | total: 0.8933
[New] Epoch 604/1000 | classify: 0.8024 | total: 0.8024
[New] Epoch 605/1000 | classify: 0.9065 | total: 0.9065
[New] Epoch 606/1000 | classify: 0.8234 | total: 0.8234
[New] Epoch 607/1000 | classify: 0.8745 | total: 0.8745
[New] Epoch 608/1000 | classify: 0.9158 | total: 0.9158
[New] Epoch 609/1000 | classify: 0.7121 | total: 0.7121
[New] Epoch 610/1000 | classify: 0.8405 | total: 0.8405
--- 验证集 [epoch 610] ---
  准确率 (Accuracy):  0.8288
  精确率 (Precision): 0.7497
  召回率 (Recall):    0.7300
  F1 分数 (F1):       0.7381
✅ 模型已保存到 /home/kudouzala/Application/ion_detect/output/trained_model_save/exp_new_a/trained_model_epoch_best.pth
  🏆 新最佳 F1=0.7381，已保存 best 模型
[New] Epoch 611/1000 | classify: 0.8713 | total: 0.8713
[New] Epoch 612/1000 | classify: 0.8189 | total: 0.8189
[New] Epoch 613/1000 | classify: 0.7990 | total: 0.7990
[New] Epoch 614/1000 | classify: 0.8090 | total: 0.8090
[New] Epoch 615/1000 | classify: 0.7394 | total: 0.7394
[New] Epoch 616/1000 | classify: 1.0108 | total: 1.0108
[New] Epoch 617/1000 | classify: 0.8299 | total: 0.8299
[New] Epoch 618/1000 | classify: 0.7999 | total: 0.7999
[New] Epoch 619/1000 | classify: 0.8786 | total: 0.8786
[New] Epoch 620/1000 | classify: 0.8022 | total: 0.8022
--- 验证集 [epoch 620] ---
  准确率 (Accuracy):  0.7877
  精确率 (Precision): 0.7042
  召回率 (Recall):    0.6585
  F1 分数 (F1):       0.6791
[New] Epoch 621/1000 | classify: 0.8634 | total: 0.8634
[New] Epoch 622/1000 | classify: 0.8195 | total: 0.8195
[New] Epoch 623/1000 | classify: 0.9491 | total: 0.9491
[New] Epoch 624/1000 | classify: 0.9073 | total: 0.9073
[New] Epoch 625/1000 | classify: 0.8002 | total: 0.8002
[New] Epoch 626/1000 | classify: 0.8547 | total: 0.8547
[New] Epoch 627/1000 | classify: 0.9762 | total: 0.9762
[New] Epoch 628/1000 | classify: 0.8134 | total: 0.8134
[New] Epoch 629/1000 | classify: 0.7422 | total: 0.7422
[New] Epoch 630/1000 | classify: 0.8296 | total: 0.8296
--- 验证集 [epoch 630] ---
  准确率 (Accuracy):  0.7945
  精确率 (Precision): 0.7449
  召回率 (Recall):    0.7050
  F1 分数 (F1):       0.7184
[New] Epoch 631/1000 | classify: 0.8531 | total: 0.8531
[New] Epoch 632/1000 | classify: 0.9430 | total: 0.9430
[New] Epoch 633/1000 | classify: 0.8711 | total: 0.8711
[New] Epoch 634/1000 | classify: 0.9167 | total: 0.9167
[New] Epoch 635/1000 | classify: 0.7880 | total: 0.7880
[New] Epoch 636/1000 | classify: 0.7741 | total: 0.7741
[New] Epoch 637/1000 | classify: 0.8810 | total: 0.8810
[New] Epoch 638/1000 | classify: 0.7842 | total: 0.7842
[New] Epoch 639/1000 | classify: 0.9253 | total: 0.9253
[New] Epoch 640/1000 | classify: 0.9826 | total: 0.9826
--- 验证集 [epoch 640] ---
  准确率 (Accuracy):  0.7740
  精确率 (Precision): 0.6804
  召回率 (Recall):    0.6387
  F1 分数 (F1):       0.6572
[New] Epoch 641/1000 | classify: 0.8644 | total: 0.8644
[New] Epoch 642/1000 | classify: 0.8673 | total: 0.8673
[New] Epoch 643/1000 | classify: 0.8763 | total: 0.8763
[New] Epoch 644/1000 | classify: 0.9152 | total: 0.9152
[New] Epoch 645/1000 | classify: 1.0401 | total: 1.0401
[New] Epoch 646/1000 | classify: 0.9288 | total: 0.9288
[New] Epoch 647/1000 | classify: 0.8170 | total: 0.8170
[New] Epoch 648/1000 | classify: 0.9036 | total: 0.9036
[New] Epoch 649/1000 | classify: 0.9538 | total: 0.9538
[New] Epoch 650/1000 | classify: 0.7711 | total: 0.7711
--- 验证集 [epoch 650] ---
  准确率 (Accuracy):  0.7877
  精确率 (Precision): 0.7168
  召回率 (Recall):    0.6537
  F1 分数 (F1):       0.6744
✅ 模型已保存到 /home/kudouzala/Application/ion_detect/output/trained_model_save/exp_new_a/trained_model_epoch_650.pth
📁 损失值已保存到 /home/kudouzala/Application/ion_detect/output/trained_model_save/exp_new_a/training_loss_epoch_650.csv
[New] Epoch 651/1000 | classify: 0.8853 | total: 0.8853
[New] Epoch 652/1000 | classify: 0.8660 | total: 0.8660
[New] Epoch 653/1000 | classify: 0.9106 | total: 0.9106
[New] Epoch 654/1000 | classify: 0.8633 | total: 0.8633
[New] Epoch 655/1000 | classify: 0.7369 | total: 0.7369
[New] Epoch 656/1000 | classify: 0.8801 | total: 0.8801
[New] Epoch 657/1000 | classify: 0.7990 | total: 0.7990
[New] Epoch 658/1000 | classify: 0.8854 | total: 0.8854
[New] Epoch 659/1000 | classify: 0.8688 | total: 0.8688
[New] Epoch 660/1000 | classify: 0.8260 | total: 0.8260
--- 验证集 [epoch 660] ---
  准确率 (Accuracy):  0.7945
  精确率 (Precision): 0.7038
  召回率 (Recall):    0.6764
  F1 分数 (F1):       0.6846
[New] Epoch 661/1000 | classify: 0.9420 | total: 0.9420
[New] Epoch 662/1000 | classify: 0.8729 | total: 0.8729
[New] Epoch 663/1000 | classify: 1.0258 | total: 1.0258
[New] Epoch 664/1000 | classify: 0.9738 | total: 0.9738
[New] Epoch 665/1000 | classify: 0.8920 | total: 0.8920
[New] Epoch 666/1000 | classify: 0.8713 | total: 0.8713
[New] Epoch 667/1000 | classify: 0.9586 | total: 0.9586
[New] Epoch 668/1000 | classify: 0.8692 | total: 0.8692
[New] Epoch 669/1000 | classify: 0.8210 | total: 0.8210
[New] Epoch 670/1000 | classify: 0.9375 | total: 0.9375
--- 验证集 [epoch 670] ---
  准确率 (Accuracy):  0.8082
  精确率 (Precision): 0.7781
  召回率 (Recall):    0.7080
  F1 分数 (F1):       0.7151
[New] Epoch 671/1000 | classify: 0.8677 | total: 0.8677
[New] Epoch 672/1000 | classify: 1.0834 | total: 1.0834
[New] Epoch 673/1000 | classify: 0.8945 | total: 0.8945
[New] Epoch 674/1000 | classify: 0.9935 | total: 0.9935
[New] Epoch 675/1000 | classify: 0.8215 | total: 0.8215
[New] Epoch 676/1000 | classify: 0.9757 | total: 0.9757
[New] Epoch 677/1000 | classify: 0.7750 | total: 0.7750
[New] Epoch 678/1000 | classify: 0.8915 | total: 0.8915
[New] Epoch 679/1000 | classify: 1.0169 | total: 1.0169
[New] Epoch 680/1000 | classify: 0.9186 | total: 0.9186
--- 验证集 [epoch 680] ---
  准确率 (Accuracy):  0.8151
  精确率 (Precision): 0.7301
  召回率 (Recall):    0.7113
  F1 分数 (F1):       0.7179
[New] Epoch 681/1000 | classify: 0.9142 | total: 0.9142
[New] Epoch 682/1000 | classify: 0.9090 | total: 0.9090
[New] Epoch 683/1000 | classify: 1.0136 | total: 1.0136
[New] Epoch 684/1000 | classify: 0.9750 | total: 0.9750
[New] Epoch 685/1000 | classify: 0.8436 | total: 0.8436
[New] Epoch 686/1000 | classify: 0.9234 | total: 0.9234
[New] Epoch 687/1000 | classify: 0.9395 | total: 0.9395
[New] Epoch 688/1000 | classify: 0.9735 | total: 0.9735
[New] Epoch 689/1000 | classify: 0.8816 | total: 0.8816
[New] Epoch 690/1000 | classify: 0.9166 | total: 0.9166
--- 验证集 [epoch 690] ---
  准确率 (Accuracy):  0.8014
  精确率 (Precision): 0.7183
  召回率 (Recall):    0.6764
  F1 分数 (F1):       0.6939
[New] Epoch 691/1000 | classify: 0.9949 | total: 0.9949
[New] Epoch 692/1000 | classify: 0.9681 | total: 0.9681
[New] Epoch 693/1000 | classify: 0.9663 | total: 0.9663
[New] Epoch 694/1000 | classify: 0.9275 | total: 0.9275
[New] Epoch 695/1000 | classify: 0.9373 | total: 0.9373
[New] Epoch 696/1000 | classify: 0.9505 | total: 0.9505
[New] Epoch 697/1000 | classify: 0.9131 | total: 0.9131
[New] Epoch 698/1000 | classify: 0.9293 | total: 0.9293
[New] Epoch 699/1000 | classify: 0.9724 | total: 0.9724
[New] Epoch 700/1000 | classify: 0.9200 | total: 0.9200
--- 验证集 [epoch 700] ---
  准确率 (Accuracy):  0.8219
  精确率 (Precision): 0.7354
  召回率 (Recall):    0.7181
  F1 分数 (F1):       0.7251
✅ 模型已保存到 /home/kudouzala/Application/ion_detect/output/trained_model_save/exp_new_a/trained_model_epoch_700.pth
📁 损失值已保存到 /home/kudouzala/Application/ion_detect/output/trained_model_save/exp_new_a/training_loss_epoch_700.csv
[New] Epoch 701/1000 | classify: 0.9225 | total: 0.9225
[New] Epoch 702/1000 | classify: 0.8332 | total: 0.8332
[New] Epoch 703/1000 | classify: 1.0249 | total: 1.0249
[New] Epoch 704/1000 | classify: 1.0728 | total: 1.0728
[New] Epoch 705/1000 | classify: 0.9266 | total: 0.9266
[New] Epoch 706/1000 | classify: 0.9507 | total: 0.9507
[New] Epoch 707/1000 | classify: 0.9023 | total: 0.9023
[New] Epoch 708/1000 | classify: 1.0415 | total: 1.0415
[New] Epoch 709/1000 | classify: 0.9348 | total: 0.9348
[New] Epoch 710/1000 | classify: 0.8907 | total: 0.8907
--- 验证集 [epoch 710] ---
  准确率 (Accuracy):  0.8014
  精确率 (Precision): 0.7184
  召回率 (Recall):    0.6973
  F1 分数 (F1):       0.7045
[New] Epoch 711/1000 | classify: 0.9679 | total: 0.9679
[New] Epoch 712/1000 | classify: 0.9069 | total: 0.9069
[New] Epoch 713/1000 | classify: 0.9623 | total: 0.9623
[New] Epoch 714/1000 | classify: 0.9198 | total: 0.9198
[New] Epoch 715/1000 | classify: 0.9722 | total: 0.9722
[New] Epoch 716/1000 | classify: 0.9538 | total: 0.9538
[New] Epoch 717/1000 | classify: 0.8998 | total: 0.8998
[New] Epoch 718/1000 | classify: 0.9244 | total: 0.9244
[New] Epoch 719/1000 | classify: 0.9757 | total: 0.9757
[New] Epoch 720/1000 | classify: 1.0543 | total: 1.0543
--- 验证集 [epoch 720] ---
  准确率 (Accuracy):  0.7808
  精确率 (Precision): 0.6803
  召回率 (Recall):    0.6593
  F1 分数 (F1):       0.6687
[New] Epoch 721/1000 | classify: 0.9998 | total: 0.9998
[New] Epoch 722/1000 | classify: 0.9762 | total: 0.9762
[New] Epoch 723/1000 | classify: 0.9347 | total: 0.9347
[New] Epoch 724/1000 | classify: 0.8216 | total: 0.8216
[New] Epoch 725/1000 | classify: 0.9179 | total: 0.9179
[New] Epoch 726/1000 | classify: 0.9885 | total: 0.9885
[New] Epoch 727/1000 | classify: 1.0851 | total: 1.0851
[New] Epoch 728/1000 | classify: 1.0433 | total: 1.0433
[New] Epoch 729/1000 | classify: 1.0475 | total: 1.0475
[New] Epoch 730/1000 | classify: 0.9550 | total: 0.9550
--- 验证集 [epoch 730] ---
  准确率 (Accuracy):  0.7808
  精确率 (Precision): 0.6831
  召回率 (Recall):    0.6396
  F1 分数 (F1):       0.6583
[New] Epoch 731/1000 | classify: 0.9143 | total: 0.9143
[New] Epoch 732/1000 | classify: 1.0172 | total: 1.0172
[New] Epoch 733/1000 | classify: 0.9802 | total: 0.9802
[New] Epoch 734/1000 | classify: 0.8034 | total: 0.8034
[New] Epoch 735/1000 | classify: 1.0527 | total: 1.0527
[New] Epoch 736/1000 | classify: 0.9372 | total: 0.9372
[New] Epoch 737/1000 | classify: 0.9965 | total: 0.9965
[New] Epoch 738/1000 | classify: 0.9454 | total: 0.9454
[New] Epoch 739/1000 | classify: 1.1380 | total: 1.1380
[New] Epoch 740/1000 | classify: 0.9613 | total: 0.9613
--- 验证集 [epoch 740] ---
  准确率 (Accuracy):  0.7808
  精确率 (Precision): 0.7267
  召回率 (Recall):    0.6297
  F1 分数 (F1):       0.6632
[New] Epoch 741/1000 | classify: 0.9659 | total: 0.9659
[New] Epoch 742/1000 | classify: 0.9285 | total: 0.9285
[New] Epoch 743/1000 | classify: 1.0703 | total: 1.0703
[New] Epoch 744/1000 | classify: 0.8746 | total: 0.8746
[New] Epoch 745/1000 | classify: 0.9657 | total: 0.9657
[New] Epoch 746/1000 | classify: 0.9733 | total: 0.9733
[New] Epoch 747/1000 | classify: 0.9881 | total: 0.9881
[New] Epoch 748/1000 | classify: 0.9392 | total: 0.9392
[New] Epoch 749/1000 | classify: 0.9462 | total: 0.9462
[New] Epoch 750/1000 | classify: 1.0359 | total: 1.0359
--- 验证集 [epoch 750] ---
  准确率 (Accuracy):  0.7877
  精确率 (Precision): 0.6920
  召回率 (Recall):    0.6842
  F1 分数 (F1):       0.6751
✅ 模型已保存到 /home/kudouzala/Application/ion_detect/output/trained_model_save/exp_new_a/trained_model_epoch_750.pth
📁 损失值已保存到 /home/kudouzala/Application/ion_detect/output/trained_model_save/exp_new_a/training_loss_epoch_750.csv
[New] Epoch 751/1000 | classify: 1.0594 | total: 1.0594
[New] Epoch 752/1000 | classify: 1.0573 | total: 1.0573
[New] Epoch 753/1000 | classify: 0.9698 | total: 0.9698
[New] Epoch 754/1000 | classify: 0.9398 | total: 0.9398
[New] Epoch 755/1000 | classify: 0.8929 | total: 0.8929
[New] Epoch 756/1000 | classify: 1.0193 | total: 1.0193
[New] Epoch 757/1000 | classify: 0.9311 | total: 0.9311
[New] Epoch 758/1000 | classify: 1.1160 | total: 1.1160
[New] Epoch 759/1000 | classify: 1.0192 | total: 1.0192
[New] Epoch 760/1000 | classify: 0.8846 | total: 0.8846
--- 验证集 [epoch 760] ---
  准确率 (Accuracy):  0.8014
  精确率 (Precision): 0.7115
  召回率 (Recall):    0.6714
  F1 分数 (F1):       0.6870
[New] Epoch 761/1000 | classify: 1.0682 | total: 1.0682
[New] Epoch 762/1000 | classify: 1.1691 | total: 1.1691
[New] Epoch 763/1000 | classify: 0.9294 | total: 0.9294
[New] Epoch 764/1000 | classify: 0.9761 | total: 0.9761
[New] Epoch 765/1000 | classify: 0.9680 | total: 0.9680
[New] Epoch 766/1000 | classify: 1.0238 | total: 1.0238
[New] Epoch 767/1000 | classify: 0.9251 | total: 0.9251
[New] Epoch 768/1000 | classify: 0.9355 | total: 0.9355
[New] Epoch 769/1000 | classify: 1.0273 | total: 1.0273
[New] Epoch 770/1000 | classify: 1.0403 | total: 1.0403
--- 验证集 [epoch 770] ---
  准确率 (Accuracy):  0.7877
  精确率 (Precision): 0.6870
  召回率 (Recall):    0.6515
  F1 分数 (F1):       0.6661
[New] Epoch 771/1000 | classify: 1.1257 | total: 1.1257
[New] Epoch 772/1000 | classify: 0.9357 | total: 0.9357
[New] Epoch 773/1000 | classify: 1.0232 | total: 1.0232
[New] Epoch 774/1000 | classify: 1.0630 | total: 1.0630
[New] Epoch 775/1000 | classify: 1.0615 | total: 1.0615
[New] Epoch 776/1000 | classify: 1.0987 | total: 1.0987
[New] Epoch 777/1000 | classify: 0.9626 | total: 0.9626
[New] Epoch 778/1000 | classify: 1.0237 | total: 1.0237
[New] Epoch 779/1000 | classify: 0.9774 | total: 0.9774
[New] Epoch 780/1000 | classify: 1.1235 | total: 1.1235
--- 验证集 [epoch 780] ---
  准确率 (Accuracy):  0.7945
  精确率 (Precision): 0.7014
  召回率 (Recall):    0.6634
  F1 分数 (F1):       0.6803
[New] Epoch 781/1000 | classify: 0.9619 | total: 0.9619
[New] Epoch 782/1000 | classify: 1.0908 | total: 1.0908
[New] Epoch 783/1000 | classify: 1.0846 | total: 1.0846
[New] Epoch 784/1000 | classify: 1.0407 | total: 1.0407
[New] Epoch 785/1000 | classify: 0.9648 | total: 0.9648
[New] Epoch 786/1000 | classify: 0.9895 | total: 0.9895
[New] Epoch 787/1000 | classify: 1.1533 | total: 1.1533
[New] Epoch 788/1000 | classify: 0.9845 | total: 0.9845
[New] Epoch 789/1000 | classify: 1.0786 | total: 1.0786
[New] Epoch 790/1000 | classify: 0.9844 | total: 0.9844
--- 验证集 [epoch 790] ---
  准确率 (Accuracy):  0.8082
  精确率 (Precision): 0.7169
  召回率 (Recall):    0.7030
  F1 分数 (F1):       0.7073
[New] Epoch 791/1000 | classify: 0.9895 | total: 0.9895
[New] Epoch 792/1000 | classify: 1.0904 | total: 1.0904
[New] Epoch 793/1000 | classify: 0.9990 | total: 0.9990
[New] Epoch 794/1000 | classify: 1.0488 | total: 1.0488
[New] Epoch 795/1000 | classify: 1.1046 | total: 1.1046
[New] Epoch 796/1000 | classify: 1.0711 | total: 1.0711
[New] Epoch 797/1000 | classify: 1.0537 | total: 1.0537
[New] Epoch 798/1000 | classify: 0.9241 | total: 0.9241
[New] Epoch 799/1000 | classify: 1.1072 | total: 1.1072
[New] Epoch 800/1000 | classify: 0.9778 | total: 0.9778
--- 验证集 [epoch 800] ---
  准确率 (Accuracy):  0.7877
  精确率 (Precision): 0.6982
  召回率 (Recall):    0.6467
  F1 分数 (F1):       0.6682
✅ 模型已保存到 /home/kudouzala/Application/ion_detect/output/trained_model_save/exp_new_a/trained_model_epoch_800.pth
📁 损失值已保存到 /home/kudouzala/Application/ion_detect/output/trained_model_save/exp_new_a/training_loss_epoch_800.csv
[New] Epoch 801/1000 | classify: 1.0686 | total: 1.0686
[New] Epoch 802/1000 | classify: 1.1174 | total: 1.1174
[New] Epoch 803/1000 | classify: 1.0114 | total: 1.0114
[New] Epoch 804/1000 | classify: 0.9875 | total: 0.9875
[New] Epoch 805/1000 | classify: 1.0022 | total: 1.0022
[New] Epoch 806/1000 | classify: 0.9842 | total: 0.9842
[New] Epoch 807/1000 | classify: 1.0559 | total: 1.0559
[New] Epoch 808/1000 | classify: 1.0745 | total: 1.0745
[New] Epoch 809/1000 | classify: 1.0613 | total: 1.0613
[New] Epoch 810/1000 | classify: 1.0211 | total: 1.0211
--- 验证集 [epoch 810] ---
  准确率 (Accuracy):  0.7740
  精确率 (Precision): 0.6787
  召回率 (Recall):    0.6486
  F1 分数 (F1):       0.6591
[New] Epoch 811/1000 | classify: 1.0542 | total: 1.0542
[New] Epoch 812/1000 | classify: 1.0054 | total: 1.0054
[New] Epoch 813/1000 | classify: 0.9953 | total: 0.9953
[New] Epoch 814/1000 | classify: 1.0045 | total: 1.0045
[New] Epoch 815/1000 | classify: 0.9067 | total: 0.9067
[New] Epoch 816/1000 | classify: 0.9512 | total: 0.9512
[New] Epoch 817/1000 | classify: 1.1660 | total: 1.1660
[New] Epoch 818/1000 | classify: 0.9836 | total: 0.9836
[New] Epoch 819/1000 | classify: 1.0707 | total: 1.0707
[New] Epoch 820/1000 | classify: 1.0780 | total: 1.0780
--- 验证集 [epoch 820] ---
  准确率 (Accuracy):  0.8151
  精确率 (Precision): 0.7110
  召回率 (Recall):    0.7248
  F1 分数 (F1):       0.7154
[New] Epoch 821/1000 | classify: 1.1118 | total: 1.1118
[New] Epoch 822/1000 | classify: 1.0591 | total: 1.0591
[New] Epoch 823/1000 | classify: 0.9953 | total: 0.9953
[New] Epoch 824/1000 | classify: 1.0816 | total: 1.0816
[New] Epoch 825/1000 | classify: 1.0134 | total: 1.0134
[New] Epoch 826/1000 | classify: 1.1561 | total: 1.1561
[New] Epoch 827/1000 | classify: 1.0338 | total: 1.0338
[New] Epoch 828/1000 | classify: 1.0218 | total: 1.0218
[New] Epoch 829/1000 | classify: 1.0394 | total: 1.0394
[New] Epoch 830/1000 | classify: 0.8647 | total: 0.8647
--- 验证集 [epoch 830] ---
  准确率 (Accuracy):  0.7808
  精确率 (Precision): 0.6750
  召回率 (Recall):    0.6653
  F1 分数 (F1):       0.6670
[New] Epoch 831/1000 | classify: 1.1031 | total: 1.1031
[New] Epoch 832/1000 | classify: 1.0376 | total: 1.0376
[New] Epoch 833/1000 | classify: 1.0427 | total: 1.0427
[New] Epoch 834/1000 | classify: 1.0954 | total: 1.0954
[New] Epoch 835/1000 | classify: 1.0515 | total: 1.0515
[New] Epoch 836/1000 | classify: 0.8660 | total: 0.8660
[New] Epoch 837/1000 | classify: 0.9937 | total: 0.9937
[New] Epoch 838/1000 | classify: 0.9643 | total: 0.9643
[New] Epoch 839/1000 | classify: 1.0576 | total: 1.0576
[New] Epoch 840/1000 | classify: 1.0318 | total: 1.0318
--- 验证集 [epoch 840] ---
  准确率 (Accuracy):  0.7877
  精确率 (Precision): 0.6904
  召回率 (Recall):    0.6772
  F1 分数 (F1):       0.6784
[New] Epoch 841/1000 | classify: 1.0725 | total: 1.0725
[New] Epoch 842/1000 | classify: 0.9787 | total: 0.9787
[New] Epoch 843/1000 | classify: 1.0134 | total: 1.0134
[New] Epoch 844/1000 | classify: 1.0441 | total: 1.0441
[New] Epoch 845/1000 | classify: 1.0755 | total: 1.0755
[New] Epoch 846/1000 | classify: 1.0567 | total: 1.0567
[New] Epoch 847/1000 | classify: 1.0224 | total: 1.0224
[New] Epoch 848/1000 | classify: 1.0403 | total: 1.0403
[New] Epoch 849/1000 | classify: 1.0170 | total: 1.0170
[New] Epoch 850/1000 | classify: 1.0679 | total: 1.0679
--- 验证集 [epoch 850] ---
  准确率 (Accuracy):  0.8014
  精确率 (Precision): 0.7217
  召回率 (Recall):    0.6922
  F1 分数 (F1):       0.7053
✅ 模型已保存到 /home/kudouzala/Application/ion_detect/output/trained_model_save/exp_new_a/trained_model_epoch_850.pth
📁 损失值已保存到 /home/kudouzala/Application/ion_detect/output/trained_model_save/exp_new_a/training_loss_epoch_850.csv
[New] Epoch 851/1000 | classify: 1.1148 | total: 1.1148
[New] Epoch 852/1000 | classify: 0.9151 | total: 0.9151
[New] Epoch 853/1000 | classify: 1.1057 | total: 1.1057
[New] Epoch 854/1000 | classify: 1.1481 | total: 1.1481
[New] Epoch 855/1000 | classify: 1.0955 | total: 1.0955
[New] Epoch 856/1000 | classify: 1.1288 | total: 1.1288
[New] Epoch 857/1000 | classify: 1.1025 | total: 1.1025
[New] Epoch 858/1000 | classify: 1.0319 | total: 1.0319
[New] Epoch 859/1000 | classify: 0.9013 | total: 0.9013
[New] Epoch 860/1000 | classify: 1.1516 | total: 1.1516
--- 验证集 [epoch 860] ---
  准确率 (Accuracy):  0.8014
  精确率 (Precision): 0.7162
  召回率 (Recall):    0.6962
  F1 分数 (F1):       0.7035
[New] Epoch 861/1000 | classify: 1.0533 | total: 1.0533
[New] Epoch 862/1000 | classify: 1.0739 | total: 1.0739
[New] Epoch 863/1000 | classify: 1.1209 | total: 1.1209
[New] Epoch 864/1000 | classify: 1.1256 | total: 1.1256
[New] Epoch 865/1000 | classify: 1.1182 | total: 1.1182
[New] Epoch 866/1000 | classify: 1.0610 | total: 1.0610
[New] Epoch 867/1000 | classify: 1.0538 | total: 1.0538
[New] Epoch 868/1000 | classify: 1.0603 | total: 1.0603
[New] Epoch 869/1000 | classify: 0.9884 | total: 0.9884
[New] Epoch 870/1000 | classify: 1.0282 | total: 1.0282
--- 验证集 [epoch 870] ---
  准确率 (Accuracy):  0.8082
  精确率 (Precision): 0.7272
  召回率 (Recall):    0.7140
  F1 分数 (F1):       0.7192
[New] Epoch 871/1000 | classify: 1.0413 | total: 1.0413
[New] Epoch 872/1000 | classify: 1.0256 | total: 1.0256
[New] Epoch 873/1000 | classify: 1.0957 | total: 1.0957
[New] Epoch 874/1000 | classify: 1.1266 | total: 1.1266
[New] Epoch 875/1000 | classify: 1.0939 | total: 1.0939
[New] Epoch 876/1000 | classify: 1.0337 | total: 1.0337
[New] Epoch 877/1000 | classify: 1.0133 | total: 1.0133
[New] Epoch 878/1000 | classify: 1.0405 | total: 1.0405
[New] Epoch 879/1000 | classify: 1.0252 | total: 1.0252
[New] Epoch 880/1000 | classify: 0.9915 | total: 0.9915
--- 验证集 [epoch 880] ---
  准确率 (Accuracy):  0.8014
  精确率 (Precision): 0.7113
  召回率 (Recall):    0.7010
  F1 分数 (F1):       0.7034
[New] Epoch 881/1000 | classify: 1.1034 | total: 1.1034
[New] Epoch 882/1000 | classify: 1.0319 | total: 1.0319
[New] Epoch 883/1000 | classify: 1.0738 | total: 1.0738
[New] Epoch 884/1000 | classify: 0.9447 | total: 0.9447
[New] Epoch 885/1000 | classify: 1.0479 | total: 1.0479
[New] Epoch 886/1000 | classify: 1.0956 | total: 1.0956
[New] Epoch 887/1000 | classify: 1.0520 | total: 1.0520
[New] Epoch 888/1000 | classify: 0.9619 | total: 0.9619
[New] Epoch 889/1000 | classify: 1.0090 | total: 1.0090
[New] Epoch 890/1000 | classify: 1.0238 | total: 1.0238
--- 验证集 [epoch 890] ---
  准确率 (Accuracy):  0.7945
  精确率 (Precision): 0.7003
  召回率 (Recall):    0.6792
  F1 分数 (F1):       0.6856
[New] Epoch 891/1000 | classify: 1.0644 | total: 1.0644
[New] Epoch 892/1000 | classify: 1.0250 | total: 1.0250
[New] Epoch 893/1000 | classify: 1.1694 | total: 1.1694
[New] Epoch 894/1000 | classify: 1.1009 | total: 1.1009
[New] Epoch 895/1000 | classify: 1.0092 | total: 1.0092
[New] Epoch 896/1000 | classify: 0.9442 | total: 0.9442
[New] Epoch 897/1000 | classify: 1.1323 | total: 1.1323
[New] Epoch 898/1000 | classify: 1.0086 | total: 1.0086
[New] Epoch 899/1000 | classify: 0.9842 | total: 0.9842
[New] Epoch 900/1000 | classify: 1.1337 | total: 1.1337
--- 验证集 [epoch 900] ---
  准确率 (Accuracy):  0.7877
  精确率 (Precision): 0.6875
  召回率 (Recall):    0.6772
  F1 分数 (F1):       0.6780
✅ 模型已保存到 /home/kudouzala/Application/ion_detect/output/trained_model_save/exp_new_a/trained_model_epoch_900.pth
📁 损失值已保存到 /home/kudouzala/Application/ion_detect/output/trained_model_save/exp_new_a/training_loss_epoch_900.csv
[New] Epoch 901/1000 | classify: 1.0540 | total: 1.0540
[New] Epoch 902/1000 | classify: 1.0442 | total: 1.0442
[New] Epoch 903/1000 | classify: 1.1303 | total: 1.1303
[New] Epoch 904/1000 | classify: 1.1054 | total: 1.1054
[New] Epoch 905/1000 | classify: 0.9731 | total: 0.9731
[New] Epoch 906/1000 | classify: 1.1414 | total: 1.1414
[New] Epoch 907/1000 | classify: 1.0222 | total: 1.0222
[New] Epoch 908/1000 | classify: 1.0795 | total: 1.0795
[New] Epoch 909/1000 | classify: 1.0935 | total: 1.0935
[New] Epoch 910/1000 | classify: 0.9541 | total: 0.9541
--- 验证集 [epoch 910] ---
  准确率 (Accuracy):  0.8151
  精确率 (Precision): 0.7221
  召回率 (Recall):    0.7248
  F1 分数 (F1):       0.7214
[New] Epoch 911/1000 | classify: 1.1770 | total: 1.1770
[New] Epoch 912/1000 | classify: 1.1072 | total: 1.1072
[New] Epoch 913/1000 | classify: 0.9995 | total: 0.9995
[New] Epoch 914/1000 | classify: 1.0848 | total: 1.0848
[New] Epoch 915/1000 | classify: 1.0698 | total: 1.0698
[New] Epoch 916/1000 | classify: 0.9975 | total: 0.9975
[New] Epoch 917/1000 | classify: 0.9874 | total: 0.9874
[New] Epoch 918/1000 | classify: 1.0322 | total: 1.0322
[New] Epoch 919/1000 | classify: 1.0844 | total: 1.0844
[New] Epoch 920/1000 | classify: 1.0634 | total: 1.0634
--- 验证集 [epoch 920] ---
  准确率 (Accuracy):  0.7877
  精确率 (Precision): 0.6821
  召回率 (Recall):    0.6823
  F1 分数 (F1):       0.6768
[New] Epoch 921/1000 | classify: 0.9831 | total: 0.9831
[New] Epoch 922/1000 | classify: 1.1311 | total: 1.1311
[New] Epoch 923/1000 | classify: 1.0759 | total: 1.0759
[New] Epoch 924/1000 | classify: 1.0027 | total: 1.0027
[New] Epoch 925/1000 | classify: 0.9445 | total: 0.9445
[New] Epoch 926/1000 | classify: 0.9709 | total: 0.9709
[New] Epoch 927/1000 | classify: 1.0267 | total: 1.0267
[New] Epoch 928/1000 | classify: 1.0047 | total: 1.0047
[New] Epoch 929/1000 | classify: 0.9980 | total: 0.9980
[New] Epoch 930/1000 | classify: 1.1627 | total: 1.1627
--- 验证集 [epoch 930] ---
  准确率 (Accuracy):  0.7740
  精确率 (Precision): 0.6534
  召回率 (Recall):    0.6585
  F1 分数 (F1):       0.6510
[New] Epoch 931/1000 | classify: 1.0551 | total: 1.0551
[New] Epoch 932/1000 | classify: 1.1289 | total: 1.1289
[New] Epoch 933/1000 | classify: 1.1362 | total: 1.1362
[New] Epoch 934/1000 | classify: 1.1047 | total: 1.1047
[New] Epoch 935/1000 | classify: 1.0622 | total: 1.0622
[New] Epoch 936/1000 | classify: 1.0243 | total: 1.0243
[New] Epoch 937/1000 | classify: 1.0823 | total: 1.0823
[New] Epoch 938/1000 | classify: 0.9990 | total: 0.9990
[New] Epoch 939/1000 | classify: 1.0334 | total: 1.0334
[New] Epoch 940/1000 | classify: 1.1933 | total: 1.1933
--- 验证集 [epoch 940] ---
  准确率 (Accuracy):  0.7877
  精确率 (Precision): 0.6875
  召回率 (Recall):    0.6772
  F1 分数 (F1):       0.6780
[New] Epoch 941/1000 | classify: 1.0965 | total: 1.0965
[New] Epoch 942/1000 | classify: 1.1620 | total: 1.1620
[New] Epoch 943/1000 | classify: 1.0066 | total: 1.0066
[New] Epoch 944/1000 | classify: 1.1197 | total: 1.1197
[New] Epoch 945/1000 | classify: 1.1230 | total: 1.1230
[New] Epoch 946/1000 | classify: 1.1256 | total: 1.1256
[New] Epoch 947/1000 | classify: 1.0551 | total: 1.0551
[New] Epoch 948/1000 | classify: 1.1087 | total: 1.1087
[New] Epoch 949/1000 | classify: 0.9981 | total: 0.9981
[New] Epoch 950/1000 | classify: 1.1134 | total: 1.1134
--- 验证集 [epoch 950] ---
  准确率 (Accuracy):  0.7877
  精确率 (Precision): 0.6875
  召回率 (Recall):    0.6772
  F1 分数 (F1):       0.6780
✅ 模型已保存到 /home/kudouzala/Application/ion_detect/output/trained_model_save/exp_new_a/trained_model_epoch_950.pth
📁 损失值已保存到 /home/kudouzala/Application/ion_detect/output/trained_model_save/exp_new_a/training_loss_epoch_950.csv
[New] Epoch 951/1000 | classify: 1.1861 | total: 1.1861
[New] Epoch 952/1000 | classify: 1.0567 | total: 1.0567
[New] Epoch 953/1000 | classify: 1.1036 | total: 1.1036
[New] Epoch 954/1000 | classify: 0.9883 | total: 0.9883
[New] Epoch 955/1000 | classify: 0.9465 | total: 0.9465
[New] Epoch 956/1000 | classify: 1.0349 | total: 1.0349
[New] Epoch 957/1000 | classify: 1.0778 | total: 1.0778
[New] Epoch 958/1000 | classify: 1.1271 | total: 1.1271
[New] Epoch 959/1000 | classify: 1.0030 | total: 1.0030
[New] Epoch 960/1000 | classify: 1.1342 | total: 1.1342
--- 验证集 [epoch 960] ---
  准确率 (Accuracy):  0.7877
  精确率 (Precision): 0.6937
  召回率 (Recall):    0.6772
  F1 分数 (F1):       0.6821
[New] Epoch 961/1000 | classify: 1.0404 | total: 1.0404
[New] Epoch 962/1000 | classify: 1.0261 | total: 1.0261
[New] Epoch 963/1000 | classify: 1.0295 | total: 1.0295
[New] Epoch 964/1000 | classify: 1.0033 | total: 1.0033
[New] Epoch 965/1000 | classify: 1.0931 | total: 1.0931
[New] Epoch 966/1000 | classify: 1.1691 | total: 1.1691
[New] Epoch 967/1000 | classify: 1.1035 | total: 1.1035
[New] Epoch 968/1000 | classify: 1.0802 | total: 1.0802
[New] Epoch 969/1000 | classify: 1.0173 | total: 1.0173
[New] Epoch 970/1000 | classify: 0.9996 | total: 0.9996
--- 验证集 [epoch 970] ---
  准确率 (Accuracy):  0.7808
  精确率 (Precision): 0.6686
  召回率 (Recall):    0.6605
  F1 分数 (F1):       0.6613
[New] Epoch 971/1000 | classify: 1.1619 | total: 1.1619
[New] Epoch 972/1000 | classify: 1.1031 | total: 1.1031
[New] Epoch 973/1000 | classify: 1.1736 | total: 1.1736
[New] Epoch 974/1000 | classify: 1.0694 | total: 1.0694
[New] Epoch 975/1000 | classify: 1.1922 | total: 1.1922
[New] Epoch 976/1000 | classify: 1.0728 | total: 1.0728
[New] Epoch 977/1000 | classify: 1.1328 | total: 1.1328
[New] Epoch 978/1000 | classify: 1.1433 | total: 1.1433
[New] Epoch 979/1000 | classify: 1.1229 | total: 1.1229
[New] Epoch 980/1000 | classify: 1.1492 | total: 1.1492
--- 验证集 [epoch 980] ---
  准确率 (Accuracy):  0.8014
  精确率 (Precision): 0.6986
  召回率 (Recall):    0.7061
  F1 分数 (F1):       0.7004
[New] Epoch 981/1000 | classify: 1.0743 | total: 1.0743
[New] Epoch 982/1000 | classify: 1.0604 | total: 1.0604
[New] Epoch 983/1000 | classify: 1.0807 | total: 1.0807
[New] Epoch 984/1000 | classify: 1.0932 | total: 1.0932
[New] Epoch 985/1000 | classify: 1.2189 | total: 1.2189
[New] Epoch 986/1000 | classify: 1.0418 | total: 1.0418
[New] Epoch 987/1000 | classify: 0.9894 | total: 0.9894
[New] Epoch 988/1000 | classify: 1.0883 | total: 1.0883
[New] Epoch 989/1000 | classify: 1.0659 | total: 1.0659
[New] Epoch 990/1000 | classify: 1.0910 | total: 1.0910
--- 验证集 [epoch 990] ---
  准确率 (Accuracy):  0.7877
  精确率 (Precision): 0.6904
  召回率 (Recall):    0.6724
  F1 分数 (F1):       0.6777
[New] Epoch 991/1000 | classify: 0.9926 | total: 0.9926
[New] Epoch 992/1000 | classify: 1.1513 | total: 1.1513
[New] Epoch 993/1000 | classify: 1.0317 | total: 1.0317
[New] Epoch 994/1000 | classify: 1.1100 | total: 1.1100
[New] Epoch 995/1000 | classify: 1.0738 | total: 1.0738
[New] Epoch 996/1000 | classify: 1.0386 | total: 1.0386
[New] Epoch 997/1000 | classify: 1.0970 | total: 1.0970
[New] Epoch 998/1000 | classify: 1.1044 | total: 1.1044
[New] Epoch 999/1000 | classify: 1.1379 | total: 1.1379
[New] Epoch 1000/1000 | classify: 1.1252 | total: 1.1252
--- 验证集 [epoch 1000] ---
  准确率 (Accuracy):  0.7877
  精确率 (Precision): 0.6904
  召回率 (Recall):    0.6724
  F1 分数 (F1):       0.6777
✅ 模型已保存到 /home/kudouzala/Application/ion_detect/output/trained_model_save/exp_new_a/trained_model_epoch_1000.pth
📁 损失值已保存到 /home/kudouzala/Application/ion_detect/output/trained_model_save/exp_new_a/training_loss_epoch_1000.csv
✅ 模型已保存到 /home/kudouzala/Application/ion_detect/output/trained_model_save/exp_new_a/trained_model_epoch_final.pth
📁 损失值已保存到 /home/kudouzala/Application/ion_detect/output/trained_model_save/exp_new_a/training_loss_epoch_final.csv
