✅ no_overlap 划分: 测试集 150 个（ion_column 74 个，≤3/10）-> /home/kudouzala/Application/ion_detect/datasets/datasets_for_all_test_no_overlap/exp_new_g，训练集 709 个 -> /home/kudouzala/Application/ion_detect/datasets/datasets_for_all_train_no_overlap/exp_new_g（已排除同前缀且窗口含测试前 3 个时间点的样本）
✅ 当前使用设备: cuda
📂 训练集目录: /home/kudouzala/Application/ion_detect/datasets/datasets_for_all_train_no_overlap/exp_new_g
📂 测试/验证集目录: /home/kudouzala/Application/ion_detect/datasets/datasets_for_all_test_no_overlap/exp_new_g
🧪 experiment: exp_new_g
🚀 进入训练模式 (--train)
Skipping file 20240822_10ppm铜离子污染测试_新版电解槽_ion_column_gamry_[56, 58, 60, 62].xlsx: impedance points 54 < 63
Skipping file 20240822_10ppm铜离子污染测试_新版电解槽_ion_column_gamry_[36, 38, 40, 42].xlsx: impedance points 54 < 63
Skipping file 20240822_10ppm铜离子污染测试_新版电解槽_ion_column_gamry_[34, 36, 38, 40].xlsx: impedance points 54 < 63
[LEAK-CHECK] overlap(train, val) = 0
[DEBUG] data_folder = /home/kudouzala/Application/ion_detect/datasets/datasets_for_all_train_no_overlap/exp_new_g
[DEBUG] base_train.file_names[:10] =
   20241107_0.1ppm钙离子污染及恢复测试_新版电解槽_ion_firecloud_[14, 16, 18, 20].xlsx
   20240910_10ppm钙离子污染测试_新版电解槽_ion_column_gamry_[2, 4, 6, 8].xlsx
   20241006_2ppm铬离子污染测试_旧版电解槽_ion_firecloud_[22, 24, 26, 28].xlsx
   20241117_2ppm钠离子污染及恢复测试40摄氏度_新版电解槽_ion_gamry_[22, 24, 26, 28].xlsx
   20241227_10ppm铜离子污染及恢复测试_旧版电解槽_ion_gamry_[4, 6, 8, 10].xlsx
   20241003_2ppm镍离子污染测试_新版电解槽_ion_gamry_[20, 22, 24, 26].xlsx
   20241112_2ppm钠离子污染和恢复测试80摄氏度_新版电解槽_ion_column_renew_H2SO4_gamry_[14, 16, 18, 20].xlsx
   20240910_10ppm钙离子污染测试_新版电解槽_ion_gamry_[2, 4, 6, 8].xlsx
   20241213_2ppm钠离子污染及恢复测试_新版电解槽_ion_column_renew_H2SO4_gamry_[12, 14, 16, 18].xlsx
   20241010_2ppm钠离子污染测试_新版电解槽_ion_firecloud_[28, 30, 32, 34].xlsx
[DEBUG] exist check (first 10):
   /home/kudouzala/Application/ion_detect/datasets/datasets_for_all_train_no_overlap/exp_new_g/20241107_0.1ppm钙离子污染及恢复测试_新版电解槽_ion_firecloud_[14, 16, 18, 20].xlsx exists= True
   /home/kudouzala/Application/ion_detect/datasets/datasets_for_all_train_no_overlap/exp_new_g/20240910_10ppm钙离子污染测试_新版电解槽_ion_column_gamry_[2, 4, 6, 8].xlsx exists= True
   /home/kudouzala/Application/ion_detect/datasets/datasets_for_all_train_no_overlap/exp_new_g/20241006_2ppm铬离子污染测试_旧版电解槽_ion_firecloud_[22, 24, 26, 28].xlsx exists= True
   /home/kudouzala/Application/ion_detect/datasets/datasets_for_all_train_no_overlap/exp_new_g/20241117_2ppm钠离子污染及恢复测试40摄氏度_新版电解槽_ion_gamry_[22, 24, 26, 28].xlsx exists= True
   /home/kudouzala/Application/ion_detect/datasets/datasets_for_all_train_no_overlap/exp_new_g/20241227_10ppm铜离子污染及恢复测试_旧版电解槽_ion_gamry_[4, 6, 8, 10].xlsx exists= True
   /home/kudouzala/Application/ion_detect/datasets/datasets_for_all_train_no_overlap/exp_new_g/20241003_2ppm镍离子污染测试_新版电解槽_ion_gamry_[20, 22, 24, 26].xlsx exists= True
   /home/kudouzala/Application/ion_detect/datasets/datasets_for_all_train_no_overlap/exp_new_g/20241112_2ppm钠离子污染和恢复测试80摄氏度_新版电解槽_ion_column_renew_H2SO4_gamry_[14, 16, 18, 20].xlsx exists= True
   /home/kudouzala/Application/ion_detect/datasets/datasets_for_all_train_no_overlap/exp_new_g/20240910_10ppm钙离子污染测试_新版电解槽_ion_gamry_[2, 4, 6, 8].xlsx exists= True
   /home/kudouzala/Application/ion_detect/datasets/datasets_for_all_train_no_overlap/exp_new_g/20241213_2ppm钠离子污染及恢复测试_新版电解槽_ion_column_renew_H2SO4_gamry_[12, 14, 16, 18].xlsx exists= True
   /home/kudouzala/Application/ion_detect/datasets/datasets_for_all_train_no_overlap/exp_new_g/20241010_2ppm钠离子污染测试_新版电解槽_ion_firecloud_[28, 30, 32, 34].xlsx exists= True
Skipping file 20240822_10ppm铜离子污染测试_新版电解槽_ion_column_gamry_[28, 30, 32, 34].xlsx: impedance points 54 < 63
Skipping file 20240822_10ppm铜离子污染测试_新版电解槽_ion_column_gamry_[50, 52, 54, 56].xlsx: impedance points 54 < 63
Skipping file 20240822_10ppm铜离子污染测试_新版电解槽_ion_column_gamry_[24, 26, 28, 30].xlsx: impedance points 54 < 63
Skipping file 20240822_10ppm铜离子污染测试_新版电解槽_ion_column_gamry_[44, 46, 48, 50].xlsx: impedance points 54 < 63

[PairDataset][Example pairs] (show up to 50)
  [1] A(idx=431) 20241107_0.1ppm钙离子污染及恢复测试_新版电解槽_ion_firecloud_[0, 2, 4, 6].xlsx  times=[0, 2, 4, 6]
      → B(idx=253) 20241107_0.1ppm钙离子污染及恢复测试_新版电解槽_ion_firecloud_[4, 6, 8, 10].xlsx  times=[4, 6, 8, 10]  dummy=False
  [2] A(idx=678) 20241107_0.1ppm钙离子污染及恢复测试_新版电解槽_ion_firecloud_[2, 4, 6, 8].xlsx  times=[2, 4, 6, 8]
      → B(idx=484) 20241107_0.1ppm钙离子污染及恢复测试_新版电解槽_ion_firecloud_[6, 8, 10, 12].xlsx  times=[6, 8, 10, 12]  dummy=False
  [3] A(idx=253) 20241107_0.1ppm钙离子污染及恢复测试_新版电解槽_ion_firecloud_[4, 6, 8, 10].xlsx  times=[4, 6, 8, 10]
      → B(idx=481) 20241107_0.1ppm钙离子污染及恢复测试_新版电解槽_ion_firecloud_[8, 10, 12, 14].xlsx  times=[8, 10, 12, 14]  dummy=False
  [4] A(idx=484) 20241107_0.1ppm钙离子污染及恢复测试_新版电解槽_ion_firecloud_[6, 8, 10, 12].xlsx  times=[6, 8, 10, 12]
      → B(idx=547) 20241107_0.1ppm钙离子污染及恢复测试_新版电解槽_ion_firecloud_[10, 12, 14, 16].xlsx  times=[10, 12, 14, 16]  dummy=False
  [5] A(idx=481) 20241107_0.1ppm钙离子污染及恢复测试_新版电解槽_ion_firecloud_[8, 10, 12, 14].xlsx  times=[8, 10, 12, 14]
      → B(idx=138) 20241107_0.1ppm钙离子污染及恢复测试_新版电解槽_ion_firecloud_[12, 14, 16, 18].xlsx  times=[12, 14, 16, 18]  dummy=False
  [6] A(idx=547) 20241107_0.1ppm钙离子污染及恢复测试_新版电解槽_ion_firecloud_[10, 12, 14, 16].xlsx  times=[10, 12, 14, 16]
      → B(idx=0) 20241107_0.1ppm钙离子污染及恢复测试_新版电解槽_ion_firecloud_[14, 16, 18, 20].xlsx  times=[14, 16, 18, 20]  dummy=False
  [7] A(idx=138) 20241107_0.1ppm钙离子污染及恢复测试_新版电解槽_ion_firecloud_[12, 14, 16, 18].xlsx  times=[12, 14, 16, 18]
      → B(idx=52) 20241107_0.1ppm钙离子污染及恢复测试_新版电解槽_ion_firecloud_[16, 18, 20, 22].xlsx  times=[16, 18, 20, 22]  dummy=False
  [8] A(idx=0) 20241107_0.1ppm钙离子污染及恢复测试_新版电解槽_ion_firecloud_[14, 16, 18, 20].xlsx  times=[14, 16, 18, 20]
      → B(idx=436) 20241107_0.1ppm钙离子污染及恢复测试_新版电解槽_ion_firecloud_[18, 20, 22, 24].xlsx  times=[18, 20, 22, 24]  dummy=False
  [9] A(idx=52) 20241107_0.1ppm钙离子污染及恢复测试_新版电解槽_ion_firecloud_[16, 18, 20, 22].xlsx  times=[16, 18, 20, 22]
      → B(idx=352) 20241107_0.1ppm钙离子污染及恢复测试_新版电解槽_ion_firecloud_[20, 22, 24, 26].xlsx  times=[20, 22, 24, 26]  dummy=False
  [10] A(idx=436) 20241107_0.1ppm钙离子污染及恢复测试_新版电解槽_ion_firecloud_[18, 20, 22, 24].xlsx  times=[18, 20, 22, 24]
      → B(idx=436) 20241107_0.1ppm钙离子污染及恢复测试_新版电解槽_ion_firecloud_[18, 20, 22, 24].xlsx  times=[18, 20, 22, 24]  dummy=True
  [11] A(idx=352) 20241107_0.1ppm钙离子污染及恢复测试_新版电解槽_ion_firecloud_[20, 22, 24, 26].xlsx  times=[20, 22, 24, 26]
      → B(idx=352) 20241107_0.1ppm钙离子污染及恢复测试_新版电解槽_ion_firecloud_[20, 22, 24, 26].xlsx  times=[20, 22, 24, 26]  dummy=True
  [12] A(idx=377) 20241107_0.1ppm钙离子污染及恢复测试_新版电解槽_ion_firecloud_[34, 36, 38, 40].xlsx  times=[34, 36, 38, 40]
      → B(idx=134) 20241107_0.1ppm钙离子污染及恢复测试_新版电解槽_ion_firecloud_[38, 40, 42, 44].xlsx  times=[38, 40, 42, 44]  dummy=False
  [13] A(idx=67) 20241107_0.1ppm钙离子污染及恢复测试_新版电解槽_ion_firecloud_[36, 38, 40, 42].xlsx  times=[36, 38, 40, 42]
      → B(idx=329) 20241107_0.1ppm钙离子污染及恢复测试_新版电解槽_ion_firecloud_[40, 42, 44, 46].xlsx  times=[40, 42, 44, 46]  dummy=False
  [14] A(idx=134) 20241107_0.1ppm钙离子污染及恢复测试_新版电解槽_ion_firecloud_[38, 40, 42, 44].xlsx  times=[38, 40, 42, 44]
      → B(idx=134) 20241107_0.1ppm钙离子污染及恢复测试_新版电解槽_ion_firecloud_[38, 40, 42, 44].xlsx  times=[38, 40, 42, 44]  dummy=True
  [15] A(idx=329) 20241107_0.1ppm钙离子污染及恢复测试_新版电解槽_ion_firecloud_[40, 42, 44, 46].xlsx  times=[40, 42, 44, 46]
      → B(idx=329) 20241107_0.1ppm钙离子污染及恢复测试_新版电解槽_ion_firecloud_[40, 42, 44, 46].xlsx  times=[40, 42, 44, 46]  dummy=True
  [16] A(idx=478) 20240910_10ppm钙离子污染测试_新版电解槽_ion_column_gamry_[0, 2, 4, 6].xlsx  times=[0, 2, 4, 6]
      → B(idx=540) 20240910_10ppm钙离子污染测试_新版电解槽_ion_column_gamry_[4, 6, 8, 10].xlsx  times=[4, 6, 8, 10]  dummy=False
  [17] A(idx=1) 20240910_10ppm钙离子污染测试_新版电解槽_ion_column_gamry_[2, 4, 6, 8].xlsx  times=[2, 4, 6, 8]
      → B(idx=516) 20240910_10ppm钙离子污染测试_新版电解槽_ion_column_gamry_[6, 8, 10, 12].xlsx  times=[6, 8, 10, 12]  dummy=False
  [18] A(idx=540) 20240910_10ppm钙离子污染测试_新版电解槽_ion_column_gamry_[4, 6, 8, 10].xlsx  times=[4, 6, 8, 10]
      → B(idx=413) 20240910_10ppm钙离子污染测试_新版电解槽_ion_column_gamry_[8, 10, 12, 14].xlsx  times=[8, 10, 12, 14]  dummy=False
  [19] A(idx=516) 20240910_10ppm钙离子污染测试_新版电解槽_ion_column_gamry_[6, 8, 10, 12].xlsx  times=[6, 8, 10, 12]
      → B(idx=410) 20240910_10ppm钙离子污染测试_新版电解槽_ion_column_gamry_[10, 12, 14, 16].xlsx  times=[10, 12, 14, 16]  dummy=False
  [20] A(idx=413) 20240910_10ppm钙离子污染测试_新版电解槽_ion_column_gamry_[8, 10, 12, 14].xlsx  times=[8, 10, 12, 14]
      → B(idx=156) 20240910_10ppm钙离子污染测试_新版电解槽_ion_column_gamry_[12, 14, 16, 18].xlsx  times=[12, 14, 16, 18]  dummy=False
  [21] A(idx=410) 20240910_10ppm钙离子污染测试_新版电解槽_ion_column_gamry_[10, 12, 14, 16].xlsx  times=[10, 12, 14, 16]
      → B(idx=366) 20240910_10ppm钙离子污染测试_新版电解槽_ion_column_gamry_[14, 16, 18, 20].xlsx  times=[14, 16, 18, 20]  dummy=False
  [22] A(idx=156) 20240910_10ppm钙离子污染测试_新版电解槽_ion_column_gamry_[12, 14, 16, 18].xlsx  times=[12, 14, 16, 18]
      → B(idx=156) 20240910_10ppm钙离子污染测试_新版电解槽_ion_column_gamry_[12, 14, 16, 18].xlsx  times=[12, 14, 16, 18]  dummy=True
  [23] A(idx=366) 20240910_10ppm钙离子污染测试_新版电解槽_ion_column_gamry_[14, 16, 18, 20].xlsx  times=[14, 16, 18, 20]
      → B(idx=366) 20240910_10ppm钙离子污染测试_新版电解槽_ion_column_gamry_[14, 16, 18, 20].xlsx  times=[14, 16, 18, 20]  dummy=True
  [24] A(idx=94) 20241006_2ppm铬离子污染测试_旧版电解槽_ion_firecloud_[0, 2, 4, 6].xlsx  times=[0, 2, 4, 6]
      → B(idx=94) 20241006_2ppm铬离子污染测试_旧版电解槽_ion_firecloud_[0, 2, 4, 6].xlsx  times=[0, 2, 4, 6]  dummy=True
  [25] A(idx=550) 20241006_2ppm铬离子污染测试_旧版电解槽_ion_firecloud_[2, 4, 6, 8].xlsx  times=[2, 4, 6, 8]
      → B(idx=550) 20241006_2ppm铬离子污染测试_旧版电解槽_ion_firecloud_[2, 4, 6, 8].xlsx  times=[2, 4, 6, 8]  dummy=True
  [26] A(idx=538) 20241006_2ppm铬离子污染测试_旧版电解槽_ion_firecloud_[16, 18, 20, 22].xlsx  times=[16, 18, 20, 22]
      → B(idx=430) 20241006_2ppm铬离子污染测试_旧版电解槽_ion_firecloud_[20, 22, 24, 26].xlsx  times=[20, 22, 24, 26]  dummy=False
  [27] A(idx=32) 20241006_2ppm铬离子污染测试_旧版电解槽_ion_firecloud_[18, 20, 22, 24].xlsx  times=[18, 20, 22, 24]
      → B(idx=2) 20241006_2ppm铬离子污染测试_旧版电解槽_ion_firecloud_[22, 24, 26, 28].xlsx  times=[22, 24, 26, 28]  dummy=False
  [28] A(idx=430) 20241006_2ppm铬离子污染测试_旧版电解槽_ion_firecloud_[20, 22, 24, 26].xlsx  times=[20, 22, 24, 26]
      → B(idx=87) 20241006_2ppm铬离子污染测试_旧版电解槽_ion_firecloud_[24, 26, 28, 30].xlsx  times=[24, 26, 28, 30]  dummy=False
  [29] A(idx=2) 20241006_2ppm铬离子污染测试_旧版电解槽_ion_firecloud_[22, 24, 26, 28].xlsx  times=[22, 24, 26, 28]
      → B(idx=260) 20241006_2ppm铬离子污染测试_旧版电解槽_ion_firecloud_[26, 28, 30, 32].xlsx  times=[26, 28, 30, 32]  dummy=False
  [30] A(idx=87) 20241006_2ppm铬离子污染测试_旧版电解槽_ion_firecloud_[24, 26, 28, 30].xlsx  times=[24, 26, 28, 30]
      → B(idx=569) 20241006_2ppm铬离子污染测试_旧版电解槽_ion_firecloud_[28, 30, 32, 34].xlsx  times=[28, 30, 32, 34]  dummy=False
  [31] A(idx=260) 20241006_2ppm铬离子污染测试_旧版电解槽_ion_firecloud_[26, 28, 30, 32].xlsx  times=[26, 28, 30, 32]
      → B(idx=255) 20241006_2ppm铬离子污染测试_旧版电解槽_ion_firecloud_[30, 32, 34, 36].xlsx  times=[30, 32, 34, 36]  dummy=False
  [32] A(idx=569) 20241006_2ppm铬离子污染测试_旧版电解槽_ion_firecloud_[28, 30, 32, 34].xlsx  times=[28, 30, 32, 34]
      → B(idx=576) 20241006_2ppm铬离子污染测试_旧版电解槽_ion_firecloud_[32, 34, 36, 38].xlsx  times=[32, 34, 36, 38]  dummy=False
  [33] A(idx=255) 20241006_2ppm铬离子污染测试_旧版电解槽_ion_firecloud_[30, 32, 34, 36].xlsx  times=[30, 32, 34, 36]
      → B(idx=269) 20241006_2ppm铬离子污染测试_旧版电解槽_ion_firecloud_[34, 36, 38, 40].xlsx  times=[34, 36, 38, 40]  dummy=False
  [34] A(idx=576) 20241006_2ppm铬离子污染测试_旧版电解槽_ion_firecloud_[32, 34, 36, 38].xlsx  times=[32, 34, 36, 38]
      → B(idx=96) 20241006_2ppm铬离子污染测试_旧版电解槽_ion_firecloud_[36, 38, 40, 42].xlsx  times=[36, 38, 40, 42]  dummy=False
  [35] A(idx=269) 20241006_2ppm铬离子污染测试_旧版电解槽_ion_firecloud_[34, 36, 38, 40].xlsx  times=[34, 36, 38, 40]
      → B(idx=683) 20241006_2ppm铬离子污染测试_旧版电解槽_ion_firecloud_[38, 40, 42, 44].xlsx  times=[38, 40, 42, 44]  dummy=False
  [36] A(idx=96) 20241006_2ppm铬离子污染测试_旧版电解槽_ion_firecloud_[36, 38, 40, 42].xlsx  times=[36, 38, 40, 42]
      → B(idx=114) 20241006_2ppm铬离子污染测试_旧版电解槽_ion_firecloud_[40, 42, 44, 46].xlsx  times=[40, 42, 44, 46]  dummy=False
  [37] A(idx=683) 20241006_2ppm铬离子污染测试_旧版电解槽_ion_firecloud_[38, 40, 42, 44].xlsx  times=[38, 40, 42, 44]
      → B(idx=434) 20241006_2ppm铬离子污染测试_旧版电解槽_ion_firecloud_[42, 44, 46, 48].xlsx  times=[42, 44, 46, 48]  dummy=False
  [38] A(idx=114) 20241006_2ppm铬离子污染测试_旧版电解槽_ion_firecloud_[40, 42, 44, 46].xlsx  times=[40, 42, 44, 46]
      → B(idx=84) 20241006_2ppm铬离子污染测试_旧版电解槽_ion_firecloud_[44, 46, 48, 50].xlsx  times=[44, 46, 48, 50]  dummy=False
  [39] A(idx=434) 20241006_2ppm铬离子污染测试_旧版电解槽_ion_firecloud_[42, 44, 46, 48].xlsx  times=[42, 44, 46, 48]
      → B(idx=565) 20241006_2ppm铬离子污染测试_旧版电解槽_ion_firecloud_[46, 48, 50, 52].xlsx  times=[46, 48, 50, 52]  dummy=False
  [40] A(idx=84) 20241006_2ppm铬离子污染测试_旧版电解槽_ion_firecloud_[44, 46, 48, 50].xlsx  times=[44, 46, 48, 50]
      → B(idx=84) 20241006_2ppm铬离子污染测试_旧版电解槽_ion_firecloud_[44, 46, 48, 50].xlsx  times=[44, 46, 48, 50]  dummy=True
  [41] A(idx=565) 20241006_2ppm铬离子污染测试_旧版电解槽_ion_firecloud_[46, 48, 50, 52].xlsx  times=[46, 48, 50, 52]
      → B(idx=565) 20241006_2ppm铬离子污染测试_旧版电解槽_ion_firecloud_[46, 48, 50, 52].xlsx  times=[46, 48, 50, 52]  dummy=True
  [42] A(idx=45) 20241117_2ppm钠离子污染及恢复测试40摄氏度_新版电解槽_ion_gamry_[14, 16, 18, 20].xlsx  times=[14, 16, 18, 20]
      → B(idx=523) 20241117_2ppm钠离子污染及恢复测试40摄氏度_新版电解槽_ion_gamry_[18, 20, 22, 24].xlsx  times=[18, 20, 22, 24]  dummy=False
  [43] A(idx=564) 20241117_2ppm钠离子污染及恢复测试40摄氏度_新版电解槽_ion_gamry_[16, 18, 20, 22].xlsx  times=[16, 18, 20, 22]
      → B(idx=154) 20241117_2ppm钠离子污染及恢复测试40摄氏度_新版电解槽_ion_gamry_[20, 22, 24, 26].xlsx  times=[20, 22, 24, 26]  dummy=False
  [44] A(idx=523) 20241117_2ppm钠离子污染及恢复测试40摄氏度_新版电解槽_ion_gamry_[18, 20, 22, 24].xlsx  times=[18, 20, 22, 24]
      → B(idx=3) 20241117_2ppm钠离子污染及恢复测试40摄氏度_新版电解槽_ion_gamry_[22, 24, 26, 28].xlsx  times=[22, 24, 26, 28]  dummy=False
  [45] A(idx=154) 20241117_2ppm钠离子污染及恢复测试40摄氏度_新版电解槽_ion_gamry_[20, 22, 24, 26].xlsx  times=[20, 22, 24, 26]
      → B(idx=449) 20241117_2ppm钠离子污染及恢复测试40摄氏度_新版电解槽_ion_gamry_[24, 26, 28, 30].xlsx  times=[24, 26, 28, 30]  dummy=False
  [46] A(idx=3) 20241117_2ppm钠离子污染及恢复测试40摄氏度_新版电解槽_ion_gamry_[22, 24, 26, 28].xlsx  times=[22, 24, 26, 28]
      → B(idx=34) 20241117_2ppm钠离子污染及恢复测试40摄氏度_新版电解槽_ion_gamry_[26, 28, 30, 32].xlsx  times=[26, 28, 30, 32]  dummy=False
  [47] A(idx=449) 20241117_2ppm钠离子污染及恢复测试40摄氏度_新版电解槽_ion_gamry_[24, 26, 28, 30].xlsx  times=[24, 26, 28, 30]
      → B(idx=323) 20241117_2ppm钠离子污染及恢复测试40摄氏度_新版电解槽_ion_gamry_[28, 30, 32, 34].xlsx  times=[28, 30, 32, 34]  dummy=False
  [48] A(idx=34) 20241117_2ppm钠离子污染及恢复测试40摄氏度_新版电解槽_ion_gamry_[26, 28, 30, 32].xlsx  times=[26, 28, 30, 32]
      → B(idx=659) 20241117_2ppm钠离子污染及恢复测试40摄氏度_新版电解槽_ion_gamry_[30, 32, 34, 36].xlsx  times=[30, 32, 34, 36]  dummy=False
  [49] A(idx=323) 20241117_2ppm钠离子污染及恢复测试40摄氏度_新版电解槽_ion_gamry_[28, 30, 32, 34].xlsx  times=[28, 30, 32, 34]
      → B(idx=579) 20241117_2ppm钠离子污染及恢复测试40摄氏度_新版电解槽_ion_gamry_[32, 34, 36, 38].xlsx  times=[32, 34, 36, 38]  dummy=False
  [50] A(idx=659) 20241117_2ppm钠离子污染及恢复测试40摄氏度_新版电解槽_ion_gamry_[30, 32, 34, 36].xlsx  times=[30, 32, 34, 36]
      → B(idx=350) 20241117_2ppm钠离子污染及恢复测试40摄氏度_新版电解槽_ion_gamry_[34, 36, 38, 40].xlsx  times=[34, 36, 38, 40]  dummy=False

[PairDataset][Summary]
- total files:        706
- parsed OK:          706
- regex fail:         0
- parse times fail:   0
- empty times:        0
- total pairs:        706  (keep_unpaired=self)
- distinct prefixes:  96
- prefixes coverage (first few):
  [1] 20241107_0.1ppm钙离子污染及恢复测试_新版电解槽_ion_firecloud_[* -> windows=15, adj_pairs=9/14
  [2] 20240910_10ppm钙离子污染测试_新版电解槽_ion_column_gamry_[* -> windows=8, adj_pairs=5/7
  [3] 20241006_2ppm铬离子污染测试_旧版电解槽_ion_firecloud_[* -> windows=18, adj_pairs=13/17
  [4] 20241117_2ppm钠离子污染及恢复测试40摄氏度_新版电解槽_ion_gamry_[* -> windows=13, adj_pairs=10/12
  [5] 20241227_10ppm铜离子污染及恢复测试_旧版电解槽_ion_gamry_[* -> windows=15, adj_pairs=10/14
  [6] 20241003_2ppm镍离子污染测试_新版电解槽_ion_gamry_[* -> windows=7, adj_pairs=1/6
  [7] 20241112_2ppm钠离子污染和恢复测试80摄氏度_新版电解槽_ion_column_renew_H2SO4_gamry_[* -> windows=13, adj_pairs=10/12
  [8] 20240910_10ppm钙离子污染测试_新版电解槽_ion_gamry_[* -> windows=10, adj_pairs=2/9
  [9] 20241213_2ppm钠离子污染及恢复测试_新版电解槽_ion_column_renew_H2SO4_gamry_[* -> windows=7, adj_pairs=4/6
  [10] 20241010_2ppm钠离子污染测试_新版电解槽_ion_firecloud_[* -> windows=8, adj_pairs=2/7
- unadjacent gaps samples: 253 (showing first 0)

[PairDataset][Explain] focus_prefix_contains='20240915_2ppm铜离子污染测试_旧版电解槽_ion_firecloud_'
  - PREFIX: 20240915_2ppm铜离子污染测试_旧版电解槽_ion_firecloud_[* windows=11
    windows (sorted by first,last):
      · 20240915_2ppm铜离子污染测试_旧版电解槽_ion_firecloud_[0, 2, 4, 6].xlsx  -> times=[0, 2, 4, 6]  first=0 last=6
      · 20240915_2ppm铜离子污染测试_旧版电解槽_ion_firecloud_[2, 4, 6, 8].xlsx  -> times=[2, 4, 6, 8]  first=2 last=8
      · 20240915_2ppm铜离子污染测试_旧版电解槽_ion_firecloud_[4, 6, 8, 10].xlsx  -> times=[4, 6, 8, 10]  first=4 last=10
      · 20240915_2ppm铜离子污染测试_旧版电解槽_ion_firecloud_[6, 8, 10, 12].xlsx  -> times=[6, 8, 10, 12]  first=6 last=12
      · 20240915_2ppm铜离子污染测试_旧版电解槽_ion_firecloud_[8, 10, 12, 14].xlsx  -> times=[8, 10, 12, 14]  first=8 last=14
      · 20240915_2ppm铜离子污染测试_旧版电解槽_ion_firecloud_[10, 12, 14, 16].xlsx  -> times=[10, 12, 14, 16]  first=10 last=16
      · 20240915_2ppm铜离子污染测试_旧版电解槽_ion_firecloud_[12, 14, 16, 18].xlsx  -> times=[12, 14, 16, 18]  first=12 last=18
      · 20240915_2ppm铜离子污染测试_旧版电解槽_ion_firecloud_[14, 16, 18, 20].xlsx  -> times=[14, 16, 18, 20]  first=14 last=20
      · 20240915_2ppm铜离子污染测试_旧版电解槽_ion_firecloud_[16, 18, 20, 22].xlsx  -> times=[16, 18, 20, 22]  first=16 last=22
      · 20240915_2ppm铜离子污染测试_旧版电解槽_ion_firecloud_[18, 20, 22, 24].xlsx  -> times=[18, 20, 22, 24]  first=18 last=24
      · 20240915_2ppm铜离子污染测试_旧版电解槽_ion_firecloud_[20, 22, 24, 26].xlsx  -> times=[20, 22, 24, 26]  first=20 last=26
      MISS: 6 -> 2   (20240915_2ppm铜离子污染测试_旧版电解槽_ion_firecloud_[0, 2, 4, 6].xlsx  →  20240915_2ppm铜离子污染测试_旧版电解槽_ion_firecloud_[2, 4, 6, 8].xlsx)
      MISS: 8 -> 4   (20240915_2ppm铜离子污染测试_旧版电解槽_ion_firecloud_[2, 4, 6, 8].xlsx  →  20240915_2ppm铜离子污染测试_旧版电解槽_ion_firecloud_[4, 6, 8, 10].xlsx)
      MISS: 10 -> 6   (20240915_2ppm铜离子污染测试_旧版电解槽_ion_firecloud_[4, 6, 8, 10].xlsx  →  20240915_2ppm铜离子污染测试_旧版电解槽_ion_firecloud_[6, 8, 10, 12].xlsx)
      MISS: 12 -> 8   (20240915_2ppm铜离子污染测试_旧版电解槽_ion_firecloud_[6, 8, 10, 12].xlsx  →  20240915_2ppm铜离子污染测试_旧版电解槽_ion_firecloud_[8, 10, 12, 14].xlsx)
      MISS: 14 -> 10   (20240915_2ppm铜离子污染测试_旧版电解槽_ion_firecloud_[8, 10, 12, 14].xlsx  →  20240915_2ppm铜离子污染测试_旧版电解槽_ion_firecloud_[10, 12, 14, 16].xlsx)
      MISS: 16 -> 12   (20240915_2ppm铜离子污染测试_旧版电解槽_ion_firecloud_[10, 12, 14, 16].xlsx  →  20240915_2ppm铜离子污染测试_旧版电解槽_ion_firecloud_[12, 14, 16, 18].xlsx)
      MISS: 18 -> 14   (20240915_2ppm铜离子污染测试_旧版电解槽_ion_firecloud_[12, 14, 16, 18].xlsx  →  20240915_2ppm铜离子污染测试_旧版电解槽_ion_firecloud_[14, 16, 18, 20].xlsx)
      MISS: 20 -> 16   (20240915_2ppm铜离子污染测试_旧版电解槽_ion_firecloud_[14, 16, 18, 20].xlsx  →  20240915_2ppm铜离子污染测试_旧版电解槽_ion_firecloud_[16, 18, 20, 22].xlsx)
      MISS: 22 -> 18   (20240915_2ppm铜离子污染测试_旧版电解槽_ion_firecloud_[16, 18, 20, 22].xlsx  →  20240915_2ppm铜离子污染测试_旧版电解槽_ion_firecloud_[18, 20, 22, 24].xlsx)
      MISS: 24 -> 20   (20240915_2ppm铜离子污染测试_旧版电解槽_ion_firecloud_[18, 20, 22, 24].xlsx  →  20240915_2ppm铜离子污染测试_旧版电解槽_ion_firecloud_[20, 22, 24, 26].xlsx)

[PairDataset][Example pairs] (show up to 50)
  [1] A(idx=0) 20240918_2ppm钙离子污染测试_新版电解槽_ion_gamry_[10, 12, 14, 16].xlsx  times=[10, 12, 14, 16]
      → B(idx=92) 20240918_2ppm钙离子污染测试_新版电解槽_ion_gamry_[14, 16, 18, 20].xlsx  times=[14, 16, 18, 20]  dummy=False
  [2] A(idx=92) 20240918_2ppm钙离子污染测试_新版电解槽_ion_gamry_[14, 16, 18, 20].xlsx  times=[14, 16, 18, 20]
      → B(idx=92) 20240918_2ppm钙离子污染测试_新版电解槽_ion_gamry_[14, 16, 18, 20].xlsx  times=[14, 16, 18, 20]  dummy=True
  [3] A(idx=1) 20241028_2ppm钠离子污染和恢复测试_旧版电解槽_ion_column_renew_H2SO4_gamry_[2, 4, 6, 8].xlsx  times=[2, 4, 6, 8]
      → B(idx=1) 20241028_2ppm钠离子污染和恢复测试_旧版电解槽_ion_column_renew_H2SO4_gamry_[2, 4, 6, 8].xlsx  times=[2, 4, 6, 8]  dummy=True
  [4] A(idx=94) 20241028_2ppm钠离子污染和恢复测试_旧版电解槽_ion_column_renew_H2SO4_gamry_[4, 6, 8, 10].xlsx  times=[4, 6, 8, 10]
      → B(idx=94) 20241028_2ppm钠离子污染和恢复测试_旧版电解槽_ion_column_renew_H2SO4_gamry_[4, 6, 8, 10].xlsx  times=[4, 6, 8, 10]  dummy=True
  [5] A(idx=125) 20241010_2ppm钠离子污染测试_新版电解槽_ion_column_firecloud_[6, 8, 10, 12].xlsx  times=[6, 8, 10, 12]
      → B(idx=125) 20241010_2ppm钠离子污染测试_新版电解槽_ion_column_firecloud_[6, 8, 10, 12].xlsx  times=[6, 8, 10, 12]  dummy=True
  [6] A(idx=2) 20241010_2ppm钠离子污染测试_新版电解槽_ion_column_firecloud_[8, 10, 12, 14].xlsx  times=[8, 10, 12, 14]
      → B(idx=2) 20241010_2ppm钠离子污染测试_新版电解槽_ion_column_firecloud_[8, 10, 12, 14].xlsx  times=[8, 10, 12, 14]  dummy=True
  [7] A(idx=20) 20241101_2ppm铜离子污染和恢复测试_旧版电解槽_ion_firecloud_[0, 2, 4, 6].xlsx  times=[0, 2, 4, 6]
      → B(idx=20) 20241101_2ppm铜离子污染和恢复测试_旧版电解槽_ion_firecloud_[0, 2, 4, 6].xlsx  times=[0, 2, 4, 6]  dummy=True
  [8] A(idx=3) 20241101_2ppm铜离子污染和恢复测试_旧版电解槽_ion_firecloud_[10, 12, 14, 16].xlsx  times=[10, 12, 14, 16]
      → B(idx=3) 20241101_2ppm铜离子污染和恢复测试_旧版电解槽_ion_firecloud_[10, 12, 14, 16].xlsx  times=[10, 12, 14, 16]  dummy=True
  [9] A(idx=31) 20241101_2ppm铜离子污染和恢复测试_旧版电解槽_ion_firecloud_[20, 22, 24, 26].xlsx  times=[20, 22, 24, 26]
      → B(idx=31) 20241101_2ppm铜离子污染和恢复测试_旧版电解槽_ion_firecloud_[20, 22, 24, 26].xlsx  times=[20, 22, 24, 26]  dummy=True
  [10] A(idx=48) 20240831_10ppm镍离子污染测试_新版电解槽_ion_gamry_[0, 2, 4, 6].xlsx  times=[0, 2, 4, 6]
      → B(idx=41) 20240831_10ppm镍离子污染测试_新版电解槽_ion_gamry_[4, 6, 8, 10].xlsx  times=[4, 6, 8, 10]  dummy=False
  [11] A(idx=41) 20240831_10ppm镍离子污染测试_新版电解槽_ion_gamry_[4, 6, 8, 10].xlsx  times=[4, 6, 8, 10]
      → B(idx=41) 20240831_10ppm镍离子污染测试_新版电解槽_ion_gamry_[4, 6, 8, 10].xlsx  times=[4, 6, 8, 10]  dummy=True
  [12] A(idx=139) 20240831_10ppm镍离子污染测试_新版电解槽_ion_gamry_[16, 18, 20, 22].xlsx  times=[16, 18, 20, 22]
      → B(idx=139) 20240831_10ppm镍离子污染测试_新版电解槽_ion_gamry_[16, 18, 20, 22].xlsx  times=[16, 18, 20, 22]  dummy=True
  [13] A(idx=4) 20240831_10ppm镍离子污染测试_新版电解槽_ion_gamry_[18, 20, 22, 24].xlsx  times=[18, 20, 22, 24]
      → B(idx=4) 20240831_10ppm镍离子污染测试_新版电解槽_ion_gamry_[18, 20, 22, 24].xlsx  times=[18, 20, 22, 24]  dummy=True
  [14] A(idx=5) 20241122_2ppm铜离子污染及恢复测试40摄氏度_新版电解槽_ion_column_renew_H2SO4_gamry_[14, 16, 18, 20].xlsx  times=[14, 16, 18, 20]
      → B(idx=5) 20241122_2ppm铜离子污染及恢复测试40摄氏度_新版电解槽_ion_column_renew_H2SO4_gamry_[14, 16, 18, 20].xlsx  times=[14, 16, 18, 20]  dummy=True
  [15] A(idx=93) 20241010_2ppm钠离子污染测试_新版电解槽_ion_firecloud_[4, 6, 8, 10].xlsx  times=[4, 6, 8, 10]
      → B(idx=93) 20241010_2ppm钠离子污染测试_新版电解槽_ion_firecloud_[4, 6, 8, 10].xlsx  times=[4, 6, 8, 10]  dummy=True
  [16] A(idx=104) 20241010_2ppm钠离子污染测试_新版电解槽_ion_firecloud_[12, 14, 16, 18].xlsx  times=[12, 14, 16, 18]
      → B(idx=135) 20241010_2ppm钠离子污染测试_新版电解槽_ion_firecloud_[16, 18, 20, 22].xlsx  times=[16, 18, 20, 22]  dummy=False
  [17] A(idx=135) 20241010_2ppm钠离子污染测试_新版电解槽_ion_firecloud_[16, 18, 20, 22].xlsx  times=[16, 18, 20, 22]
      → B(idx=135) 20241010_2ppm钠离子污染测试_新版电解槽_ion_firecloud_[16, 18, 20, 22].xlsx  times=[16, 18, 20, 22]  dummy=True
  [18] A(idx=6) 20241010_2ppm钠离子污染测试_新版电解槽_ion_firecloud_[36, 38, 40, 42].xlsx  times=[36, 38, 40, 42]
      → B(idx=6) 20241010_2ppm钠离子污染测试_新版电解槽_ion_firecloud_[36, 38, 40, 42].xlsx  times=[36, 38, 40, 42]  dummy=True
  [19] A(idx=55) 20241029_2ppm铁离子污染和恢复测试_新版电解槽_ion_firecloud_[26, 28, 30, 32].xlsx  times=[26, 28, 30, 32]
      → B(idx=7) 20241029_2ppm铁离子污染和恢复测试_新版电解槽_ion_firecloud_[30, 32, 34, 36].xlsx  times=[30, 32, 34, 36]  dummy=False
  [20] A(idx=7) 20241029_2ppm铁离子污染和恢复测试_新版电解槽_ion_firecloud_[30, 32, 34, 36].xlsx  times=[30, 32, 34, 36]
      → B(idx=141) 20241029_2ppm铁离子污染和恢复测试_新版电解槽_ion_firecloud_[34, 36, 38, 40].xlsx  times=[34, 36, 38, 40]  dummy=False
  [21] A(idx=141) 20241029_2ppm铁离子污染和恢复测试_新版电解槽_ion_firecloud_[34, 36, 38, 40].xlsx  times=[34, 36, 38, 40]
      → B(idx=141) 20241029_2ppm铁离子污染和恢复测试_新版电解槽_ion_firecloud_[34, 36, 38, 40].xlsx  times=[34, 36, 38, 40]  dummy=True
  [22] A(idx=47) 20241029_2ppm铁离子污染和恢复测试_新版电解槽_ion_firecloud_[46, 48, 50, 52].xlsx  times=[46, 48, 50, 52]
      → B(idx=47) 20241029_2ppm铁离子污染和恢复测试_新版电解槽_ion_firecloud_[46, 48, 50, 52].xlsx  times=[46, 48, 50, 52]  dummy=True
  [23] A(idx=8) 20241227_10ppm铜离子污染及恢复测试_旧版电解槽_ion_column_renew_H2SO4_gamry_[8, 10, 12, 14].xlsx  times=[8, 10, 12, 14]
      → B(idx=8) 20241227_10ppm铜离子污染及恢复测试_旧版电解槽_ion_column_renew_H2SO4_gamry_[8, 10, 12, 14].xlsx  times=[8, 10, 12, 14]  dummy=True
  [24] A(idx=88) 20241227_10ppm铜离子污染及恢复测试_旧版电解槽_ion_column_renew_H2SO4_gamry_[24, 26, 28, 30].xlsx  times=[24, 26, 28, 30]
      → B(idx=88) 20241227_10ppm铜离子污染及恢复测试_旧版电解槽_ion_column_renew_H2SO4_gamry_[24, 26, 28, 30].xlsx  times=[24, 26, 28, 30]  dummy=True
  [25] A(idx=134) 20241227_10ppm铜离子污染及恢复测试_旧版电解槽_ion_column_renew_H2SO4_gamry_[26, 28, 30, 32].xlsx  times=[26, 28, 30, 32]
      → B(idx=134) 20241227_10ppm铜离子污染及恢复测试_旧版电解槽_ion_column_renew_H2SO4_gamry_[26, 28, 30, 32].xlsx  times=[26, 28, 30, 32]  dummy=True
  [26] A(idx=27) 20241017_2ppm铬离子污染和恢复测试_新版电解槽_ion_gamry_[0, 2, 4, 6].xlsx  times=[0, 2, 4, 6]
      → B(idx=27) 20241017_2ppm铬离子污染和恢复测试_新版电解槽_ion_gamry_[0, 2, 4, 6].xlsx  times=[0, 2, 4, 6]  dummy=True
  [27] A(idx=9) 20241017_2ppm铬离子污染和恢复测试_新版电解槽_ion_gamry_[20, 22, 24, 26].xlsx  times=[20, 22, 24, 26]
      → B(idx=9) 20241017_2ppm铬离子污染和恢复测试_新版电解槽_ion_gamry_[20, 22, 24, 26].xlsx  times=[20, 22, 24, 26]  dummy=True
  [28] A(idx=10) 20241024_2ppm铁离子污染和恢复测试_新版电解槽_ion_column_renew_H2SO4_firecloud_[12, 14, 16, 18].xlsx  times=[12, 14, 16, 18]
      → B(idx=10) 20241024_2ppm铁离子污染和恢复测试_新版电解槽_ion_column_renew_H2SO4_firecloud_[12, 14, 16, 18].xlsx  times=[12, 14, 16, 18]  dummy=True
  [29] A(idx=136) 20241024_2ppm铁离子污染和恢复测试_新版电解槽_ion_column_renew_H2SO4_firecloud_[18, 20, 22, 24].xlsx  times=[18, 20, 22, 24]
      → B(idx=136) 20241024_2ppm铁离子污染和恢复测试_新版电解槽_ion_column_renew_H2SO4_firecloud_[18, 20, 22, 24].xlsx  times=[18, 20, 22, 24]  dummy=True
  [30] A(idx=11) 20241117_2ppm钠离子污染及恢复测试10mlmin_旧版电解槽_ion_gamry_[2, 4, 6, 8].xlsx  times=[2, 4, 6, 8]
      → B(idx=11) 20241117_2ppm钠离子污染及恢复测试10mlmin_旧版电解槽_ion_gamry_[2, 4, 6, 8].xlsx  times=[2, 4, 6, 8]  dummy=True
  [31] A(idx=140) 20241117_2ppm钠离子污染及恢复测试10mlmin_旧版电解槽_ion_gamry_[10, 12, 14, 16].xlsx  times=[10, 12, 14, 16]
      → B(idx=140) 20241117_2ppm钠离子污染及恢复测试10mlmin_旧版电解槽_ion_gamry_[10, 12, 14, 16].xlsx  times=[10, 12, 14, 16]  dummy=True
  [32] A(idx=78) 20241117_2ppm钠离子污染及恢复测试10mlmin_旧版电解槽_ion_gamry_[30, 32, 34, 36].xlsx  times=[30, 32, 34, 36]
      → B(idx=78) 20241117_2ppm钠离子污染及恢复测试10mlmin_旧版电解槽_ion_gamry_[30, 32, 34, 36].xlsx  times=[30, 32, 34, 36]  dummy=True
  [33] A(idx=138) 20241211_2ppm铜离子污染及恢复测试80摄氏度_旧版电解槽_ion_gamry_[28, 30, 32, 34].xlsx  times=[28, 30, 32, 34]
      → B(idx=12) 20241211_2ppm铜离子污染及恢复测试80摄氏度_旧版电解槽_ion_gamry_[32, 34, 36, 38].xlsx  times=[32, 34, 36, 38]  dummy=False
  [34] A(idx=12) 20241211_2ppm铜离子污染及恢复测试80摄氏度_旧版电解槽_ion_gamry_[32, 34, 36, 38].xlsx  times=[32, 34, 36, 38]
      → B(idx=12) 20241211_2ppm铜离子污染及恢复测试80摄氏度_旧版电解槽_ion_gamry_[32, 34, 36, 38].xlsx  times=[32, 34, 36, 38]  dummy=True
  [35] A(idx=108) 20241211_2ppm铜离子污染及恢复测试80摄氏度_旧版电解槽_ion_gamry_[38, 40, 42, 44].xlsx  times=[38, 40, 42, 44]
      → B(idx=108) 20241211_2ppm铜离子污染及恢复测试80摄氏度_旧版电解槽_ion_gamry_[38, 40, 42, 44].xlsx  times=[38, 40, 42, 44]  dummy=True
  [36] A(idx=143) 20241213_2ppm钠离子污染及恢复测试_新版电解槽_ion_gamry_[0, 2, 4, 6].xlsx  times=[0, 2, 4, 6]
      → B(idx=143) 20241213_2ppm钠离子污染及恢复测试_新版电解槽_ion_gamry_[0, 2, 4, 6].xlsx  times=[0, 2, 4, 6]  dummy=True
  [37] A(idx=70) 20241213_2ppm钠离子污染及恢复测试_新版电解槽_ion_gamry_[2, 4, 6, 8].xlsx  times=[2, 4, 6, 8]
      → B(idx=70) 20241213_2ppm钠离子污染及恢复测试_新版电解槽_ion_gamry_[2, 4, 6, 8].xlsx  times=[2, 4, 6, 8]  dummy=True
  [38] A(idx=13) 20241213_2ppm钠离子污染及恢复测试_新版电解槽_ion_gamry_[22, 24, 26, 28].xlsx  times=[22, 24, 26, 28]
      → B(idx=13) 20241213_2ppm钠离子污染及恢复测试_新版电解槽_ion_gamry_[22, 24, 26, 28].xlsx  times=[22, 24, 26, 28]  dummy=True
  [39] A(idx=14) 20240822_10ppm铜离子污染测试_新版电解槽_ion_gamry_[10, 12, 14, 16].xlsx  times=[10, 12, 14, 16]
      → B(idx=14) 20240822_10ppm铜离子污染测试_新版电解槽_ion_gamry_[10, 12, 14, 16].xlsx  times=[10, 12, 14, 16]  dummy=True
  [40] A(idx=51) 20241112_2ppm钠离子污染和恢复测试80摄氏度_新版电解槽_ion_gamry_[28, 30, 32, 34].xlsx  times=[28, 30, 32, 34]
      → B(idx=51) 20241112_2ppm钠离子污染和恢复测试80摄氏度_新版电解槽_ion_gamry_[28, 30, 32, 34].xlsx  times=[28, 30, 32, 34]  dummy=True
  [41] A(idx=126) 20241112_2ppm钠离子污染和恢复测试80摄氏度_新版电解槽_ion_gamry_[34, 36, 38, 40].xlsx  times=[34, 36, 38, 40]
      → B(idx=126) 20241112_2ppm钠离子污染和恢复测试80摄氏度_新版电解槽_ion_gamry_[34, 36, 38, 40].xlsx  times=[34, 36, 38, 40]  dummy=True
  [42] A(idx=15) 20241112_2ppm钠离子污染和恢复测试80摄氏度_新版电解槽_ion_gamry_[36, 38, 40, 42].xlsx  times=[36, 38, 40, 42]
      → B(idx=15) 20241112_2ppm钠离子污染和恢复测试80摄氏度_新版电解槽_ion_gamry_[36, 38, 40, 42].xlsx  times=[36, 38, 40, 42]  dummy=True
  [43] A(idx=16) 20240831_10ppm镍离子污染测试_新版电解槽_ion_column_gamry_[0, 2, 4, 6].xlsx  times=[0, 2, 4, 6]
      → B(idx=16) 20240831_10ppm镍离子污染测试_新版电解槽_ion_column_gamry_[0, 2, 4, 6].xlsx  times=[0, 2, 4, 6]  dummy=True
  [44] A(idx=17) 20241112_2ppm镍离子污染及恢复测试_旧版电解槽_ion_column_gamry_[12, 14, 16, 18].xlsx  times=[12, 14, 16, 18]
      → B(idx=17) 20241112_2ppm镍离子污染及恢复测试_旧版电解槽_ion_column_gamry_[12, 14, 16, 18].xlsx  times=[12, 14, 16, 18]  dummy=True
  [45] A(idx=18) 20241013_2ppm铝离子污染测试_新版电解槽_ion_column_firecloud_[8, 10, 12, 14].xlsx  times=[8, 10, 12, 14]
      → B(idx=18) 20241013_2ppm铝离子污染测试_新版电解槽_ion_column_firecloud_[8, 10, 12, 14].xlsx  times=[8, 10, 12, 14]  dummy=True
  [46] A(idx=90) 20241013_2ppm铝离子污染测试_新版电解槽_ion_column_firecloud_[16, 18, 20, 22].xlsx  times=[16, 18, 20, 22]
      → B(idx=90) 20241013_2ppm铝离子污染测试_新版电解槽_ion_column_firecloud_[16, 18, 20, 22].xlsx  times=[16, 18, 20, 22]  dummy=True
  [47] A(idx=19) 20241024_2ppm铁离子污染和恢复测试_新版电解槽_ion_column_firecloud_[2, 4, 6, 8].xlsx  times=[2, 4, 6, 8]
      → B(idx=19) 20241024_2ppm铁离子污染和恢复测试_新版电解槽_ion_column_firecloud_[2, 4, 6, 8].xlsx  times=[2, 4, 6, 8]  dummy=True
  [48] A(idx=56) 20241024_2ppm铁离子污染和恢复测试_新版电解槽_ion_column_firecloud_[10, 12, 14, 16].xlsx  times=[10, 12, 14, 16]
      → B(idx=56) 20241024_2ppm铁离子污染和恢复测试_新版电解槽_ion_column_firecloud_[10, 12, 14, 16].xlsx  times=[10, 12, 14, 16]  dummy=True
  [49] A(idx=67) 20241024_2ppm铁离子污染和恢复测试_新版电解槽_ion_column_firecloud_[18, 20, 22, 24].xlsx  times=[18, 20, 22, 24]
      → B(idx=67) 20241024_2ppm铁离子污染和恢复测试_新版电解槽_ion_column_firecloud_[18, 20, 22, 24].xlsx  times=[18, 20, 22, 24]  dummy=True
  [50] A(idx=21) 20240918_2ppm钙离子污染测试_新版电解槽_ion_column_gamry_[2, 4, 6, 8].xlsx  times=[2, 4, 6, 8]
      → B(idx=21) 20240918_2ppm钙离子污染测试_新版电解槽_ion_column_gamry_[2, 4, 6, 8].xlsx  times=[2, 4, 6, 8]  dummy=True

[PairDataset][Summary]
- total files:        146
- parsed OK:          146
- regex fail:         0
- parse times fail:   0
- empty times:        0
- total pairs:        146  (keep_unpaired=self)
- distinct prefixes:  77
- prefixes coverage (first few):
  [1] 20240918_2ppm钙离子污染测试_新版电解槽_ion_gamry_[* -> windows=2, adj_pairs=0/1
  [2] 20241028_2ppm钠离子污染和恢复测试_旧版电解槽_ion_column_renew_H2SO4_gamry_[* -> windows=2, adj_pairs=0/1
  [3] 20241010_2ppm钠离子污染测试_新版电解槽_ion_column_firecloud_[* -> windows=2, adj_pairs=0/1
  [4] 20241101_2ppm铜离子污染和恢复测试_旧版电解槽_ion_firecloud_[* -> windows=3, adj_pairs=0/2
  [5] 20240831_10ppm镍离子污染测试_新版电解槽_ion_gamry_[* -> windows=4, adj_pairs=0/3
  [6] 20241122_2ppm铜离子污染及恢复测试40摄氏度_新版电解槽_ion_column_renew_H2SO4_gamry_[* -> windows=1, adj_pairs=0/0
  [7] 20241010_2ppm钠离子污染测试_新版电解槽_ion_firecloud_[* -> windows=4, adj_pairs=0/3
  [8] 20241029_2ppm铁离子污染和恢复测试_新版电解槽_ion_firecloud_[* -> windows=4, adj_pairs=0/3
  [9] 20241227_10ppm铜离子污染及恢复测试_旧版电解槽_ion_column_renew_H2SO4_gamry_[* -> windows=3, adj_pairs=0/2
  [10] 20241017_2ppm铬离子污染和恢复测试_新版电解槽_ion_gamry_[* -> windows=2, adj_pairs=0/1
- unadjacent gaps samples: 131 (showing first 0)
num base train samples: 706
num base val   samples: 146
num pair train samples: 706
num pair val   samples: 146
dummy_mask[0] = False
🧩 新模型: 400,403 参数 (400,403 可训练)
📝 TensorBoard 日志目录: /home/kudouzala/Application/ion_detect/output/tensorboard/exp_new_g
🔥 Warmup: 100 epochs (LR × 0.01 → 1.0)
📈 Cosine Annealing LR 调度 (T_max=900)
[New] Epoch 1/1000 | classify: 5.0236 | conc: 0.0008 | consistency: 0.5190 | polarity: 1.9063 | monodec: 0.0953 | rule: 212.5332 | group: 2.3345 | tree: 5.8103 | total: 5.1354
[New] Epoch 2/1000 | classify: 4.3716 | conc: 0.0007 | consistency: 0.4918 | polarity: 1.8816 | monodec: 0.0793 | rule: 222.1316 | group: 2.2630 | tree: 5.7756 | total: 4.4880
[New] Epoch 3/1000 | classify: 4.1564 | conc: 0.0007 | consistency: 0.5166 | polarity: 1.8969 | monodec: 0.0886 | rule: 216.4121 | group: 2.2729 | tree: 5.7848 | total: 4.2700
[New] Epoch 4/1000 | classify: 3.8574 | conc: 0.0006 | consistency: 0.5099 | polarity: 1.8875 | monodec: 0.0972 | rule: 235.4235 | group: 2.0003 | tree: 5.3460 | total: 3.9801
[New] Epoch 5/1000 | classify: 3.8351 | conc: 0.0004 | consistency: 0.5253 | polarity: 1.9642 | monodec: 0.0870 | rule: 222.3954 | group: 2.0500 | tree: 5.4734 | total: 3.9512
[New] Epoch 6/1000 | classify: 3.6783 | conc: 0.0007 | consistency: 0.5152 | polarity: 2.2021 | monodec: 0.0911 | rule: 239.8635 | group: 2.2349 | tree: 5.4112 | total: 3.8034
[New] Epoch 7/1000 | classify: 3.5775 | conc: 0.0008 | consistency: 0.4999 | polarity: 2.2911 | monodec: 0.0782 | rule: 238.9787 | group: 2.1023 | tree: 5.7491 | total: 3.7024
[New] Epoch 8/1000 | classify: 3.3574 | conc: 0.0006 | consistency: 0.5190 | polarity: 2.4009 | monodec: 0.0867 | rule: 225.9903 | group: 2.2023 | tree: 5.6677 | total: 3.4757
[New] Epoch 9/1000 | classify: 3.3778 | conc: 0.0004 | consistency: 0.5108 | polarity: 2.4116 | monodec: 0.0829 | rule: 219.9074 | group: 2.0720 | tree: 5.2365 | total: 3.4926
[New] Epoch 10/1000 | classify: 3.2901 | conc: 0.0005 | consistency: 0.5111 | polarity: 2.4123 | monodec: 0.0733 | rule: 236.6051 | group: 2.0150 | tree: 5.3129 | total: 3.4134
--- 验证集 [epoch 10] ---
  准确率 (Accuracy):  0.6027
  精确率 (Precision): 0.2601
  召回率 (Recall):    0.3600
  F1 分数 (F1):       0.3011
✅ 模型已保存到 /home/kudouzala/Application/ion_detect/output/trained_model_save/exp_new_g/trained_model_epoch_best.pth
  🏆 新最佳 F1=0.3011，已保存 best 模型
[New] Epoch 11/1000 | classify: 3.4890 | conc: 0.0007 | consistency: 0.5012 | polarity: 2.4870 | monodec: 0.0771 | rule: 245.8229 | group: 2.0608 | tree: 5.7527 | total: 3.6173
[New] Epoch 12/1000 | classify: 3.1307 | conc: 0.0009 | consistency: 0.5028 | polarity: 2.3889 | monodec: 0.0754 | rule: 220.5078 | group: 1.9748 | tree: 5.6080 | total: 3.2463
[New] Epoch 13/1000 | classify: 3.4616 | conc: 0.0003 | consistency: 0.5140 | polarity: 2.4051 | monodec: 0.0789 | rule: 230.2092 | group: 1.9756 | tree: 5.4054 | total: 3.5815
[New] Epoch 14/1000 | classify: 3.3677 | conc: 0.0009 | consistency: 0.4919 | polarity: 2.4887 | monodec: 0.0647 | rule: 249.0113 | group: 2.0249 | tree: 5.5289 | total: 3.4977
[New] Epoch 15/1000 | classify: 3.2947 | conc: 0.0008 | consistency: 0.4951 | polarity: 2.6197 | monodec: 0.0731 | rule: 218.9713 | group: 2.0236 | tree: 5.4406 | total: 3.4095
[New] Epoch 16/1000 | classify: 3.2846 | conc: 0.0006 | consistency: 0.5010 | polarity: 2.5856 | monodec: 0.0681 | rule: 253.7477 | group: 1.8331 | tree: 5.3586 | total: 3.4164
[New] Epoch 17/1000 | classify: 3.2672 | conc: 0.0009 | consistency: 0.4991 | polarity: 2.6021 | monodec: 0.0601 | rule: 214.2104 | group: 2.0643 | tree: 5.6924 | total: 3.3799
[New] Epoch 18/1000 | classify: 3.1790 | conc: 0.0009 | consistency: 0.4990 | polarity: 2.6725 | monodec: 0.0635 | rule: 234.7566 | group: 1.9105 | tree: 5.5402 | total: 3.3018
[New] Epoch 19/1000 | classify: 2.9107 | conc: 0.0004 | consistency: 0.4918 | polarity: 2.5436 | monodec: 0.0583 | rule: 214.5719 | group: 1.8174 | tree: 5.1452 | total: 3.0226
[New] Epoch 20/1000 | classify: 3.0600 | conc: 0.0007 | consistency: 0.4884 | polarity: 2.6487 | monodec: 0.0544 | rule: 224.3137 | group: 1.8742 | tree: 5.3603 | total: 3.1773
--- 验证集 [epoch 20] ---
  准确率 (Accuracy):  0.5274
  精确率 (Precision): 0.2530
  召回率 (Recall):    0.2968
  F1 分数 (F1):       0.2526
[New] Epoch 21/1000 | classify: 3.1210 | conc: 0.0005 | consistency: 0.4916 | polarity: 2.7208 | monodec: 0.0551 | rule: 215.0778 | group: 1.8652 | tree: 5.4820 | total: 3.2336
[New] Epoch 22/1000 | classify: 3.0047 | conc: 0.0003 | consistency: 0.4867 | polarity: 2.8254 | monodec: 0.0551 | rule: 203.9351 | group: 1.8915 | tree: 5.4319 | total: 3.1115
[New] Epoch 23/1000 | classify: 3.0794 | conc: 0.0005 | consistency: 0.4917 | polarity: 2.7114 | monodec: 0.0551 | rule: 221.8482 | group: 1.8145 | tree: 5.2159 | total: 3.1952
[New] Epoch 24/1000 | classify: 3.1450 | conc: 0.0005 | consistency: 0.4857 | polarity: 2.7108 | monodec: 0.0528 | rule: 226.9250 | group: 1.8644 | tree: 5.4925 | total: 3.2635
[New] Epoch 25/1000 | classify: 3.0127 | conc: 0.0003 | consistency: 0.4787 | polarity: 2.7252 | monodec: 0.0474 | rule: 231.2130 | group: 1.7971 | tree: 5.3220 | total: 3.1330
[New] Epoch 26/1000 | classify: 2.9853 | conc: 0.0006 | consistency: 0.4772 | polarity: 2.7459 | monodec: 0.0495 | rule: 211.6739 | group: 1.8778 | tree: 5.1907 | total: 3.0961
[New] Epoch 27/1000 | classify: 2.8162 | conc: 0.0006 | consistency: 0.4723 | polarity: 2.7115 | monodec: 0.0370 | rule: 214.8880 | group: 1.7490 | tree: 5.0316 | total: 2.9285
[New] Epoch 28/1000 | classify: 3.0673 | conc: 0.0005 | consistency: 0.4679 | polarity: 2.7865 | monodec: 0.0297 | rule: 245.5144 | group: 1.8207 | tree: 5.4029 | total: 3.1950
[New] Epoch 29/1000 | classify: 2.9435 | conc: 0.0007 | consistency: 0.4615 | polarity: 2.7998 | monodec: 0.0288 | rule: 244.5724 | group: 1.7705 | tree: 5.3780 | total: 3.0708
[New] Epoch 30/1000 | classify: 3.0673 | conc: 0.0008 | consistency: 0.4660 | polarity: 2.8227 | monodec: 0.0298 | rule: 222.9921 | group: 1.9183 | tree: 5.2971 | total: 3.1840
--- 验证集 [epoch 30] ---
  准确率 (Accuracy):  0.6918
  精确率 (Precision): 0.6324
  召回率 (Recall):    0.5678
  F1 分数 (F1):       0.5661
✅ 模型已保存到 /home/kudouzala/Application/ion_detect/output/trained_model_save/exp_new_g/trained_model_epoch_best.pth
  🏆 新最佳 F1=0.5661，已保存 best 模型
[New] Epoch 31/1000 | classify: 2.9383 | conc: 0.0005 | consistency: 0.4615 | polarity: 2.7398 | monodec: 0.0264 | rule: 232.2894 | group: 1.7797 | tree: 5.1680 | total: 3.0593
[New] Epoch 32/1000 | classify: 2.9416 | conc: 0.0006 | consistency: 0.4631 | polarity: 2.7450 | monodec: 0.0268 | rule: 229.0141 | group: 1.8356 | tree: 5.5774 | total: 3.0612
[New] Epoch 33/1000 | classify: 2.7380 | conc: 0.0008 | consistency: 0.4627 | polarity: 2.6672 | monodec: 0.0246 | rule: 227.4281 | group: 1.7720 | tree: 5.0978 | total: 2.8566
[New] Epoch 34/1000 | classify: 2.6697 | conc: 0.0005 | consistency: 0.4636 | polarity: 2.5887 | monodec: 0.0245 | rule: 208.6500 | group: 1.7352 | tree: 5.4403 | total: 2.7789
[New] Epoch 35/1000 | classify: 2.9834 | conc: 0.0006 | consistency: 0.4599 | polarity: 2.6362 | monodec: 0.0218 | rule: 213.7847 | group: 1.7970 | tree: 5.4558 | total: 3.0952
[New] Epoch 36/1000 | classify: 2.5201 | conc: 0.0008 | consistency: 0.4550 | polarity: 2.5180 | monodec: 0.0191 | rule: 198.9103 | group: 1.7873 | tree: 5.0452 | total: 2.6244
[New] Epoch 37/1000 | classify: 2.7070 | conc: 0.0007 | consistency: 0.4602 | polarity: 2.5627 | monodec: 0.0199 | rule: 209.2666 | group: 1.7494 | tree: 5.1442 | total: 2.8166
[New] Epoch 38/1000 | classify: 2.6874 | conc: 0.0004 | consistency: 0.4598 | polarity: 2.4377 | monodec: 0.0153 | rule: 216.6328 | group: 1.7488 | tree: 5.1816 | total: 2.8003
[New] Epoch 39/1000 | classify: 2.7440 | conc: 0.0007 | consistency: 0.4607 | polarity: 2.5732 | monodec: 0.0163 | rule: 232.5987 | group: 1.7421 | tree: 4.8077 | total: 2.8650
[New] Epoch 40/1000 | classify: 2.6893 | conc: 0.0006 | consistency: 0.4575 | polarity: 2.5119 | monodec: 0.0149 | rule: 213.7525 | group: 1.8033 | tree: 5.2471 | total: 2.8010
--- 验证集 [epoch 40] ---
  准确率 (Accuracy):  0.6849
  精确率 (Precision): 0.5062
  召回率 (Recall):    0.5114
  F1 分数 (F1):       0.4934
[New] Epoch 41/1000 | classify: 2.6079 | conc: 0.0007 | consistency: 0.4601 | polarity: 2.4370 | monodec: 0.0147 | rule: 200.4073 | group: 1.7818 | tree: 5.3964 | total: 2.7131
[New] Epoch 42/1000 | classify: 2.6154 | conc: 0.0007 | consistency: 0.4601 | polarity: 2.4210 | monodec: 0.0138 | rule: 216.5611 | group: 1.7669 | tree: 5.2904 | total: 2.7287
[New] Epoch 43/1000 | classify: 2.6386 | conc: 0.0005 | consistency: 0.4568 | polarity: 2.3363 | monodec: 0.0132 | rule: 196.1772 | group: 1.7334 | tree: 5.0100 | total: 2.7412
[New] Epoch 44/1000 | classify: 2.7783 | conc: 0.0005 | consistency: 0.4615 | polarity: 2.4708 | monodec: 0.0119 | rule: 237.7667 | group: 1.7849 | tree: 5.5364 | total: 2.9021
[New] Epoch 45/1000 | classify: 2.6482 | conc: 0.0009 | consistency: 0.4563 | polarity: 2.3926 | monodec: 0.0110 | rule: 208.8342 | group: 1.7066 | tree: 5.1738 | total: 2.7577
[New] Epoch 46/1000 | classify: 2.6439 | conc: 0.0004 | consistency: 0.4611 | polarity: 2.3266 | monodec: 0.0095 | rule: 226.9092 | group: 1.7137 | tree: 5.1476 | total: 2.7619
[New] Epoch 47/1000 | classify: 2.7217 | conc: 0.0006 | consistency: 0.4573 | polarity: 2.3657 | monodec: 0.0090 | rule: 211.0241 | group: 1.7617 | tree: 5.2618 | total: 2.8320
[New] Epoch 48/1000 | classify: 2.5749 | conc: 0.0006 | consistency: 0.4634 | polarity: 2.3369 | monodec: 0.0083 | rule: 215.3683 | group: 1.7873 | tree: 5.0608 | total: 2.6874
[New] Epoch 49/1000 | classify: 2.5239 | conc: 0.0006 | consistency: 0.4641 | polarity: 2.2542 | monodec: 0.0073 | rule: 225.1486 | group: 1.7292 | tree: 5.1827 | total: 2.6411
[New] Epoch 50/1000 | classify: 2.6405 | conc: 0.0005 | consistency: 0.4638 | polarity: 2.2889 | monodec: 0.0072 | rule: 218.1577 | group: 1.7655 | tree: 5.1374 | total: 2.7542
--- 验证集 [epoch 50] ---
  准确率 (Accuracy):  0.7192
  精确率 (Precision): 0.5252
  召回率 (Recall):    0.5490
  F1 分数 (F1):       0.5216
✅ 模型已保存到 /home/kudouzala/Application/ion_detect/output/trained_model_save/exp_new_g/trained_model_epoch_50.pth
📁 损失值已保存到 /home/kudouzala/Application/ion_detect/output/trained_model_save/exp_new_g/training_loss_epoch_50.csv
[New] Epoch 51/1000 | classify: 2.4807 | conc: 0.0005 | consistency: 0.4637 | polarity: 2.1747 | monodec: 0.0055 | rule: 223.9755 | group: 1.6549 | tree: 5.0260 | total: 2.5972
[New] Epoch 52/1000 | classify: 2.4456 | conc: 0.0004 | consistency: 0.4642 | polarity: 2.1696 | monodec: 0.0057 | rule: 188.9728 | group: 1.6707 | tree: 5.0309 | total: 2.5445
[New] Epoch 53/1000 | classify: 2.2570 | conc: 0.0004 | consistency: 0.4594 | polarity: 2.0978 | monodec: 0.0051 | rule: 216.6454 | group: 1.5834 | tree: 4.7245 | total: 2.3695
[New] Epoch 54/1000 | classify: 2.3808 | conc: 0.0007 | consistency: 0.4643 | polarity: 2.1341 | monodec: 0.0049 | rule: 233.1722 | group: 1.6361 | tree: 4.9281 | total: 2.5021
[New] Epoch 55/1000 | classify: 2.3781 | conc: 0.0004 | consistency: 0.4644 | polarity: 2.1325 | monodec: 0.0039 | rule: 184.7479 | group: 1.6061 | tree: 4.9227 | total: 2.4749
[New] Epoch 56/1000 | classify: 2.4162 | conc: 0.0006 | consistency: 0.4660 | polarity: 2.1432 | monodec: 0.0039 | rule: 211.3082 | group: 1.6705 | tree: 5.0517 | total: 2.5265
[New] Epoch 57/1000 | classify: 2.6028 | conc: 0.0005 | consistency: 0.4666 | polarity: 2.1924 | monodec: 0.0037 | rule: 248.8467 | group: 1.6773 | tree: 5.1236 | total: 2.7318
[New] Epoch 58/1000 | classify: 2.4772 | conc: 0.0005 | consistency: 0.4675 | polarity: 2.1321 | monodec: 0.0037 | rule: 239.6891 | group: 1.6003 | tree: 4.8372 | total: 2.6014
[New] Epoch 59/1000 | classify: 2.5118 | conc: 0.0006 | consistency: 0.4673 | polarity: 2.1650 | monodec: 0.0031 | rule: 217.3951 | group: 1.6753 | tree: 5.2291 | total: 2.6251
[New] Epoch 60/1000 | classify: 2.3773 | conc: 0.0006 | consistency: 0.4673 | polarity: 2.1225 | monodec: 0.0027 | rule: 214.9294 | group: 1.6505 | tree: 4.9590 | total: 2.4893
--- 验证集 [epoch 60] ---
  准确率 (Accuracy):  0.7260
  精确率 (Precision): 0.6962
  召回率 (Recall):    0.5872
  F1 分数 (F1):       0.5867
✅ 模型已保存到 /home/kudouzala/Application/ion_detect/output/trained_model_save/exp_new_g/trained_model_epoch_best.pth
  🏆 新最佳 F1=0.5867，已保存 best 模型
[New] Epoch 61/1000 | classify: 2.1504 | conc: 0.0006 | consistency: 0.4670 | polarity: 2.0912 | monodec: 0.0025 | rule: 201.1795 | group: 1.6224 | tree: 4.9779 | total: 2.2555
[New] Epoch 62/1000 | classify: 2.4475 | conc: 0.0004 | consistency: 0.4679 | polarity: 2.1899 | monodec: 0.0026 | rule: 235.2865 | group: 1.6479 | tree: 5.1682 | total: 2.5697
[New] Epoch 63/1000 | classify: 2.2570 | conc: 0.0006 | consistency: 0.4679 | polarity: 2.0712 | monodec: 0.0022 | rule: 237.7059 | group: 1.6276 | tree: 5.0572 | total: 2.3804
[New] Epoch 64/1000 | classify: 2.1960 | conc: 0.0007 | consistency: 0.4677 | polarity: 2.1925 | monodec: 0.0026 | rule: 240.5751 | group: 1.6699 | tree: 5.2110 | total: 2.3211
[New] Epoch 65/1000 | classify: 2.4078 | conc: 0.0004 | consistency: 0.4633 | polarity: 2.1602 | monodec: 0.0019 | rule: 217.5622 | group: 1.6501 | tree: 5.1606 | total: 2.5211
[New] Epoch 66/1000 | classify: 2.3262 | conc: 0.0008 | consistency: 0.4690 | polarity: 2.1119 | monodec: 0.0021 | rule: 197.1837 | group: 1.6540 | tree: 5.1556 | total: 2.4297
[New] Epoch 67/1000 | classify: 2.3219 | conc: 0.0004 | consistency: 0.4695 | polarity: 2.0909 | monodec: 0.0021 | rule: 225.7020 | group: 1.5899 | tree: 4.8935 | total: 2.4390
[New] Epoch 68/1000 | classify: 2.1417 | conc: 0.0003 | consistency: 0.4683 | polarity: 2.0496 | monodec: 0.0021 | rule: 230.3960 | group: 1.5762 | tree: 4.9031 | total: 2.2612
[New] Epoch 69/1000 | classify: 2.5519 | conc: 0.0004 | consistency: 0.4690 | polarity: 2.1566 | monodec: 0.0018 | rule: 214.6987 | group: 1.7055 | tree: 5.2346 | total: 2.6637
[New] Epoch 70/1000 | classify: 2.3453 | conc: 0.0006 | consistency: 0.4695 | polarity: 2.2019 | monodec: 0.0017 | rule: 215.6957 | group: 1.7046 | tree: 5.3633 | total: 2.4580
--- 验证集 [epoch 70] ---
  准确率 (Accuracy):  0.7671
  精确率 (Precision): 0.6509
  召回率 (Recall):    0.6131
  F1 分数 (F1):       0.6244
✅ 模型已保存到 /home/kudouzala/Application/ion_detect/output/trained_model_save/exp_new_g/trained_model_epoch_best.pth
  🏆 新最佳 F1=0.6244，已保存 best 模型
[New] Epoch 71/1000 | classify: 2.1610 | conc: 0.0003 | consistency: 0.4691 | polarity: 2.1063 | monodec: 0.0017 | rule: 233.5473 | group: 1.5828 | tree: 4.9206 | total: 2.2820
[New] Epoch 72/1000 | classify: 2.1882 | conc: 0.0005 | consistency: 0.4643 | polarity: 2.1273 | monodec: 0.0016 | rule: 204.0703 | group: 1.5775 | tree: 4.8367 | total: 2.2946
[New] Epoch 73/1000 | classify: 2.1524 | conc: 0.0007 | consistency: 0.4690 | polarity: 2.1522 | monodec: 0.0018 | rule: 219.2814 | group: 1.6712 | tree: 5.1978 | total: 2.2669
[New] Epoch 74/1000 | classify: 2.0664 | conc: 0.0004 | consistency: 0.4689 | polarity: 2.1363 | monodec: 0.0017 | rule: 220.8398 | group: 1.6590 | tree: 5.2807 | total: 2.1814
[New] Epoch 75/1000 | classify: 2.1945 | conc: 0.0006 | consistency: 0.4691 | polarity: 2.1818 | monodec: 0.0019 | rule: 202.6599 | group: 1.6444 | tree: 5.0509 | total: 2.3005
[New] Epoch 76/1000 | classify: 2.1517 | conc: 0.0007 | consistency: 0.4699 | polarity: 2.1696 | monodec: 0.0018 | rule: 229.1695 | group: 1.6575 | tree: 4.9840 | total: 2.2710
[New] Epoch 77/1000 | classify: 2.0351 | conc: 0.0005 | consistency: 0.4692 | polarity: 2.1513 | monodec: 0.0017 | rule: 220.4519 | group: 1.6397 | tree: 4.8071 | total: 2.1498
[New] Epoch 78/1000 | classify: 1.9411 | conc: 0.0005 | consistency: 0.4691 | polarity: 2.0674 | monodec: 0.0015 | rule: 203.0909 | group: 1.5703 | tree: 4.7292 | total: 2.0469
[New] Epoch 79/1000 | classify: 2.1941 | conc: 0.0007 | consistency: 0.4639 | polarity: 2.1952 | monodec: 0.0014 | rule: 214.6637 | group: 1.6842 | tree: 5.2055 | total: 2.3063
[New] Epoch 80/1000 | classify: 1.9671 | conc: 0.0006 | consistency: 0.4642 | polarity: 2.0956 | monodec: 0.0015 | rule: 196.6746 | group: 1.5518 | tree: 4.5922 | total: 2.0698
--- 验证集 [epoch 80] ---
  准确率 (Accuracy):  0.7603
  精确率 (Precision): 0.6028
  召回率 (Recall):    0.6453
  F1 分数 (F1):       0.6150
[New] Epoch 81/1000 | classify: 1.9929 | conc: 0.0006 | consistency: 0.4695 | polarity: 2.0927 | monodec: 0.0014 | rule: 216.4904 | group: 1.5800 | tree: 4.7208 | total: 2.1055
[New] Epoch 82/1000 | classify: 1.9621 | conc: 0.0005 | consistency: 0.4688 | polarity: 2.1065 | monodec: 0.0016 | rule: 220.9181 | group: 1.5823 | tree: 4.8130 | total: 2.0769
[New] Epoch 83/1000 | classify: 2.0414 | conc: 0.0008 | consistency: 0.4688 | polarity: 2.1553 | monodec: 0.0016 | rule: 240.6544 | group: 1.6218 | tree: 5.2027 | total: 2.1666
[New] Epoch 84/1000 | classify: 2.1217 | conc: 0.0009 | consistency: 0.4697 | polarity: 2.2593 | monodec: 0.0014 | rule: 216.5840 | group: 1.6719 | tree: 5.0864 | total: 2.2349
[New] Epoch 85/1000 | classify: 2.2910 | conc: 0.0004 | consistency: 0.4703 | polarity: 2.2290 | monodec: 0.0013 | rule: 221.6049 | group: 1.6659 | tree: 5.0955 | total: 2.4063
[New] Epoch 86/1000 | classify: 2.0394 | conc: 0.0004 | consistency: 0.4650 | polarity: 2.0988 | monodec: 0.0012 | rule: 222.7099 | group: 1.5520 | tree: 4.6260 | total: 2.1548
[New] Epoch 87/1000 | classify: 1.9834 | conc: 0.0005 | consistency: 0.4703 | polarity: 2.1551 | monodec: 0.0012 | rule: 234.1898 | group: 1.6282 | tree: 4.9535 | total: 2.1050
[New] Epoch 88/1000 | classify: 2.1147 | conc: 0.0006 | consistency: 0.4701 | polarity: 2.2317 | monodec: 0.0012 | rule: 248.6834 | group: 1.6556 | tree: 5.2482 | total: 2.2437
[New] Epoch 89/1000 | classify: 1.6878 | conc: 0.0006 | consistency: 0.4640 | polarity: 2.0610 | monodec: 0.0011 | rule: 238.7681 | group: 1.4667 | tree: 4.2992 | total: 1.8114
[New] Epoch 90/1000 | classify: 1.9705 | conc: 0.0005 | consistency: 0.4688 | polarity: 2.1288 | monodec: 0.0010 | rule: 231.5755 | group: 1.5891 | tree: 4.8862 | total: 2.0907
--- 验证集 [epoch 90] ---
  准确率 (Accuracy):  0.7397
  精确率 (Precision): 0.6018
  召回率 (Recall):    0.6130
  F1 分数 (F1):       0.5889
[New] Epoch 91/1000 | classify: 2.0523 | conc: 0.0007 | consistency: 0.4695 | polarity: 2.2147 | monodec: 0.0011 | rule: 232.3059 | group: 1.6726 | tree: 5.3886 | total: 2.1733
[New] Epoch 92/1000 | classify: 2.2113 | conc: 0.0006 | consistency: 0.4703 | polarity: 2.2600 | monodec: 0.0010 | rule: 200.2216 | group: 1.6990 | tree: 5.3569 | total: 2.3162
[New] Epoch 93/1000 | classify: 2.2073 | conc: 0.0007 | consistency: 0.4724 | polarity: 2.3071 | monodec: 0.0009 | rule: 211.3803 | group: 1.7256 | tree: 5.3109 | total: 2.3179
[New] Epoch 94/1000 | classify: 1.8975 | conc: 0.0007 | consistency: 0.4721 | polarity: 2.2328 | monodec: 0.0009 | rule: 222.3769 | group: 1.7271 | tree: 5.1437 | total: 2.0135
[New] Epoch 95/1000 | classify: 1.8534 | conc: 0.0003 | consistency: 0.4701 | polarity: 2.0849 | monodec: 0.0011 | rule: 217.0545 | group: 1.5239 | tree: 4.7087 | total: 1.9660
[New] Epoch 96/1000 | classify: 1.8708 | conc: 0.0006 | consistency: 0.4693 | polarity: 2.1634 | monodec: 0.0011 | rule: 210.6376 | group: 1.5904 | tree: 4.9664 | total: 1.9806
[New] Epoch 97/1000 | classify: 1.8354 | conc: 0.0006 | consistency: 0.4700 | polarity: 2.1489 | monodec: 0.0010 | rule: 220.4859 | group: 1.5774 | tree: 4.7492 | total: 1.9500
[New] Epoch 98/1000 | classify: 1.9397 | conc: 0.0006 | consistency: 0.4707 | polarity: 2.2739 | monodec: 0.0009 | rule: 232.1262 | group: 1.7288 | tree: 5.1000 | total: 2.0604
[New] Epoch 99/1000 | classify: 1.9605 | conc: 0.0006 | consistency: 0.4652 | polarity: 2.2167 | monodec: 0.0009 | rule: 198.4619 | group: 1.6259 | tree: 4.9363 | total: 2.0643
[New] Epoch 100/1000 | classify: 2.0390 | conc: 0.0008 | consistency: 0.4704 | polarity: 2.2789 | monodec: 0.0008 | rule: 225.3012 | group: 1.7299 | tree: 5.4533 | total: 2.1567
--- 验证集 [epoch 100] ---
  准确率 (Accuracy):  0.7397
  精确率 (Precision): 0.6586
  召回率 (Recall):    0.5741
  F1 分数 (F1):       0.5983
✅ 模型已保存到 /home/kudouzala/Application/ion_detect/output/trained_model_save/exp_new_g/trained_model_epoch_100.pth
📁 损失值已保存到 /home/kudouzala/Application/ion_detect/output/trained_model_save/exp_new_g/training_loss_epoch_100.csv
[New] Epoch 101/1000 | classify: 1.7703 | conc: 0.0005 | consistency: 0.4653 | polarity: 2.1684 | monodec: 0.0008 | rule: 221.1146 | group: 1.5359 | tree: 4.6780 | total: 1.8851
[New] Epoch 102/1000 | classify: 1.8363 | conc: 0.0005 | consistency: 0.4652 | polarity: 2.1572 | monodec: 0.0007 | rule: 217.9210 | group: 1.5658 | tree: 4.8247 | total: 1.9496
[New] Epoch 103/1000 | classify: 1.9354 | conc: 0.0006 | consistency: 0.4701 | polarity: 2.2036 | monodec: 0.0009 | rule: 220.1231 | group: 1.5919 | tree: 4.7457 | total: 2.0499
[New] Epoch 104/1000 | classify: 1.8091 | conc: 0.0006 | consistency: 0.4697 | polarity: 2.2175 | monodec: 0.0009 | rule: 225.8999 | group: 1.6860 | tree: 5.0380 | total: 1.9267
[New] Epoch 105/1000 | classify: 1.7350 | conc: 0.0005 | consistency: 0.4653 | polarity: 2.1563 | monodec: 0.0008 | rule: 222.2817 | group: 1.6038 | tree: 4.9785 | total: 1.8506
[New] Epoch 106/1000 | classify: 1.8244 | conc: 0.0008 | consistency: 0.4711 | polarity: 2.2796 | monodec: 0.0009 | rule: 224.3579 | group: 1.7281 | tree: 5.3375 | total: 1.9415
[New] Epoch 107/1000 | classify: 1.7326 | conc: 0.0006 | consistency: 0.4712 | polarity: 2.2087 | monodec: 0.0008 | rule: 217.2032 | group: 1.6391 | tree: 5.0669 | total: 1.8458
[New] Epoch 108/1000 | classify: 1.8522 | conc: 0.0004 | consistency: 0.4712 | polarity: 2.2767 | monodec: 0.0008 | rule: 232.7385 | group: 1.7237 | tree: 5.1779 | total: 1.9732
[New] Epoch 109/1000 | classify: 1.5203 | conc: 0.0005 | consistency: 0.4705 | polarity: 2.1028 | monodec: 0.0008 | rule: 191.5753 | group: 1.5990 | tree: 4.6462 | total: 1.6204
[New] Epoch 110/1000 | classify: 1.8485 | conc: 0.0005 | consistency: 0.4641 | polarity: 2.1960 | monodec: 0.0008 | rule: 204.8371 | group: 1.6756 | tree: 5.0037 | total: 1.9554
--- 验证集 [epoch 110] ---
  准确率 (Accuracy):  0.7877
  精确率 (Precision): 0.7771
  召回率 (Recall):    0.6587
  F1 分数 (F1):       0.6764
✅ 模型已保存到 /home/kudouzala/Application/ion_detect/output/trained_model_save/exp_new_g/trained_model_epoch_best.pth
  🏆 新最佳 F1=0.6764，已保存 best 模型
[New] Epoch 111/1000 | classify: 1.8208 | conc: 0.0008 | consistency: 0.4702 | polarity: 2.2513 | monodec: 0.0009 | rule: 229.1569 | group: 1.7022 | tree: 5.4019 | total: 1.9404
[New] Epoch 112/1000 | classify: 1.7156 | conc: 0.0006 | consistency: 0.4709 | polarity: 2.2078 | monodec: 0.0007 | rule: 212.1900 | group: 1.6224 | tree: 4.9236 | total: 1.8263
[New] Epoch 113/1000 | classify: 1.5490 | conc: 0.0008 | consistency: 0.4649 | polarity: 2.1976 | monodec: 0.0007 | rule: 242.4760 | group: 1.6612 | tree: 4.9605 | total: 1.6750
[New] Epoch 114/1000 | classify: 1.6504 | conc: 0.0003 | consistency: 0.4700 | polarity: 2.1344 | monodec: 0.0008 | rule: 208.8338 | group: 1.5743 | tree: 4.7048 | total: 1.7590
[New] Epoch 115/1000 | classify: 1.6640 | conc: 0.0006 | consistency: 0.4690 | polarity: 2.1560 | monodec: 0.0008 | rule: 235.4866 | group: 1.6541 | tree: 5.0391 | total: 1.7863
[New] Epoch 116/1000 | classify: 1.7807 | conc: 0.0007 | consistency: 0.4697 | polarity: 2.2102 | monodec: 0.0008 | rule: 231.6311 | group: 1.6733 | tree: 5.0553 | total: 1.9012
[New] Epoch 117/1000 | classify: 1.4836 | conc: 0.0004 | consistency: 0.4695 | polarity: 2.1384 | monodec: 0.0007 | rule: 211.0462 | group: 1.6374 | tree: 4.8520 | total: 1.5935
[New] Epoch 118/1000 | classify: 1.7169 | conc: 0.0005 | consistency: 0.4690 | polarity: 2.2318 | monodec: 0.0008 | rule: 227.0725 | group: 1.6801 | tree: 5.1137 | total: 1.8351
[New] Epoch 119/1000 | classify: 1.6310 | conc: 0.0007 | consistency: 0.4700 | polarity: 2.1573 | monodec: 0.0006 | rule: 222.1580 | group: 1.6296 | tree: 5.0507 | total: 1.7468
[New] Epoch 120/1000 | classify: 1.6264 | conc: 0.0004 | consistency: 0.4653 | polarity: 2.2189 | monodec: 0.0005 | rule: 233.0664 | group: 1.7103 | tree: 5.2101 | total: 1.7475
--- 验证集 [epoch 120] ---
  准确率 (Accuracy):  0.8356
  精确率 (Precision): 0.7998
  召回率 (Recall):    0.7351
  F1 分数 (F1):       0.7511
✅ 模型已保存到 /home/kudouzala/Application/ion_detect/output/trained_model_save/exp_new_g/trained_model_epoch_best.pth
  🏆 新最佳 F1=0.7511，已保存 best 模型
[New] Epoch 121/1000 | classify: 1.5687 | conc: 0.0005 | consistency: 0.4712 | polarity: 2.1900 | monodec: 0.0006 | rule: 208.3104 | group: 1.6416 | tree: 5.1004 | total: 1.6774
[New] Epoch 122/1000 | classify: 1.6433 | conc: 0.0009 | consistency: 0.4710 | polarity: 2.2836 | monodec: 0.0006 | rule: 220.4286 | group: 1.7549 | tree: 5.2736 | total: 1.7586
[New] Epoch 123/1000 | classify: 1.6626 | conc: 0.0006 | consistency: 0.4712 | polarity: 2.2569 | monodec: 0.0007 | rule: 222.2202 | group: 1.6896 | tree: 5.0909 | total: 1.7785
[New] Epoch 124/1000 | classify: 1.5576 | conc: 0.0006 | consistency: 0.4707 | polarity: 2.1623 | monodec: 0.0006 | rule: 208.4927 | group: 1.6650 | tree: 4.9506 | total: 1.6664
[New] Epoch 125/1000 | classify: 1.4307 | conc: 0.0005 | consistency: 0.4696 | polarity: 2.1720 | monodec: 0.0007 | rule: 216.1947 | group: 1.6222 | tree: 4.8624 | total: 1.5433
[New] Epoch 126/1000 | classify: 1.6092 | conc: 0.0007 | consistency: 0.4701 | polarity: 2.2283 | monodec: 0.0006 | rule: 212.9111 | group: 1.6761 | tree: 4.8965 | total: 1.7203
[New] Epoch 127/1000 | classify: 1.6451 | conc: 0.0004 | consistency: 0.4654 | polarity: 2.1428 | monodec: 0.0006 | rule: 189.6842 | group: 1.6092 | tree: 4.6429 | total: 1.7441
[New] Epoch 128/1000 | classify: 1.4764 | conc: 0.0010 | consistency: 0.4710 | polarity: 2.2550 | monodec: 0.0006 | rule: 248.0021 | group: 1.7130 | tree: 5.2683 | total: 1.6055
[New] Epoch 129/1000 | classify: 1.4591 | conc: 0.0006 | consistency: 0.4705 | polarity: 2.1556 | monodec: 0.0006 | rule: 206.1324 | group: 1.6565 | tree: 4.9874 | total: 1.5668
[New] Epoch 130/1000 | classify: 1.5974 | conc: 0.0004 | consistency: 0.4654 | polarity: 2.1882 | monodec: 0.0006 | rule: 208.7057 | group: 1.6551 | tree: 4.7717 | total: 1.7060
--- 验证集 [epoch 130] ---
  准确率 (Accuracy):  0.8014
  精确率 (Precision): 0.7534
  召回率 (Recall):    0.7005
  F1 分数 (F1):       0.7022
[New] Epoch 131/1000 | classify: 1.6265 | conc: 0.0007 | consistency: 0.4716 | polarity: 2.2424 | monodec: 0.0005 | rule: 216.0789 | group: 1.6797 | tree: 5.1509 | total: 1.7393
[New] Epoch 132/1000 | classify: 1.5854 | conc: 0.0004 | consistency: 0.4715 | polarity: 2.2670 | monodec: 0.0005 | rule: 226.9963 | group: 1.7500 | tree: 5.1860 | total: 1.7035
[New] Epoch 133/1000 | classify: 1.4952 | conc: 0.0006 | consistency: 0.4664 | polarity: 2.2234 | monodec: 0.0006 | rule: 241.5506 | group: 1.7393 | tree: 5.2160 | total: 1.6208
[New] Epoch 134/1000 | classify: 1.5830 | conc: 0.0006 | consistency: 0.4658 | polarity: 2.1609 | monodec: 0.0005 | rule: 219.9129 | group: 1.6420 | tree: 4.8941 | total: 1.6975
[New] Epoch 135/1000 | classify: 1.5252 | conc: 0.0007 | consistency: 0.4712 | polarity: 2.2326 | monodec: 0.0005 | rule: 221.1931 | group: 1.6794 | tree: 4.9487 | total: 1.6405
[New] Epoch 136/1000 | classify: 1.5641 | conc: 0.0008 | consistency: 0.4714 | polarity: 2.2594 | monodec: 0.0005 | rule: 228.6282 | group: 1.7155 | tree: 5.2249 | total: 1.6835
[New] Epoch 137/1000 | classify: 1.5158 | conc: 0.0004 | consistency: 0.4721 | polarity: 2.2212 | monodec: 0.0004 | rule: 210.3300 | group: 1.6631 | tree: 4.9290 | total: 1.6253
[New] Epoch 138/1000 | classify: 1.2370 | conc: 0.0008 | consistency: 0.4707 | polarity: 2.1604 | monodec: 0.0006 | rule: 217.9644 | group: 1.6896 | tree: 4.9245 | total: 1.3508
[New] Epoch 139/1000 | classify: 1.4250 | conc: 0.0005 | consistency: 0.4702 | polarity: 2.1304 | monodec: 0.0006 | rule: 202.1128 | group: 1.6440 | tree: 4.8796 | total: 1.5305
[New] Epoch 140/1000 | classify: 1.6533 | conc: 0.0011 | consistency: 0.4710 | polarity: 2.3507 | monodec: 0.0005 | rule: 247.1152 | group: 1.8011 | tree: 5.4317 | total: 1.7823
--- 验证集 [epoch 140] ---
  准确率 (Accuracy):  0.8630
  精确率 (Precision): 0.8193
  召回率 (Recall):    0.7968
  F1 分数 (F1):       0.8024
✅ 模型已保存到 /home/kudouzala/Application/ion_detect/output/trained_model_save/exp_new_g/trained_model_epoch_best.pth
  🏆 新最佳 F1=0.8024，已保存 best 模型
[New] Epoch 141/1000 | classify: 1.5475 | conc: 0.0008 | consistency: 0.4719 | polarity: 2.3049 | monodec: 0.0004 | rule: 219.6675 | group: 1.7937 | tree: 5.1942 | total: 1.6623
[New] Epoch 142/1000 | classify: 1.3759 | conc: 0.0007 | consistency: 0.4695 | polarity: 2.1550 | monodec: 0.0007 | rule: 216.5388 | group: 1.6632 | tree: 4.8553 | total: 1.4888
[New] Epoch 143/1000 | classify: 1.5846 | conc: 0.0008 | consistency: 0.4693 | polarity: 2.3086 | monodec: 0.0006 | rule: 243.1686 | group: 1.8243 | tree: 5.5003 | total: 1.7113
[New] Epoch 144/1000 | classify: 1.5462 | conc: 0.0006 | consistency: 0.4708 | polarity: 2.2636 | monodec: 0.0005 | rule: 211.4636 | group: 1.7412 | tree: 5.1937 | total: 1.6566
[New] Epoch 145/1000 | classify: 1.3934 | conc: 0.0005 | consistency: 0.4712 | polarity: 2.1954 | monodec: 0.0005 | rule: 225.4384 | group: 1.6367 | tree: 4.9405 | total: 1.5106
[New] Epoch 146/1000 | classify: 1.4742 | conc: 0.0005 | consistency: 0.4701 | polarity: 2.2105 | monodec: 0.0006 | rule: 231.6836 | group: 1.7017 | tree: 4.9984 | total: 1.5946
[New] Epoch 147/1000 | classify: 1.4949 | conc: 0.0006 | consistency: 0.4706 | polarity: 2.2718 | monodec: 0.0006 | rule: 237.7216 | group: 1.7457 | tree: 5.1843 | total: 1.6185
[New] Epoch 148/1000 | classify: 1.3158 | conc: 0.0004 | consistency: 0.4713 | polarity: 2.1530 | monodec: 0.0004 | rule: 220.6277 | group: 1.6241 | tree: 4.7153 | total: 1.4303
[New] Epoch 149/1000 | classify: 1.5447 | conc: 0.0005 | consistency: 0.4711 | polarity: 2.1937 | monodec: 0.0004 | rule: 217.2602 | group: 1.7061 | tree: 4.9946 | total: 1.6579
[New] Epoch 150/1000 | classify: 1.5432 | conc: 0.0007 | consistency: 0.4715 | polarity: 2.1849 | monodec: 0.0004 | rule: 230.5175 | group: 1.6907 | tree: 5.1685 | total: 1.6632
--- 验证集 [epoch 150] ---
  准确率 (Accuracy):  0.8219
  精确率 (Precision): 0.7938
  召回率 (Recall):    0.6974
  F1 分数 (F1):       0.7367
✅ 模型已保存到 /home/kudouzala/Application/ion_detect/output/trained_model_save/exp_new_g/trained_model_epoch_150.pth
📁 损失值已保存到 /home/kudouzala/Application/ion_detect/output/trained_model_save/exp_new_g/training_loss_epoch_150.csv
[New] Epoch 151/1000 | classify: 1.5206 | conc: 0.0006 | consistency: 0.4720 | polarity: 2.2075 | monodec: 0.0004 | rule: 236.9961 | group: 1.6992 | tree: 4.9107 | total: 1.6436
[New] Epoch 152/1000 | classify: 1.4398 | conc: 0.0009 | consistency: 0.4669 | polarity: 2.2637 | monodec: 0.0004 | rule: 229.8221 | group: 1.7229 | tree: 5.1280 | total: 1.5597
[New] Epoch 153/1000 | classify: 1.4418 | conc: 0.0008 | consistency: 0.4723 | polarity: 2.3377 | monodec: 0.0004 | rule: 262.1436 | group: 1.7967 | tree: 5.4935 | total: 1.5781
[New] Epoch 154/1000 | classify: 1.4759 | conc: 0.0006 | consistency: 0.4724 | polarity: 2.2469 | monodec: 0.0004 | rule: 211.3368 | group: 1.7415 | tree: 5.2591 | total: 1.5864
[New] Epoch 155/1000 | classify: 1.4240 | conc: 0.0004 | consistency: 0.4670 | polarity: 2.1779 | monodec: 0.0004 | rule: 218.5826 | group: 1.5749 | tree: 4.7288 | total: 1.5375
[New] Epoch 156/1000 | classify: 1.6264 | conc: 0.0007 | consistency: 0.4722 | polarity: 2.2291 | monodec: 0.0005 | rule: 226.8776 | group: 1.7429 | tree: 4.8321 | total: 1.7445
[New] Epoch 157/1000 | classify: 1.3831 | conc: 0.0007 | consistency: 0.4718 | polarity: 2.1959 | monodec: 0.0004 | rule: 213.8234 | group: 1.7164 | tree: 4.9185 | total: 1.4947
[New] Epoch 158/1000 | classify: 1.6446 | conc: 0.0008 | consistency: 0.4720 | polarity: 2.2622 | monodec: 0.0004 | rule: 242.7127 | group: 1.7255 | tree: 4.9836 | total: 1.7708
[New] Epoch 159/1000 | classify: 1.5995 | conc: 0.0007 | consistency: 0.4731 | polarity: 2.3628 | monodec: 0.0003 | rule: 203.0131 | group: 1.8514 | tree: 5.2796 | total: 1.7060
[New] Epoch 160/1000 | classify: 1.5806 | conc: 0.0007 | consistency: 0.4735 | polarity: 2.3218 | monodec: 0.0003 | rule: 210.3350 | group: 1.7405 | tree: 4.9485 | total: 1.6905
--- 验证集 [epoch 160] ---
  准确率 (Accuracy):  0.8288
  精确率 (Precision): 0.7598
  召回率 (Recall):    0.7025
  F1 分数 (F1):       0.7220
[New] Epoch 161/1000 | classify: 1.3693 | conc: 0.0002 | consistency: 0.4728 | polarity: 2.2189 | monodec: 0.0003 | rule: 228.4104 | group: 1.7103 | tree: 5.1643 | total: 1.4878
[New] Epoch 162/1000 | classify: 1.4255 | conc: 0.0005 | consistency: 0.4711 | polarity: 2.1885 | monodec: 0.0005 | rule: 216.1752 | group: 1.7204 | tree: 5.0180 | total: 1.5381
[New] Epoch 163/1000 | classify: 1.3773 | conc: 0.0005 | consistency: 0.4712 | polarity: 2.1607 | monodec: 0.0004 | rule: 206.6669 | group: 1.6577 | tree: 4.8672 | total: 1.4851
[New] Epoch 164/1000 | classify: 1.5881 | conc: 0.0006 | consistency: 0.4723 | polarity: 2.2372 | monodec: 0.0003 | rule: 237.2771 | group: 1.6733 | tree: 5.0335 | total: 1.7113
[New] Epoch 165/1000 | classify: 1.4578 | conc: 0.0005 | consistency: 0.4674 | polarity: 2.2760 | monodec: 0.0003 | rule: 225.7233 | group: 1.7081 | tree: 4.9807 | total: 1.5752
[New] Epoch 166/1000 | classify: 1.4965 | conc: 0.0007 | consistency: 0.4728 | polarity: 2.3332 | monodec: 0.0003 | rule: 223.2949 | group: 1.7881 | tree: 5.1746 | total: 1.6131
[New] Epoch 167/1000 | classify: 1.4944 | conc: 0.0007 | consistency: 0.4733 | polarity: 2.2742 | monodec: 0.0003 | rule: 228.1086 | group: 1.7366 | tree: 5.1335 | total: 1.6133
[New] Epoch 168/1000 | classify: 1.3837 | conc: 0.0009 | consistency: 0.4681 | polarity: 2.3176 | monodec: 0.0003 | rule: 248.4612 | group: 1.7256 | tree: 5.1408 | total: 1.5129
[New] Epoch 169/1000 | classify: 1.6781 | conc: 0.0007 | consistency: 0.4723 | polarity: 2.2707 | monodec: 0.0003 | rule: 240.4524 | group: 1.7915 | tree: 5.2339 | total: 1.8033
[New] Epoch 170/1000 | classify: 1.5981 | conc: 0.0005 | consistency: 0.4733 | polarity: 2.2995 | monodec: 0.0003 | rule: 223.5452 | group: 1.7484 | tree: 5.0961 | total: 1.7145
--- 验证集 [epoch 170] ---
  准确率 (Accuracy):  0.8014
  精确率 (Precision): 0.7641
  召回率 (Recall):    0.6503
  F1 分数 (F1):       0.6605
[New] Epoch 171/1000 | classify: 1.4905 | conc: 0.0007 | consistency: 0.4729 | polarity: 2.2760 | monodec: 0.0003 | rule: 219.2727 | group: 1.7833 | tree: 5.2205 | total: 1.6050
[New] Epoch 172/1000 | classify: 1.5245 | conc: 0.0008 | consistency: 0.4724 | polarity: 2.2422 | monodec: 0.0003 | rule: 231.6707 | group: 1.7377 | tree: 5.0351 | total: 1.6452
[New] Epoch 173/1000 | classify: 1.6515 | conc: 0.0007 | consistency: 0.4681 | polarity: 2.3259 | monodec: 0.0002 | rule: 194.5994 | group: 1.8202 | tree: 5.2094 | total: 1.7537
[New] Epoch 174/1000 | classify: 1.5768 | conc: 0.0008 | consistency: 0.4738 | polarity: 2.3468 | monodec: 0.0003 | rule: 215.4909 | group: 1.7803 | tree: 4.9757 | total: 1.6894
[New] Epoch 175/1000 | classify: 1.5646 | conc: 0.0005 | consistency: 0.4734 | polarity: 2.2414 | monodec: 0.0002 | rule: 222.2469 | group: 1.7496 | tree: 4.7808 | total: 1.6802
[New] Epoch 176/1000 | classify: 1.3661 | conc: 0.0010 | consistency: 0.4727 | polarity: 2.2514 | monodec: 0.0003 | rule: 224.1146 | group: 1.7535 | tree: 5.0679 | total: 1.4832
[New] Epoch 177/1000 | classify: 1.5372 | conc: 0.0004 | consistency: 0.4725 | polarity: 2.2791 | monodec: 0.0003 | rule: 224.4770 | group: 1.7095 | tree: 5.0133 | total: 1.6539
[New] Epoch 178/1000 | classify: 1.4774 | conc: 0.0006 | consistency: 0.4672 | polarity: 2.3307 | monodec: 0.0003 | rule: 210.2140 | group: 1.8350 | tree: 5.2394 | total: 1.5873
[New] Epoch 179/1000 | classify: 1.3692 | conc: 0.0006 | consistency: 0.4721 | polarity: 2.1907 | monodec: 0.0003 | rule: 225.0767 | group: 1.6766 | tree: 4.8751 | total: 1.4862
[New] Epoch 180/1000 | classify: 1.6330 | conc: 0.0008 | consistency: 0.4678 | polarity: 2.3269 | monodec: 0.0002 | rule: 224.4512 | group: 1.8035 | tree: 5.2880 | total: 1.7502
--- 验证集 [epoch 180] ---
  准确率 (Accuracy):  0.8288
  精确率 (Precision): 0.7918
  召回率 (Recall):    0.7093
  F1 分数 (F1):       0.7427
[New] Epoch 181/1000 | classify: 1.4331 | conc: 0.0010 | consistency: 0.4737 | polarity: 2.3280 | monodec: 0.0002 | rule: 250.6182 | group: 1.7374 | tree: 5.1618 | total: 1.5635
[New] Epoch 182/1000 | classify: 1.4493 | conc: 0.0008 | consistency: 0.4734 | polarity: 2.3624 | monodec: 0.0002 | rule: 212.2635 | group: 1.8060 | tree: 5.1003 | total: 1.5604
[New] Epoch 183/1000 | classify: 1.4150 | conc: 0.0006 | consistency: 0.4736 | polarity: 2.2446 | monodec: 0.0002 | rule: 220.1023 | group: 1.7147 | tree: 5.0755 | total: 1.5298
[New] Epoch 184/1000 | classify: 1.4000 | conc: 0.0007 | consistency: 0.4728 | polarity: 2.2486 | monodec: 0.0003 | rule: 221.9456 | group: 1.7109 | tree: 4.9517 | total: 1.5156
[New] Epoch 185/1000 | classify: 1.3854 | conc: 0.0007 | consistency: 0.4734 | polarity: 2.3251 | monodec: 0.0002 | rule: 234.3612 | group: 1.8150 | tree: 5.3734 | total: 1.5075
[New] Epoch 186/1000 | classify: 1.5165 | conc: 0.0005 | consistency: 0.4667 | polarity: 2.3312 | monodec: 0.0003 | rule: 242.8574 | group: 1.8515 | tree: 5.4817 | total: 1.6428
[New] Epoch 187/1000 | classify: 1.4723 | conc: 0.0005 | consistency: 0.4729 | polarity: 2.2261 | monodec: 0.0002 | rule: 232.6864 | group: 1.6760 | tree: 4.8837 | total: 1.5931
[New] Epoch 188/1000 | classify: 1.4370 | conc: 0.0007 | consistency: 0.4682 | polarity: 2.2823 | monodec: 0.0002 | rule: 246.5732 | group: 1.7252 | tree: 4.9423 | total: 1.5649
[New] Epoch 189/1000 | classify: 1.5231 | conc: 0.0005 | consistency: 0.4745 | polarity: 2.2767 | monodec: 0.0001 | rule: 206.4748 | group: 1.7377 | tree: 5.2795 | total: 1.6310
[New] Epoch 190/1000 | classify: 1.5143 | conc: 0.0008 | consistency: 0.4747 | polarity: 2.3500 | monodec: 0.0001 | rule: 231.4219 | group: 1.8154 | tree: 5.4482 | total: 1.6351
--- 验证集 [epoch 190] ---
  准确率 (Accuracy):  0.8219
  精确率 (Precision): 0.7705
  召回率 (Recall):    0.7123
  F1 分数 (F1):       0.7322
[New] Epoch 191/1000 | classify: 1.5110 | conc: 0.0006 | consistency: 0.4748 | polarity: 2.3464 | monodec: 0.0002 | rule: 229.4187 | group: 1.7724 | tree: 5.2178 | total: 1.6306
[New] Epoch 192/1000 | classify: 1.5021 | conc: 0.0006 | consistency: 0.4693 | polarity: 2.3103 | monodec: 0.0001 | rule: 246.1295 | group: 1.7611 | tree: 5.0816 | total: 1.6299
[New] Epoch 193/1000 | classify: 1.4686 | conc: 0.0006 | consistency: 0.4744 | polarity: 2.2937 | monodec: 0.0002 | rule: 218.6486 | group: 1.7717 | tree: 5.2940 | total: 1.5827
[New] Epoch 194/1000 | classify: 1.5197 | conc: 0.0006 | consistency: 0.4740 | polarity: 2.3444 | monodec: 0.0002 | rule: 231.4808 | group: 1.8401 | tree: 5.3471 | total: 1.6404
[New] Epoch 195/1000 | classify: 1.5125 | conc: 0.0007 | consistency: 0.4684 | polarity: 2.3021 | monodec: 0.0002 | rule: 216.0856 | group: 1.7643 | tree: 5.3051 | total: 1.6255
[New] Epoch 196/1000 | classify: 1.5348 | conc: 0.0007 | consistency: 0.4736 | polarity: 2.2989 | monodec: 0.0001 | rule: 223.4702 | group: 1.7328 | tree: 5.1052 | total: 1.6514
[New] Epoch 197/1000 | classify: 1.4933 | conc: 0.0008 | consistency: 0.4743 | polarity: 2.3357 | monodec: 0.0001 | rule: 227.5276 | group: 1.7802 | tree: 5.0649 | total: 1.6120
[New] Epoch 198/1000 | classify: 1.4595 | conc: 0.0005 | consistency: 0.4745 | polarity: 2.3558 | monodec: 0.0001 | rule: 225.7198 | group: 1.8259 | tree: 5.2612 | total: 1.5772
[New] Epoch 199/1000 | classify: 1.5347 | conc: 0.0008 | consistency: 0.4694 | polarity: 2.3403 | monodec: 0.0001 | rule: 225.8893 | group: 1.7765 | tree: 5.3209 | total: 1.6526
[New] Epoch 200/1000 | classify: 1.4654 | conc: 0.0006 | consistency: 0.4751 | polarity: 2.3157 | monodec: 0.0001 | rule: 206.8593 | group: 1.7947 | tree: 5.0875 | total: 1.5735
--- 验证集 [epoch 200] ---
  准确率 (Accuracy):  0.8288
  精确率 (Precision): 0.8002
  召回率 (Recall):    0.7071
  F1 分数 (F1):       0.7327
✅ 模型已保存到 /home/kudouzala/Application/ion_detect/output/trained_model_save/exp_new_g/trained_model_epoch_200.pth
📁 损失值已保存到 /home/kudouzala/Application/ion_detect/output/trained_model_save/exp_new_g/training_loss_epoch_200.csv
[New] Epoch 201/1000 | classify: 1.5321 | conc: 0.0008 | consistency: 0.4746 | polarity: 2.2461 | monodec: 0.0001 | rule: 246.6188 | group: 1.6976 | tree: 5.0407 | total: 1.6602
[New] Epoch 202/1000 | classify: 1.5775 | conc: 0.0004 | consistency: 0.4695 | polarity: 2.3326 | monodec: 0.0001 | rule: 221.6929 | group: 1.7787 | tree: 5.0775 | total: 1.6929
[New] Epoch 203/1000 | classify: 1.3974 | conc: 0.0003 | consistency: 0.4746 | polarity: 2.2145 | monodec: 0.0001 | rule: 224.9653 | group: 1.6842 | tree: 4.7202 | total: 1.5141
[New] Epoch 204/1000 | classify: 1.6507 | conc: 0.0008 | consistency: 0.4749 | polarity: 2.3362 | monodec: 0.0001 | rule: 202.8628 | group: 1.8925 | tree: 5.1896 | total: 1.7572
[New] Epoch 205/1000 | classify: 1.5469 | conc: 0.0007 | consistency: 0.4756 | polarity: 2.3432 | monodec: 0.0001 | rule: 205.8669 | group: 1.7794 | tree: 5.1890 | total: 1.6547
[New] Epoch 206/1000 | classify: 1.5039 | conc: 0.0009 | consistency: 0.4761 | polarity: 2.3707 | monodec: 0.0001 | rule: 236.7562 | group: 1.7882 | tree: 5.2583 | total: 1.6275
[New] Epoch 207/1000 | classify: 1.4535 | conc: 0.0005 | consistency: 0.4762 | polarity: 2.2640 | monodec: 0.0001 | rule: 226.3368 | group: 1.7088 | tree: 5.0766 | total: 1.5712
[New] Epoch 208/1000 | classify: 1.5473 | conc: 0.0005 | consistency: 0.4757 | polarity: 2.3472 | monodec: 0.0001 | rule: 208.1458 | group: 1.8211 | tree: 5.3703 | total: 1.6562
[New] Epoch 209/1000 | classify: 1.5035 | conc: 0.0004 | consistency: 0.4698 | polarity: 2.2965 | monodec: 0.0001 | rule: 220.3848 | group: 1.7564 | tree: 5.1548 | total: 1.6183
[New] Epoch 210/1000 | classify: 1.5358 | conc: 0.0005 | consistency: 0.4758 | polarity: 2.3082 | monodec: 0.0001 | rule: 212.5457 | group: 1.7369 | tree: 5.0753 | total: 1.6467
--- 验证集 [epoch 210] ---
  准确率 (Accuracy):  0.8288
  精确率 (Precision): 0.7698
  召回率 (Recall):    0.7194
  F1 分数 (F1):       0.7375
[New] Epoch 211/1000 | classify: 1.4240 | conc: 0.0007 | consistency: 0.4758 | polarity: 2.3300 | monodec: 0.0001 | rule: 242.8771 | group: 1.7580 | tree: 5.1332 | total: 1.5503
[New] Epoch 212/1000 | classify: 1.6594 | conc: 0.0007 | consistency: 0.4709 | polarity: 2.3708 | monodec: 0.0001 | rule: 229.5800 | group: 1.8166 | tree: 5.2357 | total: 1.7791
[New] Epoch 213/1000 | classify: 1.5100 | conc: 0.0006 | consistency: 0.4763 | polarity: 2.3759 | monodec: 0.0000 | rule: 218.8291 | group: 1.7682 | tree: 5.2538 | total: 1.6243
[New] Epoch 214/1000 | classify: 1.5515 | conc: 0.0008 | consistency: 0.4765 | polarity: 2.3526 | monodec: 0.0001 | rule: 245.1657 | group: 1.8064 | tree: 5.1171 | total: 1.6791
[New] Epoch 215/1000 | classify: 1.4980 | conc: 0.0007 | consistency: 0.4766 | polarity: 2.3212 | monodec: 0.0001 | rule: 237.3264 | group: 1.7236 | tree: 5.2216 | total: 1.6215
[New] Epoch 216/1000 | classify: 1.5809 | conc: 0.0006 | consistency: 0.4704 | polarity: 2.2766 | monodec: 0.0001 | rule: 237.6638 | group: 1.7029 | tree: 4.8707 | total: 1.7044
[New] Epoch 217/1000 | classify: 1.3644 | conc: 0.0004 | consistency: 0.4705 | polarity: 2.2998 | monodec: 0.0001 | rule: 218.8023 | group: 1.6749 | tree: 4.9542 | total: 1.4782
[New] Epoch 218/1000 | classify: 1.6066 | conc: 0.0006 | consistency: 0.4761 | polarity: 2.3820 | monodec: 0.0001 | rule: 227.6040 | group: 1.7519 | tree: 5.2420 | total: 1.7253
[New] Epoch 219/1000 | classify: 1.6558 | conc: 0.0008 | consistency: 0.4769 | polarity: 2.3880 | monodec: 0.0000 | rule: 217.0957 | group: 1.8036 | tree: 5.4048 | total: 1.7694
[New] Epoch 220/1000 | classify: 1.3534 | conc: 0.0006 | consistency: 0.4765 | polarity: 2.2833 | monodec: 0.0001 | rule: 202.6076 | group: 1.7001 | tree: 4.8177 | total: 1.4592
--- 验证集 [epoch 220] ---
  准确率 (Accuracy):  0.8014
  精确率 (Precision): 0.7915
  召回率 (Recall):    0.6661
  F1 分数 (F1):       0.6757
[New] Epoch 221/1000 | classify: 1.4603 | conc: 0.0008 | consistency: 0.4767 | polarity: 2.3616 | monodec: 0.0000 | rule: 233.6196 | group: 1.7692 | tree: 5.0998 | total: 1.5821
[New] Epoch 222/1000 | classify: 1.7027 | conc: 0.0007 | consistency: 0.4770 | polarity: 2.4387 | monodec: 0.0000 | rule: 237.9017 | group: 1.8268 | tree: 5.3901 | total: 1.8267
[New] Epoch 223/1000 | classify: 1.3732 | conc: 0.0007 | consistency: 0.4768 | polarity: 2.2773 | monodec: 0.0000 | rule: 229.9910 | group: 1.6801 | tree: 5.0604 | total: 1.4930
[New] Epoch 224/1000 | classify: 1.4781 | conc: 0.0005 | consistency: 0.4764 | polarity: 2.2987 | monodec: 0.0000 | rule: 218.4208 | group: 1.7122 | tree: 5.0030 | total: 1.5919
[New] Epoch 225/1000 | classify: 1.4874 | conc: 0.0008 | consistency: 0.4767 | polarity: 2.4014 | monodec: 0.0000 | rule: 210.8041 | group: 1.7661 | tree: 5.1433 | total: 1.5978
[New] Epoch 226/1000 | classify: 1.4347 | conc: 0.0006 | consistency: 0.4766 | polarity: 2.2913 | monodec: 0.0000 | rule: 220.8605 | group: 1.7186 | tree: 5.0815 | total: 1.5498
[New] Epoch 227/1000 | classify: 1.6155 | conc: 0.0007 | consistency: 0.4768 | polarity: 2.3616 | monodec: 0.0000 | rule: 215.8576 | group: 1.7777 | tree: 5.2374 | total: 1.7283
[New] Epoch 228/1000 | classify: 1.7025 | conc: 0.0006 | consistency: 0.4773 | polarity: 2.4124 | monodec: 0.0000 | rule: 227.7383 | group: 1.8196 | tree: 5.5260 | total: 1.8214
[New] Epoch 229/1000 | classify: 1.4962 | conc: 0.0007 | consistency: 0.4772 | polarity: 2.4072 | monodec: 0.0000 | rule: 215.0585 | group: 1.8366 | tree: 5.3447 | total: 1.6088
[New] Epoch 230/1000 | classify: 1.4118 | conc: 0.0008 | consistency: 0.4770 | polarity: 2.3952 | monodec: 0.0000 | rule: 229.4223 | group: 1.8141 | tree: 5.1848 | total: 1.5315
--- 验证集 [epoch 230] ---
  准确率 (Accuracy):  0.7740
  精确率 (Precision): 0.7550
  召回率 (Recall):    0.6336
  F1 分数 (F1):       0.6285
[New] Epoch 231/1000 | classify: 1.5099 | conc: 0.0007 | consistency: 0.4772 | polarity: 2.3707 | monodec: 0.0000 | rule: 235.1609 | group: 1.8118 | tree: 5.0896 | total: 1.6323
[New] Epoch 232/1000 | classify: 1.5553 | conc: 0.0008 | consistency: 0.4771 | polarity: 2.4111 | monodec: 0.0000 | rule: 245.3837 | group: 1.8007 | tree: 5.0360 | total: 1.6829
[New] Epoch 233/1000 | classify: 1.5843 | conc: 0.0007 | consistency: 0.4766 | polarity: 2.2974 | monodec: 0.0000 | rule: 215.4768 | group: 1.7289 | tree: 5.0647 | total: 1.6968
[New] Epoch 234/1000 | classify: 1.5076 | conc: 0.0006 | consistency: 0.4762 | polarity: 2.3481 | monodec: 0.0000 | rule: 205.9413 | group: 1.7572 | tree: 5.1245 | total: 1.6153
[New] Epoch 235/1000 | classify: 1.3567 | conc: 0.0007 | consistency: 0.4763 | polarity: 2.3415 | monodec: 0.0000 | rule: 221.1297 | group: 1.7349 | tree: 4.9150 | total: 1.4720
[New] Epoch 236/1000 | classify: 1.4835 | conc: 0.0006 | consistency: 0.4768 | polarity: 2.3990 | monodec: 0.0000 | rule: 259.1431 | group: 1.8333 | tree: 5.4636 | total: 1.6181
[New] Epoch 237/1000 | classify: 1.5210 | conc: 0.0008 | consistency: 0.4720 | polarity: 2.4653 | monodec: 0.0000 | rule: 232.5842 | group: 1.8676 | tree: 5.4417 | total: 1.6425
[New] Epoch 238/1000 | classify: 1.4704 | conc: 0.0006 | consistency: 0.4771 | polarity: 2.3555 | monodec: 0.0000 | rule: 232.5524 | group: 1.7385 | tree: 4.9240 | total: 1.5914
[New] Epoch 239/1000 | classify: 1.5965 | conc: 0.0005 | consistency: 0.4777 | polarity: 2.3697 | monodec: 0.0000 | rule: 210.0267 | group: 1.7068 | tree: 4.9994 | total: 1.7060
[New] Epoch 240/1000 | classify: 1.6097 | conc: 0.0007 | consistency: 0.4777 | polarity: 2.3889 | monodec: 0.0000 | rule: 229.3273 | group: 1.7765 | tree: 5.0048 | total: 1.7291
--- 验证集 [epoch 240] ---
  准确率 (Accuracy):  0.8082
  精确率 (Precision): 0.7705
  召回率 (Recall):    0.6850
  F1 分数 (F1):       0.6909
[New] Epoch 241/1000 | classify: 1.6011 | conc: 0.0008 | consistency: 0.4721 | polarity: 2.4664 | monodec: 0.0000 | rule: 234.7413 | group: 1.8234 | tree: 4.9423 | total: 1.7234
[New] Epoch 242/1000 | classify: 1.4281 | conc: 0.0004 | consistency: 0.4772 | polarity: 2.3032 | monodec: 0.0000 | rule: 231.7152 | group: 1.7068 | tree: 4.9117 | total: 1.5484
[New] Epoch 243/1000 | classify: 1.5691 | conc: 0.0005 | consistency: 0.4771 | polarity: 2.3622 | monodec: 0.0000 | rule: 219.5982 | group: 1.7718 | tree: 5.2228 | total: 1.6836
[New] Epoch 244/1000 | classify: 1.3559 | conc: 0.0007 | consistency: 0.4772 | polarity: 2.3075 | monodec: 0.0000 | rule: 226.9624 | group: 1.7406 | tree: 4.8203 | total: 1.4740
[New] Epoch 245/1000 | classify: 1.6073 | conc: 0.0005 | consistency: 0.4774 | polarity: 2.4079 | monodec: 0.0000 | rule: 208.2339 | group: 1.8414 | tree: 5.4681 | total: 1.7163
[New] Epoch 246/1000 | classify: 1.5861 | conc: 0.0006 | consistency: 0.4777 | polarity: 2.3988 | monodec: 0.0000 | rule: 231.7156 | group: 1.8140 | tree: 5.1984 | total: 1.7068
[New] Epoch 247/1000 | classify: 1.5204 | conc: 0.0004 | consistency: 0.4779 | polarity: 2.4270 | monodec: 0.0000 | rule: 243.4792 | group: 1.8152 | tree: 5.4696 | total: 1.6469
[New] Epoch 248/1000 | classify: 1.6826 | conc: 0.0005 | consistency: 0.4782 | polarity: 2.4190 | monodec: 0.0000 | rule: 223.1791 | group: 1.7625 | tree: 5.2050 | total: 1.7989
[New] Epoch 249/1000 | classify: 1.5490 | conc: 0.0008 | consistency: 0.4726 | polarity: 2.3782 | monodec: 0.0000 | rule: 236.6110 | group: 1.7869 | tree: 5.1579 | total: 1.6724
[New] Epoch 250/1000 | classify: 1.6433 | conc: 0.0007 | consistency: 0.4784 | polarity: 2.4226 | monodec: 0.0000 | rule: 225.9676 | group: 1.8129 | tree: 5.4514 | total: 1.7614
--- 验证集 [epoch 250] ---
  准确率 (Accuracy):  0.8151
  精确率 (Precision): 0.7691
  召回率 (Recall):    0.6872
  F1 分数 (F1):       0.7059
✅ 模型已保存到 /home/kudouzala/Application/ion_detect/output/trained_model_save/exp_new_g/trained_model_epoch_250.pth
📁 损失值已保存到 /home/kudouzala/Application/ion_detect/output/trained_model_save/exp_new_g/training_loss_epoch_250.csv
[New] Epoch 251/1000 | classify: 1.5227 | conc: 0.0005 | consistency: 0.4780 | polarity: 2.4317 | monodec: 0.0000 | rule: 221.7017 | group: 1.8324 | tree: 5.3486 | total: 1.6383
[New] Epoch 252/1000 | classify: 1.5287 | conc: 0.0005 | consistency: 0.4783 | polarity: 2.3723 | monodec: 0.0000 | rule: 228.9173 | group: 1.7810 | tree: 5.2622 | total: 1.6479
[New] Epoch 253/1000 | classify: 1.4797 | conc: 0.0009 | consistency: 0.4780 | polarity: 2.4215 | monodec: 0.0000 | rule: 235.3167 | group: 1.8145 | tree: 5.2269 | total: 1.6025
[New] Epoch 254/1000 | classify: 1.5323 | conc: 0.0005 | consistency: 0.4778 | polarity: 2.3321 | monodec: 0.0000 | rule: 224.2526 | group: 1.7540 | tree: 5.0973 | total: 1.6491
[New] Epoch 255/1000 | classify: 1.6995 | conc: 0.0008 | consistency: 0.4780 | polarity: 2.4031 | monodec: 0.0000 | rule: 229.0404 | group: 1.7719 | tree: 5.0859 | total: 1.8189
[New] Epoch 256/1000 | classify: 1.6063 | conc: 0.0007 | consistency: 0.4728 | polarity: 2.4169 | monodec: 0.0000 | rule: 226.0039 | group: 1.7842 | tree: 5.1510 | total: 1.7242
[New] Epoch 257/1000 | classify: 1.5588 | conc: 0.0008 | consistency: 0.4783 | polarity: 2.3980 | monodec: 0.0000 | rule: 267.6730 | group: 1.7384 | tree: 5.1945 | total: 1.6977
[New] Epoch 258/1000 | classify: 1.5317 | conc: 0.0008 | consistency: 0.4778 | polarity: 2.3697 | monodec: 0.0000 | rule: 221.9001 | group: 1.7487 | tree: 5.0125 | total: 1.6475
[New] Epoch 259/1000 | classify: 1.5423 | conc: 0.0009 | consistency: 0.4776 | polarity: 2.3848 | monodec: 0.0000 | rule: 231.3408 | group: 1.7505 | tree: 5.0565 | total: 1.6630
[New] Epoch 260/1000 | classify: 1.6295 | conc: 0.0006 | consistency: 0.4785 | polarity: 2.3577 | monodec: 0.0000 | rule: 203.2473 | group: 1.7225 | tree: 5.0053 | total: 1.7358
--- 验证集 [epoch 260] ---
  准确率 (Accuracy):  0.7671
  精确率 (Precision): 0.6292
  召回率 (Recall):    0.6044
  F1 分数 (F1):       0.5974
[New] Epoch 261/1000 | classify: 1.4718 | conc: 0.0011 | consistency: 0.4785 | polarity: 2.4128 | monodec: 0.0000 | rule: 226.6717 | group: 1.8260 | tree: 5.2999 | total: 1.5905
[New] Epoch 262/1000 | classify: 1.5625 | conc: 0.0007 | consistency: 0.4780 | polarity: 2.3646 | monodec: 0.0000 | rule: 219.5841 | group: 1.7445 | tree: 5.1400 | total: 1.6772
[New] Epoch 263/1000 | classify: 1.5743 | conc: 0.0008 | consistency: 0.4784 | polarity: 2.3296 | monodec: 0.0000 | rule: 217.0060 | group: 1.6740 | tree: 4.8966 | total: 1.6876
[New] Epoch 264/1000 | classify: 1.6115 | conc: 0.0004 | consistency: 0.4782 | polarity: 2.3984 | monodec: 0.0000 | rule: 217.7393 | group: 1.7758 | tree: 5.2609 | total: 1.7250
[New] Epoch 265/1000 | classify: 1.4902 | conc: 0.0007 | consistency: 0.4785 | polarity: 2.3753 | monodec: 0.0000 | rule: 233.9248 | group: 1.7884 | tree: 5.3486 | total: 1.6121
[New] Epoch 266/1000 | classify: 1.5127 | conc: 0.0005 | consistency: 0.4784 | polarity: 2.3342 | monodec: 0.0000 | rule: 216.7107 | group: 1.7340 | tree: 5.2391 | total: 1.6258
[New] Epoch 267/1000 | classify: 1.6023 | conc: 0.0011 | consistency: 0.4783 | polarity: 2.3902 | monodec: 0.0000 | rule: 225.5407 | group: 1.7929 | tree: 5.2972 | total: 1.7204
[New] Epoch 268/1000 | classify: 1.5938 | conc: 0.0004 | consistency: 0.4786 | polarity: 2.3264 | monodec: 0.0000 | rule: 206.2555 | group: 1.7144 | tree: 4.9483 | total: 1.7014
[New] Epoch 269/1000 | classify: 1.6207 | conc: 0.0005 | consistency: 0.4785 | polarity: 2.3241 | monodec: 0.0000 | rule: 231.3567 | group: 1.7529 | tree: 5.2562 | total: 1.7410
[New] Epoch 270/1000 | classify: 1.5208 | conc: 0.0008 | consistency: 0.4784 | polarity: 2.3922 | monodec: 0.0000 | rule: 221.0233 | group: 1.7813 | tree: 5.4397 | total: 1.6364
--- 验证集 [epoch 270] ---
  准确率 (Accuracy):  0.7808
  精确率 (Precision): 0.6867
  召回率 (Recall):    0.6406
  F1 分数 (F1):       0.6445
[New] Epoch 271/1000 | classify: 1.8549 | conc: 0.0007 | consistency: 0.4790 | polarity: 2.4697 | monodec: 0.0000 | rule: 226.9042 | group: 1.7724 | tree: 5.3014 | total: 1.9733
[New] Epoch 272/1000 | classify: 1.6418 | conc: 0.0007 | consistency: 0.4786 | polarity: 2.3859 | monodec: 0.0000 | rule: 225.8756 | group: 1.7764 | tree: 5.4057 | total: 1.7597
[New] Epoch 273/1000 | classify: 1.7634 | conc: 0.0008 | consistency: 0.4787 | polarity: 2.4730 | monodec: 0.0000 | rule: 230.7290 | group: 1.8635 | tree: 5.3934 | total: 1.8839
[New] Epoch 274/1000 | classify: 1.6343 | conc: 0.0007 | consistency: 0.4789 | polarity: 2.3747 | monodec: 0.0000 | rule: 221.7923 | group: 1.7462 | tree: 5.0608 | total: 1.7500
[New] Epoch 275/1000 | classify: 1.6189 | conc: 0.0006 | consistency: 0.4789 | polarity: 2.3455 | monodec: 0.0000 | rule: 241.2185 | group: 1.7440 | tree: 5.3198 | total: 1.7443
[New] Epoch 276/1000 | classify: 1.6314 | conc: 0.0006 | consistency: 0.4786 | polarity: 2.3102 | monodec: 0.0000 | rule: 224.1597 | group: 1.6705 | tree: 5.0055 | total: 1.7481
[New] Epoch 277/1000 | classify: 1.4853 | conc: 0.0007 | consistency: 0.4789 | polarity: 2.3845 | monodec: 0.0000 | rule: 243.0723 | group: 1.7914 | tree: 5.0127 | total: 1.6117
[New] Epoch 278/1000 | classify: 1.7643 | conc: 0.0008 | consistency: 0.4788 | polarity: 2.4065 | monodec: 0.0000 | rule: 228.8565 | group: 1.7645 | tree: 5.1287 | total: 1.8837
[New] Epoch 279/1000 | classify: 1.6996 | conc: 0.0006 | consistency: 0.4790 | polarity: 2.4417 | monodec: 0.0000 | rule: 209.8361 | group: 1.8163 | tree: 5.2009 | total: 1.8094
[New] Epoch 280/1000 | classify: 1.7722 | conc: 0.0009 | consistency: 0.4786 | polarity: 2.4607 | monodec: 0.0000 | rule: 215.9901 | group: 1.8805 | tree: 5.4038 | total: 1.8855
--- 验证集 [epoch 280] ---
  准确率 (Accuracy):  0.7808
  精确率 (Precision): 0.7642
  召回率 (Recall):    0.6353
  F1 分数 (F1):       0.6291
[New] Epoch 281/1000 | classify: 1.8855 | conc: 0.0005 | consistency: 0.4788 | polarity: 2.3909 | monodec: 0.0000 | rule: 213.6859 | group: 1.7924 | tree: 5.3151 | total: 1.9972
[New] Epoch 282/1000 | classify: 1.6238 | conc: 0.0006 | consistency: 0.4786 | polarity: 2.4053 | monodec: 0.0000 | rule: 233.0187 | group: 1.7865 | tree: 5.4023 | total: 1.7453
[New] Epoch 283/1000 | classify: 1.7334 | conc: 0.0008 | consistency: 0.4790 | polarity: 2.4086 | monodec: 0.0000 | rule: 232.2203 | group: 1.7661 | tree: 4.9848 | total: 1.8544
[New] Epoch 284/1000 | classify: 1.7062 | conc: 0.0007 | consistency: 0.4791 | polarity: 2.3984 | monodec: 0.0000 | rule: 215.5493 | group: 1.7638 | tree: 5.1487 | total: 1.8188
[New] Epoch 285/1000 | classify: 1.7689 | conc: 0.0005 | consistency: 0.4790 | polarity: 2.3864 | monodec: 0.0000 | rule: 216.5158 | group: 1.7437 | tree: 4.9542 | total: 1.8817
[New] Epoch 286/1000 | classify: 1.8013 | conc: 0.0008 | consistency: 0.4791 | polarity: 2.4096 | monodec: 0.0000 | rule: 217.8250 | group: 1.7812 | tree: 5.2048 | total: 1.9152
[New] Epoch 287/1000 | classify: 1.6601 | conc: 0.0011 | consistency: 0.4737 | polarity: 2.4542 | monodec: 0.0000 | rule: 239.4388 | group: 1.7967 | tree: 5.4745 | total: 1.7853
[New] Epoch 288/1000 | classify: 1.6065 | conc: 0.0005 | consistency: 0.4793 | polarity: 2.3772 | monodec: 0.0000 | rule: 231.8019 | group: 1.7366 | tree: 5.2464 | total: 1.7272
[New] Epoch 289/1000 | classify: 1.7360 | conc: 0.0006 | consistency: 0.4790 | polarity: 2.3586 | monodec: 0.0000 | rule: 219.5991 | group: 1.7609 | tree: 5.2606 | total: 1.8506
[New] Epoch 290/1000 | classify: 1.7816 | conc: 0.0008 | consistency: 0.4791 | polarity: 2.4494 | monodec: 0.0000 | rule: 238.1291 | group: 1.8666 | tree: 5.5441 | total: 1.9059
--- 验证集 [epoch 290] ---
  准确率 (Accuracy):  0.7671
  精确率 (Precision): 0.7499
  召回率 (Recall):    0.6421
  F1 分数 (F1):       0.6336
[New] Epoch 291/1000 | classify: 1.6916 | conc: 0.0006 | consistency: 0.4792 | polarity: 2.3888 | monodec: 0.0000 | rule: 222.1496 | group: 1.7975 | tree: 5.1349 | total: 1.8074
[New] Epoch 292/1000 | classify: 1.6826 | conc: 0.0007 | consistency: 0.4789 | polarity: 2.3980 | monodec: 0.0000 | rule: 217.5092 | group: 1.7625 | tree: 4.9212 | total: 1.7961
[New] Epoch 293/1000 | classify: 1.7402 | conc: 0.0005 | consistency: 0.4791 | polarity: 2.4160 | monodec: 0.0000 | rule: 238.8266 | group: 1.7994 | tree: 5.3891 | total: 1.8644
[New] Epoch 294/1000 | classify: 1.9090 | conc: 0.0005 | consistency: 0.4739 | polarity: 2.3840 | monodec: 0.0000 | rule: 237.0939 | group: 1.7308 | tree: 5.0611 | total: 2.0322
[New] Epoch 295/1000 | classify: 1.6337 | conc: 0.0006 | consistency: 0.4736 | polarity: 2.3474 | monodec: 0.0000 | rule: 219.3195 | group: 1.7195 | tree: 4.9291 | total: 1.7480
[New] Epoch 296/1000 | classify: 1.8700 | conc: 0.0008 | consistency: 0.4739 | polarity: 2.4461 | monodec: 0.0000 | rule: 235.3730 | group: 1.8114 | tree: 5.3076 | total: 1.9927
[New] Epoch 297/1000 | classify: 1.8852 | conc: 0.0006 | consistency: 0.4791 | polarity: 2.3596 | monodec: 0.0000 | rule: 215.2652 | group: 1.8148 | tree: 5.3932 | total: 1.9978
[New] Epoch 298/1000 | classify: 1.6406 | conc: 0.0007 | consistency: 0.4791 | polarity: 2.3492 | monodec: 0.0000 | rule: 226.3669 | group: 1.7501 | tree: 4.9686 | total: 1.7585
[New] Epoch 299/1000 | classify: 1.7679 | conc: 0.0009 | consistency: 0.4791 | polarity: 2.4002 | monodec: 0.0000 | rule: 216.0136 | group: 1.7981 | tree: 5.0294 | total: 1.8809
[New] Epoch 300/1000 | classify: 1.7025 | conc: 0.0008 | consistency: 0.4736 | polarity: 2.4042 | monodec: 0.0000 | rule: 219.9214 | group: 1.7961 | tree: 5.1359 | total: 1.8175
--- 验证集 [epoch 300] ---
  准确率 (Accuracy):  0.7740
  精确率 (Precision): 0.7832
  召回率 (Recall):    0.6210
  F1 分数 (F1):       0.6689
✅ 模型已保存到 /home/kudouzala/Application/ion_detect/output/trained_model_save/exp_new_g/trained_model_epoch_300.pth
📁 损失值已保存到 /home/kudouzala/Application/ion_detect/output/trained_model_save/exp_new_g/training_loss_epoch_300.csv
[New] Epoch 301/1000 | classify: 1.8971 | conc: 0.0009 | consistency: 0.4794 | polarity: 2.4180 | monodec: 0.0000 | rule: 242.9146 | group: 1.7911 | tree: 5.3360 | total: 2.0237
[New] Epoch 302/1000 | classify: 1.6991 | conc: 0.0006 | consistency: 0.4791 | polarity: 2.3882 | monodec: 0.0000 | rule: 227.7149 | group: 1.7664 | tree: 5.2313 | total: 1.8177
[New] Epoch 303/1000 | classify: 1.8619 | conc: 0.0010 | consistency: 0.4792 | polarity: 2.4341 | monodec: 0.0000 | rule: 239.8526 | group: 1.8042 | tree: 5.1909 | total: 1.9871
[New] Epoch 304/1000 | classify: 1.8393 | conc: 0.0006 | consistency: 0.4793 | polarity: 2.3739 | monodec: 0.0000 | rule: 229.1087 | group: 1.7383 | tree: 5.0235 | total: 1.9585
[New] Epoch 305/1000 | classify: 1.8239 | conc: 0.0008 | consistency: 0.4793 | polarity: 2.4060 | monodec: 0.0000 | rule: 214.4728 | group: 1.8283 | tree: 5.4010 | total: 1.9362
[New] Epoch 306/1000 | classify: 1.6098 | conc: 0.0007 | consistency: 0.4792 | polarity: 2.3338 | monodec: 0.0000 | rule: 224.9861 | group: 1.7196 | tree: 4.8630 | total: 1.7270
[New] Epoch 307/1000 | classify: 1.7261 | conc: 0.0005 | consistency: 0.4793 | polarity: 2.3347 | monodec: 0.0000 | rule: 229.1412 | group: 1.7288 | tree: 4.9560 | total: 1.8452
[New] Epoch 308/1000 | classify: 1.8532 | conc: 0.0009 | consistency: 0.4794 | polarity: 2.4411 | monodec: 0.0000 | rule: 240.7795 | group: 1.7934 | tree: 5.3726 | total: 1.9788
[New] Epoch 309/1000 | classify: 1.6441 | conc: 0.0007 | consistency: 0.4792 | polarity: 2.3677 | monodec: 0.0000 | rule: 232.5400 | group: 1.7559 | tree: 5.1120 | total: 1.7652
[New] Epoch 310/1000 | classify: 1.8580 | conc: 0.0007 | consistency: 0.4795 | polarity: 2.4136 | monodec: 0.0000 | rule: 222.9203 | group: 1.7358 | tree: 5.1041 | total: 1.9743
--- 验证集 [epoch 310] ---
  准确率 (Accuracy):  0.7877
  精确率 (Precision): 0.7099
  召回率 (Recall):    0.6595
  F1 分数 (F1):       0.6670
[New] Epoch 311/1000 | classify: 1.9811 | conc: 0.0008 | consistency: 0.4796 | polarity: 2.4091 | monodec: 0.0000 | rule: 205.3479 | group: 1.7940 | tree: 5.1290 | total: 2.0888
[New] Epoch 312/1000 | classify: 1.8681 | conc: 0.0006 | consistency: 0.4739 | polarity: 2.3624 | monodec: 0.0000 | rule: 252.1537 | group: 1.7364 | tree: 4.9098 | total: 1.9987
[New] Epoch 313/1000 | classify: 1.8570 | conc: 0.0006 | consistency: 0.4794 | polarity: 2.3638 | monodec: 0.0000 | rule: 238.0894 | group: 1.7526 | tree: 5.0473 | total: 1.9807
[New] Epoch 314/1000 | classify: 1.8524 | conc: 0.0004 | consistency: 0.4793 | polarity: 2.3912 | monodec: 0.0000 | rule: 245.0907 | group: 1.7163 | tree: 5.0577 | total: 1.9795
[New] Epoch 315/1000 | classify: 1.8729 | conc: 0.0007 | consistency: 0.4795 | polarity: 2.4026 | monodec: 0.0000 | rule: 231.7466 | group: 1.7580 | tree: 5.3095 | total: 1.9937
[New] Epoch 316/1000 | classify: 1.7573 | conc: 0.0006 | consistency: 0.4795 | polarity: 2.3979 | monodec: 0.0000 | rule: 240.5296 | group: 1.7809 | tree: 5.5629 | total: 1.8826
[New] Epoch 317/1000 | classify: 1.8274 | conc: 0.0006 | consistency: 0.4794 | polarity: 2.3693 | monodec: 0.0000 | rule: 235.6353 | group: 1.7081 | tree: 5.0938 | total: 1.9499
[New] Epoch 318/1000 | classify: 1.8734 | conc: 0.0010 | consistency: 0.4797 | polarity: 2.4154 | monodec: 0.0000 | rule: 243.2419 | group: 1.8095 | tree: 5.4270 | total: 2.0003
[New] Epoch 319/1000 | classify: 1.7547 | conc: 0.0010 | consistency: 0.4740 | polarity: 2.4478 | monodec: 0.0000 | rule: 247.9001 | group: 1.7794 | tree: 5.4525 | total: 1.8840
[New] Epoch 320/1000 | classify: 2.0093 | conc: 0.0004 | consistency: 0.4743 | polarity: 2.3931 | monodec: 0.0000 | rule: 232.0457 | group: 1.7917 | tree: 5.3877 | total: 2.1300
--- 验证集 [epoch 320] ---
  准确率 (Accuracy):  0.7808
  精确率 (Precision): 0.7386
  召回率 (Recall):    0.6417
  F1 分数 (F1):       0.6576
[New] Epoch 321/1000 | classify: 1.7555 | conc: 0.0005 | consistency: 0.4795 | polarity: 2.3472 | monodec: 0.0000 | rule: 220.1833 | group: 1.7203 | tree: 5.0301 | total: 1.8702
[New] Epoch 322/1000 | classify: 2.1158 | conc: 0.0005 | consistency: 0.4796 | polarity: 2.4599 | monodec: 0.0000 | rule: 231.6390 | group: 1.8343 | tree: 5.4987 | total: 2.2365
[New] Epoch 323/1000 | classify: 1.8195 | conc: 0.0006 | consistency: 0.4794 | polarity: 2.4134 | monodec: 0.0000 | rule: 224.0772 | group: 1.7892 | tree: 5.0452 | total: 1.9363
[New] Epoch 324/1000 | classify: 1.6426 | conc: 0.0007 | consistency: 0.4739 | polarity: 2.3630 | monodec: 0.0000 | rule: 225.1021 | group: 1.7824 | tree: 5.1842 | total: 1.7600
[New] Epoch 325/1000 | classify: 1.9082 | conc: 0.0006 | consistency: 0.4791 | polarity: 2.3733 | monodec: 0.0000 | rule: 234.4790 | group: 1.7300 | tree: 5.0620 | total: 2.0302
[New] Epoch 326/1000 | classify: 2.0508 | conc: 0.0012 | consistency: 0.4795 | polarity: 2.4321 | monodec: 0.0000 | rule: 220.1249 | group: 1.8582 | tree: 5.4592 | total: 2.1665
[New] Epoch 327/1000 | classify: 1.8824 | conc: 0.0005 | consistency: 0.4794 | polarity: 2.3531 | monodec: 0.0000 | rule: 221.0592 | group: 1.7422 | tree: 5.1420 | total: 1.9977
[New] Epoch 328/1000 | classify: 1.9393 | conc: 0.0007 | consistency: 0.4796 | polarity: 2.4490 | monodec: 0.0000 | rule: 235.7728 | group: 1.7655 | tree: 5.1422 | total: 2.0621
[New] Epoch 329/1000 | classify: 1.9827 | conc: 0.0010 | consistency: 0.4796 | polarity: 2.4380 | monodec: 0.0000 | rule: 237.5323 | group: 1.7924 | tree: 5.2923 | total: 2.1068
[New] Epoch 330/1000 | classify: 1.7576 | conc: 0.0007 | consistency: 0.4795 | polarity: 2.3363 | monodec: 0.0000 | rule: 208.8853 | group: 1.7289 | tree: 5.0467 | total: 1.8668
--- 验证集 [epoch 330] ---
  准确率 (Accuracy):  0.7671
  精确率 (Precision): 0.6365
  召回率 (Recall):    0.6410
  F1 分数 (F1):       0.6187
[New] Epoch 331/1000 | classify: 1.7675 | conc: 0.0007 | consistency: 0.4795 | polarity: 2.3810 | monodec: 0.0000 | rule: 217.8100 | group: 1.7706 | tree: 5.1990 | total: 1.8813
[New] Epoch 332/1000 | classify: 1.8094 | conc: 0.0006 | consistency: 0.4794 | polarity: 2.3475 | monodec: 0.0000 | rule: 206.7196 | group: 1.7185 | tree: 5.0019 | total: 1.9174
[New] Epoch 333/1000 | classify: 1.9581 | conc: 0.0008 | consistency: 0.4797 | polarity: 2.3995 | monodec: 0.0000 | rule: 245.4762 | group: 1.7761 | tree: 5.2967 | total: 2.0859
[New] Epoch 334/1000 | classify: 1.9853 | conc: 0.0004 | consistency: 0.4795 | polarity: 2.3762 | monodec: 0.0000 | rule: 234.0890 | group: 1.7233 | tree: 5.2534 | total: 2.1070
[New] Epoch 335/1000 | classify: 1.7644 | conc: 0.0011 | consistency: 0.4796 | polarity: 2.4046 | monodec: 0.0000 | rule: 207.2051 | group: 1.7940 | tree: 5.2416 | total: 1.8733
[New] Epoch 336/1000 | classify: 1.8579 | conc: 0.0006 | consistency: 0.4793 | polarity: 2.3300 | monodec: 0.0000 | rule: 213.0664 | group: 1.6961 | tree: 4.8833 | total: 1.9691
[New] Epoch 337/1000 | classify: 1.9896 | conc: 0.0005 | consistency: 0.4795 | polarity: 2.3985 | monodec: 0.0000 | rule: 222.9383 | group: 1.7973 | tree: 5.2040 | total: 2.1058
[New] Epoch 338/1000 | classify: 2.1059 | conc: 0.0010 | consistency: 0.4797 | polarity: 2.5002 | monodec: 0.0000 | rule: 229.7865 | group: 1.8622 | tree: 5.5773 | total: 2.2263
[New] Epoch 339/1000 | classify: 2.0177 | conc: 0.0006 | consistency: 0.4794 | polarity: 2.3643 | monodec: 0.0000 | rule: 215.5871 | group: 1.6972 | tree: 5.0172 | total: 2.1302
[New] Epoch 340/1000 | classify: 2.1075 | conc: 0.0006 | consistency: 0.4795 | polarity: 2.3651 | monodec: 0.0000 | rule: 238.7456 | group: 1.7354 | tree: 5.2200 | total: 2.2316
--- 验证集 [epoch 340] ---
  准确率 (Accuracy):  0.7740
  精确率 (Precision): 0.6875
  召回率 (Recall):    0.5899
  F1 分数 (F1):       0.5903
[New] Epoch 341/1000 | classify: 2.0682 | conc: 0.0007 | consistency: 0.4795 | polarity: 2.4551 | monodec: 0.0000 | rule: 219.2998 | group: 1.8560 | tree: 5.4259 | total: 2.1829
[New] Epoch 342/1000 | classify: 1.8865 | conc: 0.0007 | consistency: 0.4794 | polarity: 2.4200 | monodec: 0.0000 | rule: 217.8359 | group: 1.8081 | tree: 5.2268 | total: 2.0004
[New] Epoch 343/1000 | classify: 1.7541 | conc: 0.0008 | consistency: 0.4794 | polarity: 2.3364 | monodec: 0.0000 | rule: 231.1432 | group: 1.7278 | tree: 4.9222 | total: 1.8745
[New] Epoch 344/1000 | classify: 2.0219 | conc: 0.0005 | consistency: 0.4796 | polarity: 2.3933 | monodec: 0.0000 | rule: 210.6946 | group: 1.7161 | tree: 5.0966 | total: 2.1319
[New] Epoch 345/1000 | classify: 2.1132 | conc: 0.0007 | consistency: 0.4797 | polarity: 2.4060 | monodec: 0.0000 | rule: 276.6446 | group: 1.7588 | tree: 5.0308 | total: 2.2564
[New] Epoch 346/1000 | classify: 1.9601 | conc: 0.0010 | consistency: 0.4795 | polarity: 2.4043 | monodec: 0.0000 | rule: 265.6312 | group: 1.7814 | tree: 5.0675 | total: 2.0981
[New] Epoch 347/1000 | classify: 1.7888 | conc: 0.0007 | consistency: 0.4795 | polarity: 2.3594 | monodec: 0.0000 | rule: 196.4837 | group: 1.7110 | tree: 4.9005 | total: 1.8918
[New] Epoch 348/1000 | classify: 1.9039 | conc: 0.0005 | consistency: 0.4793 | polarity: 2.3643 | monodec: 0.0000 | rule: 234.4635 | group: 1.7082 | tree: 5.0815 | total: 2.0257
[New] Epoch 349/1000 | classify: 1.8597 | conc: 0.0006 | consistency: 0.4794 | polarity: 2.4097 | monodec: 0.0000 | rule: 248.9129 | group: 1.7458 | tree: 5.1667 | total: 1.9890
[New] Epoch 350/1000 | classify: 1.8167 | conc: 0.0006 | consistency: 0.4741 | polarity: 2.3595 | monodec: 0.0000 | rule: 232.8182 | group: 1.6618 | tree: 5.0674 | total: 1.9378
--- 验证集 [epoch 350] ---
  准确率 (Accuracy):  0.7671
  精确率 (Precision): 0.6069
  召回率 (Recall):    0.6364
  F1 分数 (F1):       0.6162
✅ 模型已保存到 /home/kudouzala/Application/ion_detect/output/trained_model_save/exp_new_g/trained_model_epoch_350.pth
📁 损失值已保存到 /home/kudouzala/Application/ion_detect/output/trained_model_save/exp_new_g/training_loss_epoch_350.csv
[New] Epoch 351/1000 | classify: 2.0121 | conc: 0.0009 | consistency: 0.4796 | polarity: 2.4605 | monodec: 0.0000 | rule: 211.9528 | group: 1.7929 | tree: 5.2564 | total: 2.1232
[New] Epoch 352/1000 | classify: 2.1174 | conc: 0.0007 | consistency: 0.4797 | polarity: 2.3663 | monodec: 0.0000 | rule: 238.8758 | group: 1.7196 | tree: 4.9730 | total: 2.2416
[New] Epoch 353/1000 | classify: 2.0143 | conc: 0.0005 | consistency: 0.4796 | polarity: 2.3936 | monodec: 0.0000 | rule: 240.1966 | group: 1.7385 | tree: 5.1051 | total: 2.1390
[New] Epoch 354/1000 | classify: 1.9835 | conc: 0.0006 | consistency: 0.4794 | polarity: 2.3874 | monodec: 0.0000 | rule: 223.2582 | group: 1.7337 | tree: 5.1255 | total: 2.0999
[New] Epoch 355/1000 | classify: 2.1014 | conc: 0.0006 | consistency: 0.4796 | polarity: 2.4049 | monodec: 0.0000 | rule: 207.4778 | group: 1.7700 | tree: 5.0349 | total: 2.2099
[New] Epoch 356/1000 | classify: 2.0232 | conc: 0.0006 | consistency: 0.4795 | polarity: 2.4161 | monodec: 0.0000 | rule: 232.8002 | group: 1.7467 | tree: 5.1477 | total: 2.1444
[New] Epoch 357/1000 | classify: 2.0914 | conc: 0.0007 | consistency: 0.4741 | polarity: 2.3597 | monodec: 0.0000 | rule: 213.1149 | group: 1.6963 | tree: 5.0933 | total: 2.2027
[New] Epoch 358/1000 | classify: 1.9175 | conc: 0.0006 | consistency: 0.4795 | polarity: 2.3540 | monodec: 0.0000 | rule: 250.4073 | group: 1.7596 | tree: 5.1540 | total: 2.0474
[New] Epoch 359/1000 | classify: 1.9990 | conc: 0.0009 | consistency: 0.4796 | polarity: 2.4557 | monodec: 0.0000 | rule: 231.7897 | group: 1.8116 | tree: 5.2819 | total: 2.1201
[New] Epoch 360/1000 | classify: 1.9546 | conc: 0.0008 | consistency: 0.4743 | polarity: 2.4169 | monodec: 0.0000 | rule: 236.2156 | group: 1.8244 | tree: 5.3894 | total: 2.0778
--- 验证集 [epoch 360] ---
  准确率 (Accuracy):  0.7740
  精确率 (Precision): 0.7741
  召回率 (Recall):    0.6075
  F1 分数 (F1):       0.6172
[New] Epoch 361/1000 | classify: 2.0855 | conc: 0.0009 | consistency: 0.4742 | polarity: 2.4387 | monodec: 0.0000 | rule: 217.9852 | group: 1.7887 | tree: 5.2824 | total: 2.1997
[New] Epoch 362/1000 | classify: 2.1259 | conc: 0.0007 | consistency: 0.4796 | polarity: 2.4273 | monodec: 0.0000 | rule: 244.9061 | group: 1.7655 | tree: 5.2936 | total: 2.2534
[New] Epoch 363/1000 | classify: 2.0261 | conc: 0.0008 | consistency: 0.4796 | polarity: 2.3886 | monodec: 0.0000 | rule: 223.1975 | group: 1.7372 | tree: 5.1704 | total: 2.1426
[New] Epoch 364/1000 | classify: 1.9682 | conc: 0.0006 | consistency: 0.4741 | polarity: 2.2986 | monodec: 0.0000 | rule: 221.6509 | group: 1.6826 | tree: 4.8962 | total: 2.0836
[New] Epoch 365/1000 | classify: 2.1535 | conc: 0.0008 | consistency: 0.4796 | polarity: 2.4556 | monodec: 0.0000 | rule: 231.9009 | group: 1.7879 | tree: 5.0778 | total: 2.2744
[New] Epoch 366/1000 | classify: 1.9800 | conc: 0.0008 | consistency: 0.4795 | polarity: 2.3713 | monodec: 0.0000 | rule: 234.0295 | group: 1.7762 | tree: 4.9247 | total: 2.1018
[New] Epoch 367/1000 | classify: 2.0193 | conc: 0.0009 | consistency: 0.4795 | polarity: 2.4331 | monodec: 0.0000 | rule: 240.5876 | group: 1.8042 | tree: 5.4091 | total: 2.1449
[New] Epoch 368/1000 | classify: 1.9634 | conc: 0.0007 | consistency: 0.4741 | polarity: 2.4161 | monodec: 0.0000 | rule: 200.2040 | group: 1.7798 | tree: 5.2484 | total: 2.0684
[New] Epoch 369/1000 | classify: 2.0738 | conc: 0.0007 | consistency: 0.4795 | polarity: 2.3657 | monodec: 0.0000 | rule: 229.2401 | group: 1.7130 | tree: 4.9895 | total: 2.1932
[New] Epoch 370/1000 | classify: 2.2097 | conc: 0.0005 | consistency: 0.4742 | polarity: 2.4501 | monodec: 0.0000 | rule: 217.0491 | group: 1.7771 | tree: 5.1053 | total: 2.3228
--- 验证集 [epoch 370] ---
  准确率 (Accuracy):  0.7397
  精确率 (Precision): 0.5780
  召回率 (Recall):    0.5874
  F1 分数 (F1):       0.5709
[New] Epoch 371/1000 | classify: 2.0379 | conc: 0.0007 | consistency: 0.4798 | polarity: 2.4008 | monodec: 0.0000 | rule: 223.8292 | group: 1.7779 | tree: 5.1871 | total: 2.1547
[New] Epoch 372/1000 | classify: 1.9344 | conc: 0.0004 | consistency: 0.4795 | polarity: 2.3266 | monodec: 0.0000 | rule: 215.3055 | group: 1.6868 | tree: 4.8642 | total: 2.0465
[New] Epoch 373/1000 | classify: 1.8019 | conc: 0.0006 | consistency: 0.4794 | polarity: 2.2987 | monodec: 0.0000 | rule: 207.8799 | group: 1.7121 | tree: 4.9454 | total: 1.9104
[New] Epoch 374/1000 | classify: 2.0566 | conc: 0.0006 | consistency: 0.4795 | polarity: 2.3602 | monodec: 0.0000 | rule: 221.9657 | group: 1.7204 | tree: 5.0396 | total: 2.1723
[New] Epoch 375/1000 | classify: 2.2431 | conc: 0.0012 | consistency: 0.4797 | polarity: 2.5127 | monodec: 0.0000 | rule: 244.0910 | group: 1.8724 | tree: 5.4191 | total: 2.3707
[New] Epoch 376/1000 | classify: 2.1437 | conc: 0.0007 | consistency: 0.4796 | polarity: 2.3833 | monodec: 0.0000 | rule: 208.8495 | group: 1.7897 | tree: 5.0861 | total: 2.2530
[New] Epoch 377/1000 | classify: 2.2490 | conc: 0.0006 | consistency: 0.4796 | polarity: 2.3998 | monodec: 0.0000 | rule: 208.8914 | group: 1.7867 | tree: 5.1907 | total: 2.3583
[New] Epoch 378/1000 | classify: 1.8926 | conc: 0.0006 | consistency: 0.4741 | polarity: 2.3326 | monodec: 0.0000 | rule: 194.7567 | group: 1.6425 | tree: 5.0112 | total: 1.9946
[New] Epoch 379/1000 | classify: 2.1578 | conc: 0.0008 | consistency: 0.4796 | polarity: 2.4449 | monodec: 0.0000 | rule: 239.3362 | group: 1.8097 | tree: 5.2058 | total: 2.2825
[New] Epoch 380/1000 | classify: 1.9955 | conc: 0.0007 | consistency: 0.4688 | polarity: 2.4058 | monodec: 0.0000 | rule: 219.9615 | group: 1.7664 | tree: 5.1483 | total: 2.1104
--- 验证集 [epoch 380] ---
  准确率 (Accuracy):  0.7260
  精确率 (Precision): 0.5674
  召回率 (Recall):    0.5633
  F1 分数 (F1):       0.5434
[New] Epoch 381/1000 | classify: 1.9798 | conc: 0.0006 | consistency: 0.4743 | polarity: 2.4173 | monodec: 0.0000 | rule: 215.6012 | group: 1.7566 | tree: 5.0213 | total: 2.0923
[New] Epoch 382/1000 | classify: 1.9807 | conc: 0.0008 | consistency: 0.4794 | polarity: 2.3487 | monodec: 0.0000 | rule: 261.9415 | group: 1.6976 | tree: 5.0442 | total: 2.1166
[New] Epoch 383/1000 | classify: 2.0496 | conc: 0.0007 | consistency: 0.4796 | polarity: 2.4007 | monodec: 0.0000 | rule: 231.9506 | group: 1.7782 | tree: 5.3801 | total: 2.1706
[New] Epoch 384/1000 | classify: 2.2811 | conc: 0.0009 | consistency: 0.4797 | polarity: 2.4567 | monodec: 0.0000 | rule: 226.2603 | group: 1.7987 | tree: 5.3493 | total: 2.3994
[New] Epoch 385/1000 | classify: 1.9654 | conc: 0.0007 | consistency: 0.4796 | polarity: 2.3944 | monodec: 0.0000 | rule: 233.7251 | group: 1.7592 | tree: 5.3364 | total: 2.0872
[New] Epoch 386/1000 | classify: 1.9575 | conc: 0.0007 | consistency: 0.4796 | polarity: 2.4058 | monodec: 0.0000 | rule: 231.9093 | group: 1.8302 | tree: 5.4233 | total: 2.0785
[New] Epoch 387/1000 | classify: 1.8496 | conc: 0.0008 | consistency: 0.4794 | polarity: 2.3374 | monodec: 0.0000 | rule: 212.4439 | group: 1.7067 | tree: 4.9225 | total: 1.9607
[New] Epoch 388/1000 | classify: 2.2544 | conc: 0.0007 | consistency: 0.4741 | polarity: 2.4839 | monodec: 0.0000 | rule: 260.7992 | group: 1.8341 | tree: 5.3901 | total: 2.3898
[New] Epoch 389/1000 | classify: 2.0073 | conc: 0.0004 | consistency: 0.4797 | polarity: 2.3728 | monodec: 0.0000 | rule: 230.1329 | group: 1.7642 | tree: 5.0434 | total: 2.1269
[New] Epoch 390/1000 | classify: 2.0371 | conc: 0.0006 | consistency: 0.4797 | polarity: 2.3504 | monodec: 0.0000 | rule: 231.2251 | group: 1.7502 | tree: 5.1472 | total: 2.1574
--- 验证集 [epoch 390] ---
  准确率 (Accuracy):  0.7329
  精确率 (Precision): 0.5651
  召回率 (Recall):    0.5752
  F1 分数 (F1):       0.5640
[New] Epoch 391/1000 | classify: 2.0596 | conc: 0.0007 | consistency: 0.4795 | polarity: 2.3776 | monodec: 0.0000 | rule: 222.6611 | group: 1.7485 | tree: 5.1666 | total: 2.1758
[New] Epoch 392/1000 | classify: 2.1504 | conc: 0.0007 | consistency: 0.4797 | polarity: 2.4177 | monodec: 0.0000 | rule: 243.9164 | group: 1.7139 | tree: 5.0233 | total: 2.2771
[New] Epoch 393/1000 | classify: 1.9096 | conc: 0.0005 | consistency: 0.4796 | polarity: 2.2941 | monodec: 0.0000 | rule: 240.5635 | group: 1.6550 | tree: 4.8720 | total: 2.0344
[New] Epoch 394/1000 | classify: 1.9929 | conc: 0.0012 | consistency: 0.4796 | polarity: 2.4451 | monodec: 0.0000 | rule: 220.3191 | group: 1.8269 | tree: 5.2262 | total: 2.1085
[New] Epoch 395/1000 | classify: 2.1106 | conc: 0.0011 | consistency: 0.4742 | polarity: 2.4563 | monodec: 0.0000 | rule: 252.7033 | group: 1.8198 | tree: 5.4382 | total: 2.2424
[New] Epoch 396/1000 | classify: 2.0892 | conc: 0.0007 | consistency: 0.4797 | polarity: 2.4177 | monodec: 0.0000 | rule: 217.5430 | group: 1.8188 | tree: 5.2584 | total: 2.2030
[New] Epoch 397/1000 | classify: 2.1769 | conc: 0.0008 | consistency: 0.4797 | polarity: 2.4287 | monodec: 0.0000 | rule: 220.2692 | group: 1.8773 | tree: 5.2134 | total: 2.2921
[New] Epoch 398/1000 | classify: 2.1635 | conc: 0.0009 | consistency: 0.4797 | polarity: 2.4851 | monodec: 0.0000 | rule: 245.9032 | group: 1.8348 | tree: 5.4021 | total: 2.2917
[New] Epoch 399/1000 | classify: 2.0833 | conc: 0.0010 | consistency: 0.4743 | polarity: 2.4174 | monodec: 0.0000 | rule: 231.3326 | group: 1.7972 | tree: 5.2313 | total: 2.2042
[New] Epoch 400/1000 | classify: 2.0606 | conc: 0.0007 | consistency: 0.4743 | polarity: 2.3949 | monodec: 0.0000 | rule: 216.6525 | group: 1.7599 | tree: 5.0286 | total: 2.1737
--- 验证集 [epoch 400] ---
  准确率 (Accuracy):  0.7260
  精确率 (Precision): 0.7242
  召回率 (Recall):    0.6207
  F1 分数 (F1):       0.6041
✅ 模型已保存到 /home/kudouzala/Application/ion_detect/output/trained_model_save/exp_new_g/trained_model_epoch_400.pth
📁 损失值已保存到 /home/kudouzala/Application/ion_detect/output/trained_model_save/exp_new_g/training_loss_epoch_400.csv
[New] Epoch 401/1000 | classify: 2.1448 | conc: 0.0008 | consistency: 0.4743 | polarity: 2.3897 | monodec: 0.0000 | rule: 209.7820 | group: 1.7311 | tree: 5.0830 | total: 2.2546
[New] Epoch 402/1000 | classify: 2.1164 | conc: 0.0006 | consistency: 0.4797 | polarity: 2.4011 | monodec: 0.0000 | rule: 259.4912 | group: 1.7418 | tree: 5.0779 | total: 2.2509
[New] Epoch 403/1000 | classify: 2.1652 | conc: 0.0007 | consistency: 0.4797 | polarity: 2.4292 | monodec: 0.0000 | rule: 230.6401 | group: 1.7858 | tree: 5.2261 | total: 2.2855
[New] Epoch 404/1000 | classify: 2.1920 | conc: 0.0006 | consistency: 0.4797 | polarity: 2.4123 | monodec: 0.0000 | rule: 217.6593 | group: 1.8426 | tree: 5.3360 | total: 2.3057
[New] Epoch 405/1000 | classify: 2.0145 | conc: 0.0010 | consistency: 0.4796 | polarity: 2.4170 | monodec: 0.0000 | rule: 239.6394 | group: 1.8009 | tree: 5.4211 | total: 2.1397
[New] Epoch 406/1000 | classify: 1.9403 | conc: 0.0006 | consistency: 0.4796 | polarity: 2.3168 | monodec: 0.0000 | rule: 212.0482 | group: 1.6935 | tree: 4.9007 | total: 2.0508
[New] Epoch 407/1000 | classify: 2.1796 | conc: 0.0005 | consistency: 0.4743 | polarity: 2.4236 | monodec: 0.0000 | rule: 243.0442 | group: 1.7885 | tree: 5.3126 | total: 2.3059
[New] Epoch 408/1000 | classify: 2.1309 | conc: 0.0009 | consistency: 0.4797 | polarity: 2.4514 | monodec: 0.0000 | rule: 228.5964 | group: 1.8508 | tree: 5.3669 | total: 2.2504
[New] Epoch 409/1000 | classify: 2.2748 | conc: 0.0008 | consistency: 0.4798 | polarity: 2.4349 | monodec: 0.0000 | rule: 237.1825 | group: 1.8199 | tree: 5.3406 | total: 2.3985
[New] Epoch 410/1000 | classify: 2.2378 | conc: 0.0006 | consistency: 0.4797 | polarity: 2.3730 | monodec: 0.0000 | rule: 216.4998 | group: 1.8061 | tree: 5.0873 | total: 2.3508
--- 验证集 [epoch 410] ---
  准确率 (Accuracy):  0.6849
  精确率 (Precision): 0.5557
  召回率 (Recall):    0.5020
  F1 分数 (F1):       0.5011
[New] Epoch 411/1000 | classify: 2.1463 | conc: 0.0008 | consistency: 0.4797 | polarity: 2.4288 | monodec: 0.0000 | rule: 228.0684 | group: 1.8108 | tree: 5.3359 | total: 2.2654
[New] Epoch 412/1000 | classify: 2.0946 | conc: 0.0008 | consistency: 0.4796 | polarity: 2.4061 | monodec: 0.0000 | rule: 217.7486 | group: 1.8258 | tree: 5.1954 | total: 2.2085
[New] Epoch 413/1000 | classify: 2.1789 | conc: 0.0009 | consistency: 0.4797 | polarity: 2.4237 | monodec: 0.0000 | rule: 239.6052 | group: 1.7946 | tree: 5.2486 | total: 2.3039
[New] Epoch 414/1000 | classify: 2.1755 | conc: 0.0006 | consistency: 0.4797 | polarity: 2.4066 | monodec: 0.0000 | rule: 219.5841 | group: 1.7791 | tree: 5.1335 | total: 2.2901
[New] Epoch 415/1000 | classify: 2.0987 | conc: 0.0007 | consistency: 0.4797 | polarity: 2.3674 | monodec: 0.0000 | rule: 248.0286 | group: 1.7322 | tree: 5.2230 | total: 2.2275
[New] Epoch 416/1000 | classify: 2.2447 | conc: 0.0009 | consistency: 0.4690 | polarity: 2.5021 | monodec: 0.0000 | rule: 210.5030 | group: 1.8448 | tree: 5.4736 | total: 2.3552
[New] Epoch 417/1000 | classify: 2.1939 | conc: 0.0009 | consistency: 0.4744 | polarity: 2.4237 | monodec: 0.0000 | rule: 234.9270 | group: 1.7859 | tree: 5.3246 | total: 2.3165
[New] Epoch 418/1000 | classify: 2.2240 | conc: 0.0005 | consistency: 0.4797 | polarity: 2.4010 | monodec: 0.0000 | rule: 219.8457 | group: 1.7310 | tree: 5.1766 | total: 2.3387
[New] Epoch 419/1000 | classify: 2.1155 | conc: 0.0005 | consistency: 0.4797 | polarity: 2.3676 | monodec: 0.0000 | rule: 231.4927 | group: 1.7409 | tree: 5.0118 | total: 2.2359
[New] Epoch 420/1000 | classify: 1.9814 | conc: 0.0005 | consistency: 0.4742 | polarity: 2.3222 | monodec: 0.0000 | rule: 205.2671 | group: 1.6974 | tree: 4.8798 | total: 2.0885
--- 验证集 [epoch 420] ---
  准确率 (Accuracy):  0.7466
  精确率 (Precision): 0.5707
  召回率 (Recall):    0.5990
  F1 分数 (F1):       0.5781
[New] Epoch 421/1000 | classify: 2.1231 | conc: 0.0008 | consistency: 0.4688 | polarity: 2.3729 | monodec: 0.0000 | rule: 233.9288 | group: 1.7166 | tree: 5.0499 | total: 2.2450
[New] Epoch 422/1000 | classify: 2.1101 | conc: 0.0007 | consistency: 0.4796 | polarity: 2.4117 | monodec: 0.0000 | rule: 210.1999 | group: 1.7507 | tree: 4.9356 | total: 2.2200
[New] Epoch 423/1000 | classify: 1.9767 | conc: 0.0010 | consistency: 0.4797 | polarity: 2.4404 | monodec: 0.0000 | rule: 232.5619 | group: 1.8058 | tree: 5.1024 | total: 2.0982
[New] Epoch 424/1000 | classify: 2.2041 | conc: 0.0008 | consistency: 0.4797 | polarity: 2.4125 | monodec: 0.0000 | rule: 241.9891 | group: 1.7806 | tree: 5.3148 | total: 2.3301
[New] Epoch 425/1000 | classify: 2.0693 | conc: 0.0006 | consistency: 0.4797 | polarity: 2.3729 | monodec: 0.0000 | rule: 212.4878 | group: 1.7773 | tree: 5.2663 | total: 2.1803
[New] Epoch 426/1000 | classify: 2.0595 | conc: 0.0006 | consistency: 0.4798 | polarity: 2.3456 | monodec: 0.0000 | rule: 232.0288 | group: 1.6946 | tree: 4.9452 | total: 2.1802
[New] Epoch 427/1000 | classify: 1.9659 | conc: 0.0010 | consistency: 0.4797 | polarity: 2.4068 | monodec: 0.0000 | rule: 232.3241 | group: 1.7469 | tree: 5.1125 | total: 2.0872
[New] Epoch 428/1000 | classify: 2.1773 | conc: 0.0008 | consistency: 0.4742 | polarity: 2.4178 | monodec: 0.0000 | rule: 228.2790 | group: 1.8102 | tree: 5.3407 | total: 2.2966
[New] Epoch 429/1000 | classify: 2.0133 | conc: 0.0007 | consistency: 0.4798 | polarity: 2.3680 | monodec: 0.0000 | rule: 221.7427 | group: 1.7129 | tree: 4.9669 | total: 2.1289
[New] Epoch 430/1000 | classify: 1.9890 | conc: 0.0005 | consistency: 0.4797 | polarity: 2.3565 | monodec: 0.0000 | rule: 222.9307 | group: 1.7388 | tree: 4.9360 | total: 2.1050
--- 验证集 [epoch 430] ---
  准确率 (Accuracy):  0.7603
  精确率 (Precision): 0.7133
  召回率 (Recall):    0.6147
  F1 分数 (F1):       0.6206
[New] Epoch 431/1000 | classify: 2.1036 | conc: 0.0006 | consistency: 0.4689 | polarity: 2.3562 | monodec: 0.0000 | rule: 223.0541 | group: 1.7106 | tree: 4.9673 | total: 2.2198
[New] Epoch 432/1000 | classify: 1.9644 | conc: 0.0006 | consistency: 0.4796 | polarity: 2.3672 | monodec: 0.0000 | rule: 235.6264 | group: 1.8130 | tree: 5.0655 | total: 2.0869
[New] Epoch 433/1000 | classify: 2.2636 | conc: 0.0007 | consistency: 0.4796 | polarity: 2.4122 | monodec: 0.0000 | rule: 215.4030 | group: 1.8246 | tree: 5.3301 | total: 2.3763
[New] Epoch 434/1000 | classify: 2.0698 | conc: 0.0008 | consistency: 0.4797 | polarity: 2.4238 | monodec: 0.0000 | rule: 238.3479 | group: 1.7745 | tree: 5.3677 | total: 2.1941
[New] Epoch 435/1000 | classify: 2.2546 | conc: 0.0005 | consistency: 0.4798 | polarity: 2.4186 | monodec: 0.0000 | rule: 220.0019 | group: 1.7479 | tree: 5.0336 | total: 2.3693
[New] Epoch 436/1000 | classify: 2.2828 | conc: 0.0006 | consistency: 0.4798 | polarity: 2.4240 | monodec: 0.0000 | rule: 254.9045 | group: 1.8313 | tree: 5.2501 | total: 2.4151
[New] Epoch 437/1000 | classify: 2.0416 | conc: 0.0010 | consistency: 0.4798 | polarity: 2.4184 | monodec: 0.0000 | rule: 244.5094 | group: 1.8241 | tree: 5.0764 | total: 2.1691
[New] Epoch 438/1000 | classify: 2.1328 | conc: 0.0010 | consistency: 0.4690 | polarity: 2.4354 | monodec: 0.0000 | rule: 233.7284 | group: 1.8244 | tree: 5.4680 | total: 2.2550
[New] Epoch 439/1000 | classify: 1.9554 | conc: 0.0007 | consistency: 0.4797 | polarity: 2.3787 | monodec: 0.0000 | rule: 230.8121 | group: 1.7589 | tree: 4.9813 | total: 2.0756
[New] Epoch 440/1000 | classify: 2.1212 | conc: 0.0008 | consistency: 0.4797 | polarity: 2.4518 | monodec: 0.0000 | rule: 243.6095 | group: 1.8236 | tree: 5.4253 | total: 2.2481
--- 验证集 [epoch 440] ---
  准确率 (Accuracy):  0.7397
  精确率 (Precision): 0.5562
  召回率 (Recall):    0.5871
  F1 分数 (F1):       0.5662
[New] Epoch 441/1000 | classify: 2.0878 | conc: 0.0007 | consistency: 0.4798 | polarity: 2.3906 | monodec: 0.0000 | rule: 212.8408 | group: 1.8008 | tree: 4.9876 | total: 2.1990
[New] Epoch 442/1000 | classify: 2.2514 | conc: 0.0006 | consistency: 0.4744 | polarity: 2.4803 | monodec: 0.0000 | rule: 235.8679 | group: 1.8943 | tree: 5.5164 | total: 2.3744
[New] Epoch 443/1000 | classify: 2.0283 | conc: 0.0006 | consistency: 0.4796 | polarity: 2.3729 | monodec: 0.0000 | rule: 215.8011 | group: 1.7711 | tree: 5.3276 | total: 2.1411
[New] Epoch 444/1000 | classify: 2.1483 | conc: 0.0009 | consistency: 0.4798 | polarity: 2.4017 | monodec: 0.0000 | rule: 219.2381 | group: 1.7902 | tree: 5.1204 | total: 2.2631
[New] Epoch 445/1000 | classify: 2.2363 | conc: 0.0005 | consistency: 0.4797 | polarity: 2.3959 | monodec: 0.0000 | rule: 221.5277 | group: 1.7382 | tree: 5.0525 | total: 2.3517
[New] Epoch 446/1000 | classify: 2.0609 | conc: 0.0007 | consistency: 0.4743 | polarity: 2.3511 | monodec: 0.0000 | rule: 201.3694 | group: 1.7415 | tree: 4.9980 | total: 2.1663
[New] Epoch 447/1000 | classify: 2.1351 | conc: 0.0007 | consistency: 0.4799 | polarity: 2.4020 | monodec: 0.0000 | rule: 221.4190 | group: 1.7967 | tree: 5.1367 | total: 2.2506
[New] Epoch 448/1000 | classify: 1.9423 | conc: 0.0006 | consistency: 0.4797 | polarity: 2.3172 | monodec: 0.0000 | rule: 232.9405 | group: 1.6875 | tree: 4.8793 | total: 2.0634
[New] Epoch 449/1000 | classify: 2.1698 | conc: 0.0008 | consistency: 0.4797 | polarity: 2.3903 | monodec: 0.0000 | rule: 234.4744 | group: 1.7242 | tree: 5.2249 | total: 2.2921
[New] Epoch 450/1000 | classify: 2.2681 | conc: 0.0008 | consistency: 0.4798 | polarity: 2.4750 | monodec: 0.0000 | rule: 239.1163 | group: 1.8292 | tree: 5.3493 | total: 2.3928
--- 验证集 [epoch 450] ---
  准确率 (Accuracy):  0.7534
  精确率 (Precision): 0.7020
  召回率 (Recall):    0.6229
  F1 分数 (F1):       0.6161
✅ 模型已保存到 /home/kudouzala/Application/ion_detect/output/trained_model_save/exp_new_g/trained_model_epoch_450.pth
📁 损失值已保存到 /home/kudouzala/Application/ion_detect/output/trained_model_save/exp_new_g/training_loss_epoch_450.csv
[New] Epoch 451/1000 | classify: 2.1750 | conc: 0.0008 | consistency: 0.4798 | polarity: 2.4018 | monodec: 0.0000 | rule: 228.6308 | group: 1.7195 | tree: 4.8686 | total: 2.2941
[New] Epoch 452/1000 | classify: 2.0884 | conc: 0.0006 | consistency: 0.4744 | polarity: 2.3736 | monodec: 0.0000 | rule: 236.0561 | group: 1.7981 | tree: 5.2005 | total: 2.2112
[New] Epoch 453/1000 | classify: 2.1308 | conc: 0.0005 | consistency: 0.4797 | polarity: 2.3511 | monodec: 0.0000 | rule: 227.5420 | group: 1.7455 | tree: 5.0435 | total: 2.2491
[New] Epoch 454/1000 | classify: 2.0134 | conc: 0.0004 | consistency: 0.4797 | polarity: 2.2949 | monodec: 0.0000 | rule: 213.0743 | group: 1.6845 | tree: 4.6702 | total: 2.1242
[New] Epoch 455/1000 | classify: 1.8670 | conc: 0.0006 | consistency: 0.4797 | polarity: 2.3512 | monodec: 0.0000 | rule: 209.4754 | group: 1.7545 | tree: 4.8047 | total: 1.9763
[New] Epoch 456/1000 | classify: 2.1024 | conc: 0.0006 | consistency: 0.4797 | polarity: 2.3792 | monodec: 0.0000 | rule: 199.9318 | group: 1.6669 | tree: 5.0697 | total: 2.2071
[New] Epoch 457/1000 | classify: 2.0832 | conc: 0.0007 | consistency: 0.4798 | polarity: 2.3849 | monodec: 0.0000 | rule: 233.8447 | group: 1.7674 | tree: 5.2135 | total: 2.2050
[New] Epoch 458/1000 | classify: 2.2012 | conc: 0.0006 | consistency: 0.4798 | polarity: 2.4470 | monodec: 0.0000 | rule: 237.3398 | group: 1.8303 | tree: 5.4730 | total: 2.3249
[New] Epoch 459/1000 | classify: 2.2503 | conc: 0.0006 | consistency: 0.4797 | polarity: 2.4127 | monodec: 0.0000 | rule: 234.8072 | group: 1.7938 | tree: 5.1855 | total: 2.3725
[New] Epoch 460/1000 | classify: 2.3141 | conc: 0.0006 | consistency: 0.4798 | polarity: 2.4246 | monodec: 0.0000 | rule: 235.9415 | group: 1.8422 | tree: 5.1631 | total: 2.4369
--- 验证集 [epoch 460] ---
  准确率 (Accuracy):  0.6712
  精确率 (Precision): 0.5272
  召回率 (Recall):    0.5821
  F1 分数 (F1):       0.5215
[New] Epoch 461/1000 | classify: 1.9865 | conc: 0.0006 | consistency: 0.4744 | polarity: 2.3401 | monodec: 0.0000 | rule: 207.1012 | group: 1.6963 | tree: 4.9564 | total: 2.0947
[New] Epoch 462/1000 | classify: 2.1242 | conc: 0.0006 | consistency: 0.4799 | polarity: 2.3405 | monodec: 0.0000 | rule: 230.4331 | group: 1.7237 | tree: 4.8798 | total: 2.2440
[New] Epoch 463/1000 | classify: 2.0446 | conc: 0.0005 | consistency: 0.4797 | polarity: 2.3116 | monodec: 0.0000 | rule: 197.7719 | group: 1.6820 | tree: 4.8550 | total: 2.1480
[New] Epoch 464/1000 | classify: 2.2834 | conc: 0.0006 | consistency: 0.4744 | polarity: 2.4190 | monodec: 0.0000 | rule: 221.1255 | group: 1.7891 | tree: 5.1273 | total: 2.3988
[New] Epoch 465/1000 | classify: 1.9936 | conc: 0.0006 | consistency: 0.4798 | polarity: 2.3515 | monodec: 0.0000 | rule: 236.0898 | group: 1.7240 | tree: 4.9337 | total: 2.1163
[New] Epoch 466/1000 | classify: 2.0884 | conc: 0.0008 | consistency: 0.4797 | polarity: 2.3959 | monodec: 0.0000 | rule: 231.7506 | group: 1.7764 | tree: 5.0737 | total: 2.2092
[New] Epoch 467/1000 | classify: 2.0708 | conc: 0.0007 | consistency: 0.4798 | polarity: 2.4133 | monodec: 0.0000 | rule: 237.2586 | group: 1.7688 | tree: 5.0316 | total: 2.1942
[New] Epoch 468/1000 | classify: 2.2656 | conc: 0.0009 | consistency: 0.4798 | polarity: 2.4862 | monodec: 0.0000 | rule: 211.8537 | group: 1.8491 | tree: 5.4587 | total: 2.3768
[New] Epoch 469/1000 | classify: 2.1402 | conc: 0.0008 | consistency: 0.4797 | polarity: 2.4242 | monodec: 0.0000 | rule: 234.6343 | group: 1.7559 | tree: 5.1687 | total: 2.2624
[New] Epoch 470/1000 | classify: 2.2181 | conc: 0.0010 | consistency: 0.4798 | polarity: 2.4804 | monodec: 0.0000 | rule: 240.7648 | group: 1.8235 | tree: 5.5830 | total: 2.3439
--- 验证集 [epoch 470] ---
  准确率 (Accuracy):  0.7192
  精确率 (Precision): 0.5211
  召回率 (Recall):    0.5905
  F1 分数 (F1):       0.5494
[New] Epoch 471/1000 | classify: 2.1790 | conc: 0.0009 | consistency: 0.4798 | polarity: 2.4469 | monodec: 0.0000 | rule: 232.4256 | group: 1.8284 | tree: 5.2964 | total: 2.3004
[New] Epoch 472/1000 | classify: 1.9590 | conc: 0.0012 | consistency: 0.4744 | polarity: 2.3908 | monodec: 0.0000 | rule: 230.0090 | group: 1.7893 | tree: 5.2599 | total: 2.0794
[New] Epoch 473/1000 | classify: 2.0295 | conc: 0.0008 | consistency: 0.4797 | polarity: 2.3737 | monodec: 0.0000 | rule: 217.6687 | group: 1.7635 | tree: 5.2267 | total: 2.1433
[New] Epoch 474/1000 | classify: 2.1677 | conc: 0.0007 | consistency: 0.4798 | polarity: 2.4244 | monodec: 0.0000 | rule: 227.0605 | group: 1.7686 | tree: 5.1405 | total: 2.2861
[New] Epoch 475/1000 | classify: 2.2759 | conc: 0.0005 | consistency: 0.4797 | polarity: 2.4075 | monodec: 0.0000 | rule: 238.6305 | group: 1.8031 | tree: 5.3827 | total: 2.4001
[New] Epoch 476/1000 | classify: 2.1369 | conc: 0.0008 | consistency: 0.4798 | polarity: 2.4021 | monodec: 0.0000 | rule: 213.6305 | group: 1.7316 | tree: 4.7764 | total: 2.2485
[New] Epoch 477/1000 | classify: 2.1137 | conc: 0.0008 | consistency: 0.4743 | polarity: 2.4125 | monodec: 0.0000 | rule: 213.6383 | group: 1.8293 | tree: 5.2784 | total: 2.2257
[New] Epoch 478/1000 | classify: 2.0595 | conc: 0.0006 | consistency: 0.4797 | polarity: 2.3682 | monodec: 0.0000 | rule: 211.7365 | group: 1.7324 | tree: 5.0034 | total: 2.1700
[New] Epoch 479/1000 | classify: 2.0480 | conc: 0.0007 | consistency: 0.4798 | polarity: 2.3685 | monodec: 0.0000 | rule: 247.4907 | group: 1.7487 | tree: 4.9073 | total: 2.1765
[New] Epoch 480/1000 | classify: 2.0950 | conc: 0.0007 | consistency: 0.4798 | polarity: 2.3571 | monodec: 0.0000 | rule: 232.1953 | group: 1.6930 | tree: 4.9149 | total: 2.2158
--- 验证集 [epoch 480] ---
  准确率 (Accuracy):  0.7466
  精确率 (Precision): 0.5456
  召回率 (Recall):    0.5888
  F1 分数 (F1):       0.5652
[New] Epoch 481/1000 | classify: 2.2288 | conc: 0.0005 | consistency: 0.4798 | polarity: 2.3966 | monodec: 0.0000 | rule: 220.2809 | group: 1.7955 | tree: 4.9393 | total: 2.3436
[New] Epoch 482/1000 | classify: 2.2692 | conc: 0.0007 | consistency: 0.4799 | polarity: 2.4136 | monodec: 0.0000 | rule: 224.5658 | group: 1.7869 | tree: 5.3341 | total: 2.3865
[New] Epoch 483/1000 | classify: 2.2764 | conc: 0.0006 | consistency: 0.4798 | polarity: 2.4414 | monodec: 0.0000 | rule: 228.7834 | group: 1.8238 | tree: 5.4754 | total: 2.3957
[New] Epoch 484/1000 | classify: 2.2324 | conc: 0.0010 | consistency: 0.4799 | polarity: 2.4640 | monodec: 0.0000 | rule: 226.3852 | group: 1.8596 | tree: 5.3709 | total: 2.3509
[New] Epoch 485/1000 | classify: 2.2119 | conc: 0.0008 | consistency: 0.4797 | polarity: 2.3961 | monodec: 0.0000 | rule: 227.4940 | group: 1.7634 | tree: 5.1661 | total: 2.3306
[New] Epoch 486/1000 | classify: 2.1406 | conc: 0.0009 | consistency: 0.4797 | polarity: 2.4020 | monodec: 0.0000 | rule: 228.9662 | group: 1.8145 | tree: 5.1521 | total: 2.2602
[New] Epoch 487/1000 | classify: 2.2131 | conc: 0.0007 | consistency: 0.4798 | polarity: 2.4414 | monodec: 0.0000 | rule: 245.8495 | group: 1.7828 | tree: 5.1078 | total: 2.3409
[New] Epoch 488/1000 | classify: 2.2223 | conc: 0.0006 | consistency: 0.4798 | polarity: 2.4471 | monodec: 0.0000 | rule: 232.1158 | group: 1.8165 | tree: 5.4130 | total: 2.3433
[New] Epoch 489/1000 | classify: 2.1853 | conc: 0.0006 | consistency: 0.4744 | polarity: 2.3517 | monodec: 0.0000 | rule: 227.3832 | group: 1.7196 | tree: 5.0458 | total: 2.3036
[New] Epoch 490/1000 | classify: 2.0333 | conc: 0.0005 | consistency: 0.4744 | polarity: 2.3630 | monodec: 0.0000 | rule: 232.4986 | group: 1.7406 | tree: 4.8970 | total: 2.1542
--- 验证集 [epoch 490] ---
  准确率 (Accuracy):  0.7260
  精确率 (Precision): 0.5300
  召回率 (Recall):    0.5964
  F1 分数 (F1):       0.5559
[New] Epoch 491/1000 | classify: 2.2021 | conc: 0.0010 | consistency: 0.4745 | polarity: 2.4864 | monodec: 0.0000 | rule: 234.6037 | group: 1.8419 | tree: 5.2556 | total: 2.3246
[New] Epoch 492/1000 | classify: 2.1932 | conc: 0.0007 | consistency: 0.4799 | polarity: 2.3798 | monodec: 0.0000 | rule: 226.5955 | group: 1.7622 | tree: 5.1271 | total: 2.3113
[New] Epoch 493/1000 | classify: 2.1356 | conc: 0.0008 | consistency: 0.4797 | polarity: 2.3908 | monodec: 0.0000 | rule: 229.3253 | group: 1.7734 | tree: 5.0502 | total: 2.2552
[New] Epoch 494/1000 | classify: 2.1471 | conc: 0.0006 | consistency: 0.4798 | polarity: 2.3461 | monodec: 0.0000 | rule: 238.6911 | group: 1.6821 | tree: 5.0037 | total: 2.2710
[New] Epoch 495/1000 | classify: 2.0443 | conc: 0.0008 | consistency: 0.4797 | polarity: 2.3852 | monodec: 0.0000 | rule: 223.5433 | group: 1.7448 | tree: 5.1233 | total: 2.1610
[New] Epoch 496/1000 | classify: 2.3973 | conc: 0.0009 | consistency: 0.4799 | polarity: 2.5034 | monodec: 0.0000 | rule: 241.8564 | group: 1.8257 | tree: 5.5116 | total: 2.5236
[New] Epoch 497/1000 | classify: 2.2076 | conc: 0.0007 | consistency: 0.4798 | polarity: 2.4078 | monodec: 0.0000 | rule: 211.7586 | group: 1.7719 | tree: 5.1262 | total: 2.3183
[New] Epoch 498/1000 | classify: 2.0209 | conc: 0.0006 | consistency: 0.4744 | polarity: 2.3235 | monodec: 0.0000 | rule: 235.0696 | group: 1.6919 | tree: 5.0270 | total: 2.1431
[New] Epoch 499/1000 | classify: 2.2365 | conc: 0.0007 | consistency: 0.4798 | polarity: 2.4415 | monodec: 0.0000 | rule: 220.3507 | group: 1.7788 | tree: 5.2739 | total: 2.3516
[New] Epoch 500/1000 | classify: 2.1194 | conc: 0.0006 | consistency: 0.4797 | polarity: 2.4357 | monodec: 0.0000 | rule: 236.0238 | group: 1.7844 | tree: 5.1460 | total: 2.2422
--- 验证集 [epoch 500] ---
  准确率 (Accuracy):  0.7192
  精确率 (Precision): 0.5682
  召回率 (Recall):    0.5854
  F1 分数 (F1):       0.5607
✅ 模型已保存到 /home/kudouzala/Application/ion_detect/output/trained_model_save/exp_new_g/trained_model_epoch_500.pth
📁 损失值已保存到 /home/kudouzala/Application/ion_detect/output/trained_model_save/exp_new_g/training_loss_epoch_500.csv
[New] Epoch 501/1000 | classify: 2.0992 | conc: 0.0005 | consistency: 0.4797 | polarity: 2.3515 | monodec: 0.0000 | rule: 230.1145 | group: 1.7391 | tree: 5.0614 | total: 2.2188
[New] Epoch 502/1000 | classify: 2.0919 | conc: 0.0005 | consistency: 0.4744 | polarity: 2.2901 | monodec: 0.0000 | rule: 238.2927 | group: 1.6643 | tree: 5.0223 | total: 2.2155
[New] Epoch 503/1000 | classify: 2.2599 | conc: 0.0004 | consistency: 0.4798 | polarity: 2.4137 | monodec: 0.0000 | rule: 233.9548 | group: 1.7870 | tree: 5.2081 | total: 2.3815
[New] Epoch 504/1000 | classify: 2.1082 | conc: 0.0005 | consistency: 0.4798 | polarity: 2.3798 | monodec: 0.0000 | rule: 220.4021 | group: 1.7341 | tree: 4.9402 | total: 2.2229
[New] Epoch 505/1000 | classify: 2.2221 | conc: 0.0004 | consistency: 0.4799 | polarity: 2.3856 | monodec: 0.0000 | rule: 209.0714 | group: 1.7594 | tree: 5.2411 | total: 2.3312
[New] Epoch 506/1000 | classify: 2.1560 | conc: 0.0008 | consistency: 0.4798 | polarity: 2.4249 | monodec: 0.0000 | rule: 224.3259 | group: 1.8416 | tree: 5.3194 | total: 2.2733
[New] Epoch 507/1000 | classify: 2.2248 | conc: 0.0007 | consistency: 0.4798 | polarity: 2.3853 | monodec: 0.0000 | rule: 228.0095 | group: 1.7721 | tree: 4.8901 | total: 2.3435
[New] Epoch 508/1000 | classify: 2.3025 | conc: 0.0005 | consistency: 0.4798 | polarity: 2.4358 | monodec: 0.0000 | rule: 223.7357 | group: 1.8233 | tree: 5.4005 | total: 2.4193
[New] Epoch 509/1000 | classify: 2.2045 | conc: 0.0007 | consistency: 0.4798 | polarity: 2.4191 | monodec: 0.0000 | rule: 250.2438 | group: 1.7668 | tree: 5.0868 | total: 2.3345
[New] Epoch 510/1000 | classify: 2.0802 | conc: 0.0006 | consistency: 0.4797 | polarity: 2.3852 | monodec: 0.0000 | rule: 250.8138 | group: 1.7726 | tree: 5.1563 | total: 2.2105
--- 验证集 [epoch 510] ---
  准确率 (Accuracy):  0.7466
  精确率 (Precision): 0.6029
  召回率 (Recall):    0.5896
  F1 分数 (F1):       0.5647
[New] Epoch 511/1000 | classify: 2.1142 | conc: 0.0006 | consistency: 0.4690 | polarity: 2.3518 | monodec: 0.0000 | rule: 220.8743 | group: 1.7007 | tree: 5.1427 | total: 2.2293
[New] Epoch 512/1000 | classify: 2.0809 | conc: 0.0006 | consistency: 0.4798 | polarity: 2.3237 | monodec: 0.0000 | rule: 228.8279 | group: 1.7046 | tree: 4.9640 | total: 2.2000
[New] Epoch 513/1000 | classify: 2.1905 | conc: 0.0009 | consistency: 0.4797 | polarity: 2.4525 | monodec: 0.0000 | rule: 249.5862 | group: 1.7835 | tree: 5.3314 | total: 2.3205
[New] Epoch 514/1000 | classify: 2.0978 | conc: 0.0006 | consistency: 0.4798 | polarity: 2.3293 | monodec: 0.0000 | rule: 223.1692 | group: 1.7242 | tree: 4.9019 | total: 2.2139
[New] Epoch 515/1000 | classify: 2.3096 | conc: 0.0006 | consistency: 0.4743 | polarity: 2.3849 | monodec: 0.0000 | rule: 219.5293 | group: 1.7491 | tree: 5.0700 | total: 2.4240
[New] Epoch 516/1000 | classify: 2.1085 | conc: 0.0005 | consistency: 0.4797 | polarity: 2.3291 | monodec: 0.0000 | rule: 206.4623 | group: 1.7522 | tree: 5.1528 | total: 2.2165
[New] Epoch 517/1000 | classify: 2.3522 | conc: 0.0007 | consistency: 0.4798 | polarity: 2.3742 | monodec: 0.0000 | rule: 234.7938 | group: 1.7645 | tree: 5.4157 | total: 2.4746
[New] Epoch 518/1000 | classify: 2.1687 | conc: 0.0007 | consistency: 0.4797 | polarity: 2.4471 | monodec: 0.0000 | rule: 226.2547 | group: 1.8352 | tree: 5.3846 | total: 2.2869
[New] Epoch 519/1000 | classify: 2.3669 | conc: 0.0009 | consistency: 0.4796 | polarity: 2.4917 | monodec: 0.0000 | rule: 225.2400 | group: 1.8461 | tree: 5.5405 | total: 2.4848
[New] Epoch 520/1000 | classify: 2.0183 | conc: 0.0008 | consistency: 0.4798 | polarity: 2.3968 | monodec: 0.0000 | rule: 229.6291 | group: 1.7545 | tree: 5.3889 | total: 2.1382
--- 验证集 [epoch 520] ---
  准确率 (Accuracy):  0.7260
  精确率 (Precision): 0.5554
  召回率 (Recall):    0.5612
  F1 分数 (F1):       0.5434
[New] Epoch 521/1000 | classify: 2.1229 | conc: 0.0008 | consistency: 0.4799 | polarity: 2.3857 | monodec: 0.0000 | rule: 212.7303 | group: 1.7910 | tree: 5.2982 | total: 2.2343
[New] Epoch 522/1000 | classify: 2.2025 | conc: 0.0008 | consistency: 0.4798 | polarity: 2.4136 | monodec: 0.0000 | rule: 206.6696 | group: 1.7923 | tree: 5.1719 | total: 2.3108
[New] Epoch 523/1000 | classify: 2.2575 | conc: 0.0007 | consistency: 0.4798 | polarity: 2.4136 | monodec: 0.0000 | rule: 243.5132 | group: 1.7331 | tree: 5.1525 | total: 2.3841
[New] Epoch 524/1000 | classify: 2.1440 | conc: 0.0007 | consistency: 0.4798 | polarity: 2.3577 | monodec: 0.0000 | rule: 237.1512 | group: 1.7138 | tree: 4.9352 | total: 2.2673
[New] Epoch 525/1000 | classify: 2.1864 | conc: 0.0008 | consistency: 0.4743 | polarity: 2.4244 | monodec: 0.0000 | rule: 234.0141 | group: 1.8048 | tree: 5.2467 | total: 2.3084
[New] Epoch 526/1000 | classify: 2.2521 | conc: 0.0008 | consistency: 0.4798 | polarity: 2.4416 | monodec: 0.0000 | rule: 231.5494 | group: 1.8256 | tree: 5.5901 | total: 2.3731
[New] Epoch 527/1000 | classify: 2.3344 | conc: 0.0010 | consistency: 0.4798 | polarity: 2.4586 | monodec: 0.0000 | rule: 230.9701 | group: 1.8726 | tree: 5.3644 | total: 2.4552
[New] Epoch 528/1000 | classify: 2.0926 | conc: 0.0007 | consistency: 0.4797 | polarity: 2.3965 | monodec: 0.0000 | rule: 224.8339 | group: 1.7679 | tree: 5.2237 | total: 2.2099
[New] Epoch 529/1000 | classify: 2.1989 | conc: 0.0008 | consistency: 0.4798 | polarity: 2.4138 | monodec: 0.0000 | rule: 226.3401 | group: 1.7800 | tree: 5.2423 | total: 2.3172
[New] Epoch 530/1000 | classify: 2.1011 | conc: 0.0007 | consistency: 0.4798 | polarity: 2.3913 | monodec: 0.0000 | rule: 239.5102 | group: 1.7192 | tree: 5.2248 | total: 2.2257
--- 验证集 [epoch 530] ---
  准确率 (Accuracy):  0.7397
  精确率 (Precision): 0.5625
  召回率 (Recall):    0.5871
  F1 分数 (F1):       0.5688
[New] Epoch 531/1000 | classify: 2.2741 | conc: 0.0008 | consistency: 0.4797 | polarity: 2.4917 | monodec: 0.0000 | rule: 234.8556 | group: 1.8556 | tree: 5.4645 | total: 2.3968
[New] Epoch 532/1000 | classify: 2.1806 | conc: 0.0008 | consistency: 0.4797 | polarity: 2.3854 | monodec: 0.0000 | rule: 221.5130 | group: 1.7863 | tree: 5.3281 | total: 2.2964
[New] Epoch 533/1000 | classify: 2.0078 | conc: 0.0006 | consistency: 0.4797 | polarity: 2.3741 | monodec: 0.0000 | rule: 246.4943 | group: 1.7062 | tree: 5.0529 | total: 2.1357
[New] Epoch 534/1000 | classify: 2.3162 | conc: 0.0009 | consistency: 0.4797 | polarity: 2.4413 | monodec: 0.0000 | rule: 207.6322 | group: 1.8238 | tree: 5.2898 | total: 2.4253
[New] Epoch 535/1000 | classify: 2.1486 | conc: 0.0005 | consistency: 0.4797 | polarity: 2.3687 | monodec: 0.0000 | rule: 227.9906 | group: 1.7481 | tree: 4.9925 | total: 2.2671
[New] Epoch 536/1000 | classify: 2.1122 | conc: 0.0007 | consistency: 0.4743 | polarity: 2.3569 | monodec: 0.0000 | rule: 220.1497 | group: 1.6779 | tree: 5.0292 | total: 2.2271
[New] Epoch 537/1000 | classify: 2.0433 | conc: 0.0007 | consistency: 0.4797 | polarity: 2.4416 | monodec: 0.0000 | rule: 218.5401 | group: 1.7629 | tree: 5.1422 | total: 2.1575
[New] Epoch 538/1000 | classify: 2.1081 | conc: 0.0008 | consistency: 0.4797 | polarity: 2.4078 | monodec: 0.0000 | rule: 236.5925 | group: 1.7624 | tree: 5.1536 | total: 2.2314
[New] Epoch 539/1000 | classify: 2.1627 | conc: 0.0008 | consistency: 0.4745 | polarity: 2.4251 | monodec: 0.0000 | rule: 215.5123 | group: 1.7981 | tree: 5.1306 | total: 2.2755
[New] Epoch 540/1000 | classify: 2.0702 | conc: 0.0007 | consistency: 0.4798 | polarity: 2.4026 | monodec: 0.0000 | rule: 218.9749 | group: 1.8156 | tree: 5.2787 | total: 2.1846
--- 验证集 [epoch 540] ---
  准确率 (Accuracy):  0.7397
  精确率 (Precision): 0.5745
  召回率 (Recall):    0.5769
  F1 分数 (F1):       0.5583
[New] Epoch 541/1000 | classify: 2.1274 | conc: 0.0008 | consistency: 0.4798 | polarity: 2.4080 | monodec: 0.0000 | rule: 222.1261 | group: 1.7665 | tree: 5.1048 | total: 2.2434
[New] Epoch 542/1000 | classify: 2.3904 | conc: 0.0008 | consistency: 0.4799 | polarity: 2.4251 | monodec: 0.0000 | rule: 224.3224 | group: 1.7395 | tree: 5.1088 | total: 2.5075
[New] Epoch 543/1000 | classify: 2.1003 | conc: 0.0007 | consistency: 0.4799 | polarity: 2.3465 | monodec: 0.0000 | rule: 223.8839 | group: 1.6961 | tree: 5.0058 | total: 2.2169
[New] Epoch 544/1000 | classify: 2.1699 | conc: 0.0005 | consistency: 0.4799 | polarity: 2.3859 | monodec: 0.0000 | rule: 233.1048 | group: 1.7793 | tree: 5.2301 | total: 2.2912
[New] Epoch 545/1000 | classify: 2.0332 | conc: 0.0007 | consistency: 0.4797 | polarity: 2.3852 | monodec: 0.0000 | rule: 241.6962 | group: 1.7735 | tree: 5.1425 | total: 2.1589
[New] Epoch 546/1000 | classify: 2.2009 | conc: 0.0009 | consistency: 0.4799 | polarity: 2.4701 | monodec: 0.0000 | rule: 237.3950 | group: 1.8221 | tree: 5.1974 | total: 2.3247
[New] Epoch 547/1000 | classify: 2.3377 | conc: 0.0009 | consistency: 0.4798 | polarity: 2.4475 | monodec: 0.0000 | rule: 234.0439 | group: 1.8114 | tree: 5.2101 | total: 2.4598
[New] Epoch 548/1000 | classify: 2.0672 | conc: 0.0008 | consistency: 0.4798 | polarity: 2.3521 | monodec: 0.0000 | rule: 229.6250 | group: 1.7566 | tree: 4.8869 | total: 2.1869
[New] Epoch 549/1000 | classify: 2.2950 | conc: 0.0005 | consistency: 0.4799 | polarity: 2.4364 | monodec: 0.0000 | rule: 236.7388 | group: 1.8166 | tree: 5.2453 | total: 2.4181
[New] Epoch 550/1000 | classify: 2.1177 | conc: 0.0006 | consistency: 0.4744 | polarity: 2.4136 | monodec: 0.0000 | rule: 232.8629 | group: 1.8214 | tree: 5.3686 | total: 2.2391
--- 验证集 [epoch 550] ---
  准确率 (Accuracy):  0.7671
  精确率 (Precision): 0.6031
  召回率 (Recall):    0.6304
  F1 分数 (F1):       0.6125
✅ 模型已保存到 /home/kudouzala/Application/ion_detect/output/trained_model_save/exp_new_g/trained_model_epoch_550.pth
📁 损失值已保存到 /home/kudouzala/Application/ion_detect/output/trained_model_save/exp_new_g/training_loss_epoch_550.csv
[New] Epoch 551/1000 | classify: 2.1583 | conc: 0.0005 | consistency: 0.4797 | polarity: 2.4192 | monodec: 0.0000 | rule: 234.2281 | group: 1.7575 | tree: 5.2242 | total: 2.2801
[New] Epoch 552/1000 | classify: 2.0608 | conc: 0.0005 | consistency: 0.4744 | polarity: 2.3744 | monodec: 0.0000 | rule: 228.5343 | group: 1.7250 | tree: 5.0225 | total: 2.1797
[New] Epoch 553/1000 | classify: 1.9850 | conc: 0.0007 | consistency: 0.4798 | polarity: 2.3352 | monodec: 0.0000 | rule: 220.3132 | group: 1.7288 | tree: 4.8201 | total: 2.0998
[New] Epoch 554/1000 | classify: 2.2883 | conc: 0.0009 | consistency: 0.4745 | polarity: 2.4026 | monodec: 0.0000 | rule: 227.9946 | group: 1.7853 | tree: 5.4563 | total: 2.4075
[New] Epoch 555/1000 | classify: 2.2446 | conc: 0.0007 | consistency: 0.4799 | polarity: 2.3860 | monodec: 0.0000 | rule: 234.5106 | group: 1.7246 | tree: 4.9868 | total: 2.3666
[New] Epoch 556/1000 | classify: 2.0014 | conc: 0.0007 | consistency: 0.4799 | polarity: 2.3746 | monodec: 0.0000 | rule: 222.8315 | group: 1.7568 | tree: 5.1209 | total: 2.1177
[New] Epoch 557/1000 | classify: 2.1254 | conc: 0.0007 | consistency: 0.4799 | polarity: 2.3635 | monodec: 0.0000 | rule: 214.4527 | group: 1.7311 | tree: 4.9887 | total: 2.2374
[New] Epoch 558/1000 | classify: 2.1295 | conc: 0.0005 | consistency: 0.4798 | polarity: 2.3632 | monodec: 0.0000 | rule: 243.8915 | group: 1.7236 | tree: 5.1383 | total: 2.2560
[New] Epoch 559/1000 | classify: 2.1626 | conc: 0.0005 | consistency: 0.4797 | polarity: 2.3630 | monodec: 0.0000 | rule: 213.6411 | group: 1.7168 | tree: 5.0407 | total: 2.2740
[New] Epoch 560/1000 | classify: 1.9846 | conc: 0.0009 | consistency: 0.4796 | polarity: 2.3684 | monodec: 0.0000 | rule: 215.6393 | group: 1.7422 | tree: 5.0539 | total: 2.0975
--- 验证集 [epoch 560] ---
  准确率 (Accuracy):  0.7397
  精确率 (Precision): 0.5512
  召回率 (Recall):    0.5599
  F1 分数 (F1):       0.5446
[New] Epoch 561/1000 | classify: 2.2399 | conc: 0.0004 | consistency: 0.4799 | polarity: 2.4140 | monodec: 0.0000 | rule: 224.7411 | group: 1.7341 | tree: 5.1379 | total: 2.3568
[New] Epoch 562/1000 | classify: 2.1834 | conc: 0.0007 | consistency: 0.4798 | polarity: 2.4083 | monodec: 0.0000 | rule: 249.9580 | group: 1.7541 | tree: 5.3136 | total: 2.3133
[New] Epoch 563/1000 | classify: 2.2984 | conc: 0.0008 | consistency: 0.4745 | polarity: 2.4252 | monodec: 0.0000 | rule: 225.8933 | group: 1.7956 | tree: 5.2646 | total: 2.4164
[New] Epoch 564/1000 | classify: 2.0770 | conc: 0.0004 | consistency: 0.4799 | polarity: 2.3802 | monodec: 0.0000 | rule: 208.3097 | group: 1.7460 | tree: 5.1446 | total: 2.1858
[New] Epoch 565/1000 | classify: 2.0202 | conc: 0.0005 | consistency: 0.4744 | polarity: 2.2847 | monodec: 0.0000 | rule: 219.5037 | group: 1.6585 | tree: 4.8034 | total: 2.1344
[New] Epoch 566/1000 | classify: 1.9977 | conc: 0.0005 | consistency: 0.4798 | polarity: 2.3016 | monodec: 0.0000 | rule: 213.0599 | group: 1.6595 | tree: 5.0018 | total: 2.1087
[New] Epoch 567/1000 | classify: 1.9200 | conc: 0.0009 | consistency: 0.4798 | polarity: 2.3408 | monodec: 0.0000 | rule: 223.1292 | group: 1.7314 | tree: 4.9851 | total: 2.0365
[New] Epoch 568/1000 | classify: 2.1294 | conc: 0.0005 | consistency: 0.4797 | polarity: 2.3798 | monodec: 0.0000 | rule: 218.3552 | group: 1.7646 | tree: 5.2217 | total: 2.2433
[New] Epoch 569/1000 | classify: 2.2376 | conc: 0.0011 | consistency: 0.4798 | polarity: 2.4531 | monodec: 0.0000 | rule: 249.1697 | group: 1.8342 | tree: 5.5389 | total: 2.3677
[New] Epoch 570/1000 | classify: 2.2724 | conc: 0.0009 | consistency: 0.4798 | polarity: 2.4249 | monodec: 0.0000 | rule: 248.0760 | group: 1.7815 | tree: 5.1448 | total: 2.4015
--- 验证集 [epoch 570] ---
  准确率 (Accuracy):  0.7055
  精确率 (Precision): 0.5364
  召回率 (Recall):    0.5762
  F1 分数 (F1):       0.5268
[New] Epoch 571/1000 | classify: 2.2578 | conc: 0.0006 | consistency: 0.4799 | polarity: 2.3803 | monodec: 0.0000 | rule: 239.0949 | group: 1.7394 | tree: 4.9567 | total: 2.3820
[New] Epoch 572/1000 | classify: 2.2418 | conc: 0.0010 | consistency: 0.4797 | polarity: 2.4361 | monodec: 0.0000 | rule: 229.5765 | group: 1.8065 | tree: 5.2278 | total: 2.3619
[New] Epoch 573/1000 | classify: 2.0623 | conc: 0.0008 | consistency: 0.4797 | polarity: 2.4023 | monodec: 0.0000 | rule: 229.9094 | group: 1.7382 | tree: 4.9401 | total: 2.1821
[New] Epoch 574/1000 | classify: 2.0707 | conc: 0.0009 | consistency: 0.4744 | polarity: 2.4533 | monodec: 0.0000 | rule: 242.9653 | group: 1.8191 | tree: 5.3517 | total: 2.1973
[New] Epoch 575/1000 | classify: 2.0500 | conc: 0.0005 | consistency: 0.4799 | polarity: 2.3578 | monodec: 0.0000 | rule: 207.1858 | group: 1.7517 | tree: 5.2173 | total: 2.1583
[New] Epoch 576/1000 | classify: 2.1816 | conc: 0.0005 | consistency: 0.4743 | polarity: 2.3742 | monodec: 0.0000 | rule: 229.7958 | group: 1.7415 | tree: 5.2156 | total: 2.3013
[New] Epoch 577/1000 | classify: 2.0754 | conc: 0.0010 | consistency: 0.4798 | polarity: 2.4305 | monodec: 0.0000 | rule: 223.7421 | group: 1.8235 | tree: 5.2031 | total: 2.1925
[New] Epoch 578/1000 | classify: 2.2120 | conc: 0.0007 | consistency: 0.4744 | polarity: 2.4027 | monodec: 0.0000 | rule: 215.0891 | group: 1.7913 | tree: 5.2562 | total: 2.3244
[New] Epoch 579/1000 | classify: 2.0462 | conc: 0.0007 | consistency: 0.4797 | polarity: 2.3462 | monodec: 0.0000 | rule: 218.2541 | group: 1.7608 | tree: 5.0699 | total: 2.1602
[New] Epoch 580/1000 | classify: 2.1767 | conc: 0.0006 | consistency: 0.4744 | polarity: 2.4084 | monodec: 0.0000 | rule: 220.4323 | group: 1.7355 | tree: 4.8486 | total: 2.2915
--- 验证集 [epoch 580] ---
  准确率 (Accuracy):  0.7671
  精确率 (Precision): 0.6070
  召回率 (Recall):    0.6296
  F1 分数 (F1):       0.6114
[New] Epoch 581/1000 | classify: 2.0934 | conc: 0.0009 | consistency: 0.4745 | polarity: 2.4195 | monodec: 0.0000 | rule: 241.4445 | group: 1.7524 | tree: 5.0491 | total: 2.2192
[New] Epoch 582/1000 | classify: 2.0193 | conc: 0.0007 | consistency: 0.4798 | polarity: 2.4026 | monodec: 0.0000 | rule: 220.2909 | group: 1.7539 | tree: 5.1084 | total: 2.1342
[New] Epoch 583/1000 | classify: 2.1774 | conc: 0.0005 | consistency: 0.4799 | polarity: 2.3859 | monodec: 0.0000 | rule: 238.5323 | group: 1.7249 | tree: 5.1241 | total: 2.3013
[New] Epoch 584/1000 | classify: 2.2683 | conc: 0.0009 | consistency: 0.4744 | polarity: 2.4363 | monodec: 0.0000 | rule: 229.9590 | group: 1.8078 | tree: 5.4380 | total: 2.3885
[New] Epoch 585/1000 | classify: 2.1154 | conc: 0.0008 | consistency: 0.4744 | polarity: 2.3858 | monodec: 0.0000 | rule: 234.4187 | group: 1.7205 | tree: 5.1166 | total: 2.2375
[New] Epoch 586/1000 | classify: 2.0542 | conc: 0.0007 | consistency: 0.4797 | polarity: 2.4080 | monodec: 0.0000 | rule: 217.2123 | group: 1.7526 | tree: 4.9469 | total: 2.1676
[New] Epoch 587/1000 | classify: 2.1568 | conc: 0.0009 | consistency: 0.4798 | polarity: 2.3803 | monodec: 0.0000 | rule: 246.1872 | group: 1.7572 | tree: 5.1160 | total: 2.2850
[New] Epoch 588/1000 | classify: 1.9519 | conc: 0.0006 | consistency: 0.4798 | polarity: 2.3353 | monodec: 0.0000 | rule: 213.8786 | group: 1.7382 | tree: 4.8633 | total: 2.0634
[New] Epoch 589/1000 | classify: 2.2453 | conc: 0.0010 | consistency: 0.4799 | polarity: 2.4533 | monodec: 0.0000 | rule: 219.5755 | group: 1.8100 | tree: 5.3229 | total: 2.3603
[New] Epoch 590/1000 | classify: 2.0641 | conc: 0.0006 | consistency: 0.4798 | polarity: 2.3634 | monodec: 0.0000 | rule: 227.7408 | group: 1.7134 | tree: 4.9686 | total: 2.1826
--- 验证集 [epoch 590] ---
  准确率 (Accuracy):  0.7397
  精确率 (Precision): 0.6095
  召回率 (Recall):    0.5832
  F1 分数 (F1):       0.5742
[New] Epoch 591/1000 | classify: 2.0681 | conc: 0.0005 | consistency: 0.4798 | polarity: 2.3579 | monodec: 0.0000 | rule: 229.7081 | group: 1.7584 | tree: 5.1402 | total: 2.1876
[New] Epoch 592/1000 | classify: 1.9686 | conc: 0.0004 | consistency: 0.4797 | polarity: 2.3013 | monodec: 0.0000 | rule: 239.3110 | group: 1.6666 | tree: 4.9904 | total: 2.0927
[New] Epoch 593/1000 | classify: 2.1226 | conc: 0.0006 | consistency: 0.4798 | polarity: 2.3970 | monodec: 0.0000 | rule: 226.5756 | group: 1.8028 | tree: 5.2344 | total: 2.2407
[New] Epoch 594/1000 | classify: 2.1760 | conc: 0.0006 | consistency: 0.4799 | polarity: 2.4198 | monodec: 0.0000 | rule: 233.8584 | group: 1.8084 | tree: 5.0909 | total: 2.2977
[New] Epoch 595/1000 | classify: 2.0132 | conc: 0.0008 | consistency: 0.4798 | polarity: 2.4083 | monodec: 0.0000 | rule: 224.4819 | group: 1.7875 | tree: 5.1981 | total: 2.1304
[New] Epoch 596/1000 | classify: 2.0845 | conc: 0.0012 | consistency: 0.4690 | polarity: 2.4699 | monodec: 0.0000 | rule: 222.6707 | group: 1.8520 | tree: 5.3378 | total: 2.2013
[New] Epoch 597/1000 | classify: 2.0965 | conc: 0.0005 | consistency: 0.4798 | polarity: 2.3748 | monodec: 0.0000 | rule: 202.9494 | group: 1.7718 | tree: 5.3299 | total: 2.2027
[New] Epoch 598/1000 | classify: 2.0770 | conc: 0.0006 | consistency: 0.4799 | polarity: 2.4084 | monodec: 0.0000 | rule: 234.9240 | group: 1.7711 | tree: 5.0468 | total: 2.1991
[New] Epoch 599/1000 | classify: 1.9216 | conc: 0.0007 | consistency: 0.4798 | polarity: 2.3072 | monodec: 0.0000 | rule: 217.1298 | group: 1.6690 | tree: 4.8552 | total: 2.0348
[New] Epoch 600/1000 | classify: 1.9154 | conc: 0.0008 | consistency: 0.4744 | polarity: 2.3520 | monodec: 0.0000 | rule: 213.2168 | group: 1.7373 | tree: 4.9645 | total: 2.0268
--- 验证集 [epoch 600] ---
  准确率 (Accuracy):  0.6849
  精确率 (Precision): 0.5669
  召回率 (Recall):    0.5779
  F1 分数 (F1):       0.5400
✅ 模型已保存到 /home/kudouzala/Application/ion_detect/output/trained_model_save/exp_new_g/trained_model_epoch_600.pth
📁 损失值已保存到 /home/kudouzala/Application/ion_detect/output/trained_model_save/exp_new_g/training_loss_epoch_600.csv
[New] Epoch 601/1000 | classify: 2.1950 | conc: 0.0011 | consistency: 0.4799 | polarity: 2.4423 | monodec: 0.0000 | rule: 215.0763 | group: 1.7829 | tree: 5.4157 | total: 2.3080
[New] Epoch 602/1000 | classify: 2.2435 | conc: 0.0006 | consistency: 0.4799 | polarity: 2.3748 | monodec: 0.0000 | rule: 228.7497 | group: 1.7820 | tree: 5.1403 | total: 2.3626
[New] Epoch 603/1000 | classify: 1.8875 | conc: 0.0009 | consistency: 0.4798 | polarity: 2.4083 | monodec: 0.0000 | rule: 218.5800 | group: 1.7783 | tree: 5.3997 | total: 2.0020
[New] Epoch 604/1000 | classify: 2.2486 | conc: 0.0009 | consistency: 0.4744 | polarity: 2.4587 | monodec: 0.0000 | rule: 236.3991 | group: 1.7977 | tree: 5.1728 | total: 2.3719
[New] Epoch 605/1000 | classify: 2.2613 | conc: 0.0005 | consistency: 0.4745 | polarity: 2.4142 | monodec: 0.0000 | rule: 232.9978 | group: 1.7416 | tree: 5.0600 | total: 2.3825
[New] Epoch 606/1000 | classify: 2.0917 | conc: 0.0005 | consistency: 0.4799 | polarity: 2.3187 | monodec: 0.0000 | rule: 217.7726 | group: 1.6826 | tree: 4.9810 | total: 2.2051
[New] Epoch 607/1000 | classify: 2.0762 | conc: 0.0005 | consistency: 0.4798 | polarity: 2.3354 | monodec: 0.0000 | rule: 239.1296 | group: 1.6873 | tree: 4.9850 | total: 2.2003
[New] Epoch 608/1000 | classify: 2.0067 | conc: 0.0009 | consistency: 0.4798 | polarity: 2.4195 | monodec: 0.0000 | rule: 225.3990 | group: 1.7967 | tree: 4.9402 | total: 2.1244
[New] Epoch 609/1000 | classify: 2.0215 | conc: 0.0007 | consistency: 0.4798 | polarity: 2.3634 | monodec: 0.0000 | rule: 234.5500 | group: 1.7650 | tree: 5.2195 | total: 2.1437
[New] Epoch 610/1000 | classify: 2.1110 | conc: 0.0008 | consistency: 0.4745 | polarity: 2.4590 | monodec: 0.0000 | rule: 224.3943 | group: 1.8697 | tree: 5.2953 | total: 2.2283
--- 验证集 [epoch 610] ---
  准确率 (Accuracy):  0.7671
  精确率 (Precision): 0.5992
  召回率 (Recall):    0.6313
  F1 分数 (F1):       0.6062
[New] Epoch 611/1000 | classify: 2.1519 | conc: 0.0007 | consistency: 0.4798 | polarity: 2.4478 | monodec: 0.0000 | rule: 234.8211 | group: 1.8159 | tree: 5.4960 | total: 2.2745
[New] Epoch 612/1000 | classify: 1.9527 | conc: 0.0009 | consistency: 0.4798 | polarity: 2.3690 | monodec: 0.0000 | rule: 211.2697 | group: 1.7782 | tree: 5.0213 | total: 2.0633
[New] Epoch 613/1000 | classify: 2.0468 | conc: 0.0007 | consistency: 0.4799 | polarity: 2.3636 | monodec: 0.0000 | rule: 231.7850 | group: 1.7322 | tree: 5.3714 | total: 2.1676
[New] Epoch 614/1000 | classify: 2.2657 | conc: 0.0009 | consistency: 0.4799 | polarity: 2.4758 | monodec: 0.0000 | rule: 215.8665 | group: 1.8407 | tree: 5.3179 | total: 2.3789
[New] Epoch 615/1000 | classify: 1.9755 | conc: 0.0008 | consistency: 0.4799 | polarity: 2.3861 | monodec: 0.0000 | rule: 206.0642 | group: 1.6934 | tree: 4.6428 | total: 2.0833
[New] Epoch 616/1000 | classify: 2.1897 | conc: 0.0005 | consistency: 0.4797 | polarity: 2.3858 | monodec: 0.0000 | rule: 232.2269 | group: 1.7611 | tree: 5.0904 | total: 2.3105
[New] Epoch 617/1000 | classify: 2.1210 | conc: 0.0010 | consistency: 0.4798 | polarity: 2.4308 | monodec: 0.0000 | rule: 210.4357 | group: 1.8338 | tree: 5.1468 | total: 2.2313
[New] Epoch 618/1000 | classify: 2.1588 | conc: 0.0009 | consistency: 0.4798 | polarity: 2.4475 | monodec: 0.0000 | rule: 222.5322 | group: 1.7971 | tree: 5.4663 | total: 2.2753
[New] Epoch 619/1000 | classify: 2.2699 | conc: 0.0010 | consistency: 0.4799 | polarity: 2.4983 | monodec: 0.0000 | rule: 225.8023 | group: 1.8685 | tree: 5.4388 | total: 2.3882
[New] Epoch 620/1000 | classify: 2.0657 | conc: 0.0005 | consistency: 0.4798 | polarity: 2.3972 | monodec: 0.0000 | rule: 226.7638 | group: 1.7532 | tree: 5.1084 | total: 2.1838
--- 验证集 [epoch 620] ---
  准确率 (Accuracy):  0.7260
  精确率 (Precision): 0.5672
  召回率 (Recall):    0.5522
  F1 分数 (F1):       0.5505
[New] Epoch 621/1000 | classify: 1.9429 | conc: 0.0007 | consistency: 0.4797 | polarity: 2.3407 | monodec: 0.0000 | rule: 201.8286 | group: 1.7490 | tree: 5.1864 | total: 2.0487
[New] Epoch 622/1000 | classify: 2.1859 | conc: 0.0008 | consistency: 0.4798 | polarity: 2.4421 | monodec: 0.0000 | rule: 230.8397 | group: 1.7796 | tree: 5.2272 | total: 2.3063
[New] Epoch 623/1000 | classify: 2.1202 | conc: 0.0009 | consistency: 0.4744 | polarity: 2.3860 | monodec: 0.0000 | rule: 221.7763 | group: 1.7564 | tree: 5.1072 | total: 2.2361
[New] Epoch 624/1000 | classify: 1.9601 | conc: 0.0006 | consistency: 0.4799 | polarity: 2.3244 | monodec: 0.0000 | rule: 229.7975 | group: 1.7012 | tree: 4.9549 | total: 2.0797
[New] Epoch 625/1000 | classify: 2.1100 | conc: 0.0008 | consistency: 0.4745 | polarity: 2.4647 | monodec: 0.0000 | rule: 228.5825 | group: 1.8230 | tree: 5.1125 | total: 2.2294
[New] Epoch 626/1000 | classify: 2.1336 | conc: 0.0011 | consistency: 0.4799 | polarity: 2.4815 | monodec: 0.0000 | rule: 217.8685 | group: 1.8072 | tree: 5.3350 | total: 2.2479
[New] Epoch 627/1000 | classify: 2.1165 | conc: 0.0009 | consistency: 0.4797 | polarity: 2.3857 | monodec: 0.0000 | rule: 221.4034 | group: 1.7541 | tree: 5.0171 | total: 2.2321
[New] Epoch 628/1000 | classify: 1.9717 | conc: 0.0012 | consistency: 0.4797 | polarity: 2.4641 | monodec: 0.0000 | rule: 217.4612 | group: 1.8630 | tree: 5.5185 | total: 2.0861
[New] Epoch 629/1000 | classify: 1.9982 | conc: 0.0009 | consistency: 0.4797 | polarity: 2.3913 | monodec: 0.0000 | rule: 243.1352 | group: 1.7692 | tree: 5.3298 | total: 2.1250
[New] Epoch 630/1000 | classify: 2.1904 | conc: 0.0006 | consistency: 0.4798 | polarity: 2.4140 | monodec: 0.0000 | rule: 219.7186 | group: 1.7812 | tree: 5.4837 | total: 2.3052
--- 验证集 [epoch 630] ---
  准确率 (Accuracy):  0.7466
  精确率 (Precision): 0.5960
  召回率 (Recall):    0.5879
  F1 分数 (F1):       0.5743
[New] Epoch 631/1000 | classify: 1.9937 | conc: 0.0007 | consistency: 0.4798 | polarity: 2.2906 | monodec: 0.0000 | rule: 221.6956 | group: 1.6817 | tree: 4.8990 | total: 2.1093
[New] Epoch 632/1000 | classify: 2.1264 | conc: 0.0010 | consistency: 0.4798 | polarity: 2.4645 | monodec: 0.0000 | rule: 219.6297 | group: 1.8772 | tree: 5.4189 | total: 2.2417
[New] Epoch 633/1000 | classify: 1.9718 | conc: 0.0007 | consistency: 0.4798 | polarity: 2.3633 | monodec: 0.0000 | rule: 227.6497 | group: 1.7527 | tree: 4.9728 | total: 2.0904
[New] Epoch 634/1000 | classify: 2.0617 | conc: 0.0010 | consistency: 0.4797 | polarity: 2.4195 | monodec: 0.0000 | rule: 245.8826 | group: 1.7918 | tree: 5.4891 | total: 2.1901
[New] Epoch 635/1000 | classify: 2.0522 | conc: 0.0006 | consistency: 0.4798 | polarity: 2.3915 | monodec: 0.0000 | rule: 242.9673 | group: 1.7416 | tree: 5.1172 | total: 2.1785
[New] Epoch 636/1000 | classify: 2.0841 | conc: 0.0006 | consistency: 0.4799 | polarity: 2.4087 | monodec: 0.0000 | rule: 230.3747 | group: 1.7669 | tree: 5.1415 | total: 2.2041
[New] Epoch 637/1000 | classify: 2.0600 | conc: 0.0009 | consistency: 0.4799 | polarity: 2.4030 | monodec: 0.0000 | rule: 240.9752 | group: 1.8093 | tree: 5.2846 | total: 2.1857
[New] Epoch 638/1000 | classify: 2.1163 | conc: 0.0011 | consistency: 0.4799 | polarity: 2.4873 | monodec: 0.0000 | rule: 228.6633 | group: 1.8752 | tree: 5.4352 | total: 2.2361
[New] Epoch 639/1000 | classify: 1.9767 | conc: 0.0004 | consistency: 0.4798 | polarity: 2.3242 | monodec: 0.0000 | rule: 222.4120 | group: 1.6723 | tree: 4.9552 | total: 2.0924
[New] Epoch 640/1000 | classify: 2.1730 | conc: 0.0010 | consistency: 0.4799 | polarity: 2.4930 | monodec: 0.0000 | rule: 239.1723 | group: 1.8513 | tree: 5.3431 | total: 2.2979
--- 验证集 [epoch 640] ---
  准确率 (Accuracy):  0.7123
  精确率 (Precision): 0.5687
  召回率 (Recall):    0.5944
  F1 分数 (F1):       0.5673
[New] Epoch 641/1000 | classify: 1.9457 | conc: 0.0009 | consistency: 0.4745 | polarity: 2.3803 | monodec: 0.0000 | rule: 222.7747 | group: 1.7991 | tree: 4.9822 | total: 2.0621
[New] Epoch 642/1000 | classify: 2.0948 | conc: 0.0006 | consistency: 0.4799 | polarity: 2.4143 | monodec: 0.0000 | rule: 224.3162 | group: 1.7552 | tree: 5.2393 | total: 2.2118
[New] Epoch 643/1000 | classify: 2.1576 | conc: 0.0007 | consistency: 0.4798 | polarity: 2.3746 | monodec: 0.0000 | rule: 232.2957 | group: 1.7286 | tree: 5.1432 | total: 2.2786
[New] Epoch 644/1000 | classify: 1.9526 | conc: 0.0006 | consistency: 0.4798 | polarity: 2.2852 | monodec: 0.0000 | rule: 213.0995 | group: 1.6709 | tree: 4.8291 | total: 2.0637
[New] Epoch 645/1000 | classify: 2.0649 | conc: 0.0007 | consistency: 0.4798 | polarity: 2.4367 | monodec: 0.0000 | rule: 226.7340 | group: 1.7804 | tree: 5.3664 | total: 2.1832
[New] Epoch 646/1000 | classify: 1.9841 | conc: 0.0004 | consistency: 0.4798 | polarity: 2.3411 | monodec: 0.0000 | rule: 203.1130 | group: 1.6925 | tree: 4.7007 | total: 2.0900
[New] Epoch 647/1000 | classify: 2.0746 | conc: 0.0010 | consistency: 0.4798 | polarity: 2.3692 | monodec: 0.0000 | rule: 235.0613 | group: 1.7329 | tree: 5.1205 | total: 2.1973
[New] Epoch 648/1000 | classify: 2.0503 | conc: 0.0007 | consistency: 0.4799 | polarity: 2.4591 | monodec: 0.0000 | rule: 207.8477 | group: 1.8486 | tree: 5.4937 | total: 2.1594
[New] Epoch 649/1000 | classify: 2.0173 | conc: 0.0008 | consistency: 0.4744 | polarity: 2.3916 | monodec: 0.0000 | rule: 229.5453 | group: 1.8088 | tree: 5.1709 | total: 2.1371
[New] Epoch 650/1000 | classify: 2.0467 | conc: 0.0008 | consistency: 0.4799 | polarity: 2.4479 | monodec: 0.0000 | rule: 210.1955 | group: 1.8286 | tree: 5.5051 | total: 2.1570
--- 验证集 [epoch 650] ---
  准确率 (Accuracy):  0.7671
  精确率 (Precision): 0.6022
  召回率 (Recall):    0.6253
  F1 分数 (F1):       0.5986
✅ 模型已保存到 /home/kudouzala/Application/ion_detect/output/trained_model_save/exp_new_g/trained_model_epoch_650.pth
📁 损失值已保存到 /home/kudouzala/Application/ion_detect/output/trained_model_save/exp_new_g/training_loss_epoch_650.csv
[New] Epoch 651/1000 | classify: 2.1380 | conc: 0.0008 | consistency: 0.4798 | polarity: 2.4701 | monodec: 0.0000 | rule: 233.7352 | group: 1.8502 | tree: 5.3664 | total: 2.2600
[New] Epoch 652/1000 | classify: 2.0774 | conc: 0.0008 | consistency: 0.4799 | polarity: 2.3918 | monodec: 0.0000 | rule: 244.4707 | group: 1.7393 | tree: 5.0935 | total: 2.2045
[New] Epoch 653/1000 | classify: 1.9983 | conc: 0.0007 | consistency: 0.4798 | polarity: 2.4367 | monodec: 0.0000 | rule: 229.1931 | group: 1.7887 | tree: 5.2011 | total: 2.1178
[New] Epoch 654/1000 | classify: 2.0299 | conc: 0.0005 | consistency: 0.4745 | polarity: 2.3301 | monodec: 0.0000 | rule: 207.4631 | group: 1.7327 | tree: 4.8008 | total: 2.1382
[New] Epoch 655/1000 | classify: 2.0628 | conc: 0.0009 | consistency: 0.4745 | polarity: 2.4087 | monodec: 0.0000 | rule: 209.9565 | group: 1.7830 | tree: 5.3295 | total: 2.1729
[New] Epoch 656/1000 | classify: 2.0580 | conc: 0.0009 | consistency: 0.4799 | polarity: 2.4872 | monodec: 0.0000 | rule: 227.6705 | group: 1.8710 | tree: 5.2329 | total: 2.1770
[New] Epoch 657/1000 | classify: 1.9125 | conc: 0.0008 | consistency: 0.4798 | polarity: 2.3691 | monodec: 0.0000 | rule: 232.3721 | group: 1.7096 | tree: 5.2087 | total: 2.0336
[New] Epoch 658/1000 | classify: 1.9791 | conc: 0.0007 | consistency: 0.4798 | polarity: 2.3749 | monodec: 0.0000 | rule: 237.6184 | group: 1.7766 | tree: 5.2352 | total: 2.1029
[New] Epoch 659/1000 | classify: 1.8832 | conc: 0.0009 | consistency: 0.4798 | polarity: 2.3917 | monodec: 0.0000 | rule: 234.4685 | group: 1.7372 | tree: 5.0969 | total: 2.0054
[New] Epoch 660/1000 | classify: 2.1414 | conc: 0.0009 | consistency: 0.4799 | polarity: 2.4648 | monodec: 0.0000 | rule: 219.2530 | group: 1.8212 | tree: 5.4295 | total: 2.2564
--- 验证集 [epoch 660] ---
  准确率 (Accuracy):  0.7603
  精确率 (Precision): 0.5816
  召回率 (Recall):    0.6233
  F1 分数 (F1):       0.5958
[New] Epoch 661/1000 | classify: 2.1221 | conc: 0.0008 | consistency: 0.4745 | polarity: 2.4257 | monodec: 0.0000 | rule: 218.8089 | group: 1.8075 | tree: 5.1760 | total: 2.2365
[New] Epoch 662/1000 | classify: 2.0842 | conc: 0.0009 | consistency: 0.4799 | polarity: 2.4591 | monodec: 0.0000 | rule: 231.8002 | group: 1.7703 | tree: 5.1067 | total: 2.2052
[New] Epoch 663/1000 | classify: 2.1478 | conc: 0.0008 | consistency: 0.4799 | polarity: 2.4480 | monodec: 0.0000 | rule: 213.4070 | group: 1.8575 | tree: 5.4639 | total: 2.2597
[New] Epoch 664/1000 | classify: 2.0013 | conc: 0.0005 | consistency: 0.4745 | polarity: 2.3188 | monodec: 0.0000 | rule: 207.7038 | group: 1.7127 | tree: 5.2105 | total: 2.1098
[New] Epoch 665/1000 | classify: 2.0965 | conc: 0.0004 | consistency: 0.4744 | polarity: 2.4253 | monodec: 0.0000 | rule: 242.1031 | group: 1.7601 | tree: 5.0958 | total: 2.2222
[New] Epoch 666/1000 | classify: 2.0638 | conc: 0.0010 | consistency: 0.4745 | polarity: 2.4030 | monodec: 0.0000 | rule: 226.7610 | group: 1.7601 | tree: 5.3260 | total: 2.1825
[New] Epoch 667/1000 | classify: 1.9920 | conc: 0.0008 | consistency: 0.4797 | polarity: 2.3746 | monodec: 0.0000 | rule: 215.6848 | group: 1.7645 | tree: 5.2269 | total: 2.1048
[New] Epoch 668/1000 | classify: 2.0566 | conc: 0.0009 | consistency: 0.4799 | polarity: 2.4423 | monodec: 0.0000 | rule: 237.3719 | group: 1.8423 | tree: 5.2216 | total: 2.1804
[New] Epoch 669/1000 | classify: 1.9608 | conc: 0.0006 | consistency: 0.4799 | polarity: 2.4144 | monodec: 0.0000 | rule: 221.7861 | group: 1.7771 | tree: 5.2662 | total: 2.0765
[New] Epoch 670/1000 | classify: 2.3153 | conc: 0.0007 | consistency: 0.4745 | polarity: 2.4816 | monodec: 0.0000 | rule: 212.4267 | group: 1.8592 | tree: 5.2785 | total: 2.4265
--- 验证集 [epoch 670] ---
  准确率 (Accuracy):  0.7603
  精确率 (Precision): 0.5684
  召回率 (Recall):    0.6075
  F1 分数 (F1):       0.5843
[New] Epoch 671/1000 | classify: 2.0459 | conc: 0.0008 | consistency: 0.4744 | polarity: 2.4365 | monodec: 0.0000 | rule: 215.0769 | group: 1.7617 | tree: 5.2960 | total: 2.1586
[New] Epoch 672/1000 | classify: 1.9799 | conc: 0.0006 | consistency: 0.4798 | polarity: 2.4197 | monodec: 0.0000 | rule: 239.7687 | group: 1.7870 | tree: 5.3700 | total: 2.1047
[New] Epoch 673/1000 | classify: 1.8012 | conc: 0.0006 | consistency: 0.4798 | polarity: 2.2794 | monodec: 0.0000 | rule: 196.3393 | group: 1.6532 | tree: 4.8828 | total: 1.9040
[New] Epoch 674/1000 | classify: 2.2137 | conc: 0.0007 | consistency: 0.4797 | polarity: 2.4927 | monodec: 0.0000 | rule: 243.1147 | group: 1.8118 | tree: 5.2173 | total: 2.3402
[New] Epoch 675/1000 | classify: 2.0568 | conc: 0.0010 | consistency: 0.4798 | polarity: 2.4422 | monodec: 0.0000 | rule: 226.0936 | group: 1.7636 | tree: 5.1570 | total: 2.1751
[New] Epoch 676/1000 | classify: 2.0367 | conc: 0.0007 | consistency: 0.4799 | polarity: 2.3807 | monodec: 0.0000 | rule: 208.1848 | group: 1.7081 | tree: 5.0232 | total: 2.1455
[New] Epoch 677/1000 | classify: 2.1321 | conc: 0.0007 | consistency: 0.4798 | polarity: 2.4310 | monodec: 0.0000 | rule: 220.0083 | group: 1.8486 | tree: 5.5885 | total: 2.2472
[New] Epoch 678/1000 | classify: 1.9589 | conc: 0.0004 | consistency: 0.4744 | polarity: 2.3581 | monodec: 0.0000 | rule: 231.4115 | group: 1.6881 | tree: 4.9757 | total: 2.0790
[New] Epoch 679/1000 | classify: 1.9226 | conc: 0.0008 | consistency: 0.4798 | polarity: 2.3747 | monodec: 0.0000 | rule: 199.6682 | group: 1.7377 | tree: 5.1575 | total: 2.0274
[New] Epoch 680/1000 | classify: 1.8288 | conc: 0.0004 | consistency: 0.4796 | polarity: 2.3017 | monodec: 0.0000 | rule: 223.0411 | group: 1.6922 | tree: 4.6376 | total: 1.9446
--- 验证集 [epoch 680] ---
  准确率 (Accuracy):  0.7466
  精确率 (Precision): 0.6117
  召回率 (Recall):    0.5990
  F1 分数 (F1):       0.5967
[New] Epoch 681/1000 | classify: 1.9185 | conc: 0.0005 | consistency: 0.4745 | polarity: 2.4311 | monodec: 0.0000 | rule: 207.2687 | group: 1.7693 | tree: 5.0824 | total: 2.0268
[New] Epoch 682/1000 | classify: 2.0224 | conc: 0.0008 | consistency: 0.4799 | polarity: 2.4143 | monodec: 0.0000 | rule: 234.2249 | group: 1.7581 | tree: 5.0799 | total: 2.1444
[New] Epoch 683/1000 | classify: 2.1239 | conc: 0.0009 | consistency: 0.4799 | polarity: 2.4481 | monodec: 0.0000 | rule: 228.3072 | group: 1.7878 | tree: 5.3204 | total: 2.2432
[New] Epoch 684/1000 | classify: 2.0200 | conc: 0.0009 | consistency: 0.4799 | polarity: 2.4144 | monodec: 0.0000 | rule: 224.4570 | group: 1.7932 | tree: 5.3576 | total: 2.1374
[New] Epoch 685/1000 | classify: 1.8778 | conc: 0.0009 | consistency: 0.4744 | polarity: 2.4253 | monodec: 0.0000 | rule: 235.7060 | group: 1.8130 | tree: 5.1322 | total: 2.0007
[New] Epoch 686/1000 | classify: 1.9741 | conc: 0.0005 | consistency: 0.4798 | polarity: 2.3579 | monodec: 0.0000 | rule: 228.2953 | group: 1.7400 | tree: 4.9021 | total: 2.0928
[New] Epoch 687/1000 | classify: 2.1018 | conc: 0.0007 | consistency: 0.4798 | polarity: 2.4535 | monodec: 0.0000 | rule: 228.1438 | group: 1.7603 | tree: 5.3225 | total: 2.2209
[New] Epoch 688/1000 | classify: 2.0183 | conc: 0.0006 | consistency: 0.4692 | polarity: 2.3808 | monodec: 0.0000 | rule: 237.3945 | group: 1.7025 | tree: 4.8605 | total: 2.1416
[New] Epoch 689/1000 | classify: 2.0897 | conc: 0.0010 | consistency: 0.4799 | polarity: 2.4760 | monodec: 0.0000 | rule: 227.8954 | group: 1.8464 | tree: 5.2711 | total: 2.2090
[New] Epoch 690/1000 | classify: 1.8726 | conc: 0.0008 | consistency: 0.4799 | polarity: 2.3974 | monodec: 0.0000 | rule: 237.3803 | group: 1.8067 | tree: 5.3642 | total: 1.9964
--- 验证集 [epoch 690] ---
  准确率 (Accuracy):  0.7603
  精确率 (Precision): 0.5794
  召回率 (Recall):    0.6177
  F1 分数 (F1):       0.5926
[New] Epoch 691/1000 | classify: 2.0500 | conc: 0.0006 | consistency: 0.4798 | polarity: 2.3915 | monodec: 0.0000 | rule: 224.6643 | group: 1.7519 | tree: 5.0152 | total: 2.1671
[New] Epoch 692/1000 | classify: 1.9807 | conc: 0.0007 | consistency: 0.4797 | polarity: 2.3355 | monodec: 0.0000 | rule: 252.7856 | group: 1.6760 | tree: 5.0683 | total: 2.1119
[New] Epoch 693/1000 | classify: 1.9435 | conc: 0.0007 | consistency: 0.4798 | polarity: 2.3974 | monodec: 0.0000 | rule: 244.5831 | group: 1.7769 | tree: 5.1429 | total: 2.0707
[New] Epoch 694/1000 | classify: 1.9598 | conc: 0.0006 | consistency: 0.4798 | polarity: 2.3581 | monodec: 0.0000 | rule: 215.4333 | group: 1.8420 | tree: 5.1727 | total: 2.0724
[New] Epoch 695/1000 | classify: 1.9697 | conc: 0.0006 | consistency: 0.4799 | polarity: 2.3582 | monodec: 0.0000 | rule: 236.2822 | group: 1.7144 | tree: 4.9945 | total: 2.0924
[New] Epoch 696/1000 | classify: 1.9255 | conc: 0.0007 | consistency: 0.4798 | polarity: 2.3637 | monodec: 0.0000 | rule: 239.4121 | group: 1.7353 | tree: 5.0162 | total: 2.0500
[New] Epoch 697/1000 | classify: 2.1320 | conc: 0.0010 | consistency: 0.4799 | polarity: 2.4368 | monodec: 0.0000 | rule: 234.8212 | group: 1.8164 | tree: 5.4208 | total: 2.2548
[New] Epoch 698/1000 | classify: 1.9804 | conc: 0.0009 | consistency: 0.4799 | polarity: 2.4425 | monodec: 0.0000 | rule: 236.4341 | group: 1.8322 | tree: 5.4744 | total: 2.1038
[New] Epoch 699/1000 | classify: 2.0514 | conc: 0.0008 | consistency: 0.4799 | polarity: 2.3920 | monodec: 0.0000 | rule: 229.6427 | group: 1.7557 | tree: 5.0853 | total: 2.1711
[New] Epoch 700/1000 | classify: 2.1176 | conc: 0.0008 | consistency: 0.4744 | polarity: 2.4816 | monodec: 0.0000 | rule: 231.9441 | group: 1.7925 | tree: 5.3259 | total: 2.2387
--- 验证集 [epoch 700] ---
  准确率 (Accuracy):  0.7740
  精确率 (Precision): 0.5929
  召回率 (Recall):    0.6372
  F1 分数 (F1):       0.6116
✅ 模型已保存到 /home/kudouzala/Application/ion_detect/output/trained_model_save/exp_new_g/trained_model_epoch_700.pth
📁 损失值已保存到 /home/kudouzala/Application/ion_detect/output/trained_model_save/exp_new_g/training_loss_epoch_700.csv
[New] Epoch 701/1000 | classify: 2.0627 | conc: 0.0005 | consistency: 0.4799 | polarity: 2.4368 | monodec: 0.0000 | rule: 222.4714 | group: 1.7796 | tree: 5.0519 | total: 2.1786
[New] Epoch 702/1000 | classify: 1.7423 | conc: 0.0007 | consistency: 0.4798 | polarity: 2.3019 | monodec: 0.0000 | rule: 240.2228 | group: 1.6862 | tree: 4.9865 | total: 1.8672
[New] Epoch 703/1000 | classify: 2.0730 | conc: 0.0007 | consistency: 0.4798 | polarity: 2.4029 | monodec: 0.0000 | rule: 231.3170 | group: 1.7343 | tree: 5.1376 | total: 2.1935
[New] Epoch 704/1000 | classify: 1.9722 | conc: 0.0008 | consistency: 0.4798 | polarity: 2.4087 | monodec: 0.0000 | rule: 233.4020 | group: 1.7690 | tree: 5.2039 | total: 2.0939
[New] Epoch 705/1000 | classify: 1.9837 | conc: 0.0007 | consistency: 0.4745 | polarity: 2.4480 | monodec: 0.0000 | rule: 223.0405 | group: 1.7865 | tree: 5.2735 | total: 2.1002
[New] Epoch 706/1000 | classify: 2.0830 | conc: 0.0009 | consistency: 0.4799 | polarity: 2.4875 | monodec: 0.0000 | rule: 248.3771 | group: 1.8044 | tree: 5.2583 | total: 2.2123
[New] Epoch 707/1000 | classify: 2.0772 | conc: 0.0007 | consistency: 0.4799 | polarity: 2.4312 | monodec: 0.0000 | rule: 237.1997 | group: 1.7585 | tree: 5.3588 | total: 2.2007
[New] Epoch 708/1000 | classify: 2.0806 | conc: 0.0008 | consistency: 0.4799 | polarity: 2.4425 | monodec: 0.0000 | rule: 215.8188 | group: 1.7899 | tree: 5.1822 | total: 2.1935
[New] Epoch 709/1000 | classify: 1.9007 | conc: 0.0007 | consistency: 0.4798 | polarity: 2.3694 | monodec: 0.0000 | rule: 226.8774 | group: 1.7471 | tree: 5.2200 | total: 2.0190
[New] Epoch 710/1000 | classify: 1.9404 | conc: 0.0007 | consistency: 0.4799 | polarity: 2.3695 | monodec: 0.0000 | rule: 244.9181 | group: 1.7178 | tree: 5.0796 | total: 2.0677
--- 验证集 [epoch 710] ---
  准确率 (Accuracy):  0.7740
  精确率 (Precision): 0.7448
  召回率 (Recall):    0.6493
  F1 分数 (F1):       0.6455
[New] Epoch 711/1000 | classify: 2.0979 | conc: 0.0007 | consistency: 0.4799 | polarity: 2.4258 | monodec: 0.0000 | rule: 255.1648 | group: 1.7451 | tree: 5.1769 | total: 2.2304
[New] Epoch 712/1000 | classify: 1.9185 | conc: 0.0006 | consistency: 0.4799 | polarity: 2.3863 | monodec: 0.0000 | rule: 217.5222 | group: 1.7974 | tree: 5.1201 | total: 2.0320
[New] Epoch 713/1000 | classify: 1.9631 | conc: 0.0011 | consistency: 0.4799 | polarity: 2.4762 | monodec: 0.0000 | rule: 218.6811 | group: 1.8443 | tree: 5.4906 | total: 2.0779
[New] Epoch 714/1000 | classify: 2.0330 | conc: 0.0007 | consistency: 0.4799 | polarity: 2.4090 | monodec: 0.0000 | rule: 248.5173 | group: 1.7730 | tree: 5.0616 | total: 2.1621
[New] Epoch 715/1000 | classify: 1.9739 | conc: 0.0006 | consistency: 0.4745 | polarity: 2.3413 | monodec: 0.0000 | rule: 212.7237 | group: 1.7124 | tree: 4.9319 | total: 2.0849
[New] Epoch 716/1000 | classify: 1.9867 | conc: 0.0007 | consistency: 0.4799 | polarity: 2.4033 | monodec: 0.0000 | rule: 227.5192 | group: 1.7605 | tree: 5.2700 | total: 2.1054
[New] Epoch 717/1000 | classify: 2.0968 | conc: 0.0008 | consistency: 0.4746 | polarity: 2.4427 | monodec: 0.0000 | rule: 241.8116 | group: 1.7972 | tree: 5.2182 | total: 2.2227
[New] Epoch 718/1000 | classify: 1.9958 | conc: 0.0007 | consistency: 0.4799 | polarity: 2.3919 | monodec: 0.0000 | rule: 242.7457 | group: 1.7573 | tree: 5.4080 | total: 2.1222
[New] Epoch 719/1000 | classify: 2.0300 | conc: 0.0009 | consistency: 0.4745 | polarity: 2.4538 | monodec: 0.0000 | rule: 234.3593 | group: 1.8589 | tree: 5.3486 | total: 2.1524
[New] Epoch 720/1000 | classify: 2.0242 | conc: 0.0009 | consistency: 0.4798 | polarity: 2.4031 | monodec: 0.0000 | rule: 207.7579 | group: 1.7595 | tree: 5.0224 | total: 2.1331
--- 验证集 [epoch 720] ---
  准确率 (Accuracy):  0.7260
  精确率 (Precision): 0.5420
  召回率 (Recall):    0.5680
  F1 分数 (F1):       0.5481
[New] Epoch 721/1000 | classify: 2.0470 | conc: 0.0007 | consistency: 0.4799 | polarity: 2.4313 | monodec: 0.0000 | rule: 219.2035 | group: 1.8264 | tree: 5.3325 | total: 2.1616
[New] Epoch 722/1000 | classify: 1.9237 | conc: 0.0005 | consistency: 0.4799 | polarity: 2.3920 | monodec: 0.0000 | rule: 192.9257 | group: 1.7764 | tree: 5.0353 | total: 2.0249
[New] Epoch 723/1000 | classify: 1.8936 | conc: 0.0005 | consistency: 0.4744 | polarity: 2.3356 | monodec: 0.0000 | rule: 238.9282 | group: 1.6953 | tree: 5.1351 | total: 2.0177
[New] Epoch 724/1000 | classify: 1.9610 | conc: 0.0008 | consistency: 0.4799 | polarity: 2.4370 | monodec: 0.0000 | rule: 239.7079 | group: 1.7921 | tree: 5.3886 | total: 2.0860
[New] Epoch 725/1000 | classify: 1.8531 | conc: 0.0005 | consistency: 0.4799 | polarity: 2.3525 | monodec: 0.0000 | rule: 245.8686 | group: 1.7360 | tree: 5.0955 | total: 1.9806
[New] Epoch 726/1000 | classify: 1.9474 | conc: 0.0008 | consistency: 0.4798 | polarity: 2.3976 | monodec: 0.0000 | rule: 242.4352 | group: 1.7610 | tree: 4.9638 | total: 2.0735
[New] Epoch 727/1000 | classify: 1.9321 | conc: 0.0007 | consistency: 0.4799 | polarity: 2.4031 | monodec: 0.0000 | rule: 231.1555 | group: 1.8156 | tree: 5.1957 | total: 2.0527
[New] Epoch 728/1000 | classify: 1.9078 | conc: 0.0009 | consistency: 0.4798 | polarity: 2.4031 | monodec: 0.0000 | rule: 205.0468 | group: 1.7611 | tree: 5.0845 | total: 2.0154
[New] Epoch 729/1000 | classify: 2.0765 | conc: 0.0003 | consistency: 0.4744 | polarity: 2.3470 | monodec: 0.0000 | rule: 224.2165 | group: 1.6773 | tree: 4.7180 | total: 2.1929
[New] Epoch 730/1000 | classify: 1.9528 | conc: 0.0005 | consistency: 0.4798 | polarity: 2.3862 | monodec: 0.0000 | rule: 250.2852 | group: 1.7415 | tree: 5.2251 | total: 2.0826
--- 验证集 [epoch 730] ---
  准确率 (Accuracy):  0.7466
  精确率 (Precision): 0.5598
  召回率 (Recall):    0.5939
  F1 分数 (F1):       0.5707
[New] Epoch 731/1000 | classify: 1.8907 | conc: 0.0006 | consistency: 0.4798 | polarity: 2.3750 | monodec: 0.0000 | rule: 222.4198 | group: 1.7022 | tree: 4.8930 | total: 2.0065
[New] Epoch 732/1000 | classify: 1.9388 | conc: 0.0007 | consistency: 0.4799 | polarity: 2.3921 | monodec: 0.0000 | rule: 220.8692 | group: 1.7864 | tree: 5.0772 | total: 2.0541
[New] Epoch 733/1000 | classify: 1.7796 | conc: 0.0008 | consistency: 0.4798 | polarity: 2.3805 | monodec: 0.0000 | rule: 230.7733 | group: 1.8141 | tree: 5.2322 | total: 1.9000
[New] Epoch 734/1000 | classify: 1.8818 | conc: 0.0006 | consistency: 0.4798 | polarity: 2.3862 | monodec: 0.0000 | rule: 256.0915 | group: 1.7463 | tree: 5.1747 | total: 2.0146
[New] Epoch 735/1000 | classify: 1.9185 | conc: 0.0013 | consistency: 0.4799 | polarity: 2.4424 | monodec: 0.0000 | rule: 233.2344 | group: 1.7864 | tree: 5.2518 | total: 2.0406
[New] Epoch 736/1000 | classify: 2.1341 | conc: 0.0007 | consistency: 0.4798 | polarity: 2.4201 | monodec: 0.0000 | rule: 237.8952 | group: 1.8032 | tree: 5.0643 | total: 2.2578
[New] Epoch 737/1000 | classify: 2.0007 | conc: 0.0007 | consistency: 0.4799 | polarity: 2.4088 | monodec: 0.0000 | rule: 224.7930 | group: 1.7821 | tree: 5.2694 | total: 2.1181
[New] Epoch 738/1000 | classify: 1.8546 | conc: 0.0006 | consistency: 0.4744 | polarity: 2.3413 | monodec: 0.0000 | rule: 231.7291 | group: 1.7242 | tree: 5.0055 | total: 1.9751
[New] Epoch 739/1000 | classify: 1.8401 | conc: 0.0004 | consistency: 0.4797 | polarity: 2.3019 | monodec: 0.0000 | rule: 218.1317 | group: 1.6731 | tree: 4.9055 | total: 1.9535
[New] Epoch 740/1000 | classify: 2.0635 | conc: 0.0009 | consistency: 0.4798 | polarity: 2.4537 | monodec: 0.0000 | rule: 245.2733 | group: 1.8697 | tree: 5.2765 | total: 2.1913
--- 验证集 [epoch 740] ---
  准确率 (Accuracy):  0.7740
  精确率 (Precision): 0.6038
  召回率 (Recall):    0.6372
  F1 分数 (F1):       0.6140
[New] Epoch 741/1000 | classify: 1.9189 | conc: 0.0011 | consistency: 0.4799 | polarity: 2.4089 | monodec: 0.0000 | rule: 229.3161 | group: 1.8103 | tree: 5.1231 | total: 2.0389
[New] Epoch 742/1000 | classify: 1.7747 | conc: 0.0007 | consistency: 0.4798 | polarity: 2.3525 | monodec: 0.0000 | rule: 200.3584 | group: 1.7595 | tree: 5.1039 | total: 1.8797
[New] Epoch 743/1000 | classify: 2.0371 | conc: 0.0007 | consistency: 0.4798 | polarity: 2.4030 | monodec: 0.0000 | rule: 232.5223 | group: 1.7671 | tree: 5.4225 | total: 2.1584
[New] Epoch 744/1000 | classify: 1.9625 | conc: 0.0008 | consistency: 0.4798 | polarity: 2.4141 | monodec: 0.0000 | rule: 211.5365 | group: 1.7871 | tree: 5.3220 | total: 2.0733
[New] Epoch 745/1000 | classify: 1.9096 | conc: 0.0007 | consistency: 0.4798 | polarity: 2.4144 | monodec: 0.0000 | rule: 219.0792 | group: 1.7967 | tree: 5.0891 | total: 2.0240
[New] Epoch 746/1000 | classify: 1.9150 | conc: 0.0006 | consistency: 0.4798 | polarity: 2.3637 | monodec: 0.0000 | rule: 226.0352 | group: 1.7313 | tree: 5.0659 | total: 2.0327
[New] Epoch 747/1000 | classify: 2.1934 | conc: 0.0008 | consistency: 0.4799 | polarity: 2.4762 | monodec: 0.0000 | rule: 225.6880 | group: 1.8597 | tree: 5.3344 | total: 2.3114
[New] Epoch 748/1000 | classify: 1.8984 | conc: 0.0005 | consistency: 0.4799 | polarity: 2.3358 | monodec: 0.0000 | rule: 233.5036 | group: 1.6880 | tree: 5.0818 | total: 2.0198
[New] Epoch 749/1000 | classify: 2.0042 | conc: 0.0006 | consistency: 0.4744 | polarity: 2.4311 | monodec: 0.0000 | rule: 231.2886 | group: 1.7862 | tree: 5.3693 | total: 2.1248
[New] Epoch 750/1000 | classify: 1.8231 | conc: 0.0006 | consistency: 0.4744 | polarity: 2.4199 | monodec: 0.0000 | rule: 237.8341 | group: 1.8286 | tree: 5.4274 | total: 1.9470
--- 验证集 [epoch 750] ---
  准确率 (Accuracy):  0.7466
  精确率 (Precision): 0.5484
  召回率 (Recall):    0.6046
  F1 分数 (F1):       0.5695
✅ 模型已保存到 /home/kudouzala/Application/ion_detect/output/trained_model_save/exp_new_g/trained_model_epoch_750.pth
📁 损失值已保存到 /home/kudouzala/Application/ion_detect/output/trained_model_save/exp_new_g/training_loss_epoch_750.csv
[New] Epoch 751/1000 | classify: 2.0180 | conc: 0.0005 | consistency: 0.4799 | polarity: 2.4089 | monodec: 0.0000 | rule: 218.2089 | group: 1.8024 | tree: 5.1977 | total: 2.1318
[New] Epoch 752/1000 | classify: 2.0698 | conc: 0.0005 | consistency: 0.4799 | polarity: 2.3640 | monodec: 0.0000 | rule: 212.4977 | group: 1.6920 | tree: 4.9367 | total: 2.1806
[New] Epoch 753/1000 | classify: 1.9238 | conc: 0.0008 | consistency: 0.4799 | polarity: 2.3022 | monodec: 0.0000 | rule: 237.1548 | group: 1.6447 | tree: 4.8577 | total: 2.0471
[New] Epoch 754/1000 | classify: 2.0720 | conc: 0.0007 | consistency: 0.4799 | polarity: 2.3865 | monodec: 0.0000 | rule: 232.9307 | group: 1.7473 | tree: 5.4117 | total: 2.1934
[New] Epoch 755/1000 | classify: 2.1204 | conc: 0.0008 | consistency: 0.4799 | polarity: 2.5044 | monodec: 0.0000 | rule: 203.8107 | group: 1.8687 | tree: 5.6654 | total: 2.2277
[New] Epoch 756/1000 | classify: 1.8666 | conc: 0.0005 | consistency: 0.4799 | polarity: 2.3303 | monodec: 0.0000 | rule: 222.1903 | group: 1.7070 | tree: 5.1704 | total: 1.9824
[New] Epoch 757/1000 | classify: 2.0927 | conc: 0.0006 | consistency: 0.4745 | polarity: 2.3866 | monodec: 0.0000 | rule: 228.2039 | group: 1.7671 | tree: 5.1567 | total: 2.2115
[New] Epoch 758/1000 | classify: 1.9815 | conc: 0.0005 | consistency: 0.4800 | polarity: 2.3697 | monodec: 0.0000 | rule: 236.9064 | group: 1.7496 | tree: 5.0967 | total: 2.1046
[New] Epoch 759/1000 | classify: 1.9375 | conc: 0.0008 | consistency: 0.4799 | polarity: 2.4087 | monodec: 0.0000 | rule: 213.7310 | group: 1.7855 | tree: 5.2197 | total: 2.0494
[New] Epoch 760/1000 | classify: 1.8234 | conc: 0.0006 | consistency: 0.4798 | polarity: 2.3359 | monodec: 0.0000 | rule: 237.0768 | group: 1.7542 | tree: 4.9068 | total: 1.9466
--- 验证集 [epoch 760] ---
  准确率 (Accuracy):  0.7397
  精确率 (Precision): 0.6330
  召回率 (Recall):    0.5879
  F1 分数 (F1):       0.5937
[New] Epoch 761/1000 | classify: 2.0265 | conc: 0.0007 | consistency: 0.4799 | polarity: 2.4144 | monodec: 0.0000 | rule: 221.6916 | group: 1.7468 | tree: 5.0086 | total: 2.1422
[New] Epoch 762/1000 | classify: 1.9497 | conc: 0.0005 | consistency: 0.4744 | polarity: 2.3974 | monodec: 0.0000 | rule: 219.8513 | group: 1.7731 | tree: 5.2130 | total: 2.0643
[New] Epoch 763/1000 | classify: 1.9926 | conc: 0.0006 | consistency: 0.4799 | polarity: 2.3753 | monodec: 0.0000 | rule: 237.0668 | group: 1.7640 | tree: 5.1094 | total: 2.1159
[New] Epoch 764/1000 | classify: 1.9347 | conc: 0.0007 | consistency: 0.4799 | polarity: 2.3416 | monodec: 0.0000 | rule: 232.9040 | group: 1.6882 | tree: 4.9148 | total: 2.0558
[New] Epoch 765/1000 | classify: 1.8727 | conc: 0.0007 | consistency: 0.4799 | polarity: 2.3864 | monodec: 0.0000 | rule: 224.5999 | group: 1.7427 | tree: 5.0735 | total: 1.9898
[New] Epoch 766/1000 | classify: 1.9339 | conc: 0.0009 | consistency: 0.4745 | polarity: 2.4089 | monodec: 0.0000 | rule: 226.6423 | group: 1.7676 | tree: 5.3556 | total: 2.0524
[New] Epoch 767/1000 | classify: 1.8829 | conc: 0.0007 | consistency: 0.4798 | polarity: 2.3694 | monodec: 0.0000 | rule: 210.5243 | group: 1.7583 | tree: 5.0476 | total: 1.9929
[New] Epoch 768/1000 | classify: 1.6889 | conc: 0.0009 | consistency: 0.4744 | polarity: 2.2852 | monodec: 0.0000 | rule: 227.1160 | group: 1.6264 | tree: 4.6327 | total: 1.8071
[New] Epoch 769/1000 | classify: 1.7965 | conc: 0.0008 | consistency: 0.4799 | polarity: 2.3863 | monodec: 0.0000 | rule: 198.9127 | group: 1.7303 | tree: 5.0684 | total: 1.9009
[New] Epoch 770/1000 | classify: 1.9357 | conc: 0.0005 | consistency: 0.4798 | polarity: 2.3750 | monodec: 0.0000 | rule: 228.6447 | group: 1.7636 | tree: 5.3734 | total: 2.0549
--- 验证集 [epoch 770] ---
  准确率 (Accuracy):  0.7603
  精确率 (Precision): 0.5964
  召回率 (Recall):    0.6075
  F1 分数 (F1):       0.5979
[New] Epoch 771/1000 | classify: 1.8693 | conc: 0.0010 | consistency: 0.4745 | polarity: 2.4426 | monodec: 0.0000 | rule: 227.9936 | group: 1.7717 | tree: 5.2451 | total: 1.9885
[New] Epoch 772/1000 | classify: 1.8815 | conc: 0.0008 | consistency: 0.4799 | polarity: 2.3919 | monodec: 0.0000 | rule: 250.6914 | group: 1.7428 | tree: 5.0818 | total: 2.0118
[New] Epoch 773/1000 | classify: 2.0726 | conc: 0.0009 | consistency: 0.4798 | polarity: 2.4649 | monodec: 0.0000 | rule: 237.4389 | group: 1.8207 | tree: 5.3862 | total: 2.1965
[New] Epoch 774/1000 | classify: 1.9756 | conc: 0.0006 | consistency: 0.4745 | polarity: 2.3976 | monodec: 0.0000 | rule: 219.3778 | group: 1.7607 | tree: 5.0593 | total: 2.0901
[New] Epoch 775/1000 | classify: 2.0256 | conc: 0.0007 | consistency: 0.4799 | polarity: 2.4313 | monodec: 0.0000 | rule: 257.9548 | group: 1.7982 | tree: 5.2884 | total: 2.1595
[New] Epoch 776/1000 | classify: 2.0242 | conc: 0.0007 | consistency: 0.4799 | polarity: 2.3866 | monodec: 0.0000 | rule: 245.9053 | group: 1.7454 | tree: 5.1542 | total: 2.1520
[New] Epoch 777/1000 | classify: 1.9173 | conc: 0.0006 | consistency: 0.4800 | polarity: 2.3977 | monodec: 0.0000 | rule: 226.6456 | group: 1.8043 | tree: 5.2600 | total: 2.0355
[New] Epoch 778/1000 | classify: 2.0070 | conc: 0.0007 | consistency: 0.4799 | polarity: 2.4426 | monodec: 0.0000 | rule: 247.2316 | group: 1.8945 | tree: 5.4826 | total: 2.1358
[New] Epoch 779/1000 | classify: 2.0071 | conc: 0.0006 | consistency: 0.4799 | polarity: 2.4090 | monodec: 0.0000 | rule: 229.6034 | group: 1.7782 | tree: 5.0967 | total: 2.1267
[New] Epoch 780/1000 | classify: 2.0348 | conc: 0.0006 | consistency: 0.4799 | polarity: 2.4483 | monodec: 0.0000 | rule: 242.7134 | group: 1.8348 | tree: 5.3395 | total: 2.1610
--- 验证集 [epoch 780] ---
  准确率 (Accuracy):  0.7603
  精确率 (Precision): 0.5655
  召回率 (Recall):    0.6134
  F1 分数 (F1):       0.5818
[New] Epoch 781/1000 | classify: 1.8697 | conc: 0.0007 | consistency: 0.4799 | polarity: 2.3471 | monodec: 0.0000 | rule: 231.9945 | group: 1.7905 | tree: 5.0098 | total: 1.9905
[New] Epoch 782/1000 | classify: 1.9160 | conc: 0.0010 | consistency: 0.4799 | polarity: 2.4145 | monodec: 0.0000 | rule: 205.8148 | group: 1.8197 | tree: 5.2027 | total: 2.0241
[New] Epoch 783/1000 | classify: 2.1789 | conc: 0.0008 | consistency: 0.4745 | polarity: 2.4314 | monodec: 0.0000 | rule: 224.4645 | group: 1.8224 | tree: 5.2266 | total: 2.2961
[New] Epoch 784/1000 | classify: 1.8389 | conc: 0.0005 | consistency: 0.4799 | polarity: 2.3638 | monodec: 0.0000 | rule: 213.9753 | group: 1.7331 | tree: 5.0364 | total: 1.9505
[New] Epoch 785/1000 | classify: 2.1513 | conc: 0.0006 | consistency: 0.4798 | polarity: 2.4482 | monodec: 0.0000 | rule: 242.0527 | group: 1.8176 | tree: 5.2735 | total: 2.2772
[New] Epoch 786/1000 | classify: 1.9353 | conc: 0.0005 | consistency: 0.4744 | polarity: 2.3581 | monodec: 0.0000 | rule: 225.3471 | group: 1.7471 | tree: 4.9352 | total: 2.0525
[New] Epoch 787/1000 | classify: 1.9265 | conc: 0.0007 | consistency: 0.4798 | polarity: 2.4255 | monodec: 0.0000 | rule: 234.0428 | group: 1.7727 | tree: 5.2823 | total: 2.0485
[New] Epoch 788/1000 | classify: 1.9787 | conc: 0.0006 | consistency: 0.4745 | polarity: 2.4034 | monodec: 0.0000 | rule: 218.5621 | group: 1.7347 | tree: 5.2250 | total: 2.0928
[New] Epoch 789/1000 | classify: 2.1015 | conc: 0.0008 | consistency: 0.4746 | polarity: 2.4146 | monodec: 0.0000 | rule: 236.1223 | group: 1.7711 | tree: 5.1243 | total: 2.2245
[New] Epoch 790/1000 | classify: 2.0953 | conc: 0.0009 | consistency: 0.4800 | polarity: 2.4596 | monodec: 0.0000 | rule: 211.2083 | group: 1.7999 | tree: 5.3307 | total: 2.2062
--- 验证集 [epoch 790] ---
  准确率 (Accuracy):  0.7534
  精确率 (Precision): 0.5706
  召回率 (Recall):    0.6311
  F1 分数 (F1):       0.5947
[New] Epoch 791/1000 | classify: 1.9657 | conc: 0.0005 | consistency: 0.4800 | polarity: 2.3923 | monodec: 0.0000 | rule: 226.0699 | group: 1.7636 | tree: 5.0814 | total: 2.0834
[New] Epoch 792/1000 | classify: 1.8234 | conc: 0.0008 | consistency: 0.4799 | polarity: 2.3696 | monodec: 0.0000 | rule: 224.8997 | group: 1.7449 | tree: 5.1175 | total: 1.9408
[New] Epoch 793/1000 | classify: 1.8839 | conc: 0.0008 | consistency: 0.4799 | polarity: 2.4088 | monodec: 0.0000 | rule: 229.1409 | group: 1.8120 | tree: 5.4109 | total: 2.0037
[New] Epoch 794/1000 | classify: 2.0390 | conc: 0.0007 | consistency: 0.4798 | polarity: 2.4705 | monodec: 0.0000 | rule: 228.7704 | group: 1.8600 | tree: 5.4624 | total: 2.1584
[New] Epoch 795/1000 | classify: 2.0468 | conc: 0.0006 | consistency: 0.4800 | polarity: 2.4429 | monodec: 0.0000 | rule: 225.0464 | group: 1.7972 | tree: 5.1204 | total: 2.1641
[New] Epoch 796/1000 | classify: 2.0205 | conc: 0.0008 | consistency: 0.4799 | polarity: 2.4426 | monodec: 0.0000 | rule: 223.9587 | group: 1.7528 | tree: 5.1332 | total: 2.1374
[New] Epoch 797/1000 | classify: 1.9684 | conc: 0.0008 | consistency: 0.4799 | polarity: 2.4370 | monodec: 0.0000 | rule: 209.8916 | group: 1.8122 | tree: 5.0790 | total: 2.0783
[New] Epoch 798/1000 | classify: 1.8304 | conc: 0.0005 | consistency: 0.4798 | polarity: 2.3247 | monodec: 0.0000 | rule: 236.2190 | group: 1.6992 | tree: 5.0306 | total: 1.9531
[New] Epoch 799/1000 | classify: 1.8645 | conc: 0.0005 | consistency: 0.4799 | polarity: 2.3304 | monodec: 0.0000 | rule: 202.9831 | group: 1.6668 | tree: 4.7747 | total: 1.9704
[New] Epoch 800/1000 | classify: 1.9590 | conc: 0.0006 | consistency: 0.4799 | polarity: 2.3809 | monodec: 0.0000 | rule: 214.0098 | group: 1.7117 | tree: 5.0616 | total: 2.0708
--- 验证集 [epoch 800] ---
  准确率 (Accuracy):  0.7466
  精确率 (Precision): 0.6183
  召回率 (Recall):    0.5888
  F1 分数 (F1):       0.5923
✅ 模型已保存到 /home/kudouzala/Application/ion_detect/output/trained_model_save/exp_new_g/trained_model_epoch_800.pth
📁 损失值已保存到 /home/kudouzala/Application/ion_detect/output/trained_model_save/exp_new_g/training_loss_epoch_800.csv
[New] Epoch 801/1000 | classify: 2.0152 | conc: 0.0006 | consistency: 0.4745 | polarity: 2.4370 | monodec: 0.0000 | rule: 248.9050 | group: 1.7580 | tree: 5.1773 | total: 2.1445
[New] Epoch 802/1000 | classify: 1.9028 | conc: 0.0007 | consistency: 0.4745 | polarity: 2.4258 | monodec: 0.0000 | rule: 232.2687 | group: 1.7700 | tree: 5.1603 | total: 2.0238
[New] Epoch 803/1000 | classify: 1.9475 | conc: 0.0008 | consistency: 0.4800 | polarity: 2.4091 | monodec: 0.0000 | rule: 248.6174 | group: 1.7807 | tree: 5.3040 | total: 2.0769
[New] Epoch 804/1000 | classify: 1.9086 | conc: 0.0008 | consistency: 0.4800 | polarity: 2.4033 | monodec: 0.0000 | rule: 221.6968 | group: 1.8240 | tree: 5.3668 | total: 2.0246
[New] Epoch 805/1000 | classify: 1.8697 | conc: 0.0008 | consistency: 0.4799 | polarity: 2.4145 | monodec: 0.0000 | rule: 224.0584 | group: 1.7981 | tree: 5.1073 | total: 1.9867
[New] Epoch 806/1000 | classify: 1.9523 | conc: 0.0008 | consistency: 0.4746 | polarity: 2.4316 | monodec: 0.0000 | rule: 238.5705 | group: 1.7893 | tree: 5.2907 | total: 2.0767
[New] Epoch 807/1000 | classify: 1.9253 | conc: 0.0008 | consistency: 0.4800 | polarity: 2.3978 | monodec: 0.0000 | rule: 209.1396 | group: 1.7907 | tree: 5.2031 | total: 2.0349
[New] Epoch 808/1000 | classify: 1.9555 | conc: 0.0009 | consistency: 0.4746 | polarity: 2.3977 | monodec: 0.0000 | rule: 220.0722 | group: 1.7809 | tree: 5.2566 | total: 2.0707
[New] Epoch 809/1000 | classify: 2.0491 | conc: 0.0010 | consistency: 0.4799 | polarity: 2.4595 | monodec: 0.0000 | rule: 239.1584 | group: 1.8877 | tree: 5.4433 | total: 2.1741
[New] Epoch 810/1000 | classify: 1.9938 | conc: 0.0004 | consistency: 0.4800 | polarity: 2.3697 | monodec: 0.0000 | rule: 232.3863 | group: 1.7124 | tree: 4.9077 | total: 2.1144
--- 验证集 [epoch 810] ---
  准确率 (Accuracy):  0.7671
  精确率 (Precision): 0.5887
  召回率 (Recall):    0.6253
  F1 分数 (F1):       0.6046
[New] Epoch 811/1000 | classify: 1.9418 | conc: 0.0004 | consistency: 0.4745 | polarity: 2.4203 | monodec: 0.0000 | rule: 229.6000 | group: 1.7971 | tree: 5.3585 | total: 2.0613
[New] Epoch 812/1000 | classify: 1.8126 | conc: 0.0004 | consistency: 0.4799 | polarity: 2.2967 | monodec: 0.0000 | rule: 217.3701 | group: 1.6892 | tree: 4.8164 | total: 1.9256
[New] Epoch 813/1000 | classify: 1.8051 | conc: 0.0005 | consistency: 0.4799 | polarity: 2.3697 | monodec: 0.0000 | rule: 220.3256 | group: 1.7271 | tree: 5.0180 | total: 1.9199
[New] Epoch 814/1000 | classify: 1.9512 | conc: 0.0004 | consistency: 0.4799 | polarity: 2.3921 | monodec: 0.0000 | rule: 243.2631 | group: 1.7554 | tree: 5.1587 | total: 2.0775
[New] Epoch 815/1000 | classify: 2.0769 | conc: 0.0008 | consistency: 0.4799 | polarity: 2.4651 | monodec: 0.0000 | rule: 227.6944 | group: 1.8053 | tree: 5.2994 | total: 2.1959
[New] Epoch 816/1000 | classify: 2.0801 | conc: 0.0006 | consistency: 0.4799 | polarity: 2.4091 | monodec: 0.0000 | rule: 241.5026 | group: 1.7829 | tree: 5.0427 | total: 2.2056
[New] Epoch 817/1000 | classify: 1.9840 | conc: 0.0004 | consistency: 0.4746 | polarity: 2.3754 | monodec: 0.0000 | rule: 237.9223 | group: 1.7112 | tree: 5.0464 | total: 2.1075
[New] Epoch 818/1000 | classify: 2.0021 | conc: 0.0009 | consistency: 0.4800 | polarity: 2.4540 | monodec: 0.0000 | rule: 221.5731 | group: 1.8372 | tree: 5.4546 | total: 2.1182
[New] Epoch 819/1000 | classify: 1.8859 | conc: 0.0006 | consistency: 0.4800 | polarity: 2.3529 | monodec: 0.0000 | rule: 229.8984 | group: 1.7038 | tree: 4.9604 | total: 2.0055
[New] Epoch 820/1000 | classify: 1.9273 | conc: 0.0006 | consistency: 0.4799 | polarity: 2.3641 | monodec: 0.0000 | rule: 216.7295 | group: 1.7487 | tree: 5.0723 | total: 2.0404
--- 验证集 [epoch 820] ---
  准确率 (Accuracy):  0.7671
  精确率 (Precision): 0.5803
  召回率 (Recall):    0.6253
  F1 分数 (F1):       0.6002
[New] Epoch 821/1000 | classify: 1.9982 | conc: 0.0006 | consistency: 0.4800 | polarity: 2.4428 | monodec: 0.0000 | rule: 223.0243 | group: 1.8062 | tree: 5.2744 | total: 2.1146
[New] Epoch 822/1000 | classify: 1.9225 | conc: 0.0010 | consistency: 0.4745 | polarity: 2.4425 | monodec: 0.0000 | rule: 230.0103 | group: 1.7801 | tree: 5.4435 | total: 2.0429
[New] Epoch 823/1000 | classify: 2.0624 | conc: 0.0007 | consistency: 0.4799 | polarity: 2.4259 | monodec: 0.0000 | rule: 226.2446 | group: 1.7891 | tree: 5.3567 | total: 2.1806
[New] Epoch 824/1000 | classify: 1.9309 | conc: 0.0008 | consistency: 0.4799 | polarity: 2.4315 | monodec: 0.0000 | rule: 226.3410 | group: 1.8087 | tree: 5.4965 | total: 2.0492
[New] Epoch 825/1000 | classify: 1.9448 | conc: 0.0008 | consistency: 0.4799 | polarity: 2.3864 | monodec: 0.0000 | rule: 228.6536 | group: 1.7678 | tree: 5.2265 | total: 2.0641
[New] Epoch 826/1000 | classify: 1.9103 | conc: 0.0005 | consistency: 0.4799 | polarity: 2.3752 | monodec: 0.0000 | rule: 219.7948 | group: 1.7171 | tree: 5.1327 | total: 2.0249
[New] Epoch 827/1000 | classify: 2.0329 | conc: 0.0006 | consistency: 0.4799 | polarity: 2.3698 | monodec: 0.0000 | rule: 232.1753 | group: 1.7055 | tree: 4.9365 | total: 2.1536
[New] Epoch 828/1000 | classify: 2.0463 | conc: 0.0007 | consistency: 0.4800 | polarity: 2.4315 | monodec: 0.0000 | rule: 229.5614 | group: 1.7889 | tree: 5.2946 | total: 2.1660
[New] Epoch 829/1000 | classify: 1.9768 | conc: 0.0006 | consistency: 0.4745 | polarity: 2.4483 | monodec: 0.0000 | rule: 230.9285 | group: 1.8292 | tree: 5.4288 | total: 2.0972
[New] Epoch 830/1000 | classify: 1.7235 | conc: 0.0006 | consistency: 0.4691 | polarity: 2.3247 | monodec: 0.0000 | rule: 245.2199 | group: 1.6795 | tree: 4.8379 | total: 1.8507
--- 验证集 [epoch 830] ---
  准确率 (Accuracy):  0.7534
  精确率 (Precision): 0.5572
  召回率 (Recall):    0.5956
  F1 分数 (F1):       0.5726
[New] Epoch 831/1000 | classify: 1.9984 | conc: 0.0010 | consistency: 0.4799 | polarity: 2.3977 | monodec: 0.0000 | rule: 219.3351 | group: 1.7741 | tree: 4.9571 | total: 2.1131
[New] Epoch 832/1000 | classify: 1.9702 | conc: 0.0011 | consistency: 0.4799 | polarity: 2.4258 | monodec: 0.0000 | rule: 216.0963 | group: 1.7730 | tree: 5.1501 | total: 2.0836
[New] Epoch 833/1000 | classify: 1.9323 | conc: 0.0009 | consistency: 0.4745 | polarity: 2.4090 | monodec: 0.0000 | rule: 217.7751 | group: 1.7969 | tree: 5.1476 | total: 2.0463
[New] Epoch 834/1000 | classify: 1.8157 | conc: 0.0006 | consistency: 0.4799 | polarity: 2.3360 | monodec: 0.0000 | rule: 224.5897 | group: 1.7447 | tree: 5.0666 | total: 1.9328
[New] Epoch 835/1000 | classify: 1.9738 | conc: 0.0005 | consistency: 0.4745 | polarity: 2.3978 | monodec: 0.0000 | rule: 219.4300 | group: 1.7267 | tree: 4.9912 | total: 2.0881
[New] Epoch 836/1000 | classify: 1.8618 | conc: 0.0007 | consistency: 0.4745 | polarity: 2.3809 | monodec: 0.0000 | rule: 228.2283 | group: 1.7541 | tree: 5.0579 | total: 1.9807
[New] Epoch 837/1000 | classify: 1.9568 | conc: 0.0008 | consistency: 0.4799 | polarity: 2.4146 | monodec: 0.0000 | rule: 228.0338 | group: 1.7660 | tree: 5.0674 | total: 2.0757
[New] Epoch 838/1000 | classify: 1.8578 | conc: 0.0007 | consistency: 0.4746 | polarity: 2.4820 | monodec: 0.0000 | rule: 216.4119 | group: 1.8980 | tree: 5.3015 | total: 1.9710
[New] Epoch 839/1000 | classify: 1.8431 | conc: 0.0006 | consistency: 0.4799 | polarity: 2.3584 | monodec: 0.0000 | rule: 249.0175 | group: 1.7093 | tree: 5.0193 | total: 1.9723
[New] Epoch 840/1000 | classify: 2.0514 | conc: 0.0007 | consistency: 0.4745 | polarity: 2.4034 | monodec: 0.0000 | rule: 213.9367 | group: 1.7933 | tree: 5.1164 | total: 2.1632
--- 验证集 [epoch 840] ---
  准确率 (Accuracy):  0.7397
  精确率 (Precision): 0.5746
  召回率 (Recall):    0.5820
  F1 分数 (F1):       0.5700
[New] Epoch 841/1000 | classify: 1.8812 | conc: 0.0006 | consistency: 0.4799 | polarity: 2.4201 | monodec: 0.0000 | rule: 242.4641 | group: 1.8480 | tree: 5.2854 | total: 2.0073
[New] Epoch 842/1000 | classify: 1.9906 | conc: 0.0008 | consistency: 0.4799 | polarity: 2.4485 | monodec: 0.0000 | rule: 226.7567 | group: 1.7752 | tree: 5.2006 | total: 2.1091
[New] Epoch 843/1000 | classify: 2.0112 | conc: 0.0008 | consistency: 0.4799 | polarity: 2.4313 | monodec: 0.0000 | rule: 228.8831 | group: 1.8390 | tree: 5.3139 | total: 2.1307
[New] Epoch 844/1000 | classify: 1.9079 | conc: 0.0008 | consistency: 0.4798 | polarity: 2.4143 | monodec: 0.0000 | rule: 237.0371 | group: 1.8018 | tree: 5.2710 | total: 2.0315
[New] Epoch 845/1000 | classify: 1.9650 | conc: 0.0008 | consistency: 0.4798 | polarity: 2.4931 | monodec: 0.0000 | rule: 227.1511 | group: 1.8426 | tree: 5.3902 | total: 2.0837
[New] Epoch 846/1000 | classify: 2.0006 | conc: 0.0006 | consistency: 0.4799 | polarity: 2.4146 | monodec: 0.0000 | rule: 232.0538 | group: 1.7904 | tree: 5.1966 | total: 2.1215
[New] Epoch 847/1000 | classify: 1.8859 | conc: 0.0006 | consistency: 0.4799 | polarity: 2.3697 | monodec: 0.0000 | rule: 229.8210 | group: 1.7186 | tree: 5.1530 | total: 2.0056
[New] Epoch 848/1000 | classify: 1.8082 | conc: 0.0005 | consistency: 0.4798 | polarity: 2.3527 | monodec: 0.0000 | rule: 234.0705 | group: 1.7088 | tree: 5.0443 | total: 1.9299
[New] Epoch 849/1000 | classify: 1.9977 | conc: 0.0007 | consistency: 0.4799 | polarity: 2.4427 | monodec: 0.0000 | rule: 231.1244 | group: 1.8223 | tree: 5.3903 | total: 2.1183
[New] Epoch 850/1000 | classify: 1.9118 | conc: 0.0011 | consistency: 0.4799 | polarity: 2.4257 | monodec: 0.0000 | rule: 251.9255 | group: 1.7875 | tree: 5.3120 | total: 2.0431
--- 验证集 [epoch 850] ---
  准确率 (Accuracy):  0.7603
  精确率 (Precision): 0.5789
  召回率 (Recall):    0.6134
  F1 分数 (F1):       0.5928
✅ 模型已保存到 /home/kudouzala/Application/ion_detect/output/trained_model_save/exp_new_g/trained_model_epoch_850.pth
📁 损失值已保存到 /home/kudouzala/Application/ion_detect/output/trained_model_save/exp_new_g/training_loss_epoch_850.csv
[New] Epoch 851/1000 | classify: 1.7997 | conc: 0.0007 | consistency: 0.4799 | polarity: 2.3134 | monodec: 0.0000 | rule: 219.5891 | group: 1.7080 | tree: 5.1043 | total: 1.9144
[New] Epoch 852/1000 | classify: 1.8362 | conc: 0.0009 | consistency: 0.4799 | polarity: 2.4145 | monodec: 0.0000 | rule: 232.6992 | group: 1.7911 | tree: 5.2771 | total: 1.9576
[New] Epoch 853/1000 | classify: 1.9416 | conc: 0.0009 | consistency: 0.4799 | polarity: 2.4371 | monodec: 0.0000 | rule: 219.7479 | group: 1.8070 | tree: 5.1504 | total: 2.0566
[New] Epoch 854/1000 | classify: 1.8909 | conc: 0.0006 | consistency: 0.4799 | polarity: 2.3976 | monodec: 0.0000 | rule: 228.7016 | group: 1.7452 | tree: 5.1235 | total: 2.0100
[New] Epoch 855/1000 | classify: 1.9255 | conc: 0.0008 | consistency: 0.4745 | polarity: 2.4426 | monodec: 0.0000 | rule: 212.3915 | group: 1.8270 | tree: 5.4813 | total: 2.0369
[New] Epoch 856/1000 | classify: 1.8740 | conc: 0.0007 | consistency: 0.4799 | polarity: 2.3754 | monodec: 0.0000 | rule: 235.9382 | group: 1.7842 | tree: 5.3542 | total: 1.9970
[New] Epoch 857/1000 | classify: 2.0551 | conc: 0.0008 | consistency: 0.4799 | polarity: 2.5101 | monodec: 0.0000 | rule: 223.0203 | group: 1.8444 | tree: 5.2952 | total: 2.1717
[New] Epoch 858/1000 | classify: 1.8529 | conc: 0.0006 | consistency: 0.4799 | polarity: 2.4033 | monodec: 0.0000 | rule: 233.7753 | group: 1.8055 | tree: 5.4208 | total: 1.9746
[New] Epoch 859/1000 | classify: 1.9126 | conc: 0.0006 | consistency: 0.4799 | polarity: 2.4259 | monodec: 0.0000 | rule: 223.1562 | group: 1.7987 | tree: 5.1241 | total: 2.0290
[New] Epoch 860/1000 | classify: 1.8887 | conc: 0.0007 | consistency: 0.4799 | polarity: 2.4202 | monodec: 0.0000 | rule: 226.3884 | group: 1.7970 | tree: 5.0537 | total: 2.0067
--- 验证集 [epoch 860] ---
  准确率 (Accuracy):  0.7466
  精确率 (Precision): 0.5819
  召回率 (Recall):    0.5939
  F1 分数 (F1):       0.5804
[New] Epoch 861/1000 | classify: 2.1718 | conc: 0.0006 | consistency: 0.4799 | polarity: 2.4653 | monodec: 0.0000 | rule: 214.5978 | group: 1.7827 | tree: 5.4636 | total: 2.2840
[New] Epoch 862/1000 | classify: 1.8312 | conc: 0.0006 | consistency: 0.4800 | polarity: 2.3697 | monodec: 0.0000 | rule: 215.1901 | group: 1.7418 | tree: 5.0941 | total: 1.9436
[New] Epoch 863/1000 | classify: 1.8665 | conc: 0.0007 | consistency: 0.4799 | polarity: 2.3416 | monodec: 0.0000 | rule: 238.1368 | group: 1.7132 | tree: 5.1880 | total: 1.9904
[New] Epoch 864/1000 | classify: 1.9629 | conc: 0.0006 | consistency: 0.4799 | polarity: 2.3977 | monodec: 0.0000 | rule: 215.8389 | group: 1.7755 | tree: 5.1678 | total: 2.0757
[New] Epoch 865/1000 | classify: 1.9901 | conc: 0.0007 | consistency: 0.4799 | polarity: 2.4653 | monodec: 0.0000 | rule: 222.0591 | group: 1.8505 | tree: 5.4674 | total: 2.1062
[New] Epoch 866/1000 | classify: 1.7833 | conc: 0.0006 | consistency: 0.4799 | polarity: 2.3417 | monodec: 0.0000 | rule: 205.8816 | group: 1.7124 | tree: 4.8518 | total: 1.8908
[New] Epoch 867/1000 | classify: 1.9653 | conc: 0.0006 | consistency: 0.4799 | polarity: 2.3808 | monodec: 0.0000 | rule: 216.6098 | group: 1.7020 | tree: 5.1155 | total: 2.0783
[New] Epoch 868/1000 | classify: 1.7881 | conc: 0.0004 | consistency: 0.4799 | polarity: 2.3416 | monodec: 0.0000 | rule: 230.5345 | group: 1.6956 | tree: 5.0247 | total: 1.9078
[New] Epoch 869/1000 | classify: 1.9495 | conc: 0.0006 | consistency: 0.4799 | polarity: 2.3754 | monodec: 0.0000 | rule: 213.5323 | group: 1.7452 | tree: 5.1900 | total: 2.0610
[New] Epoch 870/1000 | classify: 1.9512 | conc: 0.0008 | consistency: 0.4745 | polarity: 2.4314 | monodec: 0.0000 | rule: 213.9419 | group: 1.7910 | tree: 5.0871 | total: 2.0632
--- 验证集 [epoch 870] ---
  准确率 (Accuracy):  0.7808
  精确率 (Precision): 0.6160
  召回率 (Recall):    0.6491
  F1 分数 (F1):       0.6298
[New] Epoch 871/1000 | classify: 2.0511 | conc: 0.0009 | consistency: 0.4745 | polarity: 2.4653 | monodec: 0.0000 | rule: 229.5593 | group: 1.7937 | tree: 5.2928 | total: 2.1710
[New] Epoch 872/1000 | classify: 2.0858 | conc: 0.0008 | consistency: 0.4800 | polarity: 2.4428 | monodec: 0.0000 | rule: 210.1072 | group: 1.8318 | tree: 5.2089 | total: 2.1959
[New] Epoch 873/1000 | classify: 1.7369 | conc: 0.0005 | consistency: 0.4745 | polarity: 2.3134 | monodec: 0.0000 | rule: 221.1687 | group: 1.6758 | tree: 4.8884 | total: 1.8519
[New] Epoch 874/1000 | classify: 1.9308 | conc: 0.0006 | consistency: 0.4799 | polarity: 2.4539 | monodec: 0.0000 | rule: 205.8328 | group: 1.7928 | tree: 5.3024 | total: 2.0386
[New] Epoch 875/1000 | classify: 1.9225 | conc: 0.0007 | consistency: 0.4745 | polarity: 2.4876 | monodec: 0.0000 | rule: 239.7190 | group: 1.8363 | tree: 5.4362 | total: 2.0475
[New] Epoch 876/1000 | classify: 1.9062 | conc: 0.0009 | consistency: 0.4799 | polarity: 2.4482 | monodec: 0.0000 | rule: 226.0352 | group: 1.8227 | tree: 5.1304 | total: 2.0243
[New] Epoch 877/1000 | classify: 1.7125 | conc: 0.0008 | consistency: 0.4799 | polarity: 2.3583 | monodec: 0.0000 | rule: 231.0440 | group: 1.7711 | tree: 5.0431 | total: 1.8329
[New] Epoch 878/1000 | classify: 1.9235 | conc: 0.0009 | consistency: 0.4799 | polarity: 2.4258 | monodec: 0.0000 | rule: 212.0583 | group: 1.8025 | tree: 5.1221 | total: 2.0346
[New] Epoch 879/1000 | classify: 1.9232 | conc: 0.0007 | consistency: 0.4799 | polarity: 2.4372 | monodec: 0.0000 | rule: 240.4056 | group: 1.7428 | tree: 5.2587 | total: 2.0483
[New] Epoch 880/1000 | classify: 1.8767 | conc: 0.0007 | consistency: 0.4799 | polarity: 2.3921 | monodec: 0.0000 | rule: 231.4213 | group: 1.8097 | tree: 5.3220 | total: 1.9974
--- 验证集 [epoch 880] ---
  准确率 (Accuracy):  0.7740
  精确率 (Precision): 0.5968
  召回率 (Recall):    0.6372
  F1 分数 (F1):       0.6140
[New] Epoch 881/1000 | classify: 1.8787 | conc: 0.0009 | consistency: 0.4745 | polarity: 2.4538 | monodec: 0.0000 | rule: 251.7228 | group: 1.7924 | tree: 5.2858 | total: 2.0097
[New] Epoch 882/1000 | classify: 1.8712 | conc: 0.0004 | consistency: 0.4799 | polarity: 2.3696 | monodec: 0.0000 | rule: 221.9380 | group: 1.7570 | tree: 5.1119 | total: 1.9867
[New] Epoch 883/1000 | classify: 1.9093 | conc: 0.0006 | consistency: 0.4799 | polarity: 2.4483 | monodec: 0.0000 | rule: 216.0387 | group: 1.8566 | tree: 5.3180 | total: 2.0223
[New] Epoch 884/1000 | classify: 2.0874 | conc: 0.0007 | consistency: 0.4745 | polarity: 2.4203 | monodec: 0.0000 | rule: 209.9287 | group: 1.8068 | tree: 4.9676 | total: 2.1971
[New] Epoch 885/1000 | classify: 1.8746 | conc: 0.0010 | consistency: 0.4799 | polarity: 2.4483 | monodec: 0.0000 | rule: 231.3730 | group: 1.7908 | tree: 5.1760 | total: 1.9955
[New] Epoch 886/1000 | classify: 1.8987 | conc: 0.0006 | consistency: 0.4799 | polarity: 2.3978 | monodec: 0.0000 | rule: 232.7592 | group: 1.7621 | tree: 5.3159 | total: 2.0200
[New] Epoch 887/1000 | classify: 1.9172 | conc: 0.0006 | consistency: 0.4799 | polarity: 2.3866 | monodec: 0.0000 | rule: 226.0706 | group: 1.7372 | tree: 5.0423 | total: 2.0350
[New] Epoch 888/1000 | classify: 1.8799 | conc: 0.0006 | consistency: 0.4800 | polarity: 2.3698 | monodec: 0.0000 | rule: 210.7146 | group: 1.6887 | tree: 4.9575 | total: 1.9899
[New] Epoch 889/1000 | classify: 2.1003 | conc: 0.0006 | consistency: 0.4799 | polarity: 2.4202 | monodec: 0.0000 | rule: 226.2938 | group: 1.7686 | tree: 4.9711 | total: 2.2182
[New] Epoch 890/1000 | classify: 1.9990 | conc: 0.0007 | consistency: 0.4799 | polarity: 2.3865 | monodec: 0.0000 | rule: 209.8291 | group: 1.7650 | tree: 5.2966 | total: 2.1088
--- 验证集 [epoch 890] ---
  准确率 (Accuracy):  0.7740
  精确率 (Precision): 0.5956
  召回率 (Recall):    0.6372
  F1 分数 (F1):       0.6132
[New] Epoch 891/1000 | classify: 1.9152 | conc: 0.0003 | consistency: 0.4799 | polarity: 2.3472 | monodec: 0.0000 | rule: 223.4052 | group: 1.7268 | tree: 5.0959 | total: 2.0313
[New] Epoch 892/1000 | classify: 1.9166 | conc: 0.0006 | consistency: 0.4799 | polarity: 2.4034 | monodec: 0.0000 | rule: 231.2082 | group: 1.7586 | tree: 5.3101 | total: 2.0371
[New] Epoch 893/1000 | classify: 1.7738 | conc: 0.0006 | consistency: 0.4799 | polarity: 2.3921 | monodec: 0.0000 | rule: 230.0922 | group: 1.7174 | tree: 5.0691 | total: 1.8936
[New] Epoch 894/1000 | classify: 1.8839 | conc: 0.0008 | consistency: 0.4799 | polarity: 2.4201 | monodec: 0.0000 | rule: 198.5663 | group: 1.8058 | tree: 5.1662 | total: 1.9881
[New] Epoch 895/1000 | classify: 1.9323 | conc: 0.0006 | consistency: 0.4798 | polarity: 2.3246 | monodec: 0.0000 | rule: 214.1398 | group: 1.7109 | tree: 5.0369 | total: 2.0441
[New] Epoch 896/1000 | classify: 1.8567 | conc: 0.0004 | consistency: 0.4745 | polarity: 2.3584 | monodec: 0.0000 | rule: 224.7960 | group: 1.7116 | tree: 5.0250 | total: 1.9736
[New] Epoch 897/1000 | classify: 1.9111 | conc: 0.0006 | consistency: 0.4799 | polarity: 2.3698 | monodec: 0.0000 | rule: 206.1166 | group: 1.6966 | tree: 5.1683 | total: 2.0188
[New] Epoch 898/1000 | classify: 1.9522 | conc: 0.0008 | consistency: 0.4799 | polarity: 2.4260 | monodec: 0.0000 | rule: 225.2159 | group: 1.7731 | tree: 5.1777 | total: 2.0698
[New] Epoch 899/1000 | classify: 1.9633 | conc: 0.0007 | consistency: 0.4799 | polarity: 2.4146 | monodec: 0.0000 | rule: 217.1689 | group: 1.8245 | tree: 5.3632 | total: 2.0769
[New] Epoch 900/1000 | classify: 1.9225 | conc: 0.0006 | consistency: 0.4799 | polarity: 2.4484 | monodec: 0.0000 | rule: 217.0488 | group: 1.8207 | tree: 5.4184 | total: 2.0359
--- 验证集 [epoch 900] ---
  准确率 (Accuracy):  0.7671
  精确率 (Precision): 0.5918
  召回率 (Recall):    0.6352
  F1 分数 (F1):       0.6097
✅ 模型已保存到 /home/kudouzala/Application/ion_detect/output/trained_model_save/exp_new_g/trained_model_epoch_900.pth
📁 损失值已保存到 /home/kudouzala/Application/ion_detect/output/trained_model_save/exp_new_g/training_loss_epoch_900.csv
[New] Epoch 901/1000 | classify: 1.8272 | conc: 0.0006 | consistency: 0.4799 | polarity: 2.3586 | monodec: 0.0000 | rule: 242.7169 | group: 1.7749 | tree: 5.2270 | total: 1.9533
[New] Epoch 902/1000 | classify: 1.9571 | conc: 0.0006 | consistency: 0.4746 | polarity: 2.4091 | monodec: 0.0000 | rule: 240.2522 | group: 1.7642 | tree: 5.0757 | total: 2.0820
[New] Epoch 903/1000 | classify: 2.0224 | conc: 0.0008 | consistency: 0.4799 | polarity: 2.4652 | monodec: 0.0000 | rule: 224.7314 | group: 1.7800 | tree: 5.3184 | total: 2.1398
[New] Epoch 904/1000 | classify: 1.8157 | conc: 0.0009 | consistency: 0.4799 | polarity: 2.4145 | monodec: 0.0000 | rule: 222.4279 | group: 1.8221 | tree: 5.3216 | total: 1.9321
[New] Epoch 905/1000 | classify: 1.9163 | conc: 0.0007 | consistency: 0.4799 | polarity: 2.4145 | monodec: 0.0000 | rule: 232.3266 | group: 1.7933 | tree: 5.2315 | total: 2.0374
[New] Epoch 906/1000 | classify: 1.9179 | conc: 0.0006 | consistency: 0.4745 | polarity: 2.3529 | monodec: 0.0000 | rule: 217.7384 | group: 1.7212 | tree: 5.1205 | total: 2.0315
[New] Epoch 907/1000 | classify: 1.8709 | conc: 0.0006 | consistency: 0.4799 | polarity: 2.3641 | monodec: 0.0000 | rule: 241.0352 | group: 1.7184 | tree: 5.2368 | total: 1.9962
[New] Epoch 908/1000 | classify: 1.9745 | conc: 0.0009 | consistency: 0.4799 | polarity: 2.4203 | monodec: 0.0000 | rule: 224.6107 | group: 1.7910 | tree: 5.2558 | total: 2.0920
[New] Epoch 909/1000 | classify: 1.8069 | conc: 0.0005 | consistency: 0.4800 | polarity: 2.3306 | monodec: 0.0000 | rule: 221.8666 | group: 1.6903 | tree: 4.8526 | total: 1.9223
[New] Epoch 910/1000 | classify: 1.9960 | conc: 0.0008 | consistency: 0.4746 | polarity: 2.4596 | monodec: 0.0000 | rule: 239.0311 | group: 1.7704 | tree: 5.2097 | total: 2.1206
--- 验证集 [epoch 910] ---
  准确率 (Accuracy):  0.7740
  精确率 (Precision): 0.6116
  召回率 (Recall):    0.6474
  F1 分数 (F1):       0.6222
[New] Epoch 911/1000 | classify: 1.9359 | conc: 0.0005 | consistency: 0.4800 | polarity: 2.4148 | monodec: 0.0000 | rule: 213.4853 | group: 1.7526 | tree: 5.1089 | total: 2.0474
[New] Epoch 912/1000 | classify: 1.7151 | conc: 0.0007 | consistency: 0.4799 | polarity: 2.3360 | monodec: 0.0000 | rule: 216.2056 | group: 1.7315 | tree: 5.0644 | total: 1.8280
[New] Epoch 913/1000 | classify: 1.9254 | conc: 0.0006 | consistency: 0.4745 | polarity: 2.4202 | monodec: 0.0000 | rule: 243.8382 | group: 1.7451 | tree: 5.2355 | total: 2.0522
[New] Epoch 914/1000 | classify: 1.8693 | conc: 0.0007 | consistency: 0.4745 | polarity: 2.3864 | monodec: 0.0000 | rule: 244.5267 | group: 1.7477 | tree: 5.1554 | total: 1.9964
[New] Epoch 915/1000 | classify: 1.8582 | conc: 0.0005 | consistency: 0.4799 | polarity: 2.3528 | monodec: 0.0000 | rule: 223.0149 | group: 1.7354 | tree: 5.1224 | total: 1.9743
[New] Epoch 916/1000 | classify: 1.9251 | conc: 0.0009 | consistency: 0.4745 | polarity: 2.4090 | monodec: 0.0000 | rule: 225.5247 | group: 1.7911 | tree: 5.4110 | total: 2.0432
[New] Epoch 917/1000 | classify: 1.8299 | conc: 0.0006 | consistency: 0.4799 | polarity: 2.3977 | monodec: 0.0000 | rule: 234.1085 | group: 1.7702 | tree: 5.1405 | total: 1.9518
[New] Epoch 918/1000 | classify: 1.8766 | conc: 0.0007 | consistency: 0.4799 | polarity: 2.3641 | monodec: 0.0000 | rule: 212.4588 | group: 1.7264 | tree: 5.1352 | total: 1.9877
[New] Epoch 919/1000 | classify: 1.8798 | conc: 0.0007 | consistency: 0.4798 | polarity: 2.3919 | monodec: 0.0000 | rule: 220.4819 | group: 1.7314 | tree: 5.1158 | total: 1.9949
[New] Epoch 920/1000 | classify: 1.9018 | conc: 0.0006 | consistency: 0.4798 | polarity: 2.4089 | monodec: 0.0000 | rule: 222.1885 | group: 1.7449 | tree: 5.1688 | total: 2.0177
--- 验证集 [epoch 920] ---
  准确率 (Accuracy):  0.7671
  精确率 (Precision): 0.5803
  召回率 (Recall):    0.6253
  F1 分数 (F1):       0.6002
[New] Epoch 921/1000 | classify: 1.7924 | conc: 0.0006 | consistency: 0.4798 | polarity: 2.3471 | monodec: 0.0000 | rule: 206.4552 | group: 1.6868 | tree: 4.9912 | total: 1.9002
[New] Epoch 922/1000 | classify: 1.8378 | conc: 0.0008 | consistency: 0.4798 | polarity: 2.4033 | monodec: 0.0000 | rule: 235.9937 | group: 1.7352 | tree: 5.0830 | total: 1.9607
[New] Epoch 923/1000 | classify: 1.9145 | conc: 0.0009 | consistency: 0.4798 | polarity: 2.4819 | monodec: 0.0000 | rule: 240.6284 | group: 1.8379 | tree: 5.3274 | total: 2.0399
[New] Epoch 924/1000 | classify: 1.8769 | conc: 0.0005 | consistency: 0.4798 | polarity: 2.3977 | monodec: 0.0000 | rule: 204.1176 | group: 1.7591 | tree: 5.1031 | total: 1.9836
[New] Epoch 925/1000 | classify: 1.9856 | conc: 0.0011 | consistency: 0.4799 | polarity: 2.4707 | monodec: 0.0000 | rule: 225.1995 | group: 1.8326 | tree: 5.2927 | total: 2.1035
[New] Epoch 926/1000 | classify: 2.0860 | conc: 0.0007 | consistency: 0.4799 | polarity: 2.4316 | monodec: 0.0000 | rule: 219.8070 | group: 1.8063 | tree: 5.1905 | total: 2.2008
[New] Epoch 927/1000 | classify: 1.9471 | conc: 0.0007 | consistency: 0.4745 | polarity: 2.4260 | monodec: 0.0000 | rule: 228.7431 | group: 1.8059 | tree: 5.3109 | total: 2.0664
[New] Epoch 928/1000 | classify: 1.9279 | conc: 0.0005 | consistency: 0.4745 | polarity: 2.4147 | monodec: 0.0000 | rule: 225.3938 | group: 1.7723 | tree: 5.2542 | total: 2.0454
[New] Epoch 929/1000 | classify: 1.9959 | conc: 0.0007 | consistency: 0.4799 | polarity: 2.4541 | monodec: 0.0000 | rule: 247.0028 | group: 1.7773 | tree: 5.2522 | total: 2.1243
[New] Epoch 930/1000 | classify: 1.9212 | conc: 0.0008 | consistency: 0.4800 | polarity: 2.4596 | monodec: 0.0000 | rule: 243.1706 | group: 1.9328 | tree: 5.4521 | total: 2.0480
--- 验证集 [epoch 930] ---
  准确率 (Accuracy):  0.7740
  精确率 (Precision): 0.5912
  召回率 (Recall):    0.6313
  F1 分数 (F1):       0.6078
[New] Epoch 931/1000 | classify: 1.8503 | conc: 0.0007 | consistency: 0.4799 | polarity: 2.4034 | monodec: 0.0000 | rule: 227.6400 | group: 1.7866 | tree: 4.9809 | total: 1.9689
[New] Epoch 932/1000 | classify: 1.8925 | conc: 0.0008 | consistency: 0.4799 | polarity: 2.4258 | monodec: 0.0000 | rule: 243.5785 | group: 1.7800 | tree: 5.2685 | total: 2.0194
[New] Epoch 933/1000 | classify: 1.8724 | conc: 0.0008 | consistency: 0.4799 | polarity: 2.3809 | monodec: 0.0000 | rule: 247.4090 | group: 1.7678 | tree: 5.1702 | total: 2.0011
[New] Epoch 934/1000 | classify: 1.8867 | conc: 0.0007 | consistency: 0.4745 | polarity: 2.3641 | monodec: 0.0000 | rule: 214.7924 | group: 1.7310 | tree: 5.0485 | total: 1.9988
[New] Epoch 935/1000 | classify: 1.8702 | conc: 0.0005 | consistency: 0.4799 | polarity: 2.3305 | monodec: 0.0000 | rule: 243.6034 | group: 1.7418 | tree: 5.0099 | total: 1.9967
[New] Epoch 936/1000 | classify: 1.8415 | conc: 0.0006 | consistency: 0.4799 | polarity: 2.3697 | monodec: 0.0000 | rule: 227.8905 | group: 1.7781 | tree: 5.0317 | total: 1.9601
[New] Epoch 937/1000 | classify: 1.7809 | conc: 0.0008 | consistency: 0.4799 | polarity: 2.3191 | monodec: 0.0000 | rule: 192.8088 | group: 1.6751 | tree: 5.1742 | total: 1.8822
[New] Epoch 938/1000 | classify: 1.8750 | conc: 0.0005 | consistency: 0.4799 | polarity: 2.4314 | monodec: 0.0000 | rule: 215.2138 | group: 1.7887 | tree: 5.2052 | total: 1.9874
[New] Epoch 939/1000 | classify: 1.8939 | conc: 0.0006 | consistency: 0.4799 | polarity: 2.3136 | monodec: 0.0000 | rule: 230.0905 | group: 1.7030 | tree: 4.8555 | total: 2.0135
[New] Epoch 940/1000 | classify: 2.0451 | conc: 0.0007 | consistency: 0.4745 | polarity: 2.4540 | monodec: 0.0000 | rule: 235.2655 | group: 1.7820 | tree: 5.4002 | total: 2.1677
--- 验证集 [epoch 940] ---
  准确率 (Accuracy):  0.7808
  精确率 (Precision): 0.6060
  召回率 (Recall):    0.6491
  F1 分数 (F1):       0.6240
[New] Epoch 941/1000 | classify: 1.8449 | conc: 0.0007 | consistency: 0.4799 | polarity: 2.4034 | monodec: 0.0000 | rule: 237.7849 | group: 1.7872 | tree: 5.2299 | total: 1.9687
[New] Epoch 942/1000 | classify: 2.0483 | conc: 0.0010 | consistency: 0.4799 | polarity: 2.4484 | monodec: 0.0000 | rule: 237.0759 | group: 1.8116 | tree: 5.3002 | total: 2.1721
[New] Epoch 943/1000 | classify: 1.8040 | conc: 0.0011 | consistency: 0.4799 | polarity: 2.3865 | monodec: 0.0000 | rule: 198.4518 | group: 1.8217 | tree: 5.2938 | total: 1.9086
[New] Epoch 944/1000 | classify: 1.6814 | conc: 0.0004 | consistency: 0.4799 | polarity: 2.2798 | monodec: 0.0000 | rule: 206.1569 | group: 1.6543 | tree: 4.5996 | total: 1.7887
[New] Epoch 945/1000 | classify: 2.0401 | conc: 0.0006 | consistency: 0.4745 | polarity: 2.4146 | monodec: 0.0000 | rule: 235.6746 | group: 1.7527 | tree: 5.1189 | total: 2.1627
[New] Epoch 946/1000 | classify: 1.9347 | conc: 0.0010 | consistency: 0.4799 | polarity: 2.4090 | monodec: 0.0000 | rule: 227.9323 | group: 1.7878 | tree: 5.4257 | total: 2.0539
[New] Epoch 947/1000 | classify: 1.9568 | conc: 0.0009 | consistency: 0.4799 | polarity: 2.4427 | monodec: 0.0000 | rule: 217.5575 | group: 1.8322 | tree: 5.3796 | total: 2.0708
[New] Epoch 948/1000 | classify: 1.7920 | conc: 0.0008 | consistency: 0.4799 | polarity: 2.4539 | monodec: 0.0000 | rule: 259.8878 | group: 1.8613 | tree: 5.4019 | total: 1.9271
[New] Epoch 949/1000 | classify: 1.9248 | conc: 0.0005 | consistency: 0.4799 | polarity: 2.3866 | monodec: 0.0000 | rule: 231.0760 | group: 1.7163 | tree: 4.9793 | total: 2.0449
[New] Epoch 950/1000 | classify: 1.8839 | conc: 0.0004 | consistency: 0.4799 | polarity: 2.3585 | monodec: 0.0000 | rule: 223.1448 | group: 1.7362 | tree: 4.7670 | total: 1.9998
--- 验证集 [epoch 950] ---
  准确率 (Accuracy):  0.7740
  精确率 (Precision): 0.5948
  召回率 (Recall):    0.6372
  F1 分数 (F1):       0.6136
✅ 模型已保存到 /home/kudouzala/Application/ion_detect/output/trained_model_save/exp_new_g/trained_model_epoch_950.pth
📁 损失值已保存到 /home/kudouzala/Application/ion_detect/output/trained_model_save/exp_new_g/training_loss_epoch_950.csv
[New] Epoch 951/1000 | classify: 1.7731 | conc: 0.0007 | consistency: 0.4799 | polarity: 2.3866 | monodec: 0.0000 | rule: 207.3742 | group: 1.7442 | tree: 4.8941 | total: 1.8815
[New] Epoch 952/1000 | classify: 2.0758 | conc: 0.0007 | consistency: 0.4799 | polarity: 2.4146 | monodec: 0.0000 | rule: 211.0825 | group: 1.7907 | tree: 5.3208 | total: 2.1863
[New] Epoch 953/1000 | classify: 1.9516 | conc: 0.0006 | consistency: 0.4799 | polarity: 2.4371 | monodec: 0.0000 | rule: 236.8180 | group: 1.7883 | tree: 5.2061 | total: 2.0748
[New] Epoch 954/1000 | classify: 1.9403 | conc: 0.0007 | consistency: 0.4745 | polarity: 2.3923 | monodec: 0.0000 | rule: 235.4535 | group: 1.7532 | tree: 5.1621 | total: 2.0629
[New] Epoch 955/1000 | classify: 2.0537 | conc: 0.0008 | consistency: 0.4799 | polarity: 2.4428 | monodec: 0.0000 | rule: 228.2134 | group: 1.8112 | tree: 5.4883 | total: 2.1730
[New] Epoch 956/1000 | classify: 1.6898 | conc: 0.0007 | consistency: 0.4799 | polarity: 2.2967 | monodec: 0.0000 | rule: 205.1895 | group: 1.6780 | tree: 4.7525 | total: 1.7970
[New] Epoch 957/1000 | classify: 1.8902 | conc: 0.0005 | consistency: 0.4799 | polarity: 2.3866 | monodec: 0.0000 | rule: 224.8763 | group: 1.7549 | tree: 5.1060 | total: 2.0073
[New] Epoch 958/1000 | classify: 1.8576 | conc: 0.0008 | consistency: 0.4799 | polarity: 2.3585 | monodec: 0.0000 | rule: 222.5707 | group: 1.7752 | tree: 5.2587 | total: 1.9739
[New] Epoch 959/1000 | classify: 1.8535 | conc: 0.0008 | consistency: 0.4799 | polarity: 2.4316 | monodec: 0.0000 | rule: 236.0964 | group: 1.7930 | tree: 5.5122 | total: 1.9768
[New] Epoch 960/1000 | classify: 1.9969 | conc: 0.0007 | consistency: 0.4799 | polarity: 2.3810 | monodec: 0.0000 | rule: 209.1970 | group: 1.7514 | tree: 5.2187 | total: 2.1064
--- 验证集 [epoch 960] ---
  准确率 (Accuracy):  0.7808
  精确率 (Precision): 0.6060
  召回率 (Recall):    0.6491
  F1 分数 (F1):       0.6240
[New] Epoch 961/1000 | classify: 1.8878 | conc: 0.0006 | consistency: 0.4799 | polarity: 2.3754 | monodec: 0.0000 | rule: 218.4857 | group: 1.7585 | tree: 5.2057 | total: 2.0018
[New] Epoch 962/1000 | classify: 1.8654 | conc: 0.0005 | consistency: 0.4691 | polarity: 2.3754 | monodec: 0.0000 | rule: 247.7361 | group: 1.7591 | tree: 5.0604 | total: 1.9939
[New] Epoch 963/1000 | classify: 1.8689 | conc: 0.0006 | consistency: 0.4799 | polarity: 2.3136 | monodec: 0.0000 | rule: 210.8865 | group: 1.7049 | tree: 4.8616 | total: 1.9789
[New] Epoch 964/1000 | classify: 1.8801 | conc: 0.0008 | consistency: 0.4799 | polarity: 2.3584 | monodec: 0.0000 | rule: 221.9989 | group: 1.7619 | tree: 5.3203 | total: 1.9962
[New] Epoch 965/1000 | classify: 1.8774 | conc: 0.0005 | consistency: 0.4799 | polarity: 2.3360 | monodec: 0.0000 | rule: 225.9663 | group: 1.7008 | tree: 4.9221 | total: 1.9949
[New] Epoch 966/1000 | classify: 1.8692 | conc: 0.0005 | consistency: 0.4799 | polarity: 2.3585 | monodec: 0.0000 | rule: 247.2655 | group: 1.6865 | tree: 5.0427 | total: 1.9975
[New] Epoch 967/1000 | classify: 1.8737 | conc: 0.0008 | consistency: 0.4799 | polarity: 2.3978 | monodec: 0.0000 | rule: 201.7066 | group: 1.7930 | tree: 4.9966 | total: 1.9794
[New] Epoch 968/1000 | classify: 2.0637 | conc: 0.0007 | consistency: 0.4799 | polarity: 2.4596 | monodec: 0.0000 | rule: 227.3350 | group: 1.8620 | tree: 5.4443 | total: 2.1825
[New] Epoch 969/1000 | classify: 1.9441 | conc: 0.0009 | consistency: 0.4799 | polarity: 2.4090 | monodec: 0.0000 | rule: 224.6935 | group: 1.7352 | tree: 5.0826 | total: 2.0615
[New] Epoch 970/1000 | classify: 2.0411 | conc: 0.0004 | consistency: 0.4799 | polarity: 2.4146 | monodec: 0.0000 | rule: 222.2683 | group: 1.7584 | tree: 5.3287 | total: 2.1569
--- 验证集 [epoch 970] ---
  准确率 (Accuracy):  0.7740
  精确率 (Precision): 0.5948
  召回率 (Recall):    0.6372
  F1 分数 (F1):       0.6136
[New] Epoch 971/1000 | classify: 1.8924 | conc: 0.0006 | consistency: 0.4745 | polarity: 2.3810 | monodec: 0.0000 | rule: 245.4634 | group: 1.7520 | tree: 5.1843 | total: 2.0200
[New] Epoch 972/1000 | classify: 1.8116 | conc: 0.0006 | consistency: 0.4799 | polarity: 2.3417 | monodec: 0.0000 | rule: 225.4864 | group: 1.7322 | tree: 4.9574 | total: 1.9290
[New] Epoch 973/1000 | classify: 1.8369 | conc: 0.0006 | consistency: 0.4799 | polarity: 2.3697 | monodec: 0.0000 | rule: 235.8312 | group: 1.7420 | tree: 5.0990 | total: 1.9595
[New] Epoch 974/1000 | classify: 1.8686 | conc: 0.0009 | consistency: 0.4799 | polarity: 2.4202 | monodec: 0.0000 | rule: 216.4401 | group: 1.7745 | tree: 4.9998 | total: 1.9818
[New] Epoch 975/1000 | classify: 1.7403 | conc: 0.0008 | consistency: 0.4799 | polarity: 2.3529 | monodec: 0.0000 | rule: 227.7945 | group: 1.7383 | tree: 5.0986 | total: 1.8592
[New] Epoch 976/1000 | classify: 1.8741 | conc: 0.0005 | consistency: 0.4799 | polarity: 2.3753 | monodec: 0.0000 | rule: 251.1937 | group: 1.7012 | tree: 5.0879 | total: 2.0044
[New] Epoch 977/1000 | classify: 1.8153 | conc: 0.0005 | consistency: 0.4799 | polarity: 2.3359 | monodec: 0.0000 | rule: 195.8429 | group: 1.7204 | tree: 4.9986 | total: 1.9177
[New] Epoch 978/1000 | classify: 1.7880 | conc: 0.0006 | consistency: 0.4799 | polarity: 2.3472 | monodec: 0.0000 | rule: 239.7694 | group: 1.7138 | tree: 5.2467 | total: 1.9126
[New] Epoch 979/1000 | classify: 1.8311 | conc: 0.0005 | consistency: 0.4799 | polarity: 2.3471 | monodec: 0.0000 | rule: 225.6672 | group: 1.6632 | tree: 4.9501 | total: 1.9485
[New] Epoch 980/1000 | classify: 1.8760 | conc: 0.0008 | consistency: 0.4799 | polarity: 2.4145 | monodec: 0.0000 | rule: 220.2820 | group: 1.8048 | tree: 5.2183 | total: 1.9912
--- 验证集 [epoch 980] ---
  准确率 (Accuracy):  0.7671
  精确率 (Precision): 0.5887
  召回率 (Recall):    0.6253
  F1 分数 (F1):       0.6046
[New] Epoch 981/1000 | classify: 1.7090 | conc: 0.0007 | consistency: 0.4745 | polarity: 2.3415 | monodec: 0.0000 | rule: 225.6133 | group: 1.6975 | tree: 4.8642 | total: 1.8265
[New] Epoch 982/1000 | classify: 1.9663 | conc: 0.0006 | consistency: 0.4799 | polarity: 2.4370 | monodec: 0.0000 | rule: 229.9367 | group: 1.7980 | tree: 5.3668 | total: 2.0861
[New] Epoch 983/1000 | classify: 1.8164 | conc: 0.0004 | consistency: 0.4799 | polarity: 2.3192 | monodec: 0.0000 | rule: 206.7928 | group: 1.6935 | tree: 4.8460 | total: 1.9242
[New] Epoch 984/1000 | classify: 1.9263 | conc: 0.0006 | consistency: 0.4799 | polarity: 2.3978 | monodec: 0.0000 | rule: 224.9284 | group: 1.7553 | tree: 5.2780 | total: 2.0436
[New] Epoch 985/1000 | classify: 1.8376 | conc: 0.0007 | consistency: 0.4745 | polarity: 2.3697 | monodec: 0.0000 | rule: 200.0438 | group: 1.7645 | tree: 5.2632 | total: 1.9425
[New] Epoch 986/1000 | classify: 1.8412 | conc: 0.0009 | consistency: 0.4799 | polarity: 2.3697 | monodec: 0.0000 | rule: 227.6572 | group: 1.7736 | tree: 5.1242 | total: 1.9600
[New] Epoch 987/1000 | classify: 1.8215 | conc: 0.0006 | consistency: 0.4799 | polarity: 2.3697 | monodec: 0.0000 | rule: 228.0853 | group: 1.7414 | tree: 5.0356 | total: 1.9402
[New] Epoch 988/1000 | classify: 1.7992 | conc: 0.0006 | consistency: 0.4745 | polarity: 2.2911 | monodec: 0.0000 | rule: 216.2285 | group: 1.6709 | tree: 4.9731 | total: 1.9120
[New] Epoch 989/1000 | classify: 1.7960 | conc: 0.0007 | consistency: 0.4799 | polarity: 2.3641 | monodec: 0.0000 | rule: 223.5013 | group: 1.7307 | tree: 5.1241 | total: 1.9126
[New] Epoch 990/1000 | classify: 1.8784 | conc: 0.0009 | consistency: 0.4799 | polarity: 2.4371 | monodec: 0.0000 | rule: 209.1913 | group: 1.7752 | tree: 5.1528 | total: 1.9881
--- 验证集 [epoch 990] ---
  准确率 (Accuracy):  0.7740
  精确率 (Precision): 0.5998
  召回率 (Recall):    0.6372
  F1 分数 (F1):       0.6151
[New] Epoch 991/1000 | classify: 1.7933 | conc: 0.0005 | consistency: 0.4799 | polarity: 2.4595 | monodec: 0.0000 | rule: 229.1269 | group: 1.7938 | tree: 5.2525 | total: 1.9126
[New] Epoch 992/1000 | classify: 1.9329 | conc: 0.0006 | consistency: 0.4799 | polarity: 2.3753 | monodec: 0.0000 | rule: 210.3419 | group: 1.7389 | tree: 5.0575 | total: 2.0427
[New] Epoch 993/1000 | classify: 1.8923 | conc: 0.0006 | consistency: 0.4799 | polarity: 2.3585 | monodec: 0.0000 | rule: 217.4837 | group: 1.7338 | tree: 5.0081 | total: 2.0057
[New] Epoch 994/1000 | classify: 2.0110 | conc: 0.0006 | consistency: 0.4799 | polarity: 2.4091 | monodec: 0.0000 | rule: 231.8381 | group: 1.7647 | tree: 5.3420 | total: 2.1318
[New] Epoch 995/1000 | classify: 2.0053 | conc: 0.0006 | consistency: 0.4799 | polarity: 2.4091 | monodec: 0.0000 | rule: 226.0163 | group: 1.7457 | tree: 5.2020 | total: 2.1231
[New] Epoch 996/1000 | classify: 1.6735 | conc: 0.0005 | consistency: 0.4745 | polarity: 2.3304 | monodec: 0.0000 | rule: 207.7640 | group: 1.7754 | tree: 5.1213 | total: 1.7820
[New] Epoch 997/1000 | classify: 1.7321 | conc: 0.0007 | consistency: 0.4799 | polarity: 2.3810 | monodec: 0.0000 | rule: 249.0440 | group: 1.7281 | tree: 5.0118 | total: 1.8615
[New] Epoch 998/1000 | classify: 1.7571 | conc: 0.0007 | consistency: 0.4745 | polarity: 2.3810 | monodec: 0.0000 | rule: 214.8602 | group: 1.7797 | tree: 5.0282 | total: 1.8694
[New] Epoch 999/1000 | classify: 1.8165 | conc: 0.0005 | consistency: 0.4799 | polarity: 2.3585 | monodec: 0.0000 | rule: 219.6637 | group: 1.7344 | tree: 5.0426 | total: 1.9309
[New] Epoch 1000/1000 | classify: 1.8464 | conc: 0.0006 | consistency: 0.4745 | polarity: 2.3922 | monodec: 0.0000 | rule: 234.6140 | group: 1.7442 | tree: 5.0584 | total: 1.9685
--- 验证集 [epoch 1000] ---
  准确率 (Accuracy):  0.7671
  精确率 (Precision): 0.6061
  召回率 (Recall):    0.6355
  F1 分数 (F1):       0.6138
✅ 模型已保存到 /home/kudouzala/Application/ion_detect/output/trained_model_save/exp_new_g/trained_model_epoch_1000.pth
📁 损失值已保存到 /home/kudouzala/Application/ion_detect/output/trained_model_save/exp_new_g/training_loss_epoch_1000.csv
✅ 模型已保存到 /home/kudouzala/Application/ion_detect/output/trained_model_save/exp_new_g/trained_model_epoch_final.pth
📁 损失值已保存到 /home/kudouzala/Application/ion_detect/output/trained_model_save/exp_new_g/training_loss_epoch_final.csv
