✅ no_overlap 划分: 测试集 150 个（ion_column 74 个，≤3/10）-> /home/kudouzala/Application/ion_detect/datasets/datasets_for_all_test_no_overlap/exp_new_a_num_tp4，训练集 639 个 -> /home/kudouzala/Application/ion_detect/datasets/datasets_for_all_train_no_overlap/exp_new_a_num_tp4（已排除同前缀且窗口含测试前 4 个时间点的样本）
✅ 当前使用设备: cuda
📂 训练集目录: /home/kudouzala/Application/ion_detect/datasets/datasets_for_all_train_no_overlap/exp_new_a_num_tp4
📂 测试/验证集目录: /home/kudouzala/Application/ion_detect/datasets/datasets_for_all_test_no_overlap/exp_new_a_num_tp4
🧪 experiment: exp_new_a_num_tp4
🚀 进入训练模式 (--train)
Skipping file 20240918_2ppm钙离子污染测试_新版电解槽_ion_gamry_[36, 38, 40, 42].xlsx: impedance points 57 < 63
Skipping file 20250317_2ppm钠离子污染测试_新版电解槽_ion_gamry_[16, 18, 20, 22].xlsx: impedance points 61 < 63
Skipping file 20240822_10ppm铜离子污染测试_新版电解槽_ion_column_gamry_[36, 38, 40, 42].xlsx: impedance points 54 < 63
[LEAK-CHECK] overlap(train, val) = 0
[DEBUG] data_folder = /home/kudouzala/Application/ion_detect/datasets/datasets_for_all_train_no_overlap/exp_new_a_num_tp4
[DEBUG] base_train.file_names[:10] =
   20241107_0.1ppm钙离子污染及恢复测试_新版电解槽_ion_firecloud_[14, 16, 18, 20].xlsx
   20240910_10ppm钙离子污染测试_新版电解槽_ion_column_gamry_[2, 4, 6, 8].xlsx
   20241006_2ppm铬离子污染测试_旧版电解槽_ion_firecloud_[22, 24, 26, 28].xlsx
   20241117_2ppm钠离子污染及恢复测试40摄氏度_新版电解槽_ion_gamry_[22, 24, 26, 28].xlsx
   20241227_10ppm铜离子污染及恢复测试_旧版电解槽_ion_gamry_[4, 6, 8, 10].xlsx
   20241003_2ppm镍离子污染测试_新版电解槽_ion_gamry_[20, 22, 24, 26].xlsx
   20241112_2ppm钠离子污染和恢复测试80摄氏度_新版电解槽_ion_column_renew_H2SO4_gamry_[14, 16, 18, 20].xlsx
   20240910_10ppm钙离子污染测试_新版电解槽_ion_gamry_[2, 4, 6, 8].xlsx
   20241213_2ppm钠离子污染及恢复测试_新版电解槽_ion_column_renew_H2SO4_gamry_[12, 14, 16, 18].xlsx
   20241010_2ppm钠离子污染测试_新版电解槽_ion_firecloud_[28, 30, 32, 34].xlsx
[DEBUG] exist check (first 10):
   /home/kudouzala/Application/ion_detect/datasets/datasets_for_all_train_no_overlap/exp_new_a_num_tp4/20241107_0.1ppm钙离子污染及恢复测试_新版电解槽_ion_firecloud_[14, 16, 18, 20].xlsx exists= True
   /home/kudouzala/Application/ion_detect/datasets/datasets_for_all_train_no_overlap/exp_new_a_num_tp4/20240910_10ppm钙离子污染测试_新版电解槽_ion_column_gamry_[2, 4, 6, 8].xlsx exists= True
   /home/kudouzala/Application/ion_detect/datasets/datasets_for_all_train_no_overlap/exp_new_a_num_tp4/20241006_2ppm铬离子污染测试_旧版电解槽_ion_firecloud_[22, 24, 26, 28].xlsx exists= True
   /home/kudouzala/Application/ion_detect/datasets/datasets_for_all_train_no_overlap/exp_new_a_num_tp4/20241117_2ppm钠离子污染及恢复测试40摄氏度_新版电解槽_ion_gamry_[22, 24, 26, 28].xlsx exists= True
   /home/kudouzala/Application/ion_detect/datasets/datasets_for_all_train_no_overlap/exp_new_a_num_tp4/20241227_10ppm铜离子污染及恢复测试_旧版电解槽_ion_gamry_[4, 6, 8, 10].xlsx exists= True
   /home/kudouzala/Application/ion_detect/datasets/datasets_for_all_train_no_overlap/exp_new_a_num_tp4/20241003_2ppm镍离子污染测试_新版电解槽_ion_gamry_[20, 22, 24, 26].xlsx exists= True
   /home/kudouzala/Application/ion_detect/datasets/datasets_for_all_train_no_overlap/exp_new_a_num_tp4/20241112_2ppm钠离子污染和恢复测试80摄氏度_新版电解槽_ion_column_renew_H2SO4_gamry_[14, 16, 18, 20].xlsx exists= True
   /home/kudouzala/Application/ion_detect/datasets/datasets_for_all_train_no_overlap/exp_new_a_num_tp4/20240910_10ppm钙离子污染测试_新版电解槽_ion_gamry_[2, 4, 6, 8].xlsx exists= True
   /home/kudouzala/Application/ion_detect/datasets/datasets_for_all_train_no_overlap/exp_new_a_num_tp4/20241213_2ppm钠离子污染及恢复测试_新版电解槽_ion_column_renew_H2SO4_gamry_[12, 14, 16, 18].xlsx exists= True
   /home/kudouzala/Application/ion_detect/datasets/datasets_for_all_train_no_overlap/exp_new_a_num_tp4/20241010_2ppm钠离子污染测试_新版电解槽_ion_firecloud_[28, 30, 32, 34].xlsx exists= True
Skipping file 20240822_10ppm铜离子污染测试_新版电解槽_ion_column_gamry_[28, 30, 32, 34].xlsx: impedance points 54 < 63
Skipping file 20240822_10ppm铜离子污染测试_新版电解槽_ion_column_gamry_[50, 52, 54, 56].xlsx: impedance points 54 < 63
Skipping file 20240822_10ppm铜离子污染测试_新版电解槽_ion_column_gamry_[16, 18, 20, 22].xlsx: impedance points 54 < 63
Skipping file 20240822_10ppm铜离子污染测试_新版电解槽_ion_column_gamry_[24, 26, 28, 30].xlsx: impedance points 54 < 63
Skipping file 20240822_10ppm铜离子污染测试_新版电解槽_ion_column_gamry_[44, 46, 48, 50].xlsx: impedance points 54 < 63

[PairDataset][Example pairs] (show up to 50)
  [1] A(idx=388) 20241107_0.1ppm钙离子污染及恢复测试_新版电解槽_ion_firecloud_[0, 2, 4, 6].xlsx  times=[0, 2, 4, 6]
      → B(idx=432) 20241107_0.1ppm钙离子污染及恢复测试_新版电解槽_ion_firecloud_[6, 8, 10, 12].xlsx  times=[6, 8, 10, 12]  dummy=False
  [2] A(idx=609) 20241107_0.1ppm钙离子污染及恢复测试_新版电解槽_ion_firecloud_[2, 4, 6, 8].xlsx  times=[2, 4, 6, 8]
      → B(idx=429) 20241107_0.1ppm钙离子污染及恢复测试_新版电解槽_ion_firecloud_[8, 10, 12, 14].xlsx  times=[8, 10, 12, 14]  dummy=False
  [3] A(idx=226) 20241107_0.1ppm钙离子污染及恢复测试_新版电解槽_ion_firecloud_[4, 6, 8, 10].xlsx  times=[4, 6, 8, 10]
      → B(idx=489) 20241107_0.1ppm钙离子污染及恢复测试_新版电解槽_ion_firecloud_[10, 12, 14, 16].xlsx  times=[10, 12, 14, 16]  dummy=False
  [4] A(idx=432) 20241107_0.1ppm钙离子污染及恢复测试_新版电解槽_ion_firecloud_[6, 8, 10, 12].xlsx  times=[6, 8, 10, 12]
      → B(idx=122) 20241107_0.1ppm钙离子污染及恢复测试_新版电解槽_ion_firecloud_[12, 14, 16, 18].xlsx  times=[12, 14, 16, 18]  dummy=False
  [5] A(idx=429) 20241107_0.1ppm钙离子污染及恢复测试_新版电解槽_ion_firecloud_[8, 10, 12, 14].xlsx  times=[8, 10, 12, 14]
      → B(idx=0) 20241107_0.1ppm钙离子污染及恢复测试_新版电解槽_ion_firecloud_[14, 16, 18, 20].xlsx  times=[14, 16, 18, 20]  dummy=False
  [6] A(idx=489) 20241107_0.1ppm钙离子污染及恢复测试_新版电解槽_ion_firecloud_[10, 12, 14, 16].xlsx  times=[10, 12, 14, 16]
      → B(idx=45) 20241107_0.1ppm钙离子污染及恢复测试_新版电解槽_ion_firecloud_[16, 18, 20, 22].xlsx  times=[16, 18, 20, 22]  dummy=False
  [7] A(idx=122) 20241107_0.1ppm钙离子污染及恢复测试_新版电解槽_ion_firecloud_[12, 14, 16, 18].xlsx  times=[12, 14, 16, 18]
      → B(idx=393) 20241107_0.1ppm钙离子污染及恢复测试_新版电解槽_ion_firecloud_[18, 20, 22, 24].xlsx  times=[18, 20, 22, 24]  dummy=False
  [8] A(idx=0) 20241107_0.1ppm钙离子污染及恢复测试_新版电解槽_ion_firecloud_[14, 16, 18, 20].xlsx  times=[14, 16, 18, 20]
      → B(idx=314) 20241107_0.1ppm钙离子污染及恢复测试_新版电解槽_ion_firecloud_[20, 22, 24, 26].xlsx  times=[20, 22, 24, 26]  dummy=False
  [9] A(idx=45) 20241107_0.1ppm钙离子污染及恢复测试_新版电解槽_ion_firecloud_[16, 18, 20, 22].xlsx  times=[16, 18, 20, 22]
      → B(idx=45) 20241107_0.1ppm钙离子污染及恢复测试_新版电解槽_ion_firecloud_[16, 18, 20, 22].xlsx  times=[16, 18, 20, 22]  dummy=True
  [10] A(idx=393) 20241107_0.1ppm钙离子污染及恢复测试_新版电解槽_ion_firecloud_[18, 20, 22, 24].xlsx  times=[18, 20, 22, 24]
      → B(idx=393) 20241107_0.1ppm钙离子污染及恢复测试_新版电解槽_ion_firecloud_[18, 20, 22, 24].xlsx  times=[18, 20, 22, 24]  dummy=True
  [11] A(idx=314) 20241107_0.1ppm钙离子污染及恢复测试_新版电解槽_ion_firecloud_[20, 22, 24, 26].xlsx  times=[20, 22, 24, 26]
      → B(idx=314) 20241107_0.1ppm钙离子污染及恢复测试_新版电解槽_ion_firecloud_[20, 22, 24, 26].xlsx  times=[20, 22, 24, 26]  dummy=True
  [12] A(idx=59) 20241107_0.1ppm钙离子污染及恢复测试_新版电解槽_ion_firecloud_[36, 38, 40, 42].xlsx  times=[36, 38, 40, 42]
      → B(idx=59) 20241107_0.1ppm钙离子污染及恢复测试_新版电解槽_ion_firecloud_[36, 38, 40, 42].xlsx  times=[36, 38, 40, 42]  dummy=True
  [13] A(idx=118) 20241107_0.1ppm钙离子污染及恢复测试_新版电解槽_ion_firecloud_[38, 40, 42, 44].xlsx  times=[38, 40, 42, 44]
      → B(idx=118) 20241107_0.1ppm钙离子污染及恢复测试_新版电解槽_ion_firecloud_[38, 40, 42, 44].xlsx  times=[38, 40, 42, 44]  dummy=True
  [14] A(idx=294) 20241107_0.1ppm钙离子污染及恢复测试_新版电解槽_ion_firecloud_[40, 42, 44, 46].xlsx  times=[40, 42, 44, 46]
      → B(idx=294) 20241107_0.1ppm钙离子污染及恢复测试_新版电解槽_ion_firecloud_[40, 42, 44, 46].xlsx  times=[40, 42, 44, 46]  dummy=True
  [15] A(idx=427) 20240910_10ppm钙离子污染测试_新版电解槽_ion_column_gamry_[0, 2, 4, 6].xlsx  times=[0, 2, 4, 6]
      → B(idx=462) 20240910_10ppm钙离子污染测试_新版电解槽_ion_column_gamry_[6, 8, 10, 12].xlsx  times=[6, 8, 10, 12]  dummy=False
  [16] A(idx=1) 20240910_10ppm钙离子污染测试_新版电解槽_ion_column_gamry_[2, 4, 6, 8].xlsx  times=[2, 4, 6, 8]
      → B(idx=371) 20240910_10ppm钙离子污染测试_新版电解槽_ion_column_gamry_[8, 10, 12, 14].xlsx  times=[8, 10, 12, 14]  dummy=False
  [17] A(idx=483) 20240910_10ppm钙离子污染测试_新版电解槽_ion_column_gamry_[4, 6, 8, 10].xlsx  times=[4, 6, 8, 10]
      → B(idx=368) 20240910_10ppm钙离子污染测试_新版电解槽_ion_column_gamry_[10, 12, 14, 16].xlsx  times=[10, 12, 14, 16]  dummy=False
  [18] A(idx=462) 20240910_10ppm钙离子污染测试_新版电解槽_ion_column_gamry_[6, 8, 10, 12].xlsx  times=[6, 8, 10, 12]
      → B(idx=138) 20240910_10ppm钙离子污染测试_新版电解槽_ion_column_gamry_[12, 14, 16, 18].xlsx  times=[12, 14, 16, 18]  dummy=False
  [19] A(idx=371) 20240910_10ppm钙离子污染测试_新版电解槽_ion_column_gamry_[8, 10, 12, 14].xlsx  times=[8, 10, 12, 14]
      → B(idx=326) 20240910_10ppm钙离子污染测试_新版电解槽_ion_column_gamry_[14, 16, 18, 20].xlsx  times=[14, 16, 18, 20]  dummy=False
  [20] A(idx=368) 20240910_10ppm钙离子污染测试_新版电解槽_ion_column_gamry_[10, 12, 14, 16].xlsx  times=[10, 12, 14, 16]
      → B(idx=368) 20240910_10ppm钙离子污染测试_新版电解槽_ion_column_gamry_[10, 12, 14, 16].xlsx  times=[10, 12, 14, 16]  dummy=True
  [21] A(idx=138) 20240910_10ppm钙离子污染测试_新版电解槽_ion_column_gamry_[12, 14, 16, 18].xlsx  times=[12, 14, 16, 18]
      → B(idx=138) 20240910_10ppm钙离子污染测试_新版电解槽_ion_column_gamry_[12, 14, 16, 18].xlsx  times=[12, 14, 16, 18]  dummy=True
  [22] A(idx=326) 20240910_10ppm钙离子污染测试_新版电解槽_ion_column_gamry_[14, 16, 18, 20].xlsx  times=[14, 16, 18, 20]
      → B(idx=326) 20240910_10ppm钙离子污染测试_新版电解槽_ion_column_gamry_[14, 16, 18, 20].xlsx  times=[14, 16, 18, 20]  dummy=True
  [23] A(idx=83) 20241006_2ppm铬离子污染测试_旧版电解槽_ion_firecloud_[0, 2, 4, 6].xlsx  times=[0, 2, 4, 6]
      → B(idx=83) 20241006_2ppm铬离子污染测试_旧版电解槽_ion_firecloud_[0, 2, 4, 6].xlsx  times=[0, 2, 4, 6]  dummy=True
  [24] A(idx=492) 20241006_2ppm铬离子污染测试_旧版电解槽_ion_firecloud_[2, 4, 6, 8].xlsx  times=[2, 4, 6, 8]
      → B(idx=492) 20241006_2ppm铬离子污染测试_旧版电解槽_ion_firecloud_[2, 4, 6, 8].xlsx  times=[2, 4, 6, 8]  dummy=True
  [25] A(idx=29) 20241006_2ppm铬离子污染测试_旧版电解槽_ion_firecloud_[18, 20, 22, 24].xlsx  times=[18, 20, 22, 24]
      → B(idx=76) 20241006_2ppm铬离子污染测试_旧版电解槽_ion_firecloud_[24, 26, 28, 30].xlsx  times=[24, 26, 28, 30]  dummy=False
  [26] A(idx=387) 20241006_2ppm铬离子污染测试_旧版电解槽_ion_firecloud_[20, 22, 24, 26].xlsx  times=[20, 22, 24, 26]
      → B(idx=233) 20241006_2ppm铬离子污染测试_旧版电解槽_ion_firecloud_[26, 28, 30, 32].xlsx  times=[26, 28, 30, 32]  dummy=False
  [27] A(idx=2) 20241006_2ppm铬离子污染测试_旧版电解槽_ion_firecloud_[22, 24, 26, 28].xlsx  times=[22, 24, 26, 28]
      → B(idx=511) 20241006_2ppm铬离子污染测试_旧版电解槽_ion_firecloud_[28, 30, 32, 34].xlsx  times=[28, 30, 32, 34]  dummy=False
  [28] A(idx=76) 20241006_2ppm铬离子污染测试_旧版电解槽_ion_firecloud_[24, 26, 28, 30].xlsx  times=[24, 26, 28, 30]
      → B(idx=228) 20241006_2ppm铬离子污染测试_旧版电解槽_ion_firecloud_[30, 32, 34, 36].xlsx  times=[30, 32, 34, 36]  dummy=False
  [29] A(idx=233) 20241006_2ppm铬离子污染测试_旧版电解槽_ion_firecloud_[26, 28, 30, 32].xlsx  times=[26, 28, 30, 32]
      → B(idx=518) 20241006_2ppm铬离子污染测试_旧版电解槽_ion_firecloud_[32, 34, 36, 38].xlsx  times=[32, 34, 36, 38]  dummy=False
  [30] A(idx=511) 20241006_2ppm铬离子污染测试_旧版电解槽_ion_firecloud_[28, 30, 32, 34].xlsx  times=[28, 30, 32, 34]
      → B(idx=242) 20241006_2ppm铬离子污染测试_旧版电解槽_ion_firecloud_[34, 36, 38, 40].xlsx  times=[34, 36, 38, 40]  dummy=False
  [31] A(idx=228) 20241006_2ppm铬离子污染测试_旧版电解槽_ion_firecloud_[30, 32, 34, 36].xlsx  times=[30, 32, 34, 36]
      → B(idx=85) 20241006_2ppm铬离子污染测试_旧版电解槽_ion_firecloud_[36, 38, 40, 42].xlsx  times=[36, 38, 40, 42]  dummy=False
  [32] A(idx=518) 20241006_2ppm铬离子污染测试_旧版电解槽_ion_firecloud_[32, 34, 36, 38].xlsx  times=[32, 34, 36, 38]
      → B(idx=614) 20241006_2ppm铬离子污染测试_旧版电解槽_ion_firecloud_[38, 40, 42, 44].xlsx  times=[38, 40, 42, 44]  dummy=False
  [33] A(idx=242) 20241006_2ppm铬离子污染测试_旧版电解槽_ion_firecloud_[34, 36, 38, 40].xlsx  times=[34, 36, 38, 40]
      → B(idx=100) 20241006_2ppm铬离子污染测试_旧版电解槽_ion_firecloud_[40, 42, 44, 46].xlsx  times=[40, 42, 44, 46]  dummy=False
  [34] A(idx=85) 20241006_2ppm铬离子污染测试_旧版电解槽_ion_firecloud_[36, 38, 40, 42].xlsx  times=[36, 38, 40, 42]
      → B(idx=391) 20241006_2ppm铬离子污染测试_旧版电解槽_ion_firecloud_[42, 44, 46, 48].xlsx  times=[42, 44, 46, 48]  dummy=False
  [35] A(idx=614) 20241006_2ppm铬离子污染测试_旧版电解槽_ion_firecloud_[38, 40, 42, 44].xlsx  times=[38, 40, 42, 44]
      → B(idx=73) 20241006_2ppm铬离子污染测试_旧版电解槽_ion_firecloud_[44, 46, 48, 50].xlsx  times=[44, 46, 48, 50]  dummy=False
  [36] A(idx=100) 20241006_2ppm铬离子污染测试_旧版电解槽_ion_firecloud_[40, 42, 44, 46].xlsx  times=[40, 42, 44, 46]
      → B(idx=507) 20241006_2ppm铬离子污染测试_旧版电解槽_ion_firecloud_[46, 48, 50, 52].xlsx  times=[46, 48, 50, 52]  dummy=False
  [37] A(idx=391) 20241006_2ppm铬离子污染测试_旧版电解槽_ion_firecloud_[42, 44, 46, 48].xlsx  times=[42, 44, 46, 48]
      → B(idx=391) 20241006_2ppm铬离子污染测试_旧版电解槽_ion_firecloud_[42, 44, 46, 48].xlsx  times=[42, 44, 46, 48]  dummy=True
  [38] A(idx=73) 20241006_2ppm铬离子污染测试_旧版电解槽_ion_firecloud_[44, 46, 48, 50].xlsx  times=[44, 46, 48, 50]
      → B(idx=73) 20241006_2ppm铬离子污染测试_旧版电解槽_ion_firecloud_[44, 46, 48, 50].xlsx  times=[44, 46, 48, 50]  dummy=True
  [39] A(idx=507) 20241006_2ppm铬离子污染测试_旧版电解槽_ion_firecloud_[46, 48, 50, 52].xlsx  times=[46, 48, 50, 52]
      → B(idx=507) 20241006_2ppm铬离子污染测试_旧版电解槽_ion_firecloud_[46, 48, 50, 52].xlsx  times=[46, 48, 50, 52]  dummy=True
  [40] A(idx=506) 20241117_2ppm钠离子污染及恢复测试40摄氏度_新版电解槽_ion_gamry_[16, 18, 20, 22].xlsx  times=[16, 18, 20, 22]
      → B(idx=3) 20241117_2ppm钠离子污染及恢复测试40摄氏度_新版电解槽_ion_gamry_[22, 24, 26, 28].xlsx  times=[22, 24, 26, 28]  dummy=False
  [41] A(idx=469) 20241117_2ppm钠离子污染及恢复测试40摄氏度_新版电解槽_ion_gamry_[18, 20, 22, 24].xlsx  times=[18, 20, 22, 24]
      → B(idx=404) 20241117_2ppm钠离子污染及恢复测试40摄氏度_新版电解槽_ion_gamry_[24, 26, 28, 30].xlsx  times=[24, 26, 28, 30]  dummy=False
  [42] A(idx=136) 20241117_2ppm钠离子污染及恢复测试40摄氏度_新版电解槽_ion_gamry_[20, 22, 24, 26].xlsx  times=[20, 22, 24, 26]
      → B(idx=30) 20241117_2ppm钠离子污染及恢复测试40摄氏度_新版电解槽_ion_gamry_[26, 28, 30, 32].xlsx  times=[26, 28, 30, 32]  dummy=False
  [43] A(idx=3) 20241117_2ppm钠离子污染及恢复测试40摄氏度_新版电解槽_ion_gamry_[22, 24, 26, 28].xlsx  times=[22, 24, 26, 28]
      → B(idx=290) 20241117_2ppm钠离子污染及恢复测试40摄氏度_新版电解槽_ion_gamry_[28, 30, 32, 34].xlsx  times=[28, 30, 32, 34]  dummy=False
  [44] A(idx=404) 20241117_2ppm钠离子污染及恢复测试40摄氏度_新版电解槽_ion_gamry_[24, 26, 28, 30].xlsx  times=[24, 26, 28, 30]
      → B(idx=594) 20241117_2ppm钠离子污染及恢复测试40摄氏度_新版电解槽_ion_gamry_[30, 32, 34, 36].xlsx  times=[30, 32, 34, 36]  dummy=False
  [45] A(idx=30) 20241117_2ppm钠离子污染及恢复测试40摄氏度_新版电解槽_ion_gamry_[26, 28, 30, 32].xlsx  times=[26, 28, 30, 32]
      → B(idx=520) 20241117_2ppm钠离子污染及恢复测试40摄氏度_新版电解槽_ion_gamry_[32, 34, 36, 38].xlsx  times=[32, 34, 36, 38]  dummy=False
  [46] A(idx=290) 20241117_2ppm钠离子污染及恢复测试40摄氏度_新版电解槽_ion_gamry_[28, 30, 32, 34].xlsx  times=[28, 30, 32, 34]
      → B(idx=312) 20241117_2ppm钠离子污染及恢复测试40摄氏度_新版电解槽_ion_gamry_[34, 36, 38, 40].xlsx  times=[34, 36, 38, 40]  dummy=False
  [47] A(idx=594) 20241117_2ppm钠离子污染及恢复测试40摄氏度_新版电解槽_ion_gamry_[30, 32, 34, 36].xlsx  times=[30, 32, 34, 36]
      → B(idx=201) 20241117_2ppm钠离子污染及恢复测试40摄氏度_新版电解槽_ion_gamry_[36, 38, 40, 42].xlsx  times=[36, 38, 40, 42]  dummy=False
  [48] A(idx=520) 20241117_2ppm钠离子污染及恢复测试40摄氏度_新版电解槽_ion_gamry_[32, 34, 36, 38].xlsx  times=[32, 34, 36, 38]
      → B(idx=134) 20241117_2ppm钠离子污染及恢复测试40摄氏度_新版电解槽_ion_gamry_[38, 40, 42, 44].xlsx  times=[38, 40, 42, 44]  dummy=False
  [49] A(idx=312) 20241117_2ppm钠离子污染及恢复测试40摄氏度_新版电解槽_ion_gamry_[34, 36, 38, 40].xlsx  times=[34, 36, 38, 40]
      → B(idx=312) 20241117_2ppm钠离子污染及恢复测试40摄氏度_新版电解槽_ion_gamry_[34, 36, 38, 40].xlsx  times=[34, 36, 38, 40]  dummy=True
  [50] A(idx=201) 20241117_2ppm钠离子污染及恢复测试40摄氏度_新版电解槽_ion_gamry_[36, 38, 40, 42].xlsx  times=[36, 38, 40, 42]
      → B(idx=201) 20241117_2ppm钠离子污染及恢复测试40摄氏度_新版电解槽_ion_gamry_[36, 38, 40, 42].xlsx  times=[36, 38, 40, 42]  dummy=True

[PairDataset][Summary]
- total files:        636
- parsed OK:          636
- regex fail:         0
- parse times fail:   0
- empty times:        0
- total pairs:        636  (keep_unpaired=self)
- distinct prefixes:  93
- prefixes coverage (first few):
  [1] 20241107_0.1ppm钙离子污染及恢复测试_新版电解槽_ion_firecloud_[* -> windows=14, adj_pairs=8/13
  [2] 20240910_10ppm钙离子污染测试_新版电解槽_ion_column_gamry_[* -> windows=8, adj_pairs=5/7
  [3] 20241006_2ppm铬离子污染测试_旧版电解槽_ion_firecloud_[* -> windows=17, adj_pairs=12/16
  [4] 20241117_2ppm钠离子污染及恢复测试40摄氏度_新版电解槽_ion_gamry_[* -> windows=12, adj_pairs=9/11
  [5] 20241227_10ppm铜离子污染及恢复测试_旧版电解槽_ion_gamry_[* -> windows=14, adj_pairs=10/13
  [6] 20241003_2ppm镍离子污染测试_新版电解槽_ion_gamry_[* -> windows=5, adj_pairs=0/4
  [7] 20241112_2ppm钠离子污染和恢复测试80摄氏度_新版电解槽_ion_column_renew_H2SO4_gamry_[* -> windows=12, adj_pairs=9/11
  [8] 20240910_10ppm钙离子污染测试_新版电解槽_ion_gamry_[* -> windows=8, adj_pairs=1/7
  [9] 20241213_2ppm钠离子污染及恢复测试_新版电解槽_ion_column_renew_H2SO4_gamry_[* -> windows=7, adj_pairs=4/6
  [10] 20241010_2ppm钠离子污染测试_新版电解槽_ion_firecloud_[* -> windows=6, adj_pairs=0/5
- unadjacent gaps samples: 322 (showing first 0)

[PairDataset][Explain] focus_prefix_contains='20240915_2ppm铜离子污染测试_旧版电解槽_ion_firecloud_'
  - PREFIX: 20240915_2ppm铜离子污染测试_旧版电解槽_ion_firecloud_[* windows=11
    windows (sorted by first,last):
      · 20240915_2ppm铜离子污染测试_旧版电解槽_ion_firecloud_[0, 2, 4, 6].xlsx  -> times=[0, 2, 4, 6]  first=0 last=6
      · 20240915_2ppm铜离子污染测试_旧版电解槽_ion_firecloud_[2, 4, 6, 8].xlsx  -> times=[2, 4, 6, 8]  first=2 last=8
      · 20240915_2ppm铜离子污染测试_旧版电解槽_ion_firecloud_[4, 6, 8, 10].xlsx  -> times=[4, 6, 8, 10]  first=4 last=10
      · 20240915_2ppm铜离子污染测试_旧版电解槽_ion_firecloud_[6, 8, 10, 12].xlsx  -> times=[6, 8, 10, 12]  first=6 last=12
      · 20240915_2ppm铜离子污染测试_旧版电解槽_ion_firecloud_[8, 10, 12, 14].xlsx  -> times=[8, 10, 12, 14]  first=8 last=14
      · 20240915_2ppm铜离子污染测试_旧版电解槽_ion_firecloud_[10, 12, 14, 16].xlsx  -> times=[10, 12, 14, 16]  first=10 last=16
      · 20240915_2ppm铜离子污染测试_旧版电解槽_ion_firecloud_[12, 14, 16, 18].xlsx  -> times=[12, 14, 16, 18]  first=12 last=18
      · 20240915_2ppm铜离子污染测试_旧版电解槽_ion_firecloud_[14, 16, 18, 20].xlsx  -> times=[14, 16, 18, 20]  first=14 last=20
      · 20240915_2ppm铜离子污染测试_旧版电解槽_ion_firecloud_[16, 18, 20, 22].xlsx  -> times=[16, 18, 20, 22]  first=16 last=22
      · 20240915_2ppm铜离子污染测试_旧版电解槽_ion_firecloud_[18, 20, 22, 24].xlsx  -> times=[18, 20, 22, 24]  first=18 last=24
      · 20240915_2ppm铜离子污染测试_旧版电解槽_ion_firecloud_[20, 22, 24, 26].xlsx  -> times=[20, 22, 24, 26]  first=20 last=26
      MISS: 6 -> 2   (20240915_2ppm铜离子污染测试_旧版电解槽_ion_firecloud_[0, 2, 4, 6].xlsx  →  20240915_2ppm铜离子污染测试_旧版电解槽_ion_firecloud_[2, 4, 6, 8].xlsx)
      MISS: 8 -> 4   (20240915_2ppm铜离子污染测试_旧版电解槽_ion_firecloud_[2, 4, 6, 8].xlsx  →  20240915_2ppm铜离子污染测试_旧版电解槽_ion_firecloud_[4, 6, 8, 10].xlsx)
      MISS: 10 -> 6   (20240915_2ppm铜离子污染测试_旧版电解槽_ion_firecloud_[4, 6, 8, 10].xlsx  →  20240915_2ppm铜离子污染测试_旧版电解槽_ion_firecloud_[6, 8, 10, 12].xlsx)
      MISS: 12 -> 8   (20240915_2ppm铜离子污染测试_旧版电解槽_ion_firecloud_[6, 8, 10, 12].xlsx  →  20240915_2ppm铜离子污染测试_旧版电解槽_ion_firecloud_[8, 10, 12, 14].xlsx)
      MISS: 14 -> 10   (20240915_2ppm铜离子污染测试_旧版电解槽_ion_firecloud_[8, 10, 12, 14].xlsx  →  20240915_2ppm铜离子污染测试_旧版电解槽_ion_firecloud_[10, 12, 14, 16].xlsx)
      MISS: 16 -> 12   (20240915_2ppm铜离子污染测试_旧版电解槽_ion_firecloud_[10, 12, 14, 16].xlsx  →  20240915_2ppm铜离子污染测试_旧版电解槽_ion_firecloud_[12, 14, 16, 18].xlsx)
      MISS: 18 -> 14   (20240915_2ppm铜离子污染测试_旧版电解槽_ion_firecloud_[12, 14, 16, 18].xlsx  →  20240915_2ppm铜离子污染测试_旧版电解槽_ion_firecloud_[14, 16, 18, 20].xlsx)
      MISS: 20 -> 16   (20240915_2ppm铜离子污染测试_旧版电解槽_ion_firecloud_[14, 16, 18, 20].xlsx  →  20240915_2ppm铜离子污染测试_旧版电解槽_ion_firecloud_[16, 18, 20, 22].xlsx)
      MISS: 22 -> 18   (20240915_2ppm铜离子污染测试_旧版电解槽_ion_firecloud_[16, 18, 20, 22].xlsx  →  20240915_2ppm铜离子污染测试_旧版电解槽_ion_firecloud_[18, 20, 22, 24].xlsx)
      MISS: 24 -> 20   (20240915_2ppm铜离子污染测试_旧版电解槽_ion_firecloud_[18, 20, 22, 24].xlsx  →  20240915_2ppm铜离子污染测试_旧版电解槽_ion_firecloud_[20, 22, 24, 26].xlsx)

[PairDataset][Example pairs] (show up to 50)
  [1] A(idx=0) 20240918_2ppm钙离子污染测试_新版电解槽_ion_gamry_[10, 12, 14, 16].xlsx  times=[10, 12, 14, 16]
      → B(idx=0) 20240918_2ppm钙离子污染测试_新版电解槽_ion_gamry_[10, 12, 14, 16].xlsx  times=[10, 12, 14, 16]  dummy=True
  [2] A(idx=91) 20240918_2ppm钙离子污染测试_新版电解槽_ion_gamry_[14, 16, 18, 20].xlsx  times=[14, 16, 18, 20]
      → B(idx=91) 20240918_2ppm钙离子污染测试_新版电解槽_ion_gamry_[14, 16, 18, 20].xlsx  times=[14, 16, 18, 20]  dummy=True
  [3] A(idx=1) 20241028_2ppm钠离子污染和恢复测试_旧版电解槽_ion_column_renew_H2SO4_gamry_[2, 4, 6, 8].xlsx  times=[2, 4, 6, 8]
      → B(idx=1) 20241028_2ppm钠离子污染和恢复测试_旧版电解槽_ion_column_renew_H2SO4_gamry_[2, 4, 6, 8].xlsx  times=[2, 4, 6, 8]  dummy=True
  [4] A(idx=93) 20241028_2ppm钠离子污染和恢复测试_旧版电解槽_ion_column_renew_H2SO4_gamry_[4, 6, 8, 10].xlsx  times=[4, 6, 8, 10]
      → B(idx=93) 20241028_2ppm钠离子污染和恢复测试_旧版电解槽_ion_column_renew_H2SO4_gamry_[4, 6, 8, 10].xlsx  times=[4, 6, 8, 10]  dummy=True
  [5] A(idx=124) 20241010_2ppm钠离子污染测试_新版电解槽_ion_column_firecloud_[6, 8, 10, 12].xlsx  times=[6, 8, 10, 12]
      → B(idx=124) 20241010_2ppm钠离子污染测试_新版电解槽_ion_column_firecloud_[6, 8, 10, 12].xlsx  times=[6, 8, 10, 12]  dummy=True
  [6] A(idx=2) 20241010_2ppm钠离子污染测试_新版电解槽_ion_column_firecloud_[8, 10, 12, 14].xlsx  times=[8, 10, 12, 14]
      → B(idx=2) 20241010_2ppm钠离子污染测试_新版电解槽_ion_column_firecloud_[8, 10, 12, 14].xlsx  times=[8, 10, 12, 14]  dummy=True
  [7] A(idx=20) 20241101_2ppm铜离子污染和恢复测试_旧版电解槽_ion_firecloud_[0, 2, 4, 6].xlsx  times=[0, 2, 4, 6]
      → B(idx=20) 20241101_2ppm铜离子污染和恢复测试_旧版电解槽_ion_firecloud_[0, 2, 4, 6].xlsx  times=[0, 2, 4, 6]  dummy=True
  [8] A(idx=3) 20241101_2ppm铜离子污染和恢复测试_旧版电解槽_ion_firecloud_[10, 12, 14, 16].xlsx  times=[10, 12, 14, 16]
      → B(idx=3) 20241101_2ppm铜离子污染和恢复测试_旧版电解槽_ion_firecloud_[10, 12, 14, 16].xlsx  times=[10, 12, 14, 16]  dummy=True
  [9] A(idx=31) 20241101_2ppm铜离子污染和恢复测试_旧版电解槽_ion_firecloud_[20, 22, 24, 26].xlsx  times=[20, 22, 24, 26]
      → B(idx=31) 20241101_2ppm铜离子污染和恢复测试_旧版电解槽_ion_firecloud_[20, 22, 24, 26].xlsx  times=[20, 22, 24, 26]  dummy=True
  [10] A(idx=48) 20240831_10ppm镍离子污染测试_新版电解槽_ion_gamry_[0, 2, 4, 6].xlsx  times=[0, 2, 4, 6]
      → B(idx=48) 20240831_10ppm镍离子污染测试_新版电解槽_ion_gamry_[0, 2, 4, 6].xlsx  times=[0, 2, 4, 6]  dummy=True
  [11] A(idx=41) 20240831_10ppm镍离子污染测试_新版电解槽_ion_gamry_[4, 6, 8, 10].xlsx  times=[4, 6, 8, 10]
      → B(idx=41) 20240831_10ppm镍离子污染测试_新版电解槽_ion_gamry_[4, 6, 8, 10].xlsx  times=[4, 6, 8, 10]  dummy=True
  [12] A(idx=138) 20240831_10ppm镍离子污染测试_新版电解槽_ion_gamry_[16, 18, 20, 22].xlsx  times=[16, 18, 20, 22]
      → B(idx=138) 20240831_10ppm镍离子污染测试_新版电解槽_ion_gamry_[16, 18, 20, 22].xlsx  times=[16, 18, 20, 22]  dummy=True
  [13] A(idx=4) 20240831_10ppm镍离子污染测试_新版电解槽_ion_gamry_[18, 20, 22, 24].xlsx  times=[18, 20, 22, 24]
      → B(idx=4) 20240831_10ppm镍离子污染测试_新版电解槽_ion_gamry_[18, 20, 22, 24].xlsx  times=[18, 20, 22, 24]  dummy=True
  [14] A(idx=5) 20241122_2ppm铜离子污染及恢复测试40摄氏度_新版电解槽_ion_column_renew_H2SO4_gamry_[14, 16, 18, 20].xlsx  times=[14, 16, 18, 20]
      → B(idx=5) 20241122_2ppm铜离子污染及恢复测试40摄氏度_新版电解槽_ion_column_renew_H2SO4_gamry_[14, 16, 18, 20].xlsx  times=[14, 16, 18, 20]  dummy=True
  [15] A(idx=92) 20241010_2ppm钠离子污染测试_新版电解槽_ion_firecloud_[4, 6, 8, 10].xlsx  times=[4, 6, 8, 10]
      → B(idx=92) 20241010_2ppm钠离子污染测试_新版电解槽_ion_firecloud_[4, 6, 8, 10].xlsx  times=[4, 6, 8, 10]  dummy=True
  [16] A(idx=103) 20241010_2ppm钠离子污染测试_新版电解槽_ion_firecloud_[12, 14, 16, 18].xlsx  times=[12, 14, 16, 18]
      → B(idx=103) 20241010_2ppm钠离子污染测试_新版电解槽_ion_firecloud_[12, 14, 16, 18].xlsx  times=[12, 14, 16, 18]  dummy=True
  [17] A(idx=134) 20241010_2ppm钠离子污染测试_新版电解槽_ion_firecloud_[16, 18, 20, 22].xlsx  times=[16, 18, 20, 22]
      → B(idx=134) 20241010_2ppm钠离子污染测试_新版电解槽_ion_firecloud_[16, 18, 20, 22].xlsx  times=[16, 18, 20, 22]  dummy=True
  [18] A(idx=6) 20241010_2ppm钠离子污染测试_新版电解槽_ion_firecloud_[36, 38, 40, 42].xlsx  times=[36, 38, 40, 42]
      → B(idx=6) 20241010_2ppm钠离子污染测试_新版电解槽_ion_firecloud_[36, 38, 40, 42].xlsx  times=[36, 38, 40, 42]  dummy=True
  [19] A(idx=55) 20241029_2ppm铁离子污染和恢复测试_新版电解槽_ion_firecloud_[26, 28, 30, 32].xlsx  times=[26, 28, 30, 32]
      → B(idx=55) 20241029_2ppm铁离子污染和恢复测试_新版电解槽_ion_firecloud_[26, 28, 30, 32].xlsx  times=[26, 28, 30, 32]  dummy=True
  [20] A(idx=7) 20241029_2ppm铁离子污染和恢复测试_新版电解槽_ion_firecloud_[30, 32, 34, 36].xlsx  times=[30, 32, 34, 36]
      → B(idx=7) 20241029_2ppm铁离子污染和恢复测试_新版电解槽_ion_firecloud_[30, 32, 34, 36].xlsx  times=[30, 32, 34, 36]  dummy=True
  [21] A(idx=140) 20241029_2ppm铁离子污染和恢复测试_新版电解槽_ion_firecloud_[34, 36, 38, 40].xlsx  times=[34, 36, 38, 40]
      → B(idx=140) 20241029_2ppm铁离子污染和恢复测试_新版电解槽_ion_firecloud_[34, 36, 38, 40].xlsx  times=[34, 36, 38, 40]  dummy=True
  [22] A(idx=47) 20241029_2ppm铁离子污染和恢复测试_新版电解槽_ion_firecloud_[46, 48, 50, 52].xlsx  times=[46, 48, 50, 52]
      → B(idx=47) 20241029_2ppm铁离子污染和恢复测试_新版电解槽_ion_firecloud_[46, 48, 50, 52].xlsx  times=[46, 48, 50, 52]  dummy=True
  [23] A(idx=8) 20241227_10ppm铜离子污染及恢复测试_旧版电解槽_ion_column_renew_H2SO4_gamry_[8, 10, 12, 14].xlsx  times=[8, 10, 12, 14]
      → B(idx=8) 20241227_10ppm铜离子污染及恢复测试_旧版电解槽_ion_column_renew_H2SO4_gamry_[8, 10, 12, 14].xlsx  times=[8, 10, 12, 14]  dummy=True
  [24] A(idx=87) 20241227_10ppm铜离子污染及恢复测试_旧版电解槽_ion_column_renew_H2SO4_gamry_[24, 26, 28, 30].xlsx  times=[24, 26, 28, 30]
      → B(idx=87) 20241227_10ppm铜离子污染及恢复测试_旧版电解槽_ion_column_renew_H2SO4_gamry_[24, 26, 28, 30].xlsx  times=[24, 26, 28, 30]  dummy=True
  [25] A(idx=133) 20241227_10ppm铜离子污染及恢复测试_旧版电解槽_ion_column_renew_H2SO4_gamry_[26, 28, 30, 32].xlsx  times=[26, 28, 30, 32]
      → B(idx=133) 20241227_10ppm铜离子污染及恢复测试_旧版电解槽_ion_column_renew_H2SO4_gamry_[26, 28, 30, 32].xlsx  times=[26, 28, 30, 32]  dummy=True
  [26] A(idx=27) 20241017_2ppm铬离子污染和恢复测试_新版电解槽_ion_gamry_[0, 2, 4, 6].xlsx  times=[0, 2, 4, 6]
      → B(idx=27) 20241017_2ppm铬离子污染和恢复测试_新版电解槽_ion_gamry_[0, 2, 4, 6].xlsx  times=[0, 2, 4, 6]  dummy=True
  [27] A(idx=9) 20241017_2ppm铬离子污染和恢复测试_新版电解槽_ion_gamry_[20, 22, 24, 26].xlsx  times=[20, 22, 24, 26]
      → B(idx=9) 20241017_2ppm铬离子污染和恢复测试_新版电解槽_ion_gamry_[20, 22, 24, 26].xlsx  times=[20, 22, 24, 26]  dummy=True
  [28] A(idx=10) 20241024_2ppm铁离子污染和恢复测试_新版电解槽_ion_column_renew_H2SO4_firecloud_[12, 14, 16, 18].xlsx  times=[12, 14, 16, 18]
      → B(idx=135) 20241024_2ppm铁离子污染和恢复测试_新版电解槽_ion_column_renew_H2SO4_firecloud_[18, 20, 22, 24].xlsx  times=[18, 20, 22, 24]  dummy=False
  [29] A(idx=135) 20241024_2ppm铁离子污染和恢复测试_新版电解槽_ion_column_renew_H2SO4_firecloud_[18, 20, 22, 24].xlsx  times=[18, 20, 22, 24]
      → B(idx=135) 20241024_2ppm铁离子污染和恢复测试_新版电解槽_ion_column_renew_H2SO4_firecloud_[18, 20, 22, 24].xlsx  times=[18, 20, 22, 24]  dummy=True
  [30] A(idx=11) 20241117_2ppm钠离子污染及恢复测试10mlmin_旧版电解槽_ion_gamry_[2, 4, 6, 8].xlsx  times=[2, 4, 6, 8]
      → B(idx=11) 20241117_2ppm钠离子污染及恢复测试10mlmin_旧版电解槽_ion_gamry_[2, 4, 6, 8].xlsx  times=[2, 4, 6, 8]  dummy=True
  [31] A(idx=139) 20241117_2ppm钠离子污染及恢复测试10mlmin_旧版电解槽_ion_gamry_[10, 12, 14, 16].xlsx  times=[10, 12, 14, 16]
      → B(idx=139) 20241117_2ppm钠离子污染及恢复测试10mlmin_旧版电解槽_ion_gamry_[10, 12, 14, 16].xlsx  times=[10, 12, 14, 16]  dummy=True
  [32] A(idx=77) 20241117_2ppm钠离子污染及恢复测试10mlmin_旧版电解槽_ion_gamry_[30, 32, 34, 36].xlsx  times=[30, 32, 34, 36]
      → B(idx=77) 20241117_2ppm钠离子污染及恢复测试10mlmin_旧版电解槽_ion_gamry_[30, 32, 34, 36].xlsx  times=[30, 32, 34, 36]  dummy=True
  [33] A(idx=137) 20241211_2ppm铜离子污染及恢复测试80摄氏度_旧版电解槽_ion_gamry_[28, 30, 32, 34].xlsx  times=[28, 30, 32, 34]
      → B(idx=137) 20241211_2ppm铜离子污染及恢复测试80摄氏度_旧版电解槽_ion_gamry_[28, 30, 32, 34].xlsx  times=[28, 30, 32, 34]  dummy=True
  [34] A(idx=12) 20241211_2ppm铜离子污染及恢复测试80摄氏度_旧版电解槽_ion_gamry_[32, 34, 36, 38].xlsx  times=[32, 34, 36, 38]
      → B(idx=107) 20241211_2ppm铜离子污染及恢复测试80摄氏度_旧版电解槽_ion_gamry_[38, 40, 42, 44].xlsx  times=[38, 40, 42, 44]  dummy=False
  [35] A(idx=107) 20241211_2ppm铜离子污染及恢复测试80摄氏度_旧版电解槽_ion_gamry_[38, 40, 42, 44].xlsx  times=[38, 40, 42, 44]
      → B(idx=107) 20241211_2ppm铜离子污染及恢复测试80摄氏度_旧版电解槽_ion_gamry_[38, 40, 42, 44].xlsx  times=[38, 40, 42, 44]  dummy=True
  [36] A(idx=142) 20241213_2ppm钠离子污染及恢复测试_新版电解槽_ion_gamry_[0, 2, 4, 6].xlsx  times=[0, 2, 4, 6]
      → B(idx=142) 20241213_2ppm钠离子污染及恢复测试_新版电解槽_ion_gamry_[0, 2, 4, 6].xlsx  times=[0, 2, 4, 6]  dummy=True
  [37] A(idx=69) 20241213_2ppm钠离子污染及恢复测试_新版电解槽_ion_gamry_[2, 4, 6, 8].xlsx  times=[2, 4, 6, 8]
      → B(idx=69) 20241213_2ppm钠离子污染及恢复测试_新版电解槽_ion_gamry_[2, 4, 6, 8].xlsx  times=[2, 4, 6, 8]  dummy=True
  [38] A(idx=13) 20241213_2ppm钠离子污染及恢复测试_新版电解槽_ion_gamry_[22, 24, 26, 28].xlsx  times=[22, 24, 26, 28]
      → B(idx=13) 20241213_2ppm钠离子污染及恢复测试_新版电解槽_ion_gamry_[22, 24, 26, 28].xlsx  times=[22, 24, 26, 28]  dummy=True
  [39] A(idx=14) 20240822_10ppm铜离子污染测试_新版电解槽_ion_gamry_[10, 12, 14, 16].xlsx  times=[10, 12, 14, 16]
      → B(idx=14) 20240822_10ppm铜离子污染测试_新版电解槽_ion_gamry_[10, 12, 14, 16].xlsx  times=[10, 12, 14, 16]  dummy=True
  [40] A(idx=51) 20241112_2ppm钠离子污染和恢复测试80摄氏度_新版电解槽_ion_gamry_[28, 30, 32, 34].xlsx  times=[28, 30, 32, 34]
      → B(idx=125) 20241112_2ppm钠离子污染和恢复测试80摄氏度_新版电解槽_ion_gamry_[34, 36, 38, 40].xlsx  times=[34, 36, 38, 40]  dummy=False
  [41] A(idx=125) 20241112_2ppm钠离子污染和恢复测试80摄氏度_新版电解槽_ion_gamry_[34, 36, 38, 40].xlsx  times=[34, 36, 38, 40]
      → B(idx=125) 20241112_2ppm钠离子污染和恢复测试80摄氏度_新版电解槽_ion_gamry_[34, 36, 38, 40].xlsx  times=[34, 36, 38, 40]  dummy=True
  [42] A(idx=15) 20241112_2ppm钠离子污染和恢复测试80摄氏度_新版电解槽_ion_gamry_[36, 38, 40, 42].xlsx  times=[36, 38, 40, 42]
      → B(idx=15) 20241112_2ppm钠离子污染和恢复测试80摄氏度_新版电解槽_ion_gamry_[36, 38, 40, 42].xlsx  times=[36, 38, 40, 42]  dummy=True
  [43] A(idx=16) 20240831_10ppm镍离子污染测试_新版电解槽_ion_column_gamry_[0, 2, 4, 6].xlsx  times=[0, 2, 4, 6]
      → B(idx=16) 20240831_10ppm镍离子污染测试_新版电解槽_ion_column_gamry_[0, 2, 4, 6].xlsx  times=[0, 2, 4, 6]  dummy=True
  [44] A(idx=17) 20241112_2ppm镍离子污染及恢复测试_旧版电解槽_ion_column_gamry_[12, 14, 16, 18].xlsx  times=[12, 14, 16, 18]
      → B(idx=17) 20241112_2ppm镍离子污染及恢复测试_旧版电解槽_ion_column_gamry_[12, 14, 16, 18].xlsx  times=[12, 14, 16, 18]  dummy=True
  [45] A(idx=18) 20241013_2ppm铝离子污染测试_新版电解槽_ion_column_firecloud_[8, 10, 12, 14].xlsx  times=[8, 10, 12, 14]
      → B(idx=18) 20241013_2ppm铝离子污染测试_新版电解槽_ion_column_firecloud_[8, 10, 12, 14].xlsx  times=[8, 10, 12, 14]  dummy=True
  [46] A(idx=89) 20241013_2ppm铝离子污染测试_新版电解槽_ion_column_firecloud_[16, 18, 20, 22].xlsx  times=[16, 18, 20, 22]
      → B(idx=89) 20241013_2ppm铝离子污染测试_新版电解槽_ion_column_firecloud_[16, 18, 20, 22].xlsx  times=[16, 18, 20, 22]  dummy=True
  [47] A(idx=19) 20241024_2ppm铁离子污染和恢复测试_新版电解槽_ion_column_firecloud_[2, 4, 6, 8].xlsx  times=[2, 4, 6, 8]
      → B(idx=19) 20241024_2ppm铁离子污染和恢复测试_新版电解槽_ion_column_firecloud_[2, 4, 6, 8].xlsx  times=[2, 4, 6, 8]  dummy=True
  [48] A(idx=56) 20241024_2ppm铁离子污染和恢复测试_新版电解槽_ion_column_firecloud_[10, 12, 14, 16].xlsx  times=[10, 12, 14, 16]
      → B(idx=56) 20241024_2ppm铁离子污染和恢复测试_新版电解槽_ion_column_firecloud_[10, 12, 14, 16].xlsx  times=[10, 12, 14, 16]  dummy=True
  [49] A(idx=66) 20241024_2ppm铁离子污染和恢复测试_新版电解槽_ion_column_firecloud_[18, 20, 22, 24].xlsx  times=[18, 20, 22, 24]
      → B(idx=66) 20241024_2ppm铁离子污染和恢复测试_新版电解槽_ion_column_firecloud_[18, 20, 22, 24].xlsx  times=[18, 20, 22, 24]  dummy=True
  [50] A(idx=21) 20240918_2ppm钙离子污染测试_新版电解槽_ion_column_gamry_[2, 4, 6, 8].xlsx  times=[2, 4, 6, 8]
      → B(idx=21) 20240918_2ppm钙离子污染测试_新版电解槽_ion_column_gamry_[2, 4, 6, 8].xlsx  times=[2, 4, 6, 8]  dummy=True

[PairDataset][Summary]
- total files:        145
- parsed OK:          145
- regex fail:         0
- parse times fail:   0
- empty times:        0
- total pairs:        145  (keep_unpaired=self)
- distinct prefixes:  77
- prefixes coverage (first few):
  [1] 20240918_2ppm钙离子污染测试_新版电解槽_ion_gamry_[* -> windows=2, adj_pairs=0/1
  [2] 20241028_2ppm钠离子污染和恢复测试_旧版电解槽_ion_column_renew_H2SO4_gamry_[* -> windows=2, adj_pairs=0/1
  [3] 20241010_2ppm钠离子污染测试_新版电解槽_ion_column_firecloud_[* -> windows=2, adj_pairs=0/1
  [4] 20241101_2ppm铜离子污染和恢复测试_旧版电解槽_ion_firecloud_[* -> windows=3, adj_pairs=0/2
  [5] 20240831_10ppm镍离子污染测试_新版电解槽_ion_gamry_[* -> windows=4, adj_pairs=0/3
  [6] 20241122_2ppm铜离子污染及恢复测试40摄氏度_新版电解槽_ion_column_renew_H2SO4_gamry_[* -> windows=1, adj_pairs=0/0
  [7] 20241010_2ppm钠离子污染测试_新版电解槽_ion_firecloud_[* -> windows=4, adj_pairs=0/3
  [8] 20241029_2ppm铁离子污染和恢复测试_新版电解槽_ion_firecloud_[* -> windows=4, adj_pairs=0/3
  [9] 20241227_10ppm铜离子污染及恢复测试_旧版电解槽_ion_column_renew_H2SO4_gamry_[* -> windows=3, adj_pairs=0/2
  [10] 20241017_2ppm铬离子污染和恢复测试_新版电解槽_ion_gamry_[* -> windows=2, adj_pairs=0/1
- unadjacent gaps samples: 136 (showing first 0)
num base train samples: 636
num base val   samples: 145
num pair train samples: 636
num pair val   samples: 145
dummy_mask[0] = False
🧩 新模型: 177,095 参数 (177,095 可训练)
📝 TensorBoard 日志目录: /home/kudouzala/Application/ion_detect/output/tensorboard/exp_new_a_num_tp4
🔥 Warmup: 100 epochs (LR × 0.01 → 1.0)
📈 Cosine Annealing LR 调度 (T_max=900)
[New] Epoch 1/1000 | classify: 4.5331 | total: 4.5331
[New] Epoch 2/1000 | classify: 4.3657 | total: 4.3657
[New] Epoch 3/1000 | classify: 4.5226 | total: 4.5226
[New] Epoch 4/1000 | classify: 4.3757 | total: 4.3757
[New] Epoch 5/1000 | classify: 4.2479 | total: 4.2479
[New] Epoch 6/1000 | classify: 4.1659 | total: 4.1659
[New] Epoch 7/1000 | classify: 4.2701 | total: 4.2701
[New] Epoch 8/1000 | classify: 4.1013 | total: 4.1013
[New] Epoch 9/1000 | classify: 3.9537 | total: 3.9537
[New] Epoch 10/1000 | classify: 4.0241 | total: 4.0241
--- 验证集 [epoch 10] ---
  准确率 (Accuracy):  0.4759
  精确率 (Precision): 0.0680
  召回率 (Recall):    0.1429
  F1 分数 (F1):       0.0921
✅ 模型已保存到 /home/kudouzala/Application/ion_detect/output/trained_model_save/exp_new_a_num_tp4/trained_model_epoch_best.pth
  🏆 新最佳 F1=0.0921，已保存 best 模型
[New] Epoch 11/1000 | classify: 3.9546 | total: 3.9546
[New] Epoch 12/1000 | classify: 3.7456 | total: 3.7456
[New] Epoch 13/1000 | classify: 3.7953 | total: 3.7953
[New] Epoch 14/1000 | classify: 3.7829 | total: 3.7829
[New] Epoch 15/1000 | classify: 3.4597 | total: 3.4597
[New] Epoch 16/1000 | classify: 3.4549 | total: 3.4549
[New] Epoch 17/1000 | classify: 3.4097 | total: 3.4097
[New] Epoch 18/1000 | classify: 3.6148 | total: 3.6148
[New] Epoch 19/1000 | classify: 3.1283 | total: 3.1283
[New] Epoch 20/1000 | classify: 3.2151 | total: 3.2151
--- 验证集 [epoch 20] ---
  准确率 (Accuracy):  0.6069
  精确率 (Precision): 0.2180
  召回率 (Recall):    0.3165
  F1 分数 (F1):       0.2552
✅ 模型已保存到 /home/kudouzala/Application/ion_detect/output/trained_model_save/exp_new_a_num_tp4/trained_model_epoch_best.pth
  🏆 新最佳 F1=0.2552，已保存 best 模型
[New] Epoch 21/1000 | classify: 3.1328 | total: 3.1328
[New] Epoch 22/1000 | classify: 3.3746 | total: 3.3746
[New] Epoch 23/1000 | classify: 3.0931 | total: 3.0931
[New] Epoch 24/1000 | classify: 2.8272 | total: 2.8272
[New] Epoch 25/1000 | classify: 3.0069 | total: 3.0069
[New] Epoch 26/1000 | classify: 3.0538 | total: 3.0538
[New] Epoch 27/1000 | classify: 3.1060 | total: 3.1060
[New] Epoch 28/1000 | classify: 3.2161 | total: 3.2161
[New] Epoch 29/1000 | classify: 3.0167 | total: 3.0167
[New] Epoch 30/1000 | classify: 3.2594 | total: 3.2594
--- 验证集 [epoch 30] ---
  准确率 (Accuracy):  0.5586
  精确率 (Precision): 0.2862
  召回率 (Recall):    0.3414
  F1 分数 (F1):       0.2806
✅ 模型已保存到 /home/kudouzala/Application/ion_detect/output/trained_model_save/exp_new_a_num_tp4/trained_model_epoch_best.pth
  🏆 新最佳 F1=0.2806，已保存 best 模型
[New] Epoch 31/1000 | classify: 3.1157 | total: 3.1157
[New] Epoch 32/1000 | classify: 2.9755 | total: 2.9755
[New] Epoch 33/1000 | classify: 2.9374 | total: 2.9374
[New] Epoch 34/1000 | classify: 2.7209 | total: 2.7209
[New] Epoch 35/1000 | classify: 2.5663 | total: 2.5663
[New] Epoch 36/1000 | classify: 2.8456 | total: 2.8456
[New] Epoch 37/1000 | classify: 2.6759 | total: 2.6759
[New] Epoch 38/1000 | classify: 2.9911 | total: 2.9911
[New] Epoch 39/1000 | classify: 2.8676 | total: 2.8676
[New] Epoch 40/1000 | classify: 2.8663 | total: 2.8663
--- 验证集 [epoch 40] ---
  准确率 (Accuracy):  0.6138
  精确率 (Precision): 0.3834
  召回率 (Recall):    0.4061
  F1 分数 (F1):       0.3503
✅ 模型已保存到 /home/kudouzala/Application/ion_detect/output/trained_model_save/exp_new_a_num_tp4/trained_model_epoch_best.pth
  🏆 新最佳 F1=0.3503，已保存 best 模型
[New] Epoch 41/1000 | classify: 2.7241 | total: 2.7241
[New] Epoch 42/1000 | classify: 2.6831 | total: 2.6831
[New] Epoch 43/1000 | classify: 2.6121 | total: 2.6121
[New] Epoch 44/1000 | classify: 2.5902 | total: 2.5902
[New] Epoch 45/1000 | classify: 2.6461 | total: 2.6461
[New] Epoch 46/1000 | classify: 2.6679 | total: 2.6679
[New] Epoch 47/1000 | classify: 2.8187 | total: 2.8187
[New] Epoch 48/1000 | classify: 2.5022 | total: 2.5022
[New] Epoch 49/1000 | classify: 2.5604 | total: 2.5604
[New] Epoch 50/1000 | classify: 2.2578 | total: 2.2578
--- 验证集 [epoch 50] ---
  准确率 (Accuracy):  0.7034
  精确率 (Precision): 0.5678
  召回率 (Recall):    0.5266
  F1 分数 (F1):       0.5023
✅ 模型已保存到 /home/kudouzala/Application/ion_detect/output/trained_model_save/exp_new_a_num_tp4/trained_model_epoch_best.pth
  🏆 新最佳 F1=0.5023，已保存 best 模型
✅ 模型已保存到 /home/kudouzala/Application/ion_detect/output/trained_model_save/exp_new_a_num_tp4/trained_model_epoch_50.pth
📁 损失值已保存到 /home/kudouzala/Application/ion_detect/output/trained_model_save/exp_new_a_num_tp4/training_loss_epoch_50.csv
[New] Epoch 51/1000 | classify: 2.5048 | total: 2.5048
[New] Epoch 52/1000 | classify: 2.5250 | total: 2.5250
[New] Epoch 53/1000 | classify: 2.3708 | total: 2.3708
[New] Epoch 54/1000 | classify: 2.2313 | total: 2.2313
[New] Epoch 55/1000 | classify: 2.2476 | total: 2.2476
[New] Epoch 56/1000 | classify: 2.3844 | total: 2.3844
[New] Epoch 57/1000 | classify: 2.1849 | total: 2.1849
[New] Epoch 58/1000 | classify: 2.1730 | total: 2.1730
[New] Epoch 59/1000 | classify: 2.1696 | total: 2.1696
[New] Epoch 60/1000 | classify: 2.0707 | total: 2.0707
--- 验证集 [epoch 60] ---
  准确率 (Accuracy):  0.7103
  精确率 (Precision): 0.5313
  召回率 (Recall):    0.5385
  F1 分数 (F1):       0.5199
✅ 模型已保存到 /home/kudouzala/Application/ion_detect/output/trained_model_save/exp_new_a_num_tp4/trained_model_epoch_best.pth
  🏆 新最佳 F1=0.5199，已保存 best 模型
[New] Epoch 61/1000 | classify: 2.0666 | total: 2.0666
[New] Epoch 62/1000 | classify: 2.0365 | total: 2.0365
[New] Epoch 63/1000 | classify: 1.8103 | total: 1.8103
[New] Epoch 64/1000 | classify: 2.1140 | total: 2.1140
[New] Epoch 65/1000 | classify: 1.8075 | total: 1.8075
[New] Epoch 66/1000 | classify: 1.8518 | total: 1.8518
[New] Epoch 67/1000 | classify: 1.9131 | total: 1.9131
[New] Epoch 68/1000 | classify: 1.7564 | total: 1.7564
[New] Epoch 69/1000 | classify: 1.9139 | total: 1.9139
[New] Epoch 70/1000 | classify: 1.7598 | total: 1.7598
--- 验证集 [epoch 70] ---
  准确率 (Accuracy):  0.6828
  精确率 (Precision): 0.4852
  召回率 (Recall):    0.5502
  F1 分数 (F1):       0.5075
[New] Epoch 71/1000 | classify: 1.7704 | total: 1.7704
[New] Epoch 72/1000 | classify: 1.9151 | total: 1.9151
[New] Epoch 73/1000 | classify: 1.6275 | total: 1.6275
[New] Epoch 74/1000 | classify: 1.6429 | total: 1.6429
[New] Epoch 75/1000 | classify: 1.6965 | total: 1.6965
[New] Epoch 76/1000 | classify: 1.5818 | total: 1.5818
[New] Epoch 77/1000 | classify: 1.7139 | total: 1.7139
[New] Epoch 78/1000 | classify: 1.6104 | total: 1.6104
[New] Epoch 79/1000 | classify: 1.4967 | total: 1.4967
[New] Epoch 80/1000 | classify: 1.6630 | total: 1.6630
--- 验证集 [epoch 80] ---
  准确率 (Accuracy):  0.6759
  精确率 (Precision): 0.6422
  召回率 (Recall):    0.5728
  F1 分数 (F1):       0.5536
✅ 模型已保存到 /home/kudouzala/Application/ion_detect/output/trained_model_save/exp_new_a_num_tp4/trained_model_epoch_best.pth
  🏆 新最佳 F1=0.5536，已保存 best 模型
[New] Epoch 81/1000 | classify: 1.6408 | total: 1.6408
[New] Epoch 82/1000 | classify: 1.4798 | total: 1.4798
[New] Epoch 83/1000 | classify: 1.4924 | total: 1.4924
[New] Epoch 84/1000 | classify: 1.6121 | total: 1.6121
[New] Epoch 85/1000 | classify: 1.5370 | total: 1.5370
[New] Epoch 86/1000 | classify: 1.5226 | total: 1.5226
[New] Epoch 87/1000 | classify: 1.4778 | total: 1.4778
[New] Epoch 88/1000 | classify: 1.2892 | total: 1.2892
[New] Epoch 89/1000 | classify: 1.2171 | total: 1.2171
[New] Epoch 90/1000 | classify: 1.3578 | total: 1.3578
--- 验证集 [epoch 90] ---
  准确率 (Accuracy):  0.7448
  精确率 (Precision): 0.6769
  召回率 (Recall):    0.6038
  F1 分数 (F1):       0.5802
✅ 模型已保存到 /home/kudouzala/Application/ion_detect/output/trained_model_save/exp_new_a_num_tp4/trained_model_epoch_best.pth
  🏆 新最佳 F1=0.5802，已保存 best 模型
[New] Epoch 91/1000 | classify: 1.5016 | total: 1.5016
[New] Epoch 92/1000 | classify: 1.2943 | total: 1.2943
[New] Epoch 93/1000 | classify: 1.2939 | total: 1.2939
[New] Epoch 94/1000 | classify: 1.2619 | total: 1.2619
[New] Epoch 95/1000 | classify: 1.1728 | total: 1.1728
[New] Epoch 96/1000 | classify: 1.3858 | total: 1.3858
[New] Epoch 97/1000 | classify: 1.1579 | total: 1.1579
[New] Epoch 98/1000 | classify: 1.1991 | total: 1.1991
[New] Epoch 99/1000 | classify: 1.3371 | total: 1.3371
[New] Epoch 100/1000 | classify: 1.1908 | total: 1.1908
--- 验证集 [epoch 100] ---
  准确率 (Accuracy):  0.6966
  精确率 (Precision): 0.5615
  召回率 (Recall):    0.5737
  F1 分数 (F1):       0.5590
✅ 模型已保存到 /home/kudouzala/Application/ion_detect/output/trained_model_save/exp_new_a_num_tp4/trained_model_epoch_100.pth
📁 损失值已保存到 /home/kudouzala/Application/ion_detect/output/trained_model_save/exp_new_a_num_tp4/training_loss_epoch_100.csv
[New] Epoch 101/1000 | classify: 1.0607 | total: 1.0607
[New] Epoch 102/1000 | classify: 1.1794 | total: 1.1794
[New] Epoch 103/1000 | classify: 1.3154 | total: 1.3154
[New] Epoch 104/1000 | classify: 1.2393 | total: 1.2393
[New] Epoch 105/1000 | classify: 1.4126 | total: 1.4126
[New] Epoch 106/1000 | classify: 1.1316 | total: 1.1316
[New] Epoch 107/1000 | classify: 1.1400 | total: 1.1400
[New] Epoch 108/1000 | classify: 1.0923 | total: 1.0923
[New] Epoch 109/1000 | classify: 1.0682 | total: 1.0682
[New] Epoch 110/1000 | classify: 1.1016 | total: 1.1016
--- 验证集 [epoch 110] ---
  准确率 (Accuracy):  0.7310
  精确率 (Precision): 0.5837
  召回率 (Recall):    0.5811
  F1 分数 (F1):       0.5721
[New] Epoch 111/1000 | classify: 1.1956 | total: 1.1956
[New] Epoch 112/1000 | classify: 1.0236 | total: 1.0236
[New] Epoch 113/1000 | classify: 1.1387 | total: 1.1387
[New] Epoch 114/1000 | classify: 1.0344 | total: 1.0344
[New] Epoch 115/1000 | classify: 1.0011 | total: 1.0011
[New] Epoch 116/1000 | classify: 1.0513 | total: 1.0513
[New] Epoch 117/1000 | classify: 1.0928 | total: 1.0928
[New] Epoch 118/1000 | classify: 1.2290 | total: 1.2290
[New] Epoch 119/1000 | classify: 0.9432 | total: 0.9432
[New] Epoch 120/1000 | classify: 1.0238 | total: 1.0238
--- 验证集 [epoch 120] ---
  准确率 (Accuracy):  0.7172
  精确率 (Precision): 0.6007
  召回率 (Recall):    0.5856
  F1 分数 (F1):       0.5777
[New] Epoch 121/1000 | classify: 1.1273 | total: 1.1273
[New] Epoch 122/1000 | classify: 0.8777 | total: 0.8777
[New] Epoch 123/1000 | classify: 0.9556 | total: 0.9556
[New] Epoch 124/1000 | classify: 0.9664 | total: 0.9664
[New] Epoch 125/1000 | classify: 1.0100 | total: 1.0100
[New] Epoch 126/1000 | classify: 0.9940 | total: 0.9940
[New] Epoch 127/1000 | classify: 1.0039 | total: 1.0039
[New] Epoch 128/1000 | classify: 1.1518 | total: 1.1518
[New] Epoch 129/1000 | classify: 0.9149 | total: 0.9149
[New] Epoch 130/1000 | classify: 0.9777 | total: 0.9777
--- 验证集 [epoch 130] ---
  准确率 (Accuracy):  0.7724
  精确率 (Precision): 0.6581
  召回率 (Recall):    0.6415
  F1 分数 (F1):       0.6446
✅ 模型已保存到 /home/kudouzala/Application/ion_detect/output/trained_model_save/exp_new_a_num_tp4/trained_model_epoch_best.pth
  🏆 新最佳 F1=0.6446，已保存 best 模型
[New] Epoch 131/1000 | classify: 0.9134 | total: 0.9134
[New] Epoch 132/1000 | classify: 0.8597 | total: 0.8597
[New] Epoch 133/1000 | classify: 1.0395 | total: 1.0395
[New] Epoch 134/1000 | classify: 0.9062 | total: 0.9062
[New] Epoch 135/1000 | classify: 0.9161 | total: 0.9161
[New] Epoch 136/1000 | classify: 1.0215 | total: 1.0215
[New] Epoch 137/1000 | classify: 0.9526 | total: 0.9526
[New] Epoch 138/1000 | classify: 1.1632 | total: 1.1632
[New] Epoch 139/1000 | classify: 1.0629 | total: 1.0629
[New] Epoch 140/1000 | classify: 1.0634 | total: 1.0634
--- 验证集 [epoch 140] ---
  准确率 (Accuracy):  0.7793
  精确率 (Precision): 0.7044
  召回率 (Recall):    0.6657
  F1 分数 (F1):       0.6780
✅ 模型已保存到 /home/kudouzala/Application/ion_detect/output/trained_model_save/exp_new_a_num_tp4/trained_model_epoch_best.pth
  🏆 新最佳 F1=0.6780，已保存 best 模型
[New] Epoch 141/1000 | classify: 1.0913 | total: 1.0913
[New] Epoch 142/1000 | classify: 0.9959 | total: 0.9959
[New] Epoch 143/1000 | classify: 1.1022 | total: 1.1022
[New] Epoch 144/1000 | classify: 1.0574 | total: 1.0574
[New] Epoch 145/1000 | classify: 1.3651 | total: 1.3651
[New] Epoch 146/1000 | classify: 1.0015 | total: 1.0015
[New] Epoch 147/1000 | classify: 0.8889 | total: 0.8889
[New] Epoch 148/1000 | classify: 0.9019 | total: 0.9019
[New] Epoch 149/1000 | classify: 1.0258 | total: 1.0258
[New] Epoch 150/1000 | classify: 0.8382 | total: 0.8382
--- 验证集 [epoch 150] ---
  准确率 (Accuracy):  0.7724
  精确率 (Precision): 0.6907
  召回率 (Recall):    0.6405
  F1 分数 (F1):       0.6523
✅ 模型已保存到 /home/kudouzala/Application/ion_detect/output/trained_model_save/exp_new_a_num_tp4/trained_model_epoch_150.pth
📁 损失值已保存到 /home/kudouzala/Application/ion_detect/output/trained_model_save/exp_new_a_num_tp4/training_loss_epoch_150.csv
[New] Epoch 151/1000 | classify: 0.7823 | total: 0.7823
[New] Epoch 152/1000 | classify: 1.0311 | total: 1.0311
[New] Epoch 153/1000 | classify: 0.8590 | total: 0.8590
[New] Epoch 154/1000 | classify: 0.8677 | total: 0.8677
[New] Epoch 155/1000 | classify: 0.9695 | total: 0.9695
[New] Epoch 156/1000 | classify: 0.9799 | total: 0.9799
[New] Epoch 157/1000 | classify: 0.9915 | total: 0.9915
[New] Epoch 158/1000 | classify: 0.7703 | total: 0.7703
[New] Epoch 159/1000 | classify: 0.9801 | total: 0.9801
[New] Epoch 160/1000 | classify: 0.9922 | total: 0.9922
--- 验证集 [epoch 160] ---
  准确率 (Accuracy):  0.7586
  精确率 (Precision): 0.6300
  召回率 (Recall):    0.6277
  F1 分数 (F1):       0.6266
[New] Epoch 161/1000 | classify: 0.7571 | total: 0.7571
[New] Epoch 162/1000 | classify: 0.8531 | total: 0.8531
[New] Epoch 163/1000 | classify: 0.8541 | total: 0.8541
[New] Epoch 164/1000 | classify: 0.8560 | total: 0.8560
[New] Epoch 165/1000 | classify: 0.9235 | total: 0.9235
[New] Epoch 166/1000 | classify: 1.0279 | total: 1.0279
[New] Epoch 167/1000 | classify: 1.0572 | total: 1.0572
[New] Epoch 168/1000 | classify: 0.8776 | total: 0.8776
[New] Epoch 169/1000 | classify: 0.8770 | total: 0.8770
[New] Epoch 170/1000 | classify: 0.8531 | total: 0.8531
--- 验证集 [epoch 170] ---
  准确率 (Accuracy):  0.7655
  精确率 (Precision): 0.6479
  召回率 (Recall):    0.6260
  F1 分数 (F1):       0.6349
[New] Epoch 171/1000 | classify: 0.8799 | total: 0.8799
[New] Epoch 172/1000 | classify: 0.8061 | total: 0.8061
[New] Epoch 173/1000 | classify: 0.7026 | total: 0.7026
[New] Epoch 174/1000 | classify: 1.0295 | total: 1.0295
[New] Epoch 175/1000 | classify: 0.7795 | total: 0.7795
[New] Epoch 176/1000 | classify: 0.7887 | total: 0.7887
[New] Epoch 177/1000 | classify: 0.8928 | total: 0.8928
[New] Epoch 178/1000 | classify: 0.8465 | total: 0.8465
[New] Epoch 179/1000 | classify: 0.8630 | total: 0.8630
[New] Epoch 180/1000 | classify: 0.7350 | total: 0.7350
--- 验证集 [epoch 180] ---
  准确率 (Accuracy):  0.7655
  精确率 (Precision): 0.6972
  召回率 (Recall):    0.6238
  F1 分数 (F1):       0.6400
[New] Epoch 181/1000 | classify: 0.9722 | total: 0.9722
[New] Epoch 182/1000 | classify: 0.8154 | total: 0.8154
[New] Epoch 183/1000 | classify: 0.7365 | total: 0.7365
[New] Epoch 184/1000 | classify: 0.8498 | total: 0.8498
[New] Epoch 185/1000 | classify: 0.8639 | total: 0.8639
[New] Epoch 186/1000 | classify: 0.8552 | total: 0.8552
[New] Epoch 187/1000 | classify: 0.8743 | total: 0.8743
[New] Epoch 188/1000 | classify: 0.7829 | total: 0.7829
[New] Epoch 189/1000 | classify: 0.9706 | total: 0.9706
[New] Epoch 190/1000 | classify: 0.9101 | total: 0.9101
--- 验证集 [epoch 190] ---
  准确率 (Accuracy):  0.7586
  精确率 (Precision): 0.6929
  召回率 (Recall):    0.6337
  F1 分数 (F1):       0.6459
[New] Epoch 191/1000 | classify: 0.7697 | total: 0.7697
[New] Epoch 192/1000 | classify: 0.8282 | total: 0.8282
[New] Epoch 193/1000 | classify: 0.9143 | total: 0.9143
[New] Epoch 194/1000 | classify: 0.8433 | total: 0.8433
[New] Epoch 195/1000 | classify: 0.8052 | total: 0.8052
[New] Epoch 196/1000 | classify: 0.9281 | total: 0.9281
[New] Epoch 197/1000 | classify: 0.6211 | total: 0.6211
[New] Epoch 198/1000 | classify: 0.8084 | total: 0.8084
[New] Epoch 199/1000 | classify: 0.7153 | total: 0.7153
[New] Epoch 200/1000 | classify: 0.7091 | total: 0.7091
--- 验证集 [epoch 200] ---
  准确率 (Accuracy):  0.7655
  精确率 (Precision): 0.7090
  召回率 (Recall):    0.6652
  F1 分数 (F1):       0.6736
✅ 模型已保存到 /home/kudouzala/Application/ion_detect/output/trained_model_save/exp_new_a_num_tp4/trained_model_epoch_200.pth
📁 损失值已保存到 /home/kudouzala/Application/ion_detect/output/trained_model_save/exp_new_a_num_tp4/training_loss_epoch_200.csv
[New] Epoch 201/1000 | classify: 0.7771 | total: 0.7771
[New] Epoch 202/1000 | classify: 0.8683 | total: 0.8683
[New] Epoch 203/1000 | classify: 0.7290 | total: 0.7290
[New] Epoch 204/1000 | classify: 0.8114 | total: 0.8114
[New] Epoch 205/1000 | classify: 0.6919 | total: 0.6919
[New] Epoch 206/1000 | classify: 0.8944 | total: 0.8944
[New] Epoch 207/1000 | classify: 0.6927 | total: 0.6927
[New] Epoch 208/1000 | classify: 0.7737 | total: 0.7737
[New] Epoch 209/1000 | classify: 0.8338 | total: 0.8338
[New] Epoch 210/1000 | classify: 0.8549 | total: 0.8549
--- 验证集 [epoch 210] ---
  准确率 (Accuracy):  0.7724
  精确率 (Precision): 0.6777
  召回率 (Recall):    0.6488
  F1 分数 (F1):       0.6564
[New] Epoch 211/1000 | classify: 0.7639 | total: 0.7639
[New] Epoch 212/1000 | classify: 0.7381 | total: 0.7381
[New] Epoch 213/1000 | classify: 0.6865 | total: 0.6865
[New] Epoch 214/1000 | classify: 0.6137 | total: 0.6137
[New] Epoch 215/1000 | classify: 0.7810 | total: 0.7810
[New] Epoch 216/1000 | classify: 0.7684 | total: 0.7684
[New] Epoch 217/1000 | classify: 0.8110 | total: 0.8110
[New] Epoch 218/1000 | classify: 0.8046 | total: 0.8046
[New] Epoch 219/1000 | classify: 0.4711 | total: 0.4711
[New] Epoch 220/1000 | classify: 1.1078 | total: 1.1078
--- 验证集 [epoch 220] ---
  准确率 (Accuracy):  0.7517
  精确率 (Precision): 0.6469
  召回率 (Recall):    0.6279
  F1 分数 (F1):       0.6290
[New] Epoch 221/1000 | classify: 0.7718 | total: 0.7718
[New] Epoch 222/1000 | classify: 0.6997 | total: 0.6997
[New] Epoch 223/1000 | classify: 0.7253 | total: 0.7253
[New] Epoch 224/1000 | classify: 0.8716 | total: 0.8716
[New] Epoch 225/1000 | classify: 0.7503 | total: 0.7503
[New] Epoch 226/1000 | classify: 1.0414 | total: 1.0414
[New] Epoch 227/1000 | classify: 0.7182 | total: 0.7182
[New] Epoch 228/1000 | classify: 0.6331 | total: 0.6331
[New] Epoch 229/1000 | classify: 0.7371 | total: 0.7371
[New] Epoch 230/1000 | classify: 0.8504 | total: 0.8504
--- 验证集 [epoch 230] ---
  准确率 (Accuracy):  0.7517
  精确率 (Precision): 0.6238
  召回率 (Recall):    0.6267
  F1 分数 (F1):       0.6227
[New] Epoch 231/1000 | classify: 0.6513 | total: 0.6513
[New] Epoch 232/1000 | classify: 0.8233 | total: 0.8233
[New] Epoch 233/1000 | classify: 0.8522 | total: 0.8522
[New] Epoch 234/1000 | classify: 0.7728 | total: 0.7728
[New] Epoch 235/1000 | classify: 0.7947 | total: 0.7947
[New] Epoch 236/1000 | classify: 0.7870 | total: 0.7870
[New] Epoch 237/1000 | classify: 0.7871 | total: 0.7871
[New] Epoch 238/1000 | classify: 0.7815 | total: 0.7815
[New] Epoch 239/1000 | classify: 0.8680 | total: 0.8680
[New] Epoch 240/1000 | classify: 0.6640 | total: 0.6640
--- 验证集 [epoch 240] ---
  准确率 (Accuracy):  0.7655
  精确率 (Precision): 0.6835
  召回率 (Recall):    0.6309
  F1 分数 (F1):       0.6504
[New] Epoch 241/1000 | classify: 0.8742 | total: 0.8742
[New] Epoch 242/1000 | classify: 0.7288 | total: 0.7288
[New] Epoch 243/1000 | classify: 0.8182 | total: 0.8182
[New] Epoch 244/1000 | classify: 0.7100 | total: 0.7100
[New] Epoch 245/1000 | classify: 0.7522 | total: 0.7522
[New] Epoch 246/1000 | classify: 0.6104 | total: 0.6104
[New] Epoch 247/1000 | classify: 0.5812 | total: 0.5812
[New] Epoch 248/1000 | classify: 0.8018 | total: 0.8018
[New] Epoch 249/1000 | classify: 0.7283 | total: 0.7283
[New] Epoch 250/1000 | classify: 0.8745 | total: 0.8745
--- 验证集 [epoch 250] ---
  准确率 (Accuracy):  0.7655
  精确率 (Precision): 0.6534
  召回率 (Recall):    0.6573
  F1 分数 (F1):       0.6530
✅ 模型已保存到 /home/kudouzala/Application/ion_detect/output/trained_model_save/exp_new_a_num_tp4/trained_model_epoch_250.pth
📁 损失值已保存到 /home/kudouzala/Application/ion_detect/output/trained_model_save/exp_new_a_num_tp4/training_loss_epoch_250.csv
[New] Epoch 251/1000 | classify: 0.7173 | total: 0.7173
[New] Epoch 252/1000 | classify: 0.5915 | total: 0.5915
[New] Epoch 253/1000 | classify: 0.6552 | total: 0.6552
[New] Epoch 254/1000 | classify: 0.8098 | total: 0.8098
[New] Epoch 255/1000 | classify: 0.6702 | total: 0.6702
[New] Epoch 256/1000 | classify: 0.7289 | total: 0.7289
[New] Epoch 257/1000 | classify: 0.7843 | total: 0.7843
[New] Epoch 258/1000 | classify: 0.7721 | total: 0.7721
[New] Epoch 259/1000 | classify: 0.6490 | total: 0.6490
[New] Epoch 260/1000 | classify: 0.7694 | total: 0.7694
--- 验证集 [epoch 260] ---
  准确率 (Accuracy):  0.7655
  精确率 (Precision): 0.6877
  召回率 (Recall):    0.6379
  F1 分数 (F1):       0.6556
[New] Epoch 261/1000 | classify: 0.5855 | total: 0.5855
[New] Epoch 262/1000 | classify: 0.8510 | total: 0.8510
[New] Epoch 263/1000 | classify: 0.6319 | total: 0.6319
[New] Epoch 264/1000 | classify: 0.6315 | total: 0.6315
[New] Epoch 265/1000 | classify: 0.8140 | total: 0.8140
[New] Epoch 266/1000 | classify: 0.6643 | total: 0.6643
[New] Epoch 267/1000 | classify: 0.7850 | total: 0.7850
[New] Epoch 268/1000 | classify: 0.7441 | total: 0.7441
[New] Epoch 269/1000 | classify: 0.7416 | total: 0.7416
[New] Epoch 270/1000 | classify: 0.8929 | total: 0.8929
--- 验证集 [epoch 270] ---
  准确率 (Accuracy):  0.7655
  精确率 (Precision): 0.6894
  召回率 (Recall):    0.6249
  F1 分数 (F1):       0.6461
[New] Epoch 271/1000 | classify: 0.6762 | total: 0.6762
[New] Epoch 272/1000 | classify: 0.8234 | total: 0.8234
[New] Epoch 273/1000 | classify: 0.5460 | total: 0.5460
[New] Epoch 274/1000 | classify: 0.6436 | total: 0.6436
[New] Epoch 275/1000 | classify: 0.5669 | total: 0.5669
[New] Epoch 276/1000 | classify: 0.7074 | total: 0.7074
[New] Epoch 277/1000 | classify: 0.8011 | total: 0.8011
[New] Epoch 278/1000 | classify: 0.7017 | total: 0.7017
[New] Epoch 279/1000 | classify: 0.6330 | total: 0.6330
[New] Epoch 280/1000 | classify: 0.5769 | total: 0.5769
--- 验证集 [epoch 280] ---
  准确率 (Accuracy):  0.7724
  精确率 (Precision): 0.6614
  召回率 (Recall):    0.6547
  F1 分数 (F1):       0.6559
[New] Epoch 281/1000 | classify: 0.6056 | total: 0.6056
[New] Epoch 282/1000 | classify: 0.5492 | total: 0.5492
[New] Epoch 283/1000 | classify: 0.6675 | total: 0.6675
[New] Epoch 284/1000 | classify: 0.5441 | total: 0.5441
[New] Epoch 285/1000 | classify: 0.5320 | total: 0.5320
[New] Epoch 286/1000 | classify: 0.7263 | total: 0.7263
[New] Epoch 287/1000 | classify: 0.6681 | total: 0.6681
[New] Epoch 288/1000 | classify: 0.6632 | total: 0.6632
[New] Epoch 289/1000 | classify: 0.7461 | total: 0.7461
[New] Epoch 290/1000 | classify: 0.5240 | total: 0.5240
--- 验证集 [epoch 290] ---
  准确率 (Accuracy):  0.7655
  精确率 (Precision): 0.6579
  召回率 (Recall):    0.6599
  F1 分数 (F1):       0.6494
[New] Epoch 291/1000 | classify: 0.5916 | total: 0.5916
[New] Epoch 292/1000 | classify: 0.8105 | total: 0.8105
[New] Epoch 293/1000 | classify: 0.7158 | total: 0.7158
[New] Epoch 294/1000 | classify: 0.6076 | total: 0.6076
[New] Epoch 295/1000 | classify: 0.4630 | total: 0.4630
[New] Epoch 296/1000 | classify: 0.7641 | total: 0.7641
[New] Epoch 297/1000 | classify: 0.7664 | total: 0.7664
[New] Epoch 298/1000 | classify: 0.6368 | total: 0.6368
[New] Epoch 299/1000 | classify: 0.5831 | total: 0.5831
[New] Epoch 300/1000 | classify: 0.5943 | total: 0.5943
--- 验证集 [epoch 300] ---
  准确率 (Accuracy):  0.7586
  精确率 (Precision): 0.6917
  召回率 (Recall):    0.6396
  F1 分数 (F1):       0.6464
✅ 模型已保存到 /home/kudouzala/Application/ion_detect/output/trained_model_save/exp_new_a_num_tp4/trained_model_epoch_300.pth
📁 损失值已保存到 /home/kudouzala/Application/ion_detect/output/trained_model_save/exp_new_a_num_tp4/training_loss_epoch_300.csv
[New] Epoch 301/1000 | classify: 0.7236 | total: 0.7236
[New] Epoch 302/1000 | classify: 0.6161 | total: 0.6161
[New] Epoch 303/1000 | classify: 0.6870 | total: 0.6870
[New] Epoch 304/1000 | classify: 0.6355 | total: 0.6355
[New] Epoch 305/1000 | classify: 0.6844 | total: 0.6844
[New] Epoch 306/1000 | classify: 0.6124 | total: 0.6124
[New] Epoch 307/1000 | classify: 0.7442 | total: 0.7442
[New] Epoch 308/1000 | classify: 0.6122 | total: 0.6122
[New] Epoch 309/1000 | classify: 0.7111 | total: 0.7111
[New] Epoch 310/1000 | classify: 0.8603 | total: 0.8603
--- 验证集 [epoch 310] ---
  准确率 (Accuracy):  0.7517
  精确率 (Precision): 0.6485
  召回率 (Recall):    0.6878
  F1 分数 (F1):       0.6594
[New] Epoch 311/1000 | classify: 0.6489 | total: 0.6489
[New] Epoch 312/1000 | classify: 0.5727 | total: 0.5727
[New] Epoch 313/1000 | classify: 0.7380 | total: 0.7380
[New] Epoch 314/1000 | classify: 0.5642 | total: 0.5642
[New] Epoch 315/1000 | classify: 0.6033 | total: 0.6033
[New] Epoch 316/1000 | classify: 0.6707 | total: 0.6707
[New] Epoch 317/1000 | classify: 0.7187 | total: 0.7187
[New] Epoch 318/1000 | classify: 0.6759 | total: 0.6759
[New] Epoch 319/1000 | classify: 0.5332 | total: 0.5332
[New] Epoch 320/1000 | classify: 0.6673 | total: 0.6673
--- 验证集 [epoch 320] ---
  准确率 (Accuracy):  0.7586
  精确率 (Precision): 0.6983
  召回率 (Recall):    0.6337
  F1 分数 (F1):       0.6482
[New] Epoch 321/1000 | classify: 0.7874 | total: 0.7874
[New] Epoch 322/1000 | classify: 0.6845 | total: 0.6845
[New] Epoch 323/1000 | classify: 0.5578 | total: 0.5578
[New] Epoch 324/1000 | classify: 0.5869 | total: 0.5869
[New] Epoch 325/1000 | classify: 0.5461 | total: 0.5461
[New] Epoch 326/1000 | classify: 0.6212 | total: 0.6212
[New] Epoch 327/1000 | classify: 0.6883 | total: 0.6883
[New] Epoch 328/1000 | classify: 0.7619 | total: 0.7619
[New] Epoch 329/1000 | classify: 0.5477 | total: 0.5477
[New] Epoch 330/1000 | classify: 0.6318 | total: 0.6318
--- 验证集 [epoch 330] ---
  准确率 (Accuracy):  0.7862
  精确率 (Precision): 0.7498
  召回率 (Recall):    0.6798
  F1 分数 (F1):       0.7055
✅ 模型已保存到 /home/kudouzala/Application/ion_detect/output/trained_model_save/exp_new_a_num_tp4/trained_model_epoch_best.pth
  🏆 新最佳 F1=0.7055，已保存 best 模型
[New] Epoch 331/1000 | classify: 0.5523 | total: 0.5523
[New] Epoch 332/1000 | classify: 0.7397 | total: 0.7397
[New] Epoch 333/1000 | classify: 0.6896 | total: 0.6896
[New] Epoch 334/1000 | classify: 0.6644 | total: 0.6644
[New] Epoch 335/1000 | classify: 0.5938 | total: 0.5938
[New] Epoch 336/1000 | classify: 0.5820 | total: 0.5820
[New] Epoch 337/1000 | classify: 0.6782 | total: 0.6782
[New] Epoch 338/1000 | classify: 0.7040 | total: 0.7040
[New] Epoch 339/1000 | classify: 0.5270 | total: 0.5270
[New] Epoch 340/1000 | classify: 0.6428 | total: 0.6428
--- 验证集 [epoch 340] ---
  准确率 (Accuracy):  0.7655
  精确率 (Precision): 0.6867
  召回率 (Recall):    0.6479
  F1 分数 (F1):       0.6568
[New] Epoch 341/1000 | classify: 0.8055 | total: 0.8055
[New] Epoch 342/1000 | classify: 0.6633 | total: 0.6633
[New] Epoch 343/1000 | classify: 0.6220 | total: 0.6220
[New] Epoch 344/1000 | classify: 0.6599 | total: 0.6599
[New] Epoch 345/1000 | classify: 0.5870 | total: 0.5870
[New] Epoch 346/1000 | classify: 0.6561 | total: 0.6561
[New] Epoch 347/1000 | classify: 0.5214 | total: 0.5214
[New] Epoch 348/1000 | classify: 0.5467 | total: 0.5467
[New] Epoch 349/1000 | classify: 0.6711 | total: 0.6711
[New] Epoch 350/1000 | classify: 0.5987 | total: 0.5987
--- 验证集 [epoch 350] ---
  准确率 (Accuracy):  0.7586
  精确率 (Precision): 0.6658
  召回率 (Recall):    0.6251
  F1 分数 (F1):       0.6403
✅ 模型已保存到 /home/kudouzala/Application/ion_detect/output/trained_model_save/exp_new_a_num_tp4/trained_model_epoch_350.pth
📁 损失值已保存到 /home/kudouzala/Application/ion_detect/output/trained_model_save/exp_new_a_num_tp4/training_loss_epoch_350.csv
[New] Epoch 351/1000 | classify: 0.5010 | total: 0.5010
[New] Epoch 352/1000 | classify: 0.6334 | total: 0.6334
[New] Epoch 353/1000 | classify: 0.6475 | total: 0.6475
[New] Epoch 354/1000 | classify: 0.6989 | total: 0.6989
[New] Epoch 355/1000 | classify: 0.7345 | total: 0.7345
[New] Epoch 356/1000 | classify: 0.6185 | total: 0.6185
[New] Epoch 357/1000 | classify: 0.5922 | total: 0.5922
[New] Epoch 358/1000 | classify: 0.5682 | total: 0.5682
[New] Epoch 359/1000 | classify: 0.6657 | total: 0.6657
[New] Epoch 360/1000 | classify: 0.6149 | total: 0.6149
--- 验证集 [epoch 360] ---
  准确率 (Accuracy):  0.7793
  精确率 (Precision): 0.7382
  召回率 (Recall):    0.6717
  F1 分数 (F1):       0.6953
[New] Epoch 361/1000 | classify: 0.5302 | total: 0.5302
[New] Epoch 362/1000 | classify: 0.6579 | total: 0.6579
[New] Epoch 363/1000 | classify: 0.6832 | total: 0.6832
[New] Epoch 364/1000 | classify: 0.6444 | total: 0.6444
[New] Epoch 365/1000 | classify: 0.6542 | total: 0.6542
[New] Epoch 366/1000 | classify: 0.5229 | total: 0.5229
[New] Epoch 367/1000 | classify: 0.6124 | total: 0.6124
[New] Epoch 368/1000 | classify: 0.6373 | total: 0.6373
[New] Epoch 369/1000 | classify: 0.5811 | total: 0.5811
[New] Epoch 370/1000 | classify: 0.6760 | total: 0.6760
--- 验证集 [epoch 370] ---
  准确率 (Accuracy):  0.7448
  精确率 (Precision): 0.6764
  召回率 (Recall):    0.6162
  F1 分数 (F1):       0.6311
[New] Epoch 371/1000 | classify: 0.6379 | total: 0.6379
[New] Epoch 372/1000 | classify: 0.7122 | total: 0.7122
[New] Epoch 373/1000 | classify: 0.5652 | total: 0.5652
[New] Epoch 374/1000 | classify: 0.5183 | total: 0.5183
[New] Epoch 375/1000 | classify: 0.6914 | total: 0.6914
[New] Epoch 376/1000 | classify: 0.6849 | total: 0.6849
[New] Epoch 377/1000 | classify: 0.6212 | total: 0.6212
[New] Epoch 378/1000 | classify: 0.5855 | total: 0.5855
[New] Epoch 379/1000 | classify: 0.5449 | total: 0.5449
[New] Epoch 380/1000 | classify: 0.8632 | total: 0.8632
--- 验证集 [epoch 380] ---
  准确率 (Accuracy):  0.7448
  精确率 (Precision): 0.6843
  召回率 (Recall):    0.6027
  F1 分数 (F1):       0.5964
[New] Epoch 381/1000 | classify: 0.6930 | total: 0.6930
[New] Epoch 382/1000 | classify: 0.5764 | total: 0.5764
[New] Epoch 383/1000 | classify: 0.7818 | total: 0.7818
[New] Epoch 384/1000 | classify: 0.5722 | total: 0.5722
[New] Epoch 385/1000 | classify: 0.6615 | total: 0.6615
[New] Epoch 386/1000 | classify: 0.7610 | total: 0.7610
[New] Epoch 387/1000 | classify: 0.6277 | total: 0.6277
[New] Epoch 388/1000 | classify: 0.6250 | total: 0.6250
[New] Epoch 389/1000 | classify: 0.6054 | total: 0.6054
[New] Epoch 390/1000 | classify: 0.6877 | total: 0.6877
--- 验证集 [epoch 390] ---
  准确率 (Accuracy):  0.7379
  精确率 (Precision): 0.7073
  召回率 (Recall):    0.5972
  F1 分数 (F1):       0.6180
[New] Epoch 391/1000 | classify: 0.6477 | total: 0.6477
[New] Epoch 392/1000 | classify: 0.5922 | total: 0.5922
[New] Epoch 393/1000 | classify: 0.5101 | total: 0.5101
[New] Epoch 394/1000 | classify: 0.6291 | total: 0.6291
[New] Epoch 395/1000 | classify: 0.5452 | total: 0.5452
[New] Epoch 396/1000 | classify: 0.6522 | total: 0.6522
[New] Epoch 397/1000 | classify: 0.6072 | total: 0.6072
[New] Epoch 398/1000 | classify: 0.5705 | total: 0.5705
[New] Epoch 399/1000 | classify: 0.5816 | total: 0.5816
[New] Epoch 400/1000 | classify: 0.6072 | total: 0.6072
--- 验证集 [epoch 400] ---
  准确率 (Accuracy):  0.7448
  精确率 (Precision): 0.6621
  召回率 (Recall):    0.6113
  F1 分数 (F1):       0.6261
✅ 模型已保存到 /home/kudouzala/Application/ion_detect/output/trained_model_save/exp_new_a_num_tp4/trained_model_epoch_400.pth
📁 损失值已保存到 /home/kudouzala/Application/ion_detect/output/trained_model_save/exp_new_a_num_tp4/training_loss_epoch_400.csv
[New] Epoch 401/1000 | classify: 0.7777 | total: 0.7777
[New] Epoch 402/1000 | classify: 0.5569 | total: 0.5569
[New] Epoch 403/1000 | classify: 0.5443 | total: 0.5443
[New] Epoch 404/1000 | classify: 0.5899 | total: 0.5899
[New] Epoch 405/1000 | classify: 0.5307 | total: 0.5307
[New] Epoch 406/1000 | classify: 0.6981 | total: 0.6981
[New] Epoch 407/1000 | classify: 0.5950 | total: 0.5950
[New] Epoch 408/1000 | classify: 0.5578 | total: 0.5578
[New] Epoch 409/1000 | classify: 0.6187 | total: 0.6187
[New] Epoch 410/1000 | classify: 0.5401 | total: 0.5401
--- 验证集 [epoch 410] ---
  准确率 (Accuracy):  0.7379
  精确率 (Precision): 0.6682
  召回率 (Recall):    0.6665
  F1 分数 (F1):       0.6498
[New] Epoch 411/1000 | classify: 0.5096 | total: 0.5096
[New] Epoch 412/1000 | classify: 0.6563 | total: 0.6563
[New] Epoch 413/1000 | classify: 0.5172 | total: 0.5172
[New] Epoch 414/1000 | classify: 0.6912 | total: 0.6912
[New] Epoch 415/1000 | classify: 0.5939 | total: 0.5939
[New] Epoch 416/1000 | classify: 0.5459 | total: 0.5459
[New] Epoch 417/1000 | classify: 0.6055 | total: 0.6055
[New] Epoch 418/1000 | classify: 0.6802 | total: 0.6802
[New] Epoch 419/1000 | classify: 0.7932 | total: 0.7932
[New] Epoch 420/1000 | classify: 0.6093 | total: 0.6093
--- 验证集 [epoch 420] ---
  准确率 (Accuracy):  0.7655
  精确率 (Precision): 0.6857
  召回率 (Recall):    0.6417
  F1 分数 (F1):       0.6477
[New] Epoch 421/1000 | classify: 0.5811 | total: 0.5811
[New] Epoch 422/1000 | classify: 0.7284 | total: 0.7284
[New] Epoch 423/1000 | classify: 0.6041 | total: 0.6041
[New] Epoch 424/1000 | classify: 0.6538 | total: 0.6538
[New] Epoch 425/1000 | classify: 0.5344 | total: 0.5344
[New] Epoch 426/1000 | classify: 0.5967 | total: 0.5967
[New] Epoch 427/1000 | classify: 0.6864 | total: 0.6864
[New] Epoch 428/1000 | classify: 0.5938 | total: 0.5938
[New] Epoch 429/1000 | classify: 0.6415 | total: 0.6415
[New] Epoch 430/1000 | classify: 0.7068 | total: 0.7068
--- 验证集 [epoch 430] ---
  准确率 (Accuracy):  0.7241
  精确率 (Precision): 0.6750
  召回率 (Recall):    0.5783
  F1 分数 (F1):       0.5841
[New] Epoch 431/1000 | classify: 0.6532 | total: 0.6532
[New] Epoch 432/1000 | classify: 0.5930 | total: 0.5930
[New] Epoch 433/1000 | classify: 0.6671 | total: 0.6671
[New] Epoch 434/1000 | classify: 0.5848 | total: 0.5848
[New] Epoch 435/1000 | classify: 0.5782 | total: 0.5782
[New] Epoch 436/1000 | classify: 0.6614 | total: 0.6614
[New] Epoch 437/1000 | classify: 0.5974 | total: 0.5974
[New] Epoch 438/1000 | classify: 0.5676 | total: 0.5676
[New] Epoch 439/1000 | classify: 0.7375 | total: 0.7375
[New] Epoch 440/1000 | classify: 0.6076 | total: 0.6076
--- 验证集 [epoch 440] ---
  准确率 (Accuracy):  0.7241
  精确率 (Precision): 0.6674
  召回率 (Recall):    0.5768
  F1 分数 (F1):       0.5730
[New] Epoch 441/1000 | classify: 0.5429 | total: 0.5429
[New] Epoch 442/1000 | classify: 0.5816 | total: 0.5816
[New] Epoch 443/1000 | classify: 0.5175 | total: 0.5175
[New] Epoch 444/1000 | classify: 0.7889 | total: 0.7889
[New] Epoch 445/1000 | classify: 0.7388 | total: 0.7388
[New] Epoch 446/1000 | classify: 0.6253 | total: 0.6253
[New] Epoch 447/1000 | classify: 0.6518 | total: 0.6518
[New] Epoch 448/1000 | classify: 0.5354 | total: 0.5354
[New] Epoch 449/1000 | classify: 0.6044 | total: 0.6044
[New] Epoch 450/1000 | classify: 0.6143 | total: 0.6143
--- 验证集 [epoch 450] ---
  准确率 (Accuracy):  0.7724
  精确率 (Precision): 0.7141
  召回率 (Recall):    0.6499
  F1 分数 (F1):       0.6635
✅ 模型已保存到 /home/kudouzala/Application/ion_detect/output/trained_model_save/exp_new_a_num_tp4/trained_model_epoch_450.pth
📁 损失值已保存到 /home/kudouzala/Application/ion_detect/output/trained_model_save/exp_new_a_num_tp4/training_loss_epoch_450.csv
[New] Epoch 451/1000 | classify: 0.5372 | total: 0.5372
[New] Epoch 452/1000 | classify: 0.5877 | total: 0.5877
[New] Epoch 453/1000 | classify: 0.7123 | total: 0.7123
[New] Epoch 454/1000 | classify: 0.6064 | total: 0.6064
[New] Epoch 455/1000 | classify: 0.6852 | total: 0.6852
[New] Epoch 456/1000 | classify: 0.6256 | total: 0.6256
[New] Epoch 457/1000 | classify: 0.5252 | total: 0.5252
[New] Epoch 458/1000 | classify: 0.6178 | total: 0.6178
[New] Epoch 459/1000 | classify: 0.5723 | total: 0.5723
[New] Epoch 460/1000 | classify: 0.6331 | total: 0.6331
--- 验证集 [epoch 460] ---
  准确率 (Accuracy):  0.7724
  精确率 (Precision): 0.7333
  召回率 (Recall):    0.6549
  F1 分数 (F1):       0.6817
[New] Epoch 461/1000 | classify: 0.5844 | total: 0.5844
[New] Epoch 462/1000 | classify: 0.5858 | total: 0.5858
[New] Epoch 463/1000 | classify: 0.6215 | total: 0.6215
[New] Epoch 464/1000 | classify: 0.5770 | total: 0.5770
[New] Epoch 465/1000 | classify: 0.5728 | total: 0.5728
[New] Epoch 466/1000 | classify: 0.6223 | total: 0.6223
[New] Epoch 467/1000 | classify: 0.6189 | total: 0.6189
[New] Epoch 468/1000 | classify: 0.5444 | total: 0.5444
[New] Epoch 469/1000 | classify: 0.5550 | total: 0.5550
[New] Epoch 470/1000 | classify: 0.5765 | total: 0.5765
--- 验证集 [epoch 470] ---
  准确率 (Accuracy):  0.7379
  精确率 (Precision): 0.6858
  召回率 (Recall):    0.6021
  F1 分数 (F1):       0.6061
[New] Epoch 471/1000 | classify: 0.5023 | total: 0.5023
[New] Epoch 472/1000 | classify: 0.6553 | total: 0.6553
[New] Epoch 473/1000 | classify: 0.6362 | total: 0.6362
[New] Epoch 474/1000 | classify: 0.5509 | total: 0.5509
[New] Epoch 475/1000 | classify: 0.6019 | total: 0.6019
[New] Epoch 476/1000 | classify: 0.6210 | total: 0.6210
[New] Epoch 477/1000 | classify: 0.6637 | total: 0.6637
[New] Epoch 478/1000 | classify: 0.5271 | total: 0.5271
[New] Epoch 479/1000 | classify: 0.7800 | total: 0.7800
[New] Epoch 480/1000 | classify: 0.6312 | total: 0.6312
--- 验证集 [epoch 480] ---
  准确率 (Accuracy):  0.7862
  精确率 (Precision): 0.6824
  召回率 (Recall):    0.6821
  F1 分数 (F1):       0.6722
[New] Epoch 481/1000 | classify: 0.6073 | total: 0.6073
[New] Epoch 482/1000 | classify: 0.6426 | total: 0.6426
[New] Epoch 483/1000 | classify: 0.7228 | total: 0.7228
[New] Epoch 484/1000 | classify: 0.5642 | total: 0.5642
[New] Epoch 485/1000 | classify: 0.6028 | total: 0.6028
[New] Epoch 486/1000 | classify: 0.6074 | total: 0.6074
[New] Epoch 487/1000 | classify: 0.5577 | total: 0.5577
[New] Epoch 488/1000 | classify: 0.6574 | total: 0.6574
[New] Epoch 489/1000 | classify: 0.5427 | total: 0.5427
[New] Epoch 490/1000 | classify: 0.6051 | total: 0.6051
--- 验证集 [epoch 490] ---
  准确率 (Accuracy):  0.7517
  精确率 (Precision): 0.6935
  召回率 (Recall):    0.6179
  F1 分数 (F1):       0.6309
[New] Epoch 491/1000 | classify: 0.7870 | total: 0.7870
[New] Epoch 492/1000 | classify: 0.5948 | total: 0.5948
[New] Epoch 493/1000 | classify: 0.4787 | total: 0.4787
[New] Epoch 494/1000 | classify: 0.6044 | total: 0.6044
[New] Epoch 495/1000 | classify: 0.5959 | total: 0.5959
[New] Epoch 496/1000 | classify: 0.6391 | total: 0.6391
[New] Epoch 497/1000 | classify: 0.6328 | total: 0.6328
[New] Epoch 498/1000 | classify: 0.5943 | total: 0.5943
[New] Epoch 499/1000 | classify: 0.6403 | total: 0.6403
[New] Epoch 500/1000 | classify: 0.5811 | total: 0.5811
--- 验证集 [epoch 500] ---
  准确率 (Accuracy):  0.7655
  精确率 (Precision): 0.7167
  召回率 (Recall):    0.6504
  F1 分数 (F1):       0.6676
✅ 模型已保存到 /home/kudouzala/Application/ion_detect/output/trained_model_save/exp_new_a_num_tp4/trained_model_epoch_500.pth
📁 损失值已保存到 /home/kudouzala/Application/ion_detect/output/trained_model_save/exp_new_a_num_tp4/training_loss_epoch_500.csv
[New] Epoch 501/1000 | classify: 0.5280 | total: 0.5280
[New] Epoch 502/1000 | classify: 0.7248 | total: 0.7248
[New] Epoch 503/1000 | classify: 0.5809 | total: 0.5809
[New] Epoch 504/1000 | classify: 0.5319 | total: 0.5319
[New] Epoch 505/1000 | classify: 0.6750 | total: 0.6750
[New] Epoch 506/1000 | classify: 0.6935 | total: 0.6935
[New] Epoch 507/1000 | classify: 0.6753 | total: 0.6753
[New] Epoch 508/1000 | classify: 0.6925 | total: 0.6925
[New] Epoch 509/1000 | classify: 0.6104 | total: 0.6104
[New] Epoch 510/1000 | classify: 0.8235 | total: 0.8235
--- 验证集 [epoch 510] ---
  准确率 (Accuracy):  0.7517
  精确率 (Precision): 0.6930
  召回率 (Recall):    0.6488
  F1 分数 (F1):       0.6546
[New] Epoch 511/1000 | classify: 0.6710 | total: 0.6710
[New] Epoch 512/1000 | classify: 0.6519 | total: 0.6519
[New] Epoch 513/1000 | classify: 0.7231 | total: 0.7231
[New] Epoch 514/1000 | classify: 0.5429 | total: 0.5429
[New] Epoch 515/1000 | classify: 0.6544 | total: 0.6544
[New] Epoch 516/1000 | classify: 0.5200 | total: 0.5200
[New] Epoch 517/1000 | classify: 0.6586 | total: 0.6586
[New] Epoch 518/1000 | classify: 0.7119 | total: 0.7119
[New] Epoch 519/1000 | classify: 0.6547 | total: 0.6547
[New] Epoch 520/1000 | classify: 0.5878 | total: 0.5878
--- 验证集 [epoch 520] ---
  准确率 (Accuracy):  0.7517
  精确率 (Precision): 0.7003
  召回率 (Recall):    0.6157
  F1 分数 (F1):       0.6234
[New] Epoch 521/1000 | classify: 0.6688 | total: 0.6688
[New] Epoch 522/1000 | classify: 0.6515 | total: 0.6515
[New] Epoch 523/1000 | classify: 0.7054 | total: 0.7054
[New] Epoch 524/1000 | classify: 0.6287 | total: 0.6287
[New] Epoch 525/1000 | classify: 0.6273 | total: 0.6273
[New] Epoch 526/1000 | classify: 0.7196 | total: 0.7196
[New] Epoch 527/1000 | classify: 0.6480 | total: 0.6480
[New] Epoch 528/1000 | classify: 0.5775 | total: 0.5775
[New] Epoch 529/1000 | classify: 0.6039 | total: 0.6039
[New] Epoch 530/1000 | classify: 0.5554 | total: 0.5554
--- 验证集 [epoch 530] ---
  准确率 (Accuracy):  0.7241
  精确率 (Precision): 0.6683
  召回率 (Recall):    0.5965
  F1 分数 (F1):       0.6062
[New] Epoch 531/1000 | classify: 0.6113 | total: 0.6113
[New] Epoch 532/1000 | classify: 0.6317 | total: 0.6317
[New] Epoch 533/1000 | classify: 0.5885 | total: 0.5885
[New] Epoch 534/1000 | classify: 0.7161 | total: 0.7161
[New] Epoch 535/1000 | classify: 0.6095 | total: 0.6095
[New] Epoch 536/1000 | classify: 0.6878 | total: 0.6878
[New] Epoch 537/1000 | classify: 0.5637 | total: 0.5637
[New] Epoch 538/1000 | classify: 0.6242 | total: 0.6242
[New] Epoch 539/1000 | classify: 0.5879 | total: 0.5879
[New] Epoch 540/1000 | classify: 0.5499 | total: 0.5499
--- 验证集 [epoch 540] ---
  准确率 (Accuracy):  0.7586
  精确率 (Precision): 0.7061
  召回率 (Recall):    0.6287
  F1 分数 (F1):       0.6432
[New] Epoch 541/1000 | classify: 0.5621 | total: 0.5621
[New] Epoch 542/1000 | classify: 0.6089 | total: 0.6089
[New] Epoch 543/1000 | classify: 0.6707 | total: 0.6707
[New] Epoch 544/1000 | classify: 0.6970 | total: 0.6970
[New] Epoch 545/1000 | classify: 0.6024 | total: 0.6024
[New] Epoch 546/1000 | classify: 0.5532 | total: 0.5532
[New] Epoch 547/1000 | classify: 0.5405 | total: 0.5405
[New] Epoch 548/1000 | classify: 0.6446 | total: 0.6446
[New] Epoch 549/1000 | classify: 0.5797 | total: 0.5797
[New] Epoch 550/1000 | classify: 0.5649 | total: 0.5649
--- 验证集 [epoch 550] ---
  准确率 (Accuracy):  0.7586
  精确率 (Precision): 0.7087
  召回率 (Recall):    0.6349
  F1 分数 (F1):       0.6521
✅ 模型已保存到 /home/kudouzala/Application/ion_detect/output/trained_model_save/exp_new_a_num_tp4/trained_model_epoch_550.pth
📁 损失值已保存到 /home/kudouzala/Application/ion_detect/output/trained_model_save/exp_new_a_num_tp4/training_loss_epoch_550.csv
[New] Epoch 551/1000 | classify: 0.6452 | total: 0.6452
[New] Epoch 552/1000 | classify: 0.6616 | total: 0.6616
[New] Epoch 553/1000 | classify: 0.6626 | total: 0.6626
[New] Epoch 554/1000 | classify: 0.6784 | total: 0.6784
[New] Epoch 555/1000 | classify: 0.5952 | total: 0.5952
[New] Epoch 556/1000 | classify: 0.6069 | total: 0.6069
[New] Epoch 557/1000 | classify: 0.7053 | total: 0.7053
[New] Epoch 558/1000 | classify: 0.8549 | total: 0.8549
[New] Epoch 559/1000 | classify: 0.6287 | total: 0.6287
[New] Epoch 560/1000 | classify: 0.5860 | total: 0.5860
--- 验证集 [epoch 560] ---
  准确率 (Accuracy):  0.7517
  精确率 (Precision): 0.6948
  召回率 (Recall):    0.6525
  F1 分数 (F1):       0.6486
[New] Epoch 561/1000 | classify: 0.5311 | total: 0.5311
[New] Epoch 562/1000 | classify: 0.5737 | total: 0.5737
[New] Epoch 563/1000 | classify: 0.7519 | total: 0.7519
[New] Epoch 564/1000 | classify: 0.6632 | total: 0.6632
[New] Epoch 565/1000 | classify: 0.5989 | total: 0.5989
[New] Epoch 566/1000 | classify: 0.6497 | total: 0.6497
[New] Epoch 567/1000 | classify: 0.5445 | total: 0.5445
[New] Epoch 568/1000 | classify: 0.6878 | total: 0.6878
[New] Epoch 569/1000 | classify: 0.5598 | total: 0.5598
[New] Epoch 570/1000 | classify: 0.6850 | total: 0.6850
--- 验证集 [epoch 570] ---
  准确率 (Accuracy):  0.7655
  精确率 (Precision): 0.7085
  召回率 (Recall):    0.6347
  F1 分数 (F1):       0.6481
[New] Epoch 571/1000 | classify: 0.5171 | total: 0.5171
[New] Epoch 572/1000 | classify: 0.6082 | total: 0.6082
[New] Epoch 573/1000 | classify: 0.5640 | total: 0.5640
[New] Epoch 574/1000 | classify: 0.5872 | total: 0.5872
[New] Epoch 575/1000 | classify: 0.7558 | total: 0.7558
[New] Epoch 576/1000 | classify: 0.7001 | total: 0.7001
[New] Epoch 577/1000 | classify: 0.6293 | total: 0.6293
[New] Epoch 578/1000 | classify: 0.6702 | total: 0.6702
[New] Epoch 579/1000 | classify: 0.6282 | total: 0.6282
[New] Epoch 580/1000 | classify: 0.6818 | total: 0.6818
--- 验证集 [epoch 580] ---
  准确率 (Accuracy):  0.7379
  精确率 (Precision): 0.6871
  召回率 (Recall):    0.5763
  F1 分数 (F1):       0.5831
[New] Epoch 581/1000 | classify: 0.6310 | total: 0.6310
[New] Epoch 582/1000 | classify: 0.7319 | total: 0.7319
[New] Epoch 583/1000 | classify: 0.6425 | total: 0.6425
[New] Epoch 584/1000 | classify: 0.6925 | total: 0.6925
[New] Epoch 585/1000 | classify: 0.7177 | total: 0.7177
[New] Epoch 586/1000 | classify: 0.7278 | total: 0.7278
[New] Epoch 587/1000 | classify: 0.6218 | total: 0.6218
[New] Epoch 588/1000 | classify: 0.6254 | total: 0.6254
[New] Epoch 589/1000 | classify: 0.6601 | total: 0.6601
[New] Epoch 590/1000 | classify: 0.6493 | total: 0.6493
--- 验证集 [epoch 590] ---
  准确率 (Accuracy):  0.7586
  精确率 (Precision): 0.7218
  召回率 (Recall):    0.6279
  F1 分数 (F1):       0.6490
[New] Epoch 591/1000 | classify: 0.7295 | total: 0.7295
[New] Epoch 592/1000 | classify: 0.6738 | total: 0.6738
[New] Epoch 593/1000 | classify: 0.6865 | total: 0.6865
[New] Epoch 594/1000 | classify: 0.6282 | total: 0.6282
[New] Epoch 595/1000 | classify: 0.6738 | total: 0.6738
[New] Epoch 596/1000 | classify: 0.6733 | total: 0.6733
[New] Epoch 597/1000 | classify: 0.6776 | total: 0.6776
[New] Epoch 598/1000 | classify: 0.6378 | total: 0.6378
[New] Epoch 599/1000 | classify: 0.6008 | total: 0.6008
[New] Epoch 600/1000 | classify: 0.6075 | total: 0.6075
--- 验证集 [epoch 600] ---
  准确率 (Accuracy):  0.7448
  精确率 (Precision): 0.6925
  召回率 (Recall):    0.6151
  F1 分数 (F1):       0.6232
✅ 模型已保存到 /home/kudouzala/Application/ion_detect/output/trained_model_save/exp_new_a_num_tp4/trained_model_epoch_600.pth
📁 损失值已保存到 /home/kudouzala/Application/ion_detect/output/trained_model_save/exp_new_a_num_tp4/training_loss_epoch_600.csv
[New] Epoch 601/1000 | classify: 0.7602 | total: 0.7602
[New] Epoch 602/1000 | classify: 0.7470 | total: 0.7470
[New] Epoch 603/1000 | classify: 0.6817 | total: 0.6817
[New] Epoch 604/1000 | classify: 0.5652 | total: 0.5652
[New] Epoch 605/1000 | classify: 0.7031 | total: 0.7031
[New] Epoch 606/1000 | classify: 0.6291 | total: 0.6291
[New] Epoch 607/1000 | classify: 0.5248 | total: 0.5248
[New] Epoch 608/1000 | classify: 0.6186 | total: 0.6186
[New] Epoch 609/1000 | classify: 0.5544 | total: 0.5544
[New] Epoch 610/1000 | classify: 0.7495 | total: 0.7495
--- 验证集 [epoch 610] ---
  准确率 (Accuracy):  0.7517
  精确率 (Precision): 0.6871
  召回率 (Recall):    0.6289
  F1 分数 (F1):       0.6353
[New] Epoch 611/1000 | classify: 0.6791 | total: 0.6791
[New] Epoch 612/1000 | classify: 0.6297 | total: 0.6297
[New] Epoch 613/1000 | classify: 0.6688 | total: 0.6688
[New] Epoch 614/1000 | classify: 0.5697 | total: 0.5697
[New] Epoch 615/1000 | classify: 0.6433 | total: 0.6433
[New] Epoch 616/1000 | classify: 0.5901 | total: 0.5901
[New] Epoch 617/1000 | classify: 0.6964 | total: 0.6964
[New] Epoch 618/1000 | classify: 0.6221 | total: 0.6221
[New] Epoch 619/1000 | classify: 0.6437 | total: 0.6437
[New] Epoch 620/1000 | classify: 0.5970 | total: 0.5970
--- 验证集 [epoch 620] ---
  准确率 (Accuracy):  0.7586
  精确率 (Precision): 0.6909
  召回率 (Recall):    0.6287
  F1 分数 (F1):       0.6319
[New] Epoch 621/1000 | classify: 0.7497 | total: 0.7497
[New] Epoch 622/1000 | classify: 0.6569 | total: 0.6569
[New] Epoch 623/1000 | classify: 0.6548 | total: 0.6548
[New] Epoch 624/1000 | classify: 0.7324 | total: 0.7324
[New] Epoch 625/1000 | classify: 0.4981 | total: 0.4981
[New] Epoch 626/1000 | classify: 0.7009 | total: 0.7009
[New] Epoch 627/1000 | classify: 0.6746 | total: 0.6746
[New] Epoch 628/1000 | classify: 0.7632 | total: 0.7632
[New] Epoch 629/1000 | classify: 0.7104 | total: 0.7104
[New] Epoch 630/1000 | classify: 0.7064 | total: 0.7064
--- 验证集 [epoch 630] ---
  准确率 (Accuracy):  0.7724
  精确率 (Precision): 0.7102
  召回率 (Recall):    0.6476
  F1 分数 (F1):       0.6628
[New] Epoch 631/1000 | classify: 0.6082 | total: 0.6082
[New] Epoch 632/1000 | classify: 0.6690 | total: 0.6690
[New] Epoch 633/1000 | classify: 0.5709 | total: 0.5709
[New] Epoch 634/1000 | classify: 0.6776 | total: 0.6776
[New] Epoch 635/1000 | classify: 0.6271 | total: 0.6271
[New] Epoch 636/1000 | classify: 0.6401 | total: 0.6401
[New] Epoch 637/1000 | classify: 0.6757 | total: 0.6757
[New] Epoch 638/1000 | classify: 0.6941 | total: 0.6941
[New] Epoch 639/1000 | classify: 0.6945 | total: 0.6945
[New] Epoch 640/1000 | classify: 0.6709 | total: 0.6709
--- 验证集 [epoch 640] ---
  准确率 (Accuracy):  0.7517
  精确率 (Precision): 0.6737
  召回率 (Recall):    0.6057
  F1 分数 (F1):       0.6166
[New] Epoch 641/1000 | classify: 0.6676 | total: 0.6676
[New] Epoch 642/1000 | classify: 0.5915 | total: 0.5915
[New] Epoch 643/1000 | classify: 0.7305 | total: 0.7305
[New] Epoch 644/1000 | classify: 0.6742 | total: 0.6742
[New] Epoch 645/1000 | classify: 0.5717 | total: 0.5717
[New] Epoch 646/1000 | classify: 0.6212 | total: 0.6212
[New] Epoch 647/1000 | classify: 0.7237 | total: 0.7237
[New] Epoch 648/1000 | classify: 0.6331 | total: 0.6331
[New] Epoch 649/1000 | classify: 0.6337 | total: 0.6337
[New] Epoch 650/1000 | classify: 0.6589 | total: 0.6589
--- 验证集 [epoch 650] ---
  准确率 (Accuracy):  0.7310
  精确率 (Precision): 0.6612
  召回率 (Recall):    0.5692
  F1 分数 (F1):       0.5894
✅ 模型已保存到 /home/kudouzala/Application/ion_detect/output/trained_model_save/exp_new_a_num_tp4/trained_model_epoch_650.pth
📁 损失值已保存到 /home/kudouzala/Application/ion_detect/output/trained_model_save/exp_new_a_num_tp4/training_loss_epoch_650.csv
[New] Epoch 651/1000 | classify: 0.5768 | total: 0.5768
[New] Epoch 652/1000 | classify: 0.6096 | total: 0.6096
[New] Epoch 653/1000 | classify: 0.6453 | total: 0.6453
[New] Epoch 654/1000 | classify: 0.6860 | total: 0.6860
[New] Epoch 655/1000 | classify: 0.5548 | total: 0.5548
[New] Epoch 656/1000 | classify: 0.7155 | total: 0.7155
[New] Epoch 657/1000 | classify: 0.6099 | total: 0.6099
[New] Epoch 658/1000 | classify: 0.5697 | total: 0.5697
[New] Epoch 659/1000 | classify: 0.6880 | total: 0.6880
[New] Epoch 660/1000 | classify: 0.7284 | total: 0.7284
--- 验证集 [epoch 660] ---
  准确率 (Accuracy):  0.7034
  精确率 (Precision): 0.6156
  召回率 (Recall):    0.6478
  F1 分数 (F1):       0.6233
[New] Epoch 661/1000 | classify: 0.7130 | total: 0.7130
[New] Epoch 662/1000 | classify: 0.6784 | total: 0.6784
[New] Epoch 663/1000 | classify: 0.7121 | total: 0.7121
[New] Epoch 664/1000 | classify: 0.6324 | total: 0.6324
[New] Epoch 665/1000 | classify: 0.6678 | total: 0.6678
[New] Epoch 666/1000 | classify: 0.6740 | total: 0.6740
[New] Epoch 667/1000 | classify: 0.7218 | total: 0.7218
[New] Epoch 668/1000 | classify: 0.6698 | total: 0.6698
[New] Epoch 669/1000 | classify: 0.6508 | total: 0.6508
[New] Epoch 670/1000 | classify: 0.6872 | total: 0.6872
--- 验证集 [epoch 670] ---
  准确率 (Accuracy):  0.7655
  精确率 (Precision): 0.7045
  召回率 (Recall):    0.6526
  F1 分数 (F1):       0.6592
[New] Epoch 671/1000 | classify: 0.7258 | total: 0.7258
[New] Epoch 672/1000 | classify: 0.6984 | total: 0.6984
[New] Epoch 673/1000 | classify: 0.8591 | total: 0.8591
[New] Epoch 674/1000 | classify: 0.7044 | total: 0.7044
[New] Epoch 675/1000 | classify: 0.7076 | total: 0.7076
[New] Epoch 676/1000 | classify: 0.8476 | total: 0.8476
[New] Epoch 677/1000 | classify: 0.6486 | total: 0.6486
[New] Epoch 678/1000 | classify: 0.6633 | total: 0.6633
[New] Epoch 679/1000 | classify: 0.5961 | total: 0.5961
[New] Epoch 680/1000 | classify: 0.6520 | total: 0.6520
--- 验证集 [epoch 680] ---
  准确率 (Accuracy):  0.7517
  精确率 (Precision): 0.6968
  召回率 (Recall):    0.6011
  F1 分数 (F1):       0.6347
[New] Epoch 681/1000 | classify: 0.6471 | total: 0.6471
[New] Epoch 682/1000 | classify: 0.5184 | total: 0.5184
[New] Epoch 683/1000 | classify: 0.8693 | total: 0.8693
[New] Epoch 684/1000 | classify: 0.6599 | total: 0.6599
[New] Epoch 685/1000 | classify: 0.5962 | total: 0.5962
[New] Epoch 686/1000 | classify: 0.6878 | total: 0.6878
[New] Epoch 687/1000 | classify: 0.5987 | total: 0.5987
[New] Epoch 688/1000 | classify: 0.7387 | total: 0.7387
[New] Epoch 689/1000 | classify: 0.7779 | total: 0.7779
[New] Epoch 690/1000 | classify: 0.6747 | total: 0.6747
--- 验证集 [epoch 690] ---
  准确率 (Accuracy):  0.7724
  精确率 (Precision): 0.7103
  召回率 (Recall):    0.6436
  F1 分数 (F1):       0.6646
[New] Epoch 691/1000 | classify: 0.7478 | total: 0.7478
[New] Epoch 692/1000 | classify: 0.7032 | total: 0.7032
[New] Epoch 693/1000 | classify: 0.7226 | total: 0.7226
[New] Epoch 694/1000 | classify: 0.7623 | total: 0.7623
[New] Epoch 695/1000 | classify: 0.6159 | total: 0.6159
[New] Epoch 696/1000 | classify: 0.6961 | total: 0.6961
[New] Epoch 697/1000 | classify: 0.6653 | total: 0.6653
[New] Epoch 698/1000 | classify: 0.5637 | total: 0.5637
[New] Epoch 699/1000 | classify: 0.6494 | total: 0.6494
[New] Epoch 700/1000 | classify: 0.7439 | total: 0.7439
--- 验证集 [epoch 700] ---
  准确率 (Accuracy):  0.7655
  精确率 (Precision): 0.7062
  召回率 (Recall):    0.6417
  F1 分数 (F1):       0.6528
✅ 模型已保存到 /home/kudouzala/Application/ion_detect/output/trained_model_save/exp_new_a_num_tp4/trained_model_epoch_700.pth
📁 损失值已保存到 /home/kudouzala/Application/ion_detect/output/trained_model_save/exp_new_a_num_tp4/training_loss_epoch_700.csv
[New] Epoch 701/1000 | classify: 0.7291 | total: 0.7291
[New] Epoch 702/1000 | classify: 0.6160 | total: 0.6160
[New] Epoch 703/1000 | classify: 0.6256 | total: 0.6256
[New] Epoch 704/1000 | classify: 0.6239 | total: 0.6239
[New] Epoch 705/1000 | classify: 0.6550 | total: 0.6550
[New] Epoch 706/1000 | classify: 0.7053 | total: 0.7053
[New] Epoch 707/1000 | classify: 0.6115 | total: 0.6115
[New] Epoch 708/1000 | classify: 0.6072 | total: 0.6072
[New] Epoch 709/1000 | classify: 0.6869 | total: 0.6869
[New] Epoch 710/1000 | classify: 0.7438 | total: 0.7438
--- 验证集 [epoch 710] ---
  准确率 (Accuracy):  0.7724
  精确率 (Precision): 0.6981
  召回率 (Recall):    0.6425
  F1 分数 (F1):       0.6539
[New] Epoch 711/1000 | classify: 0.6146 | total: 0.6146
[New] Epoch 712/1000 | classify: 0.5650 | total: 0.5650
[New] Epoch 713/1000 | classify: 0.6811 | total: 0.6811
[New] Epoch 714/1000 | classify: 0.7965 | total: 0.7965
[New] Epoch 715/1000 | classify: 0.7914 | total: 0.7914
[New] Epoch 716/1000 | classify: 0.6805 | total: 0.6805
[New] Epoch 717/1000 | classify: 0.8372 | total: 0.8372
[New] Epoch 718/1000 | classify: 0.7041 | total: 0.7041
[New] Epoch 719/1000 | classify: 0.7023 | total: 0.7023
[New] Epoch 720/1000 | classify: 0.8393 | total: 0.8393
--- 验证集 [epoch 720] ---
  准确率 (Accuracy):  0.7724
  精确率 (Precision): 0.7021
  召回率 (Recall):    0.6536
  F1 分数 (F1):       0.6580
[New] Epoch 721/1000 | classify: 0.7243 | total: 0.7243
[New] Epoch 722/1000 | classify: 0.8070 | total: 0.8070
[New] Epoch 723/1000 | classify: 0.6100 | total: 0.6100
[New] Epoch 724/1000 | classify: 0.6437 | total: 0.6437
[New] Epoch 725/1000 | classify: 0.5957 | total: 0.5957
[New] Epoch 726/1000 | classify: 0.5792 | total: 0.5792
[New] Epoch 727/1000 | classify: 0.6209 | total: 0.6209
[New] Epoch 728/1000 | classify: 0.7178 | total: 0.7178
[New] Epoch 729/1000 | classify: 0.6516 | total: 0.6516
[New] Epoch 730/1000 | classify: 0.7164 | total: 0.7164
--- 验证集 [epoch 730] ---
  准确率 (Accuracy):  0.7655
  精确率 (Precision): 0.6929
  召回率 (Recall):    0.6357
  F1 分数 (F1):       0.6454
[New] Epoch 731/1000 | classify: 0.7862 | total: 0.7862
[New] Epoch 732/1000 | classify: 0.7205 | total: 0.7205
[New] Epoch 733/1000 | classify: 0.6436 | total: 0.6436
[New] Epoch 734/1000 | classify: 0.6521 | total: 0.6521
[New] Epoch 735/1000 | classify: 0.6390 | total: 0.6390
[New] Epoch 736/1000 | classify: 0.8107 | total: 0.8107
[New] Epoch 737/1000 | classify: 0.7388 | total: 0.7388
[New] Epoch 738/1000 | classify: 0.7022 | total: 0.7022
[New] Epoch 739/1000 | classify: 0.7362 | total: 0.7362
[New] Epoch 740/1000 | classify: 0.7671 | total: 0.7671
--- 验证集 [epoch 740] ---
  准确率 (Accuracy):  0.7724
  精确率 (Precision): 0.6960
  召回率 (Recall):    0.6583
  F1 分数 (F1):       0.6665
[New] Epoch 741/1000 | classify: 0.6708 | total: 0.6708
[New] Epoch 742/1000 | classify: 0.6335 | total: 0.6335
[New] Epoch 743/1000 | classify: 0.7326 | total: 0.7326
[New] Epoch 744/1000 | classify: 0.6434 | total: 0.6434
[New] Epoch 745/1000 | classify: 0.8060 | total: 0.8060
[New] Epoch 746/1000 | classify: 0.5682 | total: 0.5682
[New] Epoch 747/1000 | classify: 0.6463 | total: 0.6463
[New] Epoch 748/1000 | classify: 0.7376 | total: 0.7376
[New] Epoch 749/1000 | classify: 0.6496 | total: 0.6496
[New] Epoch 750/1000 | classify: 0.8315 | total: 0.8315
--- 验证集 [epoch 750] ---
  准确率 (Accuracy):  0.7793
  精确率 (Precision): 0.7230
  召回率 (Recall):    0.6604
  F1 分数 (F1):       0.6755
✅ 模型已保存到 /home/kudouzala/Application/ion_detect/output/trained_model_save/exp_new_a_num_tp4/trained_model_epoch_750.pth
📁 损失值已保存到 /home/kudouzala/Application/ion_detect/output/trained_model_save/exp_new_a_num_tp4/training_loss_epoch_750.csv
[New] Epoch 751/1000 | classify: 0.6759 | total: 0.6759
[New] Epoch 752/1000 | classify: 0.6543 | total: 0.6543
[New] Epoch 753/1000 | classify: 0.5400 | total: 0.5400
[New] Epoch 754/1000 | classify: 0.6309 | total: 0.6309
[New] Epoch 755/1000 | classify: 0.7365 | total: 0.7365
[New] Epoch 756/1000 | classify: 0.7169 | total: 0.7169
[New] Epoch 757/1000 | classify: 0.7223 | total: 0.7223
[New] Epoch 758/1000 | classify: 0.7216 | total: 0.7216
[New] Epoch 759/1000 | classify: 0.7812 | total: 0.7812
[New] Epoch 760/1000 | classify: 0.6835 | total: 0.6835
--- 验证集 [epoch 760] ---
  准确率 (Accuracy):  0.7517
  精确率 (Precision): 0.6974
  召回率 (Recall):    0.6011
  F1 分数 (F1):       0.6126
[New] Epoch 761/1000 | classify: 0.7158 | total: 0.7158
[New] Epoch 762/1000 | classify: 0.6789 | total: 0.6789
[New] Epoch 763/1000 | classify: 0.6048 | total: 0.6048
[New] Epoch 764/1000 | classify: 0.6937 | total: 0.6937
[New] Epoch 765/1000 | classify: 0.6733 | total: 0.6733
[New] Epoch 766/1000 | classify: 0.7489 | total: 0.7489
[New] Epoch 767/1000 | classify: 0.6724 | total: 0.6724
[New] Epoch 768/1000 | classify: 0.8229 | total: 0.8229
[New] Epoch 769/1000 | classify: 0.7943 | total: 0.7943
[New] Epoch 770/1000 | classify: 0.6344 | total: 0.6344
--- 验证集 [epoch 770] ---
  准确率 (Accuracy):  0.7931
  精确率 (Precision): 0.7268
  召回率 (Recall):    0.6645
  F1 分数 (F1):       0.6795
[New] Epoch 771/1000 | classify: 0.6196 | total: 0.6196
[New] Epoch 772/1000 | classify: 0.6892 | total: 0.6892
[New] Epoch 773/1000 | classify: 0.6361 | total: 0.6361
[New] Epoch 774/1000 | classify: 0.8127 | total: 0.8127
[New] Epoch 775/1000 | classify: 0.7014 | total: 0.7014
[New] Epoch 776/1000 | classify: 0.7172 | total: 0.7172
[New] Epoch 777/1000 | classify: 0.6760 | total: 0.6760
[New] Epoch 778/1000 | classify: 0.7382 | total: 0.7382
[New] Epoch 779/1000 | classify: 0.6867 | total: 0.6867
[New] Epoch 780/1000 | classify: 0.7340 | total: 0.7340
--- 验证集 [epoch 780] ---
  准确率 (Accuracy):  0.7655
  精确率 (Precision): 0.6956
  召回率 (Recall):    0.6366
  F1 分数 (F1):       0.6453
[New] Epoch 781/1000 | classify: 0.8798 | total: 0.8798
[New] Epoch 782/1000 | classify: 0.7285 | total: 0.7285
[New] Epoch 783/1000 | classify: 0.7305 | total: 0.7305
[New] Epoch 784/1000 | classify: 0.7163 | total: 0.7163
[New] Epoch 785/1000 | classify: 0.6117 | total: 0.6117
[New] Epoch 786/1000 | classify: 0.8530 | total: 0.8530
[New] Epoch 787/1000 | classify: 0.7343 | total: 0.7343
[New] Epoch 788/1000 | classify: 0.6615 | total: 0.6615
[New] Epoch 789/1000 | classify: 0.6795 | total: 0.6795
[New] Epoch 790/1000 | classify: 0.7139 | total: 0.7139
--- 验证集 [epoch 790] ---
  准确率 (Accuracy):  0.7724
  精确率 (Precision): 0.7068
  召回率 (Recall):    0.6536
  F1 分数 (F1):       0.6587
[New] Epoch 791/1000 | classify: 0.7459 | total: 0.7459
[New] Epoch 792/1000 | classify: 0.6882 | total: 0.6882
[New] Epoch 793/1000 | classify: 0.7406 | total: 0.7406
[New] Epoch 794/1000 | classify: 0.7602 | total: 0.7602
[New] Epoch 795/1000 | classify: 0.6913 | total: 0.6913
[New] Epoch 796/1000 | classify: 0.7267 | total: 0.7267
[New] Epoch 797/1000 | classify: 0.6016 | total: 0.6016
[New] Epoch 798/1000 | classify: 0.7750 | total: 0.7750
[New] Epoch 799/1000 | classify: 0.7378 | total: 0.7378
[New] Epoch 800/1000 | classify: 0.7177 | total: 0.7177
--- 验证集 [epoch 800] ---
  准确率 (Accuracy):  0.7724
  精确率 (Precision): 0.7205
  召回率 (Recall):    0.6536
  F1 分数 (F1):       0.6683
✅ 模型已保存到 /home/kudouzala/Application/ion_detect/output/trained_model_save/exp_new_a_num_tp4/trained_model_epoch_800.pth
📁 损失值已保存到 /home/kudouzala/Application/ion_detect/output/trained_model_save/exp_new_a_num_tp4/training_loss_epoch_800.csv
[New] Epoch 801/1000 | classify: 0.7624 | total: 0.7624
[New] Epoch 802/1000 | classify: 0.6229 | total: 0.6229
[New] Epoch 803/1000 | classify: 0.7982 | total: 0.7982
[New] Epoch 804/1000 | classify: 0.7676 | total: 0.7676
[New] Epoch 805/1000 | classify: 0.6753 | total: 0.6753
[New] Epoch 806/1000 | classify: 0.6445 | total: 0.6445
[New] Epoch 807/1000 | classify: 0.7461 | total: 0.7461
[New] Epoch 808/1000 | classify: 0.6758 | total: 0.6758
[New] Epoch 809/1000 | classify: 0.6679 | total: 0.6679
[New] Epoch 810/1000 | classify: 0.6882 | total: 0.6882
--- 验证集 [epoch 810] ---
  准确率 (Accuracy):  0.7586
  精确率 (Precision): 0.6804
  召回率 (Recall):    0.6187
  F1 分数 (F1):       0.6313
[New] Epoch 811/1000 | classify: 0.7272 | total: 0.7272
[New] Epoch 812/1000 | classify: 0.7028 | total: 0.7028
[New] Epoch 813/1000 | classify: 0.7183 | total: 0.7183
[New] Epoch 814/1000 | classify: 0.6891 | total: 0.6891
[New] Epoch 815/1000 | classify: 0.7180 | total: 0.7180
[New] Epoch 816/1000 | classify: 0.6793 | total: 0.6793
[New] Epoch 817/1000 | classify: 0.6467 | total: 0.6467
[New] Epoch 818/1000 | classify: 0.7639 | total: 0.7639
[New] Epoch 819/1000 | classify: 0.7695 | total: 0.7695
[New] Epoch 820/1000 | classify: 0.7559 | total: 0.7559
--- 验证集 [epoch 820] ---
  准确率 (Accuracy):  0.7586
  精确率 (Precision): 0.6881
  召回率 (Recall):    0.6337
  F1 分数 (F1):       0.6409
[New] Epoch 821/1000 | classify: 0.7156 | total: 0.7156
[New] Epoch 822/1000 | classify: 0.6978 | total: 0.6978
[New] Epoch 823/1000 | classify: 0.6482 | total: 0.6482
[New] Epoch 824/1000 | classify: 0.7770 | total: 0.7770
[New] Epoch 825/1000 | classify: 0.7525 | total: 0.7525
[New] Epoch 826/1000 | classify: 0.7473 | total: 0.7473
[New] Epoch 827/1000 | classify: 0.7574 | total: 0.7574
[New] Epoch 828/1000 | classify: 0.7546 | total: 0.7546
[New] Epoch 829/1000 | classify: 0.6907 | total: 0.6907
[New] Epoch 830/1000 | classify: 0.8025 | total: 0.8025
--- 验证集 [epoch 830] ---
  准确率 (Accuracy):  0.7724
  精确率 (Precision): 0.6992
  召回率 (Recall):    0.6425
  F1 分数 (F1):       0.6534
[New] Epoch 831/1000 | classify: 0.7322 | total: 0.7322
[New] Epoch 832/1000 | classify: 0.6418 | total: 0.6418
[New] Epoch 833/1000 | classify: 0.7974 | total: 0.7974
[New] Epoch 834/1000 | classify: 0.6210 | total: 0.6210
[New] Epoch 835/1000 | classify: 0.7672 | total: 0.7672
[New] Epoch 836/1000 | classify: 0.6113 | total: 0.6113
[New] Epoch 837/1000 | classify: 0.7239 | total: 0.7239
[New] Epoch 838/1000 | classify: 0.5570 | total: 0.5570
[New] Epoch 839/1000 | classify: 0.6955 | total: 0.6955
[New] Epoch 840/1000 | classify: 0.7027 | total: 0.7027
--- 验证集 [epoch 840] ---
  准确率 (Accuracy):  0.7724
  精确率 (Precision): 0.7076
  召回率 (Recall):    0.6425
  F1 分数 (F1):       0.6592
[New] Epoch 841/1000 | classify: 0.6178 | total: 0.6178
[New] Epoch 842/1000 | classify: 0.7389 | total: 0.7389
[New] Epoch 843/1000 | classify: 0.7507 | total: 0.7507
[New] Epoch 844/1000 | classify: 0.6957 | total: 0.6957
[New] Epoch 845/1000 | classify: 0.7143 | total: 0.7143
[New] Epoch 846/1000 | classify: 0.7400 | total: 0.7400
[New] Epoch 847/1000 | classify: 0.7526 | total: 0.7526
[New] Epoch 848/1000 | classify: 0.6163 | total: 0.6163
[New] Epoch 849/1000 | classify: 0.8555 | total: 0.8555
[New] Epoch 850/1000 | classify: 0.7198 | total: 0.7198
--- 验证集 [epoch 850] ---
  准确率 (Accuracy):  0.7724
  精确率 (Precision): 0.6992
  召回率 (Recall):    0.6425
  F1 分数 (F1):       0.6534
✅ 模型已保存到 /home/kudouzala/Application/ion_detect/output/trained_model_save/exp_new_a_num_tp4/trained_model_epoch_850.pth
📁 损失值已保存到 /home/kudouzala/Application/ion_detect/output/trained_model_save/exp_new_a_num_tp4/training_loss_epoch_850.csv
[New] Epoch 851/1000 | classify: 0.7494 | total: 0.7494
[New] Epoch 852/1000 | classify: 0.7427 | total: 0.7427
[New] Epoch 853/1000 | classify: 0.7635 | total: 0.7635
[New] Epoch 854/1000 | classify: 0.6740 | total: 0.6740
[New] Epoch 855/1000 | classify: 0.7198 | total: 0.7198
[New] Epoch 856/1000 | classify: 0.7562 | total: 0.7562
[New] Epoch 857/1000 | classify: 0.8307 | total: 0.8307
[New] Epoch 858/1000 | classify: 0.7408 | total: 0.7408
[New] Epoch 859/1000 | classify: 0.7376 | total: 0.7376
[New] Epoch 860/1000 | classify: 0.7295 | total: 0.7295
--- 验证集 [epoch 860] ---
  准确率 (Accuracy):  0.7655
  精确率 (Precision): 0.6929
  召回率 (Recall):    0.6357
  F1 分数 (F1):       0.6454
[New] Epoch 861/1000 | classify: 0.6998 | total: 0.6998
[New] Epoch 862/1000 | classify: 0.7857 | total: 0.7857
[New] Epoch 863/1000 | classify: 0.6146 | total: 0.6146
[New] Epoch 864/1000 | classify: 0.7441 | total: 0.7441
[New] Epoch 865/1000 | classify: 0.7018 | total: 0.7018
[New] Epoch 866/1000 | classify: 0.7833 | total: 0.7833
[New] Epoch 867/1000 | classify: 0.6737 | total: 0.6737
[New] Epoch 868/1000 | classify: 0.6569 | total: 0.6569
[New] Epoch 869/1000 | classify: 0.6893 | total: 0.6893
[New] Epoch 870/1000 | classify: 0.7855 | total: 0.7855
--- 验证集 [epoch 870] ---
  准确率 (Accuracy):  0.7862
  精确率 (Precision): 0.7273
  召回率 (Recall):    0.6467
  F1 分数 (F1):       0.6703
[New] Epoch 871/1000 | classify: 0.6880 | total: 0.6880
[New] Epoch 872/1000 | classify: 0.6927 | total: 0.6927
[New] Epoch 873/1000 | classify: 0.7528 | total: 0.7528
[New] Epoch 874/1000 | classify: 0.6939 | total: 0.6939
[New] Epoch 875/1000 | classify: 0.7434 | total: 0.7434
[New] Epoch 876/1000 | classify: 0.7784 | total: 0.7784
[New] Epoch 877/1000 | classify: 0.6094 | total: 0.6094
[New] Epoch 878/1000 | classify: 0.6285 | total: 0.6285
[New] Epoch 879/1000 | classify: 0.6066 | total: 0.6066
[New] Epoch 880/1000 | classify: 0.7191 | total: 0.7191
--- 验证集 [epoch 880] ---
  准确率 (Accuracy):  0.7793
  精确率 (Precision): 0.7306
  召回率 (Recall):    0.6544
  F1 分数 (F1):       0.6765
[New] Epoch 881/1000 | classify: 0.8219 | total: 0.8219
[New] Epoch 882/1000 | classify: 0.7232 | total: 0.7232
[New] Epoch 883/1000 | classify: 0.7126 | total: 0.7126
[New] Epoch 884/1000 | classify: 0.6631 | total: 0.6631
[New] Epoch 885/1000 | classify: 0.6255 | total: 0.6255
[New] Epoch 886/1000 | classify: 0.7110 | total: 0.7110
[New] Epoch 887/1000 | classify: 0.7712 | total: 0.7712
[New] Epoch 888/1000 | classify: 0.7665 | total: 0.7665
[New] Epoch 889/1000 | classify: 0.6163 | total: 0.6163
[New] Epoch 890/1000 | classify: 0.7140 | total: 0.7140
--- 验证集 [epoch 890] ---
  准确率 (Accuracy):  0.7655
  精确率 (Precision): 0.7016
  召回率 (Recall):    0.6468
  F1 分数 (F1):       0.6505
[New] Epoch 891/1000 | classify: 0.7023 | total: 0.7023
[New] Epoch 892/1000 | classify: 0.6519 | total: 0.6519
[New] Epoch 893/1000 | classify: 0.7255 | total: 0.7255
[New] Epoch 894/1000 | classify: 0.7189 | total: 0.7189
[New] Epoch 895/1000 | classify: 0.8214 | total: 0.8214
[New] Epoch 896/1000 | classify: 0.7159 | total: 0.7159
[New] Epoch 897/1000 | classify: 0.6197 | total: 0.6197
[New] Epoch 898/1000 | classify: 0.7856 | total: 0.7856
[New] Epoch 899/1000 | classify: 0.7683 | total: 0.7683
[New] Epoch 900/1000 | classify: 0.6684 | total: 0.6684
--- 验证集 [epoch 900] ---
  准确率 (Accuracy):  0.7793
  精确率 (Precision): 0.7148
  召回率 (Recall):    0.6604
  F1 分数 (F1):       0.6679
✅ 模型已保存到 /home/kudouzala/Application/ion_detect/output/trained_model_save/exp_new_a_num_tp4/trained_model_epoch_900.pth
📁 损失值已保存到 /home/kudouzala/Application/ion_detect/output/trained_model_save/exp_new_a_num_tp4/training_loss_epoch_900.csv
[New] Epoch 901/1000 | classify: 0.6030 | total: 0.6030
[New] Epoch 902/1000 | classify: 0.7339 | total: 0.7339
[New] Epoch 903/1000 | classify: 0.6828 | total: 0.6828
[New] Epoch 904/1000 | classify: 0.6320 | total: 0.6320
[New] Epoch 905/1000 | classify: 0.8781 | total: 0.8781
[New] Epoch 906/1000 | classify: 0.6752 | total: 0.6752
[New] Epoch 907/1000 | classify: 0.6729 | total: 0.6729
[New] Epoch 908/1000 | classify: 0.7086 | total: 0.7086
[New] Epoch 909/1000 | classify: 0.6845 | total: 0.6845
[New] Epoch 910/1000 | classify: 0.7147 | total: 0.7147
--- 验证集 [epoch 910] ---
  准确率 (Accuracy):  0.7655
  精确率 (Precision): 0.6994
  召回率 (Recall):    0.6405
  F1 分数 (F1):       0.6535
[New] Epoch 911/1000 | classify: 0.7155 | total: 0.7155
[New] Epoch 912/1000 | classify: 0.7771 | total: 0.7771
[New] Epoch 913/1000 | classify: 0.6878 | total: 0.6878
[New] Epoch 914/1000 | classify: 0.7152 | total: 0.7152
[New] Epoch 915/1000 | classify: 0.8423 | total: 0.8423
[New] Epoch 916/1000 | classify: 0.7158 | total: 0.7158
[New] Epoch 917/1000 | classify: 0.7263 | total: 0.7263
[New] Epoch 918/1000 | classify: 0.7302 | total: 0.7302
[New] Epoch 919/1000 | classify: 0.6906 | total: 0.6906
[New] Epoch 920/1000 | classify: 0.8695 | total: 0.8695
--- 验证集 [epoch 920] ---
  准确率 (Accuracy):  0.7724
  精确率 (Precision): 0.6992
  召回率 (Recall):    0.6425
  F1 分数 (F1):       0.6534
[New] Epoch 921/1000 | classify: 0.6566 | total: 0.6566
[New] Epoch 922/1000 | classify: 0.7599 | total: 0.7599
[New] Epoch 923/1000 | classify: 0.7201 | total: 0.7201
[New] Epoch 924/1000 | classify: 0.6491 | total: 0.6491
[New] Epoch 925/1000 | classify: 0.6782 | total: 0.6782
[New] Epoch 926/1000 | classify: 0.8323 | total: 0.8323
[New] Epoch 927/1000 | classify: 0.6898 | total: 0.6898
[New] Epoch 928/1000 | classify: 0.6508 | total: 0.6508
[New] Epoch 929/1000 | classify: 0.6476 | total: 0.6476
[New] Epoch 930/1000 | classify: 0.7433 | total: 0.7433
--- 验证集 [epoch 930] ---
  准确率 (Accuracy):  0.7793
  精确率 (Precision): 0.7254
  召回率 (Recall):    0.6544
  F1 分数 (F1):       0.6742
[New] Epoch 931/1000 | classify: 0.7026 | total: 0.7026
[New] Epoch 932/1000 | classify: 0.7314 | total: 0.7314
[New] Epoch 933/1000 | classify: 0.6925 | total: 0.6925
[New] Epoch 934/1000 | classify: 0.7202 | total: 0.7202
[New] Epoch 935/1000 | classify: 0.6375 | total: 0.6375
[New] Epoch 936/1000 | classify: 0.6934 | total: 0.6934
[New] Epoch 937/1000 | classify: 0.6954 | total: 0.6954
[New] Epoch 938/1000 | classify: 0.6595 | total: 0.6595
[New] Epoch 939/1000 | classify: 0.7144 | total: 0.7144
[New] Epoch 940/1000 | classify: 0.7050 | total: 0.7050
--- 验证集 [epoch 940] ---
  准确率 (Accuracy):  0.7655
  精确率 (Precision): 0.6929
  召回率 (Recall):    0.6357
  F1 分数 (F1):       0.6454
[New] Epoch 941/1000 | classify: 0.7569 | total: 0.7569
[New] Epoch 942/1000 | classify: 0.7464 | total: 0.7464
[New] Epoch 943/1000 | classify: 0.6464 | total: 0.6464
[New] Epoch 944/1000 | classify: 0.8067 | total: 0.8067
[New] Epoch 945/1000 | classify: 0.7548 | total: 0.7548
[New] Epoch 946/1000 | classify: 0.7844 | total: 0.7844
[New] Epoch 947/1000 | classify: 0.7822 | total: 0.7822
[New] Epoch 948/1000 | classify: 0.8792 | total: 0.8792
[New] Epoch 949/1000 | classify: 0.7416 | total: 0.7416
[New] Epoch 950/1000 | classify: 0.7336 | total: 0.7336
--- 验证集 [epoch 950] ---
  准确率 (Accuracy):  0.7724
  精确率 (Precision): 0.6992
  召回率 (Recall):    0.6425
  F1 分数 (F1):       0.6534
✅ 模型已保存到 /home/kudouzala/Application/ion_detect/output/trained_model_save/exp_new_a_num_tp4/trained_model_epoch_950.pth
📁 损失值已保存到 /home/kudouzala/Application/ion_detect/output/trained_model_save/exp_new_a_num_tp4/training_loss_epoch_950.csv
[New] Epoch 951/1000 | classify: 0.7677 | total: 0.7677
[New] Epoch 952/1000 | classify: 0.6632 | total: 0.6632
[New] Epoch 953/1000 | classify: 0.7942 | total: 0.7942
[New] Epoch 954/1000 | classify: 0.7455 | total: 0.7455
[New] Epoch 955/1000 | classify: 0.7802 | total: 0.7802
[New] Epoch 956/1000 | classify: 0.5998 | total: 0.5998
[New] Epoch 957/1000 | classify: 0.7085 | total: 0.7085
[New] Epoch 958/1000 | classify: 0.7691 | total: 0.7691
[New] Epoch 959/1000 | classify: 0.7518 | total: 0.7518
[New] Epoch 960/1000 | classify: 0.7254 | total: 0.7254
--- 验证集 [epoch 960] ---
  准确率 (Accuracy):  0.7724
  精确率 (Precision): 0.6981
  召回率 (Recall):    0.6425
  F1 分数 (F1):       0.6539
[New] Epoch 961/1000 | classify: 0.7462 | total: 0.7462
[New] Epoch 962/1000 | classify: 0.6302 | total: 0.6302
[New] Epoch 963/1000 | classify: 0.7440 | total: 0.7440
[New] Epoch 964/1000 | classify: 0.7332 | total: 0.7332
[New] Epoch 965/1000 | classify: 0.7189 | total: 0.7189
[New] Epoch 966/1000 | classify: 0.7145 | total: 0.7145
[New] Epoch 967/1000 | classify: 0.7150 | total: 0.7150
[New] Epoch 968/1000 | classify: 0.7157 | total: 0.7157
[New] Epoch 969/1000 | classify: 0.7509 | total: 0.7509
[New] Epoch 970/1000 | classify: 0.6943 | total: 0.6943
--- 验证集 [epoch 970] ---
  准确率 (Accuracy):  0.7724
  精确率 (Precision): 0.6981
  召回率 (Recall):    0.6425
  F1 分数 (F1):       0.6539
[New] Epoch 971/1000 | classify: 0.6897 | total: 0.6897
[New] Epoch 972/1000 | classify: 0.7696 | total: 0.7696
[New] Epoch 973/1000 | classify: 0.6753 | total: 0.6753
[New] Epoch 974/1000 | classify: 0.6473 | total: 0.6473
[New] Epoch 975/1000 | classify: 0.6193 | total: 0.6193
[New] Epoch 976/1000 | classify: 0.6763 | total: 0.6763
[New] Epoch 977/1000 | classify: 0.7474 | total: 0.7474
[New] Epoch 978/1000 | classify: 0.7627 | total: 0.7627
[New] Epoch 979/1000 | classify: 0.7684 | total: 0.7684
[New] Epoch 980/1000 | classify: 0.6310 | total: 0.6310
--- 验证集 [epoch 980] ---
  准确率 (Accuracy):  0.7724
  精确率 (Precision): 0.6981
  召回率 (Recall):    0.6425
  F1 分数 (F1):       0.6539
[New] Epoch 981/1000 | classify: 0.7364 | total: 0.7364
[New] Epoch 982/1000 | classify: 0.6633 | total: 0.6633
[New] Epoch 983/1000 | classify: 0.7512 | total: 0.7512
[New] Epoch 984/1000 | classify: 0.6738 | total: 0.6738
[New] Epoch 985/1000 | classify: 0.7180 | total: 0.7180
[New] Epoch 986/1000 | classify: 0.6464 | total: 0.6464
[New] Epoch 987/1000 | classify: 0.6451 | total: 0.6451
[New] Epoch 988/1000 | classify: 0.7281 | total: 0.7281
[New] Epoch 989/1000 | classify: 0.6864 | total: 0.6864
[New] Epoch 990/1000 | classify: 0.6790 | total: 0.6790
--- 验证集 [epoch 990] ---
  准确率 (Accuracy):  0.7724
  精确率 (Precision): 0.6992
  召回率 (Recall):    0.6425
  F1 分数 (F1):       0.6534
[New] Epoch 991/1000 | classify: 0.6796 | total: 0.6796
[New] Epoch 992/1000 | classify: 0.7293 | total: 0.7293
[New] Epoch 993/1000 | classify: 0.6467 | total: 0.6467
[New] Epoch 994/1000 | classify: 0.6249 | total: 0.6249
[New] Epoch 995/1000 | classify: 0.6700 | total: 0.6700
[New] Epoch 996/1000 | classify: 0.6215 | total: 0.6215
[New] Epoch 997/1000 | classify: 0.7538 | total: 0.7538
[New] Epoch 998/1000 | classify: 0.6807 | total: 0.6807
[New] Epoch 999/1000 | classify: 0.6961 | total: 0.6961
[New] Epoch 1000/1000 | classify: 0.6992 | total: 0.6992
--- 验证集 [epoch 1000] ---
  准确率 (Accuracy):  0.7724
  精确率 (Precision): 0.6981
  召回率 (Recall):    0.6425
  F1 分数 (F1):       0.6539
✅ 模型已保存到 /home/kudouzala/Application/ion_detect/output/trained_model_save/exp_new_a_num_tp4/trained_model_epoch_1000.pth
📁 损失值已保存到 /home/kudouzala/Application/ion_detect/output/trained_model_save/exp_new_a_num_tp4/training_loss_epoch_1000.csv
✅ 模型已保存到 /home/kudouzala/Application/ion_detect/output/trained_model_save/exp_new_a_num_tp4/trained_model_epoch_final.pth
📁 损失值已保存到 /home/kudouzala/Application/ion_detect/output/trained_model_save/exp_new_a_num_tp4/training_loss_epoch_final.csv
