✅ no_overlap 划分: 测试集 150 个（ion_column 74 个，≤3/10）-> /home/kudouzala/Application/ion_detect/datasets/datasets_for_all_test_no_overlap/exp_new_i，训练集 709 个 -> /home/kudouzala/Application/ion_detect/datasets/datasets_for_all_train_no_overlap/exp_new_i（已排除同前缀且窗口含测试前 3 个时间点的样本）
✅ 当前使用设备: cuda
📂 训练集目录: /home/kudouzala/Application/ion_detect/datasets/datasets_for_all_train_no_overlap/exp_new_i
📂 测试/验证集目录: /home/kudouzala/Application/ion_detect/datasets/datasets_for_all_test_no_overlap/exp_new_i
🧪 experiment: exp_new_i
🚀 进入训练模式 (--train)
Skipping file 20240822_10ppm铜离子污染测试_新版电解槽_ion_column_gamry_[56, 58, 60, 62].xlsx: impedance points 54 < 63
Skipping file 20240822_10ppm铜离子污染测试_新版电解槽_ion_column_gamry_[36, 38, 40, 42].xlsx: impedance points 54 < 63
Skipping file 20240822_10ppm铜离子污染测试_新版电解槽_ion_column_gamry_[34, 36, 38, 40].xlsx: impedance points 54 < 63
[LEAK-CHECK] overlap(train, val) = 0
[DEBUG] data_folder = /home/kudouzala/Application/ion_detect/datasets/datasets_for_all_train_no_overlap/exp_new_i
[DEBUG] base_train.file_names[:10] =
   20241107_0.1ppm钙离子污染及恢复测试_新版电解槽_ion_firecloud_[14, 16, 18, 20].xlsx
   20240910_10ppm钙离子污染测试_新版电解槽_ion_column_gamry_[2, 4, 6, 8].xlsx
   20241006_2ppm铬离子污染测试_旧版电解槽_ion_firecloud_[22, 24, 26, 28].xlsx
   20241117_2ppm钠离子污染及恢复测试40摄氏度_新版电解槽_ion_gamry_[22, 24, 26, 28].xlsx
   20241227_10ppm铜离子污染及恢复测试_旧版电解槽_ion_gamry_[4, 6, 8, 10].xlsx
   20241003_2ppm镍离子污染测试_新版电解槽_ion_gamry_[20, 22, 24, 26].xlsx
   20241112_2ppm钠离子污染和恢复测试80摄氏度_新版电解槽_ion_column_renew_H2SO4_gamry_[14, 16, 18, 20].xlsx
   20240910_10ppm钙离子污染测试_新版电解槽_ion_gamry_[2, 4, 6, 8].xlsx
   20241213_2ppm钠离子污染及恢复测试_新版电解槽_ion_column_renew_H2SO4_gamry_[12, 14, 16, 18].xlsx
   20241010_2ppm钠离子污染测试_新版电解槽_ion_firecloud_[28, 30, 32, 34].xlsx
[DEBUG] exist check (first 10):
   /home/kudouzala/Application/ion_detect/datasets/datasets_for_all_train_no_overlap/exp_new_i/20241107_0.1ppm钙离子污染及恢复测试_新版电解槽_ion_firecloud_[14, 16, 18, 20].xlsx exists= True
   /home/kudouzala/Application/ion_detect/datasets/datasets_for_all_train_no_overlap/exp_new_i/20240910_10ppm钙离子污染测试_新版电解槽_ion_column_gamry_[2, 4, 6, 8].xlsx exists= True
   /home/kudouzala/Application/ion_detect/datasets/datasets_for_all_train_no_overlap/exp_new_i/20241006_2ppm铬离子污染测试_旧版电解槽_ion_firecloud_[22, 24, 26, 28].xlsx exists= True
   /home/kudouzala/Application/ion_detect/datasets/datasets_for_all_train_no_overlap/exp_new_i/20241117_2ppm钠离子污染及恢复测试40摄氏度_新版电解槽_ion_gamry_[22, 24, 26, 28].xlsx exists= True
   /home/kudouzala/Application/ion_detect/datasets/datasets_for_all_train_no_overlap/exp_new_i/20241227_10ppm铜离子污染及恢复测试_旧版电解槽_ion_gamry_[4, 6, 8, 10].xlsx exists= True
   /home/kudouzala/Application/ion_detect/datasets/datasets_for_all_train_no_overlap/exp_new_i/20241003_2ppm镍离子污染测试_新版电解槽_ion_gamry_[20, 22, 24, 26].xlsx exists= True
   /home/kudouzala/Application/ion_detect/datasets/datasets_for_all_train_no_overlap/exp_new_i/20241112_2ppm钠离子污染和恢复测试80摄氏度_新版电解槽_ion_column_renew_H2SO4_gamry_[14, 16, 18, 20].xlsx exists= True
   /home/kudouzala/Application/ion_detect/datasets/datasets_for_all_train_no_overlap/exp_new_i/20240910_10ppm钙离子污染测试_新版电解槽_ion_gamry_[2, 4, 6, 8].xlsx exists= True
   /home/kudouzala/Application/ion_detect/datasets/datasets_for_all_train_no_overlap/exp_new_i/20241213_2ppm钠离子污染及恢复测试_新版电解槽_ion_column_renew_H2SO4_gamry_[12, 14, 16, 18].xlsx exists= True
   /home/kudouzala/Application/ion_detect/datasets/datasets_for_all_train_no_overlap/exp_new_i/20241010_2ppm钠离子污染测试_新版电解槽_ion_firecloud_[28, 30, 32, 34].xlsx exists= True
Skipping file 20240822_10ppm铜离子污染测试_新版电解槽_ion_column_gamry_[28, 30, 32, 34].xlsx: impedance points 54 < 63
Skipping file 20240822_10ppm铜离子污染测试_新版电解槽_ion_column_gamry_[50, 52, 54, 56].xlsx: impedance points 54 < 63
Skipping file 20240822_10ppm铜离子污染测试_新版电解槽_ion_column_gamry_[24, 26, 28, 30].xlsx: impedance points 54 < 63
Skipping file 20240822_10ppm铜离子污染测试_新版电解槽_ion_column_gamry_[44, 46, 48, 50].xlsx: impedance points 54 < 63

[PairDataset][Example pairs] (show up to 50)
  [1] A(idx=431) 20241107_0.1ppm钙离子污染及恢复测试_新版电解槽_ion_firecloud_[0, 2, 4, 6].xlsx  times=[0, 2, 4, 6]
      → B(idx=253) 20241107_0.1ppm钙离子污染及恢复测试_新版电解槽_ion_firecloud_[4, 6, 8, 10].xlsx  times=[4, 6, 8, 10]  dummy=False
  [2] A(idx=678) 20241107_0.1ppm钙离子污染及恢复测试_新版电解槽_ion_firecloud_[2, 4, 6, 8].xlsx  times=[2, 4, 6, 8]
      → B(idx=484) 20241107_0.1ppm钙离子污染及恢复测试_新版电解槽_ion_firecloud_[6, 8, 10, 12].xlsx  times=[6, 8, 10, 12]  dummy=False
  [3] A(idx=253) 20241107_0.1ppm钙离子污染及恢复测试_新版电解槽_ion_firecloud_[4, 6, 8, 10].xlsx  times=[4, 6, 8, 10]
      → B(idx=481) 20241107_0.1ppm钙离子污染及恢复测试_新版电解槽_ion_firecloud_[8, 10, 12, 14].xlsx  times=[8, 10, 12, 14]  dummy=False
  [4] A(idx=484) 20241107_0.1ppm钙离子污染及恢复测试_新版电解槽_ion_firecloud_[6, 8, 10, 12].xlsx  times=[6, 8, 10, 12]
      → B(idx=547) 20241107_0.1ppm钙离子污染及恢复测试_新版电解槽_ion_firecloud_[10, 12, 14, 16].xlsx  times=[10, 12, 14, 16]  dummy=False
  [5] A(idx=481) 20241107_0.1ppm钙离子污染及恢复测试_新版电解槽_ion_firecloud_[8, 10, 12, 14].xlsx  times=[8, 10, 12, 14]
      → B(idx=138) 20241107_0.1ppm钙离子污染及恢复测试_新版电解槽_ion_firecloud_[12, 14, 16, 18].xlsx  times=[12, 14, 16, 18]  dummy=False
  [6] A(idx=547) 20241107_0.1ppm钙离子污染及恢复测试_新版电解槽_ion_firecloud_[10, 12, 14, 16].xlsx  times=[10, 12, 14, 16]
      → B(idx=0) 20241107_0.1ppm钙离子污染及恢复测试_新版电解槽_ion_firecloud_[14, 16, 18, 20].xlsx  times=[14, 16, 18, 20]  dummy=False
  [7] A(idx=138) 20241107_0.1ppm钙离子污染及恢复测试_新版电解槽_ion_firecloud_[12, 14, 16, 18].xlsx  times=[12, 14, 16, 18]
      → B(idx=52) 20241107_0.1ppm钙离子污染及恢复测试_新版电解槽_ion_firecloud_[16, 18, 20, 22].xlsx  times=[16, 18, 20, 22]  dummy=False
  [8] A(idx=0) 20241107_0.1ppm钙离子污染及恢复测试_新版电解槽_ion_firecloud_[14, 16, 18, 20].xlsx  times=[14, 16, 18, 20]
      → B(idx=436) 20241107_0.1ppm钙离子污染及恢复测试_新版电解槽_ion_firecloud_[18, 20, 22, 24].xlsx  times=[18, 20, 22, 24]  dummy=False
  [9] A(idx=52) 20241107_0.1ppm钙离子污染及恢复测试_新版电解槽_ion_firecloud_[16, 18, 20, 22].xlsx  times=[16, 18, 20, 22]
      → B(idx=352) 20241107_0.1ppm钙离子污染及恢复测试_新版电解槽_ion_firecloud_[20, 22, 24, 26].xlsx  times=[20, 22, 24, 26]  dummy=False
  [10] A(idx=436) 20241107_0.1ppm钙离子污染及恢复测试_新版电解槽_ion_firecloud_[18, 20, 22, 24].xlsx  times=[18, 20, 22, 24]
      → B(idx=436) 20241107_0.1ppm钙离子污染及恢复测试_新版电解槽_ion_firecloud_[18, 20, 22, 24].xlsx  times=[18, 20, 22, 24]  dummy=True
  [11] A(idx=352) 20241107_0.1ppm钙离子污染及恢复测试_新版电解槽_ion_firecloud_[20, 22, 24, 26].xlsx  times=[20, 22, 24, 26]
      → B(idx=352) 20241107_0.1ppm钙离子污染及恢复测试_新版电解槽_ion_firecloud_[20, 22, 24, 26].xlsx  times=[20, 22, 24, 26]  dummy=True
  [12] A(idx=377) 20241107_0.1ppm钙离子污染及恢复测试_新版电解槽_ion_firecloud_[34, 36, 38, 40].xlsx  times=[34, 36, 38, 40]
      → B(idx=134) 20241107_0.1ppm钙离子污染及恢复测试_新版电解槽_ion_firecloud_[38, 40, 42, 44].xlsx  times=[38, 40, 42, 44]  dummy=False
  [13] A(idx=67) 20241107_0.1ppm钙离子污染及恢复测试_新版电解槽_ion_firecloud_[36, 38, 40, 42].xlsx  times=[36, 38, 40, 42]
      → B(idx=329) 20241107_0.1ppm钙离子污染及恢复测试_新版电解槽_ion_firecloud_[40, 42, 44, 46].xlsx  times=[40, 42, 44, 46]  dummy=False
  [14] A(idx=134) 20241107_0.1ppm钙离子污染及恢复测试_新版电解槽_ion_firecloud_[38, 40, 42, 44].xlsx  times=[38, 40, 42, 44]
      → B(idx=134) 20241107_0.1ppm钙离子污染及恢复测试_新版电解槽_ion_firecloud_[38, 40, 42, 44].xlsx  times=[38, 40, 42, 44]  dummy=True
  [15] A(idx=329) 20241107_0.1ppm钙离子污染及恢复测试_新版电解槽_ion_firecloud_[40, 42, 44, 46].xlsx  times=[40, 42, 44, 46]
      → B(idx=329) 20241107_0.1ppm钙离子污染及恢复测试_新版电解槽_ion_firecloud_[40, 42, 44, 46].xlsx  times=[40, 42, 44, 46]  dummy=True
  [16] A(idx=478) 20240910_10ppm钙离子污染测试_新版电解槽_ion_column_gamry_[0, 2, 4, 6].xlsx  times=[0, 2, 4, 6]
      → B(idx=540) 20240910_10ppm钙离子污染测试_新版电解槽_ion_column_gamry_[4, 6, 8, 10].xlsx  times=[4, 6, 8, 10]  dummy=False
  [17] A(idx=1) 20240910_10ppm钙离子污染测试_新版电解槽_ion_column_gamry_[2, 4, 6, 8].xlsx  times=[2, 4, 6, 8]
      → B(idx=516) 20240910_10ppm钙离子污染测试_新版电解槽_ion_column_gamry_[6, 8, 10, 12].xlsx  times=[6, 8, 10, 12]  dummy=False
  [18] A(idx=540) 20240910_10ppm钙离子污染测试_新版电解槽_ion_column_gamry_[4, 6, 8, 10].xlsx  times=[4, 6, 8, 10]
      → B(idx=413) 20240910_10ppm钙离子污染测试_新版电解槽_ion_column_gamry_[8, 10, 12, 14].xlsx  times=[8, 10, 12, 14]  dummy=False
  [19] A(idx=516) 20240910_10ppm钙离子污染测试_新版电解槽_ion_column_gamry_[6, 8, 10, 12].xlsx  times=[6, 8, 10, 12]
      → B(idx=410) 20240910_10ppm钙离子污染测试_新版电解槽_ion_column_gamry_[10, 12, 14, 16].xlsx  times=[10, 12, 14, 16]  dummy=False
  [20] A(idx=413) 20240910_10ppm钙离子污染测试_新版电解槽_ion_column_gamry_[8, 10, 12, 14].xlsx  times=[8, 10, 12, 14]
      → B(idx=156) 20240910_10ppm钙离子污染测试_新版电解槽_ion_column_gamry_[12, 14, 16, 18].xlsx  times=[12, 14, 16, 18]  dummy=False
  [21] A(idx=410) 20240910_10ppm钙离子污染测试_新版电解槽_ion_column_gamry_[10, 12, 14, 16].xlsx  times=[10, 12, 14, 16]
      → B(idx=366) 20240910_10ppm钙离子污染测试_新版电解槽_ion_column_gamry_[14, 16, 18, 20].xlsx  times=[14, 16, 18, 20]  dummy=False
  [22] A(idx=156) 20240910_10ppm钙离子污染测试_新版电解槽_ion_column_gamry_[12, 14, 16, 18].xlsx  times=[12, 14, 16, 18]
      → B(idx=156) 20240910_10ppm钙离子污染测试_新版电解槽_ion_column_gamry_[12, 14, 16, 18].xlsx  times=[12, 14, 16, 18]  dummy=True
  [23] A(idx=366) 20240910_10ppm钙离子污染测试_新版电解槽_ion_column_gamry_[14, 16, 18, 20].xlsx  times=[14, 16, 18, 20]
      → B(idx=366) 20240910_10ppm钙离子污染测试_新版电解槽_ion_column_gamry_[14, 16, 18, 20].xlsx  times=[14, 16, 18, 20]  dummy=True
  [24] A(idx=94) 20241006_2ppm铬离子污染测试_旧版电解槽_ion_firecloud_[0, 2, 4, 6].xlsx  times=[0, 2, 4, 6]
      → B(idx=94) 20241006_2ppm铬离子污染测试_旧版电解槽_ion_firecloud_[0, 2, 4, 6].xlsx  times=[0, 2, 4, 6]  dummy=True
  [25] A(idx=550) 20241006_2ppm铬离子污染测试_旧版电解槽_ion_firecloud_[2, 4, 6, 8].xlsx  times=[2, 4, 6, 8]
      → B(idx=550) 20241006_2ppm铬离子污染测试_旧版电解槽_ion_firecloud_[2, 4, 6, 8].xlsx  times=[2, 4, 6, 8]  dummy=True
  [26] A(idx=538) 20241006_2ppm铬离子污染测试_旧版电解槽_ion_firecloud_[16, 18, 20, 22].xlsx  times=[16, 18, 20, 22]
      → B(idx=430) 20241006_2ppm铬离子污染测试_旧版电解槽_ion_firecloud_[20, 22, 24, 26].xlsx  times=[20, 22, 24, 26]  dummy=False
  [27] A(idx=32) 20241006_2ppm铬离子污染测试_旧版电解槽_ion_firecloud_[18, 20, 22, 24].xlsx  times=[18, 20, 22, 24]
      → B(idx=2) 20241006_2ppm铬离子污染测试_旧版电解槽_ion_firecloud_[22, 24, 26, 28].xlsx  times=[22, 24, 26, 28]  dummy=False
  [28] A(idx=430) 20241006_2ppm铬离子污染测试_旧版电解槽_ion_firecloud_[20, 22, 24, 26].xlsx  times=[20, 22, 24, 26]
      → B(idx=87) 20241006_2ppm铬离子污染测试_旧版电解槽_ion_firecloud_[24, 26, 28, 30].xlsx  times=[24, 26, 28, 30]  dummy=False
  [29] A(idx=2) 20241006_2ppm铬离子污染测试_旧版电解槽_ion_firecloud_[22, 24, 26, 28].xlsx  times=[22, 24, 26, 28]
      → B(idx=260) 20241006_2ppm铬离子污染测试_旧版电解槽_ion_firecloud_[26, 28, 30, 32].xlsx  times=[26, 28, 30, 32]  dummy=False
  [30] A(idx=87) 20241006_2ppm铬离子污染测试_旧版电解槽_ion_firecloud_[24, 26, 28, 30].xlsx  times=[24, 26, 28, 30]
      → B(idx=569) 20241006_2ppm铬离子污染测试_旧版电解槽_ion_firecloud_[28, 30, 32, 34].xlsx  times=[28, 30, 32, 34]  dummy=False
  [31] A(idx=260) 20241006_2ppm铬离子污染测试_旧版电解槽_ion_firecloud_[26, 28, 30, 32].xlsx  times=[26, 28, 30, 32]
      → B(idx=255) 20241006_2ppm铬离子污染测试_旧版电解槽_ion_firecloud_[30, 32, 34, 36].xlsx  times=[30, 32, 34, 36]  dummy=False
  [32] A(idx=569) 20241006_2ppm铬离子污染测试_旧版电解槽_ion_firecloud_[28, 30, 32, 34].xlsx  times=[28, 30, 32, 34]
      → B(idx=576) 20241006_2ppm铬离子污染测试_旧版电解槽_ion_firecloud_[32, 34, 36, 38].xlsx  times=[32, 34, 36, 38]  dummy=False
  [33] A(idx=255) 20241006_2ppm铬离子污染测试_旧版电解槽_ion_firecloud_[30, 32, 34, 36].xlsx  times=[30, 32, 34, 36]
      → B(idx=269) 20241006_2ppm铬离子污染测试_旧版电解槽_ion_firecloud_[34, 36, 38, 40].xlsx  times=[34, 36, 38, 40]  dummy=False
  [34] A(idx=576) 20241006_2ppm铬离子污染测试_旧版电解槽_ion_firecloud_[32, 34, 36, 38].xlsx  times=[32, 34, 36, 38]
      → B(idx=96) 20241006_2ppm铬离子污染测试_旧版电解槽_ion_firecloud_[36, 38, 40, 42].xlsx  times=[36, 38, 40, 42]  dummy=False
  [35] A(idx=269) 20241006_2ppm铬离子污染测试_旧版电解槽_ion_firecloud_[34, 36, 38, 40].xlsx  times=[34, 36, 38, 40]
      → B(idx=683) 20241006_2ppm铬离子污染测试_旧版电解槽_ion_firecloud_[38, 40, 42, 44].xlsx  times=[38, 40, 42, 44]  dummy=False
  [36] A(idx=96) 20241006_2ppm铬离子污染测试_旧版电解槽_ion_firecloud_[36, 38, 40, 42].xlsx  times=[36, 38, 40, 42]
      → B(idx=114) 20241006_2ppm铬离子污染测试_旧版电解槽_ion_firecloud_[40, 42, 44, 46].xlsx  times=[40, 42, 44, 46]  dummy=False
  [37] A(idx=683) 20241006_2ppm铬离子污染测试_旧版电解槽_ion_firecloud_[38, 40, 42, 44].xlsx  times=[38, 40, 42, 44]
      → B(idx=434) 20241006_2ppm铬离子污染测试_旧版电解槽_ion_firecloud_[42, 44, 46, 48].xlsx  times=[42, 44, 46, 48]  dummy=False
  [38] A(idx=114) 20241006_2ppm铬离子污染测试_旧版电解槽_ion_firecloud_[40, 42, 44, 46].xlsx  times=[40, 42, 44, 46]
      → B(idx=84) 20241006_2ppm铬离子污染测试_旧版电解槽_ion_firecloud_[44, 46, 48, 50].xlsx  times=[44, 46, 48, 50]  dummy=False
  [39] A(idx=434) 20241006_2ppm铬离子污染测试_旧版电解槽_ion_firecloud_[42, 44, 46, 48].xlsx  times=[42, 44, 46, 48]
      → B(idx=565) 20241006_2ppm铬离子污染测试_旧版电解槽_ion_firecloud_[46, 48, 50, 52].xlsx  times=[46, 48, 50, 52]  dummy=False
  [40] A(idx=84) 20241006_2ppm铬离子污染测试_旧版电解槽_ion_firecloud_[44, 46, 48, 50].xlsx  times=[44, 46, 48, 50]
      → B(idx=84) 20241006_2ppm铬离子污染测试_旧版电解槽_ion_firecloud_[44, 46, 48, 50].xlsx  times=[44, 46, 48, 50]  dummy=True
  [41] A(idx=565) 20241006_2ppm铬离子污染测试_旧版电解槽_ion_firecloud_[46, 48, 50, 52].xlsx  times=[46, 48, 50, 52]
      → B(idx=565) 20241006_2ppm铬离子污染测试_旧版电解槽_ion_firecloud_[46, 48, 50, 52].xlsx  times=[46, 48, 50, 52]  dummy=True
  [42] A(idx=45) 20241117_2ppm钠离子污染及恢复测试40摄氏度_新版电解槽_ion_gamry_[14, 16, 18, 20].xlsx  times=[14, 16, 18, 20]
      → B(idx=523) 20241117_2ppm钠离子污染及恢复测试40摄氏度_新版电解槽_ion_gamry_[18, 20, 22, 24].xlsx  times=[18, 20, 22, 24]  dummy=False
  [43] A(idx=564) 20241117_2ppm钠离子污染及恢复测试40摄氏度_新版电解槽_ion_gamry_[16, 18, 20, 22].xlsx  times=[16, 18, 20, 22]
      → B(idx=154) 20241117_2ppm钠离子污染及恢复测试40摄氏度_新版电解槽_ion_gamry_[20, 22, 24, 26].xlsx  times=[20, 22, 24, 26]  dummy=False
  [44] A(idx=523) 20241117_2ppm钠离子污染及恢复测试40摄氏度_新版电解槽_ion_gamry_[18, 20, 22, 24].xlsx  times=[18, 20, 22, 24]
      → B(idx=3) 20241117_2ppm钠离子污染及恢复测试40摄氏度_新版电解槽_ion_gamry_[22, 24, 26, 28].xlsx  times=[22, 24, 26, 28]  dummy=False
  [45] A(idx=154) 20241117_2ppm钠离子污染及恢复测试40摄氏度_新版电解槽_ion_gamry_[20, 22, 24, 26].xlsx  times=[20, 22, 24, 26]
      → B(idx=449) 20241117_2ppm钠离子污染及恢复测试40摄氏度_新版电解槽_ion_gamry_[24, 26, 28, 30].xlsx  times=[24, 26, 28, 30]  dummy=False
  [46] A(idx=3) 20241117_2ppm钠离子污染及恢复测试40摄氏度_新版电解槽_ion_gamry_[22, 24, 26, 28].xlsx  times=[22, 24, 26, 28]
      → B(idx=34) 20241117_2ppm钠离子污染及恢复测试40摄氏度_新版电解槽_ion_gamry_[26, 28, 30, 32].xlsx  times=[26, 28, 30, 32]  dummy=False
  [47] A(idx=449) 20241117_2ppm钠离子污染及恢复测试40摄氏度_新版电解槽_ion_gamry_[24, 26, 28, 30].xlsx  times=[24, 26, 28, 30]
      → B(idx=323) 20241117_2ppm钠离子污染及恢复测试40摄氏度_新版电解槽_ion_gamry_[28, 30, 32, 34].xlsx  times=[28, 30, 32, 34]  dummy=False
  [48] A(idx=34) 20241117_2ppm钠离子污染及恢复测试40摄氏度_新版电解槽_ion_gamry_[26, 28, 30, 32].xlsx  times=[26, 28, 30, 32]
      → B(idx=659) 20241117_2ppm钠离子污染及恢复测试40摄氏度_新版电解槽_ion_gamry_[30, 32, 34, 36].xlsx  times=[30, 32, 34, 36]  dummy=False
  [49] A(idx=323) 20241117_2ppm钠离子污染及恢复测试40摄氏度_新版电解槽_ion_gamry_[28, 30, 32, 34].xlsx  times=[28, 30, 32, 34]
      → B(idx=579) 20241117_2ppm钠离子污染及恢复测试40摄氏度_新版电解槽_ion_gamry_[32, 34, 36, 38].xlsx  times=[32, 34, 36, 38]  dummy=False
  [50] A(idx=659) 20241117_2ppm钠离子污染及恢复测试40摄氏度_新版电解槽_ion_gamry_[30, 32, 34, 36].xlsx  times=[30, 32, 34, 36]
      → B(idx=350) 20241117_2ppm钠离子污染及恢复测试40摄氏度_新版电解槽_ion_gamry_[34, 36, 38, 40].xlsx  times=[34, 36, 38, 40]  dummy=False

[PairDataset][Summary]
- total files:        706
- parsed OK:          706
- regex fail:         0
- parse times fail:   0
- empty times:        0
- total pairs:        706  (keep_unpaired=self)
- distinct prefixes:  96
- prefixes coverage (first few):
  [1] 20241107_0.1ppm钙离子污染及恢复测试_新版电解槽_ion_firecloud_[* -> windows=15, adj_pairs=9/14
  [2] 20240910_10ppm钙离子污染测试_新版电解槽_ion_column_gamry_[* -> windows=8, adj_pairs=5/7
  [3] 20241006_2ppm铬离子污染测试_旧版电解槽_ion_firecloud_[* -> windows=18, adj_pairs=13/17
  [4] 20241117_2ppm钠离子污染及恢复测试40摄氏度_新版电解槽_ion_gamry_[* -> windows=13, adj_pairs=10/12
  [5] 20241227_10ppm铜离子污染及恢复测试_旧版电解槽_ion_gamry_[* -> windows=15, adj_pairs=10/14
  [6] 20241003_2ppm镍离子污染测试_新版电解槽_ion_gamry_[* -> windows=7, adj_pairs=1/6
  [7] 20241112_2ppm钠离子污染和恢复测试80摄氏度_新版电解槽_ion_column_renew_H2SO4_gamry_[* -> windows=13, adj_pairs=10/12
  [8] 20240910_10ppm钙离子污染测试_新版电解槽_ion_gamry_[* -> windows=10, adj_pairs=2/9
  [9] 20241213_2ppm钠离子污染及恢复测试_新版电解槽_ion_column_renew_H2SO4_gamry_[* -> windows=7, adj_pairs=4/6
  [10] 20241010_2ppm钠离子污染测试_新版电解槽_ion_firecloud_[* -> windows=8, adj_pairs=2/7
- unadjacent gaps samples: 253 (showing first 0)

[PairDataset][Explain] focus_prefix_contains='20240915_2ppm铜离子污染测试_旧版电解槽_ion_firecloud_'
  - PREFIX: 20240915_2ppm铜离子污染测试_旧版电解槽_ion_firecloud_[* windows=11
    windows (sorted by first,last):
      · 20240915_2ppm铜离子污染测试_旧版电解槽_ion_firecloud_[0, 2, 4, 6].xlsx  -> times=[0, 2, 4, 6]  first=0 last=6
      · 20240915_2ppm铜离子污染测试_旧版电解槽_ion_firecloud_[2, 4, 6, 8].xlsx  -> times=[2, 4, 6, 8]  first=2 last=8
      · 20240915_2ppm铜离子污染测试_旧版电解槽_ion_firecloud_[4, 6, 8, 10].xlsx  -> times=[4, 6, 8, 10]  first=4 last=10
      · 20240915_2ppm铜离子污染测试_旧版电解槽_ion_firecloud_[6, 8, 10, 12].xlsx  -> times=[6, 8, 10, 12]  first=6 last=12
      · 20240915_2ppm铜离子污染测试_旧版电解槽_ion_firecloud_[8, 10, 12, 14].xlsx  -> times=[8, 10, 12, 14]  first=8 last=14
      · 20240915_2ppm铜离子污染测试_旧版电解槽_ion_firecloud_[10, 12, 14, 16].xlsx  -> times=[10, 12, 14, 16]  first=10 last=16
      · 20240915_2ppm铜离子污染测试_旧版电解槽_ion_firecloud_[12, 14, 16, 18].xlsx  -> times=[12, 14, 16, 18]  first=12 last=18
      · 20240915_2ppm铜离子污染测试_旧版电解槽_ion_firecloud_[14, 16, 18, 20].xlsx  -> times=[14, 16, 18, 20]  first=14 last=20
      · 20240915_2ppm铜离子污染测试_旧版电解槽_ion_firecloud_[16, 18, 20, 22].xlsx  -> times=[16, 18, 20, 22]  first=16 last=22
      · 20240915_2ppm铜离子污染测试_旧版电解槽_ion_firecloud_[18, 20, 22, 24].xlsx  -> times=[18, 20, 22, 24]  first=18 last=24
      · 20240915_2ppm铜离子污染测试_旧版电解槽_ion_firecloud_[20, 22, 24, 26].xlsx  -> times=[20, 22, 24, 26]  first=20 last=26
      MISS: 6 -> 2   (20240915_2ppm铜离子污染测试_旧版电解槽_ion_firecloud_[0, 2, 4, 6].xlsx  →  20240915_2ppm铜离子污染测试_旧版电解槽_ion_firecloud_[2, 4, 6, 8].xlsx)
      MISS: 8 -> 4   (20240915_2ppm铜离子污染测试_旧版电解槽_ion_firecloud_[2, 4, 6, 8].xlsx  →  20240915_2ppm铜离子污染测试_旧版电解槽_ion_firecloud_[4, 6, 8, 10].xlsx)
      MISS: 10 -> 6   (20240915_2ppm铜离子污染测试_旧版电解槽_ion_firecloud_[4, 6, 8, 10].xlsx  →  20240915_2ppm铜离子污染测试_旧版电解槽_ion_firecloud_[6, 8, 10, 12].xlsx)
      MISS: 12 -> 8   (20240915_2ppm铜离子污染测试_旧版电解槽_ion_firecloud_[6, 8, 10, 12].xlsx  →  20240915_2ppm铜离子污染测试_旧版电解槽_ion_firecloud_[8, 10, 12, 14].xlsx)
      MISS: 14 -> 10   (20240915_2ppm铜离子污染测试_旧版电解槽_ion_firecloud_[8, 10, 12, 14].xlsx  →  20240915_2ppm铜离子污染测试_旧版电解槽_ion_firecloud_[10, 12, 14, 16].xlsx)
      MISS: 16 -> 12   (20240915_2ppm铜离子污染测试_旧版电解槽_ion_firecloud_[10, 12, 14, 16].xlsx  →  20240915_2ppm铜离子污染测试_旧版电解槽_ion_firecloud_[12, 14, 16, 18].xlsx)
      MISS: 18 -> 14   (20240915_2ppm铜离子污染测试_旧版电解槽_ion_firecloud_[12, 14, 16, 18].xlsx  →  20240915_2ppm铜离子污染测试_旧版电解槽_ion_firecloud_[14, 16, 18, 20].xlsx)
      MISS: 20 -> 16   (20240915_2ppm铜离子污染测试_旧版电解槽_ion_firecloud_[14, 16, 18, 20].xlsx  →  20240915_2ppm铜离子污染测试_旧版电解槽_ion_firecloud_[16, 18, 20, 22].xlsx)
      MISS: 22 -> 18   (20240915_2ppm铜离子污染测试_旧版电解槽_ion_firecloud_[16, 18, 20, 22].xlsx  →  20240915_2ppm铜离子污染测试_旧版电解槽_ion_firecloud_[18, 20, 22, 24].xlsx)
      MISS: 24 -> 20   (20240915_2ppm铜离子污染测试_旧版电解槽_ion_firecloud_[18, 20, 22, 24].xlsx  →  20240915_2ppm铜离子污染测试_旧版电解槽_ion_firecloud_[20, 22, 24, 26].xlsx)

[PairDataset][Example pairs] (show up to 50)
  [1] A(idx=0) 20240918_2ppm钙离子污染测试_新版电解槽_ion_gamry_[10, 12, 14, 16].xlsx  times=[10, 12, 14, 16]
      → B(idx=92) 20240918_2ppm钙离子污染测试_新版电解槽_ion_gamry_[14, 16, 18, 20].xlsx  times=[14, 16, 18, 20]  dummy=False
  [2] A(idx=92) 20240918_2ppm钙离子污染测试_新版电解槽_ion_gamry_[14, 16, 18, 20].xlsx  times=[14, 16, 18, 20]
      → B(idx=92) 20240918_2ppm钙离子污染测试_新版电解槽_ion_gamry_[14, 16, 18, 20].xlsx  times=[14, 16, 18, 20]  dummy=True
  [3] A(idx=1) 20241028_2ppm钠离子污染和恢复测试_旧版电解槽_ion_column_renew_H2SO4_gamry_[2, 4, 6, 8].xlsx  times=[2, 4, 6, 8]
      → B(idx=1) 20241028_2ppm钠离子污染和恢复测试_旧版电解槽_ion_column_renew_H2SO4_gamry_[2, 4, 6, 8].xlsx  times=[2, 4, 6, 8]  dummy=True
  [4] A(idx=94) 20241028_2ppm钠离子污染和恢复测试_旧版电解槽_ion_column_renew_H2SO4_gamry_[4, 6, 8, 10].xlsx  times=[4, 6, 8, 10]
      → B(idx=94) 20241028_2ppm钠离子污染和恢复测试_旧版电解槽_ion_column_renew_H2SO4_gamry_[4, 6, 8, 10].xlsx  times=[4, 6, 8, 10]  dummy=True
  [5] A(idx=125) 20241010_2ppm钠离子污染测试_新版电解槽_ion_column_firecloud_[6, 8, 10, 12].xlsx  times=[6, 8, 10, 12]
      → B(idx=125) 20241010_2ppm钠离子污染测试_新版电解槽_ion_column_firecloud_[6, 8, 10, 12].xlsx  times=[6, 8, 10, 12]  dummy=True
  [6] A(idx=2) 20241010_2ppm钠离子污染测试_新版电解槽_ion_column_firecloud_[8, 10, 12, 14].xlsx  times=[8, 10, 12, 14]
      → B(idx=2) 20241010_2ppm钠离子污染测试_新版电解槽_ion_column_firecloud_[8, 10, 12, 14].xlsx  times=[8, 10, 12, 14]  dummy=True
  [7] A(idx=20) 20241101_2ppm铜离子污染和恢复测试_旧版电解槽_ion_firecloud_[0, 2, 4, 6].xlsx  times=[0, 2, 4, 6]
      → B(idx=20) 20241101_2ppm铜离子污染和恢复测试_旧版电解槽_ion_firecloud_[0, 2, 4, 6].xlsx  times=[0, 2, 4, 6]  dummy=True
  [8] A(idx=3) 20241101_2ppm铜离子污染和恢复测试_旧版电解槽_ion_firecloud_[10, 12, 14, 16].xlsx  times=[10, 12, 14, 16]
      → B(idx=3) 20241101_2ppm铜离子污染和恢复测试_旧版电解槽_ion_firecloud_[10, 12, 14, 16].xlsx  times=[10, 12, 14, 16]  dummy=True
  [9] A(idx=31) 20241101_2ppm铜离子污染和恢复测试_旧版电解槽_ion_firecloud_[20, 22, 24, 26].xlsx  times=[20, 22, 24, 26]
      → B(idx=31) 20241101_2ppm铜离子污染和恢复测试_旧版电解槽_ion_firecloud_[20, 22, 24, 26].xlsx  times=[20, 22, 24, 26]  dummy=True
  [10] A(idx=48) 20240831_10ppm镍离子污染测试_新版电解槽_ion_gamry_[0, 2, 4, 6].xlsx  times=[0, 2, 4, 6]
      → B(idx=41) 20240831_10ppm镍离子污染测试_新版电解槽_ion_gamry_[4, 6, 8, 10].xlsx  times=[4, 6, 8, 10]  dummy=False
  [11] A(idx=41) 20240831_10ppm镍离子污染测试_新版电解槽_ion_gamry_[4, 6, 8, 10].xlsx  times=[4, 6, 8, 10]
      → B(idx=41) 20240831_10ppm镍离子污染测试_新版电解槽_ion_gamry_[4, 6, 8, 10].xlsx  times=[4, 6, 8, 10]  dummy=True
  [12] A(idx=139) 20240831_10ppm镍离子污染测试_新版电解槽_ion_gamry_[16, 18, 20, 22].xlsx  times=[16, 18, 20, 22]
      → B(idx=139) 20240831_10ppm镍离子污染测试_新版电解槽_ion_gamry_[16, 18, 20, 22].xlsx  times=[16, 18, 20, 22]  dummy=True
  [13] A(idx=4) 20240831_10ppm镍离子污染测试_新版电解槽_ion_gamry_[18, 20, 22, 24].xlsx  times=[18, 20, 22, 24]
      → B(idx=4) 20240831_10ppm镍离子污染测试_新版电解槽_ion_gamry_[18, 20, 22, 24].xlsx  times=[18, 20, 22, 24]  dummy=True
  [14] A(idx=5) 20241122_2ppm铜离子污染及恢复测试40摄氏度_新版电解槽_ion_column_renew_H2SO4_gamry_[14, 16, 18, 20].xlsx  times=[14, 16, 18, 20]
      → B(idx=5) 20241122_2ppm铜离子污染及恢复测试40摄氏度_新版电解槽_ion_column_renew_H2SO4_gamry_[14, 16, 18, 20].xlsx  times=[14, 16, 18, 20]  dummy=True
  [15] A(idx=93) 20241010_2ppm钠离子污染测试_新版电解槽_ion_firecloud_[4, 6, 8, 10].xlsx  times=[4, 6, 8, 10]
      → B(idx=93) 20241010_2ppm钠离子污染测试_新版电解槽_ion_firecloud_[4, 6, 8, 10].xlsx  times=[4, 6, 8, 10]  dummy=True
  [16] A(idx=104) 20241010_2ppm钠离子污染测试_新版电解槽_ion_firecloud_[12, 14, 16, 18].xlsx  times=[12, 14, 16, 18]
      → B(idx=135) 20241010_2ppm钠离子污染测试_新版电解槽_ion_firecloud_[16, 18, 20, 22].xlsx  times=[16, 18, 20, 22]  dummy=False
  [17] A(idx=135) 20241010_2ppm钠离子污染测试_新版电解槽_ion_firecloud_[16, 18, 20, 22].xlsx  times=[16, 18, 20, 22]
      → B(idx=135) 20241010_2ppm钠离子污染测试_新版电解槽_ion_firecloud_[16, 18, 20, 22].xlsx  times=[16, 18, 20, 22]  dummy=True
  [18] A(idx=6) 20241010_2ppm钠离子污染测试_新版电解槽_ion_firecloud_[36, 38, 40, 42].xlsx  times=[36, 38, 40, 42]
      → B(idx=6) 20241010_2ppm钠离子污染测试_新版电解槽_ion_firecloud_[36, 38, 40, 42].xlsx  times=[36, 38, 40, 42]  dummy=True
  [19] A(idx=55) 20241029_2ppm铁离子污染和恢复测试_新版电解槽_ion_firecloud_[26, 28, 30, 32].xlsx  times=[26, 28, 30, 32]
      → B(idx=7) 20241029_2ppm铁离子污染和恢复测试_新版电解槽_ion_firecloud_[30, 32, 34, 36].xlsx  times=[30, 32, 34, 36]  dummy=False
  [20] A(idx=7) 20241029_2ppm铁离子污染和恢复测试_新版电解槽_ion_firecloud_[30, 32, 34, 36].xlsx  times=[30, 32, 34, 36]
      → B(idx=141) 20241029_2ppm铁离子污染和恢复测试_新版电解槽_ion_firecloud_[34, 36, 38, 40].xlsx  times=[34, 36, 38, 40]  dummy=False
  [21] A(idx=141) 20241029_2ppm铁离子污染和恢复测试_新版电解槽_ion_firecloud_[34, 36, 38, 40].xlsx  times=[34, 36, 38, 40]
      → B(idx=141) 20241029_2ppm铁离子污染和恢复测试_新版电解槽_ion_firecloud_[34, 36, 38, 40].xlsx  times=[34, 36, 38, 40]  dummy=True
  [22] A(idx=47) 20241029_2ppm铁离子污染和恢复测试_新版电解槽_ion_firecloud_[46, 48, 50, 52].xlsx  times=[46, 48, 50, 52]
      → B(idx=47) 20241029_2ppm铁离子污染和恢复测试_新版电解槽_ion_firecloud_[46, 48, 50, 52].xlsx  times=[46, 48, 50, 52]  dummy=True
  [23] A(idx=8) 20241227_10ppm铜离子污染及恢复测试_旧版电解槽_ion_column_renew_H2SO4_gamry_[8, 10, 12, 14].xlsx  times=[8, 10, 12, 14]
      → B(idx=8) 20241227_10ppm铜离子污染及恢复测试_旧版电解槽_ion_column_renew_H2SO4_gamry_[8, 10, 12, 14].xlsx  times=[8, 10, 12, 14]  dummy=True
  [24] A(idx=88) 20241227_10ppm铜离子污染及恢复测试_旧版电解槽_ion_column_renew_H2SO4_gamry_[24, 26, 28, 30].xlsx  times=[24, 26, 28, 30]
      → B(idx=88) 20241227_10ppm铜离子污染及恢复测试_旧版电解槽_ion_column_renew_H2SO4_gamry_[24, 26, 28, 30].xlsx  times=[24, 26, 28, 30]  dummy=True
  [25] A(idx=134) 20241227_10ppm铜离子污染及恢复测试_旧版电解槽_ion_column_renew_H2SO4_gamry_[26, 28, 30, 32].xlsx  times=[26, 28, 30, 32]
      → B(idx=134) 20241227_10ppm铜离子污染及恢复测试_旧版电解槽_ion_column_renew_H2SO4_gamry_[26, 28, 30, 32].xlsx  times=[26, 28, 30, 32]  dummy=True
  [26] A(idx=27) 20241017_2ppm铬离子污染和恢复测试_新版电解槽_ion_gamry_[0, 2, 4, 6].xlsx  times=[0, 2, 4, 6]
      → B(idx=27) 20241017_2ppm铬离子污染和恢复测试_新版电解槽_ion_gamry_[0, 2, 4, 6].xlsx  times=[0, 2, 4, 6]  dummy=True
  [27] A(idx=9) 20241017_2ppm铬离子污染和恢复测试_新版电解槽_ion_gamry_[20, 22, 24, 26].xlsx  times=[20, 22, 24, 26]
      → B(idx=9) 20241017_2ppm铬离子污染和恢复测试_新版电解槽_ion_gamry_[20, 22, 24, 26].xlsx  times=[20, 22, 24, 26]  dummy=True
  [28] A(idx=10) 20241024_2ppm铁离子污染和恢复测试_新版电解槽_ion_column_renew_H2SO4_firecloud_[12, 14, 16, 18].xlsx  times=[12, 14, 16, 18]
      → B(idx=10) 20241024_2ppm铁离子污染和恢复测试_新版电解槽_ion_column_renew_H2SO4_firecloud_[12, 14, 16, 18].xlsx  times=[12, 14, 16, 18]  dummy=True
  [29] A(idx=136) 20241024_2ppm铁离子污染和恢复测试_新版电解槽_ion_column_renew_H2SO4_firecloud_[18, 20, 22, 24].xlsx  times=[18, 20, 22, 24]
      → B(idx=136) 20241024_2ppm铁离子污染和恢复测试_新版电解槽_ion_column_renew_H2SO4_firecloud_[18, 20, 22, 24].xlsx  times=[18, 20, 22, 24]  dummy=True
  [30] A(idx=11) 20241117_2ppm钠离子污染及恢复测试10mlmin_旧版电解槽_ion_gamry_[2, 4, 6, 8].xlsx  times=[2, 4, 6, 8]
      → B(idx=11) 20241117_2ppm钠离子污染及恢复测试10mlmin_旧版电解槽_ion_gamry_[2, 4, 6, 8].xlsx  times=[2, 4, 6, 8]  dummy=True
  [31] A(idx=140) 20241117_2ppm钠离子污染及恢复测试10mlmin_旧版电解槽_ion_gamry_[10, 12, 14, 16].xlsx  times=[10, 12, 14, 16]
      → B(idx=140) 20241117_2ppm钠离子污染及恢复测试10mlmin_旧版电解槽_ion_gamry_[10, 12, 14, 16].xlsx  times=[10, 12, 14, 16]  dummy=True
  [32] A(idx=78) 20241117_2ppm钠离子污染及恢复测试10mlmin_旧版电解槽_ion_gamry_[30, 32, 34, 36].xlsx  times=[30, 32, 34, 36]
      → B(idx=78) 20241117_2ppm钠离子污染及恢复测试10mlmin_旧版电解槽_ion_gamry_[30, 32, 34, 36].xlsx  times=[30, 32, 34, 36]  dummy=True
  [33] A(idx=138) 20241211_2ppm铜离子污染及恢复测试80摄氏度_旧版电解槽_ion_gamry_[28, 30, 32, 34].xlsx  times=[28, 30, 32, 34]
      → B(idx=12) 20241211_2ppm铜离子污染及恢复测试80摄氏度_旧版电解槽_ion_gamry_[32, 34, 36, 38].xlsx  times=[32, 34, 36, 38]  dummy=False
  [34] A(idx=12) 20241211_2ppm铜离子污染及恢复测试80摄氏度_旧版电解槽_ion_gamry_[32, 34, 36, 38].xlsx  times=[32, 34, 36, 38]
      → B(idx=12) 20241211_2ppm铜离子污染及恢复测试80摄氏度_旧版电解槽_ion_gamry_[32, 34, 36, 38].xlsx  times=[32, 34, 36, 38]  dummy=True
  [35] A(idx=108) 20241211_2ppm铜离子污染及恢复测试80摄氏度_旧版电解槽_ion_gamry_[38, 40, 42, 44].xlsx  times=[38, 40, 42, 44]
      → B(idx=108) 20241211_2ppm铜离子污染及恢复测试80摄氏度_旧版电解槽_ion_gamry_[38, 40, 42, 44].xlsx  times=[38, 40, 42, 44]  dummy=True
  [36] A(idx=143) 20241213_2ppm钠离子污染及恢复测试_新版电解槽_ion_gamry_[0, 2, 4, 6].xlsx  times=[0, 2, 4, 6]
      → B(idx=143) 20241213_2ppm钠离子污染及恢复测试_新版电解槽_ion_gamry_[0, 2, 4, 6].xlsx  times=[0, 2, 4, 6]  dummy=True
  [37] A(idx=70) 20241213_2ppm钠离子污染及恢复测试_新版电解槽_ion_gamry_[2, 4, 6, 8].xlsx  times=[2, 4, 6, 8]
      → B(idx=70) 20241213_2ppm钠离子污染及恢复测试_新版电解槽_ion_gamry_[2, 4, 6, 8].xlsx  times=[2, 4, 6, 8]  dummy=True
  [38] A(idx=13) 20241213_2ppm钠离子污染及恢复测试_新版电解槽_ion_gamry_[22, 24, 26, 28].xlsx  times=[22, 24, 26, 28]
      → B(idx=13) 20241213_2ppm钠离子污染及恢复测试_新版电解槽_ion_gamry_[22, 24, 26, 28].xlsx  times=[22, 24, 26, 28]  dummy=True
  [39] A(idx=14) 20240822_10ppm铜离子污染测试_新版电解槽_ion_gamry_[10, 12, 14, 16].xlsx  times=[10, 12, 14, 16]
      → B(idx=14) 20240822_10ppm铜离子污染测试_新版电解槽_ion_gamry_[10, 12, 14, 16].xlsx  times=[10, 12, 14, 16]  dummy=True
  [40] A(idx=51) 20241112_2ppm钠离子污染和恢复测试80摄氏度_新版电解槽_ion_gamry_[28, 30, 32, 34].xlsx  times=[28, 30, 32, 34]
      → B(idx=51) 20241112_2ppm钠离子污染和恢复测试80摄氏度_新版电解槽_ion_gamry_[28, 30, 32, 34].xlsx  times=[28, 30, 32, 34]  dummy=True
  [41] A(idx=126) 20241112_2ppm钠离子污染和恢复测试80摄氏度_新版电解槽_ion_gamry_[34, 36, 38, 40].xlsx  times=[34, 36, 38, 40]
      → B(idx=126) 20241112_2ppm钠离子污染和恢复测试80摄氏度_新版电解槽_ion_gamry_[34, 36, 38, 40].xlsx  times=[34, 36, 38, 40]  dummy=True
  [42] A(idx=15) 20241112_2ppm钠离子污染和恢复测试80摄氏度_新版电解槽_ion_gamry_[36, 38, 40, 42].xlsx  times=[36, 38, 40, 42]
      → B(idx=15) 20241112_2ppm钠离子污染和恢复测试80摄氏度_新版电解槽_ion_gamry_[36, 38, 40, 42].xlsx  times=[36, 38, 40, 42]  dummy=True
  [43] A(idx=16) 20240831_10ppm镍离子污染测试_新版电解槽_ion_column_gamry_[0, 2, 4, 6].xlsx  times=[0, 2, 4, 6]
      → B(idx=16) 20240831_10ppm镍离子污染测试_新版电解槽_ion_column_gamry_[0, 2, 4, 6].xlsx  times=[0, 2, 4, 6]  dummy=True
  [44] A(idx=17) 20241112_2ppm镍离子污染及恢复测试_旧版电解槽_ion_column_gamry_[12, 14, 16, 18].xlsx  times=[12, 14, 16, 18]
      → B(idx=17) 20241112_2ppm镍离子污染及恢复测试_旧版电解槽_ion_column_gamry_[12, 14, 16, 18].xlsx  times=[12, 14, 16, 18]  dummy=True
  [45] A(idx=18) 20241013_2ppm铝离子污染测试_新版电解槽_ion_column_firecloud_[8, 10, 12, 14].xlsx  times=[8, 10, 12, 14]
      → B(idx=18) 20241013_2ppm铝离子污染测试_新版电解槽_ion_column_firecloud_[8, 10, 12, 14].xlsx  times=[8, 10, 12, 14]  dummy=True
  [46] A(idx=90) 20241013_2ppm铝离子污染测试_新版电解槽_ion_column_firecloud_[16, 18, 20, 22].xlsx  times=[16, 18, 20, 22]
      → B(idx=90) 20241013_2ppm铝离子污染测试_新版电解槽_ion_column_firecloud_[16, 18, 20, 22].xlsx  times=[16, 18, 20, 22]  dummy=True
  [47] A(idx=19) 20241024_2ppm铁离子污染和恢复测试_新版电解槽_ion_column_firecloud_[2, 4, 6, 8].xlsx  times=[2, 4, 6, 8]
      → B(idx=19) 20241024_2ppm铁离子污染和恢复测试_新版电解槽_ion_column_firecloud_[2, 4, 6, 8].xlsx  times=[2, 4, 6, 8]  dummy=True
  [48] A(idx=56) 20241024_2ppm铁离子污染和恢复测试_新版电解槽_ion_column_firecloud_[10, 12, 14, 16].xlsx  times=[10, 12, 14, 16]
      → B(idx=56) 20241024_2ppm铁离子污染和恢复测试_新版电解槽_ion_column_firecloud_[10, 12, 14, 16].xlsx  times=[10, 12, 14, 16]  dummy=True
  [49] A(idx=67) 20241024_2ppm铁离子污染和恢复测试_新版电解槽_ion_column_firecloud_[18, 20, 22, 24].xlsx  times=[18, 20, 22, 24]
      → B(idx=67) 20241024_2ppm铁离子污染和恢复测试_新版电解槽_ion_column_firecloud_[18, 20, 22, 24].xlsx  times=[18, 20, 22, 24]  dummy=True
  [50] A(idx=21) 20240918_2ppm钙离子污染测试_新版电解槽_ion_column_gamry_[2, 4, 6, 8].xlsx  times=[2, 4, 6, 8]
      → B(idx=21) 20240918_2ppm钙离子污染测试_新版电解槽_ion_column_gamry_[2, 4, 6, 8].xlsx  times=[2, 4, 6, 8]  dummy=True

[PairDataset][Summary]
- total files:        146
- parsed OK:          146
- regex fail:         0
- parse times fail:   0
- empty times:        0
- total pairs:        146  (keep_unpaired=self)
- distinct prefixes:  77
- prefixes coverage (first few):
  [1] 20240918_2ppm钙离子污染测试_新版电解槽_ion_gamry_[* -> windows=2, adj_pairs=0/1
  [2] 20241028_2ppm钠离子污染和恢复测试_旧版电解槽_ion_column_renew_H2SO4_gamry_[* -> windows=2, adj_pairs=0/1
  [3] 20241010_2ppm钠离子污染测试_新版电解槽_ion_column_firecloud_[* -> windows=2, adj_pairs=0/1
  [4] 20241101_2ppm铜离子污染和恢复测试_旧版电解槽_ion_firecloud_[* -> windows=3, adj_pairs=0/2
  [5] 20240831_10ppm镍离子污染测试_新版电解槽_ion_gamry_[* -> windows=4, adj_pairs=0/3
  [6] 20241122_2ppm铜离子污染及恢复测试40摄氏度_新版电解槽_ion_column_renew_H2SO4_gamry_[* -> windows=1, adj_pairs=0/0
  [7] 20241010_2ppm钠离子污染测试_新版电解槽_ion_firecloud_[* -> windows=4, adj_pairs=0/3
  [8] 20241029_2ppm铁离子污染和恢复测试_新版电解槽_ion_firecloud_[* -> windows=4, adj_pairs=0/3
  [9] 20241227_10ppm铜离子污染及恢复测试_旧版电解槽_ion_column_renew_H2SO4_gamry_[* -> windows=3, adj_pairs=0/2
  [10] 20241017_2ppm铬离子污染和恢复测试_新版电解槽_ion_gamry_[* -> windows=2, adj_pairs=0/1
- unadjacent gaps samples: 131 (showing first 0)
num base train samples: 706
num base val   samples: 146
num pair train samples: 706
num pair val   samples: 146
dummy_mask[0] = False
🧩 新模型: 328,922 参数 (328,922 可训练)
📝 TensorBoard 日志目录: /home/kudouzala/Application/ion_detect/output/tensorboard/exp_new_i
🔥 Warmup: 100 epochs (LR × 0.01 → 1.0)
📈 Cosine Annealing LR 调度 (T_max=900)
[New] Epoch 1/1000 | classify: 4.4083 | voltage: 6.6919 | conc: 0.0006 | consistency: 0.5065 | polarity: 1.8523 | monodec: 0.0867 | rule: 234.6105 | group: 1.9206 | tree: 5.4964 | total: 4.8653
[New] Epoch 2/1000 | classify: 4.3895 | voltage: 6.6914 | conc: 0.0011 | consistency: 0.5114 | polarity: 1.7493 | monodec: 0.0887 | rule: 219.4217 | group: 2.0403 | tree: 5.4811 | total: 4.8393
[New] Epoch 3/1000 | classify: 4.2226 | voltage: 6.3196 | conc: 0.0007 | consistency: 0.4947 | polarity: 1.5517 | monodec: 0.0806 | rule: 222.0158 | group: 2.0085 | tree: 5.3595 | total: 4.6546
[New] Epoch 4/1000 | classify: 4.1111 | voltage: 5.8832 | conc: 0.0007 | consistency: 0.5028 | polarity: 1.4346 | monodec: 0.0896 | rule: 247.3470 | group: 1.7573 | tree: 5.1971 | total: 4.5337
[New] Epoch 5/1000 | classify: 3.8752 | voltage: 5.3709 | conc: 0.0006 | consistency: 0.4948 | polarity: 1.3825 | monodec: 0.0939 | rule: 219.9036 | group: 1.8062 | tree: 4.9014 | total: 4.2583
[New] Epoch 6/1000 | classify: 4.0147 | voltage: 4.9155 | conc: 0.0008 | consistency: 0.4798 | polarity: 1.4912 | monodec: 0.0869 | rule: 232.4198 | group: 1.8160 | tree: 5.4686 | total: 4.3817
[New] Epoch 7/1000 | classify: 3.8778 | voltage: 4.3593 | conc: 0.0005 | consistency: 0.4607 | polarity: 1.5164 | monodec: 0.0805 | rule: 257.6388 | group: 1.6732 | tree: 5.0475 | total: 4.2291
[New] Epoch 8/1000 | classify: 3.8018 | voltage: 3.9762 | conc: 0.0007 | consistency: 0.4625 | polarity: 1.6363 | monodec: 0.0848 | rule: 230.6950 | group: 1.6687 | tree: 5.0632 | total: 4.1207
[New] Epoch 9/1000 | classify: 3.6569 | voltage: 3.6866 | conc: 0.0009 | consistency: 0.4515 | polarity: 1.7482 | monodec: 0.0824 | rule: 224.9956 | group: 1.6664 | tree: 5.1550 | total: 3.9586
[New] Epoch 10/1000 | classify: 3.4009 | voltage: 3.3265 | conc: 0.0006 | consistency: 0.4447 | polarity: 1.9384 | monodec: 0.0807 | rule: 216.2975 | group: 1.5812 | tree: 5.1028 | total: 3.6800
--- 验证集 [epoch 10] ---
  准确率 (Accuracy):  0.5753
  精确率 (Precision): 0.1966
  召回率 (Recall):    0.2713
  F1 分数 (F1):       0.2264
✅ 模型已保存到 /home/kudouzala/Application/ion_detect/output/trained_model_save/exp_new_i/trained_model_epoch_best.pth
  🏆 新最佳 F1=0.2264，已保存 best 模型
[New] Epoch 11/1000 | classify: 3.4696 | voltage: 3.0617 | conc: 0.0004 | consistency: 0.4332 | polarity: 2.2494 | monodec: 0.0823 | rule: 221.5287 | group: 1.5948 | tree: 5.2572 | total: 3.7380
[New] Epoch 12/1000 | classify: 3.3570 | voltage: 2.7867 | conc: 0.0007 | consistency: 0.4309 | polarity: 2.3085 | monodec: 0.0835 | rule: 238.7081 | group: 1.6241 | tree: 4.9718 | total: 3.6204
[New] Epoch 13/1000 | classify: 3.5401 | voltage: 2.6315 | conc: 0.0008 | consistency: 0.4231 | polarity: 2.5151 | monodec: 0.0815 | rule: 230.3848 | group: 1.6406 | tree: 5.2381 | total: 3.7919
[New] Epoch 14/1000 | classify: 3.2533 | voltage: 2.5175 | conc: 0.0006 | consistency: 0.4223 | polarity: 2.3760 | monodec: 0.0794 | rule: 198.7094 | group: 1.6246 | tree: 5.4145 | total: 3.4834
[New] Epoch 15/1000 | classify: 3.1006 | voltage: 2.2451 | conc: 0.0005 | consistency: 0.4170 | polarity: 2.5223 | monodec: 0.0839 | rule: 215.5896 | group: 1.5441 | tree: 4.9367 | total: 3.3251
[New] Epoch 16/1000 | classify: 3.4796 | voltage: 1.9548 | conc: 0.0006 | consistency: 0.4039 | polarity: 2.9081 | monodec: 0.0830 | rule: 246.2459 | group: 1.5612 | tree: 5.3288 | total: 3.7053
[New] Epoch 17/1000 | classify: 3.1448 | voltage: 1.9230 | conc: 0.0005 | consistency: 0.3762 | polarity: 2.7359 | monodec: 0.0710 | rule: 220.8691 | group: 1.5640 | tree: 5.0432 | total: 3.3560
[New] Epoch 18/1000 | classify: 3.4675 | voltage: 1.7117 | conc: 0.0007 | consistency: 0.3721 | polarity: 2.8136 | monodec: 0.0828 | rule: 230.2283 | group: 1.6411 | tree: 5.3712 | total: 3.6733
[New] Epoch 19/1000 | classify: 3.1733 | voltage: 1.6331 | conc: 0.0007 | consistency: 0.3623 | polarity: 2.7718 | monodec: 0.0732 | rule: 201.5885 | group: 1.5256 | tree: 5.0224 | total: 3.3605
[New] Epoch 20/1000 | classify: 3.1210 | voltage: 1.4930 | conc: 0.0005 | consistency: 0.3484 | polarity: 2.7049 | monodec: 0.0738 | rule: 215.2123 | group: 1.4821 | tree: 5.1155 | total: 3.3078
--- 验证集 [epoch 20] ---
  准确率 (Accuracy):  0.6096
  精确率 (Precision): 0.3057
  召回率 (Recall):    0.3498
  F1 分数 (F1):       0.3094
✅ 模型已保存到 /home/kudouzala/Application/ion_detect/output/trained_model_save/exp_new_i/trained_model_epoch_best.pth
  🏆 新最佳 F1=0.3094，已保存 best 模型
[New] Epoch 21/1000 | classify: 3.1564 | voltage: 1.3961 | conc: 0.0006 | consistency: 0.3499 | polarity: 2.7824 | monodec: 0.0712 | rule: 215.3841 | group: 1.5887 | tree: 5.2195 | total: 3.3387
[New] Epoch 22/1000 | classify: 3.0999 | voltage: 1.3215 | conc: 0.0006 | consistency: 0.3448 | polarity: 2.7372 | monodec: 0.0745 | rule: 197.8428 | group: 1.5246 | tree: 5.0788 | total: 3.2696
[New] Epoch 23/1000 | classify: 3.1436 | voltage: 1.2129 | conc: 0.0006 | consistency: 0.3422 | polarity: 2.7478 | monodec: 0.0722 | rule: 209.2103 | group: 1.5007 | tree: 5.0711 | total: 3.3135
[New] Epoch 24/1000 | classify: 3.2551 | voltage: 1.1450 | conc: 0.0009 | consistency: 0.3285 | polarity: 3.0980 | monodec: 0.0706 | rule: 216.2730 | group: 1.6103 | tree: 5.1270 | total: 3.4256
[New] Epoch 25/1000 | classify: 3.1195 | voltage: 1.0673 | conc: 0.0006 | consistency: 0.3282 | polarity: 3.1338 | monodec: 0.0736 | rule: 217.5686 | group: 1.6050 | tree: 5.2238 | total: 3.2865
[New] Epoch 26/1000 | classify: 3.1055 | voltage: 0.9773 | conc: 0.0007 | consistency: 0.3117 | polarity: 3.1064 | monodec: 0.0700 | rule: 209.8171 | group: 1.6319 | tree: 5.1161 | total: 3.2641
[New] Epoch 27/1000 | classify: 3.2099 | voltage: 1.1954 | conc: 0.0008 | consistency: 0.3229 | polarity: 3.5155 | monodec: 0.0708 | rule: 233.8265 | group: 1.5955 | tree: 5.3655 | total: 3.3917
[New] Epoch 28/1000 | classify: 2.8631 | voltage: 1.2924 | conc: 0.0006 | consistency: 0.3071 | polarity: 3.4769 | monodec: 0.0581 | rule: 220.8453 | group: 1.5217 | tree: 5.0444 | total: 3.0430
[New] Epoch 29/1000 | classify: 3.0875 | voltage: 1.1061 | conc: 0.0007 | consistency: 0.3196 | polarity: 3.7626 | monodec: 0.0685 | rule: 224.9855 | group: 1.5495 | tree: 5.1911 | total: 3.2603
[New] Epoch 30/1000 | classify: 2.7802 | voltage: 1.0053 | conc: 0.0003 | consistency: 0.3011 | polarity: 3.6354 | monodec: 0.0631 | rule: 227.0873 | group: 1.5261 | tree: 4.9337 | total: 2.9485
--- 验证集 [epoch 30] ---
  准确率 (Accuracy):  0.6575
  精确率 (Precision): 0.3753
  召回率 (Recall):    0.4383
  F1 分数 (F1):       0.3989
✅ 模型已保存到 /home/kudouzala/Application/ion_detect/output/trained_model_save/exp_new_i/trained_model_epoch_best.pth
  🏆 新最佳 F1=0.3989，已保存 best 模型
[New] Epoch 31/1000 | classify: 2.7790 | voltage: 0.9136 | conc: 0.0006 | consistency: 0.2840 | polarity: 3.5000 | monodec: 0.0589 | rule: 221.1860 | group: 1.5313 | tree: 4.9900 | total: 2.9400
[New] Epoch 32/1000 | classify: 2.8654 | voltage: 0.8358 | conc: 0.0009 | consistency: 0.2747 | polarity: 3.5301 | monodec: 0.0629 | rule: 214.0201 | group: 1.5199 | tree: 5.0269 | total: 3.0192
[New] Epoch 33/1000 | classify: 2.8359 | voltage: 0.7421 | conc: 0.0007 | consistency: 0.2821 | polarity: 3.4716 | monodec: 0.0579 | rule: 227.8848 | group: 1.5632 | tree: 5.0639 | total: 2.9918
[New] Epoch 34/1000 | classify: 2.7885 | voltage: 0.6965 | conc: 0.0005 | consistency: 0.2826 | polarity: 3.2916 | monodec: 0.0630 | rule: 223.0022 | group: 1.5292 | tree: 5.2101 | total: 2.9395
[New] Epoch 35/1000 | classify: 2.7291 | voltage: 0.6730 | conc: 0.0006 | consistency: 0.2803 | polarity: 3.4037 | monodec: 0.0620 | rule: 220.8504 | group: 1.5543 | tree: 4.9820 | total: 2.8779
[New] Epoch 36/1000 | classify: 2.8220 | voltage: 0.6168 | conc: 0.0006 | consistency: 0.2782 | polarity: 3.4709 | monodec: 0.0682 | rule: 219.0464 | group: 1.5624 | tree: 5.0382 | total: 2.9671
[New] Epoch 37/1000 | classify: 2.7715 | voltage: 0.5858 | conc: 0.0006 | consistency: 0.2704 | polarity: 3.4081 | monodec: 0.0615 | rule: 219.3190 | group: 1.5819 | tree: 5.1648 | total: 2.9153
[New] Epoch 38/1000 | classify: 2.7449 | voltage: 0.5624 | conc: 0.0006 | consistency: 0.2650 | polarity: 3.5446 | monodec: 0.0574 | rule: 223.6783 | group: 1.6286 | tree: 5.1308 | total: 2.8896
[New] Epoch 39/1000 | classify: 2.8232 | voltage: 0.5468 | conc: 0.0009 | consistency: 0.2686 | polarity: 3.7006 | monodec: 0.0651 | rule: 211.1877 | group: 1.6513 | tree: 5.3057 | total: 2.9613
[New] Epoch 40/1000 | classify: 2.7265 | voltage: 0.5033 | conc: 0.0004 | consistency: 0.2611 | polarity: 3.4368 | monodec: 0.0585 | rule: 219.4192 | group: 1.5157 | tree: 4.6826 | total: 2.8657
--- 验证集 [epoch 40] ---
  准确率 (Accuracy):  0.7055
  精确率 (Precision): 0.5975
  召回率 (Recall):    0.5556
  F1 分数 (F1):       0.5277
✅ 模型已保存到 /home/kudouzala/Application/ion_detect/output/trained_model_save/exp_new_i/trained_model_epoch_best.pth
  🏆 新最佳 F1=0.5277，已保存 best 模型
[New] Epoch 41/1000 | classify: 2.7105 | voltage: 0.4845 | conc: 0.0004 | consistency: 0.2597 | polarity: 3.3657 | monodec: 0.0628 | rule: 212.2728 | group: 1.4686 | tree: 4.7232 | total: 2.8452
[New] Epoch 42/1000 | classify: 2.5927 | voltage: 0.4606 | conc: 0.0008 | consistency: 0.2735 | polarity: 3.3908 | monodec: 0.0670 | rule: 232.0877 | group: 1.5722 | tree: 5.0923 | total: 2.7368
[New] Epoch 43/1000 | classify: 2.6714 | voltage: 0.4213 | conc: 0.0004 | consistency: 0.2564 | polarity: 3.2268 | monodec: 0.0638 | rule: 222.4987 | group: 1.5709 | tree: 4.6559 | total: 2.8081
[New] Epoch 44/1000 | classify: 2.6806 | voltage: 0.4035 | conc: 0.0006 | consistency: 0.2483 | polarity: 3.2887 | monodec: 0.0612 | rule: 233.1779 | group: 1.6431 | tree: 5.1537 | total: 2.8221
[New] Epoch 45/1000 | classify: 2.6849 | voltage: 0.3994 | conc: 0.0010 | consistency: 0.2583 | polarity: 3.3794 | monodec: 0.0623 | rule: 244.9869 | group: 1.6113 | tree: 5.0444 | total: 2.8326
[New] Epoch 46/1000 | classify: 2.5194 | voltage: 0.3870 | conc: 0.0005 | consistency: 0.2514 | polarity: 3.4461 | monodec: 0.0607 | rule: 224.8381 | group: 1.5781 | tree: 4.9465 | total: 2.6558
[New] Epoch 47/1000 | classify: 2.5487 | voltage: 0.3703 | conc: 0.0006 | consistency: 0.2606 | polarity: 3.5509 | monodec: 0.0662 | rule: 233.0589 | group: 1.6798 | tree: 5.1447 | total: 2.6887
[New] Epoch 48/1000 | classify: 2.6453 | voltage: 0.4059 | conc: 0.0007 | consistency: 0.2372 | polarity: 3.7893 | monodec: 0.0539 | rule: 225.5213 | group: 1.6399 | tree: 5.1827 | total: 2.7833
[New] Epoch 49/1000 | classify: 2.4559 | voltage: 0.3537 | conc: 0.0006 | consistency: 0.2350 | polarity: 3.6280 | monodec: 0.0562 | rule: 217.0421 | group: 1.5919 | tree: 4.9229 | total: 2.5868
[New] Epoch 50/1000 | classify: 2.3507 | voltage: 0.3702 | conc: 0.0005 | consistency: 0.2438 | polarity: 3.6628 | monodec: 0.0605 | rule: 188.7771 | group: 1.5721 | tree: 4.8260 | total: 2.4681
--- 验证集 [epoch 50] ---
  准确率 (Accuracy):  0.7260
  精确率 (Precision): 0.5479
  召回率 (Recall):    0.5612
  F1 分数 (F1):       0.5393
✅ 模型已保存到 /home/kudouzala/Application/ion_detect/output/trained_model_save/exp_new_i/trained_model_epoch_best.pth
  🏆 新最佳 F1=0.5393，已保存 best 模型
✅ 模型已保存到 /home/kudouzala/Application/ion_detect/output/trained_model_save/exp_new_i/trained_model_epoch_50.pth
📁 损失值已保存到 /home/kudouzala/Application/ion_detect/output/trained_model_save/exp_new_i/training_loss_epoch_50.csv
[New] Epoch 51/1000 | classify: 2.5710 | voltage: 0.3430 | conc: 0.0006 | consistency: 0.2412 | polarity: 3.6425 | monodec: 0.0616 | rule: 226.1552 | group: 1.6431 | tree: 4.8166 | total: 2.7059
[New] Epoch 52/1000 | classify: 2.3823 | voltage: 0.3114 | conc: 0.0006 | consistency: 0.2286 | polarity: 3.6827 | monodec: 0.0588 | rule: 225.9389 | group: 1.6486 | tree: 4.8057 | total: 2.5155
[New] Epoch 53/1000 | classify: 2.4100 | voltage: 0.2992 | conc: 0.0006 | consistency: 0.2377 | polarity: 3.6626 | monodec: 0.0631 | rule: 241.6106 | group: 1.6237 | tree: 5.0245 | total: 2.5505
[New] Epoch 54/1000 | classify: 2.4796 | voltage: 0.2947 | conc: 0.0004 | consistency: 0.2389 | polarity: 3.5861 | monodec: 0.0612 | rule: 242.8569 | group: 1.5941 | tree: 4.6832 | total: 2.6202
[New] Epoch 55/1000 | classify: 2.3232 | voltage: 0.2799 | conc: 0.0005 | consistency: 0.2308 | polarity: 3.6293 | monodec: 0.0578 | rule: 223.4650 | group: 1.6178 | tree: 4.9244 | total: 2.4536
[New] Epoch 56/1000 | classify: 2.2724 | voltage: 0.2873 | conc: 0.0006 | consistency: 0.2297 | polarity: 3.5842 | monodec: 0.0573 | rule: 230.6367 | group: 1.5789 | tree: 4.8605 | total: 2.4067
[New] Epoch 57/1000 | classify: 2.3320 | voltage: 0.2714 | conc: 0.0006 | consistency: 0.2328 | polarity: 3.5283 | monodec: 0.0600 | rule: 234.9222 | group: 1.5512 | tree: 4.7975 | total: 2.4676
[New] Epoch 58/1000 | classify: 2.3503 | voltage: 0.2439 | conc: 0.0009 | consistency: 0.2190 | polarity: 3.7130 | monodec: 0.0507 | rule: 238.1407 | group: 1.6601 | tree: 5.1161 | total: 2.4867
[New] Epoch 59/1000 | classify: 2.3532 | voltage: 0.2414 | conc: 0.0005 | consistency: 0.2333 | polarity: 3.6885 | monodec: 0.0663 | rule: 225.1951 | group: 1.5927 | tree: 4.7977 | total: 2.4825
[New] Epoch 60/1000 | classify: 2.2113 | voltage: 0.2343 | conc: 0.0005 | consistency: 0.2195 | polarity: 3.6767 | monodec: 0.0589 | rule: 201.1589 | group: 1.6086 | tree: 4.8883 | total: 2.3282
--- 验证集 [epoch 60] ---
  准确率 (Accuracy):  0.7671
  精确率 (Precision): 0.6803
  召回率 (Recall):    0.6428
  F1 分数 (F1):       0.6455
✅ 模型已保存到 /home/kudouzala/Application/ion_detect/output/trained_model_save/exp_new_i/trained_model_epoch_best.pth
  🏆 新最佳 F1=0.6455，已保存 best 模型
[New] Epoch 61/1000 | classify: 2.2218 | voltage: 0.2101 | conc: 0.0007 | consistency: 0.2271 | polarity: 3.7405 | monodec: 0.0592 | rule: 221.7284 | group: 1.6015 | tree: 4.9365 | total: 2.3481
[New] Epoch 62/1000 | classify: 2.2938 | voltage: 0.2102 | conc: 0.0004 | consistency: 0.2046 | polarity: 3.5833 | monodec: 0.0496 | rule: 221.2975 | group: 1.6060 | tree: 4.9031 | total: 2.4195
[New] Epoch 63/1000 | classify: 2.3677 | voltage: 0.2118 | conc: 0.0007 | consistency: 0.2196 | polarity: 3.6182 | monodec: 0.0625 | rule: 213.2678 | group: 1.5884 | tree: 5.0051 | total: 2.4898
[New] Epoch 64/1000 | classify: 2.3580 | voltage: 0.2196 | conc: 0.0006 | consistency: 0.2308 | polarity: 3.7321 | monodec: 0.0647 | rule: 220.1445 | group: 1.5968 | tree: 4.8441 | total: 2.4838
[New] Epoch 65/1000 | classify: 2.2256 | voltage: 0.2058 | conc: 0.0007 | consistency: 0.2317 | polarity: 3.5828 | monodec: 0.0654 | rule: 215.4391 | group: 1.6439 | tree: 5.1531 | total: 2.3486
[New] Epoch 66/1000 | classify: 2.2787 | voltage: 0.1747 | conc: 0.0006 | consistency: 0.2171 | polarity: 3.3972 | monodec: 0.0616 | rule: 216.5485 | group: 1.6149 | tree: 5.0066 | total: 2.4004
[New] Epoch 67/1000 | classify: 2.4376 | voltage: 0.1784 | conc: 0.0009 | consistency: 0.2296 | polarity: 3.8329 | monodec: 0.0655 | rule: 223.9404 | group: 1.7422 | tree: 5.0224 | total: 2.5637
[New] Epoch 68/1000 | classify: 2.2139 | voltage: 0.1884 | conc: 0.0004 | consistency: 0.2046 | polarity: 3.6509 | monodec: 0.0524 | rule: 231.4530 | group: 1.5374 | tree: 4.7650 | total: 2.3434
[New] Epoch 69/1000 | classify: 2.2455 | voltage: 0.1964 | conc: 0.0008 | consistency: 0.2100 | polarity: 3.5936 | monodec: 0.0586 | rule: 223.9910 | group: 1.6165 | tree: 4.9797 | total: 2.3723
[New] Epoch 70/1000 | classify: 1.9664 | voltage: 0.1777 | conc: 0.0004 | consistency: 0.2164 | polarity: 3.4603 | monodec: 0.0582 | rule: 201.1538 | group: 1.5207 | tree: 4.6031 | total: 2.0802
--- 验证集 [epoch 70] ---
  准确率 (Accuracy):  0.7534
  精确率 (Precision): 0.6358
  召回率 (Recall):    0.5786
  F1 分数 (F1):       0.5690
[New] Epoch 71/1000 | classify: 2.1412 | voltage: 0.1839 | conc: 0.0004 | consistency: 0.2106 | polarity: 3.6299 | monodec: 0.0562 | rule: 216.7987 | group: 1.5392 | tree: 4.7616 | total: 2.2632
[New] Epoch 72/1000 | classify: 1.8989 | voltage: 0.1765 | conc: 0.0005 | consistency: 0.2248 | polarity: 3.4709 | monodec: 0.0594 | rule: 224.0350 | group: 1.5174 | tree: 4.6744 | total: 2.0241
[New] Epoch 73/1000 | classify: 2.1498 | voltage: 0.1712 | conc: 0.0007 | consistency: 0.2073 | polarity: 3.4509 | monodec: 0.0609 | rule: 199.8342 | group: 1.5940 | tree: 4.8396 | total: 2.2630
[New] Epoch 74/1000 | classify: 2.1599 | voltage: 0.1530 | conc: 0.0009 | consistency: 0.1974 | polarity: 3.6299 | monodec: 0.0511 | rule: 231.4418 | group: 1.6200 | tree: 5.0480 | total: 2.2884
[New] Epoch 75/1000 | classify: 2.0695 | voltage: 0.1657 | conc: 0.0005 | consistency: 0.2049 | polarity: 3.5485 | monodec: 0.0527 | rule: 209.4391 | group: 1.6175 | tree: 5.1339 | total: 2.1872
[New] Epoch 76/1000 | classify: 2.1503 | voltage: 0.1746 | conc: 0.0006 | consistency: 0.2053 | polarity: 3.5800 | monodec: 0.0544 | rule: 229.8671 | group: 1.6876 | tree: 5.1343 | total: 2.2788
[New] Epoch 77/1000 | classify: 2.2832 | voltage: 0.1736 | conc: 0.0008 | consistency: 0.1995 | polarity: 3.5320 | monodec: 0.0537 | rule: 234.8851 | group: 1.6904 | tree: 5.2445 | total: 2.4145
[New] Epoch 78/1000 | classify: 2.1409 | voltage: 0.1943 | conc: 0.0004 | consistency: 0.1932 | polarity: 3.4222 | monodec: 0.0480 | rule: 228.3780 | group: 1.6116 | tree: 4.9091 | total: 2.2693
[New] Epoch 79/1000 | classify: 2.1516 | voltage: 0.1697 | conc: 0.0005 | consistency: 0.1986 | polarity: 3.4999 | monodec: 0.0543 | rule: 204.2277 | group: 1.6143 | tree: 5.1092 | total: 2.2668
[New] Epoch 80/1000 | classify: 2.0776 | voltage: 0.1680 | conc: 0.0004 | consistency: 0.2049 | polarity: 3.3594 | monodec: 0.0532 | rule: 233.8548 | group: 1.5464 | tree: 4.8280 | total: 2.2073
--- 验证集 [epoch 80] ---
  准确率 (Accuracy):  0.7534
  精确率 (Precision): 0.6159
  召回率 (Recall):    0.6061
  F1 分数 (F1):       0.5931
[New] Epoch 81/1000 | classify: 2.1085 | voltage: 0.1761 | conc: 0.0004 | consistency: 0.1895 | polarity: 3.4687 | monodec: 0.0466 | rule: 229.6127 | group: 1.6549 | tree: 5.1033 | total: 2.2367
[New] Epoch 82/1000 | classify: 1.9682 | voltage: 0.1732 | conc: 0.0004 | consistency: 0.1960 | polarity: 3.4287 | monodec: 0.0512 | rule: 219.6164 | group: 1.5725 | tree: 4.8103 | total: 2.0911
[New] Epoch 83/1000 | classify: 1.9897 | voltage: 0.1716 | conc: 0.0005 | consistency: 0.1923 | polarity: 3.3346 | monodec: 0.0500 | rule: 205.6323 | group: 1.5428 | tree: 4.7366 | total: 2.1056
[New] Epoch 84/1000 | classify: 2.1561 | voltage: 0.1732 | conc: 0.0009 | consistency: 0.1937 | polarity: 3.5003 | monodec: 0.0505 | rule: 212.6201 | group: 1.6739 | tree: 5.2185 | total: 2.2762
[New] Epoch 85/1000 | classify: 1.9098 | voltage: 0.1650 | conc: 0.0007 | consistency: 0.1963 | polarity: 3.2998 | monodec: 0.0515 | rule: 203.0892 | group: 1.5963 | tree: 4.8267 | total: 2.0242
[New] Epoch 86/1000 | classify: 2.0867 | voltage: 0.1812 | conc: 0.0007 | consistency: 0.1891 | polarity: 3.3214 | monodec: 0.0459 | rule: 222.7402 | group: 1.6534 | tree: 4.9647 | total: 2.2119
[New] Epoch 87/1000 | classify: 1.9091 | voltage: 0.1700 | conc: 0.0006 | consistency: 0.2027 | polarity: 3.3503 | monodec: 0.0527 | rule: 229.5470 | group: 1.5694 | tree: 4.9546 | total: 2.0370
[New] Epoch 88/1000 | classify: 2.0945 | voltage: 0.1775 | conc: 0.0008 | consistency: 0.1931 | polarity: 3.3087 | monodec: 0.0476 | rule: 234.0902 | group: 1.6765 | tree: 4.9710 | total: 2.2253
[New] Epoch 89/1000 | classify: 2.2287 | voltage: 0.1831 | conc: 0.0006 | consistency: 0.1851 | polarity: 3.3325 | monodec: 0.0415 | rule: 245.0911 | group: 1.6863 | tree: 5.2172 | total: 2.3652
[New] Epoch 90/1000 | classify: 1.9923 | voltage: 0.2012 | conc: 0.0004 | consistency: 0.1943 | polarity: 3.4461 | monodec: 0.0512 | rule: 230.3261 | group: 1.6100 | tree: 4.8392 | total: 2.1220
--- 验证集 [epoch 90] ---
  准确率 (Accuracy):  0.7671
  精确率 (Precision): 0.6785
  召回率 (Recall):    0.6209
  F1 分数 (F1):       0.6277
[New] Epoch 91/1000 | classify: 2.0535 | voltage: 0.1572 | conc: 0.0005 | consistency: 0.1865 | polarity: 3.2870 | monodec: 0.0478 | rule: 205.4326 | group: 1.5765 | tree: 5.0086 | total: 2.1687
[New] Epoch 92/1000 | classify: 1.9170 | voltage: 0.1672 | conc: 0.0003 | consistency: 0.1943 | polarity: 3.1711 | monodec: 0.0467 | rule: 232.9399 | group: 1.5643 | tree: 4.7087 | total: 2.0461
[New] Epoch 93/1000 | classify: 2.0495 | voltage: 0.1996 | conc: 0.0008 | consistency: 0.1969 | polarity: 3.2906 | monodec: 0.0518 | rule: 231.2189 | group: 1.6225 | tree: 5.2472 | total: 2.1800
[New] Epoch 94/1000 | classify: 2.1199 | voltage: 0.1727 | conc: 0.0007 | consistency: 0.1771 | polarity: 3.2161 | monodec: 0.0383 | rule: 205.5581 | group: 1.6688 | tree: 4.9949 | total: 2.2361
[New] Epoch 95/1000 | classify: 1.8910 | voltage: 0.1962 | conc: 0.0008 | consistency: 0.1957 | polarity: 3.0511 | monodec: 0.0441 | rule: 212.6163 | group: 1.6364 | tree: 4.9567 | total: 2.0120
[New] Epoch 96/1000 | classify: 2.0121 | voltage: 0.1779 | conc: 0.0007 | consistency: 0.1926 | polarity: 3.3151 | monodec: 0.0495 | rule: 222.1004 | group: 1.6390 | tree: 4.9508 | total: 2.1368
[New] Epoch 97/1000 | classify: 1.9116 | voltage: 0.1739 | conc: 0.0006 | consistency: 0.1807 | polarity: 3.3647 | monodec: 0.0406 | rule: 225.4502 | group: 1.6724 | tree: 5.0738 | total: 2.0378
[New] Epoch 98/1000 | classify: 1.9274 | voltage: 0.1777 | conc: 0.0004 | consistency: 0.1690 | polarity: 3.1230 | monodec: 0.0337 | rule: 222.1056 | group: 1.5925 | tree: 4.7518 | total: 2.0516
[New] Epoch 99/1000 | classify: 1.9168 | voltage: 0.1710 | conc: 0.0006 | consistency: 0.1836 | polarity: 3.1190 | monodec: 0.0394 | rule: 202.6210 | group: 1.5942 | tree: 4.8095 | total: 2.0312
[New] Epoch 100/1000 | classify: 1.8065 | voltage: 0.1621 | conc: 0.0008 | consistency: 0.1810 | polarity: 3.1641 | monodec: 0.0391 | rule: 216.7563 | group: 1.6859 | tree: 5.1888 | total: 1.9280
--- 验证集 [epoch 100] ---
  准确率 (Accuracy):  0.6644
  精确率 (Precision): 0.5997
  召回率 (Recall):    0.5954
  F1 分数 (F1):       0.5660
✅ 模型已保存到 /home/kudouzala/Application/ion_detect/output/trained_model_save/exp_new_i/trained_model_epoch_100.pth
📁 损失值已保存到 /home/kudouzala/Application/ion_detect/output/trained_model_save/exp_new_i/training_loss_epoch_100.csv
[New] Epoch 101/1000 | classify: 1.8174 | voltage: 0.1605 | conc: 0.0008 | consistency: 0.1836 | polarity: 3.2008 | monodec: 0.0389 | rule: 251.0881 | group: 1.7235 | tree: 5.1114 | total: 1.9560
[New] Epoch 102/1000 | classify: 1.9221 | voltage: 0.1872 | conc: 0.0007 | consistency: 0.1774 | polarity: 3.0518 | monodec: 0.0388 | rule: 218.9872 | group: 1.6270 | tree: 4.8854 | total: 2.0456
[New] Epoch 103/1000 | classify: 1.9430 | voltage: 0.1733 | conc: 0.0008 | consistency: 0.1900 | polarity: 3.1437 | monodec: 0.0415 | rule: 244.3791 | group: 1.7506 | tree: 5.3322 | total: 2.0789
[New] Epoch 104/1000 | classify: 1.8751 | voltage: 0.1805 | conc: 0.0006 | consistency: 0.1803 | polarity: 3.0777 | monodec: 0.0400 | rule: 198.4430 | group: 1.7124 | tree: 5.1229 | total: 1.9881
[New] Epoch 105/1000 | classify: 1.8452 | voltage: 0.1741 | conc: 0.0006 | consistency: 0.1832 | polarity: 2.9272 | monodec: 0.0343 | rule: 220.3374 | group: 1.6044 | tree: 4.9958 | total: 1.9687
[New] Epoch 106/1000 | classify: 1.7360 | voltage: 0.1847 | conc: 0.0009 | consistency: 0.1851 | polarity: 3.0394 | monodec: 0.0379 | rule: 198.8930 | group: 1.7790 | tree: 5.2332 | total: 1.8498
[New] Epoch 107/1000 | classify: 1.8349 | voltage: 0.1765 | conc: 0.0003 | consistency: 0.1872 | polarity: 2.9134 | monodec: 0.0379 | rule: 201.9874 | group: 1.6696 | tree: 4.9693 | total: 1.9491
[New] Epoch 108/1000 | classify: 1.9133 | voltage: 0.1777 | conc: 0.0008 | consistency: 0.1791 | polarity: 2.9813 | monodec: 0.0302 | rule: 255.7146 | group: 1.7024 | tree: 5.1779 | total: 2.0549
[New] Epoch 109/1000 | classify: 1.8084 | voltage: 0.1845 | conc: 0.0007 | consistency: 0.1834 | polarity: 2.9376 | monodec: 0.0354 | rule: 216.7519 | group: 1.7220 | tree: 5.3028 | total: 1.9309
[New] Epoch 110/1000 | classify: 1.6788 | voltage: 0.1945 | conc: 0.0004 | consistency: 0.1824 | polarity: 2.8841 | monodec: 0.0326 | rule: 216.2543 | group: 1.6600 | tree: 4.8687 | total: 1.8010
--- 验证集 [epoch 110] ---
  准确率 (Accuracy):  0.7945
  精确率 (Precision): 0.7344
  召回率 (Recall):    0.6598
  F1 分数 (F1):       0.6657
✅ 模型已保存到 /home/kudouzala/Application/ion_detect/output/trained_model_save/exp_new_i/trained_model_epoch_best.pth
  🏆 新最佳 F1=0.6657，已保存 best 模型
[New] Epoch 111/1000 | classify: 1.8753 | voltage: 0.1913 | conc: 0.0007 | consistency: 0.1837 | polarity: 2.9629 | monodec: 0.0325 | rule: 219.7587 | group: 1.6906 | tree: 4.9811 | total: 1.9995
[New] Epoch 112/1000 | classify: 1.8307 | voltage: 0.1862 | conc: 0.0006 | consistency: 0.1845 | polarity: 2.9502 | monodec: 0.0330 | rule: 234.4760 | group: 1.6801 | tree: 5.1172 | total: 1.9620
[New] Epoch 113/1000 | classify: 1.5883 | voltage: 0.1863 | conc: 0.0007 | consistency: 0.1768 | polarity: 2.8438 | monodec: 0.0281 | rule: 208.6984 | group: 1.6891 | tree: 4.8654 | total: 1.7066
[New] Epoch 114/1000 | classify: 1.6777 | voltage: 0.1808 | conc: 0.0002 | consistency: 0.1879 | polarity: 2.8142 | monodec: 0.0351 | rule: 223.6864 | group: 1.6387 | tree: 4.7349 | total: 1.8027
[New] Epoch 115/1000 | classify: 1.7307 | voltage: 0.1684 | conc: 0.0007 | consistency: 0.1815 | polarity: 2.8659 | monodec: 0.0300 | rule: 242.5081 | group: 1.6636 | tree: 5.0817 | total: 1.8651
[New] Epoch 116/1000 | classify: 1.5462 | voltage: 0.1689 | conc: 0.0004 | consistency: 0.1807 | polarity: 2.7933 | monodec: 0.0308 | rule: 209.9988 | group: 1.6358 | tree: 4.9328 | total: 1.6640
[New] Epoch 117/1000 | classify: 1.9037 | voltage: 0.1802 | conc: 0.0006 | consistency: 0.1766 | polarity: 2.9177 | monodec: 0.0300 | rule: 223.3841 | group: 1.7159 | tree: 5.1206 | total: 2.0291
[New] Epoch 118/1000 | classify: 1.6813 | voltage: 0.1765 | conc: 0.0007 | consistency: 0.1841 | polarity: 2.7830 | monodec: 0.0308 | rule: 215.7383 | group: 1.6350 | tree: 4.8797 | total: 1.8025
[New] Epoch 119/1000 | classify: 1.6568 | voltage: 0.1833 | conc: 0.0005 | consistency: 0.1787 | polarity: 2.8162 | monodec: 0.0266 | rule: 223.5579 | group: 1.6571 | tree: 4.8057 | total: 1.7822
[New] Epoch 120/1000 | classify: 1.7774 | voltage: 0.1731 | conc: 0.0006 | consistency: 0.1794 | polarity: 2.8558 | monodec: 0.0300 | rule: 228.2935 | group: 1.6847 | tree: 5.1008 | total: 1.9049
--- 验证集 [epoch 120] ---
  准确率 (Accuracy):  0.8014
  精确率 (Precision): 0.7342
  召回率 (Recall):    0.6957
  F1 分数 (F1):       0.6956
✅ 模型已保存到 /home/kudouzala/Application/ion_detect/output/trained_model_save/exp_new_i/trained_model_epoch_best.pth
  🏆 新最佳 F1=0.6956，已保存 best 模型
[New] Epoch 121/1000 | classify: 1.6473 | voltage: 0.1761 | conc: 0.0006 | consistency: 0.1807 | polarity: 2.8126 | monodec: 0.0308 | rule: 200.9852 | group: 1.6130 | tree: 4.5595 | total: 1.7609
[New] Epoch 122/1000 | classify: 1.7617 | voltage: 0.1739 | conc: 0.0005 | consistency: 0.1840 | polarity: 2.8630 | monodec: 0.0335 | rule: 232.3497 | group: 1.7219 | tree: 4.9991 | total: 1.8912
[New] Epoch 123/1000 | classify: 1.7047 | voltage: 0.1838 | conc: 0.0007 | consistency: 0.1785 | polarity: 2.8412 | monodec: 0.0260 | rule: 216.6661 | group: 1.7895 | tree: 5.1520 | total: 1.8271
[New] Epoch 124/1000 | classify: 1.5747 | voltage: 0.1635 | conc: 0.0007 | consistency: 0.1863 | polarity: 2.7531 | monodec: 0.0249 | rule: 228.4455 | group: 1.6630 | tree: 4.7884 | total: 1.7017
[New] Epoch 125/1000 | classify: 1.5989 | voltage: 0.1670 | conc: 0.0007 | consistency: 0.1856 | polarity: 2.8031 | monodec: 0.0254 | rule: 242.8151 | group: 1.6832 | tree: 4.9976 | total: 1.7334
[New] Epoch 126/1000 | classify: 1.5408 | voltage: 0.1833 | conc: 0.0007 | consistency: 0.1842 | polarity: 2.7818 | monodec: 0.0278 | rule: 237.4335 | group: 1.7032 | tree: 5.0940 | total: 1.6734
[New] Epoch 127/1000 | classify: 1.8833 | voltage: 0.1819 | conc: 0.0006 | consistency: 0.1778 | polarity: 2.8352 | monodec: 0.0239 | rule: 224.8517 | group: 1.7551 | tree: 5.1206 | total: 2.0095
[New] Epoch 128/1000 | classify: 1.5518 | voltage: 0.1841 | conc: 0.0008 | consistency: 0.1818 | polarity: 2.6893 | monodec: 0.0229 | rule: 208.2111 | group: 1.6563 | tree: 4.7746 | total: 1.6697
[New] Epoch 129/1000 | classify: 1.5131 | voltage: 0.1811 | conc: 0.0006 | consistency: 0.1733 | polarity: 2.7468 | monodec: 0.0226 | rule: 213.7604 | group: 1.7124 | tree: 5.1099 | total: 1.6337
[New] Epoch 130/1000 | classify: 1.7193 | voltage: 0.1792 | conc: 0.0005 | consistency: 0.1796 | polarity: 2.7284 | monodec: 0.0227 | rule: 219.5254 | group: 1.6569 | tree: 4.9459 | total: 1.8425
--- 验证集 [epoch 130] ---
  准确率 (Accuracy):  0.8219
  精确率 (Precision): 0.7512
  召回率 (Recall):    0.6917
  F1 分数 (F1):       0.7118
✅ 模型已保存到 /home/kudouzala/Application/ion_detect/output/trained_model_save/exp_new_i/trained_model_epoch_best.pth
  🏆 新最佳 F1=0.7118，已保存 best 模型
[New] Epoch 131/1000 | classify: 1.6093 | voltage: 0.1799 | conc: 0.0006 | consistency: 0.1866 | polarity: 2.6829 | monodec: 0.0212 | rule: 251.3591 | group: 1.6386 | tree: 4.9709 | total: 1.7485
[New] Epoch 132/1000 | classify: 1.5813 | voltage: 0.1740 | conc: 0.0006 | consistency: 0.1886 | polarity: 2.7710 | monodec: 0.0239 | rule: 242.8970 | group: 1.6952 | tree: 5.1895 | total: 1.7161
[New] Epoch 133/1000 | classify: 1.7220 | voltage: 0.1849 | conc: 0.0007 | consistency: 0.1853 | polarity: 2.7995 | monodec: 0.0227 | rule: 231.5458 | group: 1.7707 | tree: 5.1032 | total: 1.8518
[New] Epoch 134/1000 | classify: 1.7404 | voltage: 0.1775 | conc: 0.0005 | consistency: 0.1812 | polarity: 2.7199 | monodec: 0.0227 | rule: 210.5455 | group: 1.6598 | tree: 4.7189 | total: 1.8588
[New] Epoch 135/1000 | classify: 1.5613 | voltage: 0.1646 | conc: 0.0007 | consistency: 0.1773 | polarity: 2.6415 | monodec: 0.0186 | rule: 215.9269 | group: 1.6452 | tree: 4.9018 | total: 1.6820
[New] Epoch 136/1000 | classify: 1.6676 | voltage: 0.1985 | conc: 0.0008 | consistency: 0.1787 | polarity: 2.8329 | monodec: 0.0211 | rule: 207.1151 | group: 1.8046 | tree: 5.2373 | total: 1.7860
[New] Epoch 137/1000 | classify: 1.6372 | voltage: 0.1630 | conc: 0.0005 | consistency: 0.1806 | polarity: 2.7475 | monodec: 0.0198 | rule: 231.5467 | group: 1.7389 | tree: 5.1843 | total: 1.7658
[New] Epoch 138/1000 | classify: 1.6960 | voltage: 0.1792 | conc: 0.0007 | consistency: 0.1827 | polarity: 2.7902 | monodec: 0.0193 | rule: 232.6132 | group: 1.7738 | tree: 4.8130 | total: 1.8259
[New] Epoch 139/1000 | classify: 1.5657 | voltage: 0.1750 | conc: 0.0005 | consistency: 0.1874 | polarity: 2.7178 | monodec: 0.0209 | rule: 246.3123 | group: 1.7255 | tree: 4.9690 | total: 1.7021
[New] Epoch 140/1000 | classify: 1.5531 | voltage: 0.2044 | conc: 0.0004 | consistency: 0.1828 | polarity: 2.6416 | monodec: 0.0191 | rule: 222.5101 | group: 1.6861 | tree: 4.8527 | total: 1.6789
--- 验证集 [epoch 140] ---
  准确率 (Accuracy):  0.8356
  精确率 (Precision): 0.7546
  召回率 (Recall):    0.7422
  F1 分数 (F1):       0.7446
✅ 模型已保存到 /home/kudouzala/Application/ion_detect/output/trained_model_save/exp_new_i/trained_model_epoch_best.pth
  🏆 新最佳 F1=0.7446，已保存 best 模型
[New] Epoch 141/1000 | classify: 1.5560 | voltage: 0.1863 | conc: 0.0006 | consistency: 0.1839 | polarity: 2.7198 | monodec: 0.0177 | rule: 212.2066 | group: 1.7349 | tree: 5.1045 | total: 1.6761
[New] Epoch 142/1000 | classify: 1.5589 | voltage: 0.1937 | conc: 0.0005 | consistency: 0.1816 | polarity: 2.6555 | monodec: 0.0193 | rule: 203.7743 | group: 1.6685 | tree: 4.6899 | total: 1.6748
[New] Epoch 143/1000 | classify: 1.5353 | voltage: 0.1872 | conc: 0.0008 | consistency: 0.1823 | polarity: 2.7271 | monodec: 0.0168 | rule: 226.4380 | group: 1.7662 | tree: 5.1714 | total: 1.6627
[New] Epoch 144/1000 | classify: 1.4063 | voltage: 0.1902 | conc: 0.0006 | consistency: 0.1832 | polarity: 2.6378 | monodec: 0.0162 | rule: 239.7900 | group: 1.6672 | tree: 4.8276 | total: 1.5401
[New] Epoch 145/1000 | classify: 1.5934 | voltage: 0.2014 | conc: 0.0006 | consistency: 0.1894 | polarity: 2.6469 | monodec: 0.0188 | rule: 248.4963 | group: 1.6865 | tree: 4.7286 | total: 1.7322
[New] Epoch 146/1000 | classify: 1.5239 | voltage: 0.2042 | conc: 0.0006 | consistency: 0.1841 | polarity: 2.5897 | monodec: 0.0160 | rule: 194.8250 | group: 1.6366 | tree: 4.7232 | total: 1.6358
[New] Epoch 147/1000 | classify: 1.5527 | voltage: 0.1684 | conc: 0.0006 | consistency: 0.1857 | polarity: 2.6950 | monodec: 0.0168 | rule: 247.3714 | group: 1.7540 | tree: 5.1759 | total: 1.6895
[New] Epoch 148/1000 | classify: 1.5226 | voltage: 0.1794 | conc: 0.0006 | consistency: 0.1780 | polarity: 2.6653 | monodec: 0.0150 | rule: 210.9045 | group: 1.6812 | tree: 4.9524 | total: 1.6415
[New] Epoch 149/1000 | classify: 1.6705 | voltage: 0.1802 | conc: 0.0008 | consistency: 0.1800 | polarity: 2.6932 | monodec: 0.0159 | rule: 223.0148 | group: 1.7890 | tree: 5.1162 | total: 1.7959
[New] Epoch 150/1000 | classify: 1.5530 | voltage: 0.1800 | conc: 0.0007 | consistency: 0.1814 | polarity: 2.6913 | monodec: 0.0164 | rule: 214.0777 | group: 1.7897 | tree: 5.1922 | total: 1.6738
--- 验证集 [epoch 150] ---
  准确率 (Accuracy):  0.8014
  精确率 (Precision): 0.7494
  召回率 (Recall):    0.6943
  F1 分数 (F1):       0.6987
✅ 模型已保存到 /home/kudouzala/Application/ion_detect/output/trained_model_save/exp_new_i/trained_model_epoch_150.pth
📁 损失值已保存到 /home/kudouzala/Application/ion_detect/output/trained_model_save/exp_new_i/training_loss_epoch_150.csv
[New] Epoch 151/1000 | classify: 1.6662 | voltage: 0.1775 | conc: 0.0006 | consistency: 0.1821 | polarity: 2.6900 | monodec: 0.0149 | rule: 222.5857 | group: 1.7107 | tree: 4.8535 | total: 1.7909
[New] Epoch 152/1000 | classify: 1.4303 | voltage: 0.1859 | conc: 0.0007 | consistency: 0.1865 | polarity: 2.6743 | monodec: 0.0142 | rule: 233.3637 | group: 1.7822 | tree: 5.3271 | total: 1.5611
[New] Epoch 153/1000 | classify: 1.4361 | voltage: 0.1799 | conc: 0.0006 | consistency: 0.1859 | polarity: 2.6364 | monodec: 0.0150 | rule: 211.0827 | group: 1.7630 | tree: 5.2421 | total: 1.5554
[New] Epoch 154/1000 | classify: 1.6853 | voltage: 0.1866 | conc: 0.0011 | consistency: 0.1839 | polarity: 2.6979 | monodec: 0.0165 | rule: 219.7438 | group: 1.8179 | tree: 5.4359 | total: 1.8099
[New] Epoch 155/1000 | classify: 1.5227 | voltage: 0.1759 | conc: 0.0008 | consistency: 0.1810 | polarity: 2.6546 | monodec: 0.0135 | rule: 197.4545 | group: 1.7333 | tree: 4.9344 | total: 1.6349
[New] Epoch 156/1000 | classify: 1.4911 | voltage: 0.1716 | conc: 0.0009 | consistency: 0.1866 | polarity: 2.6647 | monodec: 0.0150 | rule: 211.6984 | group: 1.7420 | tree: 5.2179 | total: 1.6105
[New] Epoch 157/1000 | classify: 1.4640 | voltage: 0.1744 | conc: 0.0007 | consistency: 0.1836 | polarity: 2.6425 | monodec: 0.0136 | rule: 233.4456 | group: 1.7669 | tree: 5.2380 | total: 1.5943
[New] Epoch 158/1000 | classify: 1.5737 | voltage: 0.1743 | conc: 0.0009 | consistency: 0.1871 | polarity: 2.6361 | monodec: 0.0146 | rule: 224.6644 | group: 1.7341 | tree: 4.9015 | total: 1.6996
[New] Epoch 159/1000 | classify: 1.5033 | voltage: 0.1916 | conc: 0.0008 | consistency: 0.1894 | polarity: 2.6102 | monodec: 0.0137 | rule: 244.5828 | group: 1.7745 | tree: 5.2331 | total: 1.6401
[New] Epoch 160/1000 | classify: 1.5740 | voltage: 0.1944 | conc: 0.0005 | consistency: 0.1877 | polarity: 2.6128 | monodec: 0.0142 | rule: 211.6883 | group: 1.7428 | tree: 5.1394 | total: 1.6941
--- 验证集 [epoch 160] ---
  准确率 (Accuracy):  0.8288
  精确率 (Precision): 0.7357
  召回率 (Recall):    0.7233
  F1 分数 (F1):       0.7221
[New] Epoch 161/1000 | classify: 1.4691 | voltage: 0.1919 | conc: 0.0004 | consistency: 0.1888 | polarity: 2.5836 | monodec: 0.0122 | rule: 211.3009 | group: 1.6795 | tree: 4.7155 | total: 1.5886
[New] Epoch 162/1000 | classify: 1.5317 | voltage: 0.1993 | conc: 0.0006 | consistency: 0.1847 | polarity: 2.5977 | monodec: 0.0121 | rule: 189.5970 | group: 1.7645 | tree: 4.9207 | total: 1.6410
[New] Epoch 163/1000 | classify: 1.4589 | voltage: 0.1930 | conc: 0.0005 | consistency: 0.1915 | polarity: 2.5852 | monodec: 0.0124 | rule: 209.9303 | group: 1.7350 | tree: 5.3110 | total: 1.5782
[New] Epoch 164/1000 | classify: 1.4733 | voltage: 0.1937 | conc: 0.0007 | consistency: 0.1889 | polarity: 2.5855 | monodec: 0.0109 | rule: 232.9184 | group: 1.7994 | tree: 5.1151 | total: 1.6043
[New] Epoch 165/1000 | classify: 1.3944 | voltage: 0.1998 | conc: 0.0006 | consistency: 0.1911 | polarity: 2.5056 | monodec: 0.0109 | rule: 207.3867 | group: 1.6749 | tree: 4.8994 | total: 1.5126
[New] Epoch 166/1000 | classify: 1.4489 | voltage: 0.1904 | conc: 0.0008 | consistency: 0.1854 | polarity: 2.6157 | monodec: 0.0099 | rule: 234.1556 | group: 1.7744 | tree: 5.1624 | total: 1.5804
[New] Epoch 167/1000 | classify: 1.4917 | voltage: 0.1772 | conc: 0.0005 | consistency: 0.1919 | polarity: 2.5682 | monodec: 0.0103 | rule: 241.6831 | group: 1.7183 | tree: 5.0188 | total: 1.6259
[New] Epoch 168/1000 | classify: 1.5318 | voltage: 0.1987 | conc: 0.0006 | consistency: 0.1897 | polarity: 2.5891 | monodec: 0.0094 | rule: 223.9841 | group: 1.7901 | tree: 5.1881 | total: 1.6585
[New] Epoch 169/1000 | classify: 1.4430 | voltage: 0.1996 | conc: 0.0006 | consistency: 0.1899 | polarity: 2.5712 | monodec: 0.0106 | rule: 240.6208 | group: 1.7741 | tree: 5.3122 | total: 1.5780
[New] Epoch 170/1000 | classify: 1.5905 | voltage: 0.2054 | conc: 0.0005 | consistency: 0.1927 | polarity: 2.6094 | monodec: 0.0089 | rule: 220.8142 | group: 1.7444 | tree: 5.1254 | total: 1.7157
--- 验证集 [epoch 170] ---
  准确率 (Accuracy):  0.8288
  精确率 (Precision): 0.7954
  召回率 (Recall):    0.7403
  F1 分数 (F1):       0.7526
✅ 模型已保存到 /home/kudouzala/Application/ion_detect/output/trained_model_save/exp_new_i/trained_model_epoch_best.pth
  🏆 新最佳 F1=0.7526，已保存 best 模型
[New] Epoch 171/1000 | classify: 1.4464 | voltage: 0.2305 | conc: 0.0009 | consistency: 0.1912 | polarity: 2.5730 | monodec: 0.0101 | rule: 236.7684 | group: 1.7847 | tree: 5.2035 | total: 1.5813
[New] Epoch 172/1000 | classify: 1.5259 | voltage: 0.1993 | conc: 0.0005 | consistency: 0.1908 | polarity: 2.5108 | monodec: 0.0092 | rule: 213.9512 | group: 1.7158 | tree: 5.0451 | total: 1.6473
[New] Epoch 173/1000 | classify: 1.3100 | voltage: 0.1928 | conc: 0.0004 | consistency: 0.1928 | polarity: 2.4977 | monodec: 0.0083 | rule: 231.6389 | group: 1.6889 | tree: 4.9312 | total: 1.4398
[New] Epoch 174/1000 | classify: 1.4386 | voltage: 0.1963 | conc: 0.0005 | consistency: 0.1947 | polarity: 2.5554 | monodec: 0.0096 | rule: 234.5304 | group: 1.8025 | tree: 5.2256 | total: 1.5703
[New] Epoch 175/1000 | classify: 1.5682 | voltage: 0.2121 | conc: 0.0005 | consistency: 0.1856 | polarity: 2.5510 | monodec: 0.0073 | rule: 223.6798 | group: 1.8055 | tree: 5.0821 | total: 1.6952
[New] Epoch 176/1000 | classify: 1.4680 | voltage: 0.2042 | conc: 0.0005 | consistency: 0.1969 | polarity: 2.4738 | monodec: 0.0089 | rule: 231.9108 | group: 1.7153 | tree: 5.1085 | total: 1.5986
[New] Epoch 177/1000 | classify: 1.3886 | voltage: 0.2172 | conc: 0.0006 | consistency: 0.1931 | polarity: 2.4607 | monodec: 0.0073 | rule: 225.3026 | group: 1.6902 | tree: 4.9015 | total: 1.5166
[New] Epoch 178/1000 | classify: 1.4861 | voltage: 0.1915 | conc: 0.0007 | consistency: 0.1948 | polarity: 2.5265 | monodec: 0.0074 | rule: 214.3637 | group: 1.7582 | tree: 5.1178 | total: 1.6076
[New] Epoch 179/1000 | classify: 1.4833 | voltage: 0.1976 | conc: 0.0005 | consistency: 0.1959 | polarity: 2.5552 | monodec: 0.0080 | rule: 219.1248 | group: 1.7498 | tree: 5.1869 | total: 1.6073
[New] Epoch 180/1000 | classify: 1.4359 | voltage: 0.1969 | conc: 0.0005 | consistency: 0.1936 | polarity: 2.5010 | monodec: 0.0069 | rule: 224.9054 | group: 1.7739 | tree: 5.0982 | total: 1.5627
--- 验证集 [epoch 180] ---
  准确率 (Accuracy):  0.8151
  精确率 (Precision): 0.7632
  召回率 (Recall):    0.7126
  F1 分数 (F1):       0.7255
[New] Epoch 181/1000 | classify: 1.3992 | voltage: 0.2037 | conc: 0.0003 | consistency: 0.1962 | polarity: 2.5058 | monodec: 0.0072 | rule: 234.8162 | group: 1.7372 | tree: 5.1354 | total: 1.5311
[New] Epoch 182/1000 | classify: 1.4203 | voltage: 0.1882 | conc: 0.0008 | consistency: 0.1894 | polarity: 2.5307 | monodec: 0.0069 | rule: 215.0298 | group: 1.7865 | tree: 5.3063 | total: 1.5421
[New] Epoch 183/1000 | classify: 1.4470 | voltage: 0.1879 | conc: 0.0009 | consistency: 0.1941 | polarity: 2.5932 | monodec: 0.0068 | rule: 214.3389 | group: 1.8192 | tree: 5.5151 | total: 1.5687
[New] Epoch 184/1000 | classify: 1.3077 | voltage: 0.1935 | conc: 0.0007 | consistency: 0.1931 | polarity: 2.5240 | monodec: 0.0059 | rule: 225.6729 | group: 1.7937 | tree: 5.3435 | total: 1.4351
[New] Epoch 185/1000 | classify: 1.5968 | voltage: 0.1933 | conc: 0.0007 | consistency: 0.1966 | polarity: 2.5282 | monodec: 0.0063 | rule: 235.6262 | group: 1.7965 | tree: 5.2111 | total: 1.7291
[New] Epoch 186/1000 | classify: 1.4157 | voltage: 0.1907 | conc: 0.0005 | consistency: 0.1946 | polarity: 2.4365 | monodec: 0.0064 | rule: 215.8807 | group: 1.6672 | tree: 4.9087 | total: 1.5375
[New] Epoch 187/1000 | classify: 1.4792 | voltage: 0.1970 | conc: 0.0004 | consistency: 0.1970 | polarity: 2.4744 | monodec: 0.0060 | rule: 233.5140 | group: 1.7186 | tree: 5.0240 | total: 1.6102
[New] Epoch 188/1000 | classify: 1.4548 | voltage: 0.2111 | conc: 0.0006 | consistency: 0.1963 | polarity: 2.4927 | monodec: 0.0058 | rule: 206.2008 | group: 1.7728 | tree: 5.2276 | total: 1.5731
[New] Epoch 189/1000 | classify: 1.6083 | voltage: 0.2132 | conc: 0.0007 | consistency: 0.1977 | polarity: 2.5844 | monodec: 0.0064 | rule: 237.3868 | group: 1.8105 | tree: 5.2572 | total: 1.7424
[New] Epoch 190/1000 | classify: 1.3376 | voltage: 0.2053 | conc: 0.0005 | consistency: 0.1981 | polarity: 2.4990 | monodec: 0.0046 | rule: 223.8240 | group: 1.7651 | tree: 5.0954 | total: 1.4644
--- 验证集 [epoch 190] ---
  准确率 (Accuracy):  0.7945
  精确率 (Precision): 0.7931
  召回率 (Recall):    0.7350
  F1 分数 (F1):       0.7363
[New] Epoch 191/1000 | classify: 1.3558 | voltage: 0.2216 | conc: 0.0008 | consistency: 0.1991 | polarity: 2.5032 | monodec: 0.0053 | rule: 199.3554 | group: 1.7724 | tree: 5.1384 | total: 1.4713
[New] Epoch 192/1000 | classify: 1.4677 | voltage: 0.2016 | conc: 0.0009 | consistency: 0.2006 | polarity: 2.5731 | monodec: 0.0057 | rule: 228.1833 | group: 1.8455 | tree: 5.2236 | total: 1.5970
[New] Epoch 193/1000 | classify: 1.4445 | voltage: 0.2106 | conc: 0.0008 | consistency: 0.2011 | polarity: 2.5466 | monodec: 0.0050 | rule: 244.6488 | group: 1.7941 | tree: 5.3453 | total: 1.5824
[New] Epoch 194/1000 | classify: 1.3312 | voltage: 0.2164 | conc: 0.0006 | consistency: 0.1999 | polarity: 2.4332 | monodec: 0.0048 | rule: 220.7875 | group: 1.7795 | tree: 4.9775 | total: 1.4570
[New] Epoch 195/1000 | classify: 1.3705 | voltage: 0.2072 | conc: 0.0008 | consistency: 0.2018 | polarity: 2.5022 | monodec: 0.0053 | rule: 221.9351 | group: 1.7770 | tree: 5.2352 | total: 1.4968
[New] Epoch 196/1000 | classify: 1.5167 | voltage: 0.2159 | conc: 0.0009 | consistency: 0.2011 | polarity: 2.5270 | monodec: 0.0045 | rule: 237.4903 | group: 1.8365 | tree: 5.4997 | total: 1.6515
[New] Epoch 197/1000 | classify: 1.4073 | voltage: 0.2198 | conc: 0.0007 | consistency: 0.2024 | polarity: 2.5015 | monodec: 0.0046 | rule: 218.2796 | group: 1.7457 | tree: 5.0795 | total: 1.5321
[New] Epoch 198/1000 | classify: 1.3131 | voltage: 0.2140 | conc: 0.0005 | consistency: 0.2005 | polarity: 2.4721 | monodec: 0.0038 | rule: 245.3335 | group: 1.7719 | tree: 5.3533 | total: 1.4511
[New] Epoch 199/1000 | classify: 1.3799 | voltage: 0.2104 | conc: 0.0005 | consistency: 0.2001 | polarity: 2.3647 | monodec: 0.0042 | rule: 207.8176 | group: 1.7115 | tree: 5.0506 | total: 1.4988
[New] Epoch 200/1000 | classify: 1.4277 | voltage: 0.2048 | conc: 0.0005 | consistency: 0.2020 | polarity: 2.4272 | monodec: 0.0041 | rule: 242.2012 | group: 1.6548 | tree: 4.8237 | total: 1.5634
--- 验证集 [epoch 200] ---
  准确率 (Accuracy):  0.8014
  精确率 (Precision): 0.7571
  召回率 (Recall):    0.6892
  F1 分数 (F1):       0.6985
✅ 模型已保存到 /home/kudouzala/Application/ion_detect/output/trained_model_save/exp_new_i/trained_model_epoch_200.pth
📁 损失值已保存到 /home/kudouzala/Application/ion_detect/output/trained_model_save/exp_new_i/training_loss_epoch_200.csv
[New] Epoch 201/1000 | classify: 1.4930 | voltage: 0.1940 | conc: 0.0007 | consistency: 0.2019 | polarity: 2.4990 | monodec: 0.0037 | rule: 239.0881 | group: 1.7819 | tree: 5.2955 | total: 1.6271
[New] Epoch 202/1000 | classify: 1.4494 | voltage: 0.2069 | conc: 0.0008 | consistency: 0.2021 | polarity: 2.5569 | monodec: 0.0034 | rule: 211.0133 | group: 1.9078 | tree: 5.4836 | total: 1.5703
[New] Epoch 203/1000 | classify: 1.3249 | voltage: 0.2022 | conc: 0.0010 | consistency: 0.2034 | polarity: 2.5500 | monodec: 0.0031 | rule: 215.0567 | group: 1.8891 | tree: 5.5626 | total: 1.4478
[New] Epoch 204/1000 | classify: 1.3249 | voltage: 0.1925 | conc: 0.0006 | consistency: 0.2045 | polarity: 2.4361 | monodec: 0.0035 | rule: 240.2649 | group: 1.7172 | tree: 5.0252 | total: 1.4592
[New] Epoch 205/1000 | classify: 1.3170 | voltage: 0.2025 | conc: 0.0008 | consistency: 0.2028 | polarity: 2.4571 | monodec: 0.0034 | rule: 210.4051 | group: 1.7495 | tree: 5.1662 | total: 1.4372
[New] Epoch 206/1000 | classify: 1.5696 | voltage: 0.2047 | conc: 0.0005 | consistency: 0.2023 | polarity: 2.5509 | monodec: 0.0033 | rule: 240.4891 | group: 1.7914 | tree: 5.1776 | total: 1.7046
[New] Epoch 207/1000 | classify: 1.3397 | voltage: 0.2120 | conc: 0.0007 | consistency: 0.2041 | polarity: 2.4363 | monodec: 0.0029 | rule: 228.2302 | group: 1.7930 | tree: 5.2501 | total: 1.4692
[New] Epoch 208/1000 | classify: 1.4988 | voltage: 0.2031 | conc: 0.0007 | consistency: 0.2052 | polarity: 2.4548 | monodec: 0.0031 | rule: 227.3594 | group: 1.7400 | tree: 5.2860 | total: 1.6274
[New] Epoch 209/1000 | classify: 1.3276 | voltage: 0.2029 | conc: 0.0006 | consistency: 0.2038 | polarity: 2.4154 | monodec: 0.0029 | rule: 210.9742 | group: 1.7217 | tree: 5.0200 | total: 1.4478
[New] Epoch 210/1000 | classify: 1.3281 | voltage: 0.2006 | conc: 0.0005 | consistency: 0.2038 | polarity: 2.3824 | monodec: 0.0027 | rule: 235.9194 | group: 1.7084 | tree: 5.0513 | total: 1.4606
--- 验证集 [epoch 210] ---
  准确率 (Accuracy):  0.8151
  精确率 (Precision): 0.7258
  召回率 (Recall):    0.7142
  F1 分数 (F1):       0.7133
[New] Epoch 211/1000 | classify: 1.4304 | voltage: 0.1940 | conc: 0.0007 | consistency: 0.2035 | polarity: 2.4169 | monodec: 0.0025 | rule: 224.4322 | group: 1.7763 | tree: 4.8835 | total: 1.5569
[New] Epoch 212/1000 | classify: 1.3783 | voltage: 0.2230 | conc: 0.0008 | consistency: 0.2042 | polarity: 2.3963 | monodec: 0.0020 | rule: 232.2775 | group: 1.6871 | tree: 5.0741 | total: 1.5103
[New] Epoch 213/1000 | classify: 1.6088 | voltage: 0.2137 | conc: 0.0005 | consistency: 0.2059 | polarity: 2.5104 | monodec: 0.0025 | rule: 208.5472 | group: 1.7966 | tree: 5.4352 | total: 1.7284
[New] Epoch 214/1000 | classify: 1.6069 | voltage: 0.2110 | conc: 0.0006 | consistency: 0.2047 | polarity: 2.4400 | monodec: 0.0022 | rule: 216.9111 | group: 1.7517 | tree: 5.3381 | total: 1.7306
[New] Epoch 215/1000 | classify: 1.4125 | voltage: 0.2203 | conc: 0.0010 | consistency: 0.2071 | polarity: 2.4587 | monodec: 0.0022 | rule: 222.7891 | group: 1.8051 | tree: 5.2988 | total: 1.5401
[New] Epoch 216/1000 | classify: 1.3143 | voltage: 0.2225 | conc: 0.0005 | consistency: 0.2077 | polarity: 2.3495 | monodec: 0.0019 | rule: 218.0370 | group: 1.6598 | tree: 4.9141 | total: 1.4388
[New] Epoch 217/1000 | classify: 1.4447 | voltage: 0.2190 | conc: 0.0006 | consistency: 0.2076 | polarity: 2.4238 | monodec: 0.0021 | rule: 217.2415 | group: 1.6890 | tree: 4.9792 | total: 1.5687
[New] Epoch 218/1000 | classify: 1.5009 | voltage: 0.2216 | conc: 0.0005 | consistency: 0.2087 | polarity: 2.4940 | monodec: 0.0019 | rule: 233.3236 | group: 1.8148 | tree: 5.3680 | total: 1.6333
[New] Epoch 219/1000 | classify: 1.4125 | voltage: 0.2173 | conc: 0.0007 | consistency: 0.2101 | polarity: 2.4509 | monodec: 0.0019 | rule: 234.0604 | group: 1.7539 | tree: 5.2294 | total: 1.5452
[New] Epoch 220/1000 | classify: 1.4999 | voltage: 0.2312 | conc: 0.0006 | consistency: 0.2101 | polarity: 2.5265 | monodec: 0.0017 | rule: 237.8747 | group: 1.7921 | tree: 5.4618 | total: 1.6353
--- 验证集 [epoch 220] ---
  准确率 (Accuracy):  0.8082
  精确率 (Precision): 0.7774
  召回率 (Recall):    0.7219
  F1 分数 (F1):       0.7277
[New] Epoch 221/1000 | classify: 1.3668 | voltage: 0.2196 | conc: 0.0007 | consistency: 0.2092 | polarity: 2.4884 | monodec: 0.0017 | rule: 240.0822 | group: 1.8204 | tree: 5.2658 | total: 1.5027
[New] Epoch 222/1000 | classify: 1.3606 | voltage: 0.2200 | conc: 0.0006 | consistency: 0.2122 | polarity: 2.4518 | monodec: 0.0018 | rule: 239.5636 | group: 1.7855 | tree: 5.1657 | total: 1.4961
[New] Epoch 223/1000 | classify: 1.4665 | voltage: 0.2263 | conc: 0.0007 | consistency: 0.2116 | polarity: 2.5018 | monodec: 0.0016 | rule: 245.2282 | group: 1.8313 | tree: 5.3473 | total: 1.6054
[New] Epoch 224/1000 | classify: 1.2816 | voltage: 0.2366 | conc: 0.0005 | consistency: 0.2114 | polarity: 2.4227 | monodec: 0.0016 | rule: 214.8186 | group: 1.7508 | tree: 4.9532 | total: 1.4052
[New] Epoch 225/1000 | classify: 1.3074 | voltage: 0.2180 | conc: 0.0005 | consistency: 0.2120 | polarity: 2.4398 | monodec: 0.0016 | rule: 231.4580 | group: 1.7893 | tree: 5.1405 | total: 1.4386
[New] Epoch 226/1000 | classify: 1.4333 | voltage: 0.2229 | conc: 0.0006 | consistency: 0.2124 | polarity: 2.4576 | monodec: 0.0014 | rule: 236.5155 | group: 1.8461 | tree: 5.3252 | total: 1.5674
[New] Epoch 227/1000 | classify: 1.3963 | voltage: 0.2268 | conc: 0.0008 | consistency: 0.2132 | polarity: 2.4884 | monodec: 0.0014 | rule: 240.0776 | group: 1.8413 | tree: 5.5786 | total: 1.5328
[New] Epoch 228/1000 | classify: 1.2810 | voltage: 0.2196 | conc: 0.0007 | consistency: 0.2140 | polarity: 2.4353 | monodec: 0.0013 | rule: 228.1952 | group: 1.7913 | tree: 5.1624 | total: 1.4108
[New] Epoch 229/1000 | classify: 1.3438 | voltage: 0.2278 | conc: 0.0006 | consistency: 0.2143 | polarity: 2.3781 | monodec: 0.0012 | rule: 249.8109 | group: 1.7132 | tree: 4.9821 | total: 1.4847
[New] Epoch 230/1000 | classify: 1.4873 | voltage: 0.2374 | conc: 0.0006 | consistency: 0.2134 | polarity: 2.4501 | monodec: 0.0012 | rule: 199.8039 | group: 1.7934 | tree: 5.1873 | total: 1.6037
--- 验证集 [epoch 230] ---
  准确率 (Accuracy):  0.8356
  精确率 (Precision): 0.7963
  召回率 (Recall):    0.7591
  F1 分数 (F1):       0.7554
✅ 模型已保存到 /home/kudouzala/Application/ion_detect/output/trained_model_save/exp_new_i/trained_model_epoch_best.pth
  🏆 新最佳 F1=0.7554，已保存 best 模型
[New] Epoch 231/1000 | classify: 1.3291 | voltage: 0.2227 | conc: 0.0008 | consistency: 0.2146 | polarity: 2.4302 | monodec: 0.0012 | rule: 231.7337 | group: 1.7657 | tree: 5.0992 | total: 1.4609
[New] Epoch 232/1000 | classify: 1.3548 | voltage: 0.2487 | conc: 0.0007 | consistency: 0.2138 | polarity: 2.3774 | monodec: 0.0013 | rule: 208.7194 | group: 1.7303 | tree: 5.0249 | total: 1.4763
[New] Epoch 233/1000 | classify: 1.3616 | voltage: 0.2355 | conc: 0.0007 | consistency: 0.2138 | polarity: 2.3625 | monodec: 0.0012 | rule: 215.5277 | group: 1.7412 | tree: 5.0042 | total: 1.4858
[New] Epoch 234/1000 | classify: 1.3525 | voltage: 0.2293 | conc: 0.0007 | consistency: 0.2148 | polarity: 2.3847 | monodec: 0.0012 | rule: 222.9246 | group: 1.7105 | tree: 5.0562 | total: 1.4802
[New] Epoch 235/1000 | classify: 1.2801 | voltage: 0.2362 | conc: 0.0006 | consistency: 0.2161 | polarity: 2.3591 | monodec: 0.0011 | rule: 236.7385 | group: 1.7270 | tree: 5.1296 | total: 1.4149
[New] Epoch 236/1000 | classify: 1.4012 | voltage: 0.2344 | conc: 0.0004 | consistency: 0.2163 | polarity: 2.4158 | monodec: 0.0011 | rule: 219.6721 | group: 1.7587 | tree: 5.1267 | total: 1.5272
[New] Epoch 237/1000 | classify: 1.3421 | voltage: 0.2263 | conc: 0.0007 | consistency: 0.2174 | polarity: 2.4791 | monodec: 0.0012 | rule: 243.2968 | group: 1.8150 | tree: 5.2756 | total: 1.4800
[New] Epoch 238/1000 | classify: 1.4210 | voltage: 0.2428 | conc: 0.0008 | consistency: 0.2154 | polarity: 2.4381 | monodec: 0.0010 | rule: 226.5303 | group: 1.8395 | tree: 5.4450 | total: 1.5515
[New] Epoch 239/1000 | classify: 1.2719 | voltage: 0.2434 | conc: 0.0003 | consistency: 0.2181 | polarity: 2.3240 | monodec: 0.0010 | rule: 218.2084 | group: 1.6060 | tree: 4.5475 | total: 1.3971
[New] Epoch 240/1000 | classify: 1.3608 | voltage: 0.2429 | conc: 0.0012 | consistency: 0.2193 | polarity: 2.4677 | monodec: 0.0010 | rule: 239.3151 | group: 1.8156 | tree: 5.4722 | total: 1.4980
--- 验证集 [epoch 240] ---
  准确率 (Accuracy):  0.8219
  精确率 (Precision): 0.7958
  召回率 (Recall):    0.7173
  F1 分数 (F1):       0.7429
[New] Epoch 241/1000 | classify: 1.3407 | voltage: 0.2424 | conc: 0.0009 | consistency: 0.2200 | polarity: 2.4590 | monodec: 0.0008 | rule: 236.4850 | group: 1.8052 | tree: 5.3289 | total: 1.4762
[New] Epoch 242/1000 | classify: 1.3550 | voltage: 0.2290 | conc: 0.0007 | consistency: 0.2208 | polarity: 2.4413 | monodec: 0.0009 | rule: 242.9292 | group: 1.7878 | tree: 5.0789 | total: 1.4926
[New] Epoch 243/1000 | classify: 1.3073 | voltage: 0.2419 | conc: 0.0003 | consistency: 0.2217 | polarity: 2.3285 | monodec: 0.0009 | rule: 232.4939 | group: 1.6847 | tree: 4.8474 | total: 1.4399
[New] Epoch 244/1000 | classify: 1.3345 | voltage: 0.2468 | conc: 0.0006 | consistency: 0.2213 | polarity: 2.4032 | monodec: 0.0009 | rule: 238.0415 | group: 1.7625 | tree: 4.9105 | total: 1.4704
[New] Epoch 245/1000 | classify: 1.1464 | voltage: 0.2284 | conc: 0.0007 | consistency: 0.2204 | polarity: 2.3179 | monodec: 0.0009 | rule: 231.9779 | group: 1.6682 | tree: 4.7443 | total: 1.2783
[New] Epoch 246/1000 | classify: 1.3664 | voltage: 0.2284 | conc: 0.0006 | consistency: 0.2200 | polarity: 2.3763 | monodec: 0.0009 | rule: 225.9388 | group: 1.7110 | tree: 4.9893 | total: 1.4953
[New] Epoch 247/1000 | classify: 1.4258 | voltage: 0.2447 | conc: 0.0007 | consistency: 0.2207 | polarity: 2.4495 | monodec: 0.0008 | rule: 217.0821 | group: 1.7709 | tree: 5.3180 | total: 1.5514
[New] Epoch 248/1000 | classify: 1.4190 | voltage: 0.2479 | conc: 0.0006 | consistency: 0.2215 | polarity: 2.4368 | monodec: 0.0009 | rule: 208.6865 | group: 1.7233 | tree: 4.9244 | total: 1.5402
[New] Epoch 249/1000 | classify: 1.4288 | voltage: 0.2466 | conc: 0.0012 | consistency: 0.2216 | polarity: 2.4887 | monodec: 0.0009 | rule: 233.4823 | group: 1.8188 | tree: 5.2615 | total: 1.5632
[New] Epoch 250/1000 | classify: 1.3199 | voltage: 0.2530 | conc: 0.0008 | consistency: 0.2227 | polarity: 2.4196 | monodec: 0.0007 | rule: 211.0821 | group: 1.7462 | tree: 4.9420 | total: 1.4428
--- 验证集 [epoch 250] ---
  准确率 (Accuracy):  0.8288
  精确率 (Precision): 0.7540
  召回率 (Recall):    0.7583
  F1 分数 (F1):       0.7502
✅ 模型已保存到 /home/kudouzala/Application/ion_detect/output/trained_model_save/exp_new_i/trained_model_epoch_250.pth
📁 损失值已保存到 /home/kudouzala/Application/ion_detect/output/trained_model_save/exp_new_i/training_loss_epoch_250.csv
[New] Epoch 251/1000 | classify: 1.2825 | voltage: 0.2418 | conc: 0.0006 | consistency: 0.2229 | polarity: 2.3849 | monodec: 0.0007 | rule: 212.6507 | group: 1.7290 | tree: 4.9620 | total: 1.4054
[New] Epoch 252/1000 | classify: 1.3496 | voltage: 0.2371 | conc: 0.0010 | consistency: 0.2205 | polarity: 2.4938 | monodec: 0.0007 | rule: 226.6268 | group: 1.8836 | tree: 5.5140 | total: 1.4800
[New] Epoch 253/1000 | classify: 1.3021 | voltage: 0.2364 | conc: 0.0005 | consistency: 0.2210 | polarity: 2.3690 | monodec: 0.0007 | rule: 236.6608 | group: 1.7272 | tree: 5.0736 | total: 1.4368
[New] Epoch 254/1000 | classify: 1.2824 | voltage: 0.2533 | conc: 0.0007 | consistency: 0.2244 | polarity: 2.4030 | monodec: 0.0007 | rule: 205.9770 | group: 1.7654 | tree: 4.8941 | total: 1.4027
[New] Epoch 255/1000 | classify: 1.5254 | voltage: 0.2481 | conc: 0.0006 | consistency: 0.2226 | polarity: 2.4941 | monodec: 0.0007 | rule: 225.2208 | group: 1.8410 | tree: 5.4542 | total: 1.6553
[New] Epoch 256/1000 | classify: 1.3194 | voltage: 0.2531 | conc: 0.0005 | consistency: 0.2266 | polarity: 2.3735 | monodec: 0.0007 | rule: 239.1173 | group: 1.6967 | tree: 5.0655 | total: 1.4561
[New] Epoch 257/1000 | classify: 1.3074 | voltage: 0.2654 | conc: 0.0006 | consistency: 0.2245 | polarity: 2.3952 | monodec: 0.0006 | rule: 218.2632 | group: 1.7498 | tree: 4.9655 | total: 1.4344
[New] Epoch 258/1000 | classify: 1.4303 | voltage: 0.2603 | conc: 0.0009 | consistency: 0.2245 | polarity: 2.5275 | monodec: 0.0007 | rule: 206.2583 | group: 1.8108 | tree: 5.3594 | total: 1.5516
[New] Epoch 259/1000 | classify: 1.4242 | voltage: 0.2667 | conc: 0.0008 | consistency: 0.2249 | polarity: 2.4584 | monodec: 0.0006 | rule: 224.7013 | group: 1.7759 | tree: 5.0769 | total: 1.5547
[New] Epoch 260/1000 | classify: 1.3950 | voltage: 0.2586 | conc: 0.0006 | consistency: 0.2279 | polarity: 2.3397 | monodec: 0.0006 | rule: 234.6640 | group: 1.6976 | tree: 4.8665 | total: 1.5298
--- 验证集 [epoch 260] ---
  准确率 (Accuracy):  0.8288
  精确率 (Precision): 0.7848
  召回率 (Recall):    0.7421
  F1 分数 (F1):       0.7539
[New] Epoch 261/1000 | classify: 1.5063 | voltage: 0.2629 | conc: 0.0008 | consistency: 0.2285 | polarity: 2.5004 | monodec: 0.0007 | rule: 228.3945 | group: 1.8078 | tree: 5.4312 | total: 1.6387
[New] Epoch 262/1000 | classify: 1.3514 | voltage: 0.2727 | conc: 0.0005 | consistency: 0.2295 | polarity: 2.3471 | monodec: 0.0006 | rule: 239.4031 | group: 1.6998 | tree: 4.8616 | total: 1.4891
[New] Epoch 263/1000 | classify: 1.3235 | voltage: 0.2768 | conc: 0.0008 | consistency: 0.2276 | polarity: 2.3962 | monodec: 0.0006 | rule: 240.0873 | group: 1.7339 | tree: 5.0546 | total: 1.4622
[New] Epoch 264/1000 | classify: 1.4163 | voltage: 0.2684 | conc: 0.0004 | consistency: 0.2311 | polarity: 2.3509 | monodec: 0.0005 | rule: 225.2821 | group: 1.7224 | tree: 5.0943 | total: 1.5468
[New] Epoch 265/1000 | classify: 1.2148 | voltage: 0.2693 | conc: 0.0006 | consistency: 0.2319 | polarity: 2.3459 | monodec: 0.0006 | rule: 216.9227 | group: 1.6812 | tree: 5.0928 | total: 1.3413
[New] Epoch 266/1000 | classify: 1.5740 | voltage: 0.2851 | conc: 0.0005 | consistency: 0.2294 | polarity: 2.4657 | monodec: 0.0006 | rule: 227.9831 | group: 1.7977 | tree: 5.4018 | total: 1.7069
[New] Epoch 267/1000 | classify: 1.3743 | voltage: 0.2885 | conc: 0.0007 | consistency: 0.2329 | polarity: 2.4882 | monodec: 0.0005 | rule: 211.7938 | group: 1.8842 | tree: 5.5358 | total: 1.4997
[New] Epoch 268/1000 | classify: 1.4718 | voltage: 0.2910 | conc: 0.0005 | consistency: 0.2340 | polarity: 2.3819 | monodec: 0.0005 | rule: 226.7370 | group: 1.7532 | tree: 5.0907 | total: 1.6043
[New] Epoch 269/1000 | classify: 1.4260 | voltage: 0.2839 | conc: 0.0006 | consistency: 0.2348 | polarity: 2.3753 | monodec: 0.0005 | rule: 207.9335 | group: 1.7350 | tree: 4.8627 | total: 1.5487
[New] Epoch 270/1000 | classify: 1.3045 | voltage: 0.2615 | conc: 0.0010 | consistency: 0.2323 | polarity: 2.5190 | monodec: 0.0005 | rule: 234.4997 | group: 1.8395 | tree: 5.4550 | total: 1.4401
--- 验证集 [epoch 270] ---
  准确率 (Accuracy):  0.8288
  精确率 (Precision): 0.7768
  召回率 (Recall):    0.7471
  F1 分数 (F1):       0.7533
[New] Epoch 271/1000 | classify: 1.3602 | voltage: 0.2812 | conc: 0.0004 | consistency: 0.2356 | polarity: 2.4040 | monodec: 0.0005 | rule: 237.0950 | group: 1.7480 | tree: 5.1780 | total: 1.4972
[New] Epoch 272/1000 | classify: 1.3967 | voltage: 0.2848 | conc: 0.0008 | consistency: 0.2370 | polarity: 2.4022 | monodec: 0.0004 | rule: 239.6348 | group: 1.7509 | tree: 5.1803 | total: 1.5357
[New] Epoch 273/1000 | classify: 1.3186 | voltage: 0.2861 | conc: 0.0006 | consistency: 0.2371 | polarity: 2.3942 | monodec: 0.0005 | rule: 225.2975 | group: 1.6966 | tree: 4.7793 | total: 1.4501
[New] Epoch 274/1000 | classify: 1.4112 | voltage: 0.2923 | conc: 0.0009 | consistency: 0.2375 | polarity: 2.4350 | monodec: 0.0004 | rule: 228.9327 | group: 1.8493 | tree: 5.1893 | total: 1.5452
[New] Epoch 275/1000 | classify: 1.4229 | voltage: 0.2974 | conc: 0.0005 | consistency: 0.2384 | polarity: 2.3769 | monodec: 0.0004 | rule: 199.3595 | group: 1.7119 | tree: 5.0253 | total: 1.5419
[New] Epoch 276/1000 | classify: 1.3593 | voltage: 0.2915 | conc: 0.0009 | consistency: 0.2391 | polarity: 2.4117 | monodec: 0.0005 | rule: 236.9200 | group: 1.7668 | tree: 5.2552 | total: 1.4973
[New] Epoch 277/1000 | classify: 1.4865 | voltage: 0.2896 | conc: 0.0006 | consistency: 0.2371 | polarity: 2.4854 | monodec: 0.0005 | rule: 239.3931 | group: 1.8335 | tree: 5.4581 | total: 1.6255
[New] Epoch 278/1000 | classify: 1.5697 | voltage: 0.3136 | conc: 0.0008 | consistency: 0.2407 | polarity: 2.4458 | monodec: 0.0004 | rule: 238.9289 | group: 1.8109 | tree: 5.2857 | total: 1.7098
[New] Epoch 279/1000 | classify: 1.4934 | voltage: 0.3231 | conc: 0.0007 | consistency: 0.2415 | polarity: 2.4391 | monodec: 0.0004 | rule: 217.5486 | group: 1.7678 | tree: 5.0220 | total: 1.6230
[New] Epoch 280/1000 | classify: 1.4982 | voltage: 0.3204 | conc: 0.0006 | consistency: 0.2420 | polarity: 2.4733 | monodec: 0.0004 | rule: 230.4924 | group: 1.7886 | tree: 5.4341 | total: 1.6343
--- 验证集 [epoch 280] ---
  准确率 (Accuracy):  0.8151
  精确率 (Precision): 0.7715
  召回率 (Recall):    0.7162
  F1 分数 (F1):       0.7276
[New] Epoch 281/1000 | classify: 1.3276 | voltage: 0.3100 | conc: 0.0007 | consistency: 0.2427 | polarity: 2.3435 | monodec: 0.0003 | rule: 212.2997 | group: 1.7095 | tree: 4.9898 | total: 1.4538
[New] Epoch 282/1000 | classify: 1.4762 | voltage: 0.3228 | conc: 0.0007 | consistency: 0.2351 | polarity: 2.4124 | monodec: 0.0004 | rule: 225.9296 | group: 1.7916 | tree: 5.2932 | total: 1.6101
[New] Epoch 283/1000 | classify: 1.6001 | voltage: 0.3113 | conc: 0.0006 | consistency: 0.2439 | polarity: 2.4237 | monodec: 0.0004 | rule: 244.3847 | group: 1.7661 | tree: 5.0778 | total: 1.7425
[New] Epoch 284/1000 | classify: 1.4839 | voltage: 0.3258 | conc: 0.0007 | consistency: 0.2450 | polarity: 2.4741 | monodec: 0.0004 | rule: 202.5843 | group: 1.8145 | tree: 5.3373 | total: 1.6064
[New] Epoch 285/1000 | classify: 1.3215 | voltage: 0.3126 | conc: 0.0005 | consistency: 0.2453 | polarity: 2.3386 | monodec: 0.0004 | rule: 219.0850 | group: 1.6685 | tree: 4.9143 | total: 1.4511
[New] Epoch 286/1000 | classify: 1.5712 | voltage: 0.3432 | conc: 0.0006 | consistency: 0.2430 | polarity: 2.4252 | monodec: 0.0003 | rule: 193.0196 | group: 1.7979 | tree: 5.1704 | total: 1.6896
[New] Epoch 287/1000 | classify: 1.4083 | voltage: 0.3406 | conc: 0.0007 | consistency: 0.2471 | polarity: 2.4523 | monodec: 0.0004 | rule: 217.1524 | group: 1.8380 | tree: 5.3974 | total: 1.5388
[New] Epoch 288/1000 | classify: 1.3823 | voltage: 0.3439 | conc: 0.0005 | consistency: 0.2456 | polarity: 2.3540 | monodec: 0.0003 | rule: 215.8919 | group: 1.6474 | tree: 4.8791 | total: 1.5119
[New] Epoch 289/1000 | classify: 1.3485 | voltage: 0.3194 | conc: 0.0008 | consistency: 0.2481 | polarity: 2.4024 | monodec: 0.0004 | rule: 226.3801 | group: 1.7337 | tree: 4.9958 | total: 1.4825
[New] Epoch 290/1000 | classify: 1.4959 | voltage: 0.3428 | conc: 0.0009 | consistency: 0.2455 | polarity: 2.4419 | monodec: 0.0004 | rule: 236.7869 | group: 1.7662 | tree: 5.2843 | total: 1.6364
--- 验证集 [epoch 290] ---
  准确率 (Accuracy):  0.8151
  精确率 (Precision): 0.7464
  召回率 (Recall):    0.7075
  F1 分数 (F1):       0.7222
[New] Epoch 291/1000 | classify: 1.3064 | voltage: 0.3290 | conc: 0.0009 | consistency: 0.2486 | polarity: 2.3684 | monodec: 0.0004 | rule: 223.0790 | group: 1.6571 | tree: 4.8936 | total: 1.4392
[New] Epoch 292/1000 | classify: 1.4757 | voltage: 0.3382 | conc: 0.0005 | consistency: 0.2494 | polarity: 2.3733 | monodec: 0.0003 | rule: 233.3079 | group: 1.6940 | tree: 4.9522 | total: 1.6137
[New] Epoch 293/1000 | classify: 1.5994 | voltage: 0.3403 | conc: 0.0007 | consistency: 0.2502 | polarity: 2.4466 | monodec: 0.0003 | rule: 235.5234 | group: 1.8271 | tree: 5.0916 | total: 1.7390
[New] Epoch 294/1000 | classify: 1.4056 | voltage: 0.3596 | conc: 0.0008 | consistency: 0.2510 | polarity: 2.4685 | monodec: 0.0003 | rule: 219.3270 | group: 1.8037 | tree: 5.0304 | total: 1.5381
[New] Epoch 295/1000 | classify: 1.5390 | voltage: 0.3460 | conc: 0.0006 | consistency: 0.2519 | polarity: 2.4065 | monodec: 0.0003 | rule: 241.8437 | group: 1.7286 | tree: 5.1612 | total: 1.6818
[New] Epoch 296/1000 | classify: 1.6509 | voltage: 0.3678 | conc: 0.0009 | consistency: 0.2533 | polarity: 2.4844 | monodec: 0.0002 | rule: 252.1728 | group: 1.8516 | tree: 5.3707 | total: 1.8005
[New] Epoch 297/1000 | classify: 1.5117 | voltage: 0.3715 | conc: 0.0005 | consistency: 0.2544 | polarity: 2.4325 | monodec: 0.0003 | rule: 235.3767 | group: 1.8045 | tree: 5.2588 | total: 1.6526
[New] Epoch 298/1000 | classify: 1.4719 | voltage: 0.3750 | conc: 0.0004 | consistency: 0.2538 | polarity: 2.4180 | monodec: 0.0002 | rule: 220.0158 | group: 1.8091 | tree: 5.2638 | total: 1.6053
[New] Epoch 299/1000 | classify: 1.5664 | voltage: 0.3699 | conc: 0.0006 | consistency: 0.2548 | polarity: 2.3954 | monodec: 0.0003 | rule: 230.2278 | group: 1.7810 | tree: 4.9597 | total: 1.7045
[New] Epoch 300/1000 | classify: 1.5081 | voltage: 0.3621 | conc: 0.0007 | consistency: 0.2561 | polarity: 2.4224 | monodec: 0.0002 | rule: 228.7259 | group: 1.7415 | tree: 5.1962 | total: 1.6453
--- 验证集 [epoch 300] ---
  准确率 (Accuracy):  0.8014
  精确率 (Precision): 0.7968
  召回率 (Recall):    0.6806
  F1 分数 (F1):       0.7238
✅ 模型已保存到 /home/kudouzala/Application/ion_detect/output/trained_model_save/exp_new_i/trained_model_epoch_300.pth
📁 损失值已保存到 /home/kudouzala/Application/ion_detect/output/trained_model_save/exp_new_i/training_loss_epoch_300.csv
[New] Epoch 301/1000 | classify: 1.5045 | voltage: 0.3690 | conc: 0.0006 | consistency: 0.2570 | polarity: 2.4334 | monodec: 0.0003 | rule: 219.8585 | group: 1.7758 | tree: 5.0740 | total: 1.6375
[New] Epoch 302/1000 | classify: 1.6266 | voltage: 0.4091 | conc: 0.0010 | consistency: 0.2521 | polarity: 2.5181 | monodec: 0.0002 | rule: 216.5909 | group: 1.8545 | tree: 5.2839 | total: 1.7605
[New] Epoch 303/1000 | classify: 1.5685 | voltage: 0.3713 | conc: 0.0011 | consistency: 0.2592 | polarity: 2.4717 | monodec: 0.0002 | rule: 243.6659 | group: 1.8136 | tree: 5.3842 | total: 1.7143
[New] Epoch 304/1000 | classify: 1.5465 | voltage: 0.3995 | conc: 0.0007 | consistency: 0.2598 | polarity: 2.3822 | monodec: 0.0002 | rule: 206.8139 | group: 1.7349 | tree: 4.9178 | total: 1.6746
[New] Epoch 305/1000 | classify: 1.5193 | voltage: 0.4030 | conc: 0.0008 | consistency: 0.2606 | polarity: 2.4737 | monodec: 0.0003 | rule: 237.4790 | group: 1.7936 | tree: 5.1848 | total: 1.6631
[New] Epoch 306/1000 | classify: 1.6632 | voltage: 0.4109 | conc: 0.0003 | consistency: 0.2613 | polarity: 2.3943 | monodec: 0.0002 | rule: 216.9558 | group: 1.7149 | tree: 5.1321 | total: 1.7965
[New] Epoch 307/1000 | classify: 1.5175 | voltage: 0.4129 | conc: 0.0004 | consistency: 0.2622 | polarity: 2.3377 | monodec: 0.0002 | rule: 231.9532 | group: 1.6542 | tree: 4.7055 | total: 1.6583
[New] Epoch 308/1000 | classify: 1.5120 | voltage: 0.4286 | conc: 0.0009 | consistency: 0.2632 | polarity: 2.4286 | monodec: 0.0002 | rule: 229.0558 | group: 1.8119 | tree: 5.0313 | total: 1.6529
[New] Epoch 309/1000 | classify: 1.5590 | voltage: 0.4158 | conc: 0.0006 | consistency: 0.2636 | polarity: 2.4353 | monodec: 0.0003 | rule: 231.7169 | group: 1.7429 | tree: 5.1185 | total: 1.7003
[New] Epoch 310/1000 | classify: 1.7039 | voltage: 0.4301 | conc: 0.0008 | consistency: 0.2644 | polarity: 2.4863 | monodec: 0.0002 | rule: 238.5121 | group: 1.8198 | tree: 5.3612 | total: 1.8497
--- 验证集 [epoch 310] ---
  准确率 (Accuracy):  0.8082
  精确率 (Precision): 0.7765
  召回率 (Recall):    0.7166
  F1 分数 (F1):       0.7247
[New] Epoch 311/1000 | classify: 1.7416 | voltage: 0.4266 | conc: 0.0006 | consistency: 0.2626 | polarity: 2.4796 | monodec: 0.0002 | rule: 223.3016 | group: 1.8263 | tree: 5.2203 | total: 1.8794
[New] Epoch 312/1000 | classify: 1.5649 | voltage: 0.4438 | conc: 0.0007 | consistency: 0.2666 | polarity: 2.3999 | monodec: 0.0002 | rule: 227.3041 | group: 1.7621 | tree: 5.1693 | total: 1.7054
[New] Epoch 313/1000 | classify: 1.6027 | voltage: 0.4358 | conc: 0.0007 | consistency: 0.2680 | polarity: 2.4106 | monodec: 0.0002 | rule: 254.3476 | group: 1.7596 | tree: 5.3329 | total: 1.7564
[New] Epoch 314/1000 | classify: 1.4986 | voltage: 0.4498 | conc: 0.0006 | consistency: 0.2691 | polarity: 2.4277 | monodec: 0.0002 | rule: 253.4787 | group: 1.7792 | tree: 5.1167 | total: 1.6524
[New] Epoch 315/1000 | classify: 1.5918 | voltage: 0.4529 | conc: 0.0010 | consistency: 0.2692 | polarity: 2.5092 | monodec: 0.0002 | rule: 229.9159 | group: 1.8309 | tree: 5.3564 | total: 1.7347
[New] Epoch 316/1000 | classify: 1.6762 | voltage: 0.4636 | conc: 0.0010 | consistency: 0.2704 | polarity: 2.4687 | monodec: 0.0002 | rule: 229.3472 | group: 1.7682 | tree: 5.4049 | total: 1.8193
[New] Epoch 317/1000 | classify: 1.7212 | voltage: 0.4646 | conc: 0.0006 | consistency: 0.2716 | polarity: 2.4280 | monodec: 0.0002 | rule: 225.0552 | group: 1.7721 | tree: 5.1956 | total: 1.8617
[New] Epoch 318/1000 | classify: 1.6398 | voltage: 0.4791 | conc: 0.0008 | consistency: 0.2725 | polarity: 2.4341 | monodec: 0.0002 | rule: 233.2954 | group: 1.7694 | tree: 5.2369 | total: 1.7853
[New] Epoch 319/1000 | classify: 1.5716 | voltage: 0.4758 | conc: 0.0007 | consistency: 0.2733 | polarity: 2.4180 | monodec: 0.0002 | rule: 217.7166 | group: 1.7739 | tree: 5.0836 | total: 1.7089
[New] Epoch 320/1000 | classify: 1.5335 | voltage: 0.4922 | conc: 0.0007 | consistency: 0.2736 | polarity: 2.4021 | monodec: 0.0002 | rule: 223.1831 | group: 1.7515 | tree: 5.0887 | total: 1.6745
--- 验证集 [epoch 320] ---
  准确率 (Accuracy):  0.7945
  精确率 (Precision): 0.7367
  召回率 (Recall):    0.6893
  F1 分数 (F1):       0.6832
[New] Epoch 321/1000 | classify: 1.8011 | voltage: 0.5061 | conc: 0.0008 | consistency: 0.2739 | polarity: 2.4943 | monodec: 0.0002 | rule: 208.1014 | group: 1.8477 | tree: 5.4120 | total: 1.9355
[New] Epoch 322/1000 | classify: 1.5861 | voltage: 0.4586 | conc: 0.0007 | consistency: 0.2734 | polarity: 2.5082 | monodec: 0.0003 | rule: 235.4858 | group: 1.7971 | tree: 5.2663 | total: 1.7316
[New] Epoch 323/1000 | classify: 1.4622 | voltage: 0.4871 | conc: 0.0005 | consistency: 0.2704 | polarity: 2.3554 | monodec: 0.0002 | rule: 209.7689 | group: 1.7163 | tree: 4.9099 | total: 1.5958
[New] Epoch 324/1000 | classify: 1.4946 | voltage: 0.5022 | conc: 0.0006 | consistency: 0.2742 | polarity: 2.3939 | monodec: 0.0002 | rule: 246.5539 | group: 1.7348 | tree: 5.0037 | total: 1.6476
[New] Epoch 325/1000 | classify: 1.5206 | voltage: 0.4967 | conc: 0.0006 | consistency: 0.2712 | polarity: 2.3826 | monodec: 0.0002 | rule: 214.5152 | group: 1.7130 | tree: 5.0740 | total: 1.6574
[New] Epoch 326/1000 | classify: 1.6780 | voltage: 0.5040 | conc: 0.0006 | consistency: 0.2749 | polarity: 2.4393 | monodec: 0.0002 | rule: 238.7692 | group: 1.7652 | tree: 5.3257 | total: 1.8273
[New] Epoch 327/1000 | classify: 1.6887 | voltage: 0.5016 | conc: 0.0005 | consistency: 0.2756 | polarity: 2.4096 | monodec: 0.0002 | rule: 241.5160 | group: 1.7225 | tree: 5.1198 | total: 1.8390
[New] Epoch 328/1000 | classify: 1.6745 | voltage: 0.5159 | conc: 0.0007 | consistency: 0.2765 | polarity: 2.4999 | monodec: 0.0002 | rule: 229.9881 | group: 1.8498 | tree: 5.3901 | total: 1.8203
[New] Epoch 329/1000 | classify: 1.7070 | voltage: 0.5067 | conc: 0.0008 | consistency: 0.2776 | polarity: 2.4185 | monodec: 0.0002 | rule: 226.0053 | group: 1.7528 | tree: 5.2257 | total: 1.8502
[New] Epoch 330/1000 | classify: 1.7084 | voltage: 0.5148 | conc: 0.0007 | consistency: 0.2782 | polarity: 2.4137 | monodec: 0.0002 | rule: 242.4572 | group: 1.7197 | tree: 5.0624 | total: 1.8600
--- 验证集 [epoch 330] ---
  准确率 (Accuracy):  0.8014
  精确率 (Precision): 0.7422
  召回率 (Recall):    0.6747
  F1 分数 (F1):       0.6921
[New] Epoch 331/1000 | classify: 1.6867 | voltage: 0.5464 | conc: 0.0007 | consistency: 0.2793 | polarity: 2.4125 | monodec: 0.0001 | rule: 234.9924 | group: 1.7893 | tree: 5.2717 | total: 1.8364
[New] Epoch 332/1000 | classify: 1.6549 | voltage: 0.5271 | conc: 0.0006 | consistency: 0.2804 | polarity: 2.4119 | monodec: 0.0001 | rule: 243.6243 | group: 1.7541 | tree: 5.3010 | total: 1.8078
[New] Epoch 333/1000 | classify: 1.7040 | voltage: 0.5539 | conc: 0.0005 | consistency: 0.2808 | polarity: 2.3738 | monodec: 0.0002 | rule: 214.3145 | group: 1.7410 | tree: 5.1616 | total: 1.8435
[New] Epoch 334/1000 | classify: 1.6122 | voltage: 0.5339 | conc: 0.0007 | consistency: 0.2814 | polarity: 2.3744 | monodec: 0.0002 | rule: 239.5821 | group: 1.7252 | tree: 4.8677 | total: 1.7633
[New] Epoch 335/1000 | classify: 1.7730 | voltage: 0.5632 | conc: 0.0007 | consistency: 0.2825 | polarity: 2.4468 | monodec: 0.0001 | rule: 237.8436 | group: 1.8148 | tree: 5.3026 | total: 1.9250
[New] Epoch 336/1000 | classify: 1.7236 | voltage: 0.5522 | conc: 0.0009 | consistency: 0.2831 | polarity: 2.4698 | monodec: 0.0001 | rule: 245.7763 | group: 1.7964 | tree: 5.2001 | total: 1.8792
[New] Epoch 337/1000 | classify: 1.8138 | voltage: 0.5652 | conc: 0.0007 | consistency: 0.2836 | polarity: 2.4482 | monodec: 0.0002 | rule: 232.4295 | group: 1.7825 | tree: 5.3086 | total: 1.9631
[New] Epoch 338/1000 | classify: 1.8197 | voltage: 0.6005 | conc: 0.0006 | consistency: 0.2845 | polarity: 2.4530 | monodec: 0.0001 | rule: 227.1572 | group: 1.8138 | tree: 5.3031 | total: 1.9681
[New] Epoch 339/1000 | classify: 1.5961 | voltage: 0.5785 | conc: 0.0006 | consistency: 0.2851 | polarity: 2.3967 | monodec: 0.0001 | rule: 227.3379 | group: 1.7259 | tree: 5.0762 | total: 1.7433
[New] Epoch 340/1000 | classify: 1.8274 | voltage: 0.5739 | conc: 0.0008 | consistency: 0.2856 | polarity: 2.4998 | monodec: 0.0001 | rule: 233.7071 | group: 1.8170 | tree: 5.4109 | total: 1.9780
--- 验证集 [epoch 340] ---
  准确率 (Accuracy):  0.8151
  精确率 (Precision): 0.7820
  召回率 (Recall):    0.7413
  F1 分数 (F1):       0.7454
[New] Epoch 341/1000 | classify: 1.8923 | voltage: 0.6112 | conc: 0.0006 | consistency: 0.2864 | polarity: 2.4252 | monodec: 0.0001 | rule: 207.6474 | group: 1.7520 | tree: 5.0144 | total: 2.0313
[New] Epoch 342/1000 | classify: 1.7830 | voltage: 0.6018 | conc: 0.0006 | consistency: 0.2873 | polarity: 2.3853 | monodec: 0.0001 | rule: 237.1695 | group: 1.7200 | tree: 4.8783 | total: 1.9361
[New] Epoch 343/1000 | classify: 1.7204 | voltage: 0.6012 | conc: 0.0005 | consistency: 0.2875 | polarity: 2.3752 | monodec: 0.0001 | rule: 230.5446 | group: 1.7422 | tree: 5.0349 | total: 1.8702
[New] Epoch 344/1000 | classify: 1.7447 | voltage: 0.6119 | conc: 0.0006 | consistency: 0.2879 | polarity: 2.3756 | monodec: 0.0001 | rule: 226.9784 | group: 1.7437 | tree: 5.1078 | total: 1.8935
[New] Epoch 345/1000 | classify: 1.9227 | voltage: 0.6247 | conc: 0.0007 | consistency: 0.2880 | polarity: 2.4563 | monodec: 0.0001 | rule: 210.5405 | group: 1.8095 | tree: 5.1112 | total: 2.0640
[New] Epoch 346/1000 | classify: 1.7514 | voltage: 0.6314 | conc: 0.0007 | consistency: 0.2886 | polarity: 2.4552 | monodec: 0.0001 | rule: 209.0429 | group: 1.8344 | tree: 5.1599 | total: 1.8923
[New] Epoch 347/1000 | classify: 1.6158 | voltage: 0.6602 | conc: 0.0008 | consistency: 0.2890 | polarity: 2.3926 | monodec: 0.0001 | rule: 194.4047 | group: 1.7274 | tree: 4.9556 | total: 1.7508
[New] Epoch 348/1000 | classify: 1.8052 | voltage: 0.6275 | conc: 0.0005 | consistency: 0.2891 | polarity: 2.4621 | monodec: 0.0001 | rule: 222.7190 | group: 1.7949 | tree: 5.3107 | total: 1.9526
[New] Epoch 349/1000 | classify: 1.8738 | voltage: 0.6335 | conc: 0.0008 | consistency: 0.2862 | polarity: 2.4958 | monodec: 0.0001 | rule: 214.9989 | group: 1.8265 | tree: 5.0712 | total: 2.0178
[New] Epoch 350/1000 | classify: 1.7781 | voltage: 0.6463 | conc: 0.0006 | consistency: 0.2868 | polarity: 2.3758 | monodec: 0.0001 | rule: 202.1361 | group: 1.6906 | tree: 4.8435 | total: 1.9160
--- 验证集 [epoch 350] ---
  准确率 (Accuracy):  0.8219
  精确率 (Precision): 0.7821
  召回率 (Recall):    0.7016
  F1 分数 (F1):       0.7278
✅ 模型已保存到 /home/kudouzala/Application/ion_detect/output/trained_model_save/exp_new_i/trained_model_epoch_350.pth
📁 损失值已保存到 /home/kudouzala/Application/ion_detect/output/trained_model_save/exp_new_i/training_loss_epoch_350.csv
[New] Epoch 351/1000 | classify: 1.8176 | voltage: 0.6458 | conc: 0.0007 | consistency: 0.2905 | polarity: 2.3931 | monodec: 0.0001 | rule: 220.6547 | group: 1.7253 | tree: 5.2197 | total: 1.9651
[New] Epoch 352/1000 | classify: 1.7587 | voltage: 0.6461 | conc: 0.0005 | consistency: 0.2911 | polarity: 2.3699 | monodec: 0.0001 | rule: 225.7304 | group: 1.6877 | tree: 4.8592 | total: 1.9083
[New] Epoch 353/1000 | classify: 1.8444 | voltage: 0.6396 | conc: 0.0008 | consistency: 0.2918 | polarity: 2.4315 | monodec: 0.0001 | rule: 212.4495 | group: 1.7440 | tree: 5.2860 | total: 1.9876
[New] Epoch 354/1000 | classify: 1.7285 | voltage: 0.6457 | conc: 0.0006 | consistency: 0.2917 | polarity: 2.3706 | monodec: 0.0001 | rule: 254.9766 | group: 1.7000 | tree: 5.1355 | total: 1.8929
[New] Epoch 355/1000 | classify: 1.9442 | voltage: 0.6633 | conc: 0.0006 | consistency: 0.2886 | polarity: 2.4789 | monodec: 0.0001 | rule: 225.3655 | group: 1.7615 | tree: 5.1906 | total: 2.0948
[New] Epoch 356/1000 | classify: 1.8253 | voltage: 0.6643 | conc: 0.0007 | consistency: 0.2925 | polarity: 2.4267 | monodec: 0.0001 | rule: 225.8339 | group: 1.7849 | tree: 5.3878 | total: 1.9763
[New] Epoch 357/1000 | classify: 1.7290 | voltage: 0.6597 | conc: 0.0010 | consistency: 0.2927 | polarity: 2.3991 | monodec: 0.0001 | rule: 218.8791 | group: 1.7570 | tree: 5.1382 | total: 1.8765
[New] Epoch 358/1000 | classify: 1.9687 | voltage: 0.6953 | conc: 0.0004 | consistency: 0.2931 | polarity: 2.4897 | monodec: 0.0001 | rule: 227.7044 | group: 1.8111 | tree: 5.1381 | total: 2.1219
[New] Epoch 359/1000 | classify: 1.8599 | voltage: 0.6938 | conc: 0.0007 | consistency: 0.2938 | polarity: 2.4034 | monodec: 0.0001 | rule: 204.7117 | group: 1.7196 | tree: 5.2268 | total: 2.0017
[New] Epoch 360/1000 | classify: 1.7579 | voltage: 0.7004 | conc: 0.0009 | consistency: 0.2944 | polarity: 2.4600 | monodec: 0.0001 | rule: 224.7818 | group: 1.8085 | tree: 5.2107 | total: 1.9104
--- 验证集 [epoch 360] ---
  准确率 (Accuracy):  0.8014
  精确率 (Precision): 0.7711
  召回率 (Recall):    0.7041
  F1 分数 (F1):       0.7158
[New] Epoch 361/1000 | classify: 1.8032 | voltage: 0.6750 | conc: 0.0007 | consistency: 0.2943 | polarity: 2.4448 | monodec: 0.0001 | rule: 235.0098 | group: 1.7349 | tree: 5.3007 | total: 1.9593
[New] Epoch 362/1000 | classify: 1.8479 | voltage: 0.7012 | conc: 0.0007 | consistency: 0.2946 | polarity: 2.4334 | monodec: 0.0001 | rule: 237.8411 | group: 1.7501 | tree: 5.1624 | total: 2.0067
[New] Epoch 363/1000 | classify: 1.9875 | voltage: 0.7197 | conc: 0.0006 | consistency: 0.2917 | polarity: 2.4164 | monodec: 0.0001 | rule: 190.0221 | group: 1.7518 | tree: 5.1022 | total: 2.1232
[New] Epoch 364/1000 | classify: 1.8390 | voltage: 0.6928 | conc: 0.0006 | consistency: 0.2950 | polarity: 2.4680 | monodec: 0.0001 | rule: 240.4852 | group: 1.7694 | tree: 5.0573 | total: 1.9986
[New] Epoch 365/1000 | classify: 1.8976 | voltage: 0.7051 | conc: 0.0006 | consistency: 0.2953 | polarity: 2.4051 | monodec: 0.0001 | rule: 242.8993 | group: 1.7451 | tree: 4.9034 | total: 2.0589
[New] Epoch 366/1000 | classify: 1.8555 | voltage: 0.7382 | conc: 0.0007 | consistency: 0.2956 | polarity: 2.4389 | monodec: 0.0001 | rule: 223.4729 | group: 1.7985 | tree: 5.0902 | total: 2.0089
[New] Epoch 367/1000 | classify: 1.8864 | voltage: 0.7606 | conc: 0.0004 | consistency: 0.2961 | polarity: 2.4273 | monodec: 0.0001 | rule: 206.2142 | group: 1.7706 | tree: 5.0427 | total: 2.0320
[New] Epoch 368/1000 | classify: 1.9693 | voltage: 0.7408 | conc: 0.0009 | consistency: 0.2966 | polarity: 2.5119 | monodec: 0.0001 | rule: 226.5391 | group: 1.8326 | tree: 5.2073 | total: 2.1246
[New] Epoch 369/1000 | classify: 1.8949 | voltage: 0.7475 | conc: 0.0007 | consistency: 0.2973 | polarity: 2.4032 | monodec: 0.0000 | rule: 208.6766 | group: 1.7485 | tree: 4.9510 | total: 2.0414
[New] Epoch 370/1000 | classify: 1.8519 | voltage: 0.7371 | conc: 0.0008 | consistency: 0.2972 | polarity: 2.4276 | monodec: 0.0000 | rule: 219.8135 | group: 1.7862 | tree: 5.2411 | total: 2.0036
--- 验证集 [epoch 370] ---
  准确率 (Accuracy):  0.7466
  精确率 (Precision): 0.7422
  召回率 (Recall):    0.6410
  F1 分数 (F1):       0.6460
[New] Epoch 371/1000 | classify: 1.9200 | voltage: 0.7669 | conc: 0.0008 | consistency: 0.2975 | polarity: 2.4498 | monodec: 0.0001 | rule: 239.6519 | group: 1.7271 | tree: 5.1455 | total: 2.0830
[New] Epoch 372/1000 | classify: 1.7928 | voltage: 0.7397 | conc: 0.0006 | consistency: 0.2978 | polarity: 2.3875 | monodec: 0.0000 | rule: 226.3563 | group: 1.7695 | tree: 5.3232 | total: 1.9478
[New] Epoch 373/1000 | classify: 2.0360 | voltage: 0.7585 | conc: 0.0004 | consistency: 0.2948 | polarity: 2.4382 | monodec: 0.0000 | rule: 217.1259 | group: 1.7960 | tree: 5.3397 | total: 2.1871
[New] Epoch 374/1000 | classify: 1.7711 | voltage: 0.7412 | conc: 0.0007 | consistency: 0.2979 | polarity: 2.3660 | monodec: 0.0000 | rule: 236.5615 | group: 1.7026 | tree: 4.8179 | total: 1.9310
[New] Epoch 375/1000 | classify: 1.8354 | voltage: 0.7485 | conc: 0.0005 | consistency: 0.2972 | polarity: 2.4362 | monodec: 0.0000 | rule: 225.8529 | group: 1.7698 | tree: 5.0907 | total: 1.9904
[New] Epoch 376/1000 | classify: 1.8472 | voltage: 0.7668 | conc: 0.0008 | consistency: 0.2972 | polarity: 2.4354 | monodec: 0.0000 | rule: 216.8284 | group: 1.7844 | tree: 5.2926 | total: 1.9989
[New] Epoch 377/1000 | classify: 1.8597 | voltage: 0.7603 | conc: 0.0007 | consistency: 0.2979 | polarity: 2.3878 | monodec: 0.0000 | rule: 231.0618 | group: 1.7486 | tree: 5.1190 | total: 2.0179
[New] Epoch 378/1000 | classify: 2.0954 | voltage: 0.7838 | conc: 0.0006 | consistency: 0.2988 | polarity: 2.4031 | monodec: 0.0000 | rule: 232.1908 | group: 1.7403 | tree: 5.1105 | total: 2.2553
[New] Epoch 379/1000 | classify: 1.9571 | voltage: 0.7818 | conc: 0.0006 | consistency: 0.2992 | polarity: 2.4601 | monodec: 0.0000 | rule: 250.9887 | group: 1.8146 | tree: 5.3256 | total: 2.1265
[New] Epoch 380/1000 | classify: 1.9772 | voltage: 0.7859 | conc: 0.0009 | consistency: 0.2964 | polarity: 2.4824 | monodec: 0.0000 | rule: 229.4502 | group: 1.8265 | tree: 5.3394 | total: 2.1363
--- 验证集 [epoch 380] ---
  准确率 (Accuracy):  0.7740
  精确率 (Precision): 0.7415
  召回率 (Recall):    0.7119
  F1 分数 (F1):       0.7046
[New] Epoch 381/1000 | classify: 1.9608 | voltage: 0.8208 | conc: 0.0005 | consistency: 0.2967 | polarity: 2.4489 | monodec: 0.0000 | rule: 218.3399 | group: 1.8069 | tree: 5.0896 | total: 2.1156
[New] Epoch 382/1000 | classify: 1.7967 | voltage: 0.8188 | conc: 0.0008 | consistency: 0.2998 | polarity: 2.4052 | monodec: 0.0000 | rule: 211.5499 | group: 1.7676 | tree: 5.1033 | total: 1.9483
[New] Epoch 383/1000 | classify: 1.9520 | voltage: 0.7885 | conc: 0.0006 | consistency: 0.2995 | polarity: 2.4344 | monodec: 0.0000 | rule: 226.4970 | group: 1.7794 | tree: 5.2110 | total: 2.1094
[New] Epoch 384/1000 | classify: 1.9213 | voltage: 0.7910 | conc: 0.0007 | consistency: 0.2996 | polarity: 2.4172 | monodec: 0.0000 | rule: 236.4239 | group: 1.7522 | tree: 5.2421 | total: 2.0839
[New] Epoch 385/1000 | classify: 1.8398 | voltage: 0.7944 | conc: 0.0006 | consistency: 0.3000 | polarity: 2.3591 | monodec: 0.0000 | rule: 241.9256 | group: 1.6871 | tree: 5.0276 | total: 2.0051
[New] Epoch 386/1000 | classify: 1.9701 | voltage: 0.7822 | conc: 0.0009 | consistency: 0.3000 | polarity: 2.4561 | monodec: 0.0000 | rule: 243.0712 | group: 1.7878 | tree: 5.3858 | total: 2.1359
[New] Epoch 387/1000 | classify: 1.9080 | voltage: 0.7790 | conc: 0.0010 | consistency: 0.2966 | polarity: 2.4338 | monodec: 0.0000 | rule: 241.2582 | group: 1.7516 | tree: 5.2428 | total: 2.0727
[New] Epoch 388/1000 | classify: 1.8757 | voltage: 0.7942 | conc: 0.0008 | consistency: 0.3001 | polarity: 2.4107 | monodec: 0.0000 | rule: 227.1621 | group: 1.7727 | tree: 5.3858 | total: 2.0340
[New] Epoch 389/1000 | classify: 1.9710 | voltage: 0.7976 | conc: 0.0006 | consistency: 0.3004 | polarity: 2.4613 | monodec: 0.0000 | rule: 245.9676 | group: 1.7793 | tree: 5.3327 | total: 2.1387
[New] Epoch 390/1000 | classify: 1.9864 | voltage: 0.8375 | conc: 0.0008 | consistency: 0.3010 | polarity: 2.4829 | monodec: 0.0000 | rule: 220.6424 | group: 1.7893 | tree: 5.3104 | total: 2.1436
--- 验证集 [epoch 390] ---
  准确率 (Accuracy):  0.8082
  精确率 (Precision): 0.8154
  召回率 (Recall):    0.6876
  F1 分数 (F1):       0.7254
[New] Epoch 391/1000 | classify: 2.0722 | voltage: 0.8581 | conc: 0.0007 | consistency: 0.3015 | polarity: 2.5392 | monodec: 0.0000 | rule: 236.4941 | group: 1.8617 | tree: 5.3346 | total: 2.2382
[New] Epoch 392/1000 | classify: 2.1855 | voltage: 0.8635 | conc: 0.0007 | consistency: 0.3024 | polarity: 2.5095 | monodec: 0.0000 | rule: 215.4565 | group: 1.9069 | tree: 5.6674 | total: 2.3416
[New] Epoch 393/1000 | classify: 1.7884 | voltage: 0.8552 | conc: 0.0007 | consistency: 0.3030 | polarity: 2.3451 | monodec: 0.0000 | rule: 227.5492 | group: 1.6994 | tree: 4.9521 | total: 1.9496
[New] Epoch 394/1000 | classify: 2.0930 | voltage: 0.8436 | conc: 0.0005 | consistency: 0.3024 | polarity: 2.4441 | monodec: 0.0000 | rule: 217.1614 | group: 1.7145 | tree: 5.1024 | total: 2.2483
[New] Epoch 395/1000 | classify: 2.0325 | voltage: 0.8337 | conc: 0.0007 | consistency: 0.3025 | polarity: 2.5010 | monodec: 0.0000 | rule: 222.9624 | group: 1.8308 | tree: 5.3324 | total: 2.1906
[New] Epoch 396/1000 | classify: 1.9766 | voltage: 0.8739 | conc: 0.0007 | consistency: 0.3025 | polarity: 2.4497 | monodec: 0.0000 | rule: 213.2760 | group: 1.7891 | tree: 5.1938 | total: 2.1318
[New] Epoch 397/1000 | classify: 1.7792 | voltage: 0.8522 | conc: 0.0007 | consistency: 0.3024 | polarity: 2.3822 | monodec: 0.0000 | rule: 230.5194 | group: 1.7327 | tree: 5.1697 | total: 1.9418
[New] Epoch 398/1000 | classify: 1.9065 | voltage: 0.8566 | conc: 0.0007 | consistency: 0.2988 | polarity: 2.4397 | monodec: 0.0000 | rule: 213.7121 | group: 1.7831 | tree: 5.1281 | total: 2.0611
[New] Epoch 399/1000 | classify: 1.8200 | voltage: 0.8458 | conc: 0.0007 | consistency: 0.2980 | polarity: 2.3960 | monodec: 0.0000 | rule: 214.8112 | group: 1.7247 | tree: 4.9257 | total: 1.9743
[New] Epoch 400/1000 | classify: 1.8268 | voltage: 0.8176 | conc: 0.0007 | consistency: 0.3008 | polarity: 2.4360 | monodec: 0.0000 | rule: 246.9847 | group: 1.7715 | tree: 5.1037 | total: 1.9960
--- 验证集 [epoch 400] ---
  准确率 (Accuracy):  0.7808
  精确率 (Precision): 0.7835
  召回率 (Recall):    0.6329
  F1 分数 (F1):       0.6752
✅ 模型已保存到 /home/kudouzala/Application/ion_detect/output/trained_model_save/exp_new_i/trained_model_epoch_400.pth
📁 损失值已保存到 /home/kudouzala/Application/ion_detect/output/trained_model_save/exp_new_i/training_loss_epoch_400.csv
[New] Epoch 401/1000 | classify: 1.9248 | voltage: 0.8489 | conc: 0.0004 | consistency: 0.3005 | polarity: 2.4302 | monodec: 0.0000 | rule: 202.0911 | group: 1.7406 | tree: 5.1119 | total: 2.0727
[New] Epoch 402/1000 | classify: 2.1181 | voltage: 0.8224 | conc: 0.0010 | consistency: 0.3009 | polarity: 2.5077 | monodec: 0.0000 | rule: 265.2433 | group: 1.8121 | tree: 5.3090 | total: 2.2971
[New] Epoch 403/1000 | classify: 2.0242 | voltage: 0.8443 | conc: 0.0009 | consistency: 0.3017 | polarity: 2.5056 | monodec: 0.0000 | rule: 247.7110 | group: 1.8353 | tree: 5.2758 | total: 2.1954
[New] Epoch 404/1000 | classify: 1.9785 | voltage: 0.8500 | conc: 0.0004 | consistency: 0.3020 | polarity: 2.4374 | monodec: 0.0000 | rule: 227.4592 | group: 1.7763 | tree: 5.1002 | total: 2.1393
[New] Epoch 405/1000 | classify: 2.0057 | voltage: 0.8723 | conc: 0.0008 | consistency: 0.3020 | polarity: 2.4952 | monodec: 0.0000 | rule: 245.3638 | group: 1.8306 | tree: 5.2396 | total: 2.1769
[New] Epoch 406/1000 | classify: 1.9408 | voltage: 0.8271 | conc: 0.0009 | consistency: 0.3021 | polarity: 2.4611 | monodec: 0.0000 | rule: 248.4447 | group: 1.7770 | tree: 5.2764 | total: 2.1115
[New] Epoch 407/1000 | classify: 2.1005 | voltage: 0.8731 | conc: 0.0007 | consistency: 0.3027 | polarity: 2.4598 | monodec: 0.0000 | rule: 216.8567 | group: 1.7996 | tree: 5.1303 | total: 2.2574
[New] Epoch 408/1000 | classify: 1.9329 | voltage: 0.8818 | conc: 0.0007 | consistency: 0.2996 | polarity: 2.4032 | monodec: 0.0000 | rule: 227.5796 | group: 1.7672 | tree: 5.1105 | total: 2.0956
[New] Epoch 409/1000 | classify: 2.0368 | voltage: 0.8837 | conc: 0.0009 | consistency: 0.3034 | polarity: 2.4937 | monodec: 0.0000 | rule: 242.0618 | group: 1.8057 | tree: 5.4292 | total: 2.2072
[New] Epoch 410/1000 | classify: 2.0107 | voltage: 0.8819 | conc: 0.0005 | consistency: 0.3002 | polarity: 2.3806 | monodec: 0.0000 | rule: 221.8803 | group: 1.7416 | tree: 5.0734 | total: 2.1703
--- 验证集 [epoch 410] ---
  准确率 (Accuracy):  0.7945
  精确率 (Precision): 0.7993
  召回率 (Recall):    0.6516
  F1 分数 (F1):       0.6980
[New] Epoch 411/1000 | classify: 2.0413 | voltage: 0.8855 | conc: 0.0007 | consistency: 0.3032 | polarity: 2.4275 | monodec: 0.0000 | rule: 218.4412 | group: 1.7182 | tree: 4.8759 | total: 2.1994
[New] Epoch 412/1000 | classify: 2.0104 | voltage: 0.8789 | conc: 0.0009 | consistency: 0.3031 | polarity: 2.4503 | monodec: 0.0000 | rule: 239.0073 | group: 1.7722 | tree: 5.0872 | total: 2.1788
[New] Epoch 413/1000 | classify: 1.9436 | voltage: 0.8653 | conc: 0.0009 | consistency: 0.3028 | polarity: 2.4394 | monodec: 0.0000 | rule: 216.9089 | group: 1.7449 | tree: 5.0470 | total: 2.1003
[New] Epoch 414/1000 | classify: 2.2314 | voltage: 0.8607 | conc: 0.0007 | consistency: 0.3028 | polarity: 2.5360 | monodec: 0.0000 | rule: 255.5936 | group: 1.8155 | tree: 5.7436 | total: 2.4075
[New] Epoch 415/1000 | classify: 2.0195 | voltage: 0.9022 | conc: 0.0006 | consistency: 0.3032 | polarity: 2.4152 | monodec: 0.0000 | rule: 198.5947 | group: 1.7680 | tree: 5.1697 | total: 2.1686
[New] Epoch 416/1000 | classify: 1.9915 | voltage: 0.8822 | conc: 0.0005 | consistency: 0.2997 | polarity: 2.4616 | monodec: 0.0000 | rule: 245.6238 | group: 1.7487 | tree: 5.1541 | total: 2.1630
[New] Epoch 417/1000 | classify: 1.9511 | voltage: 0.8977 | conc: 0.0009 | consistency: 0.3026 | polarity: 2.4516 | monodec: 0.0000 | rule: 215.9413 | group: 1.7915 | tree: 5.0672 | total: 2.1089
[New] Epoch 418/1000 | classify: 2.1354 | voltage: 0.8805 | conc: 0.0011 | consistency: 0.3024 | polarity: 2.5194 | monodec: 0.0000 | rule: 230.4483 | group: 1.8581 | tree: 5.2196 | total: 2.3000
[New] Epoch 419/1000 | classify: 2.0997 | voltage: 0.9016 | conc: 0.0008 | consistency: 0.3023 | polarity: 2.4680 | monodec: 0.0000 | rule: 215.0976 | group: 1.8045 | tree: 5.1057 | total: 2.2572
[New] Epoch 420/1000 | classify: 1.9555 | voltage: 0.8961 | conc: 0.0008 | consistency: 0.3020 | polarity: 2.4345 | monodec: 0.0000 | rule: 225.7025 | group: 1.7705 | tree: 5.1752 | total: 2.1181
--- 验证集 [epoch 420] ---
  准确率 (Accuracy):  0.8014
  精确率 (Precision): 0.7813
  召回率 (Recall):    0.6522
  F1 分数 (F1):       0.6808
[New] Epoch 421/1000 | classify: 1.8925 | voltage: 0.9313 | conc: 0.0006 | consistency: 0.2986 | polarity: 2.3770 | monodec: 0.0000 | rule: 192.8658 | group: 1.7203 | tree: 4.8755 | total: 2.0400
[New] Epoch 422/1000 | classify: 2.1106 | voltage: 0.8972 | conc: 0.0008 | consistency: 0.3023 | polarity: 2.4612 | monodec: 0.0000 | rule: 231.6139 | group: 1.8454 | tree: 5.3000 | total: 2.2763
[New] Epoch 423/1000 | classify: 1.9575 | voltage: 0.8945 | conc: 0.0008 | consistency: 0.3026 | polarity: 2.3981 | monodec: 0.0000 | rule: 225.9472 | group: 1.7226 | tree: 5.0381 | total: 2.1200
[New] Epoch 424/1000 | classify: 1.9851 | voltage: 0.8924 | conc: 0.0007 | consistency: 0.3025 | polarity: 2.4385 | monodec: 0.0000 | rule: 230.9374 | group: 1.7527 | tree: 5.1550 | total: 2.1500
[New] Epoch 425/1000 | classify: 2.1419 | voltage: 0.8843 | conc: 0.0008 | consistency: 0.2990 | polarity: 2.4954 | monodec: 0.0000 | rule: 226.3163 | group: 1.8032 | tree: 5.2697 | total: 2.3042
[New] Epoch 426/1000 | classify: 1.9995 | voltage: 0.9065 | conc: 0.0008 | consistency: 0.3030 | polarity: 2.4143 | monodec: 0.0000 | rule: 221.0840 | group: 1.7661 | tree: 5.2360 | total: 2.1603
[New] Epoch 427/1000 | classify: 2.1606 | voltage: 0.9264 | conc: 0.0005 | consistency: 0.3028 | polarity: 2.4211 | monodec: 0.0000 | rule: 226.5810 | group: 1.8029 | tree: 5.1629 | total: 2.3249
[New] Epoch 428/1000 | classify: 2.0625 | voltage: 0.8750 | conc: 0.0008 | consistency: 0.3031 | polarity: 2.4031 | monodec: 0.0000 | rule: 240.7711 | group: 1.7451 | tree: 5.1007 | total: 2.2315
[New] Epoch 429/1000 | classify: 2.1333 | voltage: 0.9405 | conc: 0.0006 | consistency: 0.3036 | polarity: 2.5275 | monodec: 0.0000 | rule: 230.9406 | group: 1.8540 | tree: 5.4977 | total: 2.3007
[New] Epoch 430/1000 | classify: 2.0183 | voltage: 0.9334 | conc: 0.0010 | consistency: 0.3039 | polarity: 2.4025 | monodec: 0.0000 | rule: 232.9284 | group: 1.7447 | tree: 4.9352 | total: 2.1864
--- 验证集 [epoch 430] ---
  准确率 (Accuracy):  0.7945
  精确率 (Precision): 0.8021
  召回率 (Recall):    0.6373
  F1 分数 (F1):       0.6402
[New] Epoch 431/1000 | classify: 2.0978 | voltage: 0.9376 | conc: 0.0009 | consistency: 0.3037 | polarity: 2.5287 | monodec: 0.0000 | rule: 238.4501 | group: 1.8604 | tree: 5.3661 | total: 2.2691
[New] Epoch 432/1000 | classify: 1.9466 | voltage: 0.9499 | conc: 0.0006 | consistency: 0.3039 | polarity: 2.3634 | monodec: 0.0000 | rule: 200.1769 | group: 1.7378 | tree: 4.9842 | total: 2.0988
[New] Epoch 433/1000 | classify: 2.0148 | voltage: 0.9179 | conc: 0.0007 | consistency: 0.3030 | polarity: 2.3888 | monodec: 0.0000 | rule: 219.5661 | group: 1.7339 | tree: 4.9082 | total: 2.1752
[New] Epoch 434/1000 | classify: 1.8191 | voltage: 0.9047 | conc: 0.0006 | consistency: 0.3028 | polarity: 2.3600 | monodec: 0.0000 | rule: 219.3068 | group: 1.7336 | tree: 5.0339 | total: 1.9787
[New] Epoch 435/1000 | classify: 2.2222 | voltage: 0.9254 | conc: 0.0010 | consistency: 0.3029 | polarity: 2.4839 | monodec: 0.0000 | rule: 235.7966 | group: 1.8564 | tree: 5.3109 | total: 2.3916
[New] Epoch 436/1000 | classify: 1.9762 | voltage: 0.9273 | conc: 0.0008 | consistency: 0.3033 | polarity: 2.4204 | monodec: 0.0000 | rule: 213.0498 | group: 1.7408 | tree: 5.2007 | total: 2.1340
[New] Epoch 437/1000 | classify: 1.9956 | voltage: 0.9011 | conc: 0.0006 | consistency: 0.3035 | polarity: 2.3748 | monodec: 0.0000 | rule: 246.3526 | group: 1.6993 | tree: 5.0459 | total: 2.1684
[New] Epoch 438/1000 | classify: 1.8945 | voltage: 0.9315 | conc: 0.0006 | consistency: 0.3000 | polarity: 2.3868 | monodec: 0.0000 | rule: 226.5197 | group: 1.7221 | tree: 5.0713 | total: 2.0589
[New] Epoch 439/1000 | classify: 1.9526 | voltage: 0.9472 | conc: 0.0007 | consistency: 0.3032 | polarity: 2.4101 | monodec: 0.0000 | rule: 235.7634 | group: 1.7405 | tree: 5.0729 | total: 2.1226
[New] Epoch 440/1000 | classify: 2.0078 | voltage: 0.9389 | conc: 0.0008 | consistency: 0.3027 | polarity: 2.4057 | monodec: 0.0000 | rule: 230.4196 | group: 1.7347 | tree: 5.1965 | total: 2.1748
--- 验证集 [epoch 440] ---
  准确率 (Accuracy):  0.7808
  精确率 (Precision): 0.7311
  召回率 (Recall):    0.6468
  F1 分数 (F1):       0.6593
[New] Epoch 441/1000 | classify: 2.0196 | voltage: 0.9112 | conc: 0.0006 | consistency: 0.2993 | polarity: 2.4558 | monodec: 0.0000 | rule: 232.1445 | group: 1.8355 | tree: 5.5477 | total: 2.1862
[New] Epoch 442/1000 | classify: 1.9728 | voltage: 0.9263 | conc: 0.0010 | consistency: 0.2962 | polarity: 2.4093 | monodec: 0.0000 | rule: 243.4137 | group: 1.7623 | tree: 5.0252 | total: 2.1458
[New] Epoch 443/1000 | classify: 2.0396 | voltage: 0.9516 | conc: 0.0007 | consistency: 0.3002 | polarity: 2.4193 | monodec: 0.0000 | rule: 216.2899 | group: 1.7284 | tree: 5.1013 | total: 2.2000
[New] Epoch 444/1000 | classify: 1.9667 | voltage: 0.9532 | conc: 0.0005 | consistency: 0.3004 | polarity: 2.4083 | monodec: 0.0000 | rule: 235.5467 | group: 1.7734 | tree: 5.0542 | total: 2.1367
[New] Epoch 445/1000 | classify: 1.9791 | voltage: 0.9233 | conc: 0.0006 | consistency: 0.3036 | polarity: 2.3865 | monodec: 0.0000 | rule: 222.2496 | group: 1.7168 | tree: 5.1662 | total: 2.1410
[New] Epoch 446/1000 | classify: 2.0651 | voltage: 0.9474 | conc: 0.0007 | consistency: 0.3000 | polarity: 2.4155 | monodec: 0.0000 | rule: 230.7852 | group: 1.7614 | tree: 4.9813 | total: 2.2325
[New] Epoch 447/1000 | classify: 2.0724 | voltage: 0.9349 | conc: 0.0006 | consistency: 0.3034 | polarity: 2.3981 | monodec: 0.0000 | rule: 233.3534 | group: 1.7213 | tree: 5.1038 | total: 2.2405
[New] Epoch 448/1000 | classify: 2.0176 | voltage: 0.9433 | conc: 0.0008 | consistency: 0.3037 | polarity: 2.4655 | monodec: 0.0000 | rule: 235.5348 | group: 1.8073 | tree: 5.2807 | total: 2.1876
[New] Epoch 449/1000 | classify: 2.0713 | voltage: 0.9416 | conc: 0.0007 | consistency: 0.3038 | polarity: 2.4089 | monodec: 0.0000 | rule: 224.0070 | group: 1.7432 | tree: 5.0221 | total: 2.2350
[New] Epoch 450/1000 | classify: 2.1028 | voltage: 0.9509 | conc: 0.0007 | consistency: 0.3010 | polarity: 2.4075 | monodec: 0.0000 | rule: 210.9861 | group: 1.7286 | tree: 5.0592 | total: 2.2605
--- 验证集 [epoch 450] ---
  准确率 (Accuracy):  0.7671
  精确率 (Precision): 0.7259
  召回率 (Recall):    0.6196
  F1 分数 (F1):       0.6115
✅ 模型已保存到 /home/kudouzala/Application/ion_detect/output/trained_model_save/exp_new_i/trained_model_epoch_450.pth
📁 损失值已保存到 /home/kudouzala/Application/ion_detect/output/trained_model_save/exp_new_i/training_loss_epoch_450.csv
[New] Epoch 451/1000 | classify: 2.0028 | voltage: 0.9747 | conc: 0.0006 | consistency: 0.3011 | polarity: 2.3855 | monodec: 0.0000 | rule: 213.6635 | group: 1.7395 | tree: 4.8626 | total: 2.1629
[New] Epoch 452/1000 | classify: 1.9910 | voltage: 0.9369 | conc: 0.0005 | consistency: 0.3042 | polarity: 2.3692 | monodec: 0.0000 | rule: 238.3867 | group: 1.7350 | tree: 4.8829 | total: 2.1616
[New] Epoch 453/1000 | classify: 2.0875 | voltage: 0.9697 | conc: 0.0007 | consistency: 0.3047 | polarity: 2.4815 | monodec: 0.0000 | rule: 228.0311 | group: 1.8296 | tree: 5.3846 | total: 2.2549
[New] Epoch 454/1000 | classify: 2.0187 | voltage: 0.9678 | conc: 0.0008 | consistency: 0.3051 | polarity: 2.4528 | monodec: 0.0000 | rule: 225.7443 | group: 1.7677 | tree: 5.0443 | total: 2.1848
[New] Epoch 455/1000 | classify: 2.0918 | voltage: 0.9768 | conc: 0.0006 | consistency: 0.3056 | polarity: 2.4974 | monodec: 0.0000 | rule: 222.7703 | group: 1.8757 | tree: 5.3760 | total: 2.2569
[New] Epoch 456/1000 | classify: 2.1182 | voltage: 0.9978 | conc: 0.0005 | consistency: 0.3059 | polarity: 2.3560 | monodec: 0.0000 | rule: 207.8944 | group: 1.7152 | tree: 5.2765 | total: 2.2767
[New] Epoch 457/1000 | classify: 2.0414 | voltage: 0.9667 | conc: 0.0007 | consistency: 0.3061 | polarity: 2.4130 | monodec: 0.0000 | rule: 218.5457 | group: 1.7736 | tree: 5.2196 | total: 2.2038
[New] Epoch 458/1000 | classify: 2.2116 | voltage: 0.9802 | conc: 0.0008 | consistency: 0.3066 | polarity: 2.5257 | monodec: 0.0000 | rule: 236.8750 | group: 1.8787 | tree: 5.2232 | total: 2.3840
[New] Epoch 459/1000 | classify: 1.9260 | voltage: 0.9864 | conc: 0.0007 | consistency: 0.3068 | polarity: 2.3445 | monodec: 0.0000 | rule: 210.5280 | group: 1.7075 | tree: 4.8401 | total: 2.0851
[New] Epoch 460/1000 | classify: 2.1619 | voltage: 0.9699 | conc: 0.0005 | consistency: 0.3067 | polarity: 2.3792 | monodec: 0.0000 | rule: 230.9230 | group: 1.6995 | tree: 4.9144 | total: 2.3303
--- 验证集 [epoch 460] ---
  准确率 (Accuracy):  0.7055
  精确率 (Precision): 0.7590
  召回率 (Recall):    0.6052
  F1 分数 (F1):       0.5907
[New] Epoch 461/1000 | classify: 2.1930 | voltage: 0.9881 | conc: 0.0007 | consistency: 0.3069 | polarity: 2.4983 | monodec: 0.0000 | rule: 222.6890 | group: 1.8379 | tree: 5.3728 | total: 2.3587
[New] Epoch 462/1000 | classify: 2.1954 | voltage: 0.9815 | conc: 0.0010 | consistency: 0.3071 | polarity: 2.5037 | monodec: 0.0000 | rule: 225.4455 | group: 1.8079 | tree: 5.4079 | total: 2.3624
[New] Epoch 463/1000 | classify: 2.0456 | voltage: 0.9983 | conc: 0.0006 | consistency: 0.3075 | polarity: 2.4125 | monodec: 0.0000 | rule: 214.7071 | group: 1.7256 | tree: 5.1046 | total: 2.2075
[New] Epoch 464/1000 | classify: 2.0076 | voltage: 1.0006 | conc: 0.0006 | consistency: 0.3072 | polarity: 2.4194 | monodec: 0.0000 | rule: 210.4530 | group: 1.7177 | tree: 5.2686 | total: 2.1676
[New] Epoch 465/1000 | classify: 2.1070 | voltage: 1.0005 | conc: 0.0005 | consistency: 0.3072 | polarity: 2.4136 | monodec: 0.0000 | rule: 212.0909 | group: 1.7684 | tree: 5.3351 | total: 2.2678
[New] Epoch 466/1000 | classify: 2.0236 | voltage: 1.0018 | conc: 0.0006 | consistency: 0.3068 | polarity: 2.4260 | monodec: 0.0000 | rule: 234.9743 | group: 1.7751 | tree: 4.8868 | total: 2.1957
[New] Epoch 467/1000 | classify: 2.2656 | voltage: 0.9859 | conc: 0.0008 | consistency: 0.3072 | polarity: 2.4699 | monodec: 0.0000 | rule: 260.1127 | group: 1.7924 | tree: 5.3378 | total: 2.4500
[New] Epoch 468/1000 | classify: 2.1530 | voltage: 1.0347 | conc: 0.0007 | consistency: 0.3079 | polarity: 2.4118 | monodec: 0.0000 | rule: 205.0981 | group: 1.7778 | tree: 5.0627 | total: 2.3120
[New] Epoch 469/1000 | classify: 1.9767 | voltage: 0.9886 | conc: 0.0006 | consistency: 0.3079 | polarity: 2.3389 | monodec: 0.0000 | rule: 226.9788 | group: 1.6817 | tree: 4.9255 | total: 2.1442
[New] Epoch 470/1000 | classify: 2.1481 | voltage: 1.0056 | conc: 0.0006 | consistency: 0.3077 | polarity: 2.4418 | monodec: 0.0000 | rule: 221.8162 | group: 1.7254 | tree: 5.0827 | total: 2.3139
--- 验证集 [epoch 470] ---
  准确率 (Accuracy):  0.8014
  精确率 (Precision): 0.7569
  召回率 (Recall):    0.7131
  F1 分数 (F1):       0.7222
[New] Epoch 471/1000 | classify: 2.1343 | voltage: 1.0009 | conc: 0.0006 | consistency: 0.3077 | polarity: 2.4758 | monodec: 0.0000 | rule: 229.4261 | group: 1.7945 | tree: 5.2664 | total: 2.3038
[New] Epoch 472/1000 | classify: 2.2688 | voltage: 1.0149 | conc: 0.0005 | consistency: 0.3081 | polarity: 2.4520 | monodec: 0.0000 | rule: 223.5675 | group: 1.7855 | tree: 5.1406 | total: 2.4360
[New] Epoch 473/1000 | classify: 2.1378 | voltage: 1.0145 | conc: 0.0007 | consistency: 0.3088 | polarity: 2.4225 | monodec: 0.0000 | rule: 227.0630 | group: 1.7341 | tree: 4.8992 | total: 2.3067
[New] Epoch 474/1000 | classify: 2.2607 | voltage: 1.0544 | conc: 0.0008 | consistency: 0.3094 | polarity: 2.4560 | monodec: 0.0000 | rule: 212.4924 | group: 1.7767 | tree: 5.0770 | total: 2.4246
[New] Epoch 475/1000 | classify: 2.2220 | voltage: 1.0181 | conc: 0.0007 | consistency: 0.3094 | polarity: 2.4685 | monodec: 0.0000 | rule: 223.1876 | group: 1.8026 | tree: 4.9355 | total: 2.3892
[New] Epoch 476/1000 | classify: 1.9273 | voltage: 1.0417 | conc: 0.0008 | consistency: 0.3092 | polarity: 2.3955 | monodec: 0.0000 | rule: 214.2862 | group: 1.7336 | tree: 4.7760 | total: 2.0912
[New] Epoch 477/1000 | classify: 2.1316 | voltage: 1.0265 | conc: 0.0006 | consistency: 0.3056 | polarity: 2.4468 | monodec: 0.0000 | rule: 213.9256 | group: 1.7919 | tree: 5.2549 | total: 2.2946
[New] Epoch 478/1000 | classify: 2.2155 | voltage: 1.0256 | conc: 0.0007 | consistency: 0.3096 | polarity: 2.4229 | monodec: 0.0000 | rule: 260.5440 | group: 1.7222 | tree: 5.1871 | total: 2.4018
[New] Epoch 479/1000 | classify: 2.1525 | voltage: 1.0453 | conc: 0.0007 | consistency: 0.3095 | polarity: 2.4579 | monodec: 0.0000 | rule: 212.8276 | group: 1.8424 | tree: 5.1360 | total: 2.3160
[New] Epoch 480/1000 | classify: 2.1558 | voltage: 1.0634 | conc: 0.0007 | consistency: 0.3088 | polarity: 2.4596 | monodec: 0.0000 | rule: 219.6429 | group: 1.8288 | tree: 5.1630 | total: 2.3237
--- 验证集 [epoch 480] ---
  准确率 (Accuracy):  0.7740
  精确率 (Precision): 0.7985
  召回率 (Recall):    0.6229
  F1 分数 (F1):       0.6492
[New] Epoch 481/1000 | classify: 2.1461 | voltage: 1.0399 | conc: 0.0004 | consistency: 0.3017 | polarity: 2.4193 | monodec: 0.0000 | rule: 211.9087 | group: 1.7775 | tree: 5.1789 | total: 2.3086
[New] Epoch 482/1000 | classify: 2.1590 | voltage: 1.0313 | conc: 0.0005 | consistency: 0.3086 | polarity: 2.3909 | monodec: 0.0000 | rule: 223.3083 | group: 1.7266 | tree: 4.9789 | total: 2.3267
[New] Epoch 483/1000 | classify: 2.1059 | voltage: 1.0405 | conc: 0.0008 | consistency: 0.3087 | polarity: 2.4185 | monodec: 0.0000 | rule: 220.5996 | group: 1.7104 | tree: 4.7953 | total: 2.2730
[New] Epoch 484/1000 | classify: 2.1683 | voltage: 1.0010 | conc: 0.0008 | consistency: 0.3089 | polarity: 2.4296 | monodec: 0.0000 | rule: 237.4331 | group: 1.8116 | tree: 5.3184 | total: 2.3420
[New] Epoch 485/1000 | classify: 2.2656 | voltage: 1.0384 | conc: 0.0006 | consistency: 0.3092 | polarity: 2.4855 | monodec: 0.0000 | rule: 215.2816 | group: 1.7741 | tree: 5.1689 | total: 2.4299
[New] Epoch 486/1000 | classify: 2.1572 | voltage: 1.0476 | conc: 0.0009 | consistency: 0.3094 | polarity: 2.4743 | monodec: 0.0000 | rule: 223.5806 | group: 1.8030 | tree: 5.3150 | total: 2.3264
[New] Epoch 487/1000 | classify: 2.1473 | voltage: 1.0194 | conc: 0.0004 | consistency: 0.3059 | polarity: 2.4121 | monodec: 0.0000 | rule: 242.5703 | group: 1.7675 | tree: 5.3101 | total: 2.3242
[New] Epoch 488/1000 | classify: 2.1548 | voltage: 1.0378 | conc: 0.0007 | consistency: 0.3058 | polarity: 2.4066 | monodec: 0.0000 | rule: 220.9180 | group: 1.7669 | tree: 5.2166 | total: 2.3220
[New] Epoch 489/1000 | classify: 2.0444 | voltage: 1.0353 | conc: 0.0008 | consistency: 0.3089 | polarity: 2.4132 | monodec: 0.0000 | rule: 220.7902 | group: 1.7417 | tree: 5.1009 | total: 2.2114
[New] Epoch 490/1000 | classify: 2.1634 | voltage: 1.0650 | conc: 0.0006 | consistency: 0.3089 | polarity: 2.3899 | monodec: 0.0000 | rule: 206.8907 | group: 1.7624 | tree: 5.3620 | total: 2.3249
--- 验证集 [epoch 490] ---
  准确率 (Accuracy):  0.7808
  精确率 (Precision): 0.7841
  召回率 (Recall):    0.6395
  F1 分数 (F1):       0.6464
[New] Epoch 491/1000 | classify: 2.0489 | voltage: 1.0802 | conc: 0.0005 | consistency: 0.3094 | polarity: 2.3491 | monodec: 0.0000 | rule: 220.9153 | group: 1.7185 | tree: 5.2746 | total: 2.2179
[New] Epoch 492/1000 | classify: 2.1969 | voltage: 1.0607 | conc: 0.0006 | consistency: 0.3096 | polarity: 2.4115 | monodec: 0.0000 | rule: 233.5811 | group: 1.7561 | tree: 5.1400 | total: 2.3714
[New] Epoch 493/1000 | classify: 2.2189 | voltage: 1.0622 | conc: 0.0005 | consistency: 0.3100 | polarity: 2.4448 | monodec: 0.0000 | rule: 229.8090 | group: 1.7919 | tree: 5.1081 | total: 2.3916
[New] Epoch 494/1000 | classify: 2.2018 | voltage: 1.0722 | conc: 0.0005 | consistency: 0.3102 | polarity: 2.4449 | monodec: 0.0000 | rule: 223.7589 | group: 1.8050 | tree: 5.0841 | total: 2.3719
[New] Epoch 495/1000 | classify: 2.2724 | voltage: 1.0636 | conc: 0.0012 | consistency: 0.3102 | polarity: 2.5246 | monodec: 0.0000 | rule: 237.9890 | group: 1.8687 | tree: 5.4669 | total: 2.4501
[New] Epoch 496/1000 | classify: 2.1417 | voltage: 1.0599 | conc: 0.0010 | consistency: 0.3103 | polarity: 2.4341 | monodec: 0.0000 | rule: 207.1690 | group: 1.7800 | tree: 5.1034 | total: 2.3034
[New] Epoch 497/1000 | classify: 2.0696 | voltage: 1.0223 | conc: 0.0006 | consistency: 0.3090 | polarity: 2.3977 | monodec: 0.0000 | rule: 232.4498 | group: 1.7085 | tree: 5.2779 | total: 2.2417
[New] Epoch 498/1000 | classify: 2.1153 | voltage: 1.0631 | conc: 0.0006 | consistency: 0.3088 | polarity: 2.3968 | monodec: 0.0000 | rule: 222.3802 | group: 1.6933 | tree: 4.7928 | total: 2.2841
[New] Epoch 499/1000 | classify: 2.0654 | voltage: 1.0381 | conc: 0.0005 | consistency: 0.3088 | polarity: 2.3736 | monodec: 0.0000 | rule: 223.8232 | group: 1.7278 | tree: 5.1903 | total: 2.2338
[New] Epoch 500/1000 | classify: 2.0874 | voltage: 1.0698 | conc: 0.0007 | consistency: 0.3052 | polarity: 2.4247 | monodec: 0.0000 | rule: 211.1826 | group: 1.7616 | tree: 5.1835 | total: 2.2513
--- 验证集 [epoch 500] ---
  准确率 (Accuracy):  0.7603
  精确率 (Precision): 0.7412
  召回率 (Recall):    0.6188
  F1 分数 (F1):       0.6191
✅ 模型已保存到 /home/kudouzala/Application/ion_detect/output/trained_model_save/exp_new_i/trained_model_epoch_500.pth
📁 损失值已保存到 /home/kudouzala/Application/ion_detect/output/trained_model_save/exp_new_i/training_loss_epoch_500.csv
[New] Epoch 501/1000 | classify: 2.1462 | voltage: 1.0284 | conc: 0.0006 | consistency: 0.3086 | polarity: 2.4301 | monodec: 0.0000 | rule: 215.6617 | group: 1.7396 | tree: 5.0510 | total: 2.3100
[New] Epoch 502/1000 | classify: 2.1317 | voltage: 1.0865 | conc: 0.0004 | consistency: 0.3086 | polarity: 2.3618 | monodec: 0.0000 | rule: 213.2957 | group: 1.7721 | tree: 4.9458 | total: 2.2970
[New] Epoch 503/1000 | classify: 2.0411 | voltage: 1.0263 | conc: 0.0008 | consistency: 0.3084 | polarity: 2.3846 | monodec: 0.0000 | rule: 232.0518 | group: 1.7623 | tree: 5.2615 | total: 2.2134
[New] Epoch 504/1000 | classify: 2.1778 | voltage: 1.0412 | conc: 0.0005 | consistency: 0.3085 | polarity: 2.3612 | monodec: 0.0000 | rule: 237.6864 | group: 1.7175 | tree: 5.1098 | total: 2.3533
[New] Epoch 505/1000 | classify: 2.2502 | voltage: 1.0381 | conc: 0.0007 | consistency: 0.3052 | polarity: 2.4232 | monodec: 0.0000 | rule: 230.4997 | group: 1.7663 | tree: 4.9158 | total: 2.4220
[New] Epoch 506/1000 | classify: 1.9646 | voltage: 1.0526 | conc: 0.0006 | consistency: 0.3086 | polarity: 2.3555 | monodec: 0.0000 | rule: 198.6716 | group: 1.7016 | tree: 4.7782 | total: 2.1210
[New] Epoch 507/1000 | classify: 2.2520 | voltage: 1.0376 | conc: 0.0007 | consistency: 0.3082 | polarity: 2.4070 | monodec: 0.0000 | rule: 232.0736 | group: 1.6906 | tree: 5.0584 | total: 2.4246
[New] Epoch 508/1000 | classify: 2.1436 | voltage: 1.0621 | conc: 0.0006 | consistency: 0.3085 | polarity: 2.3719 | monodec: 0.0000 | rule: 230.2786 | group: 1.7286 | tree: 5.0185 | total: 2.3165
[New] Epoch 509/1000 | classify: 2.1046 | voltage: 1.0476 | conc: 0.0007 | consistency: 0.3089 | polarity: 2.4167 | monodec: 0.0000 | rule: 223.9380 | group: 1.7550 | tree: 5.1942 | total: 2.2737
[New] Epoch 510/1000 | classify: 2.0918 | voltage: 1.0422 | conc: 0.0007 | consistency: 0.3090 | polarity: 2.3995 | monodec: 0.0000 | rule: 227.0033 | group: 1.7365 | tree: 5.0973 | total: 2.2622
--- 验证集 [epoch 510] ---
  准确率 (Accuracy):  0.7671
  精确率 (Precision): 0.6143
  召回率 (Recall):    0.6024
  F1 分数 (F1):       0.5894
[New] Epoch 511/1000 | classify: 2.2411 | voltage: 1.0603 | conc: 0.0008 | consistency: 0.3091 | polarity: 2.4733 | monodec: 0.0000 | rule: 227.3765 | group: 1.8038 | tree: 5.4190 | total: 2.4128
[New] Epoch 512/1000 | classify: 2.1640 | voltage: 1.0789 | conc: 0.0006 | consistency: 0.3091 | polarity: 2.3942 | monodec: 0.0000 | rule: 229.8593 | group: 1.7117 | tree: 4.9778 | total: 2.3375
[New] Epoch 513/1000 | classify: 2.1466 | voltage: 1.0532 | conc: 0.0008 | consistency: 0.3090 | polarity: 2.3945 | monodec: 0.0000 | rule: 225.3205 | group: 1.7546 | tree: 4.9685 | total: 2.3167
[New] Epoch 514/1000 | classify: 2.2897 | voltage: 1.0914 | conc: 0.0006 | consistency: 0.3088 | polarity: 2.4119 | monodec: 0.0000 | rule: 206.1235 | group: 1.7671 | tree: 4.9879 | total: 2.4519
[New] Epoch 515/1000 | classify: 2.1778 | voltage: 1.0534 | conc: 0.0008 | consistency: 0.3088 | polarity: 2.4286 | monodec: 0.0000 | rule: 212.9465 | group: 1.7665 | tree: 5.1672 | total: 2.3418
[New] Epoch 516/1000 | classify: 2.2547 | voltage: 1.0800 | conc: 0.0006 | consistency: 0.3090 | polarity: 2.4112 | monodec: 0.0000 | rule: 234.5247 | group: 1.7608 | tree: 5.3535 | total: 2.4308
[New] Epoch 517/1000 | classify: 2.0683 | voltage: 1.0475 | conc: 0.0008 | consistency: 0.3089 | polarity: 2.4173 | monodec: 0.0000 | rule: 220.3235 | group: 1.7705 | tree: 5.1344 | total: 2.2357
[New] Epoch 518/1000 | classify: 2.0809 | voltage: 1.0768 | conc: 0.0007 | consistency: 0.3087 | polarity: 2.3722 | monodec: 0.0000 | rule: 235.0185 | group: 1.7193 | tree: 5.0700 | total: 2.2570
[New] Epoch 519/1000 | classify: 2.0987 | voltage: 1.0862 | conc: 0.0008 | consistency: 0.3053 | polarity: 2.4001 | monodec: 0.0000 | rule: 190.6879 | group: 1.7353 | tree: 5.1112 | total: 2.2533
[New] Epoch 520/1000 | classify: 2.1066 | voltage: 1.0722 | conc: 0.0004 | consistency: 0.3090 | polarity: 2.3145 | monodec: 0.0000 | rule: 227.3394 | group: 1.6899 | tree: 4.9247 | total: 2.2782
--- 验证集 [epoch 520] ---
  准确率 (Accuracy):  0.7671
  精确率 (Precision): 0.6100
  召回率 (Recall):    0.5988
  F1 分数 (F1):       0.5985
[New] Epoch 521/1000 | classify: 2.1828 | voltage: 1.0787 | conc: 0.0009 | consistency: 0.3092 | polarity: 2.4388 | monodec: 0.0000 | rule: 206.3436 | group: 1.7910 | tree: 5.1874 | total: 2.3449
[New] Epoch 522/1000 | classify: 2.1560 | voltage: 1.0366 | conc: 0.0009 | consistency: 0.3096 | polarity: 2.4097 | monodec: 0.0000 | rule: 245.0049 | group: 1.7239 | tree: 5.3020 | total: 2.3353
[New] Epoch 523/1000 | classify: 2.0478 | voltage: 1.0639 | conc: 0.0009 | consistency: 0.3096 | polarity: 2.3932 | monodec: 0.0000 | rule: 233.4490 | group: 1.7671 | tree: 5.0457 | total: 2.2227
[New] Epoch 524/1000 | classify: 2.3236 | voltage: 1.0923 | conc: 0.0007 | consistency: 0.3099 | polarity: 2.4776 | monodec: 0.0000 | rule: 212.9713 | group: 1.7820 | tree: 5.0860 | total: 2.4894
[New] Epoch 525/1000 | classify: 2.1961 | voltage: 1.0608 | conc: 0.0008 | consistency: 0.3100 | polarity: 2.3988 | monodec: 0.0000 | rule: 236.3182 | group: 1.7394 | tree: 5.1414 | total: 2.3721
[New] Epoch 526/1000 | classify: 2.2247 | voltage: 1.1046 | conc: 0.0006 | consistency: 0.3103 | polarity: 2.4546 | monodec: 0.0000 | rule: 217.9600 | group: 1.8142 | tree: 5.2079 | total: 2.3937
[New] Epoch 527/1000 | classify: 2.0583 | voltage: 1.0804 | conc: 0.0009 | consistency: 0.3106 | polarity: 2.4149 | monodec: 0.0000 | rule: 212.7941 | group: 1.7925 | tree: 5.1531 | total: 2.2237
[New] Epoch 528/1000 | classify: 2.1581 | voltage: 1.0883 | conc: 0.0008 | consistency: 0.3073 | polarity: 2.3922 | monodec: 0.0000 | rule: 226.8048 | group: 1.7536 | tree: 5.1850 | total: 2.3308
[New] Epoch 529/1000 | classify: 2.3456 | voltage: 1.0886 | conc: 0.0007 | consistency: 0.3113 | polarity: 2.4311 | monodec: 0.0000 | rule: 226.4214 | group: 1.8168 | tree: 5.2719 | total: 2.5181
[New] Epoch 530/1000 | classify: 2.4079 | voltage: 1.0875 | conc: 0.0007 | consistency: 0.3120 | polarity: 2.4587 | monodec: 0.0000 | rule: 230.7084 | group: 1.7969 | tree: 5.4233 | total: 2.5826
--- 验证集 [epoch 530] ---
  准确率 (Accuracy):  0.7671
  精确率 (Precision): 0.6024
  召回率 (Recall):    0.5937
  F1 分数 (F1):       0.5925
[New] Epoch 531/1000 | classify: 2.2962 | voltage: 1.1149 | conc: 0.0008 | consistency: 0.3123 | polarity: 2.4361 | monodec: 0.0000 | rule: 233.3141 | group: 1.8001 | tree: 5.2154 | total: 2.4735
[New] Epoch 532/1000 | classify: 2.3685 | voltage: 1.1126 | conc: 0.0006 | consistency: 0.3089 | polarity: 2.4478 | monodec: 0.0000 | rule: 229.2253 | group: 1.7788 | tree: 5.0863 | total: 2.5434
[New] Epoch 533/1000 | classify: 2.3854 | voltage: 1.0840 | conc: 0.0006 | consistency: 0.3095 | polarity: 2.4470 | monodec: 0.0000 | rule: 249.8985 | group: 1.7482 | tree: 5.0870 | total: 2.5692
[New] Epoch 534/1000 | classify: 2.2061 | voltage: 1.0986 | conc: 0.0008 | consistency: 0.3095 | polarity: 2.4482 | monodec: 0.0000 | rule: 232.7171 | group: 1.7927 | tree: 5.3593 | total: 2.3824
[New] Epoch 535/1000 | classify: 2.1504 | voltage: 1.1249 | conc: 0.0005 | consistency: 0.3129 | polarity: 2.3864 | monodec: 0.0000 | rule: 207.9097 | group: 1.7133 | tree: 4.8867 | total: 2.3150
[New] Epoch 536/1000 | classify: 2.3310 | voltage: 1.1215 | conc: 0.0005 | consistency: 0.3131 | polarity: 2.4370 | monodec: 0.0000 | rule: 236.6141 | group: 1.7890 | tree: 5.2941 | total: 2.5100
[New] Epoch 537/1000 | classify: 2.1992 | voltage: 1.1049 | conc: 0.0006 | consistency: 0.3098 | polarity: 2.3974 | monodec: 0.0000 | rule: 241.0418 | group: 1.7571 | tree: 5.1966 | total: 2.3797
[New] Epoch 538/1000 | classify: 2.0904 | voltage: 1.1207 | conc: 0.0007 | consistency: 0.3129 | polarity: 2.3871 | monodec: 0.0000 | rule: 212.9389 | group: 1.7280 | tree: 5.1829 | total: 2.2578
[New] Epoch 539/1000 | classify: 2.1757 | voltage: 1.1221 | conc: 0.0009 | consistency: 0.3091 | polarity: 2.4727 | monodec: 0.0000 | rule: 214.6356 | group: 1.8031 | tree: 5.0976 | total: 2.3441
[New] Epoch 540/1000 | classify: 2.1272 | voltage: 1.1385 | conc: 0.0006 | consistency: 0.3129 | polarity: 2.4209 | monodec: 0.0000 | rule: 222.1415 | group: 1.7756 | tree: 5.1989 | total: 2.2999
--- 验证集 [epoch 540] ---
  准确率 (Accuracy):  0.7877
  精确率 (Precision): 0.6760
  召回率 (Recall):    0.6252
  F1 分数 (F1):       0.6307
[New] Epoch 541/1000 | classify: 2.2339 | voltage: 1.0828 | conc: 0.0006 | consistency: 0.3126 | polarity: 2.3932 | monodec: 0.0000 | rule: 232.6244 | group: 1.7283 | tree: 5.1125 | total: 2.4090
[New] Epoch 542/1000 | classify: 2.4998 | voltage: 1.1155 | conc: 0.0006 | consistency: 0.3129 | polarity: 2.4831 | monodec: 0.0000 | rule: 233.3940 | group: 1.7959 | tree: 5.2591 | total: 2.6771
[New] Epoch 543/1000 | classify: 2.3696 | voltage: 1.1234 | conc: 0.0007 | consistency: 0.3135 | polarity: 2.4421 | monodec: 0.0000 | rule: 222.3304 | group: 1.7382 | tree: 5.0863 | total: 2.5417
[New] Epoch 544/1000 | classify: 2.1960 | voltage: 1.1377 | conc: 0.0007 | consistency: 0.3138 | polarity: 2.4365 | monodec: 0.0000 | rule: 219.3786 | group: 1.7529 | tree: 5.1785 | total: 2.3674
[New] Epoch 545/1000 | classify: 2.2526 | voltage: 1.1269 | conc: 0.0006 | consistency: 0.3142 | polarity: 2.4698 | monodec: 0.0000 | rule: 225.2857 | group: 1.8042 | tree: 5.2351 | total: 2.4264
[New] Epoch 546/1000 | classify: 2.2717 | voltage: 1.1243 | conc: 0.0005 | consistency: 0.3147 | polarity: 2.3504 | monodec: 0.0000 | rule: 235.3005 | group: 1.6967 | tree: 5.0897 | total: 2.4501
[New] Epoch 547/1000 | classify: 2.4443 | voltage: 1.1715 | conc: 0.0008 | consistency: 0.3149 | polarity: 2.5204 | monodec: 0.0000 | rule: 233.9763 | group: 1.8257 | tree: 5.4556 | total: 2.6250
[New] Epoch 548/1000 | classify: 2.1929 | voltage: 1.1435 | conc: 0.0010 | consistency: 0.3151 | polarity: 2.4016 | monodec: 0.0000 | rule: 210.3014 | group: 1.7653 | tree: 5.1298 | total: 2.3603
[New] Epoch 549/1000 | classify: 2.2282 | voltage: 1.1436 | conc: 0.0008 | consistency: 0.3117 | polarity: 2.3904 | monodec: 0.0000 | rule: 234.7449 | group: 1.7482 | tree: 5.1497 | total: 2.4076
[New] Epoch 550/1000 | classify: 2.3773 | voltage: 1.1542 | conc: 0.0005 | consistency: 0.3155 | polarity: 2.4130 | monodec: 0.0000 | rule: 228.3796 | group: 1.7643 | tree: 5.3312 | total: 2.5538
--- 验证集 [epoch 550] ---
  准确率 (Accuracy):  0.7740
  精确率 (Precision): 0.6089
  召回率 (Recall):    0.6107
  F1 分数 (F1):       0.6057
✅ 模型已保存到 /home/kudouzala/Application/ion_detect/output/trained_model_save/exp_new_i/trained_model_epoch_550.pth
📁 损失值已保存到 /home/kudouzala/Application/ion_detect/output/trained_model_save/exp_new_i/training_loss_epoch_550.csv
[New] Epoch 551/1000 | classify: 2.3722 | voltage: 1.1376 | conc: 0.0007 | consistency: 0.3160 | polarity: 2.4691 | monodec: 0.0000 | rule: 234.8629 | group: 1.8266 | tree: 5.4242 | total: 2.5515
[New] Epoch 552/1000 | classify: 2.2595 | voltage: 1.1580 | conc: 0.0007 | consistency: 0.3165 | polarity: 2.4121 | monodec: 0.0000 | rule: 247.3262 | group: 1.7355 | tree: 5.2345 | total: 2.4459
[New] Epoch 553/1000 | classify: 2.3398 | voltage: 1.1835 | conc: 0.0008 | consistency: 0.3168 | polarity: 2.4800 | monodec: 0.0000 | rule: 223.1384 | group: 1.8286 | tree: 5.3164 | total: 2.5156
[New] Epoch 554/1000 | classify: 2.1873 | voltage: 1.1840 | conc: 0.0004 | consistency: 0.3134 | polarity: 2.3503 | monodec: 0.0000 | rule: 233.8043 | group: 1.7081 | tree: 5.0564 | total: 2.3678
[New] Epoch 555/1000 | classify: 2.3137 | voltage: 1.1992 | conc: 0.0006 | consistency: 0.3136 | polarity: 2.4805 | monodec: 0.0000 | rule: 232.3219 | group: 1.7860 | tree: 5.0629 | total: 2.4945
[New] Epoch 556/1000 | classify: 2.3209 | voltage: 1.1601 | conc: 0.0008 | consistency: 0.3173 | polarity: 2.4128 | monodec: 0.0000 | rule: 243.2329 | group: 1.7598 | tree: 5.2397 | total: 2.5054
[New] Epoch 557/1000 | classify: 2.2930 | voltage: 1.1780 | conc: 0.0008 | consistency: 0.3177 | polarity: 2.4293 | monodec: 0.0000 | rule: 230.0432 | group: 1.8031 | tree: 5.1341 | total: 2.4718
[New] Epoch 558/1000 | classify: 2.1822 | voltage: 1.1852 | conc: 0.0009 | consistency: 0.3177 | polarity: 2.4525 | monodec: 0.0000 | rule: 231.7070 | group: 1.8103 | tree: 5.2603 | total: 2.3625
[New] Epoch 559/1000 | classify: 2.1014 | voltage: 1.1892 | conc: 0.0005 | consistency: 0.3175 | polarity: 2.3739 | monodec: 0.0000 | rule: 210.0795 | group: 1.6902 | tree: 4.8596 | total: 2.2703
[New] Epoch 560/1000 | classify: 2.3318 | voltage: 1.1981 | conc: 0.0009 | consistency: 0.3172 | polarity: 2.4538 | monodec: 0.0000 | rule: 224.5213 | group: 1.8204 | tree: 5.3299 | total: 2.5091
--- 验证集 [epoch 560] ---
  准确率 (Accuracy):  0.7877
  精确率 (Precision): 0.7944
  召回率 (Recall):    0.6645
  F1 分数 (F1):       0.6973
[New] Epoch 561/1000 | classify: 2.2654 | voltage: 1.1736 | conc: 0.0010 | consistency: 0.3170 | polarity: 2.4371 | monodec: 0.0000 | rule: 234.8875 | group: 1.7905 | tree: 5.3962 | total: 2.4468
[New] Epoch 562/1000 | classify: 2.3655 | voltage: 1.1545 | conc: 0.0008 | consistency: 0.3135 | polarity: 2.4596 | monodec: 0.0000 | rule: 249.7946 | group: 1.7820 | tree: 5.3369 | total: 2.5532
[New] Epoch 563/1000 | classify: 2.2866 | voltage: 1.2354 | conc: 0.0009 | consistency: 0.3171 | polarity: 2.4366 | monodec: 0.0000 | rule: 207.2579 | group: 1.7413 | tree: 4.9901 | total: 2.4569
[New] Epoch 564/1000 | classify: 2.2200 | voltage: 1.1665 | conc: 0.0007 | consistency: 0.3174 | polarity: 2.3907 | monodec: 0.0000 | rule: 236.7065 | group: 1.7048 | tree: 5.1159 | total: 2.4014
[New] Epoch 565/1000 | classify: 2.3163 | voltage: 1.2050 | conc: 0.0007 | consistency: 0.3170 | polarity: 2.4144 | monodec: 0.0000 | rule: 223.3616 | group: 1.7389 | tree: 5.1062 | total: 2.4930
[New] Epoch 566/1000 | classify: 2.3199 | voltage: 1.2201 | conc: 0.0006 | consistency: 0.3133 | polarity: 2.4201 | monodec: 0.0000 | rule: 209.4438 | group: 1.7309 | tree: 5.1720 | total: 2.4904
[New] Epoch 567/1000 | classify: 2.2416 | voltage: 1.1910 | conc: 0.0006 | consistency: 0.3171 | polarity: 2.4081 | monodec: 0.0000 | rule: 215.6035 | group: 1.7944 | tree: 5.1460 | total: 2.4136
[New] Epoch 568/1000 | classify: 2.0499 | voltage: 1.1829 | conc: 0.0006 | consistency: 0.3170 | polarity: 2.3348 | monodec: 0.0000 | rule: 227.1381 | group: 1.6558 | tree: 4.9438 | total: 2.2272
[New] Epoch 569/1000 | classify: 2.3245 | voltage: 1.1657 | conc: 0.0008 | consistency: 0.3168 | polarity: 2.4426 | monodec: 0.0000 | rule: 236.5493 | group: 1.7835 | tree: 5.1883 | total: 2.5059
[New] Epoch 570/1000 | classify: 2.2530 | voltage: 1.1905 | conc: 0.0007 | consistency: 0.3167 | polarity: 2.3576 | monodec: 0.0000 | rule: 241.6173 | group: 1.7695 | tree: 5.0839 | total: 2.4381
--- 验证集 [epoch 570] ---
  准确率 (Accuracy):  0.7877
  精确率 (Precision): 0.6810
  召回率 (Recall):    0.6141
  F1 分数 (F1):       0.6193
[New] Epoch 571/1000 | classify: 2.2292 | voltage: 1.1937 | conc: 0.0008 | consistency: 0.3134 | polarity: 2.4080 | monodec: 0.0000 | rule: 222.7185 | group: 1.7403 | tree: 4.7855 | total: 2.4049
[New] Epoch 572/1000 | classify: 2.0665 | voltage: 1.1955 | conc: 0.0008 | consistency: 0.3162 | polarity: 2.3646 | monodec: 0.0000 | rule: 195.9399 | group: 1.7248 | tree: 4.9116 | total: 2.2290
[New] Epoch 573/1000 | classify: 2.3088 | voltage: 1.1761 | conc: 0.0006 | consistency: 0.3121 | polarity: 2.3762 | monodec: 0.0000 | rule: 216.8143 | group: 1.6901 | tree: 4.8754 | total: 2.4805
[New] Epoch 574/1000 | classify: 2.3394 | voltage: 1.1881 | conc: 0.0007 | consistency: 0.3159 | polarity: 2.4429 | monodec: 0.0000 | rule: 234.1401 | group: 1.8301 | tree: 5.2992 | total: 2.5207
[New] Epoch 575/1000 | classify: 2.1585 | voltage: 1.1935 | conc: 0.0005 | consistency: 0.3161 | polarity: 2.3690 | monodec: 0.0000 | rule: 204.2108 | group: 1.7423 | tree: 5.1236 | total: 2.3248
[New] Epoch 576/1000 | classify: 2.3784 | voltage: 1.1605 | conc: 0.0006 | consistency: 0.3161 | polarity: 2.4312 | monodec: 0.0000 | rule: 227.6541 | group: 1.7278 | tree: 5.0921 | total: 2.5548
[New] Epoch 577/1000 | classify: 2.4642 | voltage: 1.1607 | conc: 0.0006 | consistency: 0.3166 | polarity: 2.4751 | monodec: 0.0000 | rule: 231.6463 | group: 1.7944 | tree: 5.2409 | total: 2.6428
[New] Epoch 578/1000 | classify: 2.4743 | voltage: 1.1616 | conc: 0.0012 | consistency: 0.3136 | polarity: 2.5422 | monodec: 0.0000 | rule: 245.5836 | group: 1.8739 | tree: 5.5348 | total: 2.6608
[New] Epoch 579/1000 | classify: 2.2666 | voltage: 1.2279 | conc: 0.0007 | consistency: 0.3174 | polarity: 2.4177 | monodec: 0.0000 | rule: 220.4050 | group: 1.7387 | tree: 5.0146 | total: 2.4428
[New] Epoch 580/1000 | classify: 2.2422 | voltage: 1.2197 | conc: 0.0006 | consistency: 0.3140 | polarity: 2.4348 | monodec: 0.0000 | rule: 214.9168 | group: 1.7706 | tree: 5.2286 | total: 2.4153
--- 验证集 [epoch 580] ---
  准确率 (Accuracy):  0.7671
  精确率 (Precision): 0.6456
  召回率 (Recall):    0.6194
  F1 分数 (F1):       0.6090
[New] Epoch 581/1000 | classify: 2.1387 | voltage: 1.1860 | conc: 0.0005 | consistency: 0.3177 | polarity: 2.3330 | monodec: 0.0000 | rule: 241.0025 | group: 1.6765 | tree: 4.8332 | total: 2.3228
[New] Epoch 582/1000 | classify: 2.1839 | voltage: 1.1975 | conc: 0.0007 | consistency: 0.3177 | polarity: 2.4126 | monodec: 0.0000 | rule: 220.5267 | group: 1.7928 | tree: 5.2334 | total: 2.3589
[New] Epoch 583/1000 | classify: 2.2906 | voltage: 1.1963 | conc: 0.0007 | consistency: 0.3178 | polarity: 2.4181 | monodec: 0.0000 | rule: 229.9459 | group: 1.7369 | tree: 5.4402 | total: 2.4703
[New] Epoch 584/1000 | classify: 2.2214 | voltage: 1.1906 | conc: 0.0008 | consistency: 0.3180 | polarity: 2.4123 | monodec: 0.0000 | rule: 230.9807 | group: 1.7378 | tree: 5.0749 | total: 2.4012
[New] Epoch 585/1000 | classify: 2.2342 | voltage: 1.1769 | conc: 0.0007 | consistency: 0.3144 | polarity: 2.4070 | monodec: 0.0000 | rule: 230.7342 | group: 1.7536 | tree: 5.3060 | total: 2.4133
[New] Epoch 586/1000 | classify: 2.2607 | voltage: 1.2275 | conc: 0.0008 | consistency: 0.3182 | polarity: 2.4235 | monodec: 0.0000 | rule: 222.1291 | group: 1.8552 | tree: 4.9988 | total: 2.4380
[New] Epoch 587/1000 | classify: 2.3097 | voltage: 1.2078 | conc: 0.0007 | consistency: 0.3184 | polarity: 2.4009 | monodec: 0.0000 | rule: 228.0899 | group: 1.7057 | tree: 5.0199 | total: 2.4889
[New] Epoch 588/1000 | classify: 2.1610 | voltage: 1.2108 | conc: 0.0006 | consistency: 0.3186 | polarity: 2.4008 | monodec: 0.0000 | rule: 222.4413 | group: 1.7389 | tree: 5.1125 | total: 2.3374
[New] Epoch 589/1000 | classify: 2.4077 | voltage: 1.2129 | conc: 0.0006 | consistency: 0.3153 | polarity: 2.4458 | monodec: 0.0000 | rule: 216.7370 | group: 1.8482 | tree: 5.3481 | total: 2.5816
[New] Epoch 590/1000 | classify: 2.2315 | voltage: 1.2331 | conc: 0.0005 | consistency: 0.3189 | polarity: 2.3668 | monodec: 0.0000 | rule: 198.3840 | group: 1.7079 | tree: 4.9196 | total: 2.3968
--- 验证集 [epoch 590] ---
  准确率 (Accuracy):  0.7603
  精确率 (Precision): 0.5662
  召回率 (Recall):    0.5956
  F1 分数 (F1):       0.5719
[New] Epoch 591/1000 | classify: 2.4672 | voltage: 1.2238 | conc: 0.0006 | consistency: 0.3187 | polarity: 2.4807 | monodec: 0.0000 | rule: 228.3142 | group: 1.8033 | tree: 5.2905 | total: 2.6473
[New] Epoch 592/1000 | classify: 2.3690 | voltage: 1.2273 | conc: 0.0006 | consistency: 0.3192 | polarity: 2.4401 | monodec: 0.0000 | rule: 230.4568 | group: 1.7418 | tree: 5.2624 | total: 2.5504
[New] Epoch 593/1000 | classify: 2.2774 | voltage: 1.2225 | conc: 0.0010 | consistency: 0.3191 | polarity: 2.4236 | monodec: 0.0000 | rule: 224.4572 | group: 1.7913 | tree: 5.2395 | total: 2.4559
[New] Epoch 594/1000 | classify: 2.3826 | voltage: 1.2298 | conc: 0.0007 | consistency: 0.3192 | polarity: 2.4348 | monodec: 0.0000 | rule: 220.0948 | group: 1.8053 | tree: 5.4279 | total: 2.5592
[New] Epoch 595/1000 | classify: 2.4692 | voltage: 1.2694 | conc: 0.0006 | consistency: 0.3193 | polarity: 2.4235 | monodec: 0.0000 | rule: 213.1503 | group: 1.7981 | tree: 5.1048 | total: 2.6439
[New] Epoch 596/1000 | classify: 2.2564 | voltage: 1.2391 | conc: 0.0007 | consistency: 0.3191 | polarity: 2.3901 | monodec: 0.0000 | rule: 217.6827 | group: 1.7218 | tree: 4.8823 | total: 2.4318
[New] Epoch 597/1000 | classify: 2.3913 | voltage: 1.2265 | conc: 0.0007 | consistency: 0.3191 | polarity: 2.4579 | monodec: 0.0000 | rule: 238.7089 | group: 1.7941 | tree: 5.2361 | total: 2.5769
[New] Epoch 598/1000 | classify: 2.3362 | voltage: 1.2231 | conc: 0.0006 | consistency: 0.3192 | polarity: 2.4294 | monodec: 0.0000 | rule: 226.2362 | group: 1.7625 | tree: 5.0732 | total: 2.5151
[New] Epoch 599/1000 | classify: 2.2728 | voltage: 1.2321 | conc: 0.0005 | consistency: 0.3193 | polarity: 2.3727 | monodec: 0.0000 | rule: 225.9071 | group: 1.6903 | tree: 4.9243 | total: 2.4518
[New] Epoch 600/1000 | classify: 2.3599 | voltage: 1.2247 | conc: 0.0008 | consistency: 0.3195 | polarity: 2.4402 | monodec: 0.0000 | rule: 216.7604 | group: 1.8373 | tree: 5.4603 | total: 2.5347
--- 验证集 [epoch 600] ---
  准确率 (Accuracy):  0.7671
  精确率 (Precision): 0.6242
  召回率 (Recall):    0.6194
  F1 分数 (F1):       0.6125
✅ 模型已保存到 /home/kudouzala/Application/ion_detect/output/trained_model_save/exp_new_i/trained_model_epoch_600.pth
📁 损失值已保存到 /home/kudouzala/Application/ion_detect/output/trained_model_save/exp_new_i/training_loss_epoch_600.csv
[New] Epoch 601/1000 | classify: 2.3417 | voltage: 1.2339 | conc: 0.0008 | consistency: 0.3194 | polarity: 2.4350 | monodec: 0.0000 | rule: 235.5015 | group: 1.7845 | tree: 5.1623 | total: 2.5260
[New] Epoch 602/1000 | classify: 2.3747 | voltage: 1.2396 | conc: 0.0005 | consistency: 0.3195 | polarity: 2.4065 | monodec: 0.0000 | rule: 239.6661 | group: 1.7694 | tree: 5.1098 | total: 2.5611
[New] Epoch 603/1000 | classify: 2.3180 | voltage: 1.2508 | conc: 0.0010 | consistency: 0.3162 | polarity: 2.3947 | monodec: 0.0000 | rule: 222.9591 | group: 1.8048 | tree: 5.3194 | total: 2.4972
[New] Epoch 604/1000 | classify: 2.4298 | voltage: 1.2442 | conc: 0.0007 | consistency: 0.3199 | polarity: 2.4569 | monodec: 0.0000 | rule: 241.5535 | group: 1.7949 | tree: 5.3891 | total: 2.6178
[New] Epoch 605/1000 | classify: 2.3885 | voltage: 1.2280 | conc: 0.0007 | consistency: 0.3200 | polarity: 2.4287 | monodec: 0.0000 | rule: 236.5498 | group: 1.7257 | tree: 5.1291 | total: 2.5729
[New] Epoch 606/1000 | classify: 2.3476 | voltage: 1.2316 | conc: 0.0006 | consistency: 0.3201 | polarity: 2.4232 | monodec: 0.0000 | rule: 244.8439 | group: 1.7165 | tree: 5.2441 | total: 2.5364
[New] Epoch 607/1000 | classify: 2.3078 | voltage: 1.2406 | conc: 0.0005 | consistency: 0.3202 | polarity: 2.3496 | monodec: 0.0000 | rule: 223.3162 | group: 1.6936 | tree: 4.9366 | total: 2.4859
[New] Epoch 608/1000 | classify: 2.3747 | voltage: 1.2459 | conc: 0.0008 | consistency: 0.3200 | polarity: 2.4404 | monodec: 0.0000 | rule: 248.5717 | group: 1.7801 | tree: 5.1105 | total: 2.5661
[New] Epoch 609/1000 | classify: 2.3843 | voltage: 1.2729 | conc: 0.0010 | consistency: 0.3200 | polarity: 2.4687 | monodec: 0.0000 | rule: 230.1005 | group: 1.8235 | tree: 5.3178 | total: 2.5682
[New] Epoch 610/1000 | classify: 2.4644 | voltage: 1.2572 | conc: 0.0004 | consistency: 0.3130 | polarity: 2.4685 | monodec: 0.0000 | rule: 236.5222 | group: 1.7878 | tree: 5.0990 | total: 2.6500
--- 验证集 [epoch 610] ---
  准确率 (Accuracy):  0.7671
  精确率 (Precision): 0.6204
  召回率 (Recall):    0.6048
  F1 分数 (F1):       0.6069
[New] Epoch 611/1000 | classify: 2.1826 | voltage: 1.2508 | conc: 0.0004 | consistency: 0.3202 | polarity: 2.3103 | monodec: 0.0000 | rule: 208.8885 | group: 1.6682 | tree: 4.7730 | total: 2.3539
[New] Epoch 612/1000 | classify: 2.3142 | voltage: 1.2412 | conc: 0.0010 | consistency: 0.3165 | polarity: 2.4007 | monodec: 0.0000 | rule: 202.7318 | group: 1.7435 | tree: 5.0497 | total: 2.4826
[New] Epoch 613/1000 | classify: 2.2841 | voltage: 1.2622 | conc: 0.0006 | consistency: 0.3201 | polarity: 2.3556 | monodec: 0.0000 | rule: 225.6947 | group: 1.7255 | tree: 5.1689 | total: 2.4648
[New] Epoch 614/1000 | classify: 2.4160 | voltage: 1.2578 | conc: 0.0007 | consistency: 0.3201 | polarity: 2.4292 | monodec: 0.0000 | rule: 230.8752 | group: 1.8233 | tree: 5.2711 | total: 2.5992
[New] Epoch 615/1000 | classify: 2.3041 | voltage: 1.2559 | conc: 0.0007 | consistency: 0.3201 | polarity: 2.3783 | monodec: 0.0000 | rule: 218.4139 | group: 1.7454 | tree: 5.0810 | total: 2.4809
[New] Epoch 616/1000 | classify: 2.3062 | voltage: 1.2504 | conc: 0.0006 | consistency: 0.3201 | polarity: 2.4348 | monodec: 0.0000 | rule: 211.5604 | group: 1.8126 | tree: 5.2561 | total: 2.4793
[New] Epoch 617/1000 | classify: 2.2734 | voltage: 1.2586 | conc: 0.0008 | consistency: 0.3166 | polarity: 2.4120 | monodec: 0.0000 | rule: 209.2445 | group: 1.8020 | tree: 5.3117 | total: 2.4460
[New] Epoch 618/1000 | classify: 2.5516 | voltage: 1.2740 | conc: 0.0006 | consistency: 0.3204 | polarity: 2.4683 | monodec: 0.0000 | rule: 236.1325 | group: 1.7999 | tree: 5.3084 | total: 2.7382
[New] Epoch 619/1000 | classify: 2.2525 | voltage: 1.2414 | conc: 0.0008 | consistency: 0.3206 | polarity: 2.4284 | monodec: 0.0000 | rule: 236.1721 | group: 1.7769 | tree: 5.1199 | total: 2.4376
[New] Epoch 620/1000 | classify: 2.3726 | voltage: 1.2445 | conc: 0.0006 | consistency: 0.3171 | polarity: 2.3717 | monodec: 0.0000 | rule: 219.1272 | group: 1.7016 | tree: 5.0191 | total: 2.5490
--- 验证集 [epoch 620] ---
  准确率 (Accuracy):  0.7671
  精确率 (Precision): 0.6242
  召回率 (Recall):    0.6304
  F1 分数 (F1):       0.6181
[New] Epoch 621/1000 | classify: 2.2228 | voltage: 1.2599 | conc: 0.0006 | consistency: 0.3208 | polarity: 2.3773 | monodec: 0.0000 | rule: 216.7640 | group: 1.7392 | tree: 4.9357 | total: 2.3987
[New] Epoch 622/1000 | classify: 2.5723 | voltage: 1.2836 | conc: 0.0004 | consistency: 0.3209 | polarity: 2.4624 | monodec: 0.0000 | rule: 222.8498 | group: 1.8073 | tree: 5.5260 | total: 2.7526
[New] Epoch 623/1000 | classify: 2.3713 | voltage: 1.2594 | conc: 0.0006 | consistency: 0.3210 | polarity: 2.3827 | monodec: 0.0000 | rule: 232.1100 | group: 1.7724 | tree: 5.2767 | total: 2.5551
[New] Epoch 624/1000 | classify: 2.4434 | voltage: 1.2849 | conc: 0.0008 | consistency: 0.3213 | polarity: 2.4617 | monodec: 0.0000 | rule: 216.1900 | group: 1.8232 | tree: 5.4347 | total: 2.6207
[New] Epoch 625/1000 | classify: 2.3466 | voltage: 1.2641 | conc: 0.0005 | consistency: 0.3215 | polarity: 2.3769 | monodec: 0.0000 | rule: 229.8259 | group: 1.7170 | tree: 5.0266 | total: 2.5292
[New] Epoch 626/1000 | classify: 2.2835 | voltage: 1.2854 | conc: 0.0006 | consistency: 0.3214 | polarity: 2.3658 | monodec: 0.0000 | rule: 229.4586 | group: 1.7284 | tree: 5.0038 | total: 2.4671
[New] Epoch 627/1000 | classify: 2.3260 | voltage: 1.3029 | conc: 0.0006 | consistency: 0.3142 | polarity: 2.3944 | monodec: 0.0000 | rule: 220.0109 | group: 1.7870 | tree: 5.2203 | total: 2.5059
[New] Epoch 628/1000 | classify: 2.3623 | voltage: 1.2644 | conc: 0.0007 | consistency: 0.3213 | polarity: 2.3947 | monodec: 0.0000 | rule: 232.4034 | group: 1.7748 | tree: 5.1492 | total: 2.5465
[New] Epoch 629/1000 | classify: 2.2287 | voltage: 1.3096 | conc: 0.0006 | consistency: 0.3213 | polarity: 2.3605 | monodec: 0.0000 | rule: 220.6348 | group: 1.7301 | tree: 5.1197 | total: 2.4091
[New] Epoch 630/1000 | classify: 2.3902 | voltage: 1.2724 | conc: 0.0007 | consistency: 0.3213 | polarity: 2.4288 | monodec: 0.0000 | rule: 238.3812 | group: 1.7827 | tree: 5.2658 | total: 2.5778
--- 验证集 [epoch 630] ---
  准确率 (Accuracy):  0.7740
  精确率 (Precision): 0.6164
  召回率 (Recall):    0.6056
  F1 分数 (F1):       0.6051
[New] Epoch 631/1000 | classify: 2.4397 | voltage: 1.3041 | conc: 0.0006 | consistency: 0.3214 | polarity: 2.4002 | monodec: 0.0000 | rule: 213.5926 | group: 1.7357 | tree: 5.0888 | total: 2.6163
[New] Epoch 632/1000 | classify: 2.4795 | voltage: 1.2779 | conc: 0.0008 | consistency: 0.3215 | polarity: 2.4284 | monodec: 0.0000 | rule: 219.6266 | group: 1.7435 | tree: 5.0681 | total: 2.6580
[New] Epoch 633/1000 | classify: 2.2318 | voltage: 1.2613 | conc: 0.0006 | consistency: 0.3218 | polarity: 2.3541 | monodec: 0.0000 | rule: 232.3476 | group: 1.7436 | tree: 5.1571 | total: 2.4157
[New] Epoch 634/1000 | classify: 2.2666 | voltage: 1.2679 | conc: 0.0006 | consistency: 0.3218 | polarity: 2.3263 | monodec: 0.0000 | rule: 241.9891 | group: 1.6635 | tree: 4.9743 | total: 2.4556
[New] Epoch 635/1000 | classify: 2.3921 | voltage: 1.2987 | conc: 0.0007 | consistency: 0.3219 | polarity: 2.4788 | monodec: 0.0000 | rule: 228.6091 | group: 1.7717 | tree: 5.1405 | total: 2.5761
[New] Epoch 636/1000 | classify: 2.4487 | voltage: 1.3042 | conc: 0.0004 | consistency: 0.3184 | polarity: 2.3940 | monodec: 0.0000 | rule: 203.5688 | group: 1.7459 | tree: 4.9930 | total: 2.6202
[New] Epoch 637/1000 | classify: 2.2379 | voltage: 1.2914 | conc: 0.0007 | consistency: 0.3219 | polarity: 2.3490 | monodec: 0.0000 | rule: 219.2037 | group: 1.6905 | tree: 5.1031 | total: 2.4168
[New] Epoch 638/1000 | classify: 2.3591 | voltage: 1.2605 | conc: 0.0007 | consistency: 0.3219 | polarity: 2.3773 | monodec: 0.0000 | rule: 231.6790 | group: 1.7152 | tree: 5.0838 | total: 2.5427
[New] Epoch 639/1000 | classify: 2.3792 | voltage: 1.2990 | conc: 0.0006 | consistency: 0.3219 | polarity: 2.3999 | monodec: 0.0000 | rule: 233.0669 | group: 1.7483 | tree: 5.2476 | total: 2.5654
[New] Epoch 640/1000 | classify: 2.3845 | voltage: 1.2761 | conc: 0.0008 | consistency: 0.3221 | polarity: 2.4280 | monodec: 0.0000 | rule: 247.0951 | group: 1.7977 | tree: 5.3619 | total: 2.5769
--- 验证集 [epoch 640] ---
  准确率 (Accuracy):  0.7740
  精确率 (Precision): 0.6213
  召回率 (Recall):    0.6167
  F1 分数 (F1):       0.6132
[New] Epoch 641/1000 | classify: 2.5121 | voltage: 1.2539 | conc: 0.0009 | consistency: 0.3185 | polarity: 2.4393 | monodec: 0.0000 | rule: 241.9345 | group: 1.8019 | tree: 5.2846 | total: 2.7008
[New] Epoch 642/1000 | classify: 2.4470 | voltage: 1.2376 | conc: 0.0008 | consistency: 0.3223 | polarity: 2.4390 | monodec: 0.0000 | rule: 270.6835 | group: 1.6983 | tree: 5.1365 | total: 2.6492
[New] Epoch 643/1000 | classify: 2.3992 | voltage: 1.3233 | conc: 0.0005 | consistency: 0.3226 | polarity: 2.3651 | monodec: 0.0000 | rule: 214.1872 | group: 1.7355 | tree: 5.0868 | total: 2.5770
[New] Epoch 644/1000 | classify: 2.2698 | voltage: 1.3362 | conc: 0.0008 | consistency: 0.3226 | polarity: 2.3824 | monodec: 0.0000 | rule: 210.3633 | group: 1.7693 | tree: 5.2004 | total: 2.4467
[New] Epoch 645/1000 | classify: 2.5632 | voltage: 1.3422 | conc: 0.0008 | consistency: 0.3227 | polarity: 2.4896 | monodec: 0.0000 | rule: 222.9769 | group: 1.8702 | tree: 5.5667 | total: 2.7471
[New] Epoch 646/1000 | classify: 2.5631 | voltage: 1.3009 | conc: 0.0007 | consistency: 0.3193 | polarity: 2.5065 | monodec: 0.0000 | rule: 231.3351 | group: 1.8229 | tree: 5.4508 | total: 2.7488
[New] Epoch 647/1000 | classify: 2.2502 | voltage: 1.2988 | conc: 0.0011 | consistency: 0.3230 | polarity: 2.4048 | monodec: 0.0000 | rule: 225.5787 | group: 1.8158 | tree: 5.2939 | total: 2.4332
[New] Epoch 648/1000 | classify: 2.4377 | voltage: 1.3182 | conc: 0.0006 | consistency: 0.3227 | polarity: 2.3827 | monodec: 0.0000 | rule: 213.5778 | group: 1.7391 | tree: 5.1299 | total: 2.6150
[New] Epoch 649/1000 | classify: 2.3963 | voltage: 1.2990 | conc: 0.0008 | consistency: 0.3230 | polarity: 2.4727 | monodec: 0.0000 | rule: 250.1305 | group: 1.8040 | tree: 5.3121 | total: 2.5913
[New] Epoch 650/1000 | classify: 2.5117 | voltage: 1.3085 | conc: 0.0006 | consistency: 0.3231 | polarity: 2.4333 | monodec: 0.0000 | rule: 229.7623 | group: 1.7961 | tree: 5.3157 | total: 2.6969
--- 验证集 [epoch 650] ---
  准确率 (Accuracy):  0.7534
  精确率 (Precision): 0.6063
  召回率 (Recall):    0.5896
  F1 分数 (F1):       0.5857
✅ 模型已保存到 /home/kudouzala/Application/ion_detect/output/trained_model_save/exp_new_i/trained_model_epoch_650.pth
📁 损失值已保存到 /home/kudouzala/Application/ion_detect/output/trained_model_save/exp_new_i/training_loss_epoch_650.csv
[New] Epoch 651/1000 | classify: 2.3399 | voltage: 1.3416 | conc: 0.0007 | consistency: 0.3231 | polarity: 2.4446 | monodec: 0.0000 | rule: 221.5244 | group: 1.7998 | tree: 5.3761 | total: 2.5227
[New] Epoch 652/1000 | classify: 2.3144 | voltage: 1.2758 | conc: 0.0004 | consistency: 0.3229 | polarity: 2.3661 | monodec: 0.0000 | rule: 233.5362 | group: 1.7216 | tree: 4.9246 | total: 2.4993
[New] Epoch 653/1000 | classify: 2.4533 | voltage: 1.3083 | conc: 0.0006 | consistency: 0.3229 | polarity: 2.4338 | monodec: 0.0000 | rule: 223.0708 | group: 1.7952 | tree: 5.3653 | total: 2.6350
[New] Epoch 654/1000 | classify: 2.3802 | voltage: 1.2907 | conc: 0.0008 | consistency: 0.3231 | polarity: 2.3938 | monodec: 0.0000 | rule: 223.5130 | group: 1.7656 | tree: 4.9683 | total: 2.5613
[New] Epoch 655/1000 | classify: 2.3145 | voltage: 1.2822 | conc: 0.0004 | consistency: 0.3233 | polarity: 2.3823 | monodec: 0.0000 | rule: 235.4105 | group: 1.7455 | tree: 5.0847 | total: 2.5008
[New] Epoch 656/1000 | classify: 2.5726 | voltage: 1.3257 | conc: 0.0005 | consistency: 0.3234 | polarity: 2.4670 | monodec: 0.0000 | rule: 211.3610 | group: 1.8552 | tree: 5.4889 | total: 2.7494
[New] Epoch 657/1000 | classify: 2.5009 | voltage: 1.3230 | conc: 0.0008 | consistency: 0.3237 | polarity: 2.4833 | monodec: 0.0000 | rule: 249.6199 | group: 1.8431 | tree: 5.4301 | total: 2.6969
[New] Epoch 658/1000 | classify: 2.4213 | voltage: 1.3337 | conc: 0.0008 | consistency: 0.3238 | polarity: 2.4044 | monodec: 0.0000 | rule: 213.9858 | group: 1.7019 | tree: 5.0055 | total: 2.5997
[New] Epoch 659/1000 | classify: 2.5641 | voltage: 1.3449 | conc: 0.0008 | consistency: 0.3240 | polarity: 2.5060 | monodec: 0.0000 | rule: 228.7333 | group: 1.8862 | tree: 5.5167 | total: 2.7509
[New] Epoch 660/1000 | classify: 2.5452 | voltage: 1.3135 | conc: 0.0010 | consistency: 0.3240 | polarity: 2.4724 | monodec: 0.0000 | rule: 240.1996 | group: 1.8148 | tree: 5.3349 | total: 2.7362
--- 验证集 [epoch 660] ---
  准确率 (Accuracy):  0.7603
  精确率 (Precision): 0.5893
  召回率 (Recall):    0.6075
  F1 分数 (F1):       0.5947
[New] Epoch 661/1000 | classify: 2.3520 | voltage: 1.3211 | conc: 0.0005 | consistency: 0.3241 | polarity: 2.3988 | monodec: 0.0000 | rule: 234.3666 | group: 1.7250 | tree: 5.0950 | total: 2.5397
[New] Epoch 662/1000 | classify: 2.3731 | voltage: 1.3123 | conc: 0.0006 | consistency: 0.3241 | polarity: 2.4156 | monodec: 0.0000 | rule: 251.5153 | group: 1.7521 | tree: 5.3586 | total: 2.5693
[New] Epoch 663/1000 | classify: 2.3299 | voltage: 1.3207 | conc: 0.0005 | consistency: 0.3242 | polarity: 2.3987 | monodec: 0.0000 | rule: 235.5693 | group: 1.7476 | tree: 5.0850 | total: 2.5183
[New] Epoch 664/1000 | classify: 2.4452 | voltage: 1.3385 | conc: 0.0008 | consistency: 0.3168 | polarity: 2.4162 | monodec: 0.0000 | rule: 219.9261 | group: 1.7449 | tree: 4.8933 | total: 2.6268
[New] Epoch 665/1000 | classify: 2.4497 | voltage: 1.3676 | conc: 0.0006 | consistency: 0.3240 | polarity: 2.4106 | monodec: 0.0000 | rule: 222.1721 | group: 1.7257 | tree: 5.0987 | total: 2.6338
[New] Epoch 666/1000 | classify: 2.4085 | voltage: 1.3193 | conc: 0.0005 | consistency: 0.3205 | polarity: 2.4160 | monodec: 0.0000 | rule: 213.3830 | group: 1.7465 | tree: 5.2303 | total: 2.5858
[New] Epoch 667/1000 | classify: 2.2795 | voltage: 1.3255 | conc: 0.0006 | consistency: 0.3243 | polarity: 2.3763 | monodec: 0.0000 | rule: 238.8853 | group: 1.6996 | tree: 5.0376 | total: 2.4699
[New] Epoch 668/1000 | classify: 2.4142 | voltage: 1.3277 | conc: 0.0008 | consistency: 0.3241 | polarity: 2.4165 | monodec: 0.0000 | rule: 243.8256 | group: 1.7674 | tree: 5.0485 | total: 2.6074
[New] Epoch 669/1000 | classify: 2.5125 | voltage: 1.3240 | conc: 0.0006 | consistency: 0.3241 | polarity: 2.4277 | monodec: 0.0000 | rule: 231.8686 | group: 1.7767 | tree: 5.1567 | total: 2.6993
[New] Epoch 670/1000 | classify: 2.5523 | voltage: 1.3267 | conc: 0.0010 | consistency: 0.3207 | polarity: 2.4666 | monodec: 0.0000 | rule: 234.6445 | group: 1.8079 | tree: 5.3751 | total: 2.7412
--- 验证集 [epoch 670] ---
  准确率 (Accuracy):  0.7671
  精确率 (Precision): 0.6222
  召回率 (Recall):    0.6406
  F1 分数 (F1):       0.6139
[New] Epoch 671/1000 | classify: 2.4727 | voltage: 1.3440 | conc: 0.0008 | consistency: 0.3246 | polarity: 2.4211 | monodec: 0.0000 | rule: 218.0826 | group: 1.7457 | tree: 5.0900 | total: 2.6538
[New] Epoch 672/1000 | classify: 2.3857 | voltage: 1.3294 | conc: 0.0006 | consistency: 0.3249 | polarity: 2.3813 | monodec: 0.0000 | rule: 252.1407 | group: 1.6812 | tree: 4.8094 | total: 2.5826
[New] Epoch 673/1000 | classify: 2.3742 | voltage: 1.3462 | conc: 0.0007 | consistency: 0.3214 | polarity: 2.3982 | monodec: 0.0000 | rule: 210.1590 | group: 1.7344 | tree: 5.0723 | total: 2.5514
[New] Epoch 674/1000 | classify: 2.5630 | voltage: 1.3064 | conc: 0.0010 | consistency: 0.3215 | polarity: 2.5057 | monodec: 0.0000 | rule: 257.8177 | group: 1.7951 | tree: 5.2591 | total: 2.7624
[New] Epoch 675/1000 | classify: 2.4754 | voltage: 1.3486 | conc: 0.0006 | consistency: 0.3253 | polarity: 2.4151 | monodec: 0.0000 | rule: 221.5888 | group: 1.8007 | tree: 5.0903 | total: 2.6583
[New] Epoch 676/1000 | classify: 2.3471 | voltage: 1.3747 | conc: 0.0007 | consistency: 0.3216 | polarity: 2.4042 | monodec: 0.0000 | rule: 236.7702 | group: 1.7685 | tree: 5.1764 | total: 2.5391
[New] Epoch 677/1000 | classify: 2.4466 | voltage: 1.3588 | conc: 0.0005 | consistency: 0.3252 | polarity: 2.4099 | monodec: 0.0000 | rule: 207.6274 | group: 1.7597 | tree: 5.0440 | total: 2.6229
[New] Epoch 678/1000 | classify: 2.3548 | voltage: 1.3482 | conc: 0.0011 | consistency: 0.3215 | polarity: 2.4610 | monodec: 0.0000 | rule: 220.7900 | group: 1.7920 | tree: 5.4621 | total: 2.5380
[New] Epoch 679/1000 | classify: 2.2969 | voltage: 1.3759 | conc: 0.0010 | consistency: 0.3214 | polarity: 2.4332 | monodec: 0.0000 | rule: 232.1276 | group: 1.8745 | tree: 5.2380 | total: 2.4870
[New] Epoch 680/1000 | classify: 2.5197 | voltage: 1.3425 | conc: 0.0006 | consistency: 0.3251 | polarity: 2.4161 | monodec: 0.0000 | rule: 250.0442 | group: 1.7475 | tree: 5.0353 | total: 2.7165
--- 验证集 [epoch 680] ---
  准确率 (Accuracy):  0.7534
  精确率 (Precision): 0.6035
  召回率 (Recall):    0.5656
  F1 分数 (F1):       0.5576
[New] Epoch 681/1000 | classify: 2.4160 | voltage: 1.3473 | conc: 0.0011 | consistency: 0.3253 | polarity: 2.4439 | monodec: 0.0000 | rule: 234.8837 | group: 1.7933 | tree: 5.3298 | total: 2.6061
[New] Epoch 682/1000 | classify: 2.3521 | voltage: 1.3652 | conc: 0.0006 | consistency: 0.3255 | polarity: 2.3984 | monodec: 0.0000 | rule: 219.5013 | group: 1.7318 | tree: 5.1739 | total: 2.5348
[New] Epoch 683/1000 | classify: 2.4466 | voltage: 1.3349 | conc: 0.0009 | consistency: 0.3256 | polarity: 2.4153 | monodec: 0.0000 | rule: 229.5407 | group: 1.7612 | tree: 5.4296 | total: 2.6332
[New] Epoch 684/1000 | classify: 2.3297 | voltage: 1.3614 | conc: 0.0010 | consistency: 0.3257 | polarity: 2.4267 | monodec: 0.0000 | rule: 228.0474 | group: 1.7958 | tree: 5.0505 | total: 2.5169
[New] Epoch 685/1000 | classify: 2.4973 | voltage: 1.3420 | conc: 0.0007 | consistency: 0.3257 | polarity: 2.4380 | monodec: 0.0000 | rule: 248.1694 | group: 1.7690 | tree: 5.0946 | total: 2.6933
[New] Epoch 686/1000 | classify: 2.3648 | voltage: 1.4024 | conc: 0.0005 | consistency: 0.3223 | polarity: 2.3528 | monodec: 0.0000 | rule: 206.8889 | group: 1.8288 | tree: 5.1543 | total: 2.5430
[New] Epoch 687/1000 | classify: 2.3653 | voltage: 1.3242 | conc: 0.0007 | consistency: 0.3259 | polarity: 2.3645 | monodec: 0.0000 | rule: 230.2246 | group: 1.7059 | tree: 5.1220 | total: 2.5513
[New] Epoch 688/1000 | classify: 2.5219 | voltage: 1.3363 | conc: 0.0008 | consistency: 0.3258 | polarity: 2.4157 | monodec: 0.0000 | rule: 233.2656 | group: 1.7711 | tree: 5.4066 | total: 2.7103
[New] Epoch 689/1000 | classify: 2.4686 | voltage: 1.3261 | conc: 0.0011 | consistency: 0.3262 | polarity: 2.4376 | monodec: 0.0000 | rule: 250.3884 | group: 1.7823 | tree: 5.3253 | total: 2.6654
[New] Epoch 690/1000 | classify: 2.5638 | voltage: 1.3557 | conc: 0.0010 | consistency: 0.3264 | polarity: 2.4658 | monodec: 0.0000 | rule: 211.0684 | group: 1.7954 | tree: 5.1694 | total: 2.7422
--- 验证集 [epoch 690] ---
  准确率 (Accuracy):  0.7534
  精确率 (Precision): 0.5824
  召回率 (Recall):    0.5947
  F1 分数 (F1):       0.5759
[New] Epoch 691/1000 | classify: 2.5229 | voltage: 1.3528 | conc: 0.0007 | consistency: 0.3263 | polarity: 2.4774 | monodec: 0.0000 | rule: 233.6467 | group: 1.8056 | tree: 5.2329 | total: 2.7123
[New] Epoch 692/1000 | classify: 2.2939 | voltage: 1.3725 | conc: 0.0006 | consistency: 0.3264 | polarity: 2.3699 | monodec: 0.0000 | rule: 222.6918 | group: 1.7569 | tree: 4.9555 | total: 2.4785
[New] Epoch 693/1000 | classify: 2.3027 | voltage: 1.3773 | conc: 0.0008 | consistency: 0.3264 | polarity: 2.3588 | monodec: 0.0000 | rule: 225.9320 | group: 1.6635 | tree: 4.9812 | total: 2.4893
[New] Epoch 694/1000 | classify: 2.3481 | voltage: 1.3691 | conc: 0.0007 | consistency: 0.3265 | polarity: 2.3757 | monodec: 0.0000 | rule: 220.6047 | group: 1.7047 | tree: 4.9344 | total: 2.5315
[New] Epoch 695/1000 | classify: 2.4581 | voltage: 1.3630 | conc: 0.0010 | consistency: 0.3261 | polarity: 2.4106 | monodec: 0.0000 | rule: 218.3324 | group: 1.7574 | tree: 5.2103 | total: 2.6405
[New] Epoch 696/1000 | classify: 2.5236 | voltage: 1.3720 | conc: 0.0009 | consistency: 0.3260 | polarity: 2.4389 | monodec: 0.0000 | rule: 227.0168 | group: 1.8536 | tree: 5.2691 | total: 2.7109
[New] Epoch 697/1000 | classify: 2.4614 | voltage: 1.3610 | conc: 0.0008 | consistency: 0.3261 | polarity: 2.4330 | monodec: 0.0000 | rule: 234.0581 | group: 1.8239 | tree: 5.4240 | total: 2.6515
[New] Epoch 698/1000 | classify: 2.4410 | voltage: 1.3664 | conc: 0.0005 | consistency: 0.3226 | polarity: 2.4213 | monodec: 0.0000 | rule: 211.2879 | group: 1.7437 | tree: 5.2073 | total: 2.6197
[New] Epoch 699/1000 | classify: 2.4814 | voltage: 1.3618 | conc: 0.0005 | consistency: 0.3225 | polarity: 2.4386 | monodec: 0.0000 | rule: 227.5135 | group: 1.7737 | tree: 5.3485 | total: 2.6680
[New] Epoch 700/1000 | classify: 2.5784 | voltage: 1.3788 | conc: 0.0009 | consistency: 0.3263 | polarity: 2.4781 | monodec: 0.0000 | rule: 234.0346 | group: 1.8343 | tree: 5.1732 | total: 2.7695
--- 验证集 [epoch 700] ---
  准确率 (Accuracy):  0.7466
  精确率 (Precision): 0.6226
  召回率 (Recall):    0.6231
  F1 分数 (F1):       0.6038
✅ 模型已保存到 /home/kudouzala/Application/ion_detect/output/trained_model_save/exp_new_i/trained_model_epoch_700.pth
📁 损失值已保存到 /home/kudouzala/Application/ion_detect/output/trained_model_save/exp_new_i/training_loss_epoch_700.csv
[New] Epoch 701/1000 | classify: 2.5071 | voltage: 1.3656 | conc: 0.0011 | consistency: 0.3228 | polarity: 2.4889 | monodec: 0.0000 | rule: 215.7819 | group: 1.8621 | tree: 5.6747 | total: 2.6888
[New] Epoch 702/1000 | classify: 2.4414 | voltage: 1.3711 | conc: 0.0008 | consistency: 0.3265 | polarity: 2.4325 | monodec: 0.0000 | rule: 234.5143 | group: 1.7854 | tree: 5.0514 | total: 2.6321
[New] Epoch 703/1000 | classify: 2.3756 | voltage: 1.3911 | conc: 0.0006 | consistency: 0.3264 | polarity: 2.4101 | monodec: 0.0000 | rule: 209.5135 | group: 1.7181 | tree: 4.8704 | total: 2.5545
[New] Epoch 704/1000 | classify: 2.4033 | voltage: 1.3751 | conc: 0.0007 | consistency: 0.3229 | polarity: 2.4211 | monodec: 0.0000 | rule: 216.0902 | group: 1.7764 | tree: 5.0959 | total: 2.5849
[New] Epoch 705/1000 | classify: 2.3211 | voltage: 1.4033 | conc: 0.0007 | consistency: 0.3267 | polarity: 2.3643 | monodec: 0.0000 | rule: 210.5449 | group: 1.7464 | tree: 5.2600 | total: 2.5014
[New] Epoch 706/1000 | classify: 2.4494 | voltage: 1.3678 | conc: 0.0007 | consistency: 0.3268 | polarity: 2.4264 | monodec: 0.0000 | rule: 230.5133 | group: 1.8023 | tree: 5.3768 | total: 2.6380
[New] Epoch 707/1000 | classify: 2.3126 | voltage: 1.3845 | conc: 0.0007 | consistency: 0.3268 | polarity: 2.3813 | monodec: 0.0000 | rule: 213.2531 | group: 1.7491 | tree: 4.9575 | total: 2.4932
[New] Epoch 708/1000 | classify: 2.6027 | voltage: 1.4194 | conc: 0.0009 | consistency: 0.3268 | polarity: 2.5285 | monodec: 0.0000 | rule: 228.7473 | group: 1.9093 | tree: 5.5244 | total: 2.7933
[New] Epoch 709/1000 | classify: 2.5578 | voltage: 1.3649 | conc: 0.0010 | consistency: 0.3233 | polarity: 2.4941 | monodec: 0.0000 | rule: 240.5857 | group: 1.8327 | tree: 5.7219 | total: 2.7518
[New] Epoch 710/1000 | classify: 2.5013 | voltage: 1.3640 | conc: 0.0004 | consistency: 0.3272 | polarity: 2.3639 | monodec: 0.0000 | rule: 238.4455 | group: 1.7095 | tree: 4.9148 | total: 2.6931
--- 验证集 [epoch 710] ---
  准确率 (Accuracy):  0.7740
  精确率 (Precision): 0.6659
  召回率 (Recall):    0.6056
  F1 分数 (F1):       0.6203
[New] Epoch 711/1000 | classify: 2.5281 | voltage: 1.3752 | conc: 0.0010 | consistency: 0.3274 | polarity: 2.4597 | monodec: 0.0000 | rule: 242.2236 | group: 1.9087 | tree: 5.7323 | total: 2.7234
[New] Epoch 712/1000 | classify: 2.4119 | voltage: 1.3700 | conc: 0.0007 | consistency: 0.3275 | polarity: 2.4091 | monodec: 0.0000 | rule: 243.0573 | group: 1.7589 | tree: 5.1107 | total: 2.6067
[New] Epoch 713/1000 | classify: 2.4073 | voltage: 1.3989 | conc: 0.0005 | consistency: 0.3275 | polarity: 2.3866 | monodec: 0.0000 | rule: 211.6148 | group: 1.7237 | tree: 4.9843 | total: 2.5875
[New] Epoch 714/1000 | classify: 2.6126 | voltage: 1.3791 | conc: 0.0005 | consistency: 0.3275 | polarity: 2.4488 | monodec: 0.0000 | rule: 236.9890 | group: 1.7957 | tree: 5.1716 | total: 2.8046
[New] Epoch 715/1000 | classify: 2.3574 | voltage: 1.3498 | conc: 0.0010 | consistency: 0.3275 | polarity: 2.4433 | monodec: 0.0000 | rule: 251.2167 | group: 1.8061 | tree: 5.5026 | total: 2.5558
[New] Epoch 716/1000 | classify: 2.3483 | voltage: 1.3865 | conc: 0.0005 | consistency: 0.3274 | polarity: 2.3530 | monodec: 0.0000 | rule: 245.7199 | group: 1.7060 | tree: 5.1316 | total: 2.5451
[New] Epoch 717/1000 | classify: 2.4028 | voltage: 1.4227 | conc: 0.0007 | consistency: 0.3273 | polarity: 2.4098 | monodec: 0.0000 | rule: 222.7219 | group: 1.7425 | tree: 4.9265 | total: 2.5899
[New] Epoch 718/1000 | classify: 2.3281 | voltage: 1.3768 | conc: 0.0007 | consistency: 0.3273 | polarity: 2.3590 | monodec: 0.0000 | rule: 229.3177 | group: 1.6938 | tree: 4.6611 | total: 2.5161
[New] Epoch 719/1000 | classify: 2.5549 | voltage: 1.3704 | conc: 0.0011 | consistency: 0.3274 | polarity: 2.5171 | monodec: 0.0000 | rule: 248.8992 | group: 1.8302 | tree: 5.4660 | total: 2.7533
[New] Epoch 720/1000 | classify: 2.3500 | voltage: 1.3780 | conc: 0.0005 | consistency: 0.3237 | polarity: 2.3759 | monodec: 0.0000 | rule: 226.6856 | group: 1.7076 | tree: 5.0015 | total: 2.5368
--- 验证集 [epoch 720] ---
  准确率 (Accuracy):  0.7534
  精确率 (Precision): 0.6631
  召回率 (Recall):    0.5699
  F1 分数 (F1):       0.5910
[New] Epoch 721/1000 | classify: 2.6207 | voltage: 1.3516 | conc: 0.0008 | consistency: 0.3275 | polarity: 2.4775 | monodec: 0.0000 | rule: 253.1202 | group: 1.8119 | tree: 5.2863 | total: 2.8198
[New] Epoch 722/1000 | classify: 2.3928 | voltage: 1.4006 | conc: 0.0007 | consistency: 0.3241 | polarity: 2.4261 | monodec: 0.0000 | rule: 226.5200 | group: 1.7910 | tree: 5.3760 | total: 2.5811
[New] Epoch 723/1000 | classify: 2.4723 | voltage: 1.3782 | conc: 0.0007 | consistency: 0.3277 | polarity: 2.4322 | monodec: 0.0000 | rule: 257.5626 | group: 1.7330 | tree: 4.9803 | total: 2.6747
[New] Epoch 724/1000 | classify: 2.4126 | voltage: 1.3870 | conc: 0.0005 | consistency: 0.3279 | polarity: 2.3866 | monodec: 0.0000 | rule: 232.0451 | group: 1.7157 | tree: 5.1504 | total: 2.6026
[New] Epoch 725/1000 | classify: 2.6334 | voltage: 1.3967 | conc: 0.0007 | consistency: 0.3281 | polarity: 2.4881 | monodec: 0.0000 | rule: 229.3577 | group: 1.8017 | tree: 5.2543 | total: 2.8228
[New] Epoch 726/1000 | classify: 2.4461 | voltage: 1.4183 | conc: 0.0009 | consistency: 0.3281 | polarity: 2.4657 | monodec: 0.0000 | rule: 217.0632 | group: 1.7892 | tree: 5.1830 | total: 2.6306
[New] Epoch 727/1000 | classify: 2.4012 | voltage: 1.3407 | conc: 0.0007 | consistency: 0.3280 | polarity: 2.4206 | monodec: 0.0000 | rule: 255.8073 | group: 1.7808 | tree: 5.2854 | total: 2.6010
[New] Epoch 728/1000 | classify: 2.3577 | voltage: 1.4032 | conc: 0.0007 | consistency: 0.3281 | polarity: 2.3641 | monodec: 0.0000 | rule: 218.2475 | group: 1.7007 | tree: 5.1101 | total: 2.5417
[New] Epoch 729/1000 | classify: 2.3097 | voltage: 1.3569 | conc: 0.0004 | consistency: 0.3280 | polarity: 2.3473 | monodec: 0.0000 | rule: 257.4248 | group: 1.6812 | tree: 4.9036 | total: 2.5106
[New] Epoch 730/1000 | classify: 2.2594 | voltage: 1.4095 | conc: 0.0007 | consistency: 0.3243 | polarity: 2.3133 | monodec: 0.0000 | rule: 238.5874 | group: 1.6959 | tree: 4.9386 | total: 2.4538
--- 验证集 [epoch 730] ---
  准确率 (Accuracy):  0.7603
  精确率 (Precision): 0.6194
  召回率 (Recall):    0.5988
  F1 分数 (F1):       0.5933
[New] Epoch 731/1000 | classify: 2.4177 | voltage: 1.4206 | conc: 0.0007 | consistency: 0.3281 | polarity: 2.4095 | monodec: 0.0000 | rule: 225.8875 | group: 1.7872 | tree: 5.1641 | total: 2.6066
[New] Epoch 732/1000 | classify: 2.3504 | voltage: 1.4215 | conc: 0.0007 | consistency: 0.3280 | polarity: 2.3983 | monodec: 0.0000 | rule: 230.0009 | group: 1.7887 | tree: 5.0618 | total: 2.5413
[New] Epoch 733/1000 | classify: 2.3693 | voltage: 1.4215 | conc: 0.0009 | consistency: 0.3245 | polarity: 2.4150 | monodec: 0.0000 | rule: 231.5938 | group: 1.7476 | tree: 5.1891 | total: 2.5611
[New] Epoch 734/1000 | classify: 2.5910 | voltage: 1.4060 | conc: 0.0007 | consistency: 0.3245 | polarity: 2.4603 | monodec: 0.0000 | rule: 240.1060 | group: 1.7976 | tree: 5.1835 | total: 2.7861
[New] Epoch 735/1000 | classify: 2.2954 | voltage: 1.4061 | conc: 0.0008 | consistency: 0.3283 | polarity: 2.3584 | monodec: 0.0000 | rule: 225.2606 | group: 1.7235 | tree: 4.9475 | total: 2.4831
[New] Epoch 736/1000 | classify: 2.3804 | voltage: 1.4480 | conc: 0.0005 | consistency: 0.3282 | polarity: 2.4041 | monodec: 0.0000 | rule: 193.5311 | group: 1.7916 | tree: 4.8954 | total: 2.5540
[New] Epoch 737/1000 | classify: 2.4162 | voltage: 1.4099 | conc: 0.0007 | consistency: 0.3281 | polarity: 2.4493 | monodec: 0.0000 | rule: 199.1921 | group: 1.8109 | tree: 5.1849 | total: 2.5912
[New] Epoch 738/1000 | classify: 2.2846 | voltage: 1.4226 | conc: 0.0007 | consistency: 0.3280 | polarity: 2.3761 | monodec: 0.0000 | rule: 213.4544 | group: 1.7520 | tree: 5.0950 | total: 2.4672
[New] Epoch 739/1000 | classify: 2.3649 | voltage: 1.3930 | conc: 0.0009 | consistency: 0.3279 | polarity: 2.4047 | monodec: 0.0000 | rule: 225.4603 | group: 1.8059 | tree: 5.2249 | total: 2.5524
[New] Epoch 740/1000 | classify: 2.5007 | voltage: 1.3734 | conc: 0.0006 | consistency: 0.3279 | polarity: 2.4158 | monodec: 0.0000 | rule: 239.7195 | group: 1.7658 | tree: 5.4785 | total: 2.6941
--- 验证集 [epoch 740] ---
  准确率 (Accuracy):  0.7534
  精确率 (Precision): 0.5965
  召回率 (Recall):    0.5896
  F1 分数 (F1):       0.5784
[New] Epoch 741/1000 | classify: 2.6047 | voltage: 1.3624 | conc: 0.0009 | consistency: 0.3280 | polarity: 2.4608 | monodec: 0.0000 | rule: 259.4736 | group: 1.7972 | tree: 5.2468 | total: 2.8076
[New] Epoch 742/1000 | classify: 2.5719 | voltage: 1.3878 | conc: 0.0008 | consistency: 0.3282 | polarity: 2.5057 | monodec: 0.0000 | rule: 242.8851 | group: 1.8229 | tree: 5.5052 | total: 2.7678
[New] Epoch 743/1000 | classify: 2.4245 | voltage: 1.4232 | conc: 0.0008 | consistency: 0.3284 | polarity: 2.4037 | monodec: 0.0000 | rule: 224.4525 | group: 1.7479 | tree: 5.2341 | total: 2.6128
[New] Epoch 744/1000 | classify: 2.4580 | voltage: 1.3725 | conc: 0.0008 | consistency: 0.3285 | polarity: 2.4430 | monodec: 0.0000 | rule: 228.3902 | group: 1.7661 | tree: 5.1809 | total: 2.6457
[New] Epoch 745/1000 | classify: 2.4902 | voltage: 1.4308 | conc: 0.0007 | consistency: 0.3287 | polarity: 2.4428 | monodec: 0.0000 | rule: 218.3122 | group: 1.8510 | tree: 5.2196 | total: 2.6758
[New] Epoch 746/1000 | classify: 2.5441 | voltage: 1.4068 | conc: 0.0007 | consistency: 0.3286 | polarity: 2.4941 | monodec: 0.0000 | rule: 223.4243 | group: 1.7963 | tree: 5.4564 | total: 2.7311
[New] Epoch 747/1000 | classify: 2.4079 | voltage: 1.4271 | conc: 0.0006 | consistency: 0.3288 | polarity: 2.3807 | monodec: 0.0000 | rule: 219.9644 | group: 1.7501 | tree: 4.9848 | total: 2.5938
[New] Epoch 748/1000 | classify: 2.4833 | voltage: 1.4293 | conc: 0.0005 | consistency: 0.3289 | polarity: 2.4428 | monodec: 0.0000 | rule: 218.7003 | group: 1.7794 | tree: 5.2036 | total: 2.6688
[New] Epoch 749/1000 | classify: 2.3394 | voltage: 1.4488 | conc: 0.0006 | consistency: 0.3289 | polarity: 2.3695 | monodec: 0.0000 | rule: 203.7196 | group: 1.7205 | tree: 4.7848 | total: 2.5181
[New] Epoch 750/1000 | classify: 2.5270 | voltage: 1.4036 | conc: 0.0006 | consistency: 0.3288 | polarity: 2.4489 | monodec: 0.0000 | rule: 235.9933 | group: 1.7662 | tree: 5.3420 | total: 2.7199
--- 验证集 [epoch 750] ---
  准确率 (Accuracy):  0.7397
  精确率 (Precision): 0.5814
  召回率 (Recall):    0.5808
  F1 分数 (F1):       0.5636
✅ 模型已保存到 /home/kudouzala/Application/ion_detect/output/trained_model_save/exp_new_i/trained_model_epoch_750.pth
📁 损失值已保存到 /home/kudouzala/Application/ion_detect/output/trained_model_save/exp_new_i/training_loss_epoch_750.csv
[New] Epoch 751/1000 | classify: 2.3196 | voltage: 1.4497 | conc: 0.0005 | consistency: 0.3289 | polarity: 2.3639 | monodec: 0.0000 | rule: 226.0404 | group: 1.7350 | tree: 4.8537 | total: 2.5095
[New] Epoch 752/1000 | classify: 2.3153 | voltage: 1.4233 | conc: 0.0008 | consistency: 0.3289 | polarity: 2.3922 | monodec: 0.0000 | rule: 205.3748 | group: 1.7207 | tree: 4.9625 | total: 2.4940
[New] Epoch 753/1000 | classify: 2.4707 | voltage: 1.4249 | conc: 0.0007 | consistency: 0.3288 | polarity: 2.4379 | monodec: 0.0000 | rule: 230.8317 | group: 1.7714 | tree: 5.2833 | total: 2.6623
[New] Epoch 754/1000 | classify: 2.4974 | voltage: 1.4442 | conc: 0.0007 | consistency: 0.3289 | polarity: 2.4658 | monodec: 0.0000 | rule: 221.0913 | group: 1.8360 | tree: 5.3796 | total: 2.6851
[New] Epoch 755/1000 | classify: 2.4511 | voltage: 1.4165 | conc: 0.0008 | consistency: 0.3253 | polarity: 2.4375 | monodec: 0.0000 | rule: 224.0410 | group: 1.7728 | tree: 5.2085 | total: 2.6389
[New] Epoch 756/1000 | classify: 2.4405 | voltage: 1.4273 | conc: 0.0009 | consistency: 0.3290 | polarity: 2.4206 | monodec: 0.0000 | rule: 235.1359 | group: 1.8290 | tree: 5.3209 | total: 2.6345
[New] Epoch 757/1000 | classify: 2.2927 | voltage: 1.4344 | conc: 0.0007 | consistency: 0.3290 | polarity: 2.3302 | monodec: 0.0000 | rule: 214.3158 | group: 1.7168 | tree: 4.9188 | total: 2.4762
[New] Epoch 758/1000 | classify: 2.3856 | voltage: 1.3962 | conc: 0.0005 | consistency: 0.3289 | polarity: 2.3644 | monodec: 0.0000 | rule: 240.6588 | group: 1.6866 | tree: 5.0546 | total: 2.5802
[New] Epoch 759/1000 | classify: 2.5194 | voltage: 1.4137 | conc: 0.0009 | consistency: 0.3290 | polarity: 2.5397 | monodec: 0.0000 | rule: 229.1521 | group: 1.8810 | tree: 5.5480 | total: 2.7099
[New] Epoch 760/1000 | classify: 2.3287 | voltage: 1.4134 | conc: 0.0008 | consistency: 0.3289 | polarity: 2.3928 | monodec: 0.0000 | rule: 233.8512 | group: 1.7564 | tree: 5.0831 | total: 2.5211
--- 验证集 [epoch 760] ---
  准确率 (Accuracy):  0.7466
  精确率 (Precision): 0.6199
  召回率 (Recall):    0.6145
  F1 分数 (F1):       0.5970
[New] Epoch 761/1000 | classify: 2.4322 | voltage: 1.4170 | conc: 0.0010 | consistency: 0.3289 | polarity: 2.4493 | monodec: 0.0000 | rule: 240.0415 | group: 1.7880 | tree: 5.2892 | total: 2.6282
[New] Epoch 762/1000 | classify: 2.4376 | voltage: 1.3914 | conc: 0.0006 | consistency: 0.3290 | polarity: 2.4209 | monodec: 0.0000 | rule: 232.3225 | group: 1.7095 | tree: 4.9988 | total: 2.6279
[New] Epoch 763/1000 | classify: 2.4818 | voltage: 1.4481 | conc: 0.0005 | consistency: 0.3290 | polarity: 2.4266 | monodec: 0.0000 | rule: 205.7418 | group: 1.7544 | tree: 5.1714 | total: 2.6617
[New] Epoch 764/1000 | classify: 2.4462 | voltage: 1.4257 | conc: 0.0009 | consistency: 0.3292 | polarity: 2.3981 | monodec: 0.0000 | rule: 240.4593 | group: 1.7419 | tree: 5.0582 | total: 2.6427
[New] Epoch 765/1000 | classify: 2.3486 | voltage: 1.4169 | conc: 0.0008 | consistency: 0.3291 | polarity: 2.3871 | monodec: 0.0000 | rule: 218.2623 | group: 1.7488 | tree: 4.9570 | total: 2.5334
[New] Epoch 766/1000 | classify: 2.3158 | voltage: 1.4110 | conc: 0.0007 | consistency: 0.3291 | polarity: 2.3871 | monodec: 0.0000 | rule: 240.1451 | group: 1.7172 | tree: 4.9529 | total: 2.5111
[New] Epoch 767/1000 | classify: 2.2962 | voltage: 1.4061 | conc: 0.0007 | consistency: 0.3291 | polarity: 2.3079 | monodec: 0.0000 | rule: 230.7152 | group: 1.6857 | tree: 5.0390 | total: 2.4865
[New] Epoch 768/1000 | classify: 2.4209 | voltage: 1.4675 | conc: 0.0006 | consistency: 0.3290 | polarity: 2.4099 | monodec: 0.0000 | rule: 220.1687 | group: 1.7850 | tree: 5.1656 | total: 2.6091
[New] Epoch 769/1000 | classify: 2.4401 | voltage: 1.4226 | conc: 0.0006 | consistency: 0.3291 | polarity: 2.4492 | monodec: 0.0000 | rule: 229.0008 | group: 1.7884 | tree: 5.4301 | total: 2.6306
[New] Epoch 770/1000 | classify: 2.4312 | voltage: 1.3952 | conc: 0.0012 | consistency: 0.3293 | polarity: 2.4319 | monodec: 0.0000 | rule: 250.7749 | group: 1.7823 | tree: 5.2947 | total: 2.6317
--- 验证集 [epoch 770] ---
  准确率 (Accuracy):  0.7603
  精确率 (Precision): 0.6228
  召回率 (Recall):    0.5818
  F1 分数 (F1):       0.5876
[New] Epoch 771/1000 | classify: 2.4456 | voltage: 1.4534 | conc: 0.0008 | consistency: 0.3294 | polarity: 2.4204 | monodec: 0.0000 | rule: 222.6787 | group: 1.8264 | tree: 5.4253 | total: 2.6346
[New] Epoch 772/1000 | classify: 2.3596 | voltage: 1.4592 | conc: 0.0005 | consistency: 0.3295 | polarity: 2.3299 | monodec: 0.0000 | rule: 220.5990 | group: 1.6509 | tree: 5.0324 | total: 2.5473
[New] Epoch 773/1000 | classify: 2.5014 | voltage: 1.4617 | conc: 0.0008 | consistency: 0.3296 | polarity: 2.4090 | monodec: 0.0000 | rule: 229.1923 | group: 1.7542 | tree: 5.2480 | total: 2.6940
[New] Epoch 774/1000 | classify: 2.4211 | voltage: 1.4760 | conc: 0.0007 | consistency: 0.3297 | polarity: 2.4145 | monodec: 0.0000 | rule: 207.0927 | group: 1.8265 | tree: 5.1476 | total: 2.6034
[New] Epoch 775/1000 | classify: 2.4136 | voltage: 1.4297 | conc: 0.0007 | consistency: 0.3298 | polarity: 2.4259 | monodec: 0.0000 | rule: 232.2059 | group: 1.7382 | tree: 4.8612 | total: 2.6058
[New] Epoch 776/1000 | classify: 2.3454 | voltage: 1.4617 | conc: 0.0006 | consistency: 0.3299 | polarity: 2.3918 | monodec: 0.0000 | rule: 207.8769 | group: 1.7232 | tree: 5.0262 | total: 2.5270
[New] Epoch 777/1000 | classify: 2.4412 | voltage: 1.4524 | conc: 0.0006 | consistency: 0.3299 | polarity: 2.4202 | monodec: 0.0000 | rule: 208.7714 | group: 1.7176 | tree: 5.0871 | total: 2.6228
[New] Epoch 778/1000 | classify: 2.5091 | voltage: 1.4287 | conc: 0.0008 | consistency: 0.3300 | polarity: 2.4258 | monodec: 0.0000 | rule: 249.5575 | group: 1.7875 | tree: 5.2087 | total: 2.7103
[New] Epoch 779/1000 | classify: 2.3476 | voltage: 1.4427 | conc: 0.0006 | consistency: 0.3299 | polarity: 2.3921 | monodec: 0.0000 | rule: 231.6378 | group: 1.7314 | tree: 4.8078 | total: 2.5401
[New] Epoch 780/1000 | classify: 2.2982 | voltage: 1.4659 | conc: 0.0005 | consistency: 0.3301 | polarity: 2.3352 | monodec: 0.0000 | rule: 211.9853 | group: 1.7711 | tree: 5.1991 | total: 2.4821
--- 验证集 [epoch 780] ---
  准确率 (Accuracy):  0.7740
  精确率 (Precision): 0.6125
  召回率 (Recall):    0.6056
  F1 分数 (F1):       0.5965
[New] Epoch 781/1000 | classify: 2.3862 | voltage: 1.4305 | conc: 0.0007 | consistency: 0.3303 | polarity: 2.3633 | monodec: 0.0000 | rule: 220.8521 | group: 1.7161 | tree: 5.0612 | total: 2.5729
[New] Epoch 782/1000 | classify: 2.3351 | voltage: 1.4401 | conc: 0.0008 | consistency: 0.3303 | polarity: 2.3352 | monodec: 0.0000 | rule: 252.5350 | group: 1.7213 | tree: 4.9925 | total: 2.5382
[New] Epoch 783/1000 | classify: 2.4714 | voltage: 1.4490 | conc: 0.0010 | consistency: 0.3302 | polarity: 2.4995 | monodec: 0.0000 | rule: 224.9521 | group: 1.8783 | tree: 5.4607 | total: 2.6616
[New] Epoch 784/1000 | classify: 2.3534 | voltage: 1.4501 | conc: 0.0005 | consistency: 0.3303 | polarity: 2.3918 | monodec: 0.0000 | rule: 207.1950 | group: 1.7574 | tree: 4.9175 | total: 2.5340
[New] Epoch 785/1000 | classify: 2.3439 | voltage: 1.4424 | conc: 0.0005 | consistency: 0.3304 | polarity: 2.3580 | monodec: 0.0000 | rule: 233.6949 | group: 1.7224 | tree: 5.1064 | total: 2.5375
[New] Epoch 786/1000 | classify: 2.6112 | voltage: 1.4292 | conc: 0.0009 | consistency: 0.3305 | polarity: 2.4370 | monodec: 0.0000 | rule: 230.6142 | group: 1.8014 | tree: 5.3103 | total: 2.8030
[New] Epoch 787/1000 | classify: 2.3691 | voltage: 1.4713 | conc: 0.0007 | consistency: 0.3306 | polarity: 2.3803 | monodec: 0.0000 | rule: 210.6200 | group: 1.7473 | tree: 5.0658 | total: 2.5527
[New] Epoch 788/1000 | classify: 2.4738 | voltage: 1.4156 | conc: 0.0009 | consistency: 0.3306 | polarity: 2.4201 | monodec: 0.0000 | rule: 247.1013 | group: 1.7464 | tree: 5.3489 | total: 2.6732
[New] Epoch 789/1000 | classify: 2.6542 | voltage: 1.4855 | conc: 0.0009 | consistency: 0.3305 | polarity: 2.5506 | monodec: 0.0000 | rule: 204.0742 | group: 1.9055 | tree: 5.7583 | total: 2.8359
[New] Epoch 790/1000 | classify: 2.4788 | voltage: 1.4395 | conc: 0.0009 | consistency: 0.3305 | polarity: 2.4939 | monodec: 0.0000 | rule: 234.0278 | group: 1.8063 | tree: 5.3392 | total: 2.6729
--- 验证集 [epoch 790] ---
  准确率 (Accuracy):  0.7534
  精确率 (Precision): 0.5747
  召回率 (Recall):    0.5759
  F1 分数 (F1):       0.5684
[New] Epoch 791/1000 | classify: 2.3669 | voltage: 1.5124 | conc: 0.0006 | consistency: 0.3306 | polarity: 2.3638 | monodec: 0.0000 | rule: 191.8629 | group: 1.6771 | tree: 4.8446 | total: 2.5429
[New] Epoch 792/1000 | classify: 2.6048 | voltage: 1.4540 | conc: 0.0005 | consistency: 0.3306 | polarity: 2.4939 | monodec: 0.0000 | rule: 225.7562 | group: 1.8531 | tree: 5.5003 | total: 2.7952
[New] Epoch 793/1000 | classify: 2.5514 | voltage: 1.4473 | conc: 0.0007 | consistency: 0.3306 | polarity: 2.4883 | monodec: 0.0000 | rule: 216.9761 | group: 1.8325 | tree: 5.2690 | total: 2.7371
[New] Epoch 794/1000 | classify: 2.1687 | voltage: 1.4954 | conc: 0.0005 | consistency: 0.3269 | polarity: 2.2905 | monodec: 0.0000 | rule: 201.0773 | group: 1.6723 | tree: 4.6337 | total: 2.3483
[New] Epoch 795/1000 | classify: 2.3754 | voltage: 1.4942 | conc: 0.0005 | consistency: 0.3304 | polarity: 2.3419 | monodec: 0.0000 | rule: 202.4622 | group: 1.7043 | tree: 4.8986 | total: 2.5558
[New] Epoch 796/1000 | classify: 2.4588 | voltage: 1.4246 | conc: 0.0007 | consistency: 0.3267 | polarity: 2.4322 | monodec: 0.0000 | rule: 234.5021 | group: 1.7801 | tree: 5.0457 | total: 2.6520
[New] Epoch 797/1000 | classify: 2.3902 | voltage: 1.4323 | conc: 0.0009 | consistency: 0.3269 | polarity: 2.4092 | monodec: 0.0000 | rule: 251.8979 | group: 1.7542 | tree: 5.1874 | total: 2.5928
[New] Epoch 798/1000 | classify: 2.4444 | voltage: 1.4473 | conc: 0.0010 | consistency: 0.3307 | polarity: 2.4317 | monodec: 0.0000 | rule: 221.2277 | group: 1.7900 | tree: 5.0995 | total: 2.6324
[New] Epoch 799/1000 | classify: 2.4274 | voltage: 1.4397 | conc: 0.0004 | consistency: 0.3307 | polarity: 2.3810 | monodec: 0.0000 | rule: 231.3524 | group: 1.7177 | tree: 5.0838 | total: 2.6195
[New] Epoch 800/1000 | classify: 2.5085 | voltage: 1.4767 | conc: 0.0012 | consistency: 0.3307 | polarity: 2.4827 | monodec: 0.0000 | rule: 225.7184 | group: 1.8337 | tree: 5.1991 | total: 2.7006
--- 验证集 [epoch 800] ---
  准确率 (Accuracy):  0.7534
  精确率 (Precision): 0.6239
  召回率 (Recall):    0.5896
  F1 分数 (F1):       0.5830
✅ 模型已保存到 /home/kudouzala/Application/ion_detect/output/trained_model_save/exp_new_i/trained_model_epoch_800.pth
📁 损失值已保存到 /home/kudouzala/Application/ion_detect/output/trained_model_save/exp_new_i/training_loss_epoch_800.csv
[New] Epoch 801/1000 | classify: 2.5462 | voltage: 1.4743 | conc: 0.0005 | consistency: 0.3271 | polarity: 2.3978 | monodec: 0.0000 | rule: 224.1865 | group: 1.7411 | tree: 4.9520 | total: 2.7365
[New] Epoch 802/1000 | classify: 2.4309 | voltage: 1.4928 | conc: 0.0006 | consistency: 0.3271 | polarity: 2.4316 | monodec: 0.0000 | rule: 222.6543 | group: 1.7908 | tree: 5.1966 | total: 2.6216
[New] Epoch 803/1000 | classify: 2.3931 | voltage: 1.4629 | conc: 0.0006 | consistency: 0.3309 | polarity: 2.3807 | monodec: 0.0000 | rule: 216.5632 | group: 1.7407 | tree: 5.1930 | total: 2.5792
[New] Epoch 804/1000 | classify: 2.3166 | voltage: 1.4760 | conc: 0.0008 | consistency: 0.3310 | polarity: 2.3975 | monodec: 0.0000 | rule: 229.6214 | group: 1.7682 | tree: 5.0299 | total: 2.5101
[New] Epoch 805/1000 | classify: 2.4037 | voltage: 1.4400 | conc: 0.0008 | consistency: 0.3273 | polarity: 2.3976 | monodec: 0.0000 | rule: 221.2633 | group: 1.7956 | tree: 5.2378 | total: 2.5913
[New] Epoch 806/1000 | classify: 2.3571 | voltage: 1.4923 | conc: 0.0004 | consistency: 0.3273 | polarity: 2.4091 | monodec: 0.0000 | rule: 215.7750 | group: 1.8162 | tree: 5.2991 | total: 2.5442
[New] Epoch 807/1000 | classify: 2.5010 | voltage: 1.4528 | conc: 0.0006 | consistency: 0.3311 | polarity: 2.4372 | monodec: 0.0000 | rule: 233.6614 | group: 1.8042 | tree: 5.2912 | total: 2.6953
[New] Epoch 808/1000 | classify: 2.3792 | voltage: 1.4585 | conc: 0.0006 | consistency: 0.3311 | polarity: 2.3581 | monodec: 0.0000 | rule: 221.5802 | group: 1.7233 | tree: 4.9765 | total: 2.5675
[New] Epoch 809/1000 | classify: 2.5285 | voltage: 1.4920 | conc: 0.0008 | consistency: 0.3312 | polarity: 2.5389 | monodec: 0.0000 | rule: 213.9542 | group: 1.9314 | tree: 5.6419 | total: 2.7154
[New] Epoch 810/1000 | classify: 2.2066 | voltage: 1.4711 | conc: 0.0006 | consistency: 0.3312 | polarity: 2.3185 | monodec: 0.0000 | rule: 211.4997 | group: 1.7051 | tree: 4.9616 | total: 2.3905
--- 验证集 [epoch 810] ---
  准确率 (Accuracy):  0.7671
  精确率 (Precision): 0.6297
  召回率 (Recall):    0.6253
  F1 分数 (F1):       0.6178
[New] Epoch 811/1000 | classify: 2.5932 | voltage: 1.4513 | conc: 0.0008 | consistency: 0.3312 | polarity: 2.4996 | monodec: 0.0000 | rule: 239.3029 | group: 1.8178 | tree: 5.3429 | total: 2.7905
[New] Epoch 812/1000 | classify: 2.5702 | voltage: 1.4704 | conc: 0.0010 | consistency: 0.3313 | polarity: 2.5051 | monodec: 0.0000 | rule: 220.8678 | group: 1.8732 | tree: 5.3467 | total: 2.7594
[New] Epoch 813/1000 | classify: 2.3788 | voltage: 1.5074 | conc: 0.0007 | consistency: 0.3312 | polarity: 2.3978 | monodec: 0.0000 | rule: 206.5832 | group: 1.7694 | tree: 5.2978 | total: 2.5623
[New] Epoch 814/1000 | classify: 2.4270 | voltage: 1.4577 | conc: 0.0006 | consistency: 0.3312 | polarity: 2.3979 | monodec: 0.0000 | rule: 233.6377 | group: 1.7321 | tree: 4.8711 | total: 2.6212
[New] Epoch 815/1000 | classify: 2.2986 | voltage: 1.4528 | conc: 0.0010 | consistency: 0.3273 | polarity: 2.3814 | monodec: 0.0000 | rule: 225.4296 | group: 1.7444 | tree: 5.1336 | total: 2.4891
[New] Epoch 816/1000 | classify: 2.3514 | voltage: 1.4712 | conc: 0.0008 | consistency: 0.3273 | polarity: 2.3362 | monodec: 0.0000 | rule: 210.3516 | group: 1.7054 | tree: 4.8679 | total: 2.5348
[New] Epoch 817/1000 | classify: 2.4852 | voltage: 1.4723 | conc: 0.0005 | consistency: 0.3311 | polarity: 2.3756 | monodec: 0.0000 | rule: 238.5848 | group: 1.7198 | tree: 5.1132 | total: 2.6827
[New] Epoch 818/1000 | classify: 2.3918 | voltage: 1.4797 | conc: 0.0007 | consistency: 0.3275 | polarity: 2.3923 | monodec: 0.0000 | rule: 216.1453 | group: 1.7105 | tree: 5.0699 | total: 2.5786
[New] Epoch 819/1000 | classify: 2.4068 | voltage: 1.4537 | conc: 0.0007 | consistency: 0.3312 | polarity: 2.3641 | monodec: 0.0000 | rule: 206.3001 | group: 1.6994 | tree: 5.0049 | total: 2.5873
[New] Epoch 820/1000 | classify: 2.4195 | voltage: 1.4803 | conc: 0.0006 | consistency: 0.3312 | polarity: 2.4376 | monodec: 0.0000 | rule: 217.0315 | group: 1.7705 | tree: 5.2266 | total: 2.6069
--- 验证集 [epoch 820] ---
  准确率 (Accuracy):  0.7534
  精确率 (Precision): 0.5837
  召回率 (Recall):    0.6054
  F1 分数 (F1):       0.5842
[New] Epoch 821/1000 | classify: 2.4420 | voltage: 1.4373 | conc: 0.0010 | consistency: 0.3313 | polarity: 2.4433 | monodec: 0.0000 | rule: 251.4012 | group: 1.7855 | tree: 5.1789 | total: 2.6447
[New] Epoch 822/1000 | classify: 2.5189 | voltage: 1.4939 | conc: 0.0009 | consistency: 0.3276 | polarity: 2.4488 | monodec: 0.0000 | rule: 204.5045 | group: 1.7798 | tree: 5.1237 | total: 2.7008
[New] Epoch 823/1000 | classify: 2.3910 | voltage: 1.4758 | conc: 0.0007 | consistency: 0.3314 | polarity: 2.3752 | monodec: 0.0000 | rule: 233.4747 | group: 1.7320 | tree: 5.0328 | total: 2.5862
[New] Epoch 824/1000 | classify: 2.3307 | voltage: 1.4691 | conc: 0.0007 | consistency: 0.3314 | polarity: 2.4092 | monodec: 0.0000 | rule: 232.2590 | group: 1.7470 | tree: 5.2348 | total: 2.5250
[New] Epoch 825/1000 | classify: 2.4569 | voltage: 1.4847 | conc: 0.0008 | consistency: 0.3313 | polarity: 2.4320 | monodec: 0.0000 | rule: 210.4959 | group: 1.7656 | tree: 5.2402 | total: 2.6413
[New] Epoch 826/1000 | classify: 2.5526 | voltage: 1.4881 | conc: 0.0007 | consistency: 0.3314 | polarity: 2.4772 | monodec: 0.0000 | rule: 203.5470 | group: 1.8517 | tree: 5.3551 | total: 2.7337
[New] Epoch 827/1000 | classify: 2.3680 | voltage: 1.4171 | conc: 0.0006 | consistency: 0.3314 | polarity: 2.3640 | monodec: 0.0000 | rule: 257.7098 | group: 1.7010 | tree: 5.0107 | total: 2.5723
[New] Epoch 828/1000 | classify: 2.2770 | voltage: 1.4972 | conc: 0.0006 | consistency: 0.3314 | polarity: 2.3640 | monodec: 0.0000 | rule: 229.5260 | group: 1.7366 | tree: 5.3863 | total: 2.4714
[New] Epoch 829/1000 | classify: 2.4148 | voltage: 1.4983 | conc: 0.0009 | consistency: 0.3277 | polarity: 2.4093 | monodec: 0.0000 | rule: 222.1760 | group: 1.7531 | tree: 5.1727 | total: 2.6058
[New] Epoch 830/1000 | classify: 2.4541 | voltage: 1.4764 | conc: 0.0009 | consistency: 0.3314 | polarity: 2.4433 | monodec: 0.0000 | rule: 242.3453 | group: 1.7938 | tree: 5.1438 | total: 2.6541
--- 验证集 [epoch 830] ---
  准确率 (Accuracy):  0.7534
  精确率 (Precision): 0.5782
  召回率 (Recall):    0.5699
  F1 分数 (F1):       0.5663
[New] Epoch 831/1000 | classify: 2.3151 | voltage: 1.4836 | conc: 0.0007 | consistency: 0.3277 | polarity: 2.3530 | monodec: 0.0000 | rule: 219.4022 | group: 1.7315 | tree: 4.9870 | total: 2.5038
[New] Epoch 832/1000 | classify: 2.3054 | voltage: 1.4765 | conc: 0.0006 | consistency: 0.3314 | polarity: 2.3644 | monodec: 0.0000 | rule: 232.6083 | group: 1.7456 | tree: 4.9150 | total: 2.5001
[New] Epoch 833/1000 | classify: 2.4566 | voltage: 1.4699 | conc: 0.0007 | consistency: 0.3314 | polarity: 2.4605 | monodec: 0.0000 | rule: 214.8877 | group: 1.7820 | tree: 5.3267 | total: 2.6425
[New] Epoch 834/1000 | classify: 2.4745 | voltage: 1.4681 | conc: 0.0009 | consistency: 0.3314 | polarity: 2.4716 | monodec: 0.0000 | rule: 222.2676 | group: 1.8036 | tree: 5.2052 | total: 2.6640
[New] Epoch 835/1000 | classify: 2.4491 | voltage: 1.4817 | conc: 0.0009 | consistency: 0.3315 | polarity: 2.4715 | monodec: 0.0000 | rule: 232.7270 | group: 1.7763 | tree: 5.0645 | total: 2.6445
[New] Epoch 836/1000 | classify: 2.5747 | voltage: 1.4457 | conc: 0.0006 | consistency: 0.3315 | polarity: 2.4094 | monodec: 0.0000 | rule: 231.4158 | group: 1.7557 | tree: 5.1824 | total: 2.7674
[New] Epoch 837/1000 | classify: 2.3563 | voltage: 1.5014 | conc: 0.0005 | consistency: 0.3315 | polarity: 2.4038 | monodec: 0.0000 | rule: 215.8854 | group: 1.7658 | tree: 5.0970 | total: 2.5439
[New] Epoch 838/1000 | classify: 2.3957 | voltage: 1.4612 | conc: 0.0008 | consistency: 0.3278 | polarity: 2.3925 | monodec: 0.0000 | rule: 243.5956 | group: 1.7194 | tree: 5.0971 | total: 2.5954
[New] Epoch 839/1000 | classify: 2.4271 | voltage: 1.4615 | conc: 0.0007 | consistency: 0.3278 | polarity: 2.3924 | monodec: 0.0000 | rule: 230.8412 | group: 1.7638 | tree: 5.1996 | total: 2.6205
[New] Epoch 840/1000 | classify: 2.4227 | voltage: 1.4875 | conc: 0.0009 | consistency: 0.3315 | polarity: 2.4433 | monodec: 0.0000 | rule: 230.6242 | group: 1.8049 | tree: 5.0332 | total: 2.6174
--- 验证集 [epoch 840] ---
  准确率 (Accuracy):  0.7603
  精确率 (Precision): 0.6341
  召回率 (Recall):    0.5964
  F1 分数 (F1):       0.5921
[New] Epoch 841/1000 | classify: 2.5553 | voltage: 1.5133 | conc: 0.0005 | consistency: 0.3316 | polarity: 2.4375 | monodec: 0.0000 | rule: 222.9975 | group: 1.8303 | tree: 5.1539 | total: 2.7471
[New] Epoch 842/1000 | classify: 2.5623 | voltage: 1.4646 | conc: 0.0004 | consistency: 0.3316 | polarity: 2.3866 | monodec: 0.0000 | rule: 212.5478 | group: 1.7246 | tree: 4.8809 | total: 2.7461
[New] Epoch 843/1000 | classify: 2.3902 | voltage: 1.5079 | conc: 0.0005 | consistency: 0.3280 | polarity: 2.4034 | monodec: 0.0000 | rule: 209.0096 | group: 1.7359 | tree: 5.1168 | total: 2.5746
[New] Epoch 844/1000 | classify: 2.4697 | voltage: 1.4795 | conc: 0.0005 | consistency: 0.3317 | polarity: 2.4091 | monodec: 0.0000 | rule: 221.4687 | group: 1.7396 | tree: 5.0823 | total: 2.6589
[New] Epoch 845/1000 | classify: 2.3762 | voltage: 1.4732 | conc: 0.0005 | consistency: 0.3318 | polarity: 2.3976 | monodec: 0.0000 | rule: 217.8828 | group: 1.7475 | tree: 5.1650 | total: 2.5634
[New] Epoch 846/1000 | classify: 2.4827 | voltage: 1.4479 | conc: 0.0004 | consistency: 0.3319 | polarity: 2.3692 | monodec: 0.0000 | rule: 251.0765 | group: 1.7018 | tree: 4.9638 | total: 2.6851
[New] Epoch 847/1000 | classify: 2.3989 | voltage: 1.4810 | conc: 0.0006 | consistency: 0.3320 | polarity: 2.4087 | monodec: 0.0000 | rule: 234.1016 | group: 1.7799 | tree: 5.3751 | total: 2.5949
[New] Epoch 848/1000 | classify: 2.5284 | voltage: 1.4615 | conc: 0.0011 | consistency: 0.3319 | polarity: 2.4259 | monodec: 0.0000 | rule: 256.9554 | group: 1.7205 | tree: 5.1246 | total: 2.7351
[New] Epoch 849/1000 | classify: 2.4859 | voltage: 1.5077 | conc: 0.0007 | consistency: 0.3319 | polarity: 2.4542 | monodec: 0.0000 | rule: 221.3211 | group: 1.7902 | tree: 5.2806 | total: 2.6769
[New] Epoch 850/1000 | classify: 2.3539 | voltage: 1.4904 | conc: 0.0008 | consistency: 0.3320 | polarity: 2.3864 | monodec: 0.0000 | rule: 224.8128 | group: 1.6974 | tree: 4.8280 | total: 2.5455
--- 验证集 [epoch 850] ---
  准确率 (Accuracy):  0.7671
  精确率 (Precision): 0.6177
  召回率 (Recall):    0.6194
  F1 分数 (F1):       0.6086
✅ 模型已保存到 /home/kudouzala/Application/ion_detect/output/trained_model_save/exp_new_i/trained_model_epoch_850.pth
📁 损失值已保存到 /home/kudouzala/Application/ion_detect/output/trained_model_save/exp_new_i/training_loss_epoch_850.csv
[New] Epoch 851/1000 | classify: 2.3833 | voltage: 1.4959 | conc: 0.0006 | consistency: 0.3245 | polarity: 2.3977 | monodec: 0.0000 | rule: 224.6979 | group: 1.7383 | tree: 5.0884 | total: 2.5751
[New] Epoch 852/1000 | classify: 2.5307 | voltage: 1.4897 | conc: 0.0007 | consistency: 0.3283 | polarity: 2.4486 | monodec: 0.0000 | rule: 218.7161 | group: 1.8008 | tree: 4.9133 | total: 2.7192
[New] Epoch 853/1000 | classify: 2.3335 | voltage: 1.4887 | conc: 0.0007 | consistency: 0.3321 | polarity: 2.3976 | monodec: 0.0000 | rule: 219.9810 | group: 1.7683 | tree: 5.2564 | total: 2.5228
[New] Epoch 854/1000 | classify: 2.3903 | voltage: 1.4567 | conc: 0.0007 | consistency: 0.3321 | polarity: 2.4033 | monodec: 0.0000 | rule: 233.8335 | group: 1.8027 | tree: 5.2288 | total: 2.5850
[New] Epoch 855/1000 | classify: 2.4824 | voltage: 1.4702 | conc: 0.0005 | consistency: 0.3320 | polarity: 2.3865 | monodec: 0.0000 | rule: 227.8705 | group: 1.7466 | tree: 5.0062 | total: 2.6743
[New] Epoch 856/1000 | classify: 2.4701 | voltage: 1.5000 | conc: 0.0004 | consistency: 0.3321 | polarity: 2.4147 | monodec: 0.0000 | rule: 226.8669 | group: 1.7463 | tree: 5.2411 | total: 2.6631
[New] Epoch 857/1000 | classify: 2.3086 | voltage: 1.4919 | conc: 0.0007 | consistency: 0.3284 | polarity: 2.3468 | monodec: 0.0000 | rule: 210.5329 | group: 1.7306 | tree: 4.8554 | total: 2.4931
[New] Epoch 858/1000 | classify: 2.3663 | voltage: 1.5031 | conc: 0.0007 | consistency: 0.3321 | polarity: 2.4148 | monodec: 0.0000 | rule: 216.9884 | group: 1.8007 | tree: 4.9299 | total: 2.5547
[New] Epoch 859/1000 | classify: 2.3246 | voltage: 1.4943 | conc: 0.0009 | consistency: 0.3321 | polarity: 2.3922 | monodec: 0.0000 | rule: 222.1189 | group: 1.7726 | tree: 5.3150 | total: 2.5155
[New] Epoch 860/1000 | classify: 2.4013 | voltage: 1.5053 | conc: 0.0005 | consistency: 0.3321 | polarity: 2.3866 | monodec: 0.0000 | rule: 234.8465 | group: 1.7218 | tree: 5.3332 | total: 2.5986
--- 验证集 [epoch 860] ---
  准确率 (Accuracy):  0.7671
  精确率 (Precision): 0.6188
  召回率 (Recall):    0.6194
  F1 分数 (F1):       0.6097
[New] Epoch 861/1000 | classify: 2.3641 | voltage: 1.4596 | conc: 0.0009 | consistency: 0.3321 | polarity: 2.4317 | monodec: 0.0000 | rule: 216.8973 | group: 1.7955 | tree: 5.3562 | total: 2.5506
[New] Epoch 862/1000 | classify: 2.3941 | voltage: 1.4735 | conc: 0.0009 | consistency: 0.3321 | polarity: 2.4262 | monodec: 0.0000 | rule: 230.8538 | group: 1.7742 | tree: 4.8925 | total: 2.5881
[New] Epoch 863/1000 | classify: 2.4098 | voltage: 1.4933 | conc: 0.0006 | consistency: 0.3284 | polarity: 2.3810 | monodec: 0.0000 | rule: 225.1805 | group: 1.7412 | tree: 4.9793 | total: 2.6017
[New] Epoch 864/1000 | classify: 2.5158 | voltage: 1.4339 | conc: 0.0010 | consistency: 0.3284 | polarity: 2.4828 | monodec: 0.0000 | rule: 242.2490 | group: 1.7718 | tree: 5.4062 | total: 2.7139
[New] Epoch 865/1000 | classify: 2.3517 | voltage: 1.5030 | conc: 0.0005 | consistency: 0.3321 | polarity: 2.4091 | monodec: 0.0000 | rule: 221.7779 | group: 1.7603 | tree: 4.9760 | total: 2.5422
[New] Epoch 866/1000 | classify: 2.3161 | voltage: 1.5035 | conc: 0.0006 | consistency: 0.3321 | polarity: 2.3470 | monodec: 0.0000 | rule: 202.3837 | group: 1.6970 | tree: 4.8743 | total: 2.4970
[New] Epoch 867/1000 | classify: 2.4888 | voltage: 1.4946 | conc: 0.0007 | consistency: 0.3321 | polarity: 2.4941 | monodec: 0.0000 | rule: 244.2048 | group: 1.8446 | tree: 5.5550 | total: 2.6907
[New] Epoch 868/1000 | classify: 2.4751 | voltage: 1.5146 | conc: 0.0008 | consistency: 0.3284 | polarity: 2.4206 | monodec: 0.0000 | rule: 225.5211 | group: 1.7897 | tree: 5.1287 | total: 2.6684
[New] Epoch 869/1000 | classify: 2.3621 | voltage: 1.5194 | conc: 0.0005 | consistency: 0.3321 | polarity: 2.3358 | monodec: 0.0000 | rule: 224.9258 | group: 1.7243 | tree: 5.3011 | total: 2.5551
[New] Epoch 870/1000 | classify: 2.4568 | voltage: 1.4850 | conc: 0.0007 | consistency: 0.3321 | polarity: 2.4320 | monodec: 0.0000 | rule: 228.4167 | group: 1.7767 | tree: 5.1763 | total: 2.6501
--- 验证集 [epoch 870] ---
  准确率 (Accuracy):  0.7671
  精确率 (Precision): 0.6006
  召回率 (Recall):    0.6194
  F1 分数 (F1):       0.6052
[New] Epoch 871/1000 | classify: 2.3822 | voltage: 1.4950 | conc: 0.0008 | consistency: 0.3321 | polarity: 2.4093 | monodec: 0.0000 | rule: 217.5490 | group: 1.7605 | tree: 5.2191 | total: 2.5706
[New] Epoch 872/1000 | classify: 2.4083 | voltage: 1.5185 | conc: 0.0009 | consistency: 0.3321 | polarity: 2.4717 | monodec: 0.0000 | rule: 204.8418 | group: 1.7974 | tree: 5.2432 | total: 2.5917
[New] Epoch 873/1000 | classify: 2.5867 | voltage: 1.4861 | conc: 0.0008 | consistency: 0.3283 | polarity: 2.4774 | monodec: 0.0000 | rule: 230.1098 | group: 1.8084 | tree: 5.3549 | total: 2.7811
[New] Epoch 874/1000 | classify: 2.5346 | voltage: 1.4689 | conc: 0.0009 | consistency: 0.3321 | polarity: 2.5000 | monodec: 0.0000 | rule: 223.5913 | group: 1.8733 | tree: 5.3796 | total: 2.7251
[New] Epoch 875/1000 | classify: 2.2249 | voltage: 1.4988 | conc: 0.0008 | consistency: 0.3284 | polarity: 2.3416 | monodec: 0.0000 | rule: 206.2049 | group: 1.6930 | tree: 5.0931 | total: 2.4077
[New] Epoch 876/1000 | classify: 2.4533 | voltage: 1.5374 | conc: 0.0005 | consistency: 0.3321 | polarity: 2.4208 | monodec: 0.0000 | rule: 208.3255 | group: 1.7795 | tree: 5.1699 | total: 2.6390
[New] Epoch 877/1000 | classify: 2.4902 | voltage: 1.4904 | conc: 0.0006 | consistency: 0.3321 | polarity: 2.3869 | monodec: 0.0000 | rule: 215.5826 | group: 1.7109 | tree: 5.0991 | total: 2.6772
[New] Epoch 878/1000 | classify: 2.3550 | voltage: 1.5216 | conc: 0.0004 | consistency: 0.3321 | polarity: 2.3530 | monodec: 0.0000 | rule: 217.2467 | group: 1.7334 | tree: 4.8733 | total: 2.5440
[New] Epoch 879/1000 | classify: 2.3113 | voltage: 1.4823 | conc: 0.0007 | consistency: 0.3321 | polarity: 2.3473 | monodec: 0.0000 | rule: 237.4516 | group: 1.7298 | tree: 5.0916 | total: 2.5089
[New] Epoch 880/1000 | classify: 2.4211 | voltage: 1.5305 | conc: 0.0005 | consistency: 0.3321 | polarity: 2.4265 | monodec: 0.0000 | rule: 220.7372 | group: 1.7927 | tree: 5.2780 | total: 2.6127
--- 验证集 [epoch 880] ---
  准确率 (Accuracy):  0.7808
  精确率 (Precision): 0.6283
  召回率 (Recall):    0.6235
  F1 分数 (F1):       0.6171
[New] Epoch 881/1000 | classify: 2.3944 | voltage: 1.4978 | conc: 0.0006 | consistency: 0.3321 | polarity: 2.3812 | monodec: 0.0000 | rule: 214.7670 | group: 1.7350 | tree: 5.2320 | total: 2.5814
[New] Epoch 882/1000 | classify: 2.4295 | voltage: 1.5142 | conc: 0.0008 | consistency: 0.3321 | polarity: 2.4151 | monodec: 0.0000 | rule: 194.0597 | group: 1.7248 | tree: 5.0345 | total: 2.6071
[New] Epoch 883/1000 | classify: 2.3425 | voltage: 1.4974 | conc: 0.0008 | consistency: 0.3322 | polarity: 2.4263 | monodec: 0.0000 | rule: 218.6670 | group: 1.7909 | tree: 5.2171 | total: 2.5316
[New] Epoch 884/1000 | classify: 2.4200 | voltage: 1.5194 | conc: 0.0006 | consistency: 0.3322 | polarity: 2.4150 | monodec: 0.0000 | rule: 217.9423 | group: 1.7679 | tree: 5.0074 | total: 2.6095
[New] Epoch 885/1000 | classify: 2.3434 | voltage: 1.4861 | conc: 0.0006 | consistency: 0.3322 | polarity: 2.3755 | monodec: 0.0000 | rule: 256.7786 | group: 1.7493 | tree: 5.1761 | total: 2.5508
[New] Epoch 886/1000 | classify: 2.2825 | voltage: 1.5230 | conc: 0.0006 | consistency: 0.3322 | polarity: 2.4038 | monodec: 0.0000 | rule: 215.8104 | group: 1.7497 | tree: 4.9472 | total: 2.4711
[New] Epoch 887/1000 | classify: 2.2358 | voltage: 1.4711 | conc: 0.0006 | consistency: 0.3322 | polarity: 2.3246 | monodec: 0.0000 | rule: 217.4759 | group: 1.6948 | tree: 4.9411 | total: 2.4226
[New] Epoch 888/1000 | classify: 2.6186 | voltage: 1.5250 | conc: 0.0007 | consistency: 0.3322 | polarity: 2.5000 | monodec: 0.0000 | rule: 219.8327 | group: 1.8268 | tree: 5.3827 | total: 2.8098
[New] Epoch 889/1000 | classify: 2.4251 | voltage: 1.4884 | conc: 0.0006 | consistency: 0.3322 | polarity: 2.3981 | monodec: 0.0000 | rule: 222.3976 | group: 1.7151 | tree: 5.2134 | total: 2.6154
[New] Epoch 890/1000 | classify: 2.3773 | voltage: 1.4762 | conc: 0.0003 | consistency: 0.3285 | polarity: 2.3698 | monodec: 0.0000 | rule: 244.7881 | group: 1.6903 | tree: 4.8057 | total: 2.5777
--- 验证集 [epoch 890] ---
  准确率 (Accuracy):  0.7603
  精确率 (Precision): 0.5772
  召回率 (Recall):    0.5827
  F1 分数 (F1):       0.5733
[New] Epoch 891/1000 | classify: 2.3780 | voltage: 1.5147 | conc: 0.0007 | consistency: 0.3323 | polarity: 2.4263 | monodec: 0.0000 | rule: 242.4078 | group: 1.7706 | tree: 5.0773 | total: 2.5797
[New] Epoch 892/1000 | classify: 2.4056 | voltage: 1.4998 | conc: 0.0006 | consistency: 0.3285 | polarity: 2.3640 | monodec: 0.0000 | rule: 215.8756 | group: 1.7083 | tree: 5.1765 | total: 2.5932
[New] Epoch 893/1000 | classify: 2.2235 | voltage: 1.5436 | conc: 0.0004 | consistency: 0.3322 | polarity: 2.3133 | monodec: 0.0000 | rule: 206.2639 | group: 1.7534 | tree: 4.9040 | total: 2.4082
[New] Epoch 894/1000 | classify: 2.4923 | voltage: 1.4887 | conc: 0.0008 | consistency: 0.3323 | polarity: 2.4546 | monodec: 0.0000 | rule: 244.7397 | group: 1.8299 | tree: 5.3562 | total: 2.6942
[New] Epoch 895/1000 | classify: 2.4962 | voltage: 1.4983 | conc: 0.0010 | consistency: 0.3323 | polarity: 2.4545 | monodec: 0.0000 | rule: 209.1867 | group: 1.8208 | tree: 5.6419 | total: 2.6811
[New] Epoch 896/1000 | classify: 2.4671 | voltage: 1.4799 | conc: 0.0005 | consistency: 0.3323 | polarity: 2.4319 | monodec: 0.0000 | rule: 251.8051 | group: 1.7807 | tree: 5.0283 | total: 2.6715
[New] Epoch 897/1000 | classify: 2.4668 | voltage: 1.4609 | conc: 0.0007 | consistency: 0.3324 | polarity: 2.4261 | monodec: 0.0000 | rule: 226.5175 | group: 1.7890 | tree: 5.0796 | total: 2.6580
[New] Epoch 898/1000 | classify: 2.5008 | voltage: 1.5037 | conc: 0.0010 | consistency: 0.3323 | polarity: 2.4319 | monodec: 0.0000 | rule: 215.7800 | group: 1.7721 | tree: 5.2073 | total: 2.6891
[New] Epoch 899/1000 | classify: 2.4448 | voltage: 1.4688 | conc: 0.0007 | consistency: 0.3324 | polarity: 2.3810 | monodec: 0.0000 | rule: 231.7299 | group: 1.7372 | tree: 4.8333 | total: 2.6387
[New] Epoch 900/1000 | classify: 2.6247 | voltage: 1.4542 | conc: 0.0008 | consistency: 0.3287 | polarity: 2.5279 | monodec: 0.0000 | rule: 238.2448 | group: 1.8060 | tree: 5.4538 | total: 2.8217
--- 验证集 [epoch 900] ---
  准确率 (Accuracy):  0.7740
  精确率 (Precision): 0.6007
  召回率 (Recall):    0.6116
  F1 分数 (F1):       0.6026
✅ 模型已保存到 /home/kudouzala/Application/ion_detect/output/trained_model_save/exp_new_i/trained_model_epoch_900.pth
📁 损失值已保存到 /home/kudouzala/Application/ion_detect/output/trained_model_save/exp_new_i/training_loss_epoch_900.csv
[New] Epoch 901/1000 | classify: 2.4660 | voltage: 1.4885 | conc: 0.0007 | consistency: 0.3324 | polarity: 2.4092 | monodec: 0.0000 | rule: 219.4170 | group: 1.7365 | tree: 5.0646 | total: 2.6548
[New] Epoch 902/1000 | classify: 2.3909 | voltage: 1.5127 | conc: 0.0002 | consistency: 0.3324 | polarity: 2.4092 | monodec: 0.0000 | rule: 212.5396 | group: 1.8144 | tree: 5.2790 | total: 2.5772
[New] Epoch 903/1000 | classify: 2.4594 | voltage: 1.5291 | conc: 0.0002 | consistency: 0.3324 | polarity: 2.3752 | monodec: 0.0000 | rule: 224.3897 | group: 1.7460 | tree: 5.0963 | total: 2.6523
[New] Epoch 904/1000 | classify: 2.3690 | voltage: 1.4900 | conc: 0.0008 | consistency: 0.3324 | polarity: 2.3809 | monodec: 0.0000 | rule: 219.9057 | group: 1.7366 | tree: 5.0353 | total: 2.5583
[New] Epoch 905/1000 | classify: 2.5084 | voltage: 1.4951 | conc: 0.0006 | consistency: 0.3324 | polarity: 2.4205 | monodec: 0.0000 | rule: 239.5565 | group: 1.7509 | tree: 5.2674 | total: 2.7076
[New] Epoch 906/1000 | classify: 2.4269 | voltage: 1.5085 | conc: 0.0008 | consistency: 0.3324 | polarity: 2.4205 | monodec: 0.0000 | rule: 240.9511 | group: 1.7894 | tree: 5.3575 | total: 2.6278
[New] Epoch 907/1000 | classify: 2.3289 | voltage: 1.5368 | conc: 0.0004 | consistency: 0.3287 | polarity: 2.3470 | monodec: 0.0000 | rule: 203.4831 | group: 1.6927 | tree: 4.7279 | total: 2.5117
[New] Epoch 908/1000 | classify: 2.4188 | voltage: 1.4978 | conc: 0.0005 | consistency: 0.3325 | polarity: 2.3696 | monodec: 0.0000 | rule: 226.9218 | group: 1.7303 | tree: 4.9881 | total: 2.6117
[New] Epoch 909/1000 | classify: 2.3435 | voltage: 1.5012 | conc: 0.0004 | consistency: 0.3287 | polarity: 2.3528 | monodec: 0.0000 | rule: 213.0985 | group: 1.7314 | tree: 4.8292 | total: 2.5294
[New] Epoch 910/1000 | classify: 2.5055 | voltage: 1.4708 | conc: 0.0006 | consistency: 0.3325 | polarity: 2.4375 | monodec: 0.0000 | rule: 214.0579 | group: 1.7690 | tree: 5.4706 | total: 2.6910
--- 验证集 [epoch 910] ---
  准确率 (Accuracy):  0.7534
  精确率 (Precision): 0.5824
  召回率 (Recall):    0.5956
  F1 分数 (F1):       0.5845
[New] Epoch 911/1000 | classify: 2.4660 | voltage: 1.4920 | conc: 0.0011 | consistency: 0.3325 | polarity: 2.4997 | monodec: 0.0000 | rule: 221.2993 | group: 1.8589 | tree: 5.3015 | total: 2.6565
[New] Epoch 912/1000 | classify: 2.3827 | voltage: 1.5070 | conc: 0.0007 | consistency: 0.3325 | polarity: 2.3865 | monodec: 0.0000 | rule: 230.9174 | group: 1.7241 | tree: 4.9673 | total: 2.5781
[New] Epoch 913/1000 | classify: 2.4420 | voltage: 1.5123 | conc: 0.0008 | consistency: 0.3325 | polarity: 2.3978 | monodec: 0.0000 | rule: 227.2919 | group: 1.7515 | tree: 5.2847 | total: 2.6362
[New] Epoch 914/1000 | classify: 2.3293 | voltage: 1.4903 | conc: 0.0008 | consistency: 0.3325 | polarity: 2.3922 | monodec: 0.0000 | rule: 224.7861 | group: 1.7520 | tree: 4.8793 | total: 2.5209
[New] Epoch 915/1000 | classify: 2.4205 | voltage: 1.5045 | conc: 0.0006 | consistency: 0.3288 | polarity: 2.3979 | monodec: 0.0000 | rule: 216.6926 | group: 1.8095 | tree: 5.2135 | total: 2.6088
[New] Epoch 916/1000 | classify: 2.3457 | voltage: 1.5398 | conc: 0.0008 | consistency: 0.3325 | polarity: 2.4149 | monodec: 0.0000 | rule: 205.1658 | group: 1.7716 | tree: 5.0929 | total: 2.5302
[New] Epoch 917/1000 | classify: 2.4236 | voltage: 1.4908 | conc: 0.0007 | consistency: 0.3288 | polarity: 2.4431 | monodec: 0.0000 | rule: 213.9785 | group: 1.7812 | tree: 5.1978 | total: 2.6100
[New] Epoch 918/1000 | classify: 2.5670 | voltage: 1.5352 | conc: 0.0010 | consistency: 0.3326 | polarity: 2.5562 | monodec: 0.0000 | rule: 211.1313 | group: 1.8736 | tree: 5.6006 | total: 2.7547
[New] Epoch 919/1000 | classify: 2.5600 | voltage: 1.5260 | conc: 0.0010 | consistency: 0.3326 | polarity: 2.5335 | monodec: 0.0000 | rule: 230.0388 | group: 1.8340 | tree: 5.2803 | total: 2.7565
[New] Epoch 920/1000 | classify: 2.2789 | voltage: 1.5123 | conc: 0.0008 | consistency: 0.3326 | polarity: 2.3695 | monodec: 0.0000 | rule: 202.7276 | group: 1.7652 | tree: 4.7930 | total: 2.4606
--- 验证集 [epoch 920] ---
  准确率 (Accuracy):  0.7740
  精确率 (Precision): 0.5924
  召回率 (Recall):    0.6005
  F1 分数 (F1):       0.5922
[New] Epoch 921/1000 | classify: 2.4455 | voltage: 1.4825 | conc: 0.0008 | consistency: 0.3326 | polarity: 2.4430 | monodec: 0.0000 | rule: 223.6537 | group: 1.7540 | tree: 5.1082 | total: 2.6363
[New] Epoch 922/1000 | classify: 2.3159 | voltage: 1.4664 | conc: 0.0007 | consistency: 0.3326 | polarity: 2.3638 | monodec: 0.0000 | rule: 222.8124 | group: 1.7214 | tree: 5.0131 | total: 2.5052
[New] Epoch 923/1000 | classify: 2.4028 | voltage: 1.5063 | conc: 0.0007 | consistency: 0.3326 | polarity: 2.4260 | monodec: 0.0000 | rule: 208.0691 | group: 1.8275 | tree: 5.2916 | total: 2.5870
[New] Epoch 924/1000 | classify: 2.4928 | voltage: 1.4867 | conc: 0.0009 | consistency: 0.3326 | polarity: 2.4487 | monodec: 0.0000 | rule: 229.4164 | group: 1.8043 | tree: 5.1435 | total: 2.6868
[New] Epoch 925/1000 | classify: 2.4353 | voltage: 1.5031 | conc: 0.0009 | consistency: 0.3326 | polarity: 2.4373 | monodec: 0.0000 | rule: 235.6804 | group: 1.7984 | tree: 5.2357 | total: 2.6333
[New] Epoch 926/1000 | classify: 2.4250 | voltage: 1.5030 | conc: 0.0008 | consistency: 0.3327 | polarity: 2.3751 | monodec: 0.0000 | rule: 232.2735 | group: 1.7168 | tree: 5.2122 | total: 2.6212
[New] Epoch 927/1000 | classify: 2.3967 | voltage: 1.5055 | conc: 0.0009 | consistency: 0.3327 | polarity: 2.4430 | monodec: 0.0000 | rule: 237.2781 | group: 1.7967 | tree: 5.2398 | total: 2.5957
[New] Epoch 928/1000 | classify: 2.4944 | voltage: 1.5385 | conc: 0.0006 | consistency: 0.3327 | polarity: 2.4034 | monodec: 0.0000 | rule: 215.9646 | group: 1.7398 | tree: 5.2789 | total: 2.6841
[New] Epoch 929/1000 | classify: 2.3706 | voltage: 1.5075 | conc: 0.0008 | consistency: 0.3327 | polarity: 2.4203 | monodec: 0.0000 | rule: 238.6640 | group: 1.7650 | tree: 5.0547 | total: 2.5701
[New] Epoch 930/1000 | classify: 2.2580 | voltage: 1.5014 | conc: 0.0008 | consistency: 0.3327 | polarity: 2.3299 | monodec: 0.0000 | rule: 219.6748 | group: 1.6585 | tree: 4.8822 | total: 2.4476
--- 验证集 [epoch 930] ---
  准确率 (Accuracy):  0.7740
  精确率 (Precision): 0.6209
  召回率 (Recall):    0.6116
  F1 分数 (F1):       0.6104
[New] Epoch 931/1000 | classify: 2.3760 | voltage: 1.5062 | conc: 0.0006 | consistency: 0.3289 | polarity: 2.3978 | monodec: 0.0000 | rule: 243.1347 | group: 1.7403 | tree: 5.0023 | total: 2.5775
[New] Epoch 932/1000 | classify: 2.4278 | voltage: 1.5193 | conc: 0.0005 | consistency: 0.3327 | polarity: 2.3638 | monodec: 0.0000 | rule: 236.2022 | group: 1.7092 | tree: 5.0551 | total: 2.6263
[New] Epoch 933/1000 | classify: 2.3487 | voltage: 1.5335 | conc: 0.0005 | consistency: 0.3327 | polarity: 2.3921 | monodec: 0.0000 | rule: 206.9455 | group: 1.7254 | tree: 4.9400 | total: 2.5333
[New] Epoch 934/1000 | classify: 2.4373 | voltage: 1.4928 | conc: 0.0009 | consistency: 0.3327 | polarity: 2.4205 | monodec: 0.0000 | rule: 227.7173 | group: 1.7608 | tree: 5.1987 | total: 2.6309
[New] Epoch 935/1000 | classify: 2.4159 | voltage: 1.4968 | conc: 0.0006 | consistency: 0.3290 | polarity: 2.4035 | monodec: 0.0000 | rule: 207.3368 | group: 1.7393 | tree: 5.3599 | total: 2.5992
[New] Epoch 936/1000 | classify: 2.4734 | voltage: 1.4739 | conc: 0.0008 | consistency: 0.3327 | polarity: 2.4148 | monodec: 0.0000 | rule: 255.7004 | group: 1.7374 | tree: 5.1751 | total: 2.6798
[New] Epoch 937/1000 | classify: 2.5061 | voltage: 1.4990 | conc: 0.0006 | consistency: 0.3327 | polarity: 2.3752 | monodec: 0.0000 | rule: 214.5665 | group: 1.7530 | tree: 5.1481 | total: 2.6930
[New] Epoch 938/1000 | classify: 2.4581 | voltage: 1.4960 | conc: 0.0013 | consistency: 0.3327 | polarity: 2.5166 | monodec: 0.0000 | rule: 216.1077 | group: 1.8720 | tree: 5.3496 | total: 2.6465
[New] Epoch 939/1000 | classify: 2.5663 | voltage: 1.5040 | conc: 0.0006 | consistency: 0.3327 | polarity: 2.4827 | monodec: 0.0000 | rule: 227.6886 | group: 1.8084 | tree: 5.1181 | total: 2.7601
[New] Epoch 940/1000 | classify: 2.2888 | voltage: 1.5092 | conc: 0.0007 | consistency: 0.3327 | polarity: 2.3300 | monodec: 0.0000 | rule: 212.1766 | group: 1.6944 | tree: 4.9740 | total: 2.4749
--- 验证集 [epoch 940] ---
  准确率 (Accuracy):  0.7740
  精确率 (Precision): 0.6007
  召回率 (Recall):    0.6116
  F1 分数 (F1):       0.6026
[New] Epoch 941/1000 | classify: 2.5711 | voltage: 1.5072 | conc: 0.0008 | consistency: 0.3327 | polarity: 2.4600 | monodec: 0.0000 | rule: 229.1658 | group: 1.7816 | tree: 5.2152 | total: 2.7660
[New] Epoch 942/1000 | classify: 2.4439 | voltage: 1.5130 | conc: 0.0009 | consistency: 0.3290 | polarity: 2.4713 | monodec: 0.0000 | rule: 238.2429 | group: 1.8600 | tree: 5.4402 | total: 2.6438
[New] Epoch 943/1000 | classify: 2.3507 | voltage: 1.5009 | conc: 0.0008 | consistency: 0.3328 | polarity: 2.3695 | monodec: 0.0000 | rule: 228.2322 | group: 1.7078 | tree: 5.1937 | total: 2.5448
[New] Epoch 944/1000 | classify: 2.5364 | voltage: 1.5124 | conc: 0.0006 | consistency: 0.3328 | polarity: 2.4543 | monodec: 0.0000 | rule: 231.6306 | group: 1.8435 | tree: 5.2543 | total: 2.7327
[New] Epoch 945/1000 | classify: 2.3529 | voltage: 1.5036 | conc: 0.0010 | consistency: 0.3328 | polarity: 2.4091 | monodec: 0.0000 | rule: 227.9666 | group: 1.7610 | tree: 5.2608 | total: 2.5472
[New] Epoch 946/1000 | classify: 2.5543 | voltage: 1.5271 | conc: 0.0009 | consistency: 0.3290 | polarity: 2.4940 | monodec: 0.0000 | rule: 228.8587 | group: 1.8405 | tree: 5.3715 | total: 2.7503
[New] Epoch 947/1000 | classify: 2.3799 | voltage: 1.4899 | conc: 0.0007 | consistency: 0.3328 | polarity: 2.4374 | monodec: 0.0000 | rule: 242.3622 | group: 1.7724 | tree: 5.1924 | total: 2.5805
[New] Epoch 948/1000 | classify: 2.3407 | voltage: 1.5267 | conc: 0.0006 | consistency: 0.3327 | polarity: 2.3753 | monodec: 0.0000 | rule: 216.4938 | group: 1.7815 | tree: 5.2176 | total: 2.5300
[New] Epoch 949/1000 | classify: 2.4197 | voltage: 1.5045 | conc: 0.0011 | consistency: 0.3290 | polarity: 2.4714 | monodec: 0.0000 | rule: 216.3193 | group: 1.8287 | tree: 5.2809 | total: 2.6084
[New] Epoch 950/1000 | classify: 2.6462 | voltage: 1.5174 | conc: 0.0009 | consistency: 0.3327 | polarity: 2.4884 | monodec: 0.0000 | rule: 217.1588 | group: 1.8442 | tree: 5.5564 | total: 2.8359
--- 验证集 [epoch 950] ---
  准确率 (Accuracy):  0.7603
  精确率 (Precision): 0.5896
  召回率 (Recall):    0.6075
  F1 分数 (F1):       0.5937
✅ 模型已保存到 /home/kudouzala/Application/ion_detect/output/trained_model_save/exp_new_i/trained_model_epoch_950.pth
📁 损失值已保存到 /home/kudouzala/Application/ion_detect/output/trained_model_save/exp_new_i/training_loss_epoch_950.csv
[New] Epoch 951/1000 | classify: 2.3942 | voltage: 1.5112 | conc: 0.0007 | consistency: 0.3328 | polarity: 2.4091 | monodec: 0.0000 | rule: 221.7392 | group: 1.7625 | tree: 5.1123 | total: 2.5854
[New] Epoch 952/1000 | classify: 2.4682 | voltage: 1.4950 | conc: 0.0007 | consistency: 0.3290 | polarity: 2.3752 | monodec: 0.0000 | rule: 240.9155 | group: 1.7677 | tree: 4.9794 | total: 2.6681
[New] Epoch 953/1000 | classify: 2.5639 | voltage: 1.4794 | conc: 0.0006 | consistency: 0.3328 | polarity: 2.4600 | monodec: 0.0000 | rule: 238.3879 | group: 1.7601 | tree: 5.0925 | total: 2.7618
[New] Epoch 954/1000 | classify: 2.4474 | voltage: 1.4812 | conc: 0.0007 | consistency: 0.3328 | polarity: 2.4147 | monodec: 0.0000 | rule: 242.4732 | group: 1.7869 | tree: 5.3082 | total: 2.6477
[New] Epoch 955/1000 | classify: 2.4071 | voltage: 1.4859 | conc: 0.0010 | consistency: 0.3328 | polarity: 2.4543 | monodec: 0.0000 | rule: 228.6699 | group: 1.8107 | tree: 5.4780 | total: 2.6010
[New] Epoch 956/1000 | classify: 2.5009 | voltage: 1.4898 | conc: 0.0008 | consistency: 0.3328 | polarity: 2.4429 | monodec: 0.0000 | rule: 228.0038 | group: 1.7892 | tree: 5.3402 | total: 2.6944
[New] Epoch 957/1000 | classify: 2.3291 | voltage: 1.5551 | conc: 0.0005 | consistency: 0.3291 | polarity: 2.3864 | monodec: 0.0000 | rule: 201.1131 | group: 1.7318 | tree: 5.2333 | total: 2.5120
[New] Epoch 958/1000 | classify: 2.5029 | voltage: 1.5182 | conc: 0.0006 | consistency: 0.3328 | polarity: 2.4429 | monodec: 0.0000 | rule: 228.5742 | group: 1.8292 | tree: 5.3933 | total: 2.6979
[New] Epoch 959/1000 | classify: 2.3698 | voltage: 1.4984 | conc: 0.0007 | consistency: 0.3329 | polarity: 2.4090 | monodec: 0.0000 | rule: 227.6702 | group: 1.7541 | tree: 5.1131 | total: 2.5633
[New] Epoch 960/1000 | classify: 2.5066 | voltage: 1.4489 | conc: 0.0010 | consistency: 0.3329 | polarity: 2.4372 | monodec: 0.0000 | rule: 240.3899 | group: 1.7426 | tree: 5.2990 | total: 2.7044
--- 验证集 [epoch 960] ---
  准确率 (Accuracy):  0.7603
  精确率 (Precision): 0.6075
  召回率 (Recall):    0.5878
  F1 分数 (F1):       0.5897
[New] Epoch 961/1000 | classify: 2.3770 | voltage: 1.4806 | conc: 0.0004 | consistency: 0.3329 | polarity: 2.3580 | monodec: 0.0000 | rule: 251.2272 | group: 1.6838 | tree: 4.9348 | total: 2.5810
[New] Epoch 962/1000 | classify: 2.4956 | voltage: 1.4920 | conc: 0.0007 | consistency: 0.3329 | polarity: 2.4598 | monodec: 0.0000 | rule: 236.8905 | group: 1.8111 | tree: 5.2028 | total: 2.6935
[New] Epoch 963/1000 | classify: 2.4198 | voltage: 1.4763 | conc: 0.0008 | consistency: 0.3292 | polarity: 2.4598 | monodec: 0.0000 | rule: 238.4493 | group: 1.7354 | tree: 5.1200 | total: 2.6177
[New] Epoch 964/1000 | classify: 2.3132 | voltage: 1.4977 | conc: 0.0006 | consistency: 0.3329 | polarity: 2.3693 | monodec: 0.0000 | rule: 215.9446 | group: 1.7582 | tree: 5.1037 | total: 2.5007
[New] Epoch 965/1000 | classify: 2.4892 | voltage: 1.4960 | conc: 0.0008 | consistency: 0.3329 | polarity: 2.4767 | monodec: 0.0000 | rule: 241.8250 | group: 1.7938 | tree: 5.4690 | total: 2.6901
[New] Epoch 966/1000 | classify: 2.3732 | voltage: 1.5388 | conc: 0.0004 | consistency: 0.3292 | polarity: 2.3693 | monodec: 0.0000 | rule: 215.1518 | group: 1.7489 | tree: 5.2172 | total: 2.5623
[New] Epoch 967/1000 | classify: 2.3703 | voltage: 1.4799 | conc: 0.0009 | consistency: 0.3329 | polarity: 2.4315 | monodec: 0.0000 | rule: 224.7369 | group: 1.7463 | tree: 5.1345 | total: 2.5617
[New] Epoch 968/1000 | classify: 2.4297 | voltage: 1.5128 | conc: 0.0007 | consistency: 0.3329 | polarity: 2.4542 | monodec: 0.0000 | rule: 212.8412 | group: 1.8289 | tree: 5.2130 | total: 2.6167
[New] Epoch 969/1000 | classify: 2.6606 | voltage: 1.5274 | conc: 0.0007 | consistency: 0.3329 | polarity: 2.4711 | monodec: 0.0000 | rule: 225.5576 | group: 1.8182 | tree: 5.4032 | total: 2.8548
[New] Epoch 970/1000 | classify: 2.3618 | voltage: 1.5312 | conc: 0.0008 | consistency: 0.3329 | polarity: 2.4485 | monodec: 0.0000 | rule: 221.9049 | group: 1.8071 | tree: 5.1686 | total: 2.5544
--- 验证集 [epoch 970] ---
  准确率 (Accuracy):  0.7740
  精确率 (Precision): 0.6007
  召回率 (Recall):    0.6116
  F1 分数 (F1):       0.6026
[New] Epoch 971/1000 | classify: 2.3312 | voltage: 1.5350 | conc: 0.0005 | consistency: 0.3329 | polarity: 2.3920 | monodec: 0.0000 | rule: 218.7648 | group: 1.7423 | tree: 4.7831 | total: 2.5218
[New] Epoch 972/1000 | classify: 2.4408 | voltage: 1.4853 | conc: 0.0008 | consistency: 0.3292 | polarity: 2.4146 | monodec: 0.0000 | rule: 244.5005 | group: 1.7493 | tree: 5.0909 | total: 2.6422
[New] Epoch 973/1000 | classify: 2.3613 | voltage: 1.4359 | conc: 0.0005 | consistency: 0.3330 | polarity: 2.3580 | monodec: 0.0000 | rule: 238.4194 | group: 1.6722 | tree: 5.0740 | total: 2.5568
[New] Epoch 974/1000 | classify: 2.4494 | voltage: 1.5264 | conc: 0.0004 | consistency: 0.3330 | polarity: 2.4032 | monodec: 0.0000 | rule: 231.1399 | group: 1.7932 | tree: 5.2181 | total: 2.6458
[New] Epoch 975/1000 | classify: 2.2523 | voltage: 1.5221 | conc: 0.0006 | consistency: 0.3330 | polarity: 2.3354 | monodec: 0.0000 | rule: 218.7250 | group: 1.7032 | tree: 5.1106 | total: 2.4424
[New] Epoch 976/1000 | classify: 2.2992 | voltage: 1.5009 | conc: 0.0006 | consistency: 0.3330 | polarity: 2.3806 | monodec: 0.0000 | rule: 224.9193 | group: 1.7143 | tree: 4.9926 | total: 2.4913
[New] Epoch 977/1000 | classify: 2.4810 | voltage: 1.4934 | conc: 0.0008 | consistency: 0.3330 | polarity: 2.4259 | monodec: 0.0000 | rule: 228.3286 | group: 1.8156 | tree: 5.1571 | total: 2.6748
[New] Epoch 978/1000 | classify: 2.3606 | voltage: 1.4813 | conc: 0.0006 | consistency: 0.3292 | polarity: 2.3976 | monodec: 0.0000 | rule: 241.1249 | group: 1.7580 | tree: 5.2118 | total: 2.5600
[New] Epoch 979/1000 | classify: 2.3674 | voltage: 1.5044 | conc: 0.0009 | consistency: 0.3330 | polarity: 2.4146 | monodec: 0.0000 | rule: 238.1904 | group: 1.7708 | tree: 5.0486 | total: 2.5667
[New] Epoch 980/1000 | classify: 2.3785 | voltage: 1.5271 | conc: 0.0007 | consistency: 0.3292 | polarity: 2.3919 | monodec: 0.0000 | rule: 237.0342 | group: 1.7723 | tree: 5.3242 | total: 2.5782
--- 验证集 [epoch 980] ---
  准确率 (Accuracy):  0.7603
  精确率 (Precision): 0.5755
  召回率 (Recall):    0.5878
  F1 分数 (F1):       0.5774
[New] Epoch 981/1000 | classify: 2.3992 | voltage: 1.4612 | conc: 0.0007 | consistency: 0.3330 | polarity: 2.4428 | monodec: 0.0000 | rule: 233.2753 | group: 1.7549 | tree: 5.3210 | total: 2.5939
[New] Epoch 982/1000 | classify: 2.4090 | voltage: 1.5169 | conc: 0.0007 | consistency: 0.3330 | polarity: 2.3919 | monodec: 0.0000 | rule: 216.7170 | group: 1.7350 | tree: 5.2370 | total: 2.5980
[New] Epoch 983/1000 | classify: 2.3740 | voltage: 1.5268 | conc: 0.0007 | consistency: 0.3330 | polarity: 2.4202 | monodec: 0.0000 | rule: 200.8247 | group: 1.7490 | tree: 5.1740 | total: 2.5556
[New] Epoch 984/1000 | classify: 2.6188 | voltage: 1.5301 | conc: 0.0009 | consistency: 0.3330 | polarity: 2.4598 | monodec: 0.0000 | rule: 230.6941 | group: 1.8006 | tree: 5.5551 | total: 2.8159
[New] Epoch 985/1000 | classify: 2.4103 | voltage: 1.4739 | conc: 0.0009 | consistency: 0.3330 | polarity: 2.4202 | monodec: 0.0000 | rule: 229.8230 | group: 1.7759 | tree: 5.0415 | total: 2.6039
[New] Epoch 986/1000 | classify: 2.3526 | voltage: 1.5017 | conc: 0.0008 | consistency: 0.3330 | polarity: 2.4202 | monodec: 0.0000 | rule: 220.3844 | group: 1.7895 | tree: 5.3384 | total: 2.5429
[New] Epoch 987/1000 | classify: 2.4880 | voltage: 1.5024 | conc: 0.0009 | consistency: 0.3330 | polarity: 2.4767 | monodec: 0.0000 | rule: 237.4501 | group: 1.7698 | tree: 5.1262 | total: 2.6868
[New] Epoch 988/1000 | classify: 2.4734 | voltage: 1.4839 | conc: 0.0006 | consistency: 0.3330 | polarity: 2.4032 | monodec: 0.0000 | rule: 243.9456 | group: 1.7393 | tree: 5.2569 | total: 2.6743
[New] Epoch 989/1000 | classify: 2.5241 | voltage: 1.4914 | conc: 0.0008 | consistency: 0.3330 | polarity: 2.4428 | monodec: 0.0000 | rule: 219.7897 | group: 1.8166 | tree: 5.3490 | total: 2.7136
[New] Epoch 990/1000 | classify: 2.4511 | voltage: 1.5087 | conc: 0.0008 | consistency: 0.3293 | polarity: 2.4372 | monodec: 0.0000 | rule: 245.4859 | group: 1.7805 | tree: 5.2209 | total: 2.6543
--- 验证集 [epoch 990] ---
  准确率 (Accuracy):  0.7740
  精确率 (Precision): 0.6007
  召回率 (Recall):    0.6116
  F1 分数 (F1):       0.6026
[New] Epoch 991/1000 | classify: 2.5134 | voltage: 1.4649 | conc: 0.0007 | consistency: 0.3293 | polarity: 2.4598 | monodec: 0.0000 | rule: 244.2025 | group: 1.7950 | tree: 5.3189 | total: 2.7137
[New] Epoch 992/1000 | classify: 2.3334 | voltage: 1.5359 | conc: 0.0006 | consistency: 0.3331 | polarity: 2.3862 | monodec: 0.0000 | rule: 202.2698 | group: 1.7438 | tree: 4.9999 | total: 2.5159
[New] Epoch 993/1000 | classify: 2.4435 | voltage: 1.5429 | conc: 0.0008 | consistency: 0.3331 | polarity: 2.4484 | monodec: 0.0000 | rule: 202.1323 | group: 1.7964 | tree: 5.1028 | total: 2.6267
[New] Epoch 994/1000 | classify: 2.3242 | voltage: 1.5165 | conc: 0.0006 | consistency: 0.3331 | polarity: 2.4032 | monodec: 0.0000 | rule: 213.3818 | group: 1.7621 | tree: 4.9045 | total: 2.5113
[New] Epoch 995/1000 | classify: 2.3770 | voltage: 1.4784 | conc: 0.0007 | consistency: 0.3331 | polarity: 2.4089 | monodec: 0.0000 | rule: 242.9229 | group: 1.7598 | tree: 5.1341 | total: 2.5771
[New] Epoch 996/1000 | classify: 2.4132 | voltage: 1.5050 | conc: 0.0009 | consistency: 0.3331 | polarity: 2.4259 | monodec: 0.0000 | rule: 234.5512 | group: 1.7699 | tree: 5.1921 | total: 2.6108
[New] Epoch 997/1000 | classify: 2.4387 | voltage: 1.5181 | conc: 0.0009 | consistency: 0.3331 | polarity: 2.4259 | monodec: 0.0000 | rule: 235.8922 | group: 1.7563 | tree: 5.1213 | total: 2.6375
[New] Epoch 998/1000 | classify: 2.2599 | voltage: 1.5264 | conc: 0.0010 | consistency: 0.3331 | polarity: 2.4089 | monodec: 0.0000 | rule: 220.9022 | group: 1.7472 | tree: 5.1389 | total: 2.4518
[New] Epoch 999/1000 | classify: 2.3992 | voltage: 1.5504 | conc: 0.0006 | consistency: 0.3331 | polarity: 2.3750 | monodec: 0.0000 | rule: 221.7125 | group: 1.7109 | tree: 4.9247 | total: 2.5921
[New] Epoch 1000/1000 | classify: 2.3320 | voltage: 1.4946 | conc: 0.0006 | consistency: 0.3331 | polarity: 2.3807 | monodec: 0.0000 | rule: 220.3300 | group: 1.7687 | tree: 5.2497 | total: 2.5217
--- 验证集 [epoch 1000] ---
  准确率 (Accuracy):  0.7740
  精确率 (Precision): 0.6007
  召回率 (Recall):    0.6116
  F1 分数 (F1):       0.6026
✅ 模型已保存到 /home/kudouzala/Application/ion_detect/output/trained_model_save/exp_new_i/trained_model_epoch_1000.pth
📁 损失值已保存到 /home/kudouzala/Application/ion_detect/output/trained_model_save/exp_new_i/training_loss_epoch_1000.csv
✅ 模型已保存到 /home/kudouzala/Application/ion_detect/output/trained_model_save/exp_new_i/trained_model_epoch_final.pth
📁 损失值已保存到 /home/kudouzala/Application/ion_detect/output/trained_model_save/exp_new_i/training_loss_epoch_final.csv
