✅ no_overlap 划分: 测试集 150 个（ion_column 74 个，≤3/10）-> /home/kudouzala/Application/ion_detect/datasets/datasets_for_all_test_no_overlap/exp_new_h，训练集 709 个 -> /home/kudouzala/Application/ion_detect/datasets/datasets_for_all_train_no_overlap/exp_new_h（已排除同前缀且窗口含测试前 3 个时间点的样本）
✅ 当前使用设备: cuda
📂 训练集目录: /home/kudouzala/Application/ion_detect/datasets/datasets_for_all_train_no_overlap/exp_new_h
📂 测试/验证集目录: /home/kudouzala/Application/ion_detect/datasets/datasets_for_all_test_no_overlap/exp_new_h
🧪 experiment: exp_new_h
🚀 进入训练模式 (--train)
Skipping file 20240822_10ppm铜离子污染测试_新版电解槽_ion_column_gamry_[56, 58, 60, 62].xlsx: impedance points 54 < 63
Skipping file 20240822_10ppm铜离子污染测试_新版电解槽_ion_column_gamry_[36, 38, 40, 42].xlsx: impedance points 54 < 63
Skipping file 20240822_10ppm铜离子污染测试_新版电解槽_ion_column_gamry_[34, 36, 38, 40].xlsx: impedance points 54 < 63
[LEAK-CHECK] overlap(train, val) = 0
[DEBUG] data_folder = /home/kudouzala/Application/ion_detect/datasets/datasets_for_all_train_no_overlap/exp_new_h
[DEBUG] base_train.file_names[:10] =
   20241107_0.1ppm钙离子污染及恢复测试_新版电解槽_ion_firecloud_[14, 16, 18, 20].xlsx
   20240910_10ppm钙离子污染测试_新版电解槽_ion_column_gamry_[2, 4, 6, 8].xlsx
   20241006_2ppm铬离子污染测试_旧版电解槽_ion_firecloud_[22, 24, 26, 28].xlsx
   20241117_2ppm钠离子污染及恢复测试40摄氏度_新版电解槽_ion_gamry_[22, 24, 26, 28].xlsx
   20241227_10ppm铜离子污染及恢复测试_旧版电解槽_ion_gamry_[4, 6, 8, 10].xlsx
   20241003_2ppm镍离子污染测试_新版电解槽_ion_gamry_[20, 22, 24, 26].xlsx
   20241112_2ppm钠离子污染和恢复测试80摄氏度_新版电解槽_ion_column_renew_H2SO4_gamry_[14, 16, 18, 20].xlsx
   20240910_10ppm钙离子污染测试_新版电解槽_ion_gamry_[2, 4, 6, 8].xlsx
   20241213_2ppm钠离子污染及恢复测试_新版电解槽_ion_column_renew_H2SO4_gamry_[12, 14, 16, 18].xlsx
   20241010_2ppm钠离子污染测试_新版电解槽_ion_firecloud_[28, 30, 32, 34].xlsx
[DEBUG] exist check (first 10):
   /home/kudouzala/Application/ion_detect/datasets/datasets_for_all_train_no_overlap/exp_new_h/20241107_0.1ppm钙离子污染及恢复测试_新版电解槽_ion_firecloud_[14, 16, 18, 20].xlsx exists= True
   /home/kudouzala/Application/ion_detect/datasets/datasets_for_all_train_no_overlap/exp_new_h/20240910_10ppm钙离子污染测试_新版电解槽_ion_column_gamry_[2, 4, 6, 8].xlsx exists= True
   /home/kudouzala/Application/ion_detect/datasets/datasets_for_all_train_no_overlap/exp_new_h/20241006_2ppm铬离子污染测试_旧版电解槽_ion_firecloud_[22, 24, 26, 28].xlsx exists= True
   /home/kudouzala/Application/ion_detect/datasets/datasets_for_all_train_no_overlap/exp_new_h/20241117_2ppm钠离子污染及恢复测试40摄氏度_新版电解槽_ion_gamry_[22, 24, 26, 28].xlsx exists= True
   /home/kudouzala/Application/ion_detect/datasets/datasets_for_all_train_no_overlap/exp_new_h/20241227_10ppm铜离子污染及恢复测试_旧版电解槽_ion_gamry_[4, 6, 8, 10].xlsx exists= True
   /home/kudouzala/Application/ion_detect/datasets/datasets_for_all_train_no_overlap/exp_new_h/20241003_2ppm镍离子污染测试_新版电解槽_ion_gamry_[20, 22, 24, 26].xlsx exists= True
   /home/kudouzala/Application/ion_detect/datasets/datasets_for_all_train_no_overlap/exp_new_h/20241112_2ppm钠离子污染和恢复测试80摄氏度_新版电解槽_ion_column_renew_H2SO4_gamry_[14, 16, 18, 20].xlsx exists= True
   /home/kudouzala/Application/ion_detect/datasets/datasets_for_all_train_no_overlap/exp_new_h/20240910_10ppm钙离子污染测试_新版电解槽_ion_gamry_[2, 4, 6, 8].xlsx exists= True
   /home/kudouzala/Application/ion_detect/datasets/datasets_for_all_train_no_overlap/exp_new_h/20241213_2ppm钠离子污染及恢复测试_新版电解槽_ion_column_renew_H2SO4_gamry_[12, 14, 16, 18].xlsx exists= True
   /home/kudouzala/Application/ion_detect/datasets/datasets_for_all_train_no_overlap/exp_new_h/20241010_2ppm钠离子污染测试_新版电解槽_ion_firecloud_[28, 30, 32, 34].xlsx exists= True
Skipping file 20240822_10ppm铜离子污染测试_新版电解槽_ion_column_gamry_[28, 30, 32, 34].xlsx: impedance points 54 < 63
Skipping file 20240822_10ppm铜离子污染测试_新版电解槽_ion_column_gamry_[50, 52, 54, 56].xlsx: impedance points 54 < 63
Skipping file 20240822_10ppm铜离子污染测试_新版电解槽_ion_column_gamry_[24, 26, 28, 30].xlsx: impedance points 54 < 63
Skipping file 20240822_10ppm铜离子污染测试_新版电解槽_ion_column_gamry_[44, 46, 48, 50].xlsx: impedance points 54 < 63

[PairDataset][Example pairs] (show up to 50)
  [1] A(idx=431) 20241107_0.1ppm钙离子污染及恢复测试_新版电解槽_ion_firecloud_[0, 2, 4, 6].xlsx  times=[0, 2, 4, 6]
      → B(idx=253) 20241107_0.1ppm钙离子污染及恢复测试_新版电解槽_ion_firecloud_[4, 6, 8, 10].xlsx  times=[4, 6, 8, 10]  dummy=False
  [2] A(idx=678) 20241107_0.1ppm钙离子污染及恢复测试_新版电解槽_ion_firecloud_[2, 4, 6, 8].xlsx  times=[2, 4, 6, 8]
      → B(idx=484) 20241107_0.1ppm钙离子污染及恢复测试_新版电解槽_ion_firecloud_[6, 8, 10, 12].xlsx  times=[6, 8, 10, 12]  dummy=False
  [3] A(idx=253) 20241107_0.1ppm钙离子污染及恢复测试_新版电解槽_ion_firecloud_[4, 6, 8, 10].xlsx  times=[4, 6, 8, 10]
      → B(idx=481) 20241107_0.1ppm钙离子污染及恢复测试_新版电解槽_ion_firecloud_[8, 10, 12, 14].xlsx  times=[8, 10, 12, 14]  dummy=False
  [4] A(idx=484) 20241107_0.1ppm钙离子污染及恢复测试_新版电解槽_ion_firecloud_[6, 8, 10, 12].xlsx  times=[6, 8, 10, 12]
      → B(idx=547) 20241107_0.1ppm钙离子污染及恢复测试_新版电解槽_ion_firecloud_[10, 12, 14, 16].xlsx  times=[10, 12, 14, 16]  dummy=False
  [5] A(idx=481) 20241107_0.1ppm钙离子污染及恢复测试_新版电解槽_ion_firecloud_[8, 10, 12, 14].xlsx  times=[8, 10, 12, 14]
      → B(idx=138) 20241107_0.1ppm钙离子污染及恢复测试_新版电解槽_ion_firecloud_[12, 14, 16, 18].xlsx  times=[12, 14, 16, 18]  dummy=False
  [6] A(idx=547) 20241107_0.1ppm钙离子污染及恢复测试_新版电解槽_ion_firecloud_[10, 12, 14, 16].xlsx  times=[10, 12, 14, 16]
      → B(idx=0) 20241107_0.1ppm钙离子污染及恢复测试_新版电解槽_ion_firecloud_[14, 16, 18, 20].xlsx  times=[14, 16, 18, 20]  dummy=False
  [7] A(idx=138) 20241107_0.1ppm钙离子污染及恢复测试_新版电解槽_ion_firecloud_[12, 14, 16, 18].xlsx  times=[12, 14, 16, 18]
      → B(idx=52) 20241107_0.1ppm钙离子污染及恢复测试_新版电解槽_ion_firecloud_[16, 18, 20, 22].xlsx  times=[16, 18, 20, 22]  dummy=False
  [8] A(idx=0) 20241107_0.1ppm钙离子污染及恢复测试_新版电解槽_ion_firecloud_[14, 16, 18, 20].xlsx  times=[14, 16, 18, 20]
      → B(idx=436) 20241107_0.1ppm钙离子污染及恢复测试_新版电解槽_ion_firecloud_[18, 20, 22, 24].xlsx  times=[18, 20, 22, 24]  dummy=False
  [9] A(idx=52) 20241107_0.1ppm钙离子污染及恢复测试_新版电解槽_ion_firecloud_[16, 18, 20, 22].xlsx  times=[16, 18, 20, 22]
      → B(idx=352) 20241107_0.1ppm钙离子污染及恢复测试_新版电解槽_ion_firecloud_[20, 22, 24, 26].xlsx  times=[20, 22, 24, 26]  dummy=False
  [10] A(idx=436) 20241107_0.1ppm钙离子污染及恢复测试_新版电解槽_ion_firecloud_[18, 20, 22, 24].xlsx  times=[18, 20, 22, 24]
      → B(idx=436) 20241107_0.1ppm钙离子污染及恢复测试_新版电解槽_ion_firecloud_[18, 20, 22, 24].xlsx  times=[18, 20, 22, 24]  dummy=True
  [11] A(idx=352) 20241107_0.1ppm钙离子污染及恢复测试_新版电解槽_ion_firecloud_[20, 22, 24, 26].xlsx  times=[20, 22, 24, 26]
      → B(idx=352) 20241107_0.1ppm钙离子污染及恢复测试_新版电解槽_ion_firecloud_[20, 22, 24, 26].xlsx  times=[20, 22, 24, 26]  dummy=True
  [12] A(idx=377) 20241107_0.1ppm钙离子污染及恢复测试_新版电解槽_ion_firecloud_[34, 36, 38, 40].xlsx  times=[34, 36, 38, 40]
      → B(idx=134) 20241107_0.1ppm钙离子污染及恢复测试_新版电解槽_ion_firecloud_[38, 40, 42, 44].xlsx  times=[38, 40, 42, 44]  dummy=False
  [13] A(idx=67) 20241107_0.1ppm钙离子污染及恢复测试_新版电解槽_ion_firecloud_[36, 38, 40, 42].xlsx  times=[36, 38, 40, 42]
      → B(idx=329) 20241107_0.1ppm钙离子污染及恢复测试_新版电解槽_ion_firecloud_[40, 42, 44, 46].xlsx  times=[40, 42, 44, 46]  dummy=False
  [14] A(idx=134) 20241107_0.1ppm钙离子污染及恢复测试_新版电解槽_ion_firecloud_[38, 40, 42, 44].xlsx  times=[38, 40, 42, 44]
      → B(idx=134) 20241107_0.1ppm钙离子污染及恢复测试_新版电解槽_ion_firecloud_[38, 40, 42, 44].xlsx  times=[38, 40, 42, 44]  dummy=True
  [15] A(idx=329) 20241107_0.1ppm钙离子污染及恢复测试_新版电解槽_ion_firecloud_[40, 42, 44, 46].xlsx  times=[40, 42, 44, 46]
      → B(idx=329) 20241107_0.1ppm钙离子污染及恢复测试_新版电解槽_ion_firecloud_[40, 42, 44, 46].xlsx  times=[40, 42, 44, 46]  dummy=True
  [16] A(idx=478) 20240910_10ppm钙离子污染测试_新版电解槽_ion_column_gamry_[0, 2, 4, 6].xlsx  times=[0, 2, 4, 6]
      → B(idx=540) 20240910_10ppm钙离子污染测试_新版电解槽_ion_column_gamry_[4, 6, 8, 10].xlsx  times=[4, 6, 8, 10]  dummy=False
  [17] A(idx=1) 20240910_10ppm钙离子污染测试_新版电解槽_ion_column_gamry_[2, 4, 6, 8].xlsx  times=[2, 4, 6, 8]
      → B(idx=516) 20240910_10ppm钙离子污染测试_新版电解槽_ion_column_gamry_[6, 8, 10, 12].xlsx  times=[6, 8, 10, 12]  dummy=False
  [18] A(idx=540) 20240910_10ppm钙离子污染测试_新版电解槽_ion_column_gamry_[4, 6, 8, 10].xlsx  times=[4, 6, 8, 10]
      → B(idx=413) 20240910_10ppm钙离子污染测试_新版电解槽_ion_column_gamry_[8, 10, 12, 14].xlsx  times=[8, 10, 12, 14]  dummy=False
  [19] A(idx=516) 20240910_10ppm钙离子污染测试_新版电解槽_ion_column_gamry_[6, 8, 10, 12].xlsx  times=[6, 8, 10, 12]
      → B(idx=410) 20240910_10ppm钙离子污染测试_新版电解槽_ion_column_gamry_[10, 12, 14, 16].xlsx  times=[10, 12, 14, 16]  dummy=False
  [20] A(idx=413) 20240910_10ppm钙离子污染测试_新版电解槽_ion_column_gamry_[8, 10, 12, 14].xlsx  times=[8, 10, 12, 14]
      → B(idx=156) 20240910_10ppm钙离子污染测试_新版电解槽_ion_column_gamry_[12, 14, 16, 18].xlsx  times=[12, 14, 16, 18]  dummy=False
  [21] A(idx=410) 20240910_10ppm钙离子污染测试_新版电解槽_ion_column_gamry_[10, 12, 14, 16].xlsx  times=[10, 12, 14, 16]
      → B(idx=366) 20240910_10ppm钙离子污染测试_新版电解槽_ion_column_gamry_[14, 16, 18, 20].xlsx  times=[14, 16, 18, 20]  dummy=False
  [22] A(idx=156) 20240910_10ppm钙离子污染测试_新版电解槽_ion_column_gamry_[12, 14, 16, 18].xlsx  times=[12, 14, 16, 18]
      → B(idx=156) 20240910_10ppm钙离子污染测试_新版电解槽_ion_column_gamry_[12, 14, 16, 18].xlsx  times=[12, 14, 16, 18]  dummy=True
  [23] A(idx=366) 20240910_10ppm钙离子污染测试_新版电解槽_ion_column_gamry_[14, 16, 18, 20].xlsx  times=[14, 16, 18, 20]
      → B(idx=366) 20240910_10ppm钙离子污染测试_新版电解槽_ion_column_gamry_[14, 16, 18, 20].xlsx  times=[14, 16, 18, 20]  dummy=True
  [24] A(idx=94) 20241006_2ppm铬离子污染测试_旧版电解槽_ion_firecloud_[0, 2, 4, 6].xlsx  times=[0, 2, 4, 6]
      → B(idx=94) 20241006_2ppm铬离子污染测试_旧版电解槽_ion_firecloud_[0, 2, 4, 6].xlsx  times=[0, 2, 4, 6]  dummy=True
  [25] A(idx=550) 20241006_2ppm铬离子污染测试_旧版电解槽_ion_firecloud_[2, 4, 6, 8].xlsx  times=[2, 4, 6, 8]
      → B(idx=550) 20241006_2ppm铬离子污染测试_旧版电解槽_ion_firecloud_[2, 4, 6, 8].xlsx  times=[2, 4, 6, 8]  dummy=True
  [26] A(idx=538) 20241006_2ppm铬离子污染测试_旧版电解槽_ion_firecloud_[16, 18, 20, 22].xlsx  times=[16, 18, 20, 22]
      → B(idx=430) 20241006_2ppm铬离子污染测试_旧版电解槽_ion_firecloud_[20, 22, 24, 26].xlsx  times=[20, 22, 24, 26]  dummy=False
  [27] A(idx=32) 20241006_2ppm铬离子污染测试_旧版电解槽_ion_firecloud_[18, 20, 22, 24].xlsx  times=[18, 20, 22, 24]
      → B(idx=2) 20241006_2ppm铬离子污染测试_旧版电解槽_ion_firecloud_[22, 24, 26, 28].xlsx  times=[22, 24, 26, 28]  dummy=False
  [28] A(idx=430) 20241006_2ppm铬离子污染测试_旧版电解槽_ion_firecloud_[20, 22, 24, 26].xlsx  times=[20, 22, 24, 26]
      → B(idx=87) 20241006_2ppm铬离子污染测试_旧版电解槽_ion_firecloud_[24, 26, 28, 30].xlsx  times=[24, 26, 28, 30]  dummy=False
  [29] A(idx=2) 20241006_2ppm铬离子污染测试_旧版电解槽_ion_firecloud_[22, 24, 26, 28].xlsx  times=[22, 24, 26, 28]
      → B(idx=260) 20241006_2ppm铬离子污染测试_旧版电解槽_ion_firecloud_[26, 28, 30, 32].xlsx  times=[26, 28, 30, 32]  dummy=False
  [30] A(idx=87) 20241006_2ppm铬离子污染测试_旧版电解槽_ion_firecloud_[24, 26, 28, 30].xlsx  times=[24, 26, 28, 30]
      → B(idx=569) 20241006_2ppm铬离子污染测试_旧版电解槽_ion_firecloud_[28, 30, 32, 34].xlsx  times=[28, 30, 32, 34]  dummy=False
  [31] A(idx=260) 20241006_2ppm铬离子污染测试_旧版电解槽_ion_firecloud_[26, 28, 30, 32].xlsx  times=[26, 28, 30, 32]
      → B(idx=255) 20241006_2ppm铬离子污染测试_旧版电解槽_ion_firecloud_[30, 32, 34, 36].xlsx  times=[30, 32, 34, 36]  dummy=False
  [32] A(idx=569) 20241006_2ppm铬离子污染测试_旧版电解槽_ion_firecloud_[28, 30, 32, 34].xlsx  times=[28, 30, 32, 34]
      → B(idx=576) 20241006_2ppm铬离子污染测试_旧版电解槽_ion_firecloud_[32, 34, 36, 38].xlsx  times=[32, 34, 36, 38]  dummy=False
  [33] A(idx=255) 20241006_2ppm铬离子污染测试_旧版电解槽_ion_firecloud_[30, 32, 34, 36].xlsx  times=[30, 32, 34, 36]
      → B(idx=269) 20241006_2ppm铬离子污染测试_旧版电解槽_ion_firecloud_[34, 36, 38, 40].xlsx  times=[34, 36, 38, 40]  dummy=False
  [34] A(idx=576) 20241006_2ppm铬离子污染测试_旧版电解槽_ion_firecloud_[32, 34, 36, 38].xlsx  times=[32, 34, 36, 38]
      → B(idx=96) 20241006_2ppm铬离子污染测试_旧版电解槽_ion_firecloud_[36, 38, 40, 42].xlsx  times=[36, 38, 40, 42]  dummy=False
  [35] A(idx=269) 20241006_2ppm铬离子污染测试_旧版电解槽_ion_firecloud_[34, 36, 38, 40].xlsx  times=[34, 36, 38, 40]
      → B(idx=683) 20241006_2ppm铬离子污染测试_旧版电解槽_ion_firecloud_[38, 40, 42, 44].xlsx  times=[38, 40, 42, 44]  dummy=False
  [36] A(idx=96) 20241006_2ppm铬离子污染测试_旧版电解槽_ion_firecloud_[36, 38, 40, 42].xlsx  times=[36, 38, 40, 42]
      → B(idx=114) 20241006_2ppm铬离子污染测试_旧版电解槽_ion_firecloud_[40, 42, 44, 46].xlsx  times=[40, 42, 44, 46]  dummy=False
  [37] A(idx=683) 20241006_2ppm铬离子污染测试_旧版电解槽_ion_firecloud_[38, 40, 42, 44].xlsx  times=[38, 40, 42, 44]
      → B(idx=434) 20241006_2ppm铬离子污染测试_旧版电解槽_ion_firecloud_[42, 44, 46, 48].xlsx  times=[42, 44, 46, 48]  dummy=False
  [38] A(idx=114) 20241006_2ppm铬离子污染测试_旧版电解槽_ion_firecloud_[40, 42, 44, 46].xlsx  times=[40, 42, 44, 46]
      → B(idx=84) 20241006_2ppm铬离子污染测试_旧版电解槽_ion_firecloud_[44, 46, 48, 50].xlsx  times=[44, 46, 48, 50]  dummy=False
  [39] A(idx=434) 20241006_2ppm铬离子污染测试_旧版电解槽_ion_firecloud_[42, 44, 46, 48].xlsx  times=[42, 44, 46, 48]
      → B(idx=565) 20241006_2ppm铬离子污染测试_旧版电解槽_ion_firecloud_[46, 48, 50, 52].xlsx  times=[46, 48, 50, 52]  dummy=False
  [40] A(idx=84) 20241006_2ppm铬离子污染测试_旧版电解槽_ion_firecloud_[44, 46, 48, 50].xlsx  times=[44, 46, 48, 50]
      → B(idx=84) 20241006_2ppm铬离子污染测试_旧版电解槽_ion_firecloud_[44, 46, 48, 50].xlsx  times=[44, 46, 48, 50]  dummy=True
  [41] A(idx=565) 20241006_2ppm铬离子污染测试_旧版电解槽_ion_firecloud_[46, 48, 50, 52].xlsx  times=[46, 48, 50, 52]
      → B(idx=565) 20241006_2ppm铬离子污染测试_旧版电解槽_ion_firecloud_[46, 48, 50, 52].xlsx  times=[46, 48, 50, 52]  dummy=True
  [42] A(idx=45) 20241117_2ppm钠离子污染及恢复测试40摄氏度_新版电解槽_ion_gamry_[14, 16, 18, 20].xlsx  times=[14, 16, 18, 20]
      → B(idx=523) 20241117_2ppm钠离子污染及恢复测试40摄氏度_新版电解槽_ion_gamry_[18, 20, 22, 24].xlsx  times=[18, 20, 22, 24]  dummy=False
  [43] A(idx=564) 20241117_2ppm钠离子污染及恢复测试40摄氏度_新版电解槽_ion_gamry_[16, 18, 20, 22].xlsx  times=[16, 18, 20, 22]
      → B(idx=154) 20241117_2ppm钠离子污染及恢复测试40摄氏度_新版电解槽_ion_gamry_[20, 22, 24, 26].xlsx  times=[20, 22, 24, 26]  dummy=False
  [44] A(idx=523) 20241117_2ppm钠离子污染及恢复测试40摄氏度_新版电解槽_ion_gamry_[18, 20, 22, 24].xlsx  times=[18, 20, 22, 24]
      → B(idx=3) 20241117_2ppm钠离子污染及恢复测试40摄氏度_新版电解槽_ion_gamry_[22, 24, 26, 28].xlsx  times=[22, 24, 26, 28]  dummy=False
  [45] A(idx=154) 20241117_2ppm钠离子污染及恢复测试40摄氏度_新版电解槽_ion_gamry_[20, 22, 24, 26].xlsx  times=[20, 22, 24, 26]
      → B(idx=449) 20241117_2ppm钠离子污染及恢复测试40摄氏度_新版电解槽_ion_gamry_[24, 26, 28, 30].xlsx  times=[24, 26, 28, 30]  dummy=False
  [46] A(idx=3) 20241117_2ppm钠离子污染及恢复测试40摄氏度_新版电解槽_ion_gamry_[22, 24, 26, 28].xlsx  times=[22, 24, 26, 28]
      → B(idx=34) 20241117_2ppm钠离子污染及恢复测试40摄氏度_新版电解槽_ion_gamry_[26, 28, 30, 32].xlsx  times=[26, 28, 30, 32]  dummy=False
  [47] A(idx=449) 20241117_2ppm钠离子污染及恢复测试40摄氏度_新版电解槽_ion_gamry_[24, 26, 28, 30].xlsx  times=[24, 26, 28, 30]
      → B(idx=323) 20241117_2ppm钠离子污染及恢复测试40摄氏度_新版电解槽_ion_gamry_[28, 30, 32, 34].xlsx  times=[28, 30, 32, 34]  dummy=False
  [48] A(idx=34) 20241117_2ppm钠离子污染及恢复测试40摄氏度_新版电解槽_ion_gamry_[26, 28, 30, 32].xlsx  times=[26, 28, 30, 32]
      → B(idx=659) 20241117_2ppm钠离子污染及恢复测试40摄氏度_新版电解槽_ion_gamry_[30, 32, 34, 36].xlsx  times=[30, 32, 34, 36]  dummy=False
  [49] A(idx=323) 20241117_2ppm钠离子污染及恢复测试40摄氏度_新版电解槽_ion_gamry_[28, 30, 32, 34].xlsx  times=[28, 30, 32, 34]
      → B(idx=579) 20241117_2ppm钠离子污染及恢复测试40摄氏度_新版电解槽_ion_gamry_[32, 34, 36, 38].xlsx  times=[32, 34, 36, 38]  dummy=False
  [50] A(idx=659) 20241117_2ppm钠离子污染及恢复测试40摄氏度_新版电解槽_ion_gamry_[30, 32, 34, 36].xlsx  times=[30, 32, 34, 36]
      → B(idx=350) 20241117_2ppm钠离子污染及恢复测试40摄氏度_新版电解槽_ion_gamry_[34, 36, 38, 40].xlsx  times=[34, 36, 38, 40]  dummy=False

[PairDataset][Summary]
- total files:        706
- parsed OK:          706
- regex fail:         0
- parse times fail:   0
- empty times:        0
- total pairs:        706  (keep_unpaired=self)
- distinct prefixes:  96
- prefixes coverage (first few):
  [1] 20241107_0.1ppm钙离子污染及恢复测试_新版电解槽_ion_firecloud_[* -> windows=15, adj_pairs=9/14
  [2] 20240910_10ppm钙离子污染测试_新版电解槽_ion_column_gamry_[* -> windows=8, adj_pairs=5/7
  [3] 20241006_2ppm铬离子污染测试_旧版电解槽_ion_firecloud_[* -> windows=18, adj_pairs=13/17
  [4] 20241117_2ppm钠离子污染及恢复测试40摄氏度_新版电解槽_ion_gamry_[* -> windows=13, adj_pairs=10/12
  [5] 20241227_10ppm铜离子污染及恢复测试_旧版电解槽_ion_gamry_[* -> windows=15, adj_pairs=10/14
  [6] 20241003_2ppm镍离子污染测试_新版电解槽_ion_gamry_[* -> windows=7, adj_pairs=1/6
  [7] 20241112_2ppm钠离子污染和恢复测试80摄氏度_新版电解槽_ion_column_renew_H2SO4_gamry_[* -> windows=13, adj_pairs=10/12
  [8] 20240910_10ppm钙离子污染测试_新版电解槽_ion_gamry_[* -> windows=10, adj_pairs=2/9
  [9] 20241213_2ppm钠离子污染及恢复测试_新版电解槽_ion_column_renew_H2SO4_gamry_[* -> windows=7, adj_pairs=4/6
  [10] 20241010_2ppm钠离子污染测试_新版电解槽_ion_firecloud_[* -> windows=8, adj_pairs=2/7
- unadjacent gaps samples: 253 (showing first 0)

[PairDataset][Explain] focus_prefix_contains='20240915_2ppm铜离子污染测试_旧版电解槽_ion_firecloud_'
  - PREFIX: 20240915_2ppm铜离子污染测试_旧版电解槽_ion_firecloud_[* windows=11
    windows (sorted by first,last):
      · 20240915_2ppm铜离子污染测试_旧版电解槽_ion_firecloud_[0, 2, 4, 6].xlsx  -> times=[0, 2, 4, 6]  first=0 last=6
      · 20240915_2ppm铜离子污染测试_旧版电解槽_ion_firecloud_[2, 4, 6, 8].xlsx  -> times=[2, 4, 6, 8]  first=2 last=8
      · 20240915_2ppm铜离子污染测试_旧版电解槽_ion_firecloud_[4, 6, 8, 10].xlsx  -> times=[4, 6, 8, 10]  first=4 last=10
      · 20240915_2ppm铜离子污染测试_旧版电解槽_ion_firecloud_[6, 8, 10, 12].xlsx  -> times=[6, 8, 10, 12]  first=6 last=12
      · 20240915_2ppm铜离子污染测试_旧版电解槽_ion_firecloud_[8, 10, 12, 14].xlsx  -> times=[8, 10, 12, 14]  first=8 last=14
      · 20240915_2ppm铜离子污染测试_旧版电解槽_ion_firecloud_[10, 12, 14, 16].xlsx  -> times=[10, 12, 14, 16]  first=10 last=16
      · 20240915_2ppm铜离子污染测试_旧版电解槽_ion_firecloud_[12, 14, 16, 18].xlsx  -> times=[12, 14, 16, 18]  first=12 last=18
      · 20240915_2ppm铜离子污染测试_旧版电解槽_ion_firecloud_[14, 16, 18, 20].xlsx  -> times=[14, 16, 18, 20]  first=14 last=20
      · 20240915_2ppm铜离子污染测试_旧版电解槽_ion_firecloud_[16, 18, 20, 22].xlsx  -> times=[16, 18, 20, 22]  first=16 last=22
      · 20240915_2ppm铜离子污染测试_旧版电解槽_ion_firecloud_[18, 20, 22, 24].xlsx  -> times=[18, 20, 22, 24]  first=18 last=24
      · 20240915_2ppm铜离子污染测试_旧版电解槽_ion_firecloud_[20, 22, 24, 26].xlsx  -> times=[20, 22, 24, 26]  first=20 last=26
      MISS: 6 -> 2   (20240915_2ppm铜离子污染测试_旧版电解槽_ion_firecloud_[0, 2, 4, 6].xlsx  →  20240915_2ppm铜离子污染测试_旧版电解槽_ion_firecloud_[2, 4, 6, 8].xlsx)
      MISS: 8 -> 4   (20240915_2ppm铜离子污染测试_旧版电解槽_ion_firecloud_[2, 4, 6, 8].xlsx  →  20240915_2ppm铜离子污染测试_旧版电解槽_ion_firecloud_[4, 6, 8, 10].xlsx)
      MISS: 10 -> 6   (20240915_2ppm铜离子污染测试_旧版电解槽_ion_firecloud_[4, 6, 8, 10].xlsx  →  20240915_2ppm铜离子污染测试_旧版电解槽_ion_firecloud_[6, 8, 10, 12].xlsx)
      MISS: 12 -> 8   (20240915_2ppm铜离子污染测试_旧版电解槽_ion_firecloud_[6, 8, 10, 12].xlsx  →  20240915_2ppm铜离子污染测试_旧版电解槽_ion_firecloud_[8, 10, 12, 14].xlsx)
      MISS: 14 -> 10   (20240915_2ppm铜离子污染测试_旧版电解槽_ion_firecloud_[8, 10, 12, 14].xlsx  →  20240915_2ppm铜离子污染测试_旧版电解槽_ion_firecloud_[10, 12, 14, 16].xlsx)
      MISS: 16 -> 12   (20240915_2ppm铜离子污染测试_旧版电解槽_ion_firecloud_[10, 12, 14, 16].xlsx  →  20240915_2ppm铜离子污染测试_旧版电解槽_ion_firecloud_[12, 14, 16, 18].xlsx)
      MISS: 18 -> 14   (20240915_2ppm铜离子污染测试_旧版电解槽_ion_firecloud_[12, 14, 16, 18].xlsx  →  20240915_2ppm铜离子污染测试_旧版电解槽_ion_firecloud_[14, 16, 18, 20].xlsx)
      MISS: 20 -> 16   (20240915_2ppm铜离子污染测试_旧版电解槽_ion_firecloud_[14, 16, 18, 20].xlsx  →  20240915_2ppm铜离子污染测试_旧版电解槽_ion_firecloud_[16, 18, 20, 22].xlsx)
      MISS: 22 -> 18   (20240915_2ppm铜离子污染测试_旧版电解槽_ion_firecloud_[16, 18, 20, 22].xlsx  →  20240915_2ppm铜离子污染测试_旧版电解槽_ion_firecloud_[18, 20, 22, 24].xlsx)
      MISS: 24 -> 20   (20240915_2ppm铜离子污染测试_旧版电解槽_ion_firecloud_[18, 20, 22, 24].xlsx  →  20240915_2ppm铜离子污染测试_旧版电解槽_ion_firecloud_[20, 22, 24, 26].xlsx)

[PairDataset][Example pairs] (show up to 50)
  [1] A(idx=0) 20240918_2ppm钙离子污染测试_新版电解槽_ion_gamry_[10, 12, 14, 16].xlsx  times=[10, 12, 14, 16]
      → B(idx=92) 20240918_2ppm钙离子污染测试_新版电解槽_ion_gamry_[14, 16, 18, 20].xlsx  times=[14, 16, 18, 20]  dummy=False
  [2] A(idx=92) 20240918_2ppm钙离子污染测试_新版电解槽_ion_gamry_[14, 16, 18, 20].xlsx  times=[14, 16, 18, 20]
      → B(idx=92) 20240918_2ppm钙离子污染测试_新版电解槽_ion_gamry_[14, 16, 18, 20].xlsx  times=[14, 16, 18, 20]  dummy=True
  [3] A(idx=1) 20241028_2ppm钠离子污染和恢复测试_旧版电解槽_ion_column_renew_H2SO4_gamry_[2, 4, 6, 8].xlsx  times=[2, 4, 6, 8]
      → B(idx=1) 20241028_2ppm钠离子污染和恢复测试_旧版电解槽_ion_column_renew_H2SO4_gamry_[2, 4, 6, 8].xlsx  times=[2, 4, 6, 8]  dummy=True
  [4] A(idx=94) 20241028_2ppm钠离子污染和恢复测试_旧版电解槽_ion_column_renew_H2SO4_gamry_[4, 6, 8, 10].xlsx  times=[4, 6, 8, 10]
      → B(idx=94) 20241028_2ppm钠离子污染和恢复测试_旧版电解槽_ion_column_renew_H2SO4_gamry_[4, 6, 8, 10].xlsx  times=[4, 6, 8, 10]  dummy=True
  [5] A(idx=125) 20241010_2ppm钠离子污染测试_新版电解槽_ion_column_firecloud_[6, 8, 10, 12].xlsx  times=[6, 8, 10, 12]
      → B(idx=125) 20241010_2ppm钠离子污染测试_新版电解槽_ion_column_firecloud_[6, 8, 10, 12].xlsx  times=[6, 8, 10, 12]  dummy=True
  [6] A(idx=2) 20241010_2ppm钠离子污染测试_新版电解槽_ion_column_firecloud_[8, 10, 12, 14].xlsx  times=[8, 10, 12, 14]
      → B(idx=2) 20241010_2ppm钠离子污染测试_新版电解槽_ion_column_firecloud_[8, 10, 12, 14].xlsx  times=[8, 10, 12, 14]  dummy=True
  [7] A(idx=20) 20241101_2ppm铜离子污染和恢复测试_旧版电解槽_ion_firecloud_[0, 2, 4, 6].xlsx  times=[0, 2, 4, 6]
      → B(idx=20) 20241101_2ppm铜离子污染和恢复测试_旧版电解槽_ion_firecloud_[0, 2, 4, 6].xlsx  times=[0, 2, 4, 6]  dummy=True
  [8] A(idx=3) 20241101_2ppm铜离子污染和恢复测试_旧版电解槽_ion_firecloud_[10, 12, 14, 16].xlsx  times=[10, 12, 14, 16]
      → B(idx=3) 20241101_2ppm铜离子污染和恢复测试_旧版电解槽_ion_firecloud_[10, 12, 14, 16].xlsx  times=[10, 12, 14, 16]  dummy=True
  [9] A(idx=31) 20241101_2ppm铜离子污染和恢复测试_旧版电解槽_ion_firecloud_[20, 22, 24, 26].xlsx  times=[20, 22, 24, 26]
      → B(idx=31) 20241101_2ppm铜离子污染和恢复测试_旧版电解槽_ion_firecloud_[20, 22, 24, 26].xlsx  times=[20, 22, 24, 26]  dummy=True
  [10] A(idx=48) 20240831_10ppm镍离子污染测试_新版电解槽_ion_gamry_[0, 2, 4, 6].xlsx  times=[0, 2, 4, 6]
      → B(idx=41) 20240831_10ppm镍离子污染测试_新版电解槽_ion_gamry_[4, 6, 8, 10].xlsx  times=[4, 6, 8, 10]  dummy=False
  [11] A(idx=41) 20240831_10ppm镍离子污染测试_新版电解槽_ion_gamry_[4, 6, 8, 10].xlsx  times=[4, 6, 8, 10]
      → B(idx=41) 20240831_10ppm镍离子污染测试_新版电解槽_ion_gamry_[4, 6, 8, 10].xlsx  times=[4, 6, 8, 10]  dummy=True
  [12] A(idx=139) 20240831_10ppm镍离子污染测试_新版电解槽_ion_gamry_[16, 18, 20, 22].xlsx  times=[16, 18, 20, 22]
      → B(idx=139) 20240831_10ppm镍离子污染测试_新版电解槽_ion_gamry_[16, 18, 20, 22].xlsx  times=[16, 18, 20, 22]  dummy=True
  [13] A(idx=4) 20240831_10ppm镍离子污染测试_新版电解槽_ion_gamry_[18, 20, 22, 24].xlsx  times=[18, 20, 22, 24]
      → B(idx=4) 20240831_10ppm镍离子污染测试_新版电解槽_ion_gamry_[18, 20, 22, 24].xlsx  times=[18, 20, 22, 24]  dummy=True
  [14] A(idx=5) 20241122_2ppm铜离子污染及恢复测试40摄氏度_新版电解槽_ion_column_renew_H2SO4_gamry_[14, 16, 18, 20].xlsx  times=[14, 16, 18, 20]
      → B(idx=5) 20241122_2ppm铜离子污染及恢复测试40摄氏度_新版电解槽_ion_column_renew_H2SO4_gamry_[14, 16, 18, 20].xlsx  times=[14, 16, 18, 20]  dummy=True
  [15] A(idx=93) 20241010_2ppm钠离子污染测试_新版电解槽_ion_firecloud_[4, 6, 8, 10].xlsx  times=[4, 6, 8, 10]
      → B(idx=93) 20241010_2ppm钠离子污染测试_新版电解槽_ion_firecloud_[4, 6, 8, 10].xlsx  times=[4, 6, 8, 10]  dummy=True
  [16] A(idx=104) 20241010_2ppm钠离子污染测试_新版电解槽_ion_firecloud_[12, 14, 16, 18].xlsx  times=[12, 14, 16, 18]
      → B(idx=135) 20241010_2ppm钠离子污染测试_新版电解槽_ion_firecloud_[16, 18, 20, 22].xlsx  times=[16, 18, 20, 22]  dummy=False
  [17] A(idx=135) 20241010_2ppm钠离子污染测试_新版电解槽_ion_firecloud_[16, 18, 20, 22].xlsx  times=[16, 18, 20, 22]
      → B(idx=135) 20241010_2ppm钠离子污染测试_新版电解槽_ion_firecloud_[16, 18, 20, 22].xlsx  times=[16, 18, 20, 22]  dummy=True
  [18] A(idx=6) 20241010_2ppm钠离子污染测试_新版电解槽_ion_firecloud_[36, 38, 40, 42].xlsx  times=[36, 38, 40, 42]
      → B(idx=6) 20241010_2ppm钠离子污染测试_新版电解槽_ion_firecloud_[36, 38, 40, 42].xlsx  times=[36, 38, 40, 42]  dummy=True
  [19] A(idx=55) 20241029_2ppm铁离子污染和恢复测试_新版电解槽_ion_firecloud_[26, 28, 30, 32].xlsx  times=[26, 28, 30, 32]
      → B(idx=7) 20241029_2ppm铁离子污染和恢复测试_新版电解槽_ion_firecloud_[30, 32, 34, 36].xlsx  times=[30, 32, 34, 36]  dummy=False
  [20] A(idx=7) 20241029_2ppm铁离子污染和恢复测试_新版电解槽_ion_firecloud_[30, 32, 34, 36].xlsx  times=[30, 32, 34, 36]
      → B(idx=141) 20241029_2ppm铁离子污染和恢复测试_新版电解槽_ion_firecloud_[34, 36, 38, 40].xlsx  times=[34, 36, 38, 40]  dummy=False
  [21] A(idx=141) 20241029_2ppm铁离子污染和恢复测试_新版电解槽_ion_firecloud_[34, 36, 38, 40].xlsx  times=[34, 36, 38, 40]
      → B(idx=141) 20241029_2ppm铁离子污染和恢复测试_新版电解槽_ion_firecloud_[34, 36, 38, 40].xlsx  times=[34, 36, 38, 40]  dummy=True
  [22] A(idx=47) 20241029_2ppm铁离子污染和恢复测试_新版电解槽_ion_firecloud_[46, 48, 50, 52].xlsx  times=[46, 48, 50, 52]
      → B(idx=47) 20241029_2ppm铁离子污染和恢复测试_新版电解槽_ion_firecloud_[46, 48, 50, 52].xlsx  times=[46, 48, 50, 52]  dummy=True
  [23] A(idx=8) 20241227_10ppm铜离子污染及恢复测试_旧版电解槽_ion_column_renew_H2SO4_gamry_[8, 10, 12, 14].xlsx  times=[8, 10, 12, 14]
      → B(idx=8) 20241227_10ppm铜离子污染及恢复测试_旧版电解槽_ion_column_renew_H2SO4_gamry_[8, 10, 12, 14].xlsx  times=[8, 10, 12, 14]  dummy=True
  [24] A(idx=88) 20241227_10ppm铜离子污染及恢复测试_旧版电解槽_ion_column_renew_H2SO4_gamry_[24, 26, 28, 30].xlsx  times=[24, 26, 28, 30]
      → B(idx=88) 20241227_10ppm铜离子污染及恢复测试_旧版电解槽_ion_column_renew_H2SO4_gamry_[24, 26, 28, 30].xlsx  times=[24, 26, 28, 30]  dummy=True
  [25] A(idx=134) 20241227_10ppm铜离子污染及恢复测试_旧版电解槽_ion_column_renew_H2SO4_gamry_[26, 28, 30, 32].xlsx  times=[26, 28, 30, 32]
      → B(idx=134) 20241227_10ppm铜离子污染及恢复测试_旧版电解槽_ion_column_renew_H2SO4_gamry_[26, 28, 30, 32].xlsx  times=[26, 28, 30, 32]  dummy=True
  [26] A(idx=27) 20241017_2ppm铬离子污染和恢复测试_新版电解槽_ion_gamry_[0, 2, 4, 6].xlsx  times=[0, 2, 4, 6]
      → B(idx=27) 20241017_2ppm铬离子污染和恢复测试_新版电解槽_ion_gamry_[0, 2, 4, 6].xlsx  times=[0, 2, 4, 6]  dummy=True
  [27] A(idx=9) 20241017_2ppm铬离子污染和恢复测试_新版电解槽_ion_gamry_[20, 22, 24, 26].xlsx  times=[20, 22, 24, 26]
      → B(idx=9) 20241017_2ppm铬离子污染和恢复测试_新版电解槽_ion_gamry_[20, 22, 24, 26].xlsx  times=[20, 22, 24, 26]  dummy=True
  [28] A(idx=10) 20241024_2ppm铁离子污染和恢复测试_新版电解槽_ion_column_renew_H2SO4_firecloud_[12, 14, 16, 18].xlsx  times=[12, 14, 16, 18]
      → B(idx=10) 20241024_2ppm铁离子污染和恢复测试_新版电解槽_ion_column_renew_H2SO4_firecloud_[12, 14, 16, 18].xlsx  times=[12, 14, 16, 18]  dummy=True
  [29] A(idx=136) 20241024_2ppm铁离子污染和恢复测试_新版电解槽_ion_column_renew_H2SO4_firecloud_[18, 20, 22, 24].xlsx  times=[18, 20, 22, 24]
      → B(idx=136) 20241024_2ppm铁离子污染和恢复测试_新版电解槽_ion_column_renew_H2SO4_firecloud_[18, 20, 22, 24].xlsx  times=[18, 20, 22, 24]  dummy=True
  [30] A(idx=11) 20241117_2ppm钠离子污染及恢复测试10mlmin_旧版电解槽_ion_gamry_[2, 4, 6, 8].xlsx  times=[2, 4, 6, 8]
      → B(idx=11) 20241117_2ppm钠离子污染及恢复测试10mlmin_旧版电解槽_ion_gamry_[2, 4, 6, 8].xlsx  times=[2, 4, 6, 8]  dummy=True
  [31] A(idx=140) 20241117_2ppm钠离子污染及恢复测试10mlmin_旧版电解槽_ion_gamry_[10, 12, 14, 16].xlsx  times=[10, 12, 14, 16]
      → B(idx=140) 20241117_2ppm钠离子污染及恢复测试10mlmin_旧版电解槽_ion_gamry_[10, 12, 14, 16].xlsx  times=[10, 12, 14, 16]  dummy=True
  [32] A(idx=78) 20241117_2ppm钠离子污染及恢复测试10mlmin_旧版电解槽_ion_gamry_[30, 32, 34, 36].xlsx  times=[30, 32, 34, 36]
      → B(idx=78) 20241117_2ppm钠离子污染及恢复测试10mlmin_旧版电解槽_ion_gamry_[30, 32, 34, 36].xlsx  times=[30, 32, 34, 36]  dummy=True
  [33] A(idx=138) 20241211_2ppm铜离子污染及恢复测试80摄氏度_旧版电解槽_ion_gamry_[28, 30, 32, 34].xlsx  times=[28, 30, 32, 34]
      → B(idx=12) 20241211_2ppm铜离子污染及恢复测试80摄氏度_旧版电解槽_ion_gamry_[32, 34, 36, 38].xlsx  times=[32, 34, 36, 38]  dummy=False
  [34] A(idx=12) 20241211_2ppm铜离子污染及恢复测试80摄氏度_旧版电解槽_ion_gamry_[32, 34, 36, 38].xlsx  times=[32, 34, 36, 38]
      → B(idx=12) 20241211_2ppm铜离子污染及恢复测试80摄氏度_旧版电解槽_ion_gamry_[32, 34, 36, 38].xlsx  times=[32, 34, 36, 38]  dummy=True
  [35] A(idx=108) 20241211_2ppm铜离子污染及恢复测试80摄氏度_旧版电解槽_ion_gamry_[38, 40, 42, 44].xlsx  times=[38, 40, 42, 44]
      → B(idx=108) 20241211_2ppm铜离子污染及恢复测试80摄氏度_旧版电解槽_ion_gamry_[38, 40, 42, 44].xlsx  times=[38, 40, 42, 44]  dummy=True
  [36] A(idx=143) 20241213_2ppm钠离子污染及恢复测试_新版电解槽_ion_gamry_[0, 2, 4, 6].xlsx  times=[0, 2, 4, 6]
      → B(idx=143) 20241213_2ppm钠离子污染及恢复测试_新版电解槽_ion_gamry_[0, 2, 4, 6].xlsx  times=[0, 2, 4, 6]  dummy=True
  [37] A(idx=70) 20241213_2ppm钠离子污染及恢复测试_新版电解槽_ion_gamry_[2, 4, 6, 8].xlsx  times=[2, 4, 6, 8]
      → B(idx=70) 20241213_2ppm钠离子污染及恢复测试_新版电解槽_ion_gamry_[2, 4, 6, 8].xlsx  times=[2, 4, 6, 8]  dummy=True
  [38] A(idx=13) 20241213_2ppm钠离子污染及恢复测试_新版电解槽_ion_gamry_[22, 24, 26, 28].xlsx  times=[22, 24, 26, 28]
      → B(idx=13) 20241213_2ppm钠离子污染及恢复测试_新版电解槽_ion_gamry_[22, 24, 26, 28].xlsx  times=[22, 24, 26, 28]  dummy=True
  [39] A(idx=14) 20240822_10ppm铜离子污染测试_新版电解槽_ion_gamry_[10, 12, 14, 16].xlsx  times=[10, 12, 14, 16]
      → B(idx=14) 20240822_10ppm铜离子污染测试_新版电解槽_ion_gamry_[10, 12, 14, 16].xlsx  times=[10, 12, 14, 16]  dummy=True
  [40] A(idx=51) 20241112_2ppm钠离子污染和恢复测试80摄氏度_新版电解槽_ion_gamry_[28, 30, 32, 34].xlsx  times=[28, 30, 32, 34]
      → B(idx=51) 20241112_2ppm钠离子污染和恢复测试80摄氏度_新版电解槽_ion_gamry_[28, 30, 32, 34].xlsx  times=[28, 30, 32, 34]  dummy=True
  [41] A(idx=126) 20241112_2ppm钠离子污染和恢复测试80摄氏度_新版电解槽_ion_gamry_[34, 36, 38, 40].xlsx  times=[34, 36, 38, 40]
      → B(idx=126) 20241112_2ppm钠离子污染和恢复测试80摄氏度_新版电解槽_ion_gamry_[34, 36, 38, 40].xlsx  times=[34, 36, 38, 40]  dummy=True
  [42] A(idx=15) 20241112_2ppm钠离子污染和恢复测试80摄氏度_新版电解槽_ion_gamry_[36, 38, 40, 42].xlsx  times=[36, 38, 40, 42]
      → B(idx=15) 20241112_2ppm钠离子污染和恢复测试80摄氏度_新版电解槽_ion_gamry_[36, 38, 40, 42].xlsx  times=[36, 38, 40, 42]  dummy=True
  [43] A(idx=16) 20240831_10ppm镍离子污染测试_新版电解槽_ion_column_gamry_[0, 2, 4, 6].xlsx  times=[0, 2, 4, 6]
      → B(idx=16) 20240831_10ppm镍离子污染测试_新版电解槽_ion_column_gamry_[0, 2, 4, 6].xlsx  times=[0, 2, 4, 6]  dummy=True
  [44] A(idx=17) 20241112_2ppm镍离子污染及恢复测试_旧版电解槽_ion_column_gamry_[12, 14, 16, 18].xlsx  times=[12, 14, 16, 18]
      → B(idx=17) 20241112_2ppm镍离子污染及恢复测试_旧版电解槽_ion_column_gamry_[12, 14, 16, 18].xlsx  times=[12, 14, 16, 18]  dummy=True
  [45] A(idx=18) 20241013_2ppm铝离子污染测试_新版电解槽_ion_column_firecloud_[8, 10, 12, 14].xlsx  times=[8, 10, 12, 14]
      → B(idx=18) 20241013_2ppm铝离子污染测试_新版电解槽_ion_column_firecloud_[8, 10, 12, 14].xlsx  times=[8, 10, 12, 14]  dummy=True
  [46] A(idx=90) 20241013_2ppm铝离子污染测试_新版电解槽_ion_column_firecloud_[16, 18, 20, 22].xlsx  times=[16, 18, 20, 22]
      → B(idx=90) 20241013_2ppm铝离子污染测试_新版电解槽_ion_column_firecloud_[16, 18, 20, 22].xlsx  times=[16, 18, 20, 22]  dummy=True
  [47] A(idx=19) 20241024_2ppm铁离子污染和恢复测试_新版电解槽_ion_column_firecloud_[2, 4, 6, 8].xlsx  times=[2, 4, 6, 8]
      → B(idx=19) 20241024_2ppm铁离子污染和恢复测试_新版电解槽_ion_column_firecloud_[2, 4, 6, 8].xlsx  times=[2, 4, 6, 8]  dummy=True
  [48] A(idx=56) 20241024_2ppm铁离子污染和恢复测试_新版电解槽_ion_column_firecloud_[10, 12, 14, 16].xlsx  times=[10, 12, 14, 16]
      → B(idx=56) 20241024_2ppm铁离子污染和恢复测试_新版电解槽_ion_column_firecloud_[10, 12, 14, 16].xlsx  times=[10, 12, 14, 16]  dummy=True
  [49] A(idx=67) 20241024_2ppm铁离子污染和恢复测试_新版电解槽_ion_column_firecloud_[18, 20, 22, 24].xlsx  times=[18, 20, 22, 24]
      → B(idx=67) 20241024_2ppm铁离子污染和恢复测试_新版电解槽_ion_column_firecloud_[18, 20, 22, 24].xlsx  times=[18, 20, 22, 24]  dummy=True
  [50] A(idx=21) 20240918_2ppm钙离子污染测试_新版电解槽_ion_column_gamry_[2, 4, 6, 8].xlsx  times=[2, 4, 6, 8]
      → B(idx=21) 20240918_2ppm钙离子污染测试_新版电解槽_ion_column_gamry_[2, 4, 6, 8].xlsx  times=[2, 4, 6, 8]  dummy=True

[PairDataset][Summary]
- total files:        146
- parsed OK:          146
- regex fail:         0
- parse times fail:   0
- empty times:        0
- total pairs:        146  (keep_unpaired=self)
- distinct prefixes:  77
- prefixes coverage (first few):
  [1] 20240918_2ppm钙离子污染测试_新版电解槽_ion_gamry_[* -> windows=2, adj_pairs=0/1
  [2] 20241028_2ppm钠离子污染和恢复测试_旧版电解槽_ion_column_renew_H2SO4_gamry_[* -> windows=2, adj_pairs=0/1
  [3] 20241010_2ppm钠离子污染测试_新版电解槽_ion_column_firecloud_[* -> windows=2, adj_pairs=0/1
  [4] 20241101_2ppm铜离子污染和恢复测试_旧版电解槽_ion_firecloud_[* -> windows=3, adj_pairs=0/2
  [5] 20240831_10ppm镍离子污染测试_新版电解槽_ion_gamry_[* -> windows=4, adj_pairs=0/3
  [6] 20241122_2ppm铜离子污染及恢复测试40摄氏度_新版电解槽_ion_column_renew_H2SO4_gamry_[* -> windows=1, adj_pairs=0/0
  [7] 20241010_2ppm钠离子污染测试_新版电解槽_ion_firecloud_[* -> windows=4, adj_pairs=0/3
  [8] 20241029_2ppm铁离子污染和恢复测试_新版电解槽_ion_firecloud_[* -> windows=4, adj_pairs=0/3
  [9] 20241227_10ppm铜离子污染及恢复测试_旧版电解槽_ion_column_renew_H2SO4_gamry_[* -> windows=3, adj_pairs=0/2
  [10] 20241017_2ppm铬离子污染和恢复测试_新版电解槽_ion_gamry_[* -> windows=2, adj_pairs=0/1
- unadjacent gaps samples: 131 (showing first 0)
num base train samples: 706
num base val   samples: 146
num pair train samples: 706
num pair val   samples: 146
dummy_mask[0] = False
🧩 新模型: 400,403 参数 (400,403 可训练)
📝 TensorBoard 日志目录: /home/kudouzala/Application/ion_detect/output/tensorboard/exp_new_h
🔥 Warmup: 100 epochs (LR × 0.01 → 1.0)
📈 Cosine Annealing LR 调度 (T_max=900)
[New] Epoch 1/1000 | classify: 5.0233 | voltage: 6.7406 | conc: 0.0008 | rule: 212.5310 | group: 2.3349 | tree: 5.8102 | total: 5.4714
[New] Epoch 2/1000 | classify: 4.3694 | voltage: 6.5170 | conc: 0.0007 | rule: 222.1195 | group: 2.2649 | tree: 5.7766 | total: 4.8110
[New] Epoch 3/1000 | classify: 4.1513 | voltage: 6.1700 | conc: 0.0007 | rule: 216.3804 | group: 2.2778 | tree: 5.7913 | total: 4.5727
[New] Epoch 4/1000 | classify: 3.8538 | voltage: 5.8039 | conc: 0.0006 | rule: 235.3740 | group: 2.0087 | tree: 5.3473 | total: 4.2659
[New] Epoch 5/1000 | classify: 3.8195 | voltage: 5.2604 | conc: 0.0004 | rule: 222.3306 | group: 2.0630 | tree: 5.4573 | total: 4.1979
[New] Epoch 6/1000 | classify: 3.6759 | voltage: 4.8676 | conc: 0.0007 | rule: 239.8147 | group: 2.2562 | tree: 5.4362 | total: 4.0437
[New] Epoch 7/1000 | classify: 3.5770 | voltage: 4.5638 | conc: 0.0008 | rule: 238.9197 | group: 2.1255 | tree: 5.7672 | total: 3.9294
[New] Epoch 8/1000 | classify: 3.3596 | voltage: 4.2218 | conc: 0.0006 | rule: 225.9435 | group: 2.2384 | tree: 5.6923 | total: 3.6883
[New] Epoch 9/1000 | classify: 3.3853 | voltage: 3.9402 | conc: 0.0004 | rule: 219.8937 | group: 2.1120 | tree: 5.2530 | total: 3.6964
[New] Epoch 10/1000 | classify: 3.2980 | voltage: 3.5451 | conc: 0.0005 | rule: 236.5299 | group: 2.0670 | tree: 5.3374 | total: 3.5978
--- 验证集 [epoch 10] ---
  准确率 (Accuracy):  0.6096
  精确率 (Precision): 0.2680
  召回率 (Recall):    0.3447
  F1 分数 (F1):       0.2976
✅ 模型已保存到 /home/kudouzala/Application/ion_detect/output/trained_model_save/exp_new_h/trained_model_epoch_best.pth
  🏆 新最佳 F1=0.2976，已保存 best 模型
[New] Epoch 11/1000 | classify: 3.5040 | voltage: 3.3295 | conc: 0.0007 | rule: 245.7844 | group: 2.1205 | tree: 5.8357 | total: 3.7981
[New] Epoch 12/1000 | classify: 3.1458 | voltage: 3.1080 | conc: 0.0009 | rule: 220.5004 | group: 2.0350 | tree: 5.7079 | total: 3.4162
[New] Epoch 13/1000 | classify: 3.4855 | voltage: 2.8281 | conc: 0.0003 | rule: 230.1645 | group: 2.0443 | tree: 5.4023 | total: 3.7460
[New] Epoch 14/1000 | classify: 3.3791 | voltage: 2.5846 | conc: 0.0009 | rule: 248.9624 | group: 2.0959 | tree: 5.5979 | total: 3.6376
[New] Epoch 15/1000 | classify: 3.3125 | voltage: 2.4500 | conc: 0.0008 | rule: 219.0046 | group: 2.1024 | tree: 5.5465 | total: 3.5491
[New] Epoch 16/1000 | classify: 3.2956 | voltage: 2.0967 | conc: 0.0006 | rule: 253.6854 | group: 1.8891 | tree: 5.4162 | total: 3.5315
[New] Epoch 17/1000 | classify: 3.2761 | voltage: 1.9952 | conc: 0.0009 | rule: 214.0669 | group: 2.1406 | tree: 5.7786 | total: 3.4877
[New] Epoch 18/1000 | classify: 3.2168 | voltage: 1.8161 | conc: 0.0009 | rule: 234.5944 | group: 1.9602 | tree: 5.6254 | total: 3.4296
[New] Epoch 19/1000 | classify: 2.9382 | voltage: 1.7386 | conc: 0.0004 | rule: 214.4321 | group: 1.8689 | tree: 5.2177 | total: 3.1363
[New] Epoch 20/1000 | classify: 3.0813 | voltage: 1.5427 | conc: 0.0007 | rule: 224.2776 | group: 1.9400 | tree: 5.4433 | total: 3.2749
--- 验证集 [epoch 20] ---
  准确率 (Accuracy):  0.5548
  精确率 (Precision): 0.2685
  召回率 (Recall):    0.3291
  F1 分数 (F1):       0.2787
[New] Epoch 21/1000 | classify: 3.1503 | voltage: 1.4301 | conc: 0.0005 | rule: 215.1155 | group: 1.9483 | tree: 5.4941 | total: 3.3336
[New] Epoch 22/1000 | classify: 3.0449 | voltage: 1.3427 | conc: 0.0003 | rule: 204.0049 | group: 1.9509 | tree: 5.4827 | total: 3.2181
[New] Epoch 23/1000 | classify: 3.1057 | voltage: 1.2267 | conc: 0.0005 | rule: 221.8647 | group: 1.8772 | tree: 5.3000 | total: 3.2820
[New] Epoch 24/1000 | classify: 3.1876 | voltage: 1.1430 | conc: 0.0005 | rule: 226.9634 | group: 1.9462 | tree: 5.5577 | total: 3.3625
[New] Epoch 25/1000 | classify: 3.0329 | voltage: 1.0939 | conc: 0.0003 | rule: 231.4285 | group: 1.8396 | tree: 5.3286 | total: 3.2072
[New] Epoch 26/1000 | classify: 2.9998 | voltage: 1.0594 | conc: 0.0006 | rule: 211.7151 | group: 1.9253 | tree: 5.2823 | total: 3.1628
[New] Epoch 27/1000 | classify: 2.7735 | voltage: 0.9494 | conc: 0.0006 | rule: 215.0122 | group: 1.7844 | tree: 5.0673 | total: 2.9326
[New] Epoch 28/1000 | classify: 3.0638 | voltage: 0.8988 | conc: 0.0005 | rule: 245.7119 | group: 1.8623 | tree: 5.5320 | total: 3.2358
[New] Epoch 29/1000 | classify: 2.9714 | voltage: 0.8140 | conc: 0.0007 | rule: 244.7115 | group: 1.7954 | tree: 5.4933 | total: 3.1388
[New] Epoch 30/1000 | classify: 3.0681 | voltage: 0.7927 | conc: 0.0008 | rule: 223.4321 | group: 1.9808 | tree: 5.4045 | total: 3.2239
--- 验证集 [epoch 30] ---
  准确率 (Accuracy):  0.7055
  精确率 (Precision): 0.6670
  召回率 (Recall):    0.5895
  F1 分数 (F1):       0.5862
✅ 模型已保存到 /home/kudouzala/Application/ion_detect/output/trained_model_save/exp_new_h/trained_model_epoch_best.pth
  🏆 新最佳 F1=0.5862，已保存 best 模型
[New] Epoch 31/1000 | classify: 2.9429 | voltage: 0.7468 | conc: 0.0005 | rule: 232.4735 | group: 1.7976 | tree: 5.2460 | total: 3.1005
[New] Epoch 32/1000 | classify: 2.9398 | voltage: 0.7054 | conc: 0.0006 | rule: 229.1840 | group: 1.8415 | tree: 5.5909 | total: 3.0940
[New] Epoch 33/1000 | classify: 2.7399 | voltage: 0.6636 | conc: 0.0008 | rule: 227.8672 | group: 1.8136 | tree: 5.2373 | total: 2.8913
[New] Epoch 34/1000 | classify: 2.7014 | voltage: 0.6263 | conc: 0.0005 | rule: 209.2396 | group: 1.7913 | tree: 5.5235 | total: 2.8416
[New] Epoch 35/1000 | classify: 2.9818 | voltage: 0.5957 | conc: 0.0006 | rule: 214.3647 | group: 1.8267 | tree: 5.4533 | total: 3.1230
[New] Epoch 36/1000 | classify: 2.5084 | voltage: 0.5521 | conc: 0.0008 | rule: 199.5453 | group: 1.8270 | tree: 5.2062 | total: 2.6401
[New] Epoch 37/1000 | classify: 2.6997 | voltage: 0.5387 | conc: 0.0007 | rule: 210.1492 | group: 1.7898 | tree: 5.2749 | total: 2.8360
[New] Epoch 38/1000 | classify: 2.7151 | voltage: 0.5380 | conc: 0.0004 | rule: 217.4581 | group: 1.7830 | tree: 5.2321 | total: 2.8546
[New] Epoch 39/1000 | classify: 2.7449 | voltage: 0.4925 | conc: 0.0007 | rule: 233.5110 | group: 1.7612 | tree: 4.9072 | total: 2.8903
[New] Epoch 40/1000 | classify: 2.6901 | voltage: 0.4658 | conc: 0.0006 | rule: 214.6140 | group: 1.8428 | tree: 5.3586 | total: 2.8248
--- 验证集 [epoch 40] ---
  准确率 (Accuracy):  0.6849
  精确率 (Precision): 0.5096
  召回率 (Recall):    0.5114
  F1 分数 (F1):       0.4945
[New] Epoch 41/1000 | classify: 2.6241 | voltage: 0.4231 | conc: 0.0007 | rule: 201.4174 | group: 1.8278 | tree: 5.4587 | total: 2.7503
[New] Epoch 42/1000 | classify: 2.6422 | voltage: 0.4003 | conc: 0.0007 | rule: 217.5966 | group: 1.8009 | tree: 5.3843 | total: 2.7754
[New] Epoch 43/1000 | classify: 2.6803 | voltage: 0.3963 | conc: 0.0005 | rule: 197.0059 | group: 1.7714 | tree: 5.0925 | total: 2.8025
[New] Epoch 44/1000 | classify: 2.7613 | voltage: 0.3522 | conc: 0.0005 | rule: 238.7815 | group: 1.8048 | tree: 5.6020 | total: 2.9026
[New] Epoch 45/1000 | classify: 2.6748 | voltage: 0.3220 | conc: 0.0009 | rule: 209.8077 | group: 1.7331 | tree: 5.2326 | total: 2.8002
[New] Epoch 46/1000 | classify: 2.6671 | voltage: 0.3343 | conc: 0.0004 | rule: 227.8479 | group: 1.7383 | tree: 5.2052 | total: 2.8016
[New] Epoch 47/1000 | classify: 2.7639 | voltage: 0.3148 | conc: 0.0006 | rule: 211.9305 | group: 1.7929 | tree: 5.3471 | total: 2.8898
[New] Epoch 48/1000 | classify: 2.5863 | voltage: 0.3122 | conc: 0.0006 | rule: 216.3110 | group: 1.8117 | tree: 5.0932 | total: 2.7141
[New] Epoch 49/1000 | classify: 2.5774 | voltage: 0.3044 | conc: 0.0006 | rule: 226.0804 | group: 1.7448 | tree: 5.2460 | total: 2.7097
[New] Epoch 50/1000 | classify: 2.6884 | voltage: 0.2847 | conc: 0.0005 | rule: 218.9250 | group: 1.7850 | tree: 5.1816 | total: 2.8161
--- 验证集 [epoch 50] ---
  准确率 (Accuracy):  0.7260
  精确率 (Precision): 0.5177
  召回率 (Recall):    0.5510
  F1 分数 (F1):       0.5201
✅ 模型已保存到 /home/kudouzala/Application/ion_detect/output/trained_model_save/exp_new_h/trained_model_epoch_50.pth
📁 损失值已保存到 /home/kudouzala/Application/ion_detect/output/trained_model_save/exp_new_h/training_loss_epoch_50.csv
[New] Epoch 51/1000 | classify: 2.4912 | voltage: 0.2744 | conc: 0.0005 | rule: 224.7688 | group: 1.6730 | tree: 5.0688 | total: 2.6211
[New] Epoch 52/1000 | classify: 2.4550 | voltage: 0.2702 | conc: 0.0005 | rule: 189.7185 | group: 1.6920 | tree: 5.0549 | total: 2.5672
[New] Epoch 53/1000 | classify: 2.2620 | voltage: 0.2457 | conc: 0.0004 | rule: 217.4888 | group: 1.6043 | tree: 4.7504 | total: 2.3866
[New] Epoch 54/1000 | classify: 2.4219 | voltage: 0.2528 | conc: 0.0007 | rule: 234.2723 | group: 1.6651 | tree: 4.9688 | total: 2.5557
[New] Epoch 55/1000 | classify: 2.4511 | voltage: 0.2546 | conc: 0.0004 | rule: 185.5435 | group: 1.6385 | tree: 4.9631 | total: 2.5603
[New] Epoch 56/1000 | classify: 2.4338 | voltage: 0.2498 | conc: 0.0006 | rule: 212.3686 | group: 1.7046 | tree: 5.0760 | total: 2.5564
[New] Epoch 57/1000 | classify: 2.6323 | voltage: 0.2238 | conc: 0.0006 | rule: 249.8194 | group: 1.7063 | tree: 5.1520 | total: 2.7724
[New] Epoch 58/1000 | classify: 2.5540 | voltage: 0.2000 | conc: 0.0005 | rule: 240.5350 | group: 1.6306 | tree: 4.8705 | total: 2.6880
[New] Epoch 59/1000 | classify: 2.5709 | voltage: 0.1943 | conc: 0.0006 | rule: 217.9435 | group: 1.7095 | tree: 5.2617 | total: 2.6936
[New] Epoch 60/1000 | classify: 2.4156 | voltage: 0.2075 | conc: 0.0006 | rule: 215.7140 | group: 1.6846 | tree: 4.9878 | total: 2.5378
--- 验证集 [epoch 60] ---
  准确率 (Accuracy):  0.6986
  精确率 (Precision): 0.5746
  召回率 (Recall):    0.5626
  F1 分数 (F1):       0.5328
[New] Epoch 61/1000 | classify: 2.2131 | voltage: 0.2259 | conc: 0.0006 | rule: 201.9924 | group: 1.6615 | tree: 5.0196 | total: 2.3294
[New] Epoch 62/1000 | classify: 2.4665 | voltage: 0.2306 | conc: 0.0004 | rule: 236.4785 | group: 1.6833 | tree: 5.1979 | total: 2.6001
[New] Epoch 63/1000 | classify: 2.2887 | voltage: 0.3865 | conc: 0.0006 | rule: 238.9073 | group: 1.6537 | tree: 5.0790 | total: 2.4315
[New] Epoch 64/1000 | classify: 2.2440 | voltage: 0.3327 | conc: 0.0007 | rule: 241.5710 | group: 1.6990 | tree: 5.2366 | total: 2.3855
[New] Epoch 65/1000 | classify: 2.4447 | voltage: 0.2972 | conc: 0.0004 | rule: 218.0739 | group: 1.6771 | tree: 5.1796 | total: 2.5724
[New] Epoch 66/1000 | classify: 2.3825 | voltage: 0.2770 | conc: 0.0008 | rule: 197.2913 | group: 1.6801 | tree: 5.1756 | total: 2.4992
[New] Epoch 67/1000 | classify: 2.3701 | voltage: 0.2334 | conc: 0.0004 | rule: 225.9313 | group: 1.6123 | tree: 4.9073 | total: 2.4983
[New] Epoch 68/1000 | classify: 2.1832 | voltage: 0.2234 | conc: 0.0003 | rule: 230.5189 | group: 1.5951 | tree: 4.9202 | total: 2.3133
[New] Epoch 69/1000 | classify: 2.6901 | voltage: 0.2680 | conc: 0.0004 | rule: 215.2965 | group: 1.7406 | tree: 5.2678 | total: 2.8151
[New] Epoch 70/1000 | classify: 2.3093 | voltage: 0.1574 | conc: 0.0006 | rule: 216.5420 | group: 1.7450 | tree: 5.3944 | total: 2.4297
--- 验证集 [epoch 70] ---
  准确率 (Accuracy):  0.7740
  精确率 (Precision): 0.6954
  召回率 (Recall):    0.6357
  F1 分数 (F1):       0.6509
✅ 模型已保存到 /home/kudouzala/Application/ion_detect/output/trained_model_save/exp_new_h/trained_model_epoch_best.pth
  🏆 新最佳 F1=0.6509，已保存 best 模型
[New] Epoch 71/1000 | classify: 2.1669 | voltage: 0.1660 | conc: 0.0003 | rule: 234.5945 | group: 1.6221 | tree: 4.9516 | total: 2.2961
[New] Epoch 72/1000 | classify: 2.2424 | voltage: 0.1832 | conc: 0.0005 | rule: 204.6151 | group: 1.6110 | tree: 4.8634 | total: 2.3576
[New] Epoch 73/1000 | classify: 2.1709 | voltage: 0.1879 | conc: 0.0007 | rule: 220.1587 | group: 1.7073 | tree: 5.2295 | total: 2.2945
[New] Epoch 74/1000 | classify: 2.1402 | voltage: 0.1752 | conc: 0.0004 | rule: 221.9845 | group: 1.7023 | tree: 5.3128 | total: 2.2639
[New] Epoch 75/1000 | classify: 2.2367 | voltage: 0.1841 | conc: 0.0006 | rule: 203.2065 | group: 1.6747 | tree: 5.0854 | total: 2.3515
[New] Epoch 76/1000 | classify: 2.2205 | voltage: 0.1864 | conc: 0.0007 | rule: 229.8475 | group: 1.6873 | tree: 5.0111 | total: 2.3488
[New] Epoch 77/1000 | classify: 2.0819 | voltage: 0.1801 | conc: 0.0005 | rule: 221.2225 | group: 1.6766 | tree: 4.8424 | total: 2.2053
[New] Epoch 78/1000 | classify: 1.9704 | voltage: 0.1844 | conc: 0.0005 | rule: 203.7322 | group: 1.6062 | tree: 4.7673 | total: 2.0851
[New] Epoch 79/1000 | classify: 2.2293 | voltage: 0.1720 | conc: 0.0007 | rule: 215.3828 | group: 1.7240 | tree: 5.2416 | total: 2.3498
[New] Epoch 80/1000 | classify: 1.9597 | voltage: 0.1733 | conc: 0.0006 | rule: 197.3230 | group: 1.5856 | tree: 4.6183 | total: 2.0707
--- 验证集 [epoch 80] ---
  准确率 (Accuracy):  0.7260
  精确率 (Precision): 0.6444
  召回率 (Recall):    0.6075
  F1 分数 (F1):       0.5857
[New] Epoch 81/1000 | classify: 1.9980 | voltage: 0.1717 | conc: 0.0006 | rule: 217.4062 | group: 1.6181 | tree: 4.7486 | total: 2.1190
[New] Epoch 82/1000 | classify: 1.9669 | voltage: 0.1533 | conc: 0.0005 | rule: 221.8714 | group: 1.6230 | tree: 4.8481 | total: 2.0893
[New] Epoch 83/1000 | classify: 2.0742 | voltage: 0.1591 | conc: 0.0008 | rule: 241.3128 | group: 1.6637 | tree: 5.2463 | total: 2.2071
[New] Epoch 84/1000 | classify: 2.2020 | voltage: 0.1770 | conc: 0.0009 | rule: 217.4343 | group: 1.7100 | tree: 5.1247 | total: 2.3240
[New] Epoch 85/1000 | classify: 2.2741 | voltage: 0.1804 | conc: 0.0004 | rule: 222.1992 | group: 1.6972 | tree: 5.1251 | total: 2.3980
[New] Epoch 86/1000 | classify: 2.0688 | voltage: 0.1881 | conc: 0.0004 | rule: 223.4923 | group: 1.5790 | tree: 4.6454 | total: 2.1934
[New] Epoch 87/1000 | classify: 2.0042 | voltage: 0.1899 | conc: 0.0005 | rule: 235.1471 | group: 1.6578 | tree: 4.9781 | total: 2.1351
[New] Epoch 88/1000 | classify: 2.1610 | voltage: 0.1729 | conc: 0.0006 | rule: 249.4923 | group: 1.6890 | tree: 5.2751 | total: 2.2984
[New] Epoch 89/1000 | classify: 1.7949 | voltage: 0.1953 | conc: 0.0006 | rule: 239.5355 | group: 1.5033 | tree: 4.3287 | total: 1.9280
[New] Epoch 90/1000 | classify: 1.9888 | voltage: 0.2326 | conc: 0.0005 | rule: 232.0763 | group: 1.6227 | tree: 4.9100 | total: 2.1203
--- 验证集 [epoch 90] ---
  准确率 (Accuracy):  0.6986
  精确率 (Precision): 0.5946
  召回率 (Recall):    0.5983
  F1 分数 (F1):       0.5803
[New] Epoch 91/1000 | classify: 2.0941 | voltage: 0.2138 | conc: 0.0007 | rule: 232.8398 | group: 1.7021 | tree: 5.4068 | total: 2.2254
[New] Epoch 92/1000 | classify: 2.0994 | voltage: 0.1856 | conc: 0.0006 | rule: 200.0670 | group: 1.7141 | tree: 5.3625 | total: 2.2128
[New] Epoch 93/1000 | classify: 2.1195 | voltage: 0.1518 | conc: 0.0007 | rule: 211.1975 | group: 1.7282 | tree: 5.3059 | total: 2.2368
[New] Epoch 94/1000 | classify: 1.8979 | voltage: 0.1777 | conc: 0.0006 | rule: 222.6391 | group: 1.7421 | tree: 5.1557 | total: 2.0222
[New] Epoch 95/1000 | classify: 1.7937 | voltage: 0.1704 | conc: 0.0003 | rule: 217.0937 | group: 1.5375 | tree: 4.7107 | total: 1.9142
[New] Epoch 96/1000 | classify: 1.8760 | voltage: 0.1658 | conc: 0.0006 | rule: 210.8720 | group: 1.6200 | tree: 4.9781 | total: 1.9936
[New] Epoch 97/1000 | classify: 1.8509 | voltage: 0.1719 | conc: 0.0005 | rule: 220.8657 | group: 1.6077 | tree: 4.7717 | total: 1.9737
[New] Epoch 98/1000 | classify: 1.9367 | voltage: 0.1853 | conc: 0.0006 | rule: 232.5757 | group: 1.7583 | tree: 5.1108 | total: 2.0663
[New] Epoch 99/1000 | classify: 1.9285 | voltage: 0.1825 | conc: 0.0006 | rule: 198.7578 | group: 1.6497 | tree: 4.9485 | total: 2.0409
[New] Epoch 100/1000 | classify: 2.1314 | voltage: 0.1857 | conc: 0.0008 | rule: 225.5975 | group: 1.7560 | tree: 5.4576 | total: 2.2579
--- 验证集 [epoch 100] ---
  准确率 (Accuracy):  0.7466
  精确率 (Precision): 0.6905
  召回率 (Recall):    0.6007
  F1 分数 (F1):       0.6191
✅ 模型已保存到 /home/kudouzala/Application/ion_detect/output/trained_model_save/exp_new_h/trained_model_epoch_100.pth
📁 损失值已保存到 /home/kudouzala/Application/ion_detect/output/trained_model_save/exp_new_h/training_loss_epoch_100.csv
[New] Epoch 101/1000 | classify: 1.7392 | voltage: 0.1898 | conc: 0.0005 | rule: 221.5270 | group: 1.5696 | tree: 4.6814 | total: 1.8630
[New] Epoch 102/1000 | classify: 1.8967 | voltage: 0.1790 | conc: 0.0005 | rule: 217.9163 | group: 1.5913 | tree: 4.8331 | total: 2.0183
[New] Epoch 103/1000 | classify: 1.9695 | voltage: 0.1933 | conc: 0.0006 | rule: 220.0770 | group: 1.6143 | tree: 4.7466 | total: 2.0930
[New] Epoch 104/1000 | classify: 1.7637 | voltage: 0.1813 | conc: 0.0006 | rule: 225.7327 | group: 1.7067 | tree: 5.0320 | total: 1.8897
[New] Epoch 105/1000 | classify: 1.7747 | voltage: 0.1798 | conc: 0.0005 | rule: 222.0454 | group: 1.6171 | tree: 4.9682 | total: 1.8985
[New] Epoch 106/1000 | classify: 1.8820 | voltage: 0.1689 | conc: 0.0007 | rule: 224.0666 | group: 1.7413 | tree: 5.3201 | total: 2.0067
[New] Epoch 107/1000 | classify: 1.8030 | voltage: 0.1776 | conc: 0.0006 | rule: 216.8367 | group: 1.6511 | tree: 5.0555 | total: 1.9242
[New] Epoch 108/1000 | classify: 1.9030 | voltage: 0.1904 | conc: 0.0004 | rule: 232.1869 | group: 1.7365 | tree: 5.1665 | total: 2.0325
[New] Epoch 109/1000 | classify: 1.6057 | voltage: 0.1893 | conc: 0.0005 | rule: 191.2196 | group: 1.6138 | tree: 4.6371 | total: 1.7144
[New] Epoch 110/1000 | classify: 1.9342 | voltage: 0.1662 | conc: 0.0005 | rule: 204.4725 | group: 1.6937 | tree: 5.0021 | total: 2.0486
--- 验证集 [epoch 110] ---
  准确率 (Accuracy):  0.7603
  精确率 (Precision): 0.6949
  召回率 (Recall):    0.6535
  F1 分数 (F1):       0.6491
[New] Epoch 111/1000 | classify: 1.9116 | voltage: 0.1616 | conc: 0.0008 | rule: 228.9147 | group: 1.7236 | tree: 5.3897 | total: 2.0385
[New] Epoch 112/1000 | classify: 1.7266 | voltage: 0.1723 | conc: 0.0006 | rule: 211.8469 | group: 1.6334 | tree: 4.9090 | total: 1.8450
[New] Epoch 113/1000 | classify: 1.6348 | voltage: 0.1661 | conc: 0.0008 | rule: 242.2794 | group: 1.6737 | tree: 4.9471 | total: 1.7684
[New] Epoch 114/1000 | classify: 1.6389 | voltage: 0.1665 | conc: 0.0003 | rule: 208.5026 | group: 1.5851 | tree: 4.6849 | total: 1.7549
[New] Epoch 115/1000 | classify: 1.6735 | voltage: 0.1602 | conc: 0.0006 | rule: 235.2017 | group: 1.6635 | tree: 5.0206 | total: 1.8030
[New] Epoch 116/1000 | classify: 1.8575 | voltage: 0.1588 | conc: 0.0007 | rule: 231.6057 | group: 1.6860 | tree: 5.0403 | total: 1.9853
[New] Epoch 117/1000 | classify: 1.5996 | voltage: 0.1647 | conc: 0.0004 | rule: 210.9701 | group: 1.6493 | tree: 4.8346 | total: 1.7170
[New] Epoch 118/1000 | classify: 1.8055 | voltage: 0.1485 | conc: 0.0005 | rule: 226.7797 | group: 1.6873 | tree: 5.0922 | total: 1.9302
[New] Epoch 119/1000 | classify: 1.6110 | voltage: 0.1641 | conc: 0.0007 | rule: 221.8444 | group: 1.6323 | tree: 5.0227 | total: 1.7342
[New] Epoch 120/1000 | classify: 1.6601 | voltage: 0.1709 | conc: 0.0004 | rule: 232.7013 | group: 1.7103 | tree: 5.1851 | total: 1.7889
--- 验证集 [epoch 120] ---
  准确率 (Accuracy):  0.8082
  精确率 (Precision): 0.7363
  召回率 (Recall):    0.7185
  F1 分数 (F1):       0.7215
✅ 模型已保存到 /home/kudouzala/Application/ion_detect/output/trained_model_save/exp_new_h/trained_model_epoch_best.pth
  🏆 新最佳 F1=0.7215，已保存 best 模型
[New] Epoch 121/1000 | classify: 1.6790 | voltage: 0.1705 | conc: 0.0005 | rule: 207.8795 | group: 1.6372 | tree: 5.0592 | total: 1.7953
[New] Epoch 122/1000 | classify: 1.6970 | voltage: 0.1823 | conc: 0.0009 | rule: 220.1529 | group: 1.7518 | tree: 5.2355 | total: 1.8206
[New] Epoch 123/1000 | classify: 1.7293 | voltage: 0.1852 | conc: 0.0006 | rule: 222.0314 | group: 1.6880 | tree: 5.0683 | total: 1.8536
[New] Epoch 124/1000 | classify: 1.5905 | voltage: 0.1836 | conc: 0.0006 | rule: 208.4003 | group: 1.6671 | tree: 4.9293 | total: 1.7077
[New] Epoch 125/1000 | classify: 1.4738 | voltage: 0.1680 | conc: 0.0005 | rule: 215.9576 | group: 1.6236 | tree: 4.8387 | total: 1.5940
[New] Epoch 126/1000 | classify: 1.6376 | voltage: 0.1639 | conc: 0.0007 | rule: 212.6624 | group: 1.6758 | tree: 4.8714 | total: 1.7560
[New] Epoch 127/1000 | classify: 1.7337 | voltage: 0.1709 | conc: 0.0004 | rule: 189.5232 | group: 1.6072 | tree: 4.6195 | total: 1.8405
[New] Epoch 128/1000 | classify: 1.5783 | voltage: 0.1762 | conc: 0.0009 | rule: 247.8531 | group: 1.7076 | tree: 5.2488 | total: 1.7154
[New] Epoch 129/1000 | classify: 1.6154 | voltage: 0.1755 | conc: 0.0006 | rule: 205.9968 | group: 1.6509 | tree: 4.9701 | total: 1.7311
[New] Epoch 130/1000 | classify: 1.6264 | voltage: 0.1699 | conc: 0.0004 | rule: 208.4238 | group: 1.6461 | tree: 4.7529 | total: 1.7427
--- 验证集 [epoch 130] ---
  准确率 (Accuracy):  0.7877
  精确率 (Precision): 0.7174
  召回率 (Recall):    0.6855
  F1 分数 (F1):       0.6788
[New] Epoch 131/1000 | classify: 1.7584 | voltage: 0.1846 | conc: 0.0007 | rule: 215.7974 | group: 1.6619 | tree: 5.1175 | total: 1.8796
[New] Epoch 132/1000 | classify: 1.6797 | voltage: 0.1884 | conc: 0.0004 | rule: 226.7062 | group: 1.7312 | tree: 5.1568 | total: 1.8063
[New] Epoch 133/1000 | classify: 1.6284 | voltage: 0.1726 | conc: 0.0006 | rule: 241.2148 | group: 1.7243 | tree: 5.1863 | total: 1.7617
[New] Epoch 134/1000 | classify: 1.6200 | voltage: 0.1750 | conc: 0.0006 | rule: 219.7315 | group: 1.6294 | tree: 4.8609 | total: 1.7425
[New] Epoch 135/1000 | classify: 1.5950 | voltage: 0.1710 | conc: 0.0007 | rule: 220.8854 | group: 1.6619 | tree: 4.9038 | total: 1.7179
[New] Epoch 136/1000 | classify: 1.6048 | voltage: 0.1783 | conc: 0.0008 | rule: 228.2347 | group: 1.6974 | tree: 5.1808 | total: 1.7321
[New] Epoch 137/1000 | classify: 1.5513 | voltage: 0.1826 | conc: 0.0004 | rule: 209.9634 | group: 1.6427 | tree: 4.8872 | total: 1.6690
[New] Epoch 138/1000 | classify: 1.2750 | voltage: 0.1652 | conc: 0.0008 | rule: 217.6536 | group: 1.6749 | tree: 4.8843 | total: 1.3962
[New] Epoch 139/1000 | classify: 1.5060 | voltage: 0.1729 | conc: 0.0005 | rule: 201.8824 | group: 1.6240 | tree: 4.8380 | total: 1.6193
[New] Epoch 140/1000 | classify: 1.6682 | voltage: 0.1665 | conc: 0.0011 | rule: 246.7905 | group: 1.7815 | tree: 5.3938 | total: 1.8046
--- 验证集 [epoch 140] ---
  准确率 (Accuracy):  0.8288
  精确率 (Precision): 0.7772
  召回率 (Recall):    0.7464
  F1 分数 (F1):       0.7519
✅ 模型已保存到 /home/kudouzala/Application/ion_detect/output/trained_model_save/exp_new_h/trained_model_epoch_best.pth
  🏆 新最佳 F1=0.7519，已保存 best 模型
[New] Epoch 141/1000 | classify: 1.6124 | voltage: 0.1695 | conc: 0.0008 | rule: 219.2629 | group: 1.7743 | tree: 5.1581 | total: 1.7348
[New] Epoch 142/1000 | classify: 1.4059 | voltage: 0.1673 | conc: 0.0007 | rule: 216.1132 | group: 1.6371 | tree: 4.8064 | total: 1.5262
[New] Epoch 143/1000 | classify: 1.6534 | voltage: 0.1523 | conc: 0.0007 | rule: 242.5262 | group: 1.7947 | tree: 5.4493 | total: 1.7867
[New] Epoch 144/1000 | classify: 1.5939 | voltage: 0.1657 | conc: 0.0006 | rule: 210.9708 | group: 1.7146 | tree: 5.1524 | total: 1.7117
[New] Epoch 145/1000 | classify: 1.3988 | voltage: 0.1651 | conc: 0.0005 | rule: 224.8773 | group: 1.6175 | tree: 4.9025 | total: 1.5233
[New] Epoch 146/1000 | classify: 1.5418 | voltage: 0.1582 | conc: 0.0005 | rule: 231.1062 | group: 1.6779 | tree: 4.9536 | total: 1.6691
[New] Epoch 147/1000 | classify: 1.5441 | voltage: 0.1576 | conc: 0.0006 | rule: 237.2078 | group: 1.7214 | tree: 5.1373 | total: 1.6746
[New] Epoch 148/1000 | classify: 1.3561 | voltage: 0.1722 | conc: 0.0004 | rule: 220.1492 | group: 1.6030 | tree: 4.6776 | total: 1.4783
[New] Epoch 149/1000 | classify: 1.5362 | voltage: 0.1662 | conc: 0.0005 | rule: 216.7821 | group: 1.6865 | tree: 4.9554 | total: 1.6567
[New] Epoch 150/1000 | classify: 1.4558 | voltage: 0.1747 | conc: 0.0006 | rule: 229.9673 | group: 1.6748 | tree: 5.1379 | total: 1.5835
--- 验证集 [epoch 150] ---
  准确率 (Accuracy):  0.8151
  精确率 (Precision): 0.7820
  召回率 (Recall):    0.7052
  F1 分数 (F1):       0.7300
✅ 模型已保存到 /home/kudouzala/Application/ion_detect/output/trained_model_save/exp_new_h/trained_model_epoch_150.pth
📁 损失值已保存到 /home/kudouzala/Application/ion_detect/output/trained_model_save/exp_new_h/training_loss_epoch_150.csv
[New] Epoch 151/1000 | classify: 1.5136 | voltage: 0.1716 | conc: 0.0005 | rule: 236.4520 | group: 1.6813 | tree: 4.8809 | total: 1.6443
[New] Epoch 152/1000 | classify: 1.4220 | voltage: 0.1688 | conc: 0.0009 | rule: 229.3062 | group: 1.7058 | tree: 5.0951 | total: 1.5493
[New] Epoch 153/1000 | classify: 1.4494 | voltage: 0.1655 | conc: 0.0008 | rule: 261.5681 | group: 1.7765 | tree: 5.4514 | total: 1.5929
[New] Epoch 154/1000 | classify: 1.5021 | voltage: 0.1866 | conc: 0.0006 | rule: 210.8315 | group: 1.7217 | tree: 5.2265 | total: 1.6210
[New] Epoch 155/1000 | classify: 1.4736 | voltage: 0.1735 | conc: 0.0004 | rule: 218.1185 | group: 1.5612 | tree: 4.7026 | total: 1.5948
[New] Epoch 156/1000 | classify: 1.5698 | voltage: 0.1764 | conc: 0.0007 | rule: 226.3903 | group: 1.7299 | tree: 4.8098 | total: 1.6958
[New] Epoch 157/1000 | classify: 1.3666 | voltage: 0.1704 | conc: 0.0007 | rule: 213.4082 | group: 1.7012 | tree: 4.8898 | total: 1.4858
[New] Epoch 158/1000 | classify: 1.5651 | voltage: 0.1700 | conc: 0.0008 | rule: 242.2059 | group: 1.7113 | tree: 4.9491 | total: 1.6988
[New] Epoch 159/1000 | classify: 1.6533 | voltage: 0.2004 | conc: 0.0007 | rule: 202.5869 | group: 1.8352 | tree: 5.2480 | total: 1.7688
[New] Epoch 160/1000 | classify: 1.5263 | voltage: 0.1919 | conc: 0.0006 | rule: 209.8343 | group: 1.7253 | tree: 4.9201 | total: 1.6448
--- 验证集 [epoch 160] ---
  准确率 (Accuracy):  0.8082
  精确率 (Precision): 0.7347
  召回率 (Recall):    0.6671
  F1 分数 (F1):       0.6892
[New] Epoch 161/1000 | classify: 1.3360 | voltage: 0.1939 | conc: 0.0002 | rule: 227.8419 | group: 1.6938 | tree: 5.1335 | total: 1.4632
[New] Epoch 162/1000 | classify: 1.3990 | voltage: 0.1675 | conc: 0.0005 | rule: 215.7453 | group: 1.7053 | tree: 4.9871 | total: 1.5190
[New] Epoch 163/1000 | classify: 1.3082 | voltage: 0.1673 | conc: 0.0005 | rule: 206.2281 | group: 1.6419 | tree: 4.8364 | total: 1.4234
[New] Epoch 164/1000 | classify: 1.6046 | voltage: 0.1818 | conc: 0.0006 | rule: 236.7362 | group: 1.6574 | tree: 5.0059 | total: 1.7359
[New] Epoch 165/1000 | classify: 1.4744 | voltage: 0.1884 | conc: 0.0005 | rule: 225.1441 | group: 1.6909 | tree: 4.9507 | total: 1.6002
[New] Epoch 166/1000 | classify: 1.4911 | voltage: 0.1769 | conc: 0.0007 | rule: 222.7326 | group: 1.7714 | tree: 5.1427 | total: 1.6155
[New] Epoch 167/1000 | classify: 1.4260 | voltage: 0.1816 | conc: 0.0007 | rule: 227.4852 | group: 1.7195 | tree: 5.0989 | total: 1.5530
[New] Epoch 168/1000 | classify: 1.3518 | voltage: 0.1773 | conc: 0.0008 | rule: 247.7574 | group: 1.7105 | tree: 5.1056 | total: 1.4888
[New] Epoch 169/1000 | classify: 1.5616 | voltage: 0.1640 | conc: 0.0007 | rule: 239.7637 | group: 1.7741 | tree: 5.2032 | total: 1.6939
[New] Epoch 170/1000 | classify: 1.5510 | voltage: 0.1852 | conc: 0.0005 | rule: 222.8578 | group: 1.7340 | tree: 5.0720 | total: 1.6756
--- 验证集 [epoch 170] ---
  准确率 (Accuracy):  0.8151
  精确率 (Precision): 0.7877
  召回率 (Recall):    0.6995
  F1 分数 (F1):       0.7231
[New] Epoch 171/1000 | classify: 1.4714 | voltage: 0.1716 | conc: 0.0006 | rule: 218.6183 | group: 1.7701 | tree: 5.1957 | total: 1.5934
[New] Epoch 172/1000 | classify: 1.5123 | voltage: 0.1830 | conc: 0.0008 | rule: 231.0279 | group: 1.7234 | tree: 5.0087 | total: 1.6412
[New] Epoch 173/1000 | classify: 1.6204 | voltage: 0.1824 | conc: 0.0007 | rule: 194.0838 | group: 1.8071 | tree: 5.1855 | total: 1.7307
[New] Epoch 174/1000 | classify: 1.5731 | voltage: 0.1876 | conc: 0.0008 | rule: 214.8953 | group: 1.7677 | tree: 4.9548 | total: 1.6941
[New] Epoch 175/1000 | classify: 1.5107 | voltage: 0.1776 | conc: 0.0005 | rule: 221.6668 | group: 1.7399 | tree: 4.7632 | total: 1.6342
[New] Epoch 176/1000 | classify: 1.3273 | voltage: 0.1762 | conc: 0.0009 | rule: 223.5688 | group: 1.7429 | tree: 5.0474 | total: 1.4523
[New] Epoch 177/1000 | classify: 1.5513 | voltage: 0.1781 | conc: 0.0004 | rule: 223.9342 | group: 1.6993 | tree: 4.9941 | total: 1.6760
[New] Epoch 178/1000 | classify: 1.4234 | voltage: 0.1955 | conc: 0.0005 | rule: 209.7124 | group: 1.8237 | tree: 5.2201 | total: 1.5421
[New] Epoch 179/1000 | classify: 1.3413 | voltage: 0.1794 | conc: 0.0006 | rule: 224.6120 | group: 1.6677 | tree: 4.8573 | total: 1.4664
[New] Epoch 180/1000 | classify: 1.5867 | voltage: 0.1945 | conc: 0.0007 | rule: 223.9140 | group: 1.7915 | tree: 5.2652 | total: 1.7127
--- 验证集 [epoch 180] ---
  准确率 (Accuracy):  0.8356
  精确率 (Precision): 0.7905
  召回率 (Recall):    0.7164
  F1 分数 (F1):       0.7434
[New] Epoch 181/1000 | classify: 1.3839 | voltage: 0.1866 | conc: 0.0009 | rule: 249.9670 | group: 1.7268 | tree: 5.1407 | total: 1.5225
[New] Epoch 182/1000 | classify: 1.4153 | voltage: 0.1732 | conc: 0.0008 | rule: 211.6543 | group: 1.7899 | tree: 5.0766 | total: 1.5340
[New] Epoch 183/1000 | classify: 1.3451 | voltage: 0.1911 | conc: 0.0006 | rule: 219.4565 | group: 1.7029 | tree: 5.0498 | total: 1.4684
[New] Epoch 184/1000 | classify: 1.3995 | voltage: 0.1654 | conc: 0.0006 | rule: 221.3007 | group: 1.6974 | tree: 4.9252 | total: 1.5224
[New] Epoch 185/1000 | classify: 1.3090 | voltage: 0.1723 | conc: 0.0007 | rule: 233.6756 | group: 1.8031 | tree: 5.3487 | total: 1.4386
[New] Epoch 186/1000 | classify: 1.4420 | voltage: 0.1735 | conc: 0.0004 | rule: 242.1894 | group: 1.8392 | tree: 5.4592 | total: 1.5758
[New] Epoch 187/1000 | classify: 1.4161 | voltage: 0.1946 | conc: 0.0005 | rule: 232.0627 | group: 1.6647 | tree: 4.8594 | total: 1.5456
[New] Epoch 188/1000 | classify: 1.3870 | voltage: 0.1745 | conc: 0.0006 | rule: 245.9470 | group: 1.7170 | tree: 4.9256 | total: 1.5227
[New] Epoch 189/1000 | classify: 1.4288 | voltage: 0.2065 | conc: 0.0005 | rule: 205.9487 | group: 1.7308 | tree: 5.2632 | total: 1.5461
[New] Epoch 190/1000 | classify: 1.3767 | voltage: 0.1813 | conc: 0.0008 | rule: 230.8487 | group: 1.8072 | tree: 5.4316 | total: 1.5055
--- 验证集 [epoch 190] ---
  准确率 (Accuracy):  0.8219
  精确率 (Precision): 0.7739
  召回率 (Recall):    0.7487
  F1 分数 (F1):       0.7544
✅ 模型已保存到 /home/kudouzala/Application/ion_detect/output/trained_model_save/exp_new_h/trained_model_epoch_best.pth
  🏆 新最佳 F1=0.7544，已保存 best 模型
[New] Epoch 191/1000 | classify: 1.4794 | voltage: 0.1764 | conc: 0.0006 | rule: 228.7877 | group: 1.7634 | tree: 5.2009 | total: 1.6067
[New] Epoch 192/1000 | classify: 1.3933 | voltage: 0.1922 | conc: 0.0005 | rule: 245.4722 | group: 1.7544 | tree: 5.0673 | total: 1.5296
[New] Epoch 193/1000 | classify: 1.3731 | voltage: 0.1910 | conc: 0.0006 | rule: 218.0613 | group: 1.7648 | tree: 5.2783 | total: 1.4958
[New] Epoch 194/1000 | classify: 1.4445 | voltage: 0.1918 | conc: 0.0006 | rule: 230.8751 | group: 1.8321 | tree: 5.3311 | total: 1.5738
[New] Epoch 195/1000 | classify: 1.4497 | voltage: 0.1841 | conc: 0.0007 | rule: 215.4653 | group: 1.7566 | tree: 5.2886 | total: 1.5709
[New] Epoch 196/1000 | classify: 1.4594 | voltage: 0.1810 | conc: 0.0007 | rule: 222.9008 | group: 1.7253 | tree: 5.0897 | total: 1.5840
[New] Epoch 197/1000 | classify: 1.4514 | voltage: 0.1881 | conc: 0.0008 | rule: 226.9386 | group: 1.7723 | tree: 5.0468 | total: 1.5785
[New] Epoch 198/1000 | classify: 1.3614 | voltage: 0.1812 | conc: 0.0005 | rule: 225.1185 | group: 1.8186 | tree: 5.2462 | total: 1.4871
[New] Epoch 199/1000 | classify: 1.4539 | voltage: 0.1963 | conc: 0.0007 | rule: 225.3102 | group: 1.7688 | tree: 5.3055 | total: 1.5807
[New] Epoch 200/1000 | classify: 1.4019 | voltage: 0.1988 | conc: 0.0005 | rule: 206.3150 | group: 1.7884 | tree: 5.0757 | total: 1.5189
--- 验证集 [epoch 200] ---
  准确率 (Accuracy):  0.8425
  精确率 (Precision): 0.8062
  召回率 (Recall):    0.7540
  F1 分数 (F1):       0.7718
✅ 模型已保存到 /home/kudouzala/Application/ion_detect/output/trained_model_save/exp_new_h/trained_model_epoch_best.pth
  🏆 新最佳 F1=0.7718，已保存 best 模型
✅ 模型已保存到 /home/kudouzala/Application/ion_detect/output/trained_model_save/exp_new_h/trained_model_epoch_200.pth
📁 损失值已保存到 /home/kudouzala/Application/ion_detect/output/trained_model_save/exp_new_h/training_loss_epoch_200.csv
[New] Epoch 201/1000 | classify: 1.4023 | voltage: 0.1801 | conc: 0.0007 | rule: 245.9948 | group: 1.6910 | tree: 5.0285 | total: 1.5384
[New] Epoch 202/1000 | classify: 1.5350 | voltage: 0.2023 | conc: 0.0004 | rule: 221.1089 | group: 1.7731 | tree: 5.0632 | total: 1.6595
[New] Epoch 203/1000 | classify: 1.3004 | voltage: 0.2214 | conc: 0.0003 | rule: 224.4346 | group: 1.6794 | tree: 4.7098 | total: 1.4272
[New] Epoch 204/1000 | classify: 1.4741 | voltage: 0.1952 | conc: 0.0008 | rule: 202.3333 | group: 1.8870 | tree: 5.1773 | total: 1.5894
[New] Epoch 205/1000 | classify: 1.3047 | voltage: 0.1950 | conc: 0.0007 | rule: 205.2718 | group: 1.7717 | tree: 5.1721 | total: 1.4213
[New] Epoch 206/1000 | classify: 1.4132 | voltage: 0.1997 | conc: 0.0009 | rule: 236.0791 | group: 1.7819 | tree: 5.2425 | total: 1.5456
[New] Epoch 207/1000 | classify: 1.3598 | voltage: 0.2106 | conc: 0.0005 | rule: 225.6799 | group: 1.7041 | tree: 5.0661 | total: 1.4870
[New] Epoch 208/1000 | classify: 1.4066 | voltage: 0.2017 | conc: 0.0005 | rule: 207.5537 | group: 1.8166 | tree: 5.3600 | total: 1.5246
[New] Epoch 209/1000 | classify: 1.3704 | voltage: 0.1987 | conc: 0.0004 | rule: 219.8081 | group: 1.7528 | tree: 5.1457 | total: 1.4941
[New] Epoch 210/1000 | classify: 1.4340 | voltage: 0.1994 | conc: 0.0005 | rule: 211.9665 | group: 1.7327 | tree: 5.0659 | total: 1.5538
--- 验证集 [epoch 210] ---
  准确率 (Accuracy):  0.8219
  精确率 (Precision): 0.7784
  召回率 (Recall):    0.7273
  F1 分数 (F1):       0.7423
[New] Epoch 211/1000 | classify: 1.3525 | voltage: 0.1887 | conc: 0.0007 | rule: 242.2545 | group: 1.7528 | tree: 5.1231 | total: 1.4873
[New] Epoch 212/1000 | classify: 1.4876 | voltage: 0.2027 | conc: 0.0007 | rule: 228.9803 | group: 1.8130 | tree: 5.2286 | total: 1.6164
[New] Epoch 213/1000 | classify: 1.3903 | voltage: 0.1972 | conc: 0.0006 | rule: 218.2501 | group: 1.7645 | tree: 5.2451 | total: 1.5134
[New] Epoch 214/1000 | classify: 1.3823 | voltage: 0.1964 | conc: 0.0008 | rule: 244.5560 | group: 1.8024 | tree: 5.1092 | total: 1.5187
[New] Epoch 215/1000 | classify: 1.4079 | voltage: 0.2037 | conc: 0.0007 | rule: 236.7541 | group: 1.7207 | tree: 5.2149 | total: 1.5406
[New] Epoch 216/1000 | classify: 1.3982 | voltage: 0.1955 | conc: 0.0006 | rule: 237.0920 | group: 1.7001 | tree: 4.8646 | total: 1.5304
[New] Epoch 217/1000 | classify: 1.2850 | voltage: 0.2024 | conc: 0.0004 | rule: 218.2552 | group: 1.6711 | tree: 4.9462 | total: 1.4079
[New] Epoch 218/1000 | classify: 1.4735 | voltage: 0.1992 | conc: 0.0006 | rule: 227.0261 | group: 1.7484 | tree: 5.2333 | total: 1.6011
[New] Epoch 219/1000 | classify: 1.4553 | voltage: 0.2032 | conc: 0.0007 | rule: 216.5179 | group: 1.8002 | tree: 5.3967 | total: 1.5781
[New] Epoch 220/1000 | classify: 1.2769 | voltage: 0.2107 | conc: 0.0005 | rule: 202.0659 | group: 1.6962 | tree: 4.8088 | total: 1.3923
--- 验证集 [epoch 220] ---
  准确率 (Accuracy):  0.8014
  精确率 (Precision): 0.7580
  召回率 (Recall):    0.6940
  F1 分数 (F1):       0.7008
[New] Epoch 221/1000 | classify: 1.2901 | voltage: 0.2005 | conc: 0.0007 | rule: 233.0366 | group: 1.7666 | tree: 5.0927 | total: 1.4208
[New] Epoch 222/1000 | classify: 1.5119 | voltage: 0.2059 | conc: 0.0007 | rule: 237.3201 | group: 1.8252 | tree: 5.3853 | total: 1.6452
[New] Epoch 223/1000 | classify: 1.2542 | voltage: 0.2228 | conc: 0.0007 | rule: 229.4407 | group: 1.6775 | tree: 5.0536 | total: 1.3842
[New] Epoch 224/1000 | classify: 1.3577 | voltage: 0.1987 | conc: 0.0005 | rule: 217.8895 | group: 1.7097 | tree: 4.9964 | total: 1.4804
[New] Epoch 225/1000 | classify: 1.3595 | voltage: 0.2086 | conc: 0.0008 | rule: 210.3152 | group: 1.7645 | tree: 5.1362 | total: 1.4793
[New] Epoch 226/1000 | classify: 1.3926 | voltage: 0.2020 | conc: 0.0006 | rule: 220.3297 | group: 1.7161 | tree: 5.0744 | total: 1.5169
[New] Epoch 227/1000 | classify: 1.5115 | voltage: 0.2099 | conc: 0.0007 | rule: 215.3457 | group: 1.7756 | tree: 5.2311 | total: 1.6338
[New] Epoch 228/1000 | classify: 1.6144 | voltage: 0.2203 | conc: 0.0006 | rule: 227.2060 | group: 1.8178 | tree: 5.5214 | total: 1.7433
[New] Epoch 229/1000 | classify: 1.3254 | voltage: 0.2301 | conc: 0.0007 | rule: 214.5677 | group: 1.8351 | tree: 5.3400 | total: 1.4485
[New] Epoch 230/1000 | classify: 1.3028 | voltage: 0.2062 | conc: 0.0008 | rule: 228.9114 | group: 1.8117 | tree: 5.1793 | total: 1.4319
--- 验证集 [epoch 230] ---
  准确率 (Accuracy):  0.8082
  精确率 (Precision): 0.7866
  召回率 (Recall):    0.6780
  F1 分数 (F1):       0.6841
[New] Epoch 231/1000 | classify: 1.5005 | voltage: 0.2197 | conc: 0.0007 | rule: 234.6653 | group: 1.8104 | tree: 5.0851 | total: 1.6330
[New] Epoch 232/1000 | classify: 1.4561 | voltage: 0.2148 | conc: 0.0007 | rule: 244.8947 | group: 1.7994 | tree: 5.0332 | total: 1.5935
[New] Epoch 233/1000 | classify: 1.3795 | voltage: 0.2184 | conc: 0.0007 | rule: 215.0462 | group: 1.7275 | tree: 5.0605 | total: 1.5020
[New] Epoch 234/1000 | classify: 1.3847 | voltage: 0.2259 | conc: 0.0006 | rule: 205.5300 | group: 1.7559 | tree: 5.1207 | total: 1.5027
[New] Epoch 235/1000 | classify: 1.3086 | voltage: 0.2187 | conc: 0.0007 | rule: 220.7038 | group: 1.7329 | tree: 4.9112 | total: 1.4339
[New] Epoch 236/1000 | classify: 1.3342 | voltage: 0.2029 | conc: 0.0006 | rule: 258.6566 | group: 1.8308 | tree: 5.4577 | total: 1.4779
[New] Epoch 237/1000 | classify: 1.4393 | voltage: 0.2129 | conc: 0.0007 | rule: 232.1205 | group: 1.8656 | tree: 5.4374 | total: 1.5704
[New] Epoch 238/1000 | classify: 1.3543 | voltage: 0.2135 | conc: 0.0006 | rule: 232.0965 | group: 1.7371 | tree: 4.9204 | total: 1.4850
[New] Epoch 239/1000 | classify: 1.4221 | voltage: 0.2110 | conc: 0.0005 | rule: 209.5823 | group: 1.7054 | tree: 4.9931 | total: 1.5413
[New] Epoch 240/1000 | classify: 1.4615 | voltage: 0.2175 | conc: 0.0007 | rule: 228.8571 | group: 1.7751 | tree: 4.9999 | total: 1.5909
--- 验证集 [epoch 240] ---
  准确率 (Accuracy):  0.7945
  精确率 (Precision): 0.7717
  召回率 (Recall):    0.7226
  F1 分数 (F1):       0.7230
[New] Epoch 241/1000 | classify: 1.4500 | voltage: 0.2350 | conc: 0.0007 | rule: 234.2926 | group: 1.8220 | tree: 4.9393 | total: 1.5831
[New] Epoch 242/1000 | classify: 1.3348 | voltage: 0.2397 | conc: 0.0004 | rule: 231.2775 | group: 1.7056 | tree: 4.9081 | total: 1.4662
[New] Epoch 243/1000 | classify: 1.3762 | voltage: 0.2204 | conc: 0.0005 | rule: 219.1779 | group: 1.7706 | tree: 5.2193 | total: 1.5008
[New] Epoch 244/1000 | classify: 1.2425 | voltage: 0.2382 | conc: 0.0006 | rule: 226.5254 | group: 1.7389 | tree: 4.8163 | total: 1.3716
[New] Epoch 245/1000 | classify: 1.4657 | voltage: 0.2271 | conc: 0.0005 | rule: 207.8406 | group: 1.8408 | tree: 5.4651 | total: 1.5851
[New] Epoch 246/1000 | classify: 1.4806 | voltage: 0.2191 | conc: 0.0006 | rule: 231.2871 | group: 1.8132 | tree: 5.1958 | total: 1.6113
[New] Epoch 247/1000 | classify: 1.4963 | voltage: 0.2403 | conc: 0.0004 | rule: 243.0495 | group: 1.8145 | tree: 5.4679 | total: 1.6338
[New] Epoch 248/1000 | classify: 1.5658 | voltage: 0.2497 | conc: 0.0005 | rule: 222.7948 | group: 1.7619 | tree: 5.2033 | total: 1.6937
[New] Epoch 249/1000 | classify: 1.3619 | voltage: 0.2431 | conc: 0.0008 | rule: 236.2291 | group: 1.7863 | tree: 5.1560 | total: 1.4964
[New] Epoch 250/1000 | classify: 1.3944 | voltage: 0.2369 | conc: 0.0007 | rule: 225.5939 | group: 1.8125 | tree: 5.4499 | total: 1.5234
--- 验证集 [epoch 250] ---
  准确率 (Accuracy):  0.8082
  精确率 (Precision): 0.7624
  召回率 (Recall):    0.6793
  F1 分数 (F1):       0.6999
✅ 模型已保存到 /home/kudouzala/Application/ion_detect/output/trained_model_save/exp_new_h/trained_model_epoch_250.pth
📁 损失值已保存到 /home/kudouzala/Application/ion_detect/output/trained_model_save/exp_new_h/training_loss_epoch_250.csv
[New] Epoch 251/1000 | classify: 1.3706 | voltage: 0.2560 | conc: 0.0005 | rule: 221.3520 | group: 1.8320 | tree: 5.3472 | total: 1.4982
[New] Epoch 252/1000 | classify: 1.3777 | voltage: 0.2598 | conc: 0.0005 | rule: 228.5545 | group: 1.7804 | tree: 5.2610 | total: 1.5090
[New] Epoch 253/1000 | classify: 1.3661 | voltage: 0.2535 | conc: 0.0009 | rule: 234.9492 | group: 1.8138 | tree: 5.2250 | total: 1.5006
[New] Epoch 254/1000 | classify: 1.3739 | voltage: 0.2558 | conc: 0.0005 | rule: 223.9117 | group: 1.7530 | tree: 5.0953 | total: 1.5026
[New] Epoch 255/1000 | classify: 1.4433 | voltage: 0.2584 | conc: 0.0007 | rule: 228.7062 | group: 1.7714 | tree: 5.0840 | total: 1.5747
[New] Epoch 256/1000 | classify: 1.5208 | voltage: 0.2728 | conc: 0.0007 | rule: 225.6800 | group: 1.7836 | tree: 5.1491 | total: 1.6514
[New] Epoch 257/1000 | classify: 1.3894 | voltage: 0.2483 | conc: 0.0008 | rule: 267.3088 | group: 1.7376 | tree: 5.1931 | total: 1.5397
[New] Epoch 258/1000 | classify: 1.3823 | voltage: 0.2704 | conc: 0.0008 | rule: 221.6071 | group: 1.7482 | tree: 5.0106 | total: 1.5108
[New] Epoch 259/1000 | classify: 1.3899 | voltage: 0.2660 | conc: 0.0009 | rule: 231.0535 | group: 1.7500 | tree: 5.0541 | total: 1.5230
[New] Epoch 260/1000 | classify: 1.4608 | voltage: 0.2669 | conc: 0.0006 | rule: 202.9851 | group: 1.7222 | tree: 5.0030 | total: 1.5796
--- 验证集 [epoch 260] ---
  准确率 (Accuracy):  0.8425
  精确率 (Precision): 0.8123
  召回率 (Recall):    0.7639
  F1 分数 (F1):       0.7791
✅ 模型已保存到 /home/kudouzala/Application/ion_detect/output/trained_model_save/exp_new_h/trained_model_epoch_best.pth
  🏆 新最佳 F1=0.7791，已保存 best 模型
[New] Epoch 261/1000 | classify: 1.2628 | voltage: 0.2619 | conc: 0.0011 | rule: 226.3878 | group: 1.8255 | tree: 5.2979 | total: 1.3937
[New] Epoch 262/1000 | classify: 1.3516 | voltage: 0.2744 | conc: 0.0007 | rule: 219.3113 | group: 1.7440 | tree: 5.1380 | total: 1.4791
[New] Epoch 263/1000 | classify: 1.4215 | voltage: 0.2720 | conc: 0.0007 | rule: 216.7436 | group: 1.6737 | tree: 4.8947 | total: 1.5475
[New] Epoch 264/1000 | classify: 1.4240 | voltage: 0.2738 | conc: 0.0004 | rule: 217.4967 | group: 1.7755 | tree: 5.2596 | total: 1.5504
[New] Epoch 265/1000 | classify: 1.3251 | voltage: 0.2725 | conc: 0.0007 | rule: 233.6791 | group: 1.7881 | tree: 5.3474 | total: 1.4598
[New] Epoch 266/1000 | classify: 1.3009 | voltage: 0.2868 | conc: 0.0005 | rule: 216.4758 | group: 1.7336 | tree: 5.2381 | total: 1.4275
[New] Epoch 267/1000 | classify: 1.4156 | voltage: 0.2693 | conc: 0.0011 | rule: 225.2862 | group: 1.7925 | tree: 5.2956 | total: 1.5464
[New] Epoch 268/1000 | classify: 1.4144 | voltage: 0.2922 | conc: 0.0004 | rule: 206.0342 | group: 1.7140 | tree: 4.9474 | total: 1.5358
[New] Epoch 269/1000 | classify: 1.4305 | voltage: 0.2934 | conc: 0.0005 | rule: 231.1323 | group: 1.7526 | tree: 5.2554 | total: 1.5647
[New] Epoch 270/1000 | classify: 1.3493 | voltage: 0.2929 | conc: 0.0008 | rule: 220.8230 | group: 1.7810 | tree: 5.4384 | total: 1.4787
--- 验证集 [epoch 270] ---
  准确率 (Accuracy):  0.8425
  精确率 (Precision): 0.8030
  召回率 (Recall):    0.7602
  F1 分数 (F1):       0.7776
[New] Epoch 271/1000 | classify: 1.6243 | voltage: 0.2889 | conc: 0.0007 | rule: 226.6816 | group: 1.7721 | tree: 5.2998 | total: 1.7563
[New] Epoch 272/1000 | classify: 1.5130 | voltage: 0.2915 | conc: 0.0007 | rule: 225.6703 | group: 1.7763 | tree: 5.4044 | total: 1.6447
[New] Epoch 273/1000 | classify: 1.5755 | voltage: 0.3030 | conc: 0.0008 | rule: 230.5300 | group: 1.8633 | tree: 5.3922 | total: 1.7103
[New] Epoch 274/1000 | classify: 1.4894 | voltage: 0.2908 | conc: 0.0007 | rule: 221.5917 | group: 1.7460 | tree: 5.0600 | total: 1.6189
[New] Epoch 275/1000 | classify: 1.3764 | voltage: 0.3100 | conc: 0.0005 | rule: 241.0081 | group: 1.7437 | tree: 5.3192 | total: 1.5165
[New] Epoch 276/1000 | classify: 1.4256 | voltage: 0.3111 | conc: 0.0006 | rule: 223.9656 | group: 1.6703 | tree: 5.0048 | total: 1.5571
[New] Epoch 277/1000 | classify: 1.3273 | voltage: 0.3171 | conc: 0.0007 | rule: 242.8686 | group: 1.7912 | tree: 5.0120 | total: 1.4686
[New] Epoch 278/1000 | classify: 1.4890 | voltage: 0.3168 | conc: 0.0008 | rule: 228.6712 | group: 1.7644 | tree: 5.1283 | total: 1.6234
[New] Epoch 279/1000 | classify: 1.5837 | voltage: 0.3425 | conc: 0.0006 | rule: 209.6716 | group: 1.8162 | tree: 5.2001 | total: 1.7098
[New] Epoch 280/1000 | classify: 1.5552 | voltage: 0.3299 | conc: 0.0009 | rule: 215.8200 | group: 1.8802 | tree: 5.4026 | total: 1.6841
--- 验证集 [epoch 280] ---
  准确率 (Accuracy):  0.7945
  精确率 (Precision): 0.7759
  召回率 (Recall):    0.6642
  F1 分数 (F1):       0.6573
[New] Epoch 281/1000 | classify: 1.5609 | voltage: 0.3304 | conc: 0.0005 | rule: 213.5161 | group: 1.7923 | tree: 5.3146 | total: 1.6882
[New] Epoch 282/1000 | classify: 1.4304 | voltage: 0.3468 | conc: 0.0006 | rule: 232.8553 | group: 1.7864 | tree: 5.4009 | total: 1.5684
[New] Epoch 283/1000 | classify: 1.5428 | voltage: 0.3342 | conc: 0.0008 | rule: 232.0740 | group: 1.7660 | tree: 4.9840 | total: 1.6798
[New] Epoch 284/1000 | classify: 1.5599 | voltage: 0.3608 | conc: 0.0007 | rule: 215.4162 | group: 1.7637 | tree: 5.1479 | total: 1.6898
[New] Epoch 285/1000 | classify: 1.4881 | voltage: 0.3594 | conc: 0.0005 | rule: 216.3842 | group: 1.7435 | tree: 4.9536 | total: 1.6182
[New] Epoch 286/1000 | classify: 1.5150 | voltage: 0.3645 | conc: 0.0008 | rule: 217.6981 | group: 1.7811 | tree: 5.2043 | total: 1.6463
[New] Epoch 287/1000 | classify: 1.4475 | voltage: 0.3649 | conc: 0.0011 | rule: 239.3089 | group: 1.7967 | tree: 5.4742 | total: 1.5902
[New] Epoch 288/1000 | classify: 1.3830 | voltage: 0.3625 | conc: 0.0005 | rule: 231.6756 | group: 1.7365 | tree: 5.2459 | total: 1.5210
[New] Epoch 289/1000 | classify: 1.5183 | voltage: 0.3694 | conc: 0.0006 | rule: 219.4636 | group: 1.7608 | tree: 5.2600 | total: 1.6506
[New] Epoch 290/1000 | classify: 1.4659 | voltage: 0.3630 | conc: 0.0008 | rule: 237.9898 | group: 1.8665 | tree: 5.5437 | total: 1.6075
--- 验证集 [epoch 290] ---
  准确率 (Accuracy):  0.8082
  精确率 (Precision): 0.8076
  召回率 (Recall):    0.7447
  F1 分数 (F1):       0.7567
[New] Epoch 291/1000 | classify: 1.4440 | voltage: 0.3809 | conc: 0.0006 | rule: 222.0217 | group: 1.7974 | tree: 5.1341 | total: 1.5781
[New] Epoch 292/1000 | classify: 1.4962 | voltage: 0.3954 | conc: 0.0007 | rule: 217.4005 | group: 1.7625 | tree: 4.9205 | total: 1.6287
[New] Epoch 293/1000 | classify: 1.5192 | voltage: 0.3914 | conc: 0.0005 | rule: 238.7197 | group: 1.7994 | tree: 5.3887 | total: 1.6622
[New] Epoch 294/1000 | classify: 1.6401 | voltage: 0.4000 | conc: 0.0005 | rule: 237.0005 | group: 1.7307 | tree: 5.0608 | total: 1.7826
[New] Epoch 295/1000 | classify: 1.5264 | voltage: 0.4059 | conc: 0.0006 | rule: 219.2430 | group: 1.7195 | tree: 4.9289 | total: 1.6602
[New] Epoch 296/1000 | classify: 1.6302 | voltage: 0.4329 | conc: 0.0008 | rule: 235.3074 | group: 1.8114 | tree: 5.3075 | total: 1.7739
[New] Epoch 297/1000 | classify: 1.6415 | voltage: 0.4363 | conc: 0.0006 | rule: 215.2035 | group: 1.8148 | tree: 5.3932 | total: 1.7751
[New] Epoch 298/1000 | classify: 1.4232 | voltage: 0.4287 | conc: 0.0007 | rule: 226.3102 | group: 1.7501 | tree: 4.9685 | total: 1.5618
[New] Epoch 299/1000 | classify: 1.4739 | voltage: 0.4450 | conc: 0.0009 | rule: 215.9619 | group: 1.7980 | tree: 5.0290 | total: 1.6084
[New] Epoch 300/1000 | classify: 1.5087 | voltage: 0.4622 | conc: 0.0008 | rule: 219.8670 | group: 1.7961 | tree: 5.1359 | total: 1.6460
--- 验证集 [epoch 300] ---
  准确率 (Accuracy):  0.7603
  精确率 (Precision): 0.6662
  召回率 (Recall):    0.5988
  F1 分数 (F1):       0.6039
✅ 模型已保存到 /home/kudouzala/Application/ion_detect/output/trained_model_save/exp_new_h/trained_model_epoch_300.pth
📁 损失值已保存到 /home/kudouzala/Application/ion_detect/output/trained_model_save/exp_new_h/training_loss_epoch_300.csv
[New] Epoch 301/1000 | classify: 1.5574 | voltage: 0.4377 | conc: 0.0009 | rule: 242.8502 | group: 1.7911 | tree: 5.3358 | total: 1.7052
[New] Epoch 302/1000 | classify: 1.4691 | voltage: 0.4494 | conc: 0.0006 | rule: 227.6690 | group: 1.7664 | tree: 5.2312 | total: 1.6095
[New] Epoch 303/1000 | classify: 1.6715 | voltage: 0.4652 | conc: 0.0010 | rule: 239.8034 | group: 1.8041 | tree: 5.1906 | total: 1.8192
[New] Epoch 304/1000 | classify: 1.5271 | voltage: 0.4832 | conc: 0.0006 | rule: 229.0592 | group: 1.7382 | tree: 5.0233 | total: 1.6698
[New] Epoch 305/1000 | classify: 1.6063 | voltage: 0.4926 | conc: 0.0008 | rule: 214.4194 | group: 1.8282 | tree: 5.4009 | total: 1.7425
[New] Epoch 306/1000 | classify: 1.4508 | voltage: 0.5022 | conc: 0.0007 | rule: 224.9429 | group: 1.7196 | tree: 4.8630 | total: 1.5925
[New] Epoch 307/1000 | classify: 1.5320 | voltage: 0.5020 | conc: 0.0005 | rule: 229.0940 | group: 1.7287 | tree: 4.9559 | total: 1.6755
[New] Epoch 308/1000 | classify: 1.7639 | voltage: 0.5275 | conc: 0.0009 | rule: 240.7364 | group: 1.7933 | tree: 5.3726 | total: 1.9151
[New] Epoch 309/1000 | classify: 1.4749 | voltage: 0.5132 | conc: 0.0007 | rule: 232.5147 | group: 1.7558 | tree: 5.1122 | total: 1.6209
[New] Epoch 310/1000 | classify: 1.7383 | voltage: 0.5174 | conc: 0.0007 | rule: 222.8852 | group: 1.7359 | tree: 5.1041 | total: 1.8798
--- 验证集 [epoch 310] ---
  准确率 (Accuracy):  0.7671
  精确率 (Precision): 0.7310
  召回率 (Recall):    0.6232
  F1 分数 (F1):       0.6116
[New] Epoch 311/1000 | classify: 1.7613 | voltage: 0.5570 | conc: 0.0008 | rule: 205.3164 | group: 1.7940 | tree: 5.1289 | total: 1.8961
[New] Epoch 312/1000 | classify: 1.4887 | voltage: 0.5303 | conc: 0.0006 | rule: 252.1291 | group: 1.7365 | tree: 4.9098 | total: 1.6451
[New] Epoch 313/1000 | classify: 1.6969 | voltage: 0.5681 | conc: 0.0006 | rule: 238.0719 | group: 1.7526 | tree: 5.0471 | total: 1.8483
[New] Epoch 314/1000 | classify: 1.6323 | voltage: 0.5604 | conc: 0.0004 | rule: 245.0767 | group: 1.7162 | tree: 5.0576 | total: 1.7867
[New] Epoch 315/1000 | classify: 1.7851 | voltage: 0.5779 | conc: 0.0007 | rule: 231.7280 | group: 1.7580 | tree: 5.3094 | total: 1.9341
[New] Epoch 316/1000 | classify: 1.5419 | voltage: 0.5668 | conc: 0.0006 | rule: 240.5080 | group: 1.7809 | tree: 5.5628 | total: 1.6948
[New] Epoch 317/1000 | classify: 1.6717 | voltage: 0.5812 | conc: 0.0006 | rule: 235.5954 | group: 1.7081 | tree: 5.0936 | total: 1.8226
[New] Epoch 318/1000 | classify: 1.6838 | voltage: 0.6041 | conc: 0.0010 | rule: 243.2066 | group: 1.8095 | tree: 5.4269 | total: 1.8402
[New] Epoch 319/1000 | classify: 1.6938 | voltage: 0.6047 | conc: 0.0010 | rule: 247.8659 | group: 1.7793 | tree: 5.4524 | total: 1.8526
[New] Epoch 320/1000 | classify: 1.7639 | voltage: 0.6405 | conc: 0.0004 | rule: 232.0155 | group: 1.7917 | tree: 5.3877 | total: 1.9159
--- 验证集 [epoch 320] ---
  准确率 (Accuracy):  0.7740
  精确率 (Precision): 0.7908
  召回率 (Recall):    0.7376
  F1 分数 (F1):       0.7319
[New] Epoch 321/1000 | classify: 1.6417 | voltage: 0.6341 | conc: 0.0005 | rule: 220.1531 | group: 1.7203 | tree: 5.0300 | total: 1.7873
[New] Epoch 322/1000 | classify: 1.7413 | voltage: 0.6397 | conc: 0.0005 | rule: 231.6067 | group: 1.8343 | tree: 5.4985 | total: 1.8933
[New] Epoch 323/1000 | classify: 1.6641 | voltage: 0.6434 | conc: 0.0006 | rule: 224.0451 | group: 1.7892 | tree: 5.0450 | total: 1.8123
[New] Epoch 324/1000 | classify: 1.5154 | voltage: 0.6512 | conc: 0.0007 | rule: 225.0830 | group: 1.7824 | tree: 5.1840 | total: 1.6647
[New] Epoch 325/1000 | classify: 1.7458 | voltage: 0.6514 | conc: 0.0006 | rule: 234.4725 | group: 1.7300 | tree: 5.0620 | total: 1.8996
[New] Epoch 326/1000 | classify: 1.9147 | voltage: 0.6750 | conc: 0.0012 | rule: 220.1232 | group: 1.8581 | tree: 5.4591 | total: 2.0634
[New] Epoch 327/1000 | classify: 1.7206 | voltage: 0.6911 | conc: 0.0005 | rule: 221.0579 | group: 1.7422 | tree: 5.1420 | total: 1.8696
[New] Epoch 328/1000 | classify: 1.8972 | voltage: 0.6971 | conc: 0.0007 | rule: 235.7760 | group: 1.7655 | tree: 5.1422 | total: 2.0541
[New] Epoch 329/1000 | classify: 1.8871 | voltage: 0.6766 | conc: 0.0010 | rule: 237.5349 | group: 1.7924 | tree: 5.2922 | total: 2.0443
[New] Epoch 330/1000 | classify: 1.6550 | voltage: 0.7269 | conc: 0.0007 | rule: 208.8839 | group: 1.7289 | tree: 5.0467 | total: 1.7999
--- 验证集 [epoch 330] ---
  准确率 (Accuracy):  0.7877
  精确率 (Precision): 0.7598
  召回率 (Recall):    0.6633
  F1 分数 (F1):       0.6468
[New] Epoch 331/1000 | classify: 1.7148 | voltage: 0.7326 | conc: 0.0007 | rule: 217.8126 | group: 1.7706 | tree: 5.1990 | total: 1.8646
[New] Epoch 332/1000 | classify: 1.8255 | voltage: 0.7605 | conc: 0.0006 | rule: 206.7254 | group: 1.7185 | tree: 5.0022 | total: 1.9708
[New] Epoch 333/1000 | classify: 1.8725 | voltage: 0.7331 | conc: 0.0008 | rule: 245.4783 | group: 1.7761 | tree: 5.2966 | total: 2.0362
[New] Epoch 334/1000 | classify: 1.8837 | voltage: 0.7356 | conc: 0.0004 | rule: 234.0867 | group: 1.7233 | tree: 5.2534 | total: 2.0415
[New] Epoch 335/1000 | classify: 1.6734 | voltage: 0.7433 | conc: 0.0011 | rule: 207.1997 | group: 1.7940 | tree: 5.2416 | total: 1.8188
[New] Epoch 336/1000 | classify: 1.8455 | voltage: 0.7793 | conc: 0.0006 | rule: 213.0699 | group: 1.6961 | tree: 4.8833 | total: 1.9949
[New] Epoch 337/1000 | classify: 1.9721 | voltage: 0.8002 | conc: 0.0004 | rule: 222.9479 | group: 1.7973 | tree: 5.2040 | total: 2.1275
[New] Epoch 338/1000 | classify: 2.0165 | voltage: 0.7774 | conc: 0.0010 | rule: 229.7940 | group: 1.8622 | tree: 5.5772 | total: 2.1750
[New] Epoch 339/1000 | classify: 1.8590 | voltage: 0.7955 | conc: 0.0006 | rule: 215.5971 | group: 1.6972 | tree: 5.0172 | total: 2.0105
[New] Epoch 340/1000 | classify: 1.9524 | voltage: 0.8045 | conc: 0.0006 | rule: 238.7530 | group: 1.7354 | tree: 5.2199 | total: 2.1161
--- 验证集 [epoch 340] ---
  准确率 (Accuracy):  0.7671
  精确率 (Precision): 0.7202
  召回率 (Recall):    0.6038
  F1 分数 (F1):       0.6000
[New] Epoch 341/1000 | classify: 1.9503 | voltage: 0.8314 | conc: 0.0007 | rule: 219.3153 | group: 1.8560 | tree: 5.4259 | total: 2.1059
[New] Epoch 342/1000 | classify: 1.9106 | voltage: 0.8282 | conc: 0.0007 | rule: 217.8511 | group: 1.8081 | tree: 5.2268 | total: 2.0651
[New] Epoch 343/1000 | classify: 1.7411 | voltage: 0.8163 | conc: 0.0008 | rule: 231.1684 | group: 1.7279 | tree: 4.9221 | total: 1.9016
[New] Epoch 344/1000 | classify: 2.0114 | voltage: 0.8507 | conc: 0.0005 | rule: 210.7114 | group: 1.7161 | tree: 5.0966 | total: 2.1632
[New] Epoch 345/1000 | classify: 2.0412 | voltage: 0.8074 | conc: 0.0007 | rule: 276.6601 | group: 1.7588 | tree: 5.0308 | total: 2.2240
[New] Epoch 346/1000 | classify: 1.9474 | voltage: 0.8276 | conc: 0.0010 | rule: 265.6535 | group: 1.7815 | tree: 5.0676 | total: 2.1260
[New] Epoch 347/1000 | classify: 1.7370 | voltage: 0.8832 | conc: 0.0007 | rule: 196.4969 | group: 1.7111 | tree: 4.9005 | total: 1.8835
[New] Epoch 348/1000 | classify: 2.0152 | voltage: 0.8510 | conc: 0.0005 | rule: 234.4863 | group: 1.7082 | tree: 5.0817 | total: 2.1789
[New] Epoch 349/1000 | classify: 1.9678 | voltage: 0.8749 | conc: 0.0006 | rule: 248.9376 | group: 1.7458 | tree: 5.1668 | total: 2.1401
[New] Epoch 350/1000 | classify: 1.8950 | voltage: 0.8740 | conc: 0.0006 | rule: 232.8417 | group: 1.6618 | tree: 5.0675 | total: 2.0591
--- 验证集 [epoch 350] ---
  准确率 (Accuracy):  0.7945
  精确率 (Precision): 0.7968
  召回率 (Recall):    0.6693
  F1 分数 (F1):       0.6686
✅ 模型已保存到 /home/kudouzala/Application/ion_detect/output/trained_model_save/exp_new_h/trained_model_epoch_350.pth
📁 损失值已保存到 /home/kudouzala/Application/ion_detect/output/trained_model_save/exp_new_h/training_loss_epoch_350.csv
[New] Epoch 351/1000 | classify: 2.1553 | voltage: 0.8977 | conc: 0.0009 | rule: 211.9714 | group: 1.7929 | tree: 5.2564 | total: 2.3106
[New] Epoch 352/1000 | classify: 2.0602 | voltage: 0.8859 | conc: 0.0007 | rule: 238.8916 | group: 1.7196 | tree: 4.9730 | total: 2.2281
[New] Epoch 353/1000 | classify: 2.0469 | voltage: 0.9099 | conc: 0.0005 | rule: 240.2174 | group: 1.7385 | tree: 5.1050 | total: 2.2164
[New] Epoch 354/1000 | classify: 1.9950 | voltage: 0.9096 | conc: 0.0006 | rule: 223.2835 | group: 1.7338 | tree: 5.1255 | total: 2.1562
[New] Epoch 355/1000 | classify: 2.0302 | voltage: 0.9482 | conc: 0.0006 | rule: 207.4847 | group: 1.7700 | tree: 5.0348 | total: 2.1853
[New] Epoch 356/1000 | classify: 2.1457 | voltage: 0.8866 | conc: 0.0006 | rule: 232.8155 | group: 1.7467 | tree: 5.1479 | total: 2.3105
[New] Epoch 357/1000 | classify: 2.1526 | voltage: 0.9317 | conc: 0.0007 | rule: 213.1357 | group: 1.6963 | tree: 5.0934 | total: 2.3098
[New] Epoch 358/1000 | classify: 2.0682 | voltage: 0.9054 | conc: 0.0006 | rule: 250.4337 | group: 1.7596 | tree: 5.1541 | total: 2.2427
[New] Epoch 359/1000 | classify: 2.2198 | voltage: 0.9393 | conc: 0.0009 | rule: 231.8092 | group: 1.8116 | tree: 5.2819 | total: 2.3871
[New] Epoch 360/1000 | classify: 2.1080 | voltage: 0.9573 | conc: 0.0008 | rule: 236.2353 | group: 1.8244 | tree: 5.3895 | total: 2.2784
--- 验证集 [epoch 360] ---
  准确率 (Accuracy):  0.7534
  精确率 (Precision): 0.7363
  召回率 (Recall):    0.6421
  F1 分数 (F1):       0.6255
[New] Epoch 361/1000 | classify: 2.1467 | voltage: 0.9668 | conc: 0.0009 | rule: 217.9977 | group: 1.7887 | tree: 5.2825 | total: 2.3084
[New] Epoch 362/1000 | classify: 2.2141 | voltage: 0.9513 | conc: 0.0007 | rule: 244.9254 | group: 1.7655 | tree: 5.2935 | total: 2.3884
[New] Epoch 363/1000 | classify: 2.1579 | voltage: 0.9445 | conc: 0.0008 | rule: 223.2188 | group: 1.7372 | tree: 5.1705 | total: 2.3209
[New] Epoch 364/1000 | classify: 2.1387 | voltage: 0.9796 | conc: 0.0006 | rule: 221.6703 | group: 1.6826 | tree: 4.8963 | total: 2.3024
[New] Epoch 365/1000 | classify: 2.2877 | voltage: 0.9757 | conc: 0.0008 | rule: 231.9154 | group: 1.7879 | tree: 5.0779 | total: 2.4567
[New] Epoch 366/1000 | classify: 2.0311 | voltage: 0.9694 | conc: 0.0008 | rule: 234.0389 | group: 1.7762 | tree: 4.9245 | total: 2.2007
[New] Epoch 367/1000 | classify: 2.1526 | voltage: 0.9792 | conc: 0.0009 | rule: 240.5962 | group: 1.8042 | tree: 5.4090 | total: 2.3264
[New] Epoch 368/1000 | classify: 2.1750 | voltage: 1.0086 | conc: 0.0007 | rule: 200.2164 | group: 1.7797 | tree: 5.2484 | total: 2.3298
[New] Epoch 369/1000 | classify: 2.2217 | voltage: 1.0013 | conc: 0.0007 | rule: 229.2650 | group: 1.7130 | tree: 4.9897 | total: 2.3905
[New] Epoch 370/1000 | classify: 2.4298 | voltage: 1.0259 | conc: 0.0005 | rule: 217.0712 | group: 1.7771 | tree: 5.1052 | total: 2.5936
--- 验证集 [epoch 370] ---
  准确率 (Accuracy):  0.7671
  精确率 (Precision): 0.7492
  召回率 (Recall):    0.6756
  F1 分数 (F1):       0.6901
[New] Epoch 371/1000 | classify: 2.2165 | voltage: 0.9966 | conc: 0.0007 | rule: 223.8422 | group: 1.7780 | tree: 5.1870 | total: 2.3825
[New] Epoch 372/1000 | classify: 2.0629 | voltage: 1.0005 | conc: 0.0004 | rule: 215.3103 | group: 1.6867 | tree: 4.8643 | total: 2.2243
[New] Epoch 373/1000 | classify: 1.8752 | voltage: 1.0173 | conc: 0.0006 | rule: 207.8846 | group: 1.7120 | tree: 4.9453 | total: 2.0339
[New] Epoch 374/1000 | classify: 2.2522 | voltage: 0.9907 | conc: 0.0006 | rule: 221.9704 | group: 1.7204 | tree: 5.0397 | total: 2.4167
[New] Epoch 375/1000 | classify: 2.4245 | voltage: 1.0123 | conc: 0.0012 | rule: 244.1013 | group: 1.8724 | tree: 5.4191 | total: 2.6020
[New] Epoch 376/1000 | classify: 2.2390 | voltage: 1.0157 | conc: 0.0007 | rule: 208.8607 | group: 1.7897 | tree: 5.0861 | total: 2.3984
[New] Epoch 377/1000 | classify: 2.3942 | voltage: 1.0195 | conc: 0.0006 | rule: 208.9032 | group: 1.7867 | tree: 5.1908 | total: 2.5538
[New] Epoch 378/1000 | classify: 2.1010 | voltage: 1.0469 | conc: 0.0006 | rule: 194.7737 | group: 1.6425 | tree: 5.0112 | total: 2.2547
[New] Epoch 379/1000 | classify: 2.2834 | voltage: 1.0405 | conc: 0.0008 | rule: 239.3473 | group: 1.8097 | tree: 5.2056 | total: 2.4595
[New] Epoch 380/1000 | classify: 2.1452 | voltage: 1.0437 | conc: 0.0007 | rule: 219.9680 | group: 1.7664 | tree: 5.1482 | total: 2.3115
--- 验证集 [epoch 380] ---
  准确率 (Accuracy):  0.7397
  精确率 (Precision): 0.7606
  召回率 (Recall):    0.6293
  F1 分数 (F1):       0.6122
[New] Epoch 381/1000 | classify: 2.0850 | voltage: 1.0325 | conc: 0.0006 | rule: 215.6139 | group: 1.7566 | tree: 5.0213 | total: 2.2484
[New] Epoch 382/1000 | classify: 2.1755 | voltage: 0.9933 | conc: 0.0008 | rule: 261.9622 | group: 1.6977 | tree: 5.0443 | total: 2.3604
[New] Epoch 383/1000 | classify: 2.1873 | voltage: 1.0140 | conc: 0.0007 | rule: 231.9611 | group: 1.7782 | tree: 5.3801 | total: 2.3583
[New] Epoch 384/1000 | classify: 2.3953 | voltage: 1.0291 | conc: 0.0009 | rule: 226.2681 | group: 1.7987 | tree: 5.3494 | total: 2.5644
[New] Epoch 385/1000 | classify: 2.0733 | voltage: 1.0328 | conc: 0.0007 | rule: 233.7356 | group: 1.7591 | tree: 5.3365 | total: 2.2461
[New] Epoch 386/1000 | classify: 2.0995 | voltage: 1.0312 | conc: 0.0007 | rule: 231.9253 | group: 1.8302 | tree: 5.4234 | total: 2.2714
[New] Epoch 387/1000 | classify: 1.9631 | voltage: 1.0556 | conc: 0.0008 | rule: 212.4587 | group: 1.7067 | tree: 4.9226 | total: 2.1262
[New] Epoch 388/1000 | classify: 2.3880 | voltage: 1.0181 | conc: 0.0007 | rule: 260.8288 | group: 1.8341 | tree: 5.3902 | total: 2.5736
[New] Epoch 389/1000 | classify: 2.1561 | voltage: 1.0364 | conc: 0.0004 | rule: 230.1487 | group: 1.7642 | tree: 5.0434 | total: 2.3268
[New] Epoch 390/1000 | classify: 2.1622 | voltage: 1.0726 | conc: 0.0006 | rule: 231.2377 | group: 1.7502 | tree: 5.1473 | total: 2.3355
--- 验证集 [epoch 390] ---
  准确率 (Accuracy):  0.7534
  精确率 (Precision): 0.6000
  召回率 (Recall):    0.6066
  F1 分数 (F1):       0.5942
[New] Epoch 391/1000 | classify: 2.2119 | voltage: 1.0559 | conc: 0.0007 | rule: 222.6807 | group: 1.7485 | tree: 5.1667 | total: 2.3802
[New] Epoch 392/1000 | classify: 2.3339 | voltage: 1.0428 | conc: 0.0007 | rule: 243.9356 | group: 1.7139 | tree: 5.0233 | total: 2.5121
[New] Epoch 393/1000 | classify: 1.9419 | voltage: 1.0611 | conc: 0.0005 | rule: 240.5757 | group: 1.6550 | tree: 4.8720 | total: 2.1190
[New] Epoch 394/1000 | classify: 2.1676 | voltage: 1.0706 | conc: 0.0012 | rule: 220.3325 | group: 1.8270 | tree: 5.2263 | total: 2.3360
[New] Epoch 395/1000 | classify: 2.3047 | voltage: 1.0617 | conc: 0.0011 | rule: 252.7262 | group: 1.8197 | tree: 5.4382 | total: 2.4888
[New] Epoch 396/1000 | classify: 2.3436 | voltage: 1.0971 | conc: 0.0007 | rule: 217.5693 | group: 1.8188 | tree: 5.2584 | total: 2.5116
[New] Epoch 397/1000 | classify: 2.3287 | voltage: 1.0852 | conc: 0.0008 | rule: 220.2806 | group: 1.8773 | tree: 5.2132 | total: 2.4975
[New] Epoch 398/1000 | classify: 2.3625 | voltage: 1.0657 | conc: 0.0009 | rule: 245.9105 | group: 1.8348 | tree: 5.4021 | total: 2.5432
[New] Epoch 399/1000 | classify: 2.2500 | voltage: 1.1033 | conc: 0.0010 | rule: 231.3425 | group: 1.7972 | tree: 5.2315 | total: 2.4253
[New] Epoch 400/1000 | classify: 2.3060 | voltage: 1.1139 | conc: 0.0007 | rule: 216.6649 | group: 1.7599 | tree: 5.0286 | total: 2.4742
--- 验证集 [epoch 400] ---
  准确率 (Accuracy):  0.7603
  精确率 (Precision): 0.7239
  召回率 (Recall):    0.6088
  F1 分数 (F1):       0.6222
✅ 模型已保存到 /home/kudouzala/Application/ion_detect/output/trained_model_save/exp_new_h/trained_model_epoch_400.pth
📁 损失值已保存到 /home/kudouzala/Application/ion_detect/output/trained_model_save/exp_new_h/training_loss_epoch_400.csv
[New] Epoch 401/1000 | classify: 2.3182 | voltage: 1.1046 | conc: 0.0008 | rule: 209.7918 | group: 1.7311 | tree: 5.0830 | total: 2.4826
[New] Epoch 402/1000 | classify: 2.3154 | voltage: 1.0636 | conc: 0.0006 | rule: 259.5024 | group: 1.7418 | tree: 5.0779 | total: 2.5024
[New] Epoch 403/1000 | classify: 2.3158 | voltage: 1.0986 | conc: 0.0007 | rule: 230.6492 | group: 1.7858 | tree: 5.2262 | total: 2.4903
[New] Epoch 404/1000 | classify: 2.2939 | voltage: 1.1292 | conc: 0.0006 | rule: 217.6552 | group: 1.8426 | tree: 5.3358 | total: 2.4634
[New] Epoch 405/1000 | classify: 2.2654 | voltage: 1.0973 | conc: 0.0010 | rule: 239.6559 | group: 1.8008 | tree: 5.4211 | total: 2.4447
[New] Epoch 406/1000 | classify: 2.1041 | voltage: 1.0983 | conc: 0.0006 | rule: 212.0571 | group: 1.6935 | tree: 4.9006 | total: 2.2689
[New] Epoch 407/1000 | classify: 2.3258 | voltage: 1.1150 | conc: 0.0005 | rule: 243.0592 | group: 1.7886 | tree: 5.3125 | total: 2.5072
[New] Epoch 408/1000 | classify: 2.4149 | voltage: 1.1285 | conc: 0.0009 | rule: 228.6083 | group: 1.8507 | tree: 5.3669 | total: 2.5901
[New] Epoch 409/1000 | classify: 2.3467 | voltage: 1.1216 | conc: 0.0008 | rule: 237.1905 | group: 1.8198 | tree: 5.3406 | total: 2.5257
[New] Epoch 410/1000 | classify: 2.3716 | voltage: 1.1659 | conc: 0.0006 | rule: 216.5090 | group: 1.8061 | tree: 5.0873 | total: 2.5422
--- 验证集 [epoch 410] ---
  准确率 (Accuracy):  0.7329
  精确率 (Precision): 0.7623
  召回率 (Recall):    0.5957
  F1 分数 (F1):       0.6114
[New] Epoch 411/1000 | classify: 2.2623 | voltage: 1.1121 | conc: 0.0008 | rule: 228.0798 | group: 1.8108 | tree: 5.3358 | total: 2.4364
[New] Epoch 412/1000 | classify: 2.2582 | voltage: 1.1299 | conc: 0.0008 | rule: 217.7629 | group: 1.8258 | tree: 5.1954 | total: 2.4279
[New] Epoch 413/1000 | classify: 2.3115 | voltage: 1.1229 | conc: 0.0009 | rule: 239.6257 | group: 1.7946 | tree: 5.2486 | total: 2.4919
[New] Epoch 414/1000 | classify: 2.2687 | voltage: 1.1454 | conc: 0.0006 | rule: 219.5922 | group: 1.7791 | tree: 5.1335 | total: 2.4399
[New] Epoch 415/1000 | classify: 2.3019 | voltage: 1.1122 | conc: 0.0007 | rule: 248.0340 | group: 1.7322 | tree: 5.2229 | total: 2.4856
[New] Epoch 416/1000 | classify: 2.4307 | voltage: 1.1598 | conc: 0.0009 | rule: 210.5048 | group: 1.8448 | tree: 5.4737 | total: 2.5985
[New] Epoch 417/1000 | classify: 2.3146 | voltage: 1.1126 | conc: 0.0009 | rule: 234.9313 | group: 1.7859 | tree: 5.3246 | total: 2.4921
[New] Epoch 418/1000 | classify: 2.3896 | voltage: 1.1683 | conc: 0.0005 | rule: 219.8469 | group: 1.7310 | tree: 5.1766 | total: 2.5619
[New] Epoch 419/1000 | classify: 2.3053 | voltage: 1.1192 | conc: 0.0005 | rule: 231.4861 | group: 1.7409 | tree: 5.0117 | total: 2.4809
[New] Epoch 420/1000 | classify: 2.0813 | voltage: 1.1622 | conc: 0.0005 | rule: 205.2613 | group: 1.6974 | tree: 4.8797 | total: 2.2458
--- 验证集 [epoch 420] ---
  准确率 (Accuracy):  0.7260
  精确率 (Precision): 0.7453
  召回率 (Recall):    0.6181
  F1 分数 (F1):       0.6259
[New] Epoch 421/1000 | classify: 2.2471 | voltage: 1.1020 | conc: 0.0008 | rule: 233.9350 | group: 1.7166 | tree: 5.0499 | total: 2.4234
[New] Epoch 422/1000 | classify: 2.2968 | voltage: 1.1312 | conc: 0.0007 | rule: 210.2115 | group: 1.7507 | tree: 4.9356 | total: 2.4625
[New] Epoch 423/1000 | classify: 2.1585 | voltage: 1.1075 | conc: 0.0010 | rule: 232.5793 | group: 1.8057 | tree: 5.1023 | total: 2.3347
[New] Epoch 424/1000 | classify: 2.4292 | voltage: 1.1182 | conc: 0.0008 | rule: 242.0081 | group: 1.7806 | tree: 5.3149 | total: 2.6105
[New] Epoch 425/1000 | classify: 2.3115 | voltage: 1.1572 | conc: 0.0006 | rule: 212.5055 | group: 1.7773 | tree: 5.2664 | total: 2.4797
[New] Epoch 426/1000 | classify: 2.3253 | voltage: 1.1381 | conc: 0.0006 | rule: 232.0480 | group: 1.6946 | tree: 4.9453 | total: 2.5021
[New] Epoch 427/1000 | classify: 2.1682 | voltage: 1.1155 | conc: 0.0010 | rule: 232.3261 | group: 1.7469 | tree: 5.1125 | total: 2.3446
[New] Epoch 428/1000 | classify: 2.4095 | voltage: 1.1266 | conc: 0.0008 | rule: 228.2836 | group: 1.8102 | tree: 5.3408 | total: 2.5844
[New] Epoch 429/1000 | classify: 2.2332 | voltage: 1.1338 | conc: 0.0007 | rule: 221.7385 | group: 1.7129 | tree: 4.9669 | total: 2.4048
[New] Epoch 430/1000 | classify: 2.2375 | voltage: 1.1206 | conc: 0.0005 | rule: 222.9240 | group: 1.7388 | tree: 4.9359 | total: 2.4088
--- 验证集 [epoch 430] ---
  准确率 (Accuracy):  0.6849
  精确率 (Precision): 0.5049
  召回率 (Recall):    0.4697
  F1 分数 (F1):       0.4677
[New] Epoch 431/1000 | classify: 2.3017 | voltage: 1.1470 | conc: 0.0006 | rule: 223.0564 | group: 1.7107 | tree: 4.9673 | total: 2.4745
[New] Epoch 432/1000 | classify: 2.1289 | voltage: 1.1478 | conc: 0.0006 | rule: 235.6297 | group: 1.8130 | tree: 5.0656 | total: 2.3082
[New] Epoch 433/1000 | classify: 2.3611 | voltage: 1.1243 | conc: 0.0007 | rule: 215.4119 | group: 1.8246 | tree: 5.3300 | total: 2.5294
[New] Epoch 434/1000 | classify: 2.1925 | voltage: 1.0831 | conc: 0.0008 | rule: 238.3535 | group: 1.7745 | tree: 5.3677 | total: 2.3703
[New] Epoch 435/1000 | classify: 2.4363 | voltage: 1.1559 | conc: 0.0005 | rule: 219.9998 | group: 1.7479 | tree: 5.0336 | total: 2.6080
[New] Epoch 436/1000 | classify: 2.4822 | voltage: 1.1359 | conc: 0.0006 | rule: 254.8984 | group: 1.8313 | tree: 5.2501 | total: 2.6707
[New] Epoch 437/1000 | classify: 2.2643 | voltage: 1.1197 | conc: 0.0010 | rule: 244.5012 | group: 1.8241 | tree: 5.0763 | total: 2.4470
[New] Epoch 438/1000 | classify: 2.3406 | voltage: 1.1062 | conc: 0.0010 | rule: 233.7233 | group: 1.8244 | tree: 5.4679 | total: 2.5174
[New] Epoch 439/1000 | classify: 2.2027 | voltage: 1.1576 | conc: 0.0007 | rule: 230.8161 | group: 1.7588 | tree: 4.9812 | total: 2.3801
[New] Epoch 440/1000 | classify: 2.3918 | voltage: 1.1318 | conc: 0.0008 | rule: 243.6168 | group: 1.8236 | tree: 5.4253 | total: 2.5746
--- 验证集 [epoch 440] ---
  准确率 (Accuracy):  0.7329
  精确率 (Precision): 0.5736
  召回率 (Recall):    0.5811
  F1 分数 (F1):       0.5601
[New] Epoch 441/1000 | classify: 2.2377 | voltage: 1.1330 | conc: 0.0007 | rule: 212.8450 | group: 1.8008 | tree: 4.9876 | total: 2.4048
[New] Epoch 442/1000 | classify: 2.5088 | voltage: 1.1504 | conc: 0.0006 | rule: 235.8670 | group: 1.8942 | tree: 5.5163 | total: 2.6886
[New] Epoch 443/1000 | classify: 2.1990 | voltage: 1.1551 | conc: 0.0006 | rule: 215.8031 | group: 1.7710 | tree: 5.3277 | total: 2.3689
[New] Epoch 444/1000 | classify: 2.3770 | voltage: 1.1424 | conc: 0.0009 | rule: 219.2464 | group: 1.7902 | tree: 5.1204 | total: 2.5481
[New] Epoch 445/1000 | classify: 2.4252 | voltage: 1.1788 | conc: 0.0005 | rule: 221.5364 | group: 1.7382 | tree: 5.0525 | total: 2.5988
[New] Epoch 446/1000 | classify: 2.2302 | voltage: 1.1695 | conc: 0.0007 | rule: 201.3768 | group: 1.7415 | tree: 4.9982 | total: 2.3934
[New] Epoch 447/1000 | classify: 2.4171 | voltage: 1.1583 | conc: 0.0007 | rule: 221.4211 | group: 1.7967 | tree: 5.1366 | total: 2.5898
[New] Epoch 448/1000 | classify: 2.1191 | voltage: 1.1256 | conc: 0.0006 | rule: 232.9390 | group: 1.6875 | tree: 4.8791 | total: 2.2958
[New] Epoch 449/1000 | classify: 2.3266 | voltage: 1.1446 | conc: 0.0008 | rule: 234.4770 | group: 1.7242 | tree: 5.2248 | total: 2.5054
[New] Epoch 450/1000 | classify: 2.5086 | voltage: 1.1487 | conc: 0.0008 | rule: 239.1186 | group: 1.8292 | tree: 5.3493 | total: 2.6900
--- 验证集 [epoch 450] ---
  准确率 (Accuracy):  0.7260
  精确率 (Precision): 0.5099
  召回率 (Recall):    0.5710
  F1 分数 (F1):       0.5186
✅ 模型已保存到 /home/kudouzala/Application/ion_detect/output/trained_model_save/exp_new_h/trained_model_epoch_450.pth
📁 损失值已保存到 /home/kudouzala/Application/ion_detect/output/trained_model_save/exp_new_h/training_loss_epoch_450.csv
[New] Epoch 451/1000 | classify: 2.3946 | voltage: 1.1317 | conc: 0.0008 | rule: 228.6265 | group: 1.7195 | tree: 4.8686 | total: 2.5695
[New] Epoch 452/1000 | classify: 2.3298 | voltage: 1.1270 | conc: 0.0006 | rule: 236.0565 | group: 1.7981 | tree: 5.2004 | total: 2.5082
[New] Epoch 453/1000 | classify: 2.4687 | voltage: 1.1632 | conc: 0.0005 | rule: 227.5479 | group: 1.7455 | tree: 5.0435 | total: 2.6445
[New] Epoch 454/1000 | classify: 2.2619 | voltage: 1.1669 | conc: 0.0004 | rule: 213.0733 | group: 1.6845 | tree: 4.6702 | total: 2.4304
[New] Epoch 455/1000 | classify: 2.0500 | voltage: 1.1589 | conc: 0.0006 | rule: 209.4712 | group: 1.7545 | tree: 4.8046 | total: 2.2165
[New] Epoch 456/1000 | classify: 2.3820 | voltage: 1.1434 | conc: 0.0006 | rule: 199.9298 | group: 1.6669 | tree: 5.0696 | total: 2.5432
[New] Epoch 457/1000 | classify: 2.3493 | voltage: 1.1538 | conc: 0.0007 | rule: 233.8453 | group: 1.7674 | tree: 5.2134 | total: 2.5280
[New] Epoch 458/1000 | classify: 2.4893 | voltage: 1.1536 | conc: 0.0006 | rule: 237.3347 | group: 1.8303 | tree: 5.4730 | total: 2.6699
[New] Epoch 459/1000 | classify: 2.4579 | voltage: 1.1528 | conc: 0.0006 | rule: 234.8068 | group: 1.7938 | tree: 5.1855 | total: 2.6371
[New] Epoch 460/1000 | classify: 2.5609 | voltage: 1.1571 | conc: 0.0006 | rule: 235.9477 | group: 1.8422 | tree: 5.1632 | total: 2.7408
--- 验证集 [epoch 460] ---
  准确率 (Accuracy):  0.6507
  精确率 (Precision): 0.5345
  召回率 (Recall):    0.4702
  F1 分数 (F1):       0.4308
[New] Epoch 461/1000 | classify: 2.2037 | voltage: 1.1541 | conc: 0.0006 | rule: 207.0990 | group: 1.6963 | tree: 4.9562 | total: 2.3689
[New] Epoch 462/1000 | classify: 2.3214 | voltage: 1.1591 | conc: 0.0006 | rule: 230.4321 | group: 1.7237 | tree: 4.8797 | total: 2.4985
[New] Epoch 463/1000 | classify: 2.2665 | voltage: 1.1506 | conc: 0.0005 | rule: 197.7731 | group: 1.6819 | tree: 4.8550 | total: 2.4266
[New] Epoch 464/1000 | classify: 2.5158 | voltage: 1.1573 | conc: 0.0006 | rule: 221.1285 | group: 1.7891 | tree: 5.1273 | total: 2.6883
[New] Epoch 465/1000 | classify: 2.1642 | voltage: 1.1798 | conc: 0.0006 | rule: 236.0862 | group: 1.7240 | tree: 4.9337 | total: 2.3452
[New] Epoch 466/1000 | classify: 2.3433 | voltage: 1.1455 | conc: 0.0008 | rule: 231.7414 | group: 1.7764 | tree: 5.0735 | total: 2.5207
[New] Epoch 467/1000 | classify: 2.3080 | voltage: 1.1616 | conc: 0.0007 | rule: 237.2610 | group: 1.7688 | tree: 5.0316 | total: 2.4888
[New] Epoch 468/1000 | classify: 2.5142 | voltage: 1.1803 | conc: 0.0009 | rule: 211.8532 | group: 1.8491 | tree: 5.4587 | total: 2.6837
[New] Epoch 469/1000 | classify: 2.4104 | voltage: 1.1505 | conc: 0.0008 | rule: 234.6367 | group: 1.7559 | tree: 5.1688 | total: 2.5895
[New] Epoch 470/1000 | classify: 2.4833 | voltage: 1.1638 | conc: 0.0010 | rule: 240.7687 | group: 1.8235 | tree: 5.5830 | total: 2.6666
--- 验证集 [epoch 470] ---
  准确率 (Accuracy):  0.6781
  精确率 (Precision): 0.5582
  召回率 (Recall):    0.5349
  F1 分数 (F1):       0.4784
[New] Epoch 471/1000 | classify: 2.3683 | voltage: 1.1887 | conc: 0.0009 | rule: 232.4190 | group: 1.8284 | tree: 5.2963 | total: 2.5484
[New] Epoch 472/1000 | classify: 2.2072 | voltage: 1.1659 | conc: 0.0012 | rule: 230.0032 | group: 1.7893 | tree: 5.2598 | total: 2.3852
[New] Epoch 473/1000 | classify: 2.2937 | voltage: 1.1621 | conc: 0.0008 | rule: 217.6739 | group: 1.7636 | tree: 5.2268 | total: 2.4650
[New] Epoch 474/1000 | classify: 2.3598 | voltage: 1.1565 | conc: 0.0007 | rule: 227.0683 | group: 1.7685 | tree: 5.1405 | total: 2.5353
[New] Epoch 475/1000 | classify: 2.4812 | voltage: 1.2118 | conc: 0.0005 | rule: 238.6360 | group: 1.8031 | tree: 5.3826 | total: 2.6652
[New] Epoch 476/1000 | classify: 2.3380 | voltage: 1.1820 | conc: 0.0008 | rule: 213.6302 | group: 1.7316 | tree: 4.7763 | total: 2.5080
[New] Epoch 477/1000 | classify: 2.3369 | voltage: 1.1740 | conc: 0.0008 | rule: 213.6445 | group: 1.8293 | tree: 5.2784 | total: 2.5068
[New] Epoch 478/1000 | classify: 2.2006 | voltage: 1.1882 | conc: 0.0006 | rule: 211.7403 | group: 1.7324 | tree: 5.0033 | total: 2.3698
[New] Epoch 479/1000 | classify: 2.1416 | voltage: 1.1572 | conc: 0.0007 | rule: 247.4871 | group: 1.7487 | tree: 4.9073 | total: 2.3273
[New] Epoch 480/1000 | classify: 2.1714 | voltage: 1.1587 | conc: 0.0007 | rule: 232.1837 | group: 1.6929 | tree: 4.9148 | total: 2.3494
--- 验证集 [epoch 480] ---
  准确率 (Accuracy):  0.7192
  精确率 (Precision): 0.5427
  召回率 (Recall):    0.5471
  F1 分数 (F1):       0.5178
[New] Epoch 481/1000 | classify: 2.3860 | voltage: 1.1663 | conc: 0.0005 | rule: 220.2680 | group: 1.7955 | tree: 4.9391 | total: 2.5584
[New] Epoch 482/1000 | classify: 2.4582 | voltage: 1.1681 | conc: 0.0007 | rule: 224.5522 | group: 1.7869 | tree: 5.3341 | total: 2.6331
[New] Epoch 483/1000 | classify: 2.4851 | voltage: 1.1596 | conc: 0.0006 | rule: 228.7746 | group: 1.8238 | tree: 5.4755 | total: 2.6617
[New] Epoch 484/1000 | classify: 2.4464 | voltage: 1.1792 | conc: 0.0010 | rule: 226.3803 | group: 1.8596 | tree: 5.3710 | total: 2.6232
[New] Epoch 485/1000 | classify: 2.3702 | voltage: 1.1618 | conc: 0.0008 | rule: 227.4958 | group: 1.7634 | tree: 5.1662 | total: 2.5463
[New] Epoch 486/1000 | classify: 2.3334 | voltage: 1.1805 | conc: 0.0009 | rule: 228.9654 | group: 1.8145 | tree: 5.1521 | total: 2.5113
[New] Epoch 487/1000 | classify: 2.3899 | voltage: 1.1720 | conc: 0.0007 | rule: 245.8524 | group: 1.7828 | tree: 5.1078 | total: 2.5756
[New] Epoch 488/1000 | classify: 2.3905 | voltage: 1.1841 | conc: 0.0006 | rule: 232.1195 | group: 1.8166 | tree: 5.4130 | total: 2.5699
[New] Epoch 489/1000 | classify: 2.4158 | voltage: 1.1838 | conc: 0.0006 | rule: 227.3843 | group: 1.7196 | tree: 5.0458 | total: 2.5926
[New] Epoch 490/1000 | classify: 2.3149 | voltage: 1.1701 | conc: 0.0005 | rule: 232.5024 | group: 1.7406 | tree: 4.8970 | total: 2.4935
--- 验证集 [epoch 490] ---
  准确率 (Accuracy):  0.7466
  精确率 (Precision): 0.7270
  召回率 (Recall):    0.5919
  F1 分数 (F1):       0.5863
[New] Epoch 491/1000 | classify: 2.3639 | voltage: 1.1753 | conc: 0.0010 | rule: 234.6011 | group: 1.8419 | tree: 5.2556 | total: 2.5445
[New] Epoch 492/1000 | classify: 2.3690 | voltage: 1.1819 | conc: 0.0007 | rule: 226.5900 | group: 1.7622 | tree: 5.1271 | total: 2.5455
[New] Epoch 493/1000 | classify: 2.3034 | voltage: 1.2020 | conc: 0.0008 | rule: 229.3265 | group: 1.7734 | tree: 5.0502 | total: 2.4824
[New] Epoch 494/1000 | classify: 2.3685 | voltage: 1.1904 | conc: 0.0006 | rule: 238.6847 | group: 1.6821 | tree: 5.0037 | total: 2.5512
[New] Epoch 495/1000 | classify: 2.3234 | voltage: 1.1857 | conc: 0.0008 | rule: 223.5390 | group: 1.7448 | tree: 5.1233 | total: 2.4986
[New] Epoch 496/1000 | classify: 2.5459 | voltage: 1.1632 | conc: 0.0009 | rule: 241.8542 | group: 1.8257 | tree: 5.5114 | total: 2.7296
[New] Epoch 497/1000 | classify: 2.4018 | voltage: 1.1987 | conc: 0.0007 | rule: 211.7498 | group: 1.7719 | tree: 5.1261 | total: 2.5717
[New] Epoch 498/1000 | classify: 2.1670 | voltage: 1.1717 | conc: 0.0006 | rule: 235.0602 | group: 1.6919 | tree: 5.0269 | total: 2.3471
[New] Epoch 499/1000 | classify: 2.4100 | voltage: 1.1767 | conc: 0.0007 | rule: 220.3414 | group: 1.7788 | tree: 5.2739 | total: 2.5832
[New] Epoch 500/1000 | classify: 2.2489 | voltage: 1.1964 | conc: 0.0006 | rule: 236.0258 | group: 1.7844 | tree: 5.1461 | total: 2.4308
--- 验证集 [epoch 500] ---
  准确率 (Accuracy):  0.6918
  精确率 (Precision): 0.5005
  召回率 (Recall):    0.5305
  F1 分数 (F1):       0.4814
✅ 模型已保存到 /home/kudouzala/Application/ion_detect/output/trained_model_save/exp_new_h/trained_model_epoch_500.pth
📁 损失值已保存到 /home/kudouzala/Application/ion_detect/output/trained_model_save/exp_new_h/training_loss_epoch_500.csv
[New] Epoch 501/1000 | classify: 2.2435 | voltage: 1.1930 | conc: 0.0005 | rule: 230.1223 | group: 1.7391 | tree: 5.0615 | total: 2.4221
[New] Epoch 502/1000 | classify: 2.2269 | voltage: 1.1582 | conc: 0.0005 | rule: 238.2972 | group: 1.6643 | tree: 5.0223 | total: 2.4077
[New] Epoch 503/1000 | classify: 2.4072 | voltage: 1.1820 | conc: 0.0004 | rule: 233.9617 | group: 1.7870 | tree: 5.2081 | total: 2.5871
[New] Epoch 504/1000 | classify: 2.4018 | voltage: 1.1803 | conc: 0.0005 | rule: 220.4000 | group: 1.7340 | tree: 4.9402 | total: 2.5748
[New] Epoch 505/1000 | classify: 2.4105 | voltage: 1.1969 | conc: 0.0004 | rule: 209.0709 | group: 1.7594 | tree: 5.2411 | total: 2.5788
[New] Epoch 506/1000 | classify: 2.3701 | voltage: 1.1890 | conc: 0.0008 | rule: 224.3204 | group: 1.8416 | tree: 5.3194 | total: 2.5461
[New] Epoch 507/1000 | classify: 2.3980 | voltage: 1.2168 | conc: 0.0007 | rule: 228.0115 | group: 1.7722 | tree: 4.8901 | total: 2.5768
[New] Epoch 508/1000 | classify: 2.4911 | voltage: 1.2124 | conc: 0.0005 | rule: 223.7441 | group: 1.8233 | tree: 5.4005 | total: 2.6677
[New] Epoch 509/1000 | classify: 2.3909 | voltage: 1.1634 | conc: 0.0007 | rule: 250.2521 | group: 1.7668 | tree: 5.0868 | total: 2.5783
[New] Epoch 510/1000 | classify: 2.3013 | voltage: 1.1870 | conc: 0.0006 | rule: 250.8268 | group: 1.7726 | tree: 5.1564 | total: 2.4902
--- 验证集 [epoch 510] ---
  准确率 (Accuracy):  0.7192
  精确率 (Precision): 0.6344
  召回率 (Recall):    0.5395
  F1 分数 (F1):       0.5397
[New] Epoch 511/1000 | classify: 2.3256 | voltage: 1.2463 | conc: 0.0006 | rule: 220.8806 | group: 1.7007 | tree: 5.1427 | total: 2.5023
[New] Epoch 512/1000 | classify: 2.2277 | voltage: 1.1951 | conc: 0.0006 | rule: 228.8223 | group: 1.7045 | tree: 4.9638 | total: 2.4057
[New] Epoch 513/1000 | classify: 2.3494 | voltage: 1.1523 | conc: 0.0009 | rule: 249.5964 | group: 1.7836 | tree: 5.3313 | total: 2.5363
[New] Epoch 514/1000 | classify: 2.2470 | voltage: 1.1972 | conc: 0.0006 | rule: 223.1790 | group: 1.7242 | tree: 4.9018 | total: 2.4224
[New] Epoch 515/1000 | classify: 2.5311 | voltage: 1.1934 | conc: 0.0006 | rule: 219.5455 | group: 1.7492 | tree: 5.0700 | total: 2.7045
[New] Epoch 516/1000 | classify: 2.3187 | voltage: 1.2008 | conc: 0.0005 | rule: 206.4797 | group: 1.7522 | tree: 5.1529 | total: 2.4859
[New] Epoch 517/1000 | classify: 2.4684 | voltage: 1.1931 | conc: 0.0007 | rule: 234.8011 | group: 1.7645 | tree: 5.4156 | total: 2.6498
[New] Epoch 518/1000 | classify: 2.4172 | voltage: 1.2083 | conc: 0.0007 | rule: 226.2511 | group: 1.8352 | tree: 5.3847 | total: 2.5950
[New] Epoch 519/1000 | classify: 2.5935 | voltage: 1.2093 | conc: 0.0009 | rule: 225.2521 | group: 1.8461 | tree: 5.5406 | total: 2.7711
[New] Epoch 520/1000 | classify: 2.2981 | voltage: 1.2092 | conc: 0.0008 | rule: 229.6405 | group: 1.7545 | tree: 5.3889 | total: 2.4778
--- 验证集 [epoch 520] ---
  准确率 (Accuracy):  0.7055
  精确率 (Precision): 0.5603
  召回率 (Recall):    0.5125
  F1 分数 (F1):       0.4735
[New] Epoch 521/1000 | classify: 2.3409 | voltage: 1.2166 | conc: 0.0008 | rule: 212.7354 | group: 1.7910 | tree: 5.2982 | total: 2.5125
[New] Epoch 522/1000 | classify: 2.4445 | voltage: 1.2420 | conc: 0.0008 | rule: 206.6697 | group: 1.7923 | tree: 5.1719 | total: 2.6142
[New] Epoch 523/1000 | classify: 2.5315 | voltage: 1.2010 | conc: 0.0007 | rule: 243.5044 | group: 1.7330 | tree: 5.1524 | total: 2.7174
[New] Epoch 524/1000 | classify: 2.4048 | voltage: 1.1890 | conc: 0.0007 | rule: 237.1429 | group: 1.7138 | tree: 4.9352 | total: 2.5868
[New] Epoch 525/1000 | classify: 2.4790 | voltage: 1.1928 | conc: 0.0008 | rule: 234.0111 | group: 1.8048 | tree: 5.2468 | total: 2.6600
[New] Epoch 526/1000 | classify: 2.4727 | voltage: 1.1923 | conc: 0.0008 | rule: 231.5512 | group: 1.8256 | tree: 5.5901 | total: 2.6526
[New] Epoch 527/1000 | classify: 2.4945 | voltage: 1.2162 | conc: 0.0010 | rule: 230.9642 | group: 1.8726 | tree: 5.3643 | total: 2.6754
[New] Epoch 528/1000 | classify: 2.2651 | voltage: 1.2158 | conc: 0.0007 | rule: 224.8294 | group: 1.7679 | tree: 5.2236 | total: 2.4425
[New] Epoch 529/1000 | classify: 2.3829 | voltage: 1.1855 | conc: 0.0008 | rule: 226.3393 | group: 1.7800 | tree: 5.2422 | total: 2.5597
[New] Epoch 530/1000 | classify: 2.3295 | voltage: 1.1709 | conc: 0.0007 | rule: 239.5101 | group: 1.7192 | tree: 5.2248 | total: 2.5120
--- 验证集 [epoch 530] ---
  准确率 (Accuracy):  0.7192
  精确率 (Precision): 0.5603
  召回率 (Recall):    0.5155
  F1 分数 (F1):       0.5172
[New] Epoch 531/1000 | classify: 2.5200 | voltage: 1.2028 | conc: 0.0008 | rule: 234.8636 | group: 1.8556 | tree: 5.4646 | total: 2.7021
[New] Epoch 532/1000 | classify: 2.2772 | voltage: 1.1961 | conc: 0.0008 | rule: 221.5239 | group: 1.7863 | tree: 5.3282 | total: 2.4521
[New] Epoch 533/1000 | classify: 2.2568 | voltage: 1.2061 | conc: 0.0006 | rule: 246.5047 | group: 1.7062 | tree: 5.0530 | total: 2.4444
[New] Epoch 534/1000 | classify: 2.5030 | voltage: 1.2253 | conc: 0.0009 | rule: 207.6427 | group: 1.8238 | tree: 5.2898 | total: 2.6725
[New] Epoch 535/1000 | classify: 2.3938 | voltage: 1.2217 | conc: 0.0005 | rule: 228.0038 | group: 1.7481 | tree: 4.9925 | total: 2.5727
[New] Epoch 536/1000 | classify: 2.3352 | voltage: 1.2045 | conc: 0.0007 | rule: 220.1629 | group: 1.6779 | tree: 5.0294 | total: 2.5096
[New] Epoch 537/1000 | classify: 2.3437 | voltage: 1.2265 | conc: 0.0007 | rule: 218.5520 | group: 1.7628 | tree: 5.1421 | total: 2.5185
[New] Epoch 538/1000 | classify: 2.3429 | voltage: 1.1804 | conc: 0.0008 | rule: 236.6089 | group: 1.7624 | tree: 5.1537 | total: 2.5245
[New] Epoch 539/1000 | classify: 2.4382 | voltage: 1.2194 | conc: 0.0008 | rule: 215.5219 | group: 1.7981 | tree: 5.1306 | total: 2.6113
[New] Epoch 540/1000 | classify: 2.3160 | voltage: 1.2312 | conc: 0.0007 | rule: 218.9748 | group: 1.8156 | tree: 5.2786 | total: 2.4912
--- 验证集 [epoch 540] ---
  准确率 (Accuracy):  0.6507
  精确率 (Precision): 0.6103
  召回率 (Recall):    0.5378
  F1 分数 (F1):       0.5120
[New] Epoch 541/1000 | classify: 2.4038 | voltage: 1.2040 | conc: 0.0008 | rule: 222.1301 | group: 1.7665 | tree: 5.1048 | total: 2.5793
[New] Epoch 542/1000 | classify: 2.4751 | voltage: 1.2030 | conc: 0.0008 | rule: 224.3257 | group: 1.7395 | tree: 5.1088 | total: 2.6516
[New] Epoch 543/1000 | classify: 2.3071 | voltage: 1.2200 | conc: 0.0007 | rule: 223.8894 | group: 1.6961 | tree: 5.0058 | total: 2.4840
[New] Epoch 544/1000 | classify: 2.4577 | voltage: 1.2427 | conc: 0.0005 | rule: 233.1073 | group: 1.7793 | tree: 5.2301 | total: 2.6404
[New] Epoch 545/1000 | classify: 2.2689 | voltage: 1.2148 | conc: 0.0007 | rule: 241.7044 | group: 1.7736 | tree: 5.1424 | total: 2.4546
[New] Epoch 546/1000 | classify: 2.5192 | voltage: 1.2380 | conc: 0.0009 | rule: 237.4058 | group: 1.8221 | tree: 5.1973 | total: 2.7042
[New] Epoch 547/1000 | classify: 2.5013 | voltage: 1.2100 | conc: 0.0009 | rule: 234.0515 | group: 1.8114 | tree: 5.2101 | total: 2.6832
[New] Epoch 548/1000 | classify: 2.2872 | voltage: 1.2569 | conc: 0.0008 | rule: 229.6313 | group: 1.7566 | tree: 4.8869 | total: 2.4689
[New] Epoch 549/1000 | classify: 2.5254 | voltage: 1.2479 | conc: 0.0005 | rule: 236.7484 | group: 1.8166 | tree: 5.2453 | total: 2.7102
[New] Epoch 550/1000 | classify: 2.3636 | voltage: 1.2332 | conc: 0.0006 | rule: 232.8680 | group: 1.8214 | tree: 5.3686 | total: 2.5459
--- 验证集 [epoch 550] ---
  准确率 (Accuracy):  0.7260
  精确率 (Precision): 0.7087
  召回率 (Recall):    0.5657
  F1 分数 (F1):       0.5864
✅ 模型已保存到 /home/kudouzala/Application/ion_detect/output/trained_model_save/exp_new_h/trained_model_epoch_550.pth
📁 损失值已保存到 /home/kudouzala/Application/ion_detect/output/trained_model_save/exp_new_h/training_loss_epoch_550.csv
[New] Epoch 551/1000 | classify: 2.4652 | voltage: 1.2352 | conc: 0.0005 | rule: 234.2375 | group: 1.7576 | tree: 5.2243 | total: 2.6480
[New] Epoch 552/1000 | classify: 2.3140 | voltage: 1.2418 | conc: 0.0005 | rule: 228.5434 | group: 1.7250 | tree: 5.0226 | total: 2.4943
[New] Epoch 553/1000 | classify: 2.2740 | voltage: 1.2419 | conc: 0.0007 | rule: 220.3262 | group: 1.7288 | tree: 4.8201 | total: 2.4502
[New] Epoch 554/1000 | classify: 2.5082 | voltage: 1.2746 | conc: 0.0009 | rule: 228.0046 | group: 1.7853 | tree: 5.4563 | total: 2.6904
[New] Epoch 555/1000 | classify: 2.4821 | voltage: 1.2585 | conc: 0.0007 | rule: 234.5120 | group: 1.7246 | tree: 4.9868 | total: 2.6664
[New] Epoch 556/1000 | classify: 2.2252 | voltage: 1.2433 | conc: 0.0007 | rule: 222.8342 | group: 1.7568 | tree: 5.1210 | total: 2.4029
[New] Epoch 557/1000 | classify: 2.4028 | voltage: 1.2739 | conc: 0.0007 | rule: 214.4574 | group: 1.7311 | tree: 4.9887 | total: 2.5778
[New] Epoch 558/1000 | classify: 2.3371 | voltage: 1.2544 | conc: 0.0005 | rule: 243.8993 | group: 1.7236 | tree: 5.1383 | total: 2.5257
[New] Epoch 559/1000 | classify: 2.3417 | voltage: 1.2668 | conc: 0.0005 | rule: 213.6479 | group: 1.7168 | tree: 5.0407 | total: 2.5158
[New] Epoch 560/1000 | classify: 2.1790 | voltage: 1.2587 | conc: 0.0009 | rule: 215.6495 | group: 1.7422 | tree: 5.0541 | total: 2.3540
--- 验证集 [epoch 560] ---
  准确率 (Accuracy):  0.6781
  精确率 (Precision): 0.4577
  召回率 (Recall):    0.4704
  F1 分数 (F1):       0.4452
[New] Epoch 561/1000 | classify: 2.5199 | voltage: 1.2266 | conc: 0.0004 | rule: 224.7454 | group: 1.7341 | tree: 5.1378 | total: 2.6974
[New] Epoch 562/1000 | classify: 2.5274 | voltage: 1.2377 | conc: 0.0007 | rule: 249.9679 | group: 1.7541 | tree: 5.3137 | total: 2.7185
[New] Epoch 563/1000 | classify: 2.5533 | voltage: 1.2685 | conc: 0.0008 | rule: 225.9041 | group: 1.7956 | tree: 5.2646 | total: 2.7340
[New] Epoch 564/1000 | classify: 2.3575 | voltage: 1.2954 | conc: 0.0004 | rule: 208.3218 | group: 1.7460 | tree: 5.1447 | total: 2.5303
[New] Epoch 565/1000 | classify: 2.3533 | voltage: 1.2658 | conc: 0.0005 | rule: 219.5160 | group: 1.6585 | tree: 4.8034 | total: 2.5300
[New] Epoch 566/1000 | classify: 2.2428 | voltage: 1.2646 | conc: 0.0005 | rule: 213.0685 | group: 1.6595 | tree: 5.0019 | total: 2.4164
[New] Epoch 567/1000 | classify: 2.1769 | voltage: 1.2587 | conc: 0.0009 | rule: 223.1262 | group: 1.7314 | tree: 4.9850 | total: 2.3557
[New] Epoch 568/1000 | classify: 2.3799 | voltage: 1.2769 | conc: 0.0005 | rule: 218.3592 | group: 1.7646 | tree: 5.2216 | total: 2.5569
[New] Epoch 569/1000 | classify: 2.4975 | voltage: 1.2255 | conc: 0.0011 | rule: 249.1855 | group: 1.8342 | tree: 5.5389 | total: 2.6881
[New] Epoch 570/1000 | classify: 2.5323 | voltage: 1.2412 | conc: 0.0009 | rule: 248.0962 | group: 1.7815 | tree: 5.1448 | total: 2.7228
--- 验证集 [epoch 570] ---
  准确率 (Accuracy):  0.6781
  精确率 (Precision): 0.5659
  召回率 (Recall):    0.5704
  F1 分数 (F1):       0.5295
[New] Epoch 571/1000 | classify: 2.4477 | voltage: 1.2961 | conc: 0.0006 | rule: 239.1069 | group: 1.7394 | tree: 4.9566 | total: 2.6361
[New] Epoch 572/1000 | classify: 2.5257 | voltage: 1.2458 | conc: 0.0010 | rule: 229.5836 | group: 1.8065 | tree: 5.2277 | total: 2.7073
[New] Epoch 573/1000 | classify: 2.3176 | voltage: 1.2534 | conc: 0.0008 | rule: 229.9146 | group: 1.7382 | tree: 4.9400 | total: 2.4994
[New] Epoch 574/1000 | classify: 2.3811 | voltage: 1.2556 | conc: 0.0009 | rule: 242.9688 | group: 1.8191 | tree: 5.3517 | total: 2.5699
[New] Epoch 575/1000 | classify: 2.3168 | voltage: 1.2926 | conc: 0.0005 | rule: 207.1892 | group: 1.7518 | tree: 5.2173 | total: 2.4891
[New] Epoch 576/1000 | classify: 2.3911 | voltage: 1.2584 | conc: 0.0005 | rule: 229.8073 | group: 1.7415 | tree: 5.2156 | total: 2.5730
[New] Epoch 577/1000 | classify: 2.3154 | voltage: 1.2486 | conc: 0.0010 | rule: 223.7572 | group: 1.8235 | tree: 5.2032 | total: 2.4942
[New] Epoch 578/1000 | classify: 2.5032 | voltage: 1.2995 | conc: 0.0007 | rule: 215.1057 | group: 1.7913 | tree: 5.2561 | total: 2.6799
[New] Epoch 579/1000 | classify: 2.3060 | voltage: 1.2836 | conc: 0.0007 | rule: 218.2703 | group: 1.7608 | tree: 5.0699 | total: 2.4835
[New] Epoch 580/1000 | classify: 2.4484 | voltage: 1.2849 | conc: 0.0006 | rule: 220.4493 | group: 1.7355 | tree: 4.8486 | total: 2.6268
--- 验证集 [epoch 580] ---
  准确率 (Accuracy):  0.7534
  精确率 (Precision): 0.7003
  召回率 (Recall):    0.6039
  F1 分数 (F1):       0.6183
[New] Epoch 581/1000 | classify: 2.3249 | voltage: 1.2548 | conc: 0.0009 | rule: 241.4550 | group: 1.7524 | tree: 5.0490 | total: 2.5127
[New] Epoch 582/1000 | classify: 2.2651 | voltage: 1.3066 | conc: 0.0007 | rule: 220.3001 | group: 1.7539 | tree: 5.1084 | total: 2.4447
[New] Epoch 583/1000 | classify: 2.4295 | voltage: 1.2858 | conc: 0.0005 | rule: 238.5425 | group: 1.7249 | tree: 5.1241 | total: 2.6170
[New] Epoch 584/1000 | classify: 2.4676 | voltage: 1.2797 | conc: 0.0009 | rule: 229.9653 | group: 1.8078 | tree: 5.4379 | total: 2.6511
[New] Epoch 585/1000 | classify: 2.3493 | voltage: 1.2763 | conc: 0.0008 | rule: 234.4282 | group: 1.7205 | tree: 5.1168 | total: 2.5346
[New] Epoch 586/1000 | classify: 2.3052 | voltage: 1.2913 | conc: 0.0007 | rule: 217.2267 | group: 1.7526 | tree: 4.9468 | total: 2.4824
[New] Epoch 587/1000 | classify: 2.3700 | voltage: 1.2649 | conc: 0.0009 | rule: 246.2032 | group: 1.7572 | tree: 5.1160 | total: 2.5606
[New] Epoch 588/1000 | classify: 2.2910 | voltage: 1.3055 | conc: 0.0006 | rule: 213.8976 | group: 1.7382 | tree: 4.8633 | total: 2.4671
[New] Epoch 589/1000 | classify: 2.5905 | voltage: 1.3130 | conc: 0.0010 | rule: 219.5897 | group: 1.8100 | tree: 5.3228 | total: 2.7705
[New] Epoch 590/1000 | classify: 2.3405 | voltage: 1.2690 | conc: 0.0006 | rule: 227.7543 | group: 1.7135 | tree: 4.9687 | total: 2.5218
--- 验证集 [epoch 590] ---
  准确率 (Accuracy):  0.7397
  精确率 (Precision): 0.6953
  召回率 (Recall):    0.6035
  F1 分数 (F1):       0.6039
[New] Epoch 591/1000 | classify: 2.4292 | voltage: 1.3162 | conc: 0.0005 | rule: 229.7174 | group: 1.7584 | tree: 5.1402 | total: 2.6138
[New] Epoch 592/1000 | classify: 2.2485 | voltage: 1.2557 | conc: 0.0004 | rule: 239.3231 | group: 1.6666 | tree: 4.9905 | total: 2.4347
[New] Epoch 593/1000 | classify: 2.4503 | voltage: 1.2970 | conc: 0.0006 | rule: 226.5884 | group: 1.8028 | tree: 5.2344 | total: 2.6325
[New] Epoch 594/1000 | classify: 2.4954 | voltage: 1.3205 | conc: 0.0006 | rule: 233.8729 | group: 1.8084 | tree: 5.0909 | total: 2.6824
[New] Epoch 595/1000 | classify: 2.3276 | voltage: 1.3329 | conc: 0.0008 | rule: 224.4950 | group: 1.7876 | tree: 5.1982 | total: 2.5108
[New] Epoch 596/1000 | classify: 2.4027 | voltage: 1.3083 | conc: 0.0012 | rule: 222.6854 | group: 1.8520 | tree: 5.3378 | total: 2.5843
[New] Epoch 597/1000 | classify: 2.3362 | voltage: 1.3349 | conc: 0.0005 | rule: 202.9644 | group: 1.7718 | tree: 5.3299 | total: 2.5085
[New] Epoch 598/1000 | classify: 2.4116 | voltage: 1.2940 | conc: 0.0006 | rule: 234.9370 | group: 1.7711 | tree: 5.0467 | total: 2.5977
[New] Epoch 599/1000 | classify: 2.1974 | voltage: 1.3094 | conc: 0.0007 | rule: 217.1472 | group: 1.6691 | tree: 4.8552 | total: 2.3754
[New] Epoch 600/1000 | classify: 2.1754 | voltage: 1.3368 | conc: 0.0008 | rule: 213.2307 | group: 1.7374 | tree: 4.9646 | total: 2.3530
--- 验证集 [epoch 600] ---
  准确率 (Accuracy):  0.7123
  精确率 (Precision): 0.5717
  召回率 (Recall):    0.5138
  F1 分数 (F1):       0.4888
✅ 模型已保存到 /home/kudouzala/Application/ion_detect/output/trained_model_save/exp_new_h/trained_model_epoch_600.pth
📁 损失值已保存到 /home/kudouzala/Application/ion_detect/output/trained_model_save/exp_new_h/training_loss_epoch_600.csv
[New] Epoch 601/1000 | classify: 2.4315 | voltage: 1.3281 | conc: 0.0011 | rule: 215.0929 | group: 1.7829 | tree: 5.4158 | total: 2.6101
[New] Epoch 602/1000 | classify: 2.4492 | voltage: 1.3293 | conc: 0.0006 | rule: 228.7622 | group: 1.7819 | tree: 5.1403 | total: 2.6341
[New] Epoch 603/1000 | classify: 2.2189 | voltage: 1.3093 | conc: 0.0009 | rule: 218.5951 | group: 1.7783 | tree: 5.3998 | total: 2.3981
[New] Epoch 604/1000 | classify: 2.5049 | voltage: 1.2735 | conc: 0.0009 | rule: 236.4134 | group: 1.7977 | tree: 5.1730 | total: 2.6912
[New] Epoch 605/1000 | classify: 2.5695 | voltage: 1.3423 | conc: 0.0005 | rule: 233.0123 | group: 1.7416 | tree: 5.0601 | total: 2.7570
[New] Epoch 606/1000 | classify: 2.3762 | voltage: 1.3246 | conc: 0.0005 | rule: 217.7889 | group: 1.6826 | tree: 4.9811 | total: 2.5552
[New] Epoch 607/1000 | classify: 2.2847 | voltage: 1.3414 | conc: 0.0005 | rule: 239.1479 | group: 1.6873 | tree: 4.9849 | total: 2.4751
[New] Epoch 608/1000 | classify: 2.3094 | voltage: 1.3260 | conc: 0.0009 | rule: 225.4160 | group: 1.7967 | tree: 4.9403 | total: 2.4927
[New] Epoch 609/1000 | classify: 2.3389 | voltage: 1.3508 | conc: 0.0007 | rule: 234.5668 | group: 1.7650 | tree: 5.2195 | total: 2.5279
[New] Epoch 610/1000 | classify: 2.4499 | voltage: 1.3444 | conc: 0.0008 | rule: 224.4091 | group: 1.8696 | tree: 5.2952 | total: 2.6337
--- 验证集 [epoch 610] ---
  准确率 (Accuracy):  0.7260
  精确率 (Precision): 0.5938
  召回率 (Recall):    0.5590
  F1 分数 (F1):       0.5371
[New] Epoch 611/1000 | classify: 2.4352 | voltage: 1.3563 | conc: 0.0007 | rule: 234.8332 | group: 1.8159 | tree: 5.4961 | total: 2.6248
[New] Epoch 612/1000 | classify: 2.2166 | voltage: 1.3617 | conc: 0.0009 | rule: 211.2800 | group: 1.7782 | tree: 5.0212 | total: 2.3946
[New] Epoch 613/1000 | classify: 2.3898 | voltage: 1.3534 | conc: 0.0007 | rule: 231.8029 | group: 1.7322 | tree: 5.3714 | total: 2.5776
[New] Epoch 614/1000 | classify: 2.5726 | voltage: 1.3728 | conc: 0.0009 | rule: 215.8850 | group: 1.8406 | tree: 5.3179 | total: 2.7537
[New] Epoch 615/1000 | classify: 2.2257 | voltage: 1.3707 | conc: 0.0008 | rule: 206.0767 | group: 1.6934 | tree: 4.6429 | total: 2.4013
[New] Epoch 616/1000 | classify: 2.4549 | voltage: 1.3594 | conc: 0.0005 | rule: 232.2350 | group: 1.7611 | tree: 5.0903 | total: 2.6429
[New] Epoch 617/1000 | classify: 2.4314 | voltage: 1.3525 | conc: 0.0010 | rule: 210.4435 | group: 1.8338 | tree: 5.1470 | total: 2.6087
[New] Epoch 618/1000 | classify: 2.4929 | voltage: 1.3538 | conc: 0.0009 | rule: 222.5483 | group: 1.7970 | tree: 5.4663 | total: 2.6764
[New] Epoch 619/1000 | classify: 2.5447 | voltage: 1.3561 | conc: 0.0010 | rule: 225.8197 | group: 1.8685 | tree: 5.4388 | total: 2.7301
[New] Epoch 620/1000 | classify: 2.3567 | voltage: 1.3585 | conc: 0.0005 | rule: 226.7821 | group: 1.7532 | tree: 5.1085 | total: 2.5420
--- 验证集 [epoch 620] ---
  准确率 (Accuracy):  0.7192
  精确率 (Precision): 0.7198
  召回率 (Recall):    0.5425
  F1 分数 (F1):       0.5438
[New] Epoch 621/1000 | classify: 2.2366 | voltage: 1.3958 | conc: 0.0007 | rule: 201.8493 | group: 1.7490 | tree: 5.1865 | total: 2.4115
[New] Epoch 622/1000 | classify: 2.4875 | voltage: 1.3667 | conc: 0.0008 | rule: 230.8587 | group: 1.7796 | tree: 5.2272 | total: 2.6756
[New] Epoch 623/1000 | classify: 2.3819 | voltage: 1.3555 | conc: 0.0009 | rule: 221.7888 | group: 1.7564 | tree: 5.1072 | total: 2.5648
[New] Epoch 624/1000 | classify: 2.2455 | voltage: 1.3673 | conc: 0.0006 | rule: 229.8112 | group: 1.7012 | tree: 4.9550 | total: 2.4328
[New] Epoch 625/1000 | classify: 2.4163 | voltage: 1.3670 | conc: 0.0008 | rule: 228.5985 | group: 1.8231 | tree: 5.1126 | total: 2.6032
[New] Epoch 626/1000 | classify: 2.4653 | voltage: 1.3851 | conc: 0.0011 | rule: 217.8821 | group: 1.8072 | tree: 5.3350 | total: 2.6481
[New] Epoch 627/1000 | classify: 2.4198 | voltage: 1.3912 | conc: 0.0009 | rule: 221.4175 | group: 1.7541 | tree: 5.0172 | total: 2.6043
[New] Epoch 628/1000 | classify: 2.3031 | voltage: 1.3539 | conc: 0.0012 | rule: 217.4818 | group: 1.8630 | tree: 5.5190 | total: 2.4844
[New] Epoch 629/1000 | classify: 2.2968 | voltage: 1.3516 | conc: 0.0009 | rule: 243.1574 | group: 1.7692 | tree: 5.3299 | total: 2.4904
[New] Epoch 630/1000 | classify: 2.4705 | voltage: 1.3534 | conc: 0.0006 | rule: 219.7412 | group: 1.7812 | tree: 5.4838 | total: 2.6523
--- 验证集 [epoch 630] ---
  准确率 (Accuracy):  0.7123
  精确率 (Precision): 0.5958
  召回率 (Recall):    0.5276
  F1 分数 (F1):       0.5359
[New] Epoch 631/1000 | classify: 2.2196 | voltage: 1.3699 | conc: 0.0007 | rule: 221.7147 | group: 1.6817 | tree: 4.8991 | total: 2.4030
[New] Epoch 632/1000 | classify: 2.4505 | voltage: 1.3656 | conc: 0.0010 | rule: 219.6484 | group: 1.8772 | tree: 5.4188 | total: 2.6333
[New] Epoch 633/1000 | classify: 2.2220 | voltage: 1.3670 | conc: 0.0007 | rule: 227.6698 | group: 1.7527 | tree: 4.9728 | total: 2.4083
[New] Epoch 634/1000 | classify: 2.4123 | voltage: 1.3521 | conc: 0.0010 | rule: 245.9017 | group: 1.7918 | tree: 5.4892 | total: 2.6075
[New] Epoch 635/1000 | classify: 2.3772 | voltage: 1.3458 | conc: 0.0006 | rule: 242.9901 | group: 1.7416 | tree: 5.1173 | total: 2.5700
[New] Epoch 636/1000 | classify: 2.3846 | voltage: 1.3720 | conc: 0.0006 | rule: 230.3969 | group: 1.7669 | tree: 5.1415 | total: 2.5724
[New] Epoch 637/1000 | classify: 2.4040 | voltage: 1.3627 | conc: 0.0009 | rule: 240.9989 | group: 1.8093 | tree: 5.2846 | total: 2.5971
[New] Epoch 638/1000 | classify: 2.5045 | voltage: 1.3907 | conc: 0.0011 | rule: 228.6823 | group: 1.8752 | tree: 5.4352 | total: 2.6931
[New] Epoch 639/1000 | classify: 2.2198 | voltage: 1.4064 | conc: 0.0004 | rule: 222.4245 | group: 1.6723 | tree: 4.9551 | total: 2.4051
[New] Epoch 640/1000 | classify: 2.6082 | voltage: 1.3516 | conc: 0.0010 | rule: 239.1902 | group: 1.8513 | tree: 5.3431 | total: 2.8000
--- 验证集 [epoch 640] ---
  准确率 (Accuracy):  0.6438
  精确率 (Precision): 0.6035
  召回率 (Recall):    0.5160
  F1 分数 (F1):       0.4819
[New] Epoch 641/1000 | classify: 2.3592 | voltage: 1.3741 | conc: 0.0009 | rule: 222.7889 | group: 1.7991 | tree: 4.9821 | total: 2.5436
[New] Epoch 642/1000 | classify: 2.4129 | voltage: 1.3836 | conc: 0.0006 | rule: 224.3307 | group: 1.7552 | tree: 5.2393 | total: 2.5984
[New] Epoch 643/1000 | classify: 2.4302 | voltage: 1.3371 | conc: 0.0007 | rule: 232.3100 | group: 1.7286 | tree: 5.1432 | total: 2.6174
[New] Epoch 644/1000 | classify: 2.2378 | voltage: 1.3945 | conc: 0.0006 | rule: 213.1109 | group: 1.6709 | tree: 4.8290 | total: 2.4179
[New] Epoch 645/1000 | classify: 2.4024 | voltage: 1.3705 | conc: 0.0007 | rule: 226.7406 | group: 1.7804 | tree: 5.3663 | total: 2.5885
[New] Epoch 646/1000 | classify: 2.2917 | voltage: 1.4010 | conc: 0.0004 | rule: 203.1208 | group: 1.6924 | tree: 4.7008 | total: 2.4669
[New] Epoch 647/1000 | classify: 2.2687 | voltage: 1.3770 | conc: 0.0010 | rule: 235.0762 | group: 1.7329 | tree: 5.1205 | total: 2.4595
[New] Epoch 648/1000 | classify: 2.3977 | voltage: 1.4010 | conc: 0.0007 | rule: 207.8569 | group: 1.8486 | tree: 5.4936 | total: 2.5761
[New] Epoch 649/1000 | classify: 2.3402 | voltage: 1.3867 | conc: 0.0008 | rule: 229.5621 | group: 1.8088 | tree: 5.1709 | total: 2.5287
[New] Epoch 650/1000 | classify: 2.3903 | voltage: 1.4277 | conc: 0.0008 | rule: 210.2150 | group: 1.8286 | tree: 5.5053 | total: 2.5712
--- 验证集 [epoch 650] ---
  准确率 (Accuracy):  0.7260
  精确率 (Precision): 0.7231
  召回率 (Recall):    0.5536
  F1 分数 (F1):       0.5646
✅ 模型已保存到 /home/kudouzala/Application/ion_detect/output/trained_model_save/exp_new_h/trained_model_epoch_650.pth
📁 损失值已保存到 /home/kudouzala/Application/ion_detect/output/trained_model_save/exp_new_h/training_loss_epoch_650.csv
[New] Epoch 651/1000 | classify: 2.4275 | voltage: 1.3989 | conc: 0.0008 | rule: 233.7570 | group: 1.8502 | tree: 5.3665 | total: 2.6187
[New] Epoch 652/1000 | classify: 2.4556 | voltage: 1.3761 | conc: 0.0008 | rule: 244.4936 | group: 1.7393 | tree: 5.0936 | total: 2.6509
[New] Epoch 653/1000 | classify: 2.3273 | voltage: 1.3833 | conc: 0.0007 | rule: 229.2105 | group: 1.7887 | tree: 5.2011 | total: 2.5153
[New] Epoch 654/1000 | classify: 2.3615 | voltage: 1.4074 | conc: 0.0005 | rule: 207.4770 | group: 1.7327 | tree: 4.8008 | total: 2.5394
[New] Epoch 655/1000 | classify: 2.3636 | voltage: 1.4091 | conc: 0.0009 | rule: 209.9628 | group: 1.7830 | tree: 5.3294 | total: 2.5435
[New] Epoch 656/1000 | classify: 2.4235 | voltage: 1.3936 | conc: 0.0009 | rule: 227.6765 | group: 1.8710 | tree: 5.2329 | total: 2.6115
[New] Epoch 657/1000 | classify: 2.1893 | voltage: 1.3832 | conc: 0.0008 | rule: 232.3868 | group: 1.7096 | tree: 5.2088 | total: 2.3789
[New] Epoch 658/1000 | classify: 2.3751 | voltage: 1.3861 | conc: 0.0007 | rule: 237.6370 | group: 1.7766 | tree: 5.2353 | total: 2.5675
[New] Epoch 659/1000 | classify: 2.2710 | voltage: 1.3748 | conc: 0.0009 | rule: 234.4862 | group: 1.7372 | tree: 5.0969 | total: 2.4613
[New] Epoch 660/1000 | classify: 2.4446 | voltage: 1.4363 | conc: 0.0009 | rule: 219.2677 | group: 1.8212 | tree: 5.4295 | total: 2.6306
--- 验证集 [epoch 660] ---
  准确率 (Accuracy):  0.6781
  精确率 (Precision): 0.6842
  召回率 (Recall):    0.4751
  F1 分数 (F1):       0.4646
[New] Epoch 661/1000 | classify: 2.4847 | voltage: 1.4067 | conc: 0.0008 | rule: 218.8210 | group: 1.8075 | tree: 5.1760 | total: 2.6687
[New] Epoch 662/1000 | classify: 2.4695 | voltage: 1.4085 | conc: 0.0009 | rule: 231.8130 | group: 1.7703 | tree: 5.1067 | total: 2.6602
[New] Epoch 663/1000 | classify: 2.4355 | voltage: 1.4242 | conc: 0.0008 | rule: 213.4236 | group: 1.8575 | tree: 5.4640 | total: 2.6179
[New] Epoch 664/1000 | classify: 2.2827 | voltage: 1.4307 | conc: 0.0005 | rule: 207.7179 | group: 1.7126 | tree: 5.2105 | total: 2.4620
[New] Epoch 665/1000 | classify: 2.4664 | voltage: 1.3954 | conc: 0.0004 | rule: 242.1227 | group: 1.7602 | tree: 5.0959 | total: 2.6611
[New] Epoch 666/1000 | classify: 2.3496 | voltage: 1.4090 | conc: 0.0010 | rule: 226.7815 | group: 1.7601 | tree: 5.3261 | total: 2.5380
[New] Epoch 667/1000 | classify: 2.2887 | voltage: 1.4238 | conc: 0.0008 | rule: 215.7090 | group: 1.7645 | tree: 5.2271 | total: 2.4720
[New] Epoch 668/1000 | classify: 2.4174 | voltage: 1.4001 | conc: 0.0009 | rule: 237.3992 | group: 1.8423 | tree: 5.2217 | total: 2.6106
[New] Epoch 669/1000 | classify: 2.2630 | voltage: 1.4325 | conc: 0.0006 | rule: 221.8108 | group: 1.7771 | tree: 5.2662 | total: 2.4497
[New] Epoch 670/1000 | classify: 2.6493 | voltage: 1.4272 | conc: 0.0007 | rule: 212.4445 | group: 1.8591 | tree: 5.2785 | total: 2.8312
--- 验证集 [epoch 670] ---
  准确率 (Accuracy):  0.6781
  精确率 (Precision): 0.4157
  召回率 (Recall):    0.4621
  F1 分数 (F1):       0.4216
[New] Epoch 671/1000 | classify: 2.4840 | voltage: 1.4300 | conc: 0.0008 | rule: 215.0993 | group: 1.7617 | tree: 5.2961 | total: 2.6674
[New] Epoch 672/1000 | classify: 2.3668 | voltage: 1.4207 | conc: 0.0006 | rule: 239.7972 | group: 1.7870 | tree: 5.3701 | total: 2.5619
[New] Epoch 673/1000 | classify: 2.0809 | voltage: 1.4254 | conc: 0.0006 | rule: 196.3646 | group: 1.6532 | tree: 4.8829 | total: 2.2543
[New] Epoch 674/1000 | classify: 2.6529 | voltage: 1.4273 | conc: 0.0007 | rule: 243.1425 | group: 1.8118 | tree: 5.2172 | total: 2.8500
[New] Epoch 675/1000 | classify: 2.4537 | voltage: 1.4267 | conc: 0.0010 | rule: 226.1221 | group: 1.7636 | tree: 5.1571 | total: 2.6425
[New] Epoch 676/1000 | classify: 2.3749 | voltage: 1.4593 | conc: 0.0007 | rule: 208.2097 | group: 1.7082 | tree: 5.0233 | total: 2.5560
[New] Epoch 677/1000 | classify: 2.5049 | voltage: 1.4522 | conc: 0.0007 | rule: 220.0309 | group: 1.8486 | tree: 5.5885 | total: 2.6920
[New] Epoch 678/1000 | classify: 2.3024 | voltage: 1.4324 | conc: 0.0004 | rule: 231.4345 | group: 1.6881 | tree: 4.9757 | total: 2.4935
[New] Epoch 679/1000 | classify: 2.2444 | voltage: 1.4560 | conc: 0.0008 | rule: 199.6893 | group: 1.7377 | tree: 5.1576 | total: 2.4212
[New] Epoch 680/1000 | classify: 2.1288 | voltage: 1.4578 | conc: 0.0004 | rule: 223.0692 | group: 1.6921 | tree: 4.6379 | total: 2.3168
--- 验证集 [epoch 680] ---
  准确率 (Accuracy):  0.7260
  精确率 (Precision): 0.5857
  召回率 (Recall):    0.5427
  F1 分数 (F1):       0.5425
[New] Epoch 681/1000 | classify: 2.2942 | voltage: 1.4514 | conc: 0.0005 | rule: 207.2945 | group: 1.7694 | tree: 5.0825 | total: 2.4743
[New] Epoch 682/1000 | classify: 2.3972 | voltage: 1.4416 | conc: 0.0008 | rule: 234.2475 | group: 1.7581 | tree: 5.0799 | total: 2.5906
[New] Epoch 683/1000 | classify: 2.4677 | voltage: 1.4716 | conc: 0.0009 | rule: 228.3292 | group: 1.7878 | tree: 5.3205 | total: 2.6599
[New] Epoch 684/1000 | classify: 2.4303 | voltage: 1.4490 | conc: 0.0009 | rule: 224.4779 | group: 1.7931 | tree: 5.3577 | total: 2.6195
[New] Epoch 685/1000 | classify: 2.3417 | voltage: 1.4596 | conc: 0.0009 | rule: 235.7324 | group: 1.8129 | tree: 5.1324 | total: 2.5369
[New] Epoch 686/1000 | classify: 2.3825 | voltage: 1.4842 | conc: 0.0005 | rule: 228.3209 | group: 1.7400 | tree: 4.9021 | total: 2.5747
[New] Epoch 687/1000 | classify: 2.5057 | voltage: 1.4416 | conc: 0.0007 | rule: 228.1703 | group: 1.7603 | tree: 5.3225 | total: 2.6961
[New] Epoch 688/1000 | classify: 2.3591 | voltage: 1.4428 | conc: 0.0006 | rule: 237.4143 | group: 1.7025 | tree: 4.8605 | total: 2.5538
[New] Epoch 689/1000 | classify: 2.4394 | voltage: 1.4522 | conc: 0.0010 | rule: 227.9145 | group: 1.8464 | tree: 5.2712 | total: 2.6306
[New] Epoch 690/1000 | classify: 2.2569 | voltage: 1.4354 | conc: 0.0008 | rule: 237.4001 | group: 1.8067 | tree: 5.3643 | total: 2.4518
--- 验证集 [epoch 690] ---
  准确率 (Accuracy):  0.6918
  精确率 (Precision): 0.5444
  召回率 (Recall):    0.4978
  F1 分数 (F1):       0.4738
[New] Epoch 691/1000 | classify: 2.3519 | voltage: 1.4600 | conc: 0.0006 | rule: 224.6836 | group: 1.7519 | tree: 5.0152 | total: 2.5413
[New] Epoch 692/1000 | classify: 2.3718 | voltage: 1.4148 | conc: 0.0007 | rule: 252.8092 | group: 1.6760 | tree: 5.0683 | total: 2.5730
[New] Epoch 693/1000 | classify: 2.3604 | voltage: 1.4598 | conc: 0.0007 | rule: 244.6077 | group: 1.7769 | tree: 5.1429 | total: 2.5599
[New] Epoch 694/1000 | classify: 2.3222 | voltage: 1.4841 | conc: 0.0006 | rule: 215.4589 | group: 1.8420 | tree: 5.1728 | total: 2.5083
[New] Epoch 695/1000 | classify: 2.3237 | voltage: 1.4595 | conc: 0.0006 | rule: 236.3084 | group: 1.7144 | tree: 4.9944 | total: 2.5188
[New] Epoch 696/1000 | classify: 2.2707 | voltage: 1.4584 | conc: 0.0007 | rule: 239.4359 | group: 1.7353 | tree: 5.0163 | total: 2.4674
[New] Epoch 697/1000 | classify: 2.5290 | voltage: 1.4566 | conc: 0.0010 | rule: 234.8453 | group: 1.8164 | tree: 5.4208 | total: 2.7239
[New] Epoch 698/1000 | classify: 2.3701 | voltage: 1.4673 | conc: 0.0009 | rule: 236.4494 | group: 1.8322 | tree: 5.4743 | total: 2.5662
[New] Epoch 699/1000 | classify: 2.4237 | voltage: 1.4581 | conc: 0.0008 | rule: 229.6577 | group: 1.7557 | tree: 5.0853 | total: 2.6156
[New] Epoch 700/1000 | classify: 2.5116 | voltage: 1.4894 | conc: 0.0008 | rule: 231.9626 | group: 1.7925 | tree: 5.3259 | total: 2.7065
--- 验证集 [epoch 700] ---
  准确率 (Accuracy):  0.7192
  精确率 (Precision): 0.5067
  召回率 (Recall):    0.5301
  F1 分数 (F1):       0.5019
✅ 模型已保存到 /home/kudouzala/Application/ion_detect/output/trained_model_save/exp_new_h/trained_model_epoch_700.pth
📁 损失值已保存到 /home/kudouzala/Application/ion_detect/output/trained_model_save/exp_new_h/training_loss_epoch_700.csv
[New] Epoch 701/1000 | classify: 2.3804 | voltage: 1.4883 | conc: 0.0005 | rule: 222.4930 | group: 1.7795 | tree: 5.0519 | total: 2.5700
[New] Epoch 702/1000 | classify: 2.0813 | voltage: 1.4351 | conc: 0.0007 | rule: 240.2501 | group: 1.6862 | tree: 4.9866 | total: 2.2772
[New] Epoch 703/1000 | classify: 2.4346 | voltage: 1.4579 | conc: 0.0007 | rule: 231.3417 | group: 1.7343 | tree: 5.1376 | total: 2.6273
[New] Epoch 704/1000 | classify: 2.3330 | voltage: 1.4607 | conc: 0.0008 | rule: 233.4265 | group: 1.7690 | tree: 5.2039 | total: 2.5270
[New] Epoch 705/1000 | classify: 2.3336 | voltage: 1.4611 | conc: 0.0007 | rule: 223.0629 | group: 1.7865 | tree: 5.2735 | total: 2.5224
[New] Epoch 706/1000 | classify: 2.4944 | voltage: 1.4339 | conc: 0.0009 | rule: 248.4032 | group: 1.8044 | tree: 5.2584 | total: 2.6947
[New] Epoch 707/1000 | classify: 2.4266 | voltage: 1.4460 | conc: 0.0007 | rule: 237.2245 | group: 1.7586 | tree: 5.3588 | total: 2.6218
[New] Epoch 708/1000 | classify: 2.4473 | voltage: 1.4812 | conc: 0.0008 | rule: 215.8411 | group: 1.7898 | tree: 5.1822 | total: 2.6335
[New] Epoch 709/1000 | classify: 2.3435 | voltage: 1.4848 | conc: 0.0007 | rule: 226.9005 | group: 1.7471 | tree: 5.2201 | total: 2.5354
[New] Epoch 710/1000 | classify: 2.3564 | voltage: 1.4839 | conc: 0.0007 | rule: 244.9434 | group: 1.7178 | tree: 5.0796 | total: 2.5572
--- 验证集 [epoch 710] ---
  准确率 (Accuracy):  0.7055
  精确率 (Precision): 0.5701
  召回率 (Recall):    0.5690
  F1 分数 (F1):       0.5449
[New] Epoch 711/1000 | classify: 2.5301 | voltage: 1.4612 | conc: 0.0007 | rule: 255.1894 | group: 1.7451 | tree: 5.1769 | total: 2.7349
[New] Epoch 712/1000 | classify: 2.3121 | voltage: 1.5212 | conc: 0.0006 | rule: 217.5445 | group: 1.7974 | tree: 5.1201 | total: 2.5009
[New] Epoch 713/1000 | classify: 2.3503 | voltage: 1.4970 | conc: 0.0011 | rule: 218.7019 | group: 1.8443 | tree: 5.4906 | total: 2.5393
[New] Epoch 714/1000 | classify: 2.4272 | voltage: 1.4228 | conc: 0.0007 | rule: 248.5399 | group: 1.7730 | tree: 5.0616 | total: 2.6267
[New] Epoch 715/1000 | classify: 2.2862 | voltage: 1.4857 | conc: 0.0006 | rule: 212.7444 | group: 1.7124 | tree: 4.9320 | total: 2.4707
[New] Epoch 716/1000 | classify: 2.3888 | voltage: 1.5044 | conc: 0.0007 | rule: 227.5378 | group: 1.7605 | tree: 5.2701 | total: 2.5819
[New] Epoch 717/1000 | classify: 2.5463 | voltage: 1.4818 | conc: 0.0008 | rule: 241.8318 | group: 1.7972 | tree: 5.2183 | total: 2.7456
[New] Epoch 718/1000 | classify: 2.3424 | voltage: 1.4907 | conc: 0.0007 | rule: 242.7678 | group: 1.7573 | tree: 5.4081 | total: 2.5426
[New] Epoch 719/1000 | classify: 2.3938 | voltage: 1.4921 | conc: 0.0009 | rule: 234.3808 | group: 1.8589 | tree: 5.3487 | total: 2.5901
[New] Epoch 720/1000 | classify: 2.4186 | voltage: 1.5081 | conc: 0.0009 | rule: 207.7758 | group: 1.7595 | tree: 5.0224 | total: 2.6022
--- 验证集 [epoch 720] ---
  准确率 (Accuracy):  0.7260
  精确率 (Precision): 0.7079
  召回率 (Recall):    0.5463
  F1 分数 (F1):       0.5443
[New] Epoch 721/1000 | classify: 2.4035 | voltage: 1.5024 | conc: 0.0007 | rule: 219.2211 | group: 1.8264 | tree: 5.3324 | total: 2.5925
[New] Epoch 722/1000 | classify: 2.2935 | voltage: 1.5763 | conc: 0.0005 | rule: 192.9429 | group: 1.7764 | tree: 5.0353 | total: 2.4727
[New] Epoch 723/1000 | classify: 2.2579 | voltage: 1.4948 | conc: 0.0005 | rule: 238.9509 | group: 1.6953 | tree: 5.1351 | total: 2.4561
[New] Epoch 724/1000 | classify: 2.3575 | voltage: 1.4899 | conc: 0.0008 | rule: 239.7321 | group: 1.7921 | tree: 5.3887 | total: 2.5563
[New] Epoch 725/1000 | classify: 2.2202 | voltage: 1.5091 | conc: 0.0005 | rule: 245.8887 | group: 1.7360 | tree: 5.0955 | total: 2.4225
[New] Epoch 726/1000 | classify: 2.3322 | voltage: 1.4940 | conc: 0.0008 | rule: 242.4564 | group: 1.7610 | tree: 4.9639 | total: 2.5323
[New] Epoch 727/1000 | classify: 2.2463 | voltage: 1.5051 | conc: 0.0007 | rule: 231.1798 | group: 1.8156 | tree: 5.1958 | total: 2.4414
[New] Epoch 728/1000 | classify: 2.2905 | voltage: 1.5345 | conc: 0.0009 | rule: 205.0712 | group: 1.7611 | tree: 5.0846 | total: 2.4742
[New] Epoch 729/1000 | classify: 2.3795 | voltage: 1.5247 | conc: 0.0003 | rule: 224.2428 | group: 1.6774 | tree: 4.7181 | total: 2.5714
[New] Epoch 730/1000 | classify: 2.3482 | voltage: 1.4804 | conc: 0.0005 | rule: 250.3166 | group: 1.7415 | tree: 5.2252 | total: 2.5513
--- 验证集 [epoch 730] ---
  准确率 (Accuracy):  0.7260
  精确率 (Precision): 0.7124
  召回率 (Recall):    0.5493
  F1 分数 (F1):       0.5437
[New] Epoch 731/1000 | classify: 2.2790 | voltage: 1.5404 | conc: 0.0006 | rule: 222.4492 | group: 1.7022 | tree: 4.8930 | total: 2.4712
[New] Epoch 732/1000 | classify: 2.3186 | voltage: 1.5163 | conc: 0.0007 | rule: 220.8953 | group: 1.7864 | tree: 5.0772 | total: 2.5090
[New] Epoch 733/1000 | classify: 2.1737 | voltage: 1.5142 | conc: 0.0008 | rule: 230.7956 | group: 1.8141 | tree: 5.2323 | total: 2.3691
[New] Epoch 734/1000 | classify: 2.2342 | voltage: 1.4813 | conc: 0.0006 | rule: 256.1175 | group: 1.7463 | tree: 5.1748 | total: 2.4404
[New] Epoch 735/1000 | classify: 2.2874 | voltage: 1.5138 | conc: 0.0013 | rule: 233.2574 | group: 1.7864 | tree: 5.2519 | total: 2.4845
[New] Epoch 736/1000 | classify: 2.4468 | voltage: 1.5013 | conc: 0.0007 | rule: 237.9209 | group: 1.8032 | tree: 5.0644 | total: 2.6449
[New] Epoch 737/1000 | classify: 2.3725 | voltage: 1.5286 | conc: 0.0007 | rule: 224.8176 | group: 1.7821 | tree: 5.2694 | total: 2.5656
[New] Epoch 738/1000 | classify: 2.1917 | voltage: 1.5481 | conc: 0.0006 | rule: 231.7544 | group: 1.7242 | tree: 5.0056 | total: 2.3889
[New] Epoch 739/1000 | classify: 2.1957 | voltage: 1.5120 | conc: 0.0004 | rule: 218.1560 | group: 1.6731 | tree: 4.9056 | total: 2.3841
[New] Epoch 740/1000 | classify: 2.4713 | voltage: 1.5119 | conc: 0.0009 | rule: 245.3017 | group: 1.8697 | tree: 5.2765 | total: 2.6740
--- 验证集 [epoch 740] ---
  准确率 (Accuracy):  0.7192
  精确率 (Precision): 0.5712
  召回率 (Recall):    0.5352
  F1 分数 (F1):       0.5272
[New] Epoch 741/1000 | classify: 2.2667 | voltage: 1.5255 | conc: 0.0011 | rule: 229.3416 | group: 1.8103 | tree: 5.1231 | total: 2.4622
[New] Epoch 742/1000 | classify: 2.1426 | voltage: 1.5563 | conc: 0.0007 | rule: 200.3814 | group: 1.7595 | tree: 5.1040 | total: 2.3248
[New] Epoch 743/1000 | classify: 2.4547 | voltage: 1.5054 | conc: 0.0007 | rule: 232.5495 | group: 1.7671 | tree: 5.4226 | total: 2.6505
[New] Epoch 744/1000 | classify: 2.3237 | voltage: 1.5417 | conc: 0.0008 | rule: 211.5637 | group: 1.7871 | tree: 5.3222 | total: 2.5110
[New] Epoch 745/1000 | classify: 2.2722 | voltage: 1.5390 | conc: 0.0007 | rule: 219.1087 | group: 1.7967 | tree: 5.0892 | total: 2.4629
[New] Epoch 746/1000 | classify: 2.2996 | voltage: 1.5333 | conc: 0.0006 | rule: 226.0664 | group: 1.7313 | tree: 5.0659 | total: 2.4934
[New] Epoch 747/1000 | classify: 2.6186 | voltage: 1.5456 | conc: 0.0008 | rule: 225.7178 | group: 1.8597 | tree: 5.3345 | total: 2.8131
[New] Epoch 748/1000 | classify: 2.3092 | voltage: 1.5246 | conc: 0.0005 | rule: 233.5377 | group: 1.6880 | tree: 5.0819 | total: 2.5062
[New] Epoch 749/1000 | classify: 2.4381 | voltage: 1.5434 | conc: 0.0006 | rule: 231.3205 | group: 1.7863 | tree: 5.3693 | total: 2.6351
[New] Epoch 750/1000 | classify: 2.2873 | voltage: 1.5157 | conc: 0.0006 | rule: 237.8653 | group: 1.8286 | tree: 5.4275 | total: 2.4863
--- 验证集 [epoch 750] ---
  准确率 (Accuracy):  0.7260
  精确率 (Precision): 0.5131
  召回率 (Recall):    0.5539
  F1 分数 (F1):       0.5210
✅ 模型已保存到 /home/kudouzala/Application/ion_detect/output/trained_model_save/exp_new_h/trained_model_epoch_750.pth
📁 损失值已保存到 /home/kudouzala/Application/ion_detect/output/trained_model_save/exp_new_h/training_loss_epoch_750.csv
[New] Epoch 751/1000 | classify: 2.3916 | voltage: 1.5546 | conc: 0.0005 | rule: 218.2385 | group: 1.8024 | tree: 5.1978 | total: 2.5825
[New] Epoch 752/1000 | classify: 2.4358 | voltage: 1.6012 | conc: 0.0005 | rule: 212.5249 | group: 1.6920 | tree: 4.9368 | total: 2.6259
[New] Epoch 753/1000 | classify: 2.2572 | voltage: 1.4764 | conc: 0.0008 | rule: 237.1774 | group: 1.6447 | tree: 4.8577 | total: 2.4536
[New] Epoch 754/1000 | classify: 2.3786 | voltage: 1.5104 | conc: 0.0007 | rule: 232.9516 | group: 1.7473 | tree: 5.4117 | total: 2.5748
[New] Epoch 755/1000 | classify: 2.5352 | voltage: 1.5774 | conc: 0.0008 | rule: 203.8308 | group: 1.8687 | tree: 5.6654 | total: 2.7205
[New] Epoch 756/1000 | classify: 2.2140 | voltage: 1.5420 | conc: 0.0005 | rule: 222.2109 | group: 1.7070 | tree: 5.1704 | total: 2.4061
[New] Epoch 757/1000 | classify: 2.4434 | voltage: 1.5632 | conc: 0.0006 | rule: 228.2247 | group: 1.7671 | tree: 5.1568 | total: 2.6397
[New] Epoch 758/1000 | classify: 2.4477 | voltage: 1.5270 | conc: 0.0005 | rule: 236.9270 | group: 1.7496 | tree: 5.0967 | total: 2.6464
[New] Epoch 759/1000 | classify: 2.3194 | voltage: 1.5462 | conc: 0.0008 | rule: 213.7513 | group: 1.7855 | tree: 5.2196 | total: 2.5079
[New] Epoch 760/1000 | classify: 2.2091 | voltage: 1.5195 | conc: 0.0006 | rule: 237.0991 | group: 1.7542 | tree: 4.9068 | total: 2.4075
--- 验证集 [epoch 760] ---
  准确率 (Accuracy):  0.6575
  精确率 (Precision): 0.5313
  召回率 (Recall):    0.4383
  F1 分数 (F1):       0.4176
[New] Epoch 761/1000 | classify: 2.4285 | voltage: 1.5492 | conc: 0.0007 | rule: 221.7124 | group: 1.7468 | tree: 5.0086 | total: 2.6209
[New] Epoch 762/1000 | classify: 2.3509 | voltage: 1.5387 | conc: 0.0005 | rule: 219.8730 | group: 1.7731 | tree: 5.2130 | total: 2.5418
[New] Epoch 763/1000 | classify: 2.3450 | voltage: 1.5281 | conc: 0.0006 | rule: 237.0872 | group: 1.7640 | tree: 5.1094 | total: 2.5440
[New] Epoch 764/1000 | classify: 2.2803 | voltage: 1.5348 | conc: 0.0007 | rule: 232.9213 | group: 1.6882 | tree: 4.9148 | total: 2.4775
[New] Epoch 765/1000 | classify: 2.2847 | voltage: 1.5708 | conc: 0.0007 | rule: 224.6174 | group: 1.7427 | tree: 5.0735 | total: 2.4797
[New] Epoch 766/1000 | classify: 2.3628 | voltage: 1.5725 | conc: 0.0009 | rule: 226.6622 | group: 1.7676 | tree: 5.3558 | total: 2.5592
[New] Epoch 767/1000 | classify: 2.3316 | voltage: 1.5844 | conc: 0.0007 | rule: 210.5447 | group: 1.7583 | tree: 5.0477 | total: 2.5201
[New] Epoch 768/1000 | classify: 2.0409 | voltage: 1.5180 | conc: 0.0009 | rule: 227.1369 | group: 1.6264 | tree: 4.6327 | total: 2.2343
[New] Epoch 769/1000 | classify: 2.1714 | voltage: 1.5834 | conc: 0.0008 | rule: 198.9300 | group: 1.7303 | tree: 5.0685 | total: 2.3542
[New] Epoch 770/1000 | classify: 2.3468 | voltage: 1.5428 | conc: 0.0005 | rule: 228.6668 | group: 1.7636 | tree: 5.3734 | total: 2.5424
--- 验证集 [epoch 770] ---
  准确率 (Accuracy):  0.7260
  精确率 (Precision): 0.5987
  召回率 (Recall):    0.5274
  F1 分数 (F1):       0.5159
[New] Epoch 771/1000 | classify: 2.2589 | voltage: 1.5227 | conc: 0.0010 | rule: 228.0167 | group: 1.7717 | tree: 5.2452 | total: 2.4535
[New] Epoch 772/1000 | classify: 2.2609 | voltage: 1.5170 | conc: 0.0008 | rule: 250.7179 | group: 1.7428 | tree: 5.0818 | total: 2.4663
[New] Epoch 773/1000 | classify: 2.4223 | voltage: 1.5525 | conc: 0.0009 | rule: 237.4647 | group: 1.8207 | tree: 5.3863 | total: 2.6232
[New] Epoch 774/1000 | classify: 2.3348 | voltage: 1.5601 | conc: 0.0006 | rule: 219.4000 | group: 1.7607 | tree: 5.0593 | total: 2.5266
[New] Epoch 775/1000 | classify: 2.3873 | voltage: 1.5279 | conc: 0.0007 | rule: 257.9812 | group: 1.7983 | tree: 5.2884 | total: 2.5969
[New] Epoch 776/1000 | classify: 2.4318 | voltage: 1.5399 | conc: 0.0007 | rule: 245.9308 | group: 1.7454 | tree: 5.1543 | total: 2.6359
[New] Epoch 777/1000 | classify: 2.3289 | voltage: 1.5768 | conc: 0.0006 | rule: 226.6681 | group: 1.8043 | tree: 5.2600 | total: 2.5252
[New] Epoch 778/1000 | classify: 2.4345 | voltage: 1.5464 | conc: 0.0007 | rule: 247.2557 | group: 1.8945 | tree: 5.4826 | total: 2.6399
[New] Epoch 779/1000 | classify: 2.4176 | voltage: 1.5567 | conc: 0.0006 | rule: 229.6228 | group: 1.7782 | tree: 5.0967 | total: 2.6143
[New] Epoch 780/1000 | classify: 2.4869 | voltage: 1.5712 | conc: 0.0006 | rule: 242.7329 | group: 1.8348 | tree: 5.3395 | total: 2.6910
--- 验证集 [epoch 780] ---
  准确率 (Accuracy):  0.7329
  精确率 (Precision): 0.5194
  召回率 (Recall):    0.5658
  F1 分数 (F1):       0.5310
[New] Epoch 781/1000 | classify: 2.2298 | voltage: 1.6053 | conc: 0.0007 | rule: 232.0157 | group: 1.7905 | tree: 5.0098 | total: 2.4302
[New] Epoch 782/1000 | classify: 2.2970 | voltage: 1.5774 | conc: 0.0010 | rule: 205.8339 | group: 1.8197 | tree: 5.2027 | total: 2.4833
[New] Epoch 783/1000 | classify: 2.5568 | voltage: 1.5549 | conc: 0.0008 | rule: 224.4846 | group: 1.8224 | tree: 5.2266 | total: 2.7510
[New] Epoch 784/1000 | classify: 2.1812 | voltage: 1.5898 | conc: 0.0005 | rule: 213.9958 | group: 1.7331 | tree: 5.0365 | total: 2.3717
[New] Epoch 785/1000 | classify: 2.5245 | voltage: 1.5852 | conc: 0.0006 | rule: 242.0789 | group: 1.8176 | tree: 5.2736 | total: 2.7290
[New] Epoch 786/1000 | classify: 2.2303 | voltage: 1.5942 | conc: 0.0005 | rule: 225.3727 | group: 1.7470 | tree: 4.9353 | total: 2.4265
[New] Epoch 787/1000 | classify: 2.3412 | voltage: 1.5485 | conc: 0.0007 | rule: 234.0705 | group: 1.7727 | tree: 5.2825 | total: 2.5399
[New] Epoch 788/1000 | classify: 2.3223 | voltage: 1.5669 | conc: 0.0006 | rule: 218.5882 | group: 1.7347 | tree: 5.2250 | total: 2.5140
[New] Epoch 789/1000 | classify: 2.5036 | voltage: 1.5498 | conc: 0.0008 | rule: 236.1483 | group: 1.7711 | tree: 5.1243 | total: 2.7034
[New] Epoch 790/1000 | classify: 2.4375 | voltage: 1.5585 | conc: 0.0009 | rule: 211.2321 | group: 1.7999 | tree: 5.3308 | total: 2.6255
--- 验证集 [epoch 790] ---
  准确率 (Accuracy):  0.7260
  精确率 (Precision): 0.6144
  召回率 (Recall):    0.5946
  F1 分数 (F1):       0.5639
[New] Epoch 791/1000 | classify: 2.3516 | voltage: 1.5757 | conc: 0.0005 | rule: 226.0924 | group: 1.7636 | tree: 5.0814 | total: 2.5474
[New] Epoch 792/1000 | classify: 2.1988 | voltage: 1.5841 | conc: 0.0008 | rule: 224.9227 | group: 1.7449 | tree: 5.1176 | total: 2.3947
[New] Epoch 793/1000 | classify: 2.3094 | voltage: 1.5686 | conc: 0.0008 | rule: 229.1657 | group: 1.8120 | tree: 5.4110 | total: 2.5068
[New] Epoch 794/1000 | classify: 2.4221 | voltage: 1.5702 | conc: 0.0007 | rule: 228.7974 | group: 1.8600 | tree: 5.4624 | total: 2.6193
[New] Epoch 795/1000 | classify: 2.5019 | voltage: 1.5708 | conc: 0.0006 | rule: 225.0730 | group: 1.7972 | tree: 5.1204 | total: 2.6971
[New] Epoch 796/1000 | classify: 2.4716 | voltage: 1.5719 | conc: 0.0008 | rule: 223.9832 | group: 1.7528 | tree: 5.1333 | total: 2.6664
[New] Epoch 797/1000 | classify: 2.3585 | voltage: 1.6092 | conc: 0.0008 | rule: 209.9140 | group: 1.8122 | tree: 5.0790 | total: 2.5482
[New] Epoch 798/1000 | classify: 2.2486 | voltage: 1.5714 | conc: 0.0005 | rule: 236.2445 | group: 1.6992 | tree: 5.0307 | total: 2.4492
[New] Epoch 799/1000 | classify: 2.1692 | voltage: 1.5888 | conc: 0.0005 | rule: 203.0049 | group: 1.6668 | tree: 4.7747 | total: 2.3538
[New] Epoch 800/1000 | classify: 2.3710 | voltage: 1.5934 | conc: 0.0006 | rule: 214.0333 | group: 1.7117 | tree: 5.0617 | total: 2.5617
--- 验证集 [epoch 800] ---
  准确率 (Accuracy):  0.7123
  精确率 (Precision): 0.5694
  召回率 (Recall):    0.5189
  F1 分数 (F1):       0.5082
✅ 模型已保存到 /home/kudouzala/Application/ion_detect/output/trained_model_save/exp_new_h/trained_model_epoch_800.pth
📁 损失值已保存到 /home/kudouzala/Application/ion_detect/output/trained_model_save/exp_new_h/training_loss_epoch_800.csv
[New] Epoch 801/1000 | classify: 2.4737 | voltage: 1.5821 | conc: 0.0006 | rule: 248.9335 | group: 1.7580 | tree: 5.1774 | total: 2.6813
[New] Epoch 802/1000 | classify: 2.3602 | voltage: 1.5799 | conc: 0.0007 | rule: 232.2968 | group: 1.7700 | tree: 5.1604 | total: 2.5595
[New] Epoch 803/1000 | classify: 2.4000 | voltage: 1.5632 | conc: 0.0008 | rule: 248.6459 | group: 1.7807 | tree: 5.3041 | total: 2.6069
[New] Epoch 804/1000 | classify: 2.2888 | voltage: 1.6059 | conc: 0.0008 | rule: 221.7215 | group: 1.8240 | tree: 5.3669 | total: 2.4843
[New] Epoch 805/1000 | classify: 2.2797 | voltage: 1.5948 | conc: 0.0008 | rule: 224.0817 | group: 1.7981 | tree: 5.1074 | total: 2.4757
[New] Epoch 806/1000 | classify: 2.3256 | voltage: 1.5660 | conc: 0.0008 | rule: 238.5931 | group: 1.7893 | tree: 5.2907 | total: 2.5276
[New] Epoch 807/1000 | classify: 2.2863 | voltage: 1.5704 | conc: 0.0008 | rule: 209.1586 | group: 1.7906 | tree: 5.2031 | total: 2.4737
[New] Epoch 808/1000 | classify: 2.3432 | voltage: 1.5970 | conc: 0.0009 | rule: 220.0919 | group: 1.7809 | tree: 5.2566 | total: 2.5375
[New] Epoch 809/1000 | classify: 2.3980 | voltage: 1.5710 | conc: 0.0010 | rule: 239.1791 | group: 1.8877 | tree: 5.4433 | total: 2.6008
[New] Epoch 810/1000 | classify: 2.3590 | voltage: 1.6267 | conc: 0.0004 | rule: 232.4067 | group: 1.7124 | tree: 4.9077 | total: 2.5603
--- 验证集 [epoch 810] ---
  准确率 (Accuracy):  0.7192
  精确率 (Precision): 0.5722
  召回率 (Recall):    0.5257
  F1 分数 (F1):       0.5129
[New] Epoch 811/1000 | classify: 2.3535 | voltage: 1.5950 | conc: 0.0004 | rule: 229.6207 | group: 1.7971 | tree: 5.3585 | total: 2.5520
[New] Epoch 812/1000 | classify: 2.1929 | voltage: 1.6286 | conc: 0.0004 | rule: 217.3898 | group: 1.6892 | tree: 4.8164 | total: 2.3867
[New] Epoch 813/1000 | classify: 2.2413 | voltage: 1.6080 | conc: 0.0005 | rule: 220.3454 | group: 1.7271 | tree: 5.0181 | total: 2.4357
[New] Epoch 814/1000 | classify: 2.3626 | voltage: 1.6021 | conc: 0.0004 | rule: 243.2866 | group: 1.7554 | tree: 5.1588 | total: 2.5682
[New] Epoch 815/1000 | classify: 2.4820 | voltage: 1.6076 | conc: 0.0009 | rule: 227.7196 | group: 1.8053 | tree: 5.2995 | total: 2.6806
[New] Epoch 816/1000 | classify: 2.4824 | voltage: 1.5952 | conc: 0.0006 | rule: 241.5286 | group: 1.7829 | tree: 5.0428 | total: 2.6869
[New] Epoch 817/1000 | classify: 2.4061 | voltage: 1.6255 | conc: 0.0004 | rule: 237.9484 | group: 1.7112 | tree: 5.0465 | total: 2.6101
[New] Epoch 818/1000 | classify: 2.4344 | voltage: 1.6600 | conc: 0.0009 | rule: 221.5961 | group: 1.8371 | tree: 5.4546 | total: 2.6327
[New] Epoch 819/1000 | classify: 2.2914 | voltage: 1.6246 | conc: 0.0006 | rule: 229.9205 | group: 1.7038 | tree: 4.9605 | total: 2.4915
[New] Epoch 820/1000 | classify: 2.2966 | voltage: 1.6254 | conc: 0.0006 | rule: 216.7516 | group: 1.7487 | tree: 5.0723 | total: 2.4902
--- 验证集 [epoch 820] ---
  准确率 (Accuracy):  0.7260
  精确率 (Precision): 0.5503
  召回率 (Recall):    0.5638
  F1 分数 (F1):       0.5265
[New] Epoch 821/1000 | classify: 2.4135 | voltage: 1.6406 | conc: 0.0006 | rule: 223.0461 | group: 1.8062 | tree: 5.2744 | total: 2.6112
[New] Epoch 822/1000 | classify: 2.3694 | voltage: 1.5822 | conc: 0.0010 | rule: 230.0328 | group: 1.7801 | tree: 5.4435 | total: 2.5682
[New] Epoch 823/1000 | classify: 2.4490 | voltage: 1.5852 | conc: 0.0007 | rule: 226.2680 | group: 1.7891 | tree: 5.3568 | total: 2.6457
[New] Epoch 824/1000 | classify: 2.3561 | voltage: 1.5844 | conc: 0.0008 | rule: 226.3630 | group: 1.8087 | tree: 5.4965 | total: 2.5529
[New] Epoch 825/1000 | classify: 2.3783 | voltage: 1.5943 | conc: 0.0008 | rule: 228.6765 | group: 1.7677 | tree: 5.2266 | total: 2.5767
[New] Epoch 826/1000 | classify: 2.2957 | voltage: 1.6306 | conc: 0.0005 | rule: 219.8172 | group: 1.7171 | tree: 5.1328 | total: 2.4911
[New] Epoch 827/1000 | classify: 2.3960 | voltage: 1.6136 | conc: 0.0006 | rule: 232.1979 | group: 1.7055 | tree: 4.9366 | total: 2.5967
[New] Epoch 828/1000 | classify: 2.4406 | voltage: 1.5943 | conc: 0.0007 | rule: 229.5825 | group: 1.7889 | tree: 5.2946 | total: 2.6393
[New] Epoch 829/1000 | classify: 2.4128 | voltage: 1.6196 | conc: 0.0006 | rule: 230.9503 | group: 1.8292 | tree: 5.4289 | total: 2.6134
[New] Epoch 830/1000 | classify: 2.1529 | voltage: 1.5895 | conc: 0.0006 | rule: 245.2436 | group: 1.6796 | tree: 4.8378 | total: 2.3589
--- 验证集 [epoch 830] ---
  准确率 (Accuracy):  0.7123
  精确率 (Precision): 0.5680
  召回率 (Recall):    0.5233
  F1 分数 (F1):       0.4997
[New] Epoch 831/1000 | classify: 2.4344 | voltage: 1.6454 | conc: 0.0010 | rule: 219.3585 | group: 1.7741 | tree: 4.9572 | total: 2.6307
[New] Epoch 832/1000 | classify: 2.2987 | voltage: 1.6317 | conc: 0.0011 | rule: 216.1201 | group: 1.7730 | tree: 5.1502 | total: 2.4929
[New] Epoch 833/1000 | classify: 2.3099 | voltage: 1.6259 | conc: 0.0009 | rule: 217.7985 | group: 1.7969 | tree: 5.1477 | total: 2.5044
[New] Epoch 834/1000 | classify: 2.1844 | voltage: 1.6128 | conc: 0.0006 | rule: 224.6134 | group: 1.7447 | tree: 5.0667 | total: 2.3813
[New] Epoch 835/1000 | classify: 2.3173 | voltage: 1.6052 | conc: 0.0005 | rule: 219.4534 | group: 1.7267 | tree: 4.9913 | total: 2.5111
[New] Epoch 836/1000 | classify: 2.2324 | voltage: 1.6272 | conc: 0.0007 | rule: 228.2501 | group: 1.7542 | tree: 5.0579 | total: 2.4320
[New] Epoch 837/1000 | classify: 2.3385 | voltage: 1.5976 | conc: 0.0008 | rule: 228.0549 | group: 1.7660 | tree: 5.0674 | total: 2.5366
[New] Epoch 838/1000 | classify: 2.3027 | voltage: 1.6672 | conc: 0.0007 | rule: 216.4323 | group: 1.8980 | tree: 5.3015 | total: 2.4985
[New] Epoch 839/1000 | classify: 2.3092 | voltage: 1.5890 | conc: 0.0006 | rule: 249.0429 | group: 1.7094 | tree: 5.0194 | total: 2.5171
[New] Epoch 840/1000 | classify: 2.4106 | voltage: 1.6502 | conc: 0.0007 | rule: 213.9606 | group: 1.7933 | tree: 5.1164 | total: 2.6042
--- 验证集 [epoch 840] ---
  准确率 (Accuracy):  0.7123
  精确率 (Precision): 0.5610
  召回率 (Recall):    0.5233
  F1 分数 (F1):       0.4958
[New] Epoch 841/1000 | classify: 2.2867 | voltage: 1.6384 | conc: 0.0006 | rule: 242.4895 | group: 1.8481 | tree: 5.2855 | total: 2.4939
[New] Epoch 842/1000 | classify: 2.3434 | voltage: 1.6030 | conc: 0.0008 | rule: 226.7822 | group: 1.7752 | tree: 5.2007 | total: 2.5413
[New] Epoch 843/1000 | classify: 2.3822 | voltage: 1.6163 | conc: 0.0008 | rule: 228.9063 | group: 1.8390 | tree: 5.3140 | total: 2.5818
[New] Epoch 844/1000 | classify: 2.3497 | voltage: 1.6288 | conc: 0.0008 | rule: 237.0630 | group: 1.8018 | tree: 5.2711 | total: 2.5541
[New] Epoch 845/1000 | classify: 2.3572 | voltage: 1.6271 | conc: 0.0008 | rule: 227.1786 | group: 1.8426 | tree: 5.3903 | total: 2.5565
[New] Epoch 846/1000 | classify: 2.3669 | voltage: 1.6080 | conc: 0.0006 | rule: 232.0816 | group: 1.7904 | tree: 5.1966 | total: 2.5674
[New] Epoch 847/1000 | classify: 2.2371 | voltage: 1.6203 | conc: 0.0006 | rule: 229.8485 | group: 1.7186 | tree: 5.1531 | total: 2.4372
[New] Epoch 848/1000 | classify: 2.2243 | voltage: 1.6340 | conc: 0.0005 | rule: 234.1006 | group: 1.7089 | tree: 5.0444 | total: 2.4270
[New] Epoch 849/1000 | classify: 2.4286 | voltage: 1.6243 | conc: 0.0007 | rule: 231.1540 | group: 1.8223 | tree: 5.3904 | total: 2.6297
[New] Epoch 850/1000 | classify: 2.2951 | voltage: 1.6091 | conc: 0.0011 | rule: 251.9552 | group: 1.7875 | tree: 5.3121 | total: 2.5062
--- 验证集 [epoch 850] ---
  准确率 (Accuracy):  0.7466
  精确率 (Precision): 0.5686
  召回率 (Recall):    0.5810
  F1 分数 (F1):       0.5532
✅ 模型已保存到 /home/kudouzala/Application/ion_detect/output/trained_model_save/exp_new_h/trained_model_epoch_850.pth
📁 损失值已保存到 /home/kudouzala/Application/ion_detect/output/trained_model_save/exp_new_h/training_loss_epoch_850.csv
[New] Epoch 851/1000 | classify: 2.1292 | voltage: 1.6164 | conc: 0.0007 | rule: 219.6143 | group: 1.7080 | tree: 5.1043 | total: 2.3240
[New] Epoch 852/1000 | classify: 2.2348 | voltage: 1.6205 | conc: 0.0009 | rule: 232.7258 | group: 1.7912 | tree: 5.2772 | total: 2.4366
[New] Epoch 853/1000 | classify: 2.3529 | voltage: 1.6298 | conc: 0.0009 | rule: 219.7737 | group: 1.8070 | tree: 5.1505 | total: 2.5487
[New] Epoch 854/1000 | classify: 2.3113 | voltage: 1.6346 | conc: 0.0006 | rule: 228.7286 | group: 1.7452 | tree: 5.1236 | total: 2.5115
[New] Epoch 855/1000 | classify: 2.3408 | voltage: 1.6296 | conc: 0.0008 | rule: 212.4187 | group: 1.8270 | tree: 5.4814 | total: 2.5329
[New] Epoch 856/1000 | classify: 2.2696 | voltage: 1.5866 | conc: 0.0007 | rule: 235.9674 | group: 1.7842 | tree: 5.3543 | total: 2.4711
[New] Epoch 857/1000 | classify: 2.5235 | voltage: 1.6198 | conc: 0.0008 | rule: 223.0484 | group: 1.8444 | tree: 5.2953 | total: 2.7205
[New] Epoch 858/1000 | classify: 2.3125 | voltage: 1.6236 | conc: 0.0006 | rule: 233.8039 | group: 1.8055 | tree: 5.4209 | total: 2.5147
[New] Epoch 859/1000 | classify: 2.2858 | voltage: 1.6295 | conc: 0.0006 | rule: 223.1844 | group: 1.7987 | tree: 5.1242 | total: 2.4829
[New] Epoch 860/1000 | classify: 2.2986 | voltage: 1.6522 | conc: 0.0007 | rule: 226.4162 | group: 1.7970 | tree: 5.0538 | total: 2.4985
--- 验证集 [epoch 860] ---
  准确率 (Accuracy):  0.7123
  精确率 (Precision): 0.4957
  召回率 (Recall):    0.5134
  F1 分数 (F1):       0.4882
[New] Epoch 861/1000 | classify: 2.5610 | voltage: 1.6164 | conc: 0.0006 | rule: 214.6249 | group: 1.7827 | tree: 5.4636 | total: 2.7533
[New] Epoch 862/1000 | classify: 2.2297 | voltage: 1.6488 | conc: 0.0006 | rule: 215.2159 | group: 1.7418 | tree: 5.0941 | total: 2.4238
[New] Epoch 863/1000 | classify: 2.2408 | voltage: 1.6268 | conc: 0.0007 | rule: 238.1640 | group: 1.7132 | tree: 5.1880 | total: 2.4454
[New] Epoch 864/1000 | classify: 2.3417 | voltage: 1.6646 | conc: 0.0006 | rule: 215.8649 | group: 1.7755 | tree: 5.1678 | total: 2.5369
[New] Epoch 865/1000 | classify: 2.4253 | voltage: 1.6387 | conc: 0.0007 | rule: 222.0848 | group: 1.8505 | tree: 5.4675 | total: 2.6226
[New] Epoch 866/1000 | classify: 2.1974 | voltage: 1.6277 | conc: 0.0006 | rule: 205.9063 | group: 1.7124 | tree: 4.8518 | total: 2.3856
[New] Epoch 867/1000 | classify: 2.3717 | voltage: 1.6521 | conc: 0.0006 | rule: 216.6364 | group: 1.7020 | tree: 5.1155 | total: 2.5666
[New] Epoch 868/1000 | classify: 2.1906 | voltage: 1.6236 | conc: 0.0004 | rule: 230.5623 | group: 1.6956 | tree: 5.0247 | total: 2.3908
[New] Epoch 869/1000 | classify: 2.3222 | voltage: 1.6294 | conc: 0.0006 | rule: 213.5587 | group: 1.7451 | tree: 5.1901 | total: 2.5145
[New] Epoch 870/1000 | classify: 2.3231 | voltage: 1.6416 | conc: 0.0008 | rule: 213.9676 | group: 1.7909 | tree: 5.0872 | total: 2.5165
--- 验证集 [epoch 870] ---
  准确率 (Accuracy):  0.7397
  精确率 (Precision): 0.5630
  召回率 (Recall):    0.5512
  F1 分数 (F1):       0.5453
[New] Epoch 871/1000 | classify: 2.4980 | voltage: 1.6316 | conc: 0.0009 | rule: 229.5849 | group: 1.7937 | tree: 5.2928 | total: 2.6988
[New] Epoch 872/1000 | classify: 2.4374 | voltage: 1.6695 | conc: 0.0008 | rule: 210.1294 | group: 1.8318 | tree: 5.2089 | total: 2.6302
[New] Epoch 873/1000 | classify: 2.1165 | voltage: 1.6374 | conc: 0.0005 | rule: 221.1910 | group: 1.6758 | tree: 4.8884 | total: 2.3127
[New] Epoch 874/1000 | classify: 2.3626 | voltage: 1.6819 | conc: 0.0006 | rule: 205.8547 | group: 1.7928 | tree: 5.3024 | total: 2.5538
[New] Epoch 875/1000 | classify: 2.4011 | voltage: 1.6199 | conc: 0.0007 | rule: 239.7441 | group: 1.8363 | tree: 5.4362 | total: 2.6063
[New] Epoch 876/1000 | classify: 2.3429 | voltage: 1.6234 | conc: 0.0009 | rule: 226.0604 | group: 1.8228 | tree: 5.1304 | total: 2.5415
[New] Epoch 877/1000 | classify: 2.1268 | voltage: 1.6604 | conc: 0.0008 | rule: 231.0703 | group: 1.7711 | tree: 5.0431 | total: 2.3296
[New] Epoch 878/1000 | classify: 2.3526 | voltage: 1.6716 | conc: 0.0009 | rule: 212.0841 | group: 1.8025 | tree: 5.1222 | total: 2.5466
[New] Epoch 879/1000 | classify: 2.3606 | voltage: 1.6139 | conc: 0.0007 | rule: 240.4339 | group: 1.7428 | tree: 5.2587 | total: 2.5657
[New] Epoch 880/1000 | classify: 2.3353 | voltage: 1.6369 | conc: 0.0007 | rule: 231.4483 | group: 1.8097 | tree: 5.3220 | total: 2.5372
--- 验证集 [epoch 880] ---
  准确率 (Accuracy):  0.7192
  精确率 (Precision): 0.5867
  召回率 (Recall):    0.5253
  F1 分数 (F1):       0.5070
[New] Epoch 881/1000 | classify: 2.3219 | voltage: 1.5986 | conc: 0.0009 | rule: 251.7524 | group: 1.7924 | tree: 5.2858 | total: 2.5322
[New] Epoch 882/1000 | classify: 2.2818 | voltage: 1.6450 | conc: 0.0004 | rule: 221.9655 | group: 1.7570 | tree: 5.1119 | total: 2.4789
[New] Epoch 883/1000 | classify: 2.3813 | voltage: 1.6670 | conc: 0.0006 | rule: 216.0659 | group: 1.8566 | tree: 5.3180 | total: 2.5769
[New] Epoch 884/1000 | classify: 2.4808 | voltage: 1.6802 | conc: 0.0007 | rule: 209.9548 | group: 1.8068 | tree: 4.9675 | total: 2.6739
[New] Epoch 885/1000 | classify: 2.3321 | voltage: 1.6514 | conc: 0.0010 | rule: 231.4013 | group: 1.7908 | tree: 5.1761 | total: 2.5349
[New] Epoch 886/1000 | classify: 2.3511 | voltage: 1.6231 | conc: 0.0006 | rule: 232.7875 | group: 1.7621 | tree: 5.3160 | total: 2.5529
[New] Epoch 887/1000 | classify: 2.3470 | voltage: 1.6454 | conc: 0.0006 | rule: 226.0974 | group: 1.7372 | tree: 5.0424 | total: 2.5463
[New] Epoch 888/1000 | classify: 2.2769 | voltage: 1.6516 | conc: 0.0006 | rule: 210.7392 | group: 1.6887 | tree: 4.9575 | total: 2.4687
[New] Epoch 889/1000 | classify: 2.4412 | voltage: 1.6552 | conc: 0.0006 | rule: 226.3193 | group: 1.7686 | tree: 4.9712 | total: 2.6411
[New] Epoch 890/1000 | classify: 2.4158 | voltage: 1.6973 | conc: 0.0007 | rule: 209.8532 | group: 1.7650 | tree: 5.2967 | total: 2.6098
--- 验证集 [epoch 890] ---
  准确率 (Accuracy):  0.7123
  精确率 (Precision): 0.4836
  召回率 (Recall):    0.5134
  F1 分数 (F1):       0.4845
[New] Epoch 891/1000 | classify: 2.3293 | voltage: 1.6545 | conc: 0.0003 | rule: 223.4309 | group: 1.7268 | tree: 5.0959 | total: 2.5275
[New] Epoch 892/1000 | classify: 2.3097 | voltage: 1.6084 | conc: 0.0006 | rule: 231.2338 | group: 1.7586 | tree: 5.3102 | total: 2.5100
[New] Epoch 893/1000 | classify: 2.2471 | voltage: 1.6224 | conc: 0.0006 | rule: 230.1178 | group: 1.7174 | tree: 5.0691 | total: 2.4473
[New] Epoch 894/1000 | classify: 2.2989 | voltage: 1.6745 | conc: 0.0008 | rule: 198.5897 | group: 1.8058 | tree: 5.1663 | total: 2.4862
[New] Epoch 895/1000 | classify: 2.3193 | voltage: 1.6735 | conc: 0.0006 | rule: 214.1645 | group: 1.7109 | tree: 5.0370 | total: 2.5141
[New] Epoch 896/1000 | classify: 2.2877 | voltage: 1.6702 | conc: 0.0004 | rule: 224.8230 | group: 1.7116 | tree: 5.0250 | total: 2.4874
[New] Epoch 897/1000 | classify: 2.3025 | voltage: 1.6529 | conc: 0.0006 | rule: 206.1413 | group: 1.6966 | tree: 5.1683 | total: 2.4922
[New] Epoch 898/1000 | classify: 2.3337 | voltage: 1.6390 | conc: 0.0008 | rule: 225.2419 | group: 1.7731 | tree: 5.1777 | total: 2.5325
[New] Epoch 899/1000 | classify: 2.4035 | voltage: 1.6572 | conc: 0.0007 | rule: 217.1938 | group: 1.8245 | tree: 5.3632 | total: 2.5993
[New] Epoch 900/1000 | classify: 2.3461 | voltage: 1.6650 | conc: 0.0006 | rule: 217.0736 | group: 1.8207 | tree: 5.4184 | total: 2.5421
--- 验证集 [epoch 900] ---
  准确率 (Accuracy):  0.7534
  精确率 (Precision): 0.6273
  召回率 (Recall):    0.5968
  F1 分数 (F1):       0.5877
✅ 模型已保存到 /home/kudouzala/Application/ion_detect/output/trained_model_save/exp_new_h/trained_model_epoch_900.pth
📁 损失值已保存到 /home/kudouzala/Application/ion_detect/output/trained_model_save/exp_new_h/training_loss_epoch_900.csv
[New] Epoch 901/1000 | classify: 2.2629 | voltage: 1.6330 | conc: 0.0006 | rule: 242.7426 | group: 1.7749 | tree: 5.2271 | total: 2.4700
[New] Epoch 902/1000 | classify: 2.3818 | voltage: 1.6079 | conc: 0.0006 | rule: 240.2778 | group: 1.7642 | tree: 5.0757 | total: 2.5864
[New] Epoch 903/1000 | classify: 2.4540 | voltage: 1.6114 | conc: 0.0008 | rule: 224.7562 | group: 1.7800 | tree: 5.3184 | total: 2.6513
[New] Epoch 904/1000 | classify: 2.2786 | voltage: 1.6512 | conc: 0.0009 | rule: 222.4514 | group: 1.8221 | tree: 5.3217 | total: 2.4768
[New] Epoch 905/1000 | classify: 2.3233 | voltage: 1.6381 | conc: 0.0007 | rule: 232.3510 | group: 1.7934 | tree: 5.2316 | total: 2.5256
[New] Epoch 906/1000 | classify: 2.2744 | voltage: 1.6492 | conc: 0.0006 | rule: 217.7620 | group: 1.7212 | tree: 5.1205 | total: 2.4697
[New] Epoch 907/1000 | classify: 2.2737 | voltage: 1.6227 | conc: 0.0006 | rule: 241.0602 | group: 1.7185 | tree: 5.2368 | total: 2.4794
[New] Epoch 908/1000 | classify: 2.4333 | voltage: 1.6645 | conc: 0.0009 | rule: 224.6339 | group: 1.7910 | tree: 5.2558 | total: 2.6333
[New] Epoch 909/1000 | classify: 2.1876 | voltage: 1.6502 | conc: 0.0005 | rule: 221.8899 | group: 1.6903 | tree: 4.8526 | total: 2.3849
[New] Epoch 910/1000 | classify: 2.4307 | voltage: 1.6456 | conc: 0.0008 | rule: 239.0551 | group: 1.7704 | tree: 5.2097 | total: 2.6368
--- 验证集 [epoch 910] ---
  准确率 (Accuracy):  0.7192
  精确率 (Precision): 0.5242
  召回率 (Recall):    0.5253
  F1 分数 (F1):       0.5080
[New] Epoch 911/1000 | classify: 2.3644 | voltage: 1.6720 | conc: 0.0005 | rule: 213.5069 | group: 1.7526 | tree: 5.1089 | total: 2.5587
[New] Epoch 912/1000 | classify: 2.1217 | voltage: 1.6439 | conc: 0.0007 | rule: 216.2267 | group: 1.7315 | tree: 5.0644 | total: 2.3161
[New] Epoch 913/1000 | classify: 2.3571 | voltage: 1.6292 | conc: 0.0006 | rule: 243.8622 | group: 1.7451 | tree: 5.2356 | total: 2.5646
[New] Epoch 914/1000 | classify: 2.2965 | voltage: 1.6335 | conc: 0.0007 | rule: 244.5509 | group: 1.7477 | tree: 5.1554 | total: 2.5045
[New] Epoch 915/1000 | classify: 2.2442 | voltage: 1.6652 | conc: 0.0005 | rule: 223.0376 | group: 1.7354 | tree: 5.1225 | total: 2.4430
[New] Epoch 916/1000 | classify: 2.3217 | voltage: 1.6319 | conc: 0.0009 | rule: 225.5479 | group: 1.7911 | tree: 5.4111 | total: 2.5206
[New] Epoch 917/1000 | classify: 2.2561 | voltage: 1.6450 | conc: 0.0006 | rule: 234.1328 | group: 1.7702 | tree: 5.1406 | total: 2.4595
[New] Epoch 918/1000 | classify: 2.2249 | voltage: 1.6901 | conc: 0.0007 | rule: 212.4821 | group: 1.7264 | tree: 5.1353 | total: 2.4198
[New] Epoch 919/1000 | classify: 2.2607 | voltage: 1.6808 | conc: 0.0007 | rule: 220.5060 | group: 1.7314 | tree: 5.1159 | total: 2.4591
[New] Epoch 920/1000 | classify: 2.2756 | voltage: 1.6748 | conc: 0.0006 | rule: 222.2126 | group: 1.7449 | tree: 5.1690 | total: 2.4745
--- 验证集 [epoch 920] ---
  准确率 (Accuracy):  0.7260
  精确率 (Precision): 0.5846
  召回率 (Recall):    0.5274
  F1 分数 (F1):       0.5092
[New] Epoch 921/1000 | classify: 2.2074 | voltage: 1.6603 | conc: 0.0006 | rule: 206.4784 | group: 1.6868 | tree: 4.9912 | total: 2.3976
[New] Epoch 922/1000 | classify: 2.2541 | voltage: 1.6424 | conc: 0.0008 | rule: 236.0196 | group: 1.7352 | tree: 5.0830 | total: 2.4584
[New] Epoch 923/1000 | classify: 2.3935 | voltage: 1.6042 | conc: 0.0009 | rule: 240.6554 | group: 1.8379 | tree: 5.3275 | total: 2.5984
[New] Epoch 924/1000 | classify: 2.2632 | voltage: 1.6969 | conc: 0.0005 | rule: 204.1414 | group: 1.7591 | tree: 5.1032 | total: 2.4541
[New] Epoch 925/1000 | classify: 2.4006 | voltage: 1.6572 | conc: 0.0011 | rule: 225.2245 | group: 1.8326 | tree: 5.2928 | total: 2.6007
[New] Epoch 926/1000 | classify: 2.4347 | voltage: 1.6531 | conc: 0.0007 | rule: 219.8315 | group: 1.8063 | tree: 5.1905 | total: 2.6315
[New] Epoch 927/1000 | classify: 2.3691 | voltage: 1.6603 | conc: 0.0007 | rule: 228.7680 | group: 1.8059 | tree: 5.3110 | total: 2.5707
[New] Epoch 928/1000 | classify: 2.3090 | voltage: 1.6323 | conc: 0.0005 | rule: 225.4180 | group: 1.7723 | tree: 5.2542 | total: 2.5074
[New] Epoch 929/1000 | classify: 2.4374 | voltage: 1.6125 | conc: 0.0007 | rule: 247.0278 | group: 1.7773 | tree: 5.2522 | total: 2.6458
[New] Epoch 930/1000 | classify: 2.3316 | voltage: 1.6402 | conc: 0.0008 | rule: 243.1948 | group: 1.9328 | tree: 5.4521 | total: 2.5398
--- 验证集 [epoch 930] ---
  准确率 (Accuracy):  0.7055
  精确率 (Precision): 0.5635
  召回率 (Recall):    0.5114
  F1 分数 (F1):       0.4762
[New] Epoch 931/1000 | classify: 2.2845 | voltage: 1.6770 | conc: 0.0007 | rule: 227.6628 | group: 1.7866 | tree: 4.9809 | total: 2.4863
[New] Epoch 932/1000 | classify: 2.2985 | voltage: 1.6137 | conc: 0.0008 | rule: 243.6040 | group: 1.7800 | tree: 5.2686 | total: 2.5054
[New] Epoch 933/1000 | classify: 2.2641 | voltage: 1.6386 | conc: 0.0008 | rule: 247.4348 | group: 1.7678 | tree: 5.1702 | total: 2.4740
[New] Epoch 934/1000 | classify: 2.2999 | voltage: 1.6531 | conc: 0.0007 | rule: 214.8161 | group: 1.7310 | tree: 5.0486 | total: 2.4940
[New] Epoch 935/1000 | classify: 2.3275 | voltage: 1.6239 | conc: 0.0005 | rule: 243.6289 | group: 1.7419 | tree: 5.0099 | total: 2.5344
[New] Epoch 936/1000 | classify: 2.2565 | voltage: 1.6662 | conc: 0.0006 | rule: 227.9146 | group: 1.7781 | tree: 5.0318 | total: 2.4577
[New] Epoch 937/1000 | classify: 2.1029 | voltage: 1.7035 | conc: 0.0008 | rule: 192.8306 | group: 1.6751 | tree: 5.1743 | total: 2.2887
[New] Epoch 938/1000 | classify: 2.2755 | voltage: 1.6814 | conc: 0.0005 | rule: 215.2367 | group: 1.7887 | tree: 5.2052 | total: 2.4712
[New] Epoch 939/1000 | classify: 2.3042 | voltage: 1.6521 | conc: 0.0006 | rule: 230.1151 | group: 1.7030 | tree: 4.8555 | total: 2.5058
[New] Epoch 940/1000 | classify: 2.4756 | voltage: 1.6497 | conc: 0.0007 | rule: 235.2910 | group: 1.7820 | tree: 5.4003 | total: 2.6800
--- 验证集 [epoch 940] ---
  准确率 (Accuracy):  0.7260
  精确率 (Precision): 0.5864
  召回率 (Recall):    0.5274
  F1 分数 (F1):       0.5095
[New] Epoch 941/1000 | classify: 2.3130 | voltage: 1.6416 | conc: 0.0007 | rule: 237.8105 | group: 1.7872 | tree: 5.2299 | total: 2.5182
[New] Epoch 942/1000 | classify: 2.4662 | voltage: 1.6496 | conc: 0.0010 | rule: 237.1019 | group: 1.8116 | tree: 5.3003 | total: 2.6717
[New] Epoch 943/1000 | classify: 2.1899 | voltage: 1.7062 | conc: 0.0011 | rule: 198.4741 | group: 1.8217 | tree: 5.2939 | total: 2.3792
[New] Epoch 944/1000 | classify: 2.0777 | voltage: 1.6337 | conc: 0.0004 | rule: 206.1806 | group: 1.6543 | tree: 4.5996 | total: 2.2660
[New] Epoch 945/1000 | classify: 2.4878 | voltage: 1.6518 | conc: 0.0006 | rule: 235.7009 | group: 1.7527 | tree: 5.1189 | total: 2.6923
[New] Epoch 946/1000 | classify: 2.3213 | voltage: 1.6521 | conc: 0.0010 | rule: 227.9581 | group: 1.7878 | tree: 5.4258 | total: 2.5224
[New] Epoch 947/1000 | classify: 2.3718 | voltage: 1.6570 | conc: 0.0009 | rule: 217.5823 | group: 1.8322 | tree: 5.3797 | total: 2.5680
[New] Epoch 948/1000 | classify: 2.2670 | voltage: 1.6344 | conc: 0.0008 | rule: 259.9155 | group: 1.8613 | tree: 5.4020 | total: 2.4831
[New] Epoch 949/1000 | classify: 2.3416 | voltage: 1.6208 | conc: 0.0005 | rule: 231.1013 | group: 1.7163 | tree: 4.9794 | total: 2.5420
[New] Epoch 950/1000 | classify: 2.2653 | voltage: 1.6815 | conc: 0.0004 | rule: 223.1693 | group: 1.7362 | tree: 4.7670 | total: 2.4646
--- 验证集 [epoch 950] ---
  准确率 (Accuracy):  0.7123
  精确率 (Precision): 0.5692
  召回率 (Recall):    0.5134
  F1 分数 (F1):       0.4807
✅ 模型已保存到 /home/kudouzala/Application/ion_detect/output/trained_model_save/exp_new_h/trained_model_epoch_950.pth
📁 损失值已保存到 /home/kudouzala/Application/ion_detect/output/trained_model_save/exp_new_h/training_loss_epoch_950.csv
[New] Epoch 951/1000 | classify: 2.1986 | voltage: 1.6453 | conc: 0.0007 | rule: 207.3974 | group: 1.7442 | tree: 4.8942 | total: 2.3886
[New] Epoch 952/1000 | classify: 2.4609 | voltage: 1.6769 | conc: 0.0007 | rule: 211.1059 | group: 1.7907 | tree: 5.3209 | total: 2.6545
[New] Epoch 953/1000 | classify: 2.3642 | voltage: 1.6368 | conc: 0.0006 | rule: 236.8440 | group: 1.7883 | tree: 5.2061 | total: 2.5686
[New] Epoch 954/1000 | classify: 2.3624 | voltage: 1.6387 | conc: 0.0007 | rule: 235.4790 | group: 1.7532 | tree: 5.1621 | total: 2.5662
[New] Epoch 955/1000 | classify: 2.4685 | voltage: 1.6772 | conc: 0.0008 | rule: 228.2387 | group: 1.8112 | tree: 5.4884 | total: 2.6709
[New] Epoch 956/1000 | classify: 2.0540 | voltage: 1.6553 | conc: 0.0007 | rule: 205.2128 | group: 1.6780 | tree: 4.7526 | total: 2.2433
[New] Epoch 957/1000 | classify: 2.2512 | voltage: 1.6622 | conc: 0.0005 | rule: 224.9007 | group: 1.7549 | tree: 5.1061 | total: 2.4507
[New] Epoch 958/1000 | classify: 2.2808 | voltage: 1.6655 | conc: 0.0008 | rule: 222.5950 | group: 1.7752 | tree: 5.2587 | total: 2.4796
[New] Epoch 959/1000 | classify: 2.3290 | voltage: 1.6482 | conc: 0.0008 | rule: 236.1215 | group: 1.7930 | tree: 5.5122 | total: 2.5339
[New] Epoch 960/1000 | classify: 2.3799 | voltage: 1.6573 | conc: 0.0007 | rule: 209.2204 | group: 1.7514 | tree: 5.2188 | total: 2.5715
--- 验证集 [epoch 960] ---
  准确率 (Accuracy):  0.7260
  精确率 (Precision): 0.5864
  召回率 (Recall):    0.5274
  F1 分数 (F1):       0.5095
[New] Epoch 961/1000 | classify: 2.2716 | voltage: 1.6566 | conc: 0.0006 | rule: 218.5092 | group: 1.7585 | tree: 5.2057 | total: 2.4677
[New] Epoch 962/1000 | classify: 2.2871 | voltage: 1.6342 | conc: 0.0005 | rule: 247.7614 | group: 1.7591 | tree: 5.0605 | total: 2.4966
[New] Epoch 963/1000 | classify: 2.1786 | voltage: 1.6805 | conc: 0.0006 | rule: 210.9089 | group: 1.7049 | tree: 4.8617 | total: 2.3719
[New] Epoch 964/1000 | classify: 2.3326 | voltage: 1.6277 | conc: 0.0008 | rule: 222.0224 | group: 1.7619 | tree: 5.3204 | total: 2.5293
[New] Epoch 965/1000 | classify: 2.2706 | voltage: 1.6667 | conc: 0.0005 | rule: 225.9905 | group: 1.7008 | tree: 4.9222 | total: 2.4708
[New] Epoch 966/1000 | classify: 2.2423 | voltage: 1.6235 | conc: 0.0005 | rule: 247.2915 | group: 1.6865 | tree: 5.0427 | total: 2.4510
[New] Epoch 967/1000 | classify: 2.2453 | voltage: 1.6783 | conc: 0.0008 | rule: 201.7286 | group: 1.7929 | tree: 4.9966 | total: 2.4343
[New] Epoch 968/1000 | classify: 2.4828 | voltage: 1.6465 | conc: 0.0007 | rule: 227.3592 | group: 1.8620 | tree: 5.4443 | total: 2.6831
[New] Epoch 969/1000 | classify: 2.3405 | voltage: 1.6881 | conc: 0.0009 | rule: 224.7176 | group: 1.7352 | tree: 5.0826 | total: 2.5416
[New] Epoch 970/1000 | classify: 2.4950 | voltage: 1.6930 | conc: 0.0004 | rule: 222.2924 | group: 1.7584 | tree: 5.3288 | total: 2.6948
--- 验证集 [epoch 970] ---
  准确率 (Accuracy):  0.7192
  精确率 (Precision): 0.5153
  召回率 (Recall):    0.5253
  F1 分数 (F1):       0.5043
[New] Epoch 971/1000 | classify: 2.3511 | voltage: 1.6420 | conc: 0.0006 | rule: 245.4896 | group: 1.7520 | tree: 5.1844 | total: 2.5600
[New] Epoch 972/1000 | classify: 2.2064 | voltage: 1.6593 | conc: 0.0006 | rule: 225.5110 | group: 1.7322 | tree: 4.9575 | total: 2.4061
[New] Epoch 973/1000 | classify: 2.2387 | voltage: 1.6606 | conc: 0.0006 | rule: 235.8567 | group: 1.7420 | tree: 5.0991 | total: 2.4436
[New] Epoch 974/1000 | classify: 2.2382 | voltage: 1.6699 | conc: 0.0009 | rule: 216.4641 | group: 1.7745 | tree: 4.9999 | total: 2.4341
[New] Epoch 975/1000 | classify: 2.1652 | voltage: 1.6665 | conc: 0.0008 | rule: 227.8192 | group: 1.7383 | tree: 5.0987 | total: 2.3667
[New] Epoch 976/1000 | classify: 2.2933 | voltage: 1.6279 | conc: 0.0005 | rule: 251.2206 | group: 1.7012 | tree: 5.0880 | total: 2.5042
[New] Epoch 977/1000 | classify: 2.1546 | voltage: 1.6852 | conc: 0.0005 | rule: 195.8656 | group: 1.7204 | tree: 4.9987 | total: 2.3406
[New] Epoch 978/1000 | classify: 2.1827 | voltage: 1.6590 | conc: 0.0006 | rule: 239.7960 | group: 1.7138 | tree: 5.2467 | total: 2.3896
[New] Epoch 979/1000 | classify: 2.2500 | voltage: 1.6268 | conc: 0.0005 | rule: 225.6933 | group: 1.6632 | tree: 4.9502 | total: 2.4480
[New] Epoch 980/1000 | classify: 2.2456 | voltage: 1.6540 | conc: 0.0008 | rule: 220.3073 | group: 1.8048 | tree: 5.2184 | total: 2.4427
--- 验证集 [epoch 980] ---
  准确率 (Accuracy):  0.7260
  精确率 (Precision): 0.5864
  召回率 (Recall):    0.5274
  F1 分数 (F1):       0.5095
[New] Epoch 981/1000 | classify: 2.1448 | voltage: 1.6576 | conc: 0.0007 | rule: 225.6390 | group: 1.6975 | tree: 4.8642 | total: 2.3445
[New] Epoch 982/1000 | classify: 2.3558 | voltage: 1.6542 | conc: 0.0006 | rule: 229.9633 | group: 1.7980 | tree: 5.3669 | total: 2.5577
[New] Epoch 983/1000 | classify: 2.1756 | voltage: 1.6852 | conc: 0.0004 | rule: 206.8165 | group: 1.6935 | tree: 4.8461 | total: 2.3670
[New] Epoch 984/1000 | classify: 2.2882 | voltage: 1.6617 | conc: 0.0006 | rule: 224.9541 | group: 1.7553 | tree: 5.2780 | total: 2.4879
[New] Epoch 985/1000 | classify: 2.2066 | voltage: 1.6818 | conc: 0.0007 | rule: 200.0673 | group: 1.7645 | tree: 5.2632 | total: 2.3949
[New] Epoch 986/1000 | classify: 2.2362 | voltage: 1.6633 | conc: 0.0009 | rule: 227.6825 | group: 1.7736 | tree: 5.1242 | total: 2.4375
[New] Epoch 987/1000 | classify: 2.2042 | voltage: 1.6564 | conc: 0.0006 | rule: 228.1110 | group: 1.7414 | tree: 5.0357 | total: 2.4051
[New] Epoch 988/1000 | classify: 2.1641 | voltage: 1.6140 | conc: 0.0006 | rule: 216.2537 | group: 1.6709 | tree: 4.9732 | total: 2.3569
[New] Epoch 989/1000 | classify: 2.2150 | voltage: 1.6351 | conc: 0.0007 | rule: 223.5270 | group: 1.7307 | tree: 5.1242 | total: 2.4127
[New] Epoch 990/1000 | classify: 2.2664 | voltage: 1.6858 | conc: 0.0009 | rule: 209.2151 | group: 1.7752 | tree: 5.1529 | total: 2.4597
--- 验证集 [epoch 990] ---
  准确率 (Accuracy):  0.7260
  精确率 (Precision): 0.5299
  召回率 (Recall):    0.5274
  F1 分数 (F1):       0.5124
[New] Epoch 991/1000 | classify: 2.2247 | voltage: 1.6642 | conc: 0.0005 | rule: 229.1527 | group: 1.7938 | tree: 5.2526 | total: 2.4266
[New] Epoch 992/1000 | classify: 2.3361 | voltage: 1.6800 | conc: 0.0006 | rule: 210.3659 | group: 1.7389 | tree: 5.0575 | total: 2.5292
[New] Epoch 993/1000 | classify: 2.2857 | voltage: 1.7052 | conc: 0.0006 | rule: 217.5082 | group: 1.7338 | tree: 5.0082 | total: 2.4837
[New] Epoch 994/1000 | classify: 2.4008 | voltage: 1.6661 | conc: 0.0006 | rule: 231.8643 | group: 1.7647 | tree: 5.3420 | total: 2.6042
[New] Epoch 995/1000 | classify: 2.3928 | voltage: 1.6795 | conc: 0.0006 | rule: 226.0419 | group: 1.7457 | tree: 5.2020 | total: 2.5939
[New] Epoch 996/1000 | classify: 2.0509 | voltage: 1.6904 | conc: 0.0005 | rule: 207.7880 | group: 1.7754 | tree: 5.1214 | total: 2.2432
[New] Epoch 997/1000 | classify: 2.1767 | voltage: 1.6184 | conc: 0.0007 | rule: 249.0718 | group: 1.7281 | tree: 5.0119 | total: 2.3863
[New] Epoch 998/1000 | classify: 2.1234 | voltage: 1.6579 | conc: 0.0007 | rule: 214.8844 | group: 1.7797 | tree: 5.0282 | total: 2.3178
[New] Epoch 999/1000 | classify: 2.2615 | voltage: 1.6440 | conc: 0.0005 | rule: 219.6886 | group: 1.7344 | tree: 5.0427 | total: 2.4574
[New] Epoch 1000/1000 | classify: 2.3424 | voltage: 1.6537 | conc: 0.0006 | rule: 234.6406 | group: 1.7442 | tree: 5.0584 | total: 2.5464
--- 验证集 [epoch 1000] ---
  准确率 (Accuracy):  0.7260
  精确率 (Precision): 0.5209
  召回率 (Recall):    0.5274
  F1 分数 (F1):       0.5087
✅ 模型已保存到 /home/kudouzala/Application/ion_detect/output/trained_model_save/exp_new_h/trained_model_epoch_1000.pth
📁 损失值已保存到 /home/kudouzala/Application/ion_detect/output/trained_model_save/exp_new_h/training_loss_epoch_1000.csv
✅ 模型已保存到 /home/kudouzala/Application/ion_detect/output/trained_model_save/exp_new_h/trained_model_epoch_final.pth
📁 损失值已保存到 /home/kudouzala/Application/ion_detect/output/trained_model_save/exp_new_h/training_loss_epoch_final.csv
