✅ no_overlap 划分: 测试集 150 个（ion_column 74 个，≤3/10）-> /home/kudouzala/Application/ion_detect/datasets/datasets_for_all_test_no_overlap/exp_new_j，训练集 709 个 -> /home/kudouzala/Application/ion_detect/datasets/datasets_for_all_train_no_overlap/exp_new_j（已排除同前缀且窗口含测试前 3 个时间点的样本）
✅ 当前使用设备: cuda
📂 训练集目录: /home/kudouzala/Application/ion_detect/datasets/datasets_for_all_train_no_overlap/exp_new_j
📂 测试/验证集目录: /home/kudouzala/Application/ion_detect/datasets/datasets_for_all_test_no_overlap/exp_new_j
🧪 experiment: exp_new_j
🚀 进入训练模式 (--train)
Skipping file 20240822_10ppm铜离子污染测试_新版电解槽_ion_column_gamry_[56, 58, 60, 62].xlsx: impedance points 54 < 63
Skipping file 20240822_10ppm铜离子污染测试_新版电解槽_ion_column_gamry_[36, 38, 40, 42].xlsx: impedance points 54 < 63
Skipping file 20240822_10ppm铜离子污染测试_新版电解槽_ion_column_gamry_[34, 36, 38, 40].xlsx: impedance points 54 < 63
[LEAK-CHECK] overlap(train, val) = 0
[DEBUG] data_folder = /home/kudouzala/Application/ion_detect/datasets/datasets_for_all_train_no_overlap/exp_new_j
[DEBUG] base_train.file_names[:10] =
   20241107_0.1ppm钙离子污染及恢复测试_新版电解槽_ion_firecloud_[14, 16, 18, 20].xlsx
   20240910_10ppm钙离子污染测试_新版电解槽_ion_column_gamry_[2, 4, 6, 8].xlsx
   20241006_2ppm铬离子污染测试_旧版电解槽_ion_firecloud_[22, 24, 26, 28].xlsx
   20241117_2ppm钠离子污染及恢复测试40摄氏度_新版电解槽_ion_gamry_[22, 24, 26, 28].xlsx
   20241227_10ppm铜离子污染及恢复测试_旧版电解槽_ion_gamry_[4, 6, 8, 10].xlsx
   20241003_2ppm镍离子污染测试_新版电解槽_ion_gamry_[20, 22, 24, 26].xlsx
   20241112_2ppm钠离子污染和恢复测试80摄氏度_新版电解槽_ion_column_renew_H2SO4_gamry_[14, 16, 18, 20].xlsx
   20240910_10ppm钙离子污染测试_新版电解槽_ion_gamry_[2, 4, 6, 8].xlsx
   20241213_2ppm钠离子污染及恢复测试_新版电解槽_ion_column_renew_H2SO4_gamry_[12, 14, 16, 18].xlsx
   20241010_2ppm钠离子污染测试_新版电解槽_ion_firecloud_[28, 30, 32, 34].xlsx
[DEBUG] exist check (first 10):
   /home/kudouzala/Application/ion_detect/datasets/datasets_for_all_train_no_overlap/exp_new_j/20241107_0.1ppm钙离子污染及恢复测试_新版电解槽_ion_firecloud_[14, 16, 18, 20].xlsx exists= True
   /home/kudouzala/Application/ion_detect/datasets/datasets_for_all_train_no_overlap/exp_new_j/20240910_10ppm钙离子污染测试_新版电解槽_ion_column_gamry_[2, 4, 6, 8].xlsx exists= True
   /home/kudouzala/Application/ion_detect/datasets/datasets_for_all_train_no_overlap/exp_new_j/20241006_2ppm铬离子污染测试_旧版电解槽_ion_firecloud_[22, 24, 26, 28].xlsx exists= True
   /home/kudouzala/Application/ion_detect/datasets/datasets_for_all_train_no_overlap/exp_new_j/20241117_2ppm钠离子污染及恢复测试40摄氏度_新版电解槽_ion_gamry_[22, 24, 26, 28].xlsx exists= True
   /home/kudouzala/Application/ion_detect/datasets/datasets_for_all_train_no_overlap/exp_new_j/20241227_10ppm铜离子污染及恢复测试_旧版电解槽_ion_gamry_[4, 6, 8, 10].xlsx exists= True
   /home/kudouzala/Application/ion_detect/datasets/datasets_for_all_train_no_overlap/exp_new_j/20241003_2ppm镍离子污染测试_新版电解槽_ion_gamry_[20, 22, 24, 26].xlsx exists= True
   /home/kudouzala/Application/ion_detect/datasets/datasets_for_all_train_no_overlap/exp_new_j/20241112_2ppm钠离子污染和恢复测试80摄氏度_新版电解槽_ion_column_renew_H2SO4_gamry_[14, 16, 18, 20].xlsx exists= True
   /home/kudouzala/Application/ion_detect/datasets/datasets_for_all_train_no_overlap/exp_new_j/20240910_10ppm钙离子污染测试_新版电解槽_ion_gamry_[2, 4, 6, 8].xlsx exists= True
   /home/kudouzala/Application/ion_detect/datasets/datasets_for_all_train_no_overlap/exp_new_j/20241213_2ppm钠离子污染及恢复测试_新版电解槽_ion_column_renew_H2SO4_gamry_[12, 14, 16, 18].xlsx exists= True
   /home/kudouzala/Application/ion_detect/datasets/datasets_for_all_train_no_overlap/exp_new_j/20241010_2ppm钠离子污染测试_新版电解槽_ion_firecloud_[28, 30, 32, 34].xlsx exists= True
Skipping file 20240822_10ppm铜离子污染测试_新版电解槽_ion_column_gamry_[28, 30, 32, 34].xlsx: impedance points 54 < 63
Skipping file 20240822_10ppm铜离子污染测试_新版电解槽_ion_column_gamry_[50, 52, 54, 56].xlsx: impedance points 54 < 63
Skipping file 20240822_10ppm铜离子污染测试_新版电解槽_ion_column_gamry_[24, 26, 28, 30].xlsx: impedance points 54 < 63
Skipping file 20240822_10ppm铜离子污染测试_新版电解槽_ion_column_gamry_[44, 46, 48, 50].xlsx: impedance points 54 < 63

[PairDataset][Example pairs] (show up to 50)
  [1] A(idx=431) 20241107_0.1ppm钙离子污染及恢复测试_新版电解槽_ion_firecloud_[0, 2, 4, 6].xlsx  times=[0, 2, 4, 6]
      → B(idx=253) 20241107_0.1ppm钙离子污染及恢复测试_新版电解槽_ion_firecloud_[4, 6, 8, 10].xlsx  times=[4, 6, 8, 10]  dummy=False
  [2] A(idx=678) 20241107_0.1ppm钙离子污染及恢复测试_新版电解槽_ion_firecloud_[2, 4, 6, 8].xlsx  times=[2, 4, 6, 8]
      → B(idx=484) 20241107_0.1ppm钙离子污染及恢复测试_新版电解槽_ion_firecloud_[6, 8, 10, 12].xlsx  times=[6, 8, 10, 12]  dummy=False
  [3] A(idx=253) 20241107_0.1ppm钙离子污染及恢复测试_新版电解槽_ion_firecloud_[4, 6, 8, 10].xlsx  times=[4, 6, 8, 10]
      → B(idx=481) 20241107_0.1ppm钙离子污染及恢复测试_新版电解槽_ion_firecloud_[8, 10, 12, 14].xlsx  times=[8, 10, 12, 14]  dummy=False
  [4] A(idx=484) 20241107_0.1ppm钙离子污染及恢复测试_新版电解槽_ion_firecloud_[6, 8, 10, 12].xlsx  times=[6, 8, 10, 12]
      → B(idx=547) 20241107_0.1ppm钙离子污染及恢复测试_新版电解槽_ion_firecloud_[10, 12, 14, 16].xlsx  times=[10, 12, 14, 16]  dummy=False
  [5] A(idx=481) 20241107_0.1ppm钙离子污染及恢复测试_新版电解槽_ion_firecloud_[8, 10, 12, 14].xlsx  times=[8, 10, 12, 14]
      → B(idx=138) 20241107_0.1ppm钙离子污染及恢复测试_新版电解槽_ion_firecloud_[12, 14, 16, 18].xlsx  times=[12, 14, 16, 18]  dummy=False
  [6] A(idx=547) 20241107_0.1ppm钙离子污染及恢复测试_新版电解槽_ion_firecloud_[10, 12, 14, 16].xlsx  times=[10, 12, 14, 16]
      → B(idx=0) 20241107_0.1ppm钙离子污染及恢复测试_新版电解槽_ion_firecloud_[14, 16, 18, 20].xlsx  times=[14, 16, 18, 20]  dummy=False
  [7] A(idx=138) 20241107_0.1ppm钙离子污染及恢复测试_新版电解槽_ion_firecloud_[12, 14, 16, 18].xlsx  times=[12, 14, 16, 18]
      → B(idx=52) 20241107_0.1ppm钙离子污染及恢复测试_新版电解槽_ion_firecloud_[16, 18, 20, 22].xlsx  times=[16, 18, 20, 22]  dummy=False
  [8] A(idx=0) 20241107_0.1ppm钙离子污染及恢复测试_新版电解槽_ion_firecloud_[14, 16, 18, 20].xlsx  times=[14, 16, 18, 20]
      → B(idx=436) 20241107_0.1ppm钙离子污染及恢复测试_新版电解槽_ion_firecloud_[18, 20, 22, 24].xlsx  times=[18, 20, 22, 24]  dummy=False
  [9] A(idx=52) 20241107_0.1ppm钙离子污染及恢复测试_新版电解槽_ion_firecloud_[16, 18, 20, 22].xlsx  times=[16, 18, 20, 22]
      → B(idx=352) 20241107_0.1ppm钙离子污染及恢复测试_新版电解槽_ion_firecloud_[20, 22, 24, 26].xlsx  times=[20, 22, 24, 26]  dummy=False
  [10] A(idx=436) 20241107_0.1ppm钙离子污染及恢复测试_新版电解槽_ion_firecloud_[18, 20, 22, 24].xlsx  times=[18, 20, 22, 24]
      → B(idx=436) 20241107_0.1ppm钙离子污染及恢复测试_新版电解槽_ion_firecloud_[18, 20, 22, 24].xlsx  times=[18, 20, 22, 24]  dummy=True
  [11] A(idx=352) 20241107_0.1ppm钙离子污染及恢复测试_新版电解槽_ion_firecloud_[20, 22, 24, 26].xlsx  times=[20, 22, 24, 26]
      → B(idx=352) 20241107_0.1ppm钙离子污染及恢复测试_新版电解槽_ion_firecloud_[20, 22, 24, 26].xlsx  times=[20, 22, 24, 26]  dummy=True
  [12] A(idx=377) 20241107_0.1ppm钙离子污染及恢复测试_新版电解槽_ion_firecloud_[34, 36, 38, 40].xlsx  times=[34, 36, 38, 40]
      → B(idx=134) 20241107_0.1ppm钙离子污染及恢复测试_新版电解槽_ion_firecloud_[38, 40, 42, 44].xlsx  times=[38, 40, 42, 44]  dummy=False
  [13] A(idx=67) 20241107_0.1ppm钙离子污染及恢复测试_新版电解槽_ion_firecloud_[36, 38, 40, 42].xlsx  times=[36, 38, 40, 42]
      → B(idx=329) 20241107_0.1ppm钙离子污染及恢复测试_新版电解槽_ion_firecloud_[40, 42, 44, 46].xlsx  times=[40, 42, 44, 46]  dummy=False
  [14] A(idx=134) 20241107_0.1ppm钙离子污染及恢复测试_新版电解槽_ion_firecloud_[38, 40, 42, 44].xlsx  times=[38, 40, 42, 44]
      → B(idx=134) 20241107_0.1ppm钙离子污染及恢复测试_新版电解槽_ion_firecloud_[38, 40, 42, 44].xlsx  times=[38, 40, 42, 44]  dummy=True
  [15] A(idx=329) 20241107_0.1ppm钙离子污染及恢复测试_新版电解槽_ion_firecloud_[40, 42, 44, 46].xlsx  times=[40, 42, 44, 46]
      → B(idx=329) 20241107_0.1ppm钙离子污染及恢复测试_新版电解槽_ion_firecloud_[40, 42, 44, 46].xlsx  times=[40, 42, 44, 46]  dummy=True
  [16] A(idx=478) 20240910_10ppm钙离子污染测试_新版电解槽_ion_column_gamry_[0, 2, 4, 6].xlsx  times=[0, 2, 4, 6]
      → B(idx=540) 20240910_10ppm钙离子污染测试_新版电解槽_ion_column_gamry_[4, 6, 8, 10].xlsx  times=[4, 6, 8, 10]  dummy=False
  [17] A(idx=1) 20240910_10ppm钙离子污染测试_新版电解槽_ion_column_gamry_[2, 4, 6, 8].xlsx  times=[2, 4, 6, 8]
      → B(idx=516) 20240910_10ppm钙离子污染测试_新版电解槽_ion_column_gamry_[6, 8, 10, 12].xlsx  times=[6, 8, 10, 12]  dummy=False
  [18] A(idx=540) 20240910_10ppm钙离子污染测试_新版电解槽_ion_column_gamry_[4, 6, 8, 10].xlsx  times=[4, 6, 8, 10]
      → B(idx=413) 20240910_10ppm钙离子污染测试_新版电解槽_ion_column_gamry_[8, 10, 12, 14].xlsx  times=[8, 10, 12, 14]  dummy=False
  [19] A(idx=516) 20240910_10ppm钙离子污染测试_新版电解槽_ion_column_gamry_[6, 8, 10, 12].xlsx  times=[6, 8, 10, 12]
      → B(idx=410) 20240910_10ppm钙离子污染测试_新版电解槽_ion_column_gamry_[10, 12, 14, 16].xlsx  times=[10, 12, 14, 16]  dummy=False
  [20] A(idx=413) 20240910_10ppm钙离子污染测试_新版电解槽_ion_column_gamry_[8, 10, 12, 14].xlsx  times=[8, 10, 12, 14]
      → B(idx=156) 20240910_10ppm钙离子污染测试_新版电解槽_ion_column_gamry_[12, 14, 16, 18].xlsx  times=[12, 14, 16, 18]  dummy=False
  [21] A(idx=410) 20240910_10ppm钙离子污染测试_新版电解槽_ion_column_gamry_[10, 12, 14, 16].xlsx  times=[10, 12, 14, 16]
      → B(idx=366) 20240910_10ppm钙离子污染测试_新版电解槽_ion_column_gamry_[14, 16, 18, 20].xlsx  times=[14, 16, 18, 20]  dummy=False
  [22] A(idx=156) 20240910_10ppm钙离子污染测试_新版电解槽_ion_column_gamry_[12, 14, 16, 18].xlsx  times=[12, 14, 16, 18]
      → B(idx=156) 20240910_10ppm钙离子污染测试_新版电解槽_ion_column_gamry_[12, 14, 16, 18].xlsx  times=[12, 14, 16, 18]  dummy=True
  [23] A(idx=366) 20240910_10ppm钙离子污染测试_新版电解槽_ion_column_gamry_[14, 16, 18, 20].xlsx  times=[14, 16, 18, 20]
      → B(idx=366) 20240910_10ppm钙离子污染测试_新版电解槽_ion_column_gamry_[14, 16, 18, 20].xlsx  times=[14, 16, 18, 20]  dummy=True
  [24] A(idx=94) 20241006_2ppm铬离子污染测试_旧版电解槽_ion_firecloud_[0, 2, 4, 6].xlsx  times=[0, 2, 4, 6]
      → B(idx=94) 20241006_2ppm铬离子污染测试_旧版电解槽_ion_firecloud_[0, 2, 4, 6].xlsx  times=[0, 2, 4, 6]  dummy=True
  [25] A(idx=550) 20241006_2ppm铬离子污染测试_旧版电解槽_ion_firecloud_[2, 4, 6, 8].xlsx  times=[2, 4, 6, 8]
      → B(idx=550) 20241006_2ppm铬离子污染测试_旧版电解槽_ion_firecloud_[2, 4, 6, 8].xlsx  times=[2, 4, 6, 8]  dummy=True
  [26] A(idx=538) 20241006_2ppm铬离子污染测试_旧版电解槽_ion_firecloud_[16, 18, 20, 22].xlsx  times=[16, 18, 20, 22]
      → B(idx=430) 20241006_2ppm铬离子污染测试_旧版电解槽_ion_firecloud_[20, 22, 24, 26].xlsx  times=[20, 22, 24, 26]  dummy=False
  [27] A(idx=32) 20241006_2ppm铬离子污染测试_旧版电解槽_ion_firecloud_[18, 20, 22, 24].xlsx  times=[18, 20, 22, 24]
      → B(idx=2) 20241006_2ppm铬离子污染测试_旧版电解槽_ion_firecloud_[22, 24, 26, 28].xlsx  times=[22, 24, 26, 28]  dummy=False
  [28] A(idx=430) 20241006_2ppm铬离子污染测试_旧版电解槽_ion_firecloud_[20, 22, 24, 26].xlsx  times=[20, 22, 24, 26]
      → B(idx=87) 20241006_2ppm铬离子污染测试_旧版电解槽_ion_firecloud_[24, 26, 28, 30].xlsx  times=[24, 26, 28, 30]  dummy=False
  [29] A(idx=2) 20241006_2ppm铬离子污染测试_旧版电解槽_ion_firecloud_[22, 24, 26, 28].xlsx  times=[22, 24, 26, 28]
      → B(idx=260) 20241006_2ppm铬离子污染测试_旧版电解槽_ion_firecloud_[26, 28, 30, 32].xlsx  times=[26, 28, 30, 32]  dummy=False
  [30] A(idx=87) 20241006_2ppm铬离子污染测试_旧版电解槽_ion_firecloud_[24, 26, 28, 30].xlsx  times=[24, 26, 28, 30]
      → B(idx=569) 20241006_2ppm铬离子污染测试_旧版电解槽_ion_firecloud_[28, 30, 32, 34].xlsx  times=[28, 30, 32, 34]  dummy=False
  [31] A(idx=260) 20241006_2ppm铬离子污染测试_旧版电解槽_ion_firecloud_[26, 28, 30, 32].xlsx  times=[26, 28, 30, 32]
      → B(idx=255) 20241006_2ppm铬离子污染测试_旧版电解槽_ion_firecloud_[30, 32, 34, 36].xlsx  times=[30, 32, 34, 36]  dummy=False
  [32] A(idx=569) 20241006_2ppm铬离子污染测试_旧版电解槽_ion_firecloud_[28, 30, 32, 34].xlsx  times=[28, 30, 32, 34]
      → B(idx=576) 20241006_2ppm铬离子污染测试_旧版电解槽_ion_firecloud_[32, 34, 36, 38].xlsx  times=[32, 34, 36, 38]  dummy=False
  [33] A(idx=255) 20241006_2ppm铬离子污染测试_旧版电解槽_ion_firecloud_[30, 32, 34, 36].xlsx  times=[30, 32, 34, 36]
      → B(idx=269) 20241006_2ppm铬离子污染测试_旧版电解槽_ion_firecloud_[34, 36, 38, 40].xlsx  times=[34, 36, 38, 40]  dummy=False
  [34] A(idx=576) 20241006_2ppm铬离子污染测试_旧版电解槽_ion_firecloud_[32, 34, 36, 38].xlsx  times=[32, 34, 36, 38]
      → B(idx=96) 20241006_2ppm铬离子污染测试_旧版电解槽_ion_firecloud_[36, 38, 40, 42].xlsx  times=[36, 38, 40, 42]  dummy=False
  [35] A(idx=269) 20241006_2ppm铬离子污染测试_旧版电解槽_ion_firecloud_[34, 36, 38, 40].xlsx  times=[34, 36, 38, 40]
      → B(idx=683) 20241006_2ppm铬离子污染测试_旧版电解槽_ion_firecloud_[38, 40, 42, 44].xlsx  times=[38, 40, 42, 44]  dummy=False
  [36] A(idx=96) 20241006_2ppm铬离子污染测试_旧版电解槽_ion_firecloud_[36, 38, 40, 42].xlsx  times=[36, 38, 40, 42]
      → B(idx=114) 20241006_2ppm铬离子污染测试_旧版电解槽_ion_firecloud_[40, 42, 44, 46].xlsx  times=[40, 42, 44, 46]  dummy=False
  [37] A(idx=683) 20241006_2ppm铬离子污染测试_旧版电解槽_ion_firecloud_[38, 40, 42, 44].xlsx  times=[38, 40, 42, 44]
      → B(idx=434) 20241006_2ppm铬离子污染测试_旧版电解槽_ion_firecloud_[42, 44, 46, 48].xlsx  times=[42, 44, 46, 48]  dummy=False
  [38] A(idx=114) 20241006_2ppm铬离子污染测试_旧版电解槽_ion_firecloud_[40, 42, 44, 46].xlsx  times=[40, 42, 44, 46]
      → B(idx=84) 20241006_2ppm铬离子污染测试_旧版电解槽_ion_firecloud_[44, 46, 48, 50].xlsx  times=[44, 46, 48, 50]  dummy=False
  [39] A(idx=434) 20241006_2ppm铬离子污染测试_旧版电解槽_ion_firecloud_[42, 44, 46, 48].xlsx  times=[42, 44, 46, 48]
      → B(idx=565) 20241006_2ppm铬离子污染测试_旧版电解槽_ion_firecloud_[46, 48, 50, 52].xlsx  times=[46, 48, 50, 52]  dummy=False
  [40] A(idx=84) 20241006_2ppm铬离子污染测试_旧版电解槽_ion_firecloud_[44, 46, 48, 50].xlsx  times=[44, 46, 48, 50]
      → B(idx=84) 20241006_2ppm铬离子污染测试_旧版电解槽_ion_firecloud_[44, 46, 48, 50].xlsx  times=[44, 46, 48, 50]  dummy=True
  [41] A(idx=565) 20241006_2ppm铬离子污染测试_旧版电解槽_ion_firecloud_[46, 48, 50, 52].xlsx  times=[46, 48, 50, 52]
      → B(idx=565) 20241006_2ppm铬离子污染测试_旧版电解槽_ion_firecloud_[46, 48, 50, 52].xlsx  times=[46, 48, 50, 52]  dummy=True
  [42] A(idx=45) 20241117_2ppm钠离子污染及恢复测试40摄氏度_新版电解槽_ion_gamry_[14, 16, 18, 20].xlsx  times=[14, 16, 18, 20]
      → B(idx=523) 20241117_2ppm钠离子污染及恢复测试40摄氏度_新版电解槽_ion_gamry_[18, 20, 22, 24].xlsx  times=[18, 20, 22, 24]  dummy=False
  [43] A(idx=564) 20241117_2ppm钠离子污染及恢复测试40摄氏度_新版电解槽_ion_gamry_[16, 18, 20, 22].xlsx  times=[16, 18, 20, 22]
      → B(idx=154) 20241117_2ppm钠离子污染及恢复测试40摄氏度_新版电解槽_ion_gamry_[20, 22, 24, 26].xlsx  times=[20, 22, 24, 26]  dummy=False
  [44] A(idx=523) 20241117_2ppm钠离子污染及恢复测试40摄氏度_新版电解槽_ion_gamry_[18, 20, 22, 24].xlsx  times=[18, 20, 22, 24]
      → B(idx=3) 20241117_2ppm钠离子污染及恢复测试40摄氏度_新版电解槽_ion_gamry_[22, 24, 26, 28].xlsx  times=[22, 24, 26, 28]  dummy=False
  [45] A(idx=154) 20241117_2ppm钠离子污染及恢复测试40摄氏度_新版电解槽_ion_gamry_[20, 22, 24, 26].xlsx  times=[20, 22, 24, 26]
      → B(idx=449) 20241117_2ppm钠离子污染及恢复测试40摄氏度_新版电解槽_ion_gamry_[24, 26, 28, 30].xlsx  times=[24, 26, 28, 30]  dummy=False
  [46] A(idx=3) 20241117_2ppm钠离子污染及恢复测试40摄氏度_新版电解槽_ion_gamry_[22, 24, 26, 28].xlsx  times=[22, 24, 26, 28]
      → B(idx=34) 20241117_2ppm钠离子污染及恢复测试40摄氏度_新版电解槽_ion_gamry_[26, 28, 30, 32].xlsx  times=[26, 28, 30, 32]  dummy=False
  [47] A(idx=449) 20241117_2ppm钠离子污染及恢复测试40摄氏度_新版电解槽_ion_gamry_[24, 26, 28, 30].xlsx  times=[24, 26, 28, 30]
      → B(idx=323) 20241117_2ppm钠离子污染及恢复测试40摄氏度_新版电解槽_ion_gamry_[28, 30, 32, 34].xlsx  times=[28, 30, 32, 34]  dummy=False
  [48] A(idx=34) 20241117_2ppm钠离子污染及恢复测试40摄氏度_新版电解槽_ion_gamry_[26, 28, 30, 32].xlsx  times=[26, 28, 30, 32]
      → B(idx=659) 20241117_2ppm钠离子污染及恢复测试40摄氏度_新版电解槽_ion_gamry_[30, 32, 34, 36].xlsx  times=[30, 32, 34, 36]  dummy=False
  [49] A(idx=323) 20241117_2ppm钠离子污染及恢复测试40摄氏度_新版电解槽_ion_gamry_[28, 30, 32, 34].xlsx  times=[28, 30, 32, 34]
      → B(idx=579) 20241117_2ppm钠离子污染及恢复测试40摄氏度_新版电解槽_ion_gamry_[32, 34, 36, 38].xlsx  times=[32, 34, 36, 38]  dummy=False
  [50] A(idx=659) 20241117_2ppm钠离子污染及恢复测试40摄氏度_新版电解槽_ion_gamry_[30, 32, 34, 36].xlsx  times=[30, 32, 34, 36]
      → B(idx=350) 20241117_2ppm钠离子污染及恢复测试40摄氏度_新版电解槽_ion_gamry_[34, 36, 38, 40].xlsx  times=[34, 36, 38, 40]  dummy=False

[PairDataset][Summary]
- total files:        706
- parsed OK:          706
- regex fail:         0
- parse times fail:   0
- empty times:        0
- total pairs:        706  (keep_unpaired=self)
- distinct prefixes:  96
- prefixes coverage (first few):
  [1] 20241107_0.1ppm钙离子污染及恢复测试_新版电解槽_ion_firecloud_[* -> windows=15, adj_pairs=9/14
  [2] 20240910_10ppm钙离子污染测试_新版电解槽_ion_column_gamry_[* -> windows=8, adj_pairs=5/7
  [3] 20241006_2ppm铬离子污染测试_旧版电解槽_ion_firecloud_[* -> windows=18, adj_pairs=13/17
  [4] 20241117_2ppm钠离子污染及恢复测试40摄氏度_新版电解槽_ion_gamry_[* -> windows=13, adj_pairs=10/12
  [5] 20241227_10ppm铜离子污染及恢复测试_旧版电解槽_ion_gamry_[* -> windows=15, adj_pairs=10/14
  [6] 20241003_2ppm镍离子污染测试_新版电解槽_ion_gamry_[* -> windows=7, adj_pairs=1/6
  [7] 20241112_2ppm钠离子污染和恢复测试80摄氏度_新版电解槽_ion_column_renew_H2SO4_gamry_[* -> windows=13, adj_pairs=10/12
  [8] 20240910_10ppm钙离子污染测试_新版电解槽_ion_gamry_[* -> windows=10, adj_pairs=2/9
  [9] 20241213_2ppm钠离子污染及恢复测试_新版电解槽_ion_column_renew_H2SO4_gamry_[* -> windows=7, adj_pairs=4/6
  [10] 20241010_2ppm钠离子污染测试_新版电解槽_ion_firecloud_[* -> windows=8, adj_pairs=2/7
- unadjacent gaps samples: 253 (showing first 0)

[PairDataset][Explain] focus_prefix_contains='20240915_2ppm铜离子污染测试_旧版电解槽_ion_firecloud_'
  - PREFIX: 20240915_2ppm铜离子污染测试_旧版电解槽_ion_firecloud_[* windows=11
    windows (sorted by first,last):
      · 20240915_2ppm铜离子污染测试_旧版电解槽_ion_firecloud_[0, 2, 4, 6].xlsx  -> times=[0, 2, 4, 6]  first=0 last=6
      · 20240915_2ppm铜离子污染测试_旧版电解槽_ion_firecloud_[2, 4, 6, 8].xlsx  -> times=[2, 4, 6, 8]  first=2 last=8
      · 20240915_2ppm铜离子污染测试_旧版电解槽_ion_firecloud_[4, 6, 8, 10].xlsx  -> times=[4, 6, 8, 10]  first=4 last=10
      · 20240915_2ppm铜离子污染测试_旧版电解槽_ion_firecloud_[6, 8, 10, 12].xlsx  -> times=[6, 8, 10, 12]  first=6 last=12
      · 20240915_2ppm铜离子污染测试_旧版电解槽_ion_firecloud_[8, 10, 12, 14].xlsx  -> times=[8, 10, 12, 14]  first=8 last=14
      · 20240915_2ppm铜离子污染测试_旧版电解槽_ion_firecloud_[10, 12, 14, 16].xlsx  -> times=[10, 12, 14, 16]  first=10 last=16
      · 20240915_2ppm铜离子污染测试_旧版电解槽_ion_firecloud_[12, 14, 16, 18].xlsx  -> times=[12, 14, 16, 18]  first=12 last=18
      · 20240915_2ppm铜离子污染测试_旧版电解槽_ion_firecloud_[14, 16, 18, 20].xlsx  -> times=[14, 16, 18, 20]  first=14 last=20
      · 20240915_2ppm铜离子污染测试_旧版电解槽_ion_firecloud_[16, 18, 20, 22].xlsx  -> times=[16, 18, 20, 22]  first=16 last=22
      · 20240915_2ppm铜离子污染测试_旧版电解槽_ion_firecloud_[18, 20, 22, 24].xlsx  -> times=[18, 20, 22, 24]  first=18 last=24
      · 20240915_2ppm铜离子污染测试_旧版电解槽_ion_firecloud_[20, 22, 24, 26].xlsx  -> times=[20, 22, 24, 26]  first=20 last=26
      MISS: 6 -> 2   (20240915_2ppm铜离子污染测试_旧版电解槽_ion_firecloud_[0, 2, 4, 6].xlsx  →  20240915_2ppm铜离子污染测试_旧版电解槽_ion_firecloud_[2, 4, 6, 8].xlsx)
      MISS: 8 -> 4   (20240915_2ppm铜离子污染测试_旧版电解槽_ion_firecloud_[2, 4, 6, 8].xlsx  →  20240915_2ppm铜离子污染测试_旧版电解槽_ion_firecloud_[4, 6, 8, 10].xlsx)
      MISS: 10 -> 6   (20240915_2ppm铜离子污染测试_旧版电解槽_ion_firecloud_[4, 6, 8, 10].xlsx  →  20240915_2ppm铜离子污染测试_旧版电解槽_ion_firecloud_[6, 8, 10, 12].xlsx)
      MISS: 12 -> 8   (20240915_2ppm铜离子污染测试_旧版电解槽_ion_firecloud_[6, 8, 10, 12].xlsx  →  20240915_2ppm铜离子污染测试_旧版电解槽_ion_firecloud_[8, 10, 12, 14].xlsx)
      MISS: 14 -> 10   (20240915_2ppm铜离子污染测试_旧版电解槽_ion_firecloud_[8, 10, 12, 14].xlsx  →  20240915_2ppm铜离子污染测试_旧版电解槽_ion_firecloud_[10, 12, 14, 16].xlsx)
      MISS: 16 -> 12   (20240915_2ppm铜离子污染测试_旧版电解槽_ion_firecloud_[10, 12, 14, 16].xlsx  →  20240915_2ppm铜离子污染测试_旧版电解槽_ion_firecloud_[12, 14, 16, 18].xlsx)
      MISS: 18 -> 14   (20240915_2ppm铜离子污染测试_旧版电解槽_ion_firecloud_[12, 14, 16, 18].xlsx  →  20240915_2ppm铜离子污染测试_旧版电解槽_ion_firecloud_[14, 16, 18, 20].xlsx)
      MISS: 20 -> 16   (20240915_2ppm铜离子污染测试_旧版电解槽_ion_firecloud_[14, 16, 18, 20].xlsx  →  20240915_2ppm铜离子污染测试_旧版电解槽_ion_firecloud_[16, 18, 20, 22].xlsx)
      MISS: 22 -> 18   (20240915_2ppm铜离子污染测试_旧版电解槽_ion_firecloud_[16, 18, 20, 22].xlsx  →  20240915_2ppm铜离子污染测试_旧版电解槽_ion_firecloud_[18, 20, 22, 24].xlsx)
      MISS: 24 -> 20   (20240915_2ppm铜离子污染测试_旧版电解槽_ion_firecloud_[18, 20, 22, 24].xlsx  →  20240915_2ppm铜离子污染测试_旧版电解槽_ion_firecloud_[20, 22, 24, 26].xlsx)

[PairDataset][Example pairs] (show up to 50)
  [1] A(idx=0) 20240918_2ppm钙离子污染测试_新版电解槽_ion_gamry_[10, 12, 14, 16].xlsx  times=[10, 12, 14, 16]
      → B(idx=92) 20240918_2ppm钙离子污染测试_新版电解槽_ion_gamry_[14, 16, 18, 20].xlsx  times=[14, 16, 18, 20]  dummy=False
  [2] A(idx=92) 20240918_2ppm钙离子污染测试_新版电解槽_ion_gamry_[14, 16, 18, 20].xlsx  times=[14, 16, 18, 20]
      → B(idx=92) 20240918_2ppm钙离子污染测试_新版电解槽_ion_gamry_[14, 16, 18, 20].xlsx  times=[14, 16, 18, 20]  dummy=True
  [3] A(idx=1) 20241028_2ppm钠离子污染和恢复测试_旧版电解槽_ion_column_renew_H2SO4_gamry_[2, 4, 6, 8].xlsx  times=[2, 4, 6, 8]
      → B(idx=1) 20241028_2ppm钠离子污染和恢复测试_旧版电解槽_ion_column_renew_H2SO4_gamry_[2, 4, 6, 8].xlsx  times=[2, 4, 6, 8]  dummy=True
  [4] A(idx=94) 20241028_2ppm钠离子污染和恢复测试_旧版电解槽_ion_column_renew_H2SO4_gamry_[4, 6, 8, 10].xlsx  times=[4, 6, 8, 10]
      → B(idx=94) 20241028_2ppm钠离子污染和恢复测试_旧版电解槽_ion_column_renew_H2SO4_gamry_[4, 6, 8, 10].xlsx  times=[4, 6, 8, 10]  dummy=True
  [5] A(idx=125) 20241010_2ppm钠离子污染测试_新版电解槽_ion_column_firecloud_[6, 8, 10, 12].xlsx  times=[6, 8, 10, 12]
      → B(idx=125) 20241010_2ppm钠离子污染测试_新版电解槽_ion_column_firecloud_[6, 8, 10, 12].xlsx  times=[6, 8, 10, 12]  dummy=True
  [6] A(idx=2) 20241010_2ppm钠离子污染测试_新版电解槽_ion_column_firecloud_[8, 10, 12, 14].xlsx  times=[8, 10, 12, 14]
      → B(idx=2) 20241010_2ppm钠离子污染测试_新版电解槽_ion_column_firecloud_[8, 10, 12, 14].xlsx  times=[8, 10, 12, 14]  dummy=True
  [7] A(idx=20) 20241101_2ppm铜离子污染和恢复测试_旧版电解槽_ion_firecloud_[0, 2, 4, 6].xlsx  times=[0, 2, 4, 6]
      → B(idx=20) 20241101_2ppm铜离子污染和恢复测试_旧版电解槽_ion_firecloud_[0, 2, 4, 6].xlsx  times=[0, 2, 4, 6]  dummy=True
  [8] A(idx=3) 20241101_2ppm铜离子污染和恢复测试_旧版电解槽_ion_firecloud_[10, 12, 14, 16].xlsx  times=[10, 12, 14, 16]
      → B(idx=3) 20241101_2ppm铜离子污染和恢复测试_旧版电解槽_ion_firecloud_[10, 12, 14, 16].xlsx  times=[10, 12, 14, 16]  dummy=True
  [9] A(idx=31) 20241101_2ppm铜离子污染和恢复测试_旧版电解槽_ion_firecloud_[20, 22, 24, 26].xlsx  times=[20, 22, 24, 26]
      → B(idx=31) 20241101_2ppm铜离子污染和恢复测试_旧版电解槽_ion_firecloud_[20, 22, 24, 26].xlsx  times=[20, 22, 24, 26]  dummy=True
  [10] A(idx=48) 20240831_10ppm镍离子污染测试_新版电解槽_ion_gamry_[0, 2, 4, 6].xlsx  times=[0, 2, 4, 6]
      → B(idx=41) 20240831_10ppm镍离子污染测试_新版电解槽_ion_gamry_[4, 6, 8, 10].xlsx  times=[4, 6, 8, 10]  dummy=False
  [11] A(idx=41) 20240831_10ppm镍离子污染测试_新版电解槽_ion_gamry_[4, 6, 8, 10].xlsx  times=[4, 6, 8, 10]
      → B(idx=41) 20240831_10ppm镍离子污染测试_新版电解槽_ion_gamry_[4, 6, 8, 10].xlsx  times=[4, 6, 8, 10]  dummy=True
  [12] A(idx=139) 20240831_10ppm镍离子污染测试_新版电解槽_ion_gamry_[16, 18, 20, 22].xlsx  times=[16, 18, 20, 22]
      → B(idx=139) 20240831_10ppm镍离子污染测试_新版电解槽_ion_gamry_[16, 18, 20, 22].xlsx  times=[16, 18, 20, 22]  dummy=True
  [13] A(idx=4) 20240831_10ppm镍离子污染测试_新版电解槽_ion_gamry_[18, 20, 22, 24].xlsx  times=[18, 20, 22, 24]
      → B(idx=4) 20240831_10ppm镍离子污染测试_新版电解槽_ion_gamry_[18, 20, 22, 24].xlsx  times=[18, 20, 22, 24]  dummy=True
  [14] A(idx=5) 20241122_2ppm铜离子污染及恢复测试40摄氏度_新版电解槽_ion_column_renew_H2SO4_gamry_[14, 16, 18, 20].xlsx  times=[14, 16, 18, 20]
      → B(idx=5) 20241122_2ppm铜离子污染及恢复测试40摄氏度_新版电解槽_ion_column_renew_H2SO4_gamry_[14, 16, 18, 20].xlsx  times=[14, 16, 18, 20]  dummy=True
  [15] A(idx=93) 20241010_2ppm钠离子污染测试_新版电解槽_ion_firecloud_[4, 6, 8, 10].xlsx  times=[4, 6, 8, 10]
      → B(idx=93) 20241010_2ppm钠离子污染测试_新版电解槽_ion_firecloud_[4, 6, 8, 10].xlsx  times=[4, 6, 8, 10]  dummy=True
  [16] A(idx=104) 20241010_2ppm钠离子污染测试_新版电解槽_ion_firecloud_[12, 14, 16, 18].xlsx  times=[12, 14, 16, 18]
      → B(idx=135) 20241010_2ppm钠离子污染测试_新版电解槽_ion_firecloud_[16, 18, 20, 22].xlsx  times=[16, 18, 20, 22]  dummy=False
  [17] A(idx=135) 20241010_2ppm钠离子污染测试_新版电解槽_ion_firecloud_[16, 18, 20, 22].xlsx  times=[16, 18, 20, 22]
      → B(idx=135) 20241010_2ppm钠离子污染测试_新版电解槽_ion_firecloud_[16, 18, 20, 22].xlsx  times=[16, 18, 20, 22]  dummy=True
  [18] A(idx=6) 20241010_2ppm钠离子污染测试_新版电解槽_ion_firecloud_[36, 38, 40, 42].xlsx  times=[36, 38, 40, 42]
      → B(idx=6) 20241010_2ppm钠离子污染测试_新版电解槽_ion_firecloud_[36, 38, 40, 42].xlsx  times=[36, 38, 40, 42]  dummy=True
  [19] A(idx=55) 20241029_2ppm铁离子污染和恢复测试_新版电解槽_ion_firecloud_[26, 28, 30, 32].xlsx  times=[26, 28, 30, 32]
      → B(idx=7) 20241029_2ppm铁离子污染和恢复测试_新版电解槽_ion_firecloud_[30, 32, 34, 36].xlsx  times=[30, 32, 34, 36]  dummy=False
  [20] A(idx=7) 20241029_2ppm铁离子污染和恢复测试_新版电解槽_ion_firecloud_[30, 32, 34, 36].xlsx  times=[30, 32, 34, 36]
      → B(idx=141) 20241029_2ppm铁离子污染和恢复测试_新版电解槽_ion_firecloud_[34, 36, 38, 40].xlsx  times=[34, 36, 38, 40]  dummy=False
  [21] A(idx=141) 20241029_2ppm铁离子污染和恢复测试_新版电解槽_ion_firecloud_[34, 36, 38, 40].xlsx  times=[34, 36, 38, 40]
      → B(idx=141) 20241029_2ppm铁离子污染和恢复测试_新版电解槽_ion_firecloud_[34, 36, 38, 40].xlsx  times=[34, 36, 38, 40]  dummy=True
  [22] A(idx=47) 20241029_2ppm铁离子污染和恢复测试_新版电解槽_ion_firecloud_[46, 48, 50, 52].xlsx  times=[46, 48, 50, 52]
      → B(idx=47) 20241029_2ppm铁离子污染和恢复测试_新版电解槽_ion_firecloud_[46, 48, 50, 52].xlsx  times=[46, 48, 50, 52]  dummy=True
  [23] A(idx=8) 20241227_10ppm铜离子污染及恢复测试_旧版电解槽_ion_column_renew_H2SO4_gamry_[8, 10, 12, 14].xlsx  times=[8, 10, 12, 14]
      → B(idx=8) 20241227_10ppm铜离子污染及恢复测试_旧版电解槽_ion_column_renew_H2SO4_gamry_[8, 10, 12, 14].xlsx  times=[8, 10, 12, 14]  dummy=True
  [24] A(idx=88) 20241227_10ppm铜离子污染及恢复测试_旧版电解槽_ion_column_renew_H2SO4_gamry_[24, 26, 28, 30].xlsx  times=[24, 26, 28, 30]
      → B(idx=88) 20241227_10ppm铜离子污染及恢复测试_旧版电解槽_ion_column_renew_H2SO4_gamry_[24, 26, 28, 30].xlsx  times=[24, 26, 28, 30]  dummy=True
  [25] A(idx=134) 20241227_10ppm铜离子污染及恢复测试_旧版电解槽_ion_column_renew_H2SO4_gamry_[26, 28, 30, 32].xlsx  times=[26, 28, 30, 32]
      → B(idx=134) 20241227_10ppm铜离子污染及恢复测试_旧版电解槽_ion_column_renew_H2SO4_gamry_[26, 28, 30, 32].xlsx  times=[26, 28, 30, 32]  dummy=True
  [26] A(idx=27) 20241017_2ppm铬离子污染和恢复测试_新版电解槽_ion_gamry_[0, 2, 4, 6].xlsx  times=[0, 2, 4, 6]
      → B(idx=27) 20241017_2ppm铬离子污染和恢复测试_新版电解槽_ion_gamry_[0, 2, 4, 6].xlsx  times=[0, 2, 4, 6]  dummy=True
  [27] A(idx=9) 20241017_2ppm铬离子污染和恢复测试_新版电解槽_ion_gamry_[20, 22, 24, 26].xlsx  times=[20, 22, 24, 26]
      → B(idx=9) 20241017_2ppm铬离子污染和恢复测试_新版电解槽_ion_gamry_[20, 22, 24, 26].xlsx  times=[20, 22, 24, 26]  dummy=True
  [28] A(idx=10) 20241024_2ppm铁离子污染和恢复测试_新版电解槽_ion_column_renew_H2SO4_firecloud_[12, 14, 16, 18].xlsx  times=[12, 14, 16, 18]
      → B(idx=10) 20241024_2ppm铁离子污染和恢复测试_新版电解槽_ion_column_renew_H2SO4_firecloud_[12, 14, 16, 18].xlsx  times=[12, 14, 16, 18]  dummy=True
  [29] A(idx=136) 20241024_2ppm铁离子污染和恢复测试_新版电解槽_ion_column_renew_H2SO4_firecloud_[18, 20, 22, 24].xlsx  times=[18, 20, 22, 24]
      → B(idx=136) 20241024_2ppm铁离子污染和恢复测试_新版电解槽_ion_column_renew_H2SO4_firecloud_[18, 20, 22, 24].xlsx  times=[18, 20, 22, 24]  dummy=True
  [30] A(idx=11) 20241117_2ppm钠离子污染及恢复测试10mlmin_旧版电解槽_ion_gamry_[2, 4, 6, 8].xlsx  times=[2, 4, 6, 8]
      → B(idx=11) 20241117_2ppm钠离子污染及恢复测试10mlmin_旧版电解槽_ion_gamry_[2, 4, 6, 8].xlsx  times=[2, 4, 6, 8]  dummy=True
  [31] A(idx=140) 20241117_2ppm钠离子污染及恢复测试10mlmin_旧版电解槽_ion_gamry_[10, 12, 14, 16].xlsx  times=[10, 12, 14, 16]
      → B(idx=140) 20241117_2ppm钠离子污染及恢复测试10mlmin_旧版电解槽_ion_gamry_[10, 12, 14, 16].xlsx  times=[10, 12, 14, 16]  dummy=True
  [32] A(idx=78) 20241117_2ppm钠离子污染及恢复测试10mlmin_旧版电解槽_ion_gamry_[30, 32, 34, 36].xlsx  times=[30, 32, 34, 36]
      → B(idx=78) 20241117_2ppm钠离子污染及恢复测试10mlmin_旧版电解槽_ion_gamry_[30, 32, 34, 36].xlsx  times=[30, 32, 34, 36]  dummy=True
  [33] A(idx=138) 20241211_2ppm铜离子污染及恢复测试80摄氏度_旧版电解槽_ion_gamry_[28, 30, 32, 34].xlsx  times=[28, 30, 32, 34]
      → B(idx=12) 20241211_2ppm铜离子污染及恢复测试80摄氏度_旧版电解槽_ion_gamry_[32, 34, 36, 38].xlsx  times=[32, 34, 36, 38]  dummy=False
  [34] A(idx=12) 20241211_2ppm铜离子污染及恢复测试80摄氏度_旧版电解槽_ion_gamry_[32, 34, 36, 38].xlsx  times=[32, 34, 36, 38]
      → B(idx=12) 20241211_2ppm铜离子污染及恢复测试80摄氏度_旧版电解槽_ion_gamry_[32, 34, 36, 38].xlsx  times=[32, 34, 36, 38]  dummy=True
  [35] A(idx=108) 20241211_2ppm铜离子污染及恢复测试80摄氏度_旧版电解槽_ion_gamry_[38, 40, 42, 44].xlsx  times=[38, 40, 42, 44]
      → B(idx=108) 20241211_2ppm铜离子污染及恢复测试80摄氏度_旧版电解槽_ion_gamry_[38, 40, 42, 44].xlsx  times=[38, 40, 42, 44]  dummy=True
  [36] A(idx=143) 20241213_2ppm钠离子污染及恢复测试_新版电解槽_ion_gamry_[0, 2, 4, 6].xlsx  times=[0, 2, 4, 6]
      → B(idx=143) 20241213_2ppm钠离子污染及恢复测试_新版电解槽_ion_gamry_[0, 2, 4, 6].xlsx  times=[0, 2, 4, 6]  dummy=True
  [37] A(idx=70) 20241213_2ppm钠离子污染及恢复测试_新版电解槽_ion_gamry_[2, 4, 6, 8].xlsx  times=[2, 4, 6, 8]
      → B(idx=70) 20241213_2ppm钠离子污染及恢复测试_新版电解槽_ion_gamry_[2, 4, 6, 8].xlsx  times=[2, 4, 6, 8]  dummy=True
  [38] A(idx=13) 20241213_2ppm钠离子污染及恢复测试_新版电解槽_ion_gamry_[22, 24, 26, 28].xlsx  times=[22, 24, 26, 28]
      → B(idx=13) 20241213_2ppm钠离子污染及恢复测试_新版电解槽_ion_gamry_[22, 24, 26, 28].xlsx  times=[22, 24, 26, 28]  dummy=True
  [39] A(idx=14) 20240822_10ppm铜离子污染测试_新版电解槽_ion_gamry_[10, 12, 14, 16].xlsx  times=[10, 12, 14, 16]
      → B(idx=14) 20240822_10ppm铜离子污染测试_新版电解槽_ion_gamry_[10, 12, 14, 16].xlsx  times=[10, 12, 14, 16]  dummy=True
  [40] A(idx=51) 20241112_2ppm钠离子污染和恢复测试80摄氏度_新版电解槽_ion_gamry_[28, 30, 32, 34].xlsx  times=[28, 30, 32, 34]
      → B(idx=51) 20241112_2ppm钠离子污染和恢复测试80摄氏度_新版电解槽_ion_gamry_[28, 30, 32, 34].xlsx  times=[28, 30, 32, 34]  dummy=True
  [41] A(idx=126) 20241112_2ppm钠离子污染和恢复测试80摄氏度_新版电解槽_ion_gamry_[34, 36, 38, 40].xlsx  times=[34, 36, 38, 40]
      → B(idx=126) 20241112_2ppm钠离子污染和恢复测试80摄氏度_新版电解槽_ion_gamry_[34, 36, 38, 40].xlsx  times=[34, 36, 38, 40]  dummy=True
  [42] A(idx=15) 20241112_2ppm钠离子污染和恢复测试80摄氏度_新版电解槽_ion_gamry_[36, 38, 40, 42].xlsx  times=[36, 38, 40, 42]
      → B(idx=15) 20241112_2ppm钠离子污染和恢复测试80摄氏度_新版电解槽_ion_gamry_[36, 38, 40, 42].xlsx  times=[36, 38, 40, 42]  dummy=True
  [43] A(idx=16) 20240831_10ppm镍离子污染测试_新版电解槽_ion_column_gamry_[0, 2, 4, 6].xlsx  times=[0, 2, 4, 6]
      → B(idx=16) 20240831_10ppm镍离子污染测试_新版电解槽_ion_column_gamry_[0, 2, 4, 6].xlsx  times=[0, 2, 4, 6]  dummy=True
  [44] A(idx=17) 20241112_2ppm镍离子污染及恢复测试_旧版电解槽_ion_column_gamry_[12, 14, 16, 18].xlsx  times=[12, 14, 16, 18]
      → B(idx=17) 20241112_2ppm镍离子污染及恢复测试_旧版电解槽_ion_column_gamry_[12, 14, 16, 18].xlsx  times=[12, 14, 16, 18]  dummy=True
  [45] A(idx=18) 20241013_2ppm铝离子污染测试_新版电解槽_ion_column_firecloud_[8, 10, 12, 14].xlsx  times=[8, 10, 12, 14]
      → B(idx=18) 20241013_2ppm铝离子污染测试_新版电解槽_ion_column_firecloud_[8, 10, 12, 14].xlsx  times=[8, 10, 12, 14]  dummy=True
  [46] A(idx=90) 20241013_2ppm铝离子污染测试_新版电解槽_ion_column_firecloud_[16, 18, 20, 22].xlsx  times=[16, 18, 20, 22]
      → B(idx=90) 20241013_2ppm铝离子污染测试_新版电解槽_ion_column_firecloud_[16, 18, 20, 22].xlsx  times=[16, 18, 20, 22]  dummy=True
  [47] A(idx=19) 20241024_2ppm铁离子污染和恢复测试_新版电解槽_ion_column_firecloud_[2, 4, 6, 8].xlsx  times=[2, 4, 6, 8]
      → B(idx=19) 20241024_2ppm铁离子污染和恢复测试_新版电解槽_ion_column_firecloud_[2, 4, 6, 8].xlsx  times=[2, 4, 6, 8]  dummy=True
  [48] A(idx=56) 20241024_2ppm铁离子污染和恢复测试_新版电解槽_ion_column_firecloud_[10, 12, 14, 16].xlsx  times=[10, 12, 14, 16]
      → B(idx=56) 20241024_2ppm铁离子污染和恢复测试_新版电解槽_ion_column_firecloud_[10, 12, 14, 16].xlsx  times=[10, 12, 14, 16]  dummy=True
  [49] A(idx=67) 20241024_2ppm铁离子污染和恢复测试_新版电解槽_ion_column_firecloud_[18, 20, 22, 24].xlsx  times=[18, 20, 22, 24]
      → B(idx=67) 20241024_2ppm铁离子污染和恢复测试_新版电解槽_ion_column_firecloud_[18, 20, 22, 24].xlsx  times=[18, 20, 22, 24]  dummy=True
  [50] A(idx=21) 20240918_2ppm钙离子污染测试_新版电解槽_ion_column_gamry_[2, 4, 6, 8].xlsx  times=[2, 4, 6, 8]
      → B(idx=21) 20240918_2ppm钙离子污染测试_新版电解槽_ion_column_gamry_[2, 4, 6, 8].xlsx  times=[2, 4, 6, 8]  dummy=True

[PairDataset][Summary]
- total files:        146
- parsed OK:          146
- regex fail:         0
- parse times fail:   0
- empty times:        0
- total pairs:        146  (keep_unpaired=self)
- distinct prefixes:  77
- prefixes coverage (first few):
  [1] 20240918_2ppm钙离子污染测试_新版电解槽_ion_gamry_[* -> windows=2, adj_pairs=0/1
  [2] 20241028_2ppm钠离子污染和恢复测试_旧版电解槽_ion_column_renew_H2SO4_gamry_[* -> windows=2, adj_pairs=0/1
  [3] 20241010_2ppm钠离子污染测试_新版电解槽_ion_column_firecloud_[* -> windows=2, adj_pairs=0/1
  [4] 20241101_2ppm铜离子污染和恢复测试_旧版电解槽_ion_firecloud_[* -> windows=3, adj_pairs=0/2
  [5] 20240831_10ppm镍离子污染测试_新版电解槽_ion_gamry_[* -> windows=4, adj_pairs=0/3
  [6] 20241122_2ppm铜离子污染及恢复测试40摄氏度_新版电解槽_ion_column_renew_H2SO4_gamry_[* -> windows=1, adj_pairs=0/0
  [7] 20241010_2ppm钠离子污染测试_新版电解槽_ion_firecloud_[* -> windows=4, adj_pairs=0/3
  [8] 20241029_2ppm铁离子污染和恢复测试_新版电解槽_ion_firecloud_[* -> windows=4, adj_pairs=0/3
  [9] 20241227_10ppm铜离子污染及恢复测试_旧版电解槽_ion_column_renew_H2SO4_gamry_[* -> windows=3, adj_pairs=0/2
  [10] 20241017_2ppm铬离子污染和恢复测试_新版电解槽_ion_gamry_[* -> windows=2, adj_pairs=0/1
- unadjacent gaps samples: 131 (showing first 0)
num base train samples: 706
num base val   samples: 146
num pair train samples: 706
num pair val   samples: 146
dummy_mask[0] = False
🧩 新模型: 400,403 参数 (400,403 可训练)
📝 TensorBoard 日志目录: /home/kudouzala/Application/ion_detect/output/tensorboard/exp_new_j
🔥 Warmup: 100 epochs (LR × 0.01 → 1.0)
📈 Cosine Annealing LR 调度 (T_max=900)
[New] Epoch 1/1000 | classify: 4.2136 | voltage: 6.7374 | conc: 0.0002 | consistency: 0.5092 | polarity: 1.5342 | monodec: 0.0792 | rule: 227.1362 | group: 1.6308 | tree: 4.2334 | total: 4.6678
[New] Epoch 2/1000 | classify: 3.6504 | voltage: 6.5151 | conc: 0.0001 | consistency: 0.4991 | polarity: 1.5817 | monodec: 0.0749 | rule: 212.6501 | group: 1.5474 | tree: 4.1819 | total: 4.0861
[New] Epoch 3/1000 | classify: 3.3515 | voltage: 6.0691 | conc: 0.0002 | consistency: 0.5145 | polarity: 1.5860 | monodec: 0.0810 | rule: 219.6587 | group: 1.7010 | tree: 4.2436 | total: 3.7686
[New] Epoch 4/1000 | classify: 3.1791 | voltage: 5.6657 | conc: 0.0001 | consistency: 0.5014 | polarity: 1.6330 | monodec: 0.0782 | rule: 217.8711 | group: 1.6697 | tree: 4.5309 | total: 3.5752
[New] Epoch 5/1000 | classify: 3.0400 | voltage: 5.1360 | conc: 0.0001 | consistency: 0.4959 | polarity: 1.6916 | monodec: 0.0791 | rule: 230.8893 | group: 1.6112 | tree: 4.4733 | total: 3.4161
[New] Epoch 6/1000 | classify: 2.8885 | voltage: 4.6723 | conc: 0.0002 | consistency: 0.4804 | polarity: 1.8132 | monodec: 0.0732 | rule: 226.6908 | group: 1.6488 | tree: 4.3648 | total: 3.2392
[New] Epoch 7/1000 | classify: 2.8137 | voltage: 4.2361 | conc: 0.0002 | consistency: 0.4734 | polarity: 1.9186 | monodec: 0.0715 | rule: 256.8150 | group: 1.5500 | tree: 4.5764 | total: 3.1578
[New] Epoch 8/1000 | classify: 2.7218 | voltage: 4.0538 | conc: 0.0001 | consistency: 0.4656 | polarity: 1.9643 | monodec: 0.0727 | rule: 208.5795 | group: 1.6341 | tree: 4.3357 | total: 3.0326
[New] Epoch 9/1000 | classify: 2.6100 | voltage: 3.7422 | conc: 0.0002 | consistency: 0.4613 | polarity: 1.9015 | monodec: 0.0758 | rule: 201.3168 | group: 1.6959 | tree: 4.2387 | total: 2.9015
[New] Epoch 10/1000 | classify: 2.6759 | voltage: 3.3744 | conc: 0.0001 | consistency: 0.4519 | polarity: 1.9252 | monodec: 0.0700 | rule: 210.2496 | group: 1.7084 | tree: 4.3075 | total: 2.9535
--- 验证集 [epoch 10] ---
  准确率 (Accuracy):  0.5890
  精确率 (Precision): 0.1608
  召回率 (Recall):    0.2612
  F1 分数 (F1):       0.1979
✅ 模型已保存到 /home/kudouzala/Application/ion_detect/output/trained_model_save/exp_new_j/trained_model_epoch_best.pth
  🏆 新最佳 F1=0.1979，已保存 best 模型
[New] Epoch 11/1000 | classify: 2.7867 | voltage: 3.0807 | conc: 0.0001 | consistency: 0.4528 | polarity: 1.9662 | monodec: 0.0733 | rule: 239.6227 | group: 1.6031 | tree: 4.4178 | total: 3.0643
[New] Epoch 12/1000 | classify: 2.5482 | voltage: 2.7893 | conc: 0.0001 | consistency: 0.4504 | polarity: 1.9273 | monodec: 0.0727 | rule: 224.4516 | group: 1.5713 | tree: 4.3108 | total: 2.8036
[New] Epoch 13/1000 | classify: 2.7710 | voltage: 2.4874 | conc: 0.0001 | consistency: 0.4380 | polarity: 1.8653 | monodec: 0.0719 | rule: 226.4677 | group: 1.6262 | tree: 4.3164 | total: 3.0123
[New] Epoch 14/1000 | classify: 2.6050 | voltage: 2.3165 | conc: 0.0001 | consistency: 0.4203 | polarity: 1.8775 | monodec: 0.0670 | rule: 217.0014 | group: 1.5788 | tree: 4.3400 | total: 2.8330
[New] Epoch 15/1000 | classify: 2.5196 | voltage: 2.1134 | conc: 0.0001 | consistency: 0.4221 | polarity: 1.9542 | monodec: 0.0682 | rule: 215.9656 | group: 1.6171 | tree: 4.3241 | total: 2.7370
[New] Epoch 16/1000 | classify: 2.4713 | voltage: 1.9113 | conc: 0.0002 | consistency: 0.3915 | polarity: 1.9912 | monodec: 0.0621 | rule: 216.2079 | group: 1.4655 | tree: 4.2867 | total: 2.6786
[New] Epoch 17/1000 | classify: 2.5535 | voltage: 1.7361 | conc: 0.0001 | consistency: 0.3990 | polarity: 1.9123 | monodec: 0.0661 | rule: 214.9981 | group: 1.5494 | tree: 4.4875 | total: 2.7515
[New] Epoch 18/1000 | classify: 2.3912 | voltage: 1.6112 | conc: 0.0001 | consistency: 0.3934 | polarity: 2.0216 | monodec: 0.0648 | rule: 224.5716 | group: 1.4433 | tree: 4.2429 | total: 2.5876
[New] Epoch 19/1000 | classify: 2.3911 | voltage: 1.4508 | conc: 0.0001 | consistency: 0.3779 | polarity: 1.9437 | monodec: 0.0611 | rule: 209.7507 | group: 1.4462 | tree: 4.2932 | total: 2.5722
[New] Epoch 20/1000 | classify: 2.3720 | voltage: 1.3223 | conc: 0.0001 | consistency: 0.3677 | polarity: 1.9647 | monodec: 0.0607 | rule: 214.8026 | group: 1.4563 | tree: 4.2677 | total: 2.5491
--- 验证集 [epoch 20] ---
  准确率 (Accuracy):  0.6370
  精确率 (Precision): 0.4604
  召回率 (Recall):    0.3753
  F1 分数 (F1):       0.3730
✅ 模型已保存到 /home/kudouzala/Application/ion_detect/output/trained_model_save/exp_new_j/trained_model_epoch_best.pth
  🏆 新最佳 F1=0.3730，已保存 best 模型
[New] Epoch 21/1000 | classify: 2.3902 | voltage: 1.2079 | conc: 0.0001 | consistency: 0.3718 | polarity: 2.1499 | monodec: 0.0635 | rule: 209.2371 | group: 1.4925 | tree: 4.2457 | total: 2.5588
[New] Epoch 22/1000 | classify: 2.3872 | voltage: 1.1006 | conc: 0.0002 | consistency: 0.3605 | polarity: 2.2096 | monodec: 0.0637 | rule: 214.6467 | group: 1.4974 | tree: 4.2869 | total: 2.5533
[New] Epoch 23/1000 | classify: 2.3670 | voltage: 1.0230 | conc: 0.0001 | consistency: 0.3567 | polarity: 2.2307 | monodec: 0.0642 | rule: 215.5969 | group: 1.4587 | tree: 4.0142 | total: 2.5295
[New] Epoch 24/1000 | classify: 2.3768 | voltage: 0.9357 | conc: 0.0001 | consistency: 0.3427 | polarity: 2.2482 | monodec: 0.0617 | rule: 208.7196 | group: 1.4865 | tree: 4.3479 | total: 2.5317
[New] Epoch 25/1000 | classify: 2.2798 | voltage: 0.8927 | conc: 0.0001 | consistency: 0.3374 | polarity: 2.2858 | monodec: 0.0612 | rule: 205.2334 | group: 1.4471 | tree: 4.3550 | total: 2.4307
[New] Epoch 26/1000 | classify: 2.2647 | voltage: 0.8419 | conc: 0.0002 | consistency: 0.3431 | polarity: 2.2410 | monodec: 0.0645 | rule: 205.2998 | group: 1.4306 | tree: 4.0910 | total: 2.4130
[New] Epoch 27/1000 | classify: 2.2112 | voltage: 0.7417 | conc: 0.0001 | consistency: 0.3228 | polarity: 2.2485 | monodec: 0.0587 | rule: 211.7082 | group: 1.3896 | tree: 4.0390 | total: 2.3577
[New] Epoch 28/1000 | classify: 2.3303 | voltage: 1.1044 | conc: 0.0001 | consistency: 0.3367 | polarity: 2.7279 | monodec: 0.0554 | rule: 206.3254 | group: 1.4997 | tree: 4.2780 | total: 2.4924
[New] Epoch 29/1000 | classify: 2.2753 | voltage: 1.0649 | conc: 0.0001 | consistency: 0.3316 | polarity: 2.7300 | monodec: 0.0597 | rule: 198.3027 | group: 1.4603 | tree: 4.1462 | total: 2.4314
[New] Epoch 30/1000 | classify: 2.2473 | voltage: 0.8669 | conc: 0.0002 | consistency: 0.3281 | polarity: 2.6455 | monodec: 0.0577 | rule: 222.4575 | group: 1.4371 | tree: 4.1454 | total: 2.4056
--- 验证集 [epoch 30] ---
  准确率 (Accuracy):  0.6370
  精确率 (Precision): 0.4866
  召回率 (Recall):    0.4183
  F1 分数 (F1):       0.4290
✅ 模型已保存到 /home/kudouzala/Application/ion_detect/output/trained_model_save/exp_new_j/trained_model_epoch_best.pth
  🏆 新最佳 F1=0.4290，已保存 best 模型
[New] Epoch 31/1000 | classify: 2.2339 | voltage: 0.7819 | conc: 0.0001 | consistency: 0.3115 | polarity: 2.5330 | monodec: 0.0575 | rule: 211.5557 | group: 1.4266 | tree: 4.0945 | total: 2.3824
[New] Epoch 32/1000 | classify: 2.2532 | voltage: 0.6676 | conc: 0.0001 | consistency: 0.3177 | polarity: 2.5989 | monodec: 0.0604 | rule: 213.8101 | group: 1.4260 | tree: 4.1648 | total: 2.3971
[New] Epoch 33/1000 | classify: 2.1840 | voltage: 0.6056 | conc: 0.0001 | consistency: 0.3095 | polarity: 2.7218 | monodec: 0.0572 | rule: 233.8957 | group: 1.3621 | tree: 4.0572 | total: 2.3347
[New] Epoch 34/1000 | classify: 2.2386 | voltage: 0.5622 | conc: 0.0002 | consistency: 0.3076 | polarity: 2.7711 | monodec: 0.0584 | rule: 221.7494 | group: 1.4095 | tree: 4.2978 | total: 2.3813
[New] Epoch 35/1000 | classify: 2.1898 | voltage: 0.5462 | conc: 0.0001 | consistency: 0.2871 | polarity: 2.6207 | monodec: 0.0538 | rule: 197.2815 | group: 1.4447 | tree: 4.1007 | total: 2.3194
[New] Epoch 36/1000 | classify: 2.0976 | voltage: 0.4722 | conc: 0.0001 | consistency: 0.2949 | polarity: 2.6079 | monodec: 0.0591 | rule: 203.1294 | group: 1.3688 | tree: 4.2179 | total: 2.2263
[New] Epoch 37/1000 | classify: 2.1812 | voltage: 0.4458 | conc: 0.0002 | consistency: 0.2781 | polarity: 2.6891 | monodec: 0.0534 | rule: 204.9255 | group: 1.4105 | tree: 4.0538 | total: 2.3095
[New] Epoch 38/1000 | classify: 2.0703 | voltage: 0.4300 | conc: 0.0001 | consistency: 0.2887 | polarity: 2.6926 | monodec: 0.0545 | rule: 206.5230 | group: 1.3516 | tree: 4.1271 | total: 2.1986
[New] Epoch 39/1000 | classify: 2.1652 | voltage: 0.4086 | conc: 0.0001 | consistency: 0.2923 | polarity: 2.8341 | monodec: 0.0587 | rule: 223.8478 | group: 1.3463 | tree: 3.9439 | total: 2.3010
[New] Epoch 40/1000 | classify: 2.1831 | voltage: 0.3820 | conc: 0.0001 | consistency: 0.2711 | polarity: 2.6785 | monodec: 0.0541 | rule: 202.0208 | group: 1.3863 | tree: 4.1034 | total: 2.3068
--- 验证集 [epoch 40] ---
  准确率 (Accuracy):  0.7260
  精确率 (Precision): 0.5705
  召回率 (Recall):    0.5489
  F1 分数 (F1):       0.5486
✅ 模型已保存到 /home/kudouzala/Application/ion_detect/output/trained_model_save/exp_new_j/trained_model_epoch_best.pth
  🏆 新最佳 F1=0.5486，已保存 best 模型
[New] Epoch 41/1000 | classify: 1.9707 | voltage: 0.3476 | conc: 0.0001 | consistency: 0.2959 | polarity: 2.7833 | monodec: 0.0626 | rule: 188.9032 | group: 1.3658 | tree: 3.9883 | total: 2.0861
[New] Epoch 42/1000 | classify: 2.1469 | voltage: 0.3271 | conc: 0.0001 | consistency: 0.2882 | polarity: 2.7543 | monodec: 0.0592 | rule: 205.6493 | group: 1.3765 | tree: 4.0346 | total: 2.2696
[New] Epoch 43/1000 | classify: 2.0006 | voltage: 0.3191 | conc: 0.0001 | consistency: 0.2747 | polarity: 2.8062 | monodec: 0.0591 | rule: 183.8615 | group: 1.3783 | tree: 4.0345 | total: 2.1121
[New] Epoch 44/1000 | classify: 1.9780 | voltage: 0.2890 | conc: 0.0001 | consistency: 0.2750 | polarity: 2.7087 | monodec: 0.0551 | rule: 234.8460 | group: 1.3437 | tree: 3.9598 | total: 2.1133
[New] Epoch 45/1000 | classify: 2.0197 | voltage: 0.2606 | conc: 0.0001 | consistency: 0.2761 | polarity: 2.7449 | monodec: 0.0536 | rule: 214.9797 | group: 1.3353 | tree: 4.2075 | total: 2.1438
[New] Epoch 46/1000 | classify: 2.0741 | voltage: 0.2709 | conc: 0.0001 | consistency: 0.2713 | polarity: 2.7163 | monodec: 0.0541 | rule: 228.3123 | group: 1.3265 | tree: 4.1102 | total: 2.2053
[New] Epoch 47/1000 | classify: 1.9655 | voltage: 0.2686 | conc: 0.0001 | consistency: 0.2668 | polarity: 2.6411 | monodec: 0.0514 | rule: 209.9941 | group: 1.3379 | tree: 4.0017 | total: 2.0874
[New] Epoch 48/1000 | classify: 2.0089 | voltage: 0.2445 | conc: 0.0001 | consistency: 0.2834 | polarity: 2.7626 | monodec: 0.0592 | rule: 211.1434 | group: 1.3414 | tree: 4.0932 | total: 2.1302
[New] Epoch 49/1000 | classify: 1.7562 | voltage: 0.2664 | conc: 0.0001 | consistency: 0.2641 | polarity: 2.7705 | monodec: 0.0510 | rule: 194.7804 | group: 1.3284 | tree: 3.9813 | total: 1.8704
[New] Epoch 50/1000 | classify: 1.8705 | voltage: 0.2569 | conc: 0.0001 | consistency: 0.2819 | polarity: 2.7866 | monodec: 0.0615 | rule: 199.2427 | group: 1.3232 | tree: 3.9493 | total: 1.9865
--- 验证集 [epoch 50] ---
  准确率 (Accuracy):  0.7740
  精确率 (Precision): 0.6609
  召回率 (Recall):    0.6261
  F1 分数 (F1):       0.6358
✅ 模型已保存到 /home/kudouzala/Application/ion_detect/output/trained_model_save/exp_new_j/trained_model_epoch_best.pth
  🏆 新最佳 F1=0.6358，已保存 best 模型
✅ 模型已保存到 /home/kudouzala/Application/ion_detect/output/trained_model_save/exp_new_j/trained_model_epoch_50.pth
📁 损失值已保存到 /home/kudouzala/Application/ion_detect/output/trained_model_save/exp_new_j/training_loss_epoch_50.csv
[New] Epoch 51/1000 | classify: 1.9180 | voltage: 0.2222 | conc: 0.0001 | consistency: 0.2591 | polarity: 2.7837 | monodec: 0.0523 | rule: 212.9009 | group: 1.2918 | tree: 3.8920 | total: 2.0390
[New] Epoch 52/1000 | classify: 1.8795 | voltage: 0.2261 | conc: 0.0001 | consistency: 0.2608 | polarity: 2.8392 | monodec: 0.0531 | rule: 197.6694 | group: 1.2823 | tree: 3.9125 | total: 1.9931
[New] Epoch 53/1000 | classify: 1.7953 | voltage: 0.2300 | conc: 0.0001 | consistency: 0.2760 | polarity: 2.8378 | monodec: 0.0607 | rule: 208.2020 | group: 1.2990 | tree: 3.9999 | total: 1.9143
[New] Epoch 54/1000 | classify: 1.8106 | voltage: 0.2278 | conc: 0.0001 | consistency: 0.2666 | polarity: 2.9471 | monodec: 0.0542 | rule: 218.1866 | group: 1.3188 | tree: 3.9239 | total: 1.9346
[New] Epoch 55/1000 | classify: 1.8358 | voltage: 0.2334 | conc: 0.0001 | consistency: 0.2549 | polarity: 2.9676 | monodec: 0.0505 | rule: 199.9910 | group: 1.3330 | tree: 4.0411 | total: 1.9511
[New] Epoch 56/1000 | classify: 1.7464 | voltage: 0.2235 | conc: 0.0001 | consistency: 0.2484 | polarity: 3.0046 | monodec: 0.0489 | rule: 203.3828 | group: 1.3036 | tree: 3.7987 | total: 1.8626
[New] Epoch 57/1000 | classify: 1.7613 | voltage: 0.2287 | conc: 0.0001 | consistency: 0.2648 | polarity: 3.0404 | monodec: 0.0580 | rule: 211.2055 | group: 1.2933 | tree: 3.8945 | total: 1.8818
[New] Epoch 58/1000 | classify: 1.7692 | voltage: 0.2106 | conc: 0.0001 | consistency: 0.2549 | polarity: 3.0685 | monodec: 0.0557 | rule: 203.6801 | group: 1.2967 | tree: 3.8360 | total: 1.8849
[New] Epoch 59/1000 | classify: 1.6876 | voltage: 0.1984 | conc: 0.0001 | consistency: 0.2582 | polarity: 3.0926 | monodec: 0.0542 | rule: 212.4566 | group: 1.3071 | tree: 3.9642 | total: 1.8073
[New] Epoch 60/1000 | classify: 1.6689 | voltage: 0.1829 | conc: 0.0001 | consistency: 0.2507 | polarity: 3.0803 | monodec: 0.0517 | rule: 212.4309 | group: 1.3046 | tree: 3.9441 | total: 1.7877
--- 验证集 [epoch 60] ---
  准确率 (Accuracy):  0.7740
  精确率 (Precision): 0.6268
  召回率 (Recall):    0.6253
  F1 分数 (F1):       0.6255
[New] Epoch 61/1000 | classify: 1.6566 | voltage: 0.1885 | conc: 0.0002 | consistency: 0.2429 | polarity: 3.0123 | monodec: 0.0518 | rule: 212.3647 | group: 1.2988 | tree: 3.7873 | total: 1.7757
[New] Epoch 62/1000 | classify: 1.8139 | voltage: 0.1799 | conc: 0.0001 | consistency: 0.2359 | polarity: 2.9470 | monodec: 0.0489 | rule: 198.1388 | group: 1.3004 | tree: 3.7235 | total: 1.9253
[New] Epoch 63/1000 | classify: 1.7141 | voltage: 0.1942 | conc: 0.0002 | consistency: 0.2354 | polarity: 2.9617 | monodec: 0.0483 | rule: 228.4273 | group: 1.2994 | tree: 3.8642 | total: 1.8415
[New] Epoch 64/1000 | classify: 1.6886 | voltage: 0.1888 | conc: 0.0001 | consistency: 0.2404 | polarity: 2.9843 | monodec: 0.0499 | rule: 230.5001 | group: 1.3094 | tree: 3.8848 | total: 1.8167
[New] Epoch 65/1000 | classify: 1.6427 | voltage: 0.1735 | conc: 0.0001 | consistency: 0.2436 | polarity: 3.0821 | monodec: 0.0508 | rule: 223.6717 | group: 1.2908 | tree: 3.9073 | total: 1.7667
[New] Epoch 66/1000 | classify: 1.6822 | voltage: 0.1842 | conc: 0.0001 | consistency: 0.2425 | polarity: 2.9287 | monodec: 0.0520 | rule: 223.5790 | group: 1.3169 | tree: 3.8232 | total: 1.8066
[New] Epoch 67/1000 | classify: 1.6826 | voltage: 0.1828 | conc: 0.0001 | consistency: 0.2344 | polarity: 3.0301 | monodec: 0.0505 | rule: 186.9366 | group: 1.3102 | tree: 3.9692 | total: 1.7887
[New] Epoch 68/1000 | classify: 1.6792 | voltage: 0.1661 | conc: 0.0002 | consistency: 0.2445 | polarity: 3.0127 | monodec: 0.0541 | rule: 207.5367 | group: 1.3046 | tree: 3.8775 | total: 1.7948
[New] Epoch 69/1000 | classify: 1.7082 | voltage: 0.1639 | conc: 0.0001 | consistency: 0.2344 | polarity: 2.9954 | monodec: 0.0473 | rule: 214.8361 | group: 1.3071 | tree: 3.9038 | total: 1.8273
[New] Epoch 70/1000 | classify: 1.6462 | voltage: 0.1553 | conc: 0.0001 | consistency: 0.2369 | polarity: 2.8936 | monodec: 0.0501 | rule: 195.3348 | group: 1.3097 | tree: 3.9487 | total: 1.7551
--- 验证集 [epoch 70] ---
  准确率 (Accuracy):  0.7671
  精确率 (Precision): 0.6134
  召回率 (Recall):    0.6061
  F1 分数 (F1):       0.6064
[New] Epoch 71/1000 | classify: 1.5727 | voltage: 0.1686 | conc: 0.0001 | consistency: 0.2349 | polarity: 2.8493 | monodec: 0.0482 | rule: 203.4955 | group: 1.2902 | tree: 3.8464 | total: 1.6862
[New] Epoch 72/1000 | classify: 1.5618 | voltage: 0.1646 | conc: 0.0002 | consistency: 0.2399 | polarity: 2.8679 | monodec: 0.0504 | rule: 223.1656 | group: 1.2838 | tree: 3.8657 | total: 1.6851
[New] Epoch 73/1000 | classify: 1.5810 | voltage: 0.1688 | conc: 0.0002 | consistency: 0.2326 | polarity: 2.8621 | monodec: 0.0471 | rule: 199.8615 | group: 1.3075 | tree: 3.8067 | total: 1.6928
[New] Epoch 74/1000 | classify: 1.5885 | voltage: 0.1667 | conc: 0.0001 | consistency: 0.2250 | polarity: 2.8351 | monodec: 0.0437 | rule: 202.1655 | group: 1.2994 | tree: 3.8199 | total: 1.7013
[New] Epoch 75/1000 | classify: 1.5720 | voltage: 0.1613 | conc: 0.0001 | consistency: 0.2281 | polarity: 2.7623 | monodec: 0.0471 | rule: 194.7558 | group: 1.2983 | tree: 3.8319 | total: 1.6809
[New] Epoch 76/1000 | classify: 1.6751 | voltage: 0.1589 | conc: 0.0002 | consistency: 0.2371 | polarity: 2.7803 | monodec: 0.0510 | rule: 214.5592 | group: 1.2962 | tree: 3.8726 | total: 1.7938
[New] Epoch 77/1000 | classify: 1.4687 | voltage: 0.1458 | conc: 0.0001 | consistency: 0.2432 | polarity: 2.7679 | monodec: 0.0514 | rule: 209.1030 | group: 1.3091 | tree: 3.8102 | total: 1.5839
[New] Epoch 78/1000 | classify: 1.5715 | voltage: 0.1343 | conc: 0.0001 | consistency: 0.2459 | polarity: 2.7084 | monodec: 0.0539 | rule: 212.5392 | group: 1.3164 | tree: 3.9468 | total: 1.6879
[New] Epoch 79/1000 | classify: 1.5149 | voltage: 0.1465 | conc: 0.0001 | consistency: 0.2328 | polarity: 2.7469 | monodec: 0.0499 | rule: 202.8192 | group: 1.3105 | tree: 3.8434 | total: 1.6270
[New] Epoch 80/1000 | classify: 1.4667 | voltage: 0.1579 | conc: 0.0001 | consistency: 0.2225 | polarity: 2.6959 | monodec: 0.0438 | rule: 214.0393 | group: 1.2837 | tree: 3.6744 | total: 1.5849
--- 验证集 [epoch 80] ---
  准确率 (Accuracy):  0.6918
  精确率 (Precision): 0.5547
  召回率 (Recall):    0.5426
  F1 分数 (F1):       0.5318
[New] Epoch 81/1000 | classify: 1.5713 | voltage: 0.1567 | conc: 0.0002 | consistency: 0.2303 | polarity: 2.6412 | monodec: 0.0443 | rule: 225.0266 | group: 1.2945 | tree: 3.9446 | total: 1.6951
[New] Epoch 82/1000 | classify: 1.5032 | voltage: 0.1521 | conc: 0.0001 | consistency: 0.2196 | polarity: 2.6832 | monodec: 0.0387 | rule: 197.3439 | group: 1.2828 | tree: 3.9124 | total: 1.6128
[New] Epoch 83/1000 | classify: 1.4946 | voltage: 0.1499 | conc: 0.0001 | consistency: 0.2331 | polarity: 2.6581 | monodec: 0.0477 | rule: 213.5394 | group: 1.2632 | tree: 3.8346 | total: 1.6121
[New] Epoch 84/1000 | classify: 1.5112 | voltage: 0.1449 | conc: 0.0001 | consistency: 0.2248 | polarity: 2.6727 | monodec: 0.0426 | rule: 223.1900 | group: 1.2807 | tree: 3.9660 | total: 1.6335
[New] Epoch 85/1000 | classify: 1.6293 | voltage: 0.1470 | conc: 0.0001 | consistency: 0.2222 | polarity: 2.5807 | monodec: 0.0454 | rule: 212.7252 | group: 1.2937 | tree: 3.7573 | total: 1.7463
[New] Epoch 86/1000 | classify: 1.6350 | voltage: 0.1617 | conc: 0.0001 | consistency: 0.2368 | polarity: 2.6862 | monodec: 0.0484 | rule: 225.4246 | group: 1.2775 | tree: 3.7055 | total: 1.7590
[New] Epoch 87/1000 | classify: 1.4906 | voltage: 0.1516 | conc: 0.0001 | consistency: 0.2228 | polarity: 2.6293 | monodec: 0.0422 | rule: 217.9986 | group: 1.2884 | tree: 3.7186 | total: 1.6105
[New] Epoch 88/1000 | classify: 1.5167 | voltage: 0.1291 | conc: 0.0001 | consistency: 0.2141 | polarity: 2.6116 | monodec: 0.0390 | rule: 214.7167 | group: 1.2749 | tree: 3.7603 | total: 1.6338
[New] Epoch 89/1000 | classify: 1.4938 | voltage: 0.1603 | conc: 0.0001 | consistency: 0.2257 | polarity: 2.5710 | monodec: 0.0431 | rule: 221.0510 | group: 1.2901 | tree: 3.8252 | total: 1.6157
[New] Epoch 90/1000 | classify: 1.4203 | voltage: 0.1413 | conc: 0.0001 | consistency: 0.2245 | polarity: 2.5546 | monodec: 0.0423 | rule: 213.7524 | group: 1.2749 | tree: 3.8170 | total: 1.5376
--- 验证集 [epoch 90] ---
  准确率 (Accuracy):  0.7671
  精确率 (Precision): 0.6888
  召回率 (Recall):    0.6707
  F1 分数 (F1):       0.6735
✅ 模型已保存到 /home/kudouzala/Application/ion_detect/output/trained_model_save/exp_new_j/trained_model_epoch_best.pth
  🏆 新最佳 F1=0.6735，已保存 best 模型
[New] Epoch 91/1000 | classify: 1.4470 | voltage: 0.1330 | conc: 0.0002 | consistency: 0.2246 | polarity: 2.5208 | monodec: 0.0427 | rule: 219.8975 | group: 1.2547 | tree: 3.8141 | total: 1.5670
[New] Epoch 92/1000 | classify: 1.3916 | voltage: 0.1466 | conc: 0.0002 | consistency: 0.2217 | polarity: 2.5506 | monodec: 0.0404 | rule: 222.5304 | group: 1.2708 | tree: 3.9066 | total: 1.5136
[New] Epoch 93/1000 | classify: 1.4398 | voltage: 0.1417 | conc: 0.0002 | consistency: 0.2234 | polarity: 2.5584 | monodec: 0.0428 | rule: 236.3457 | group: 1.2662 | tree: 3.9137 | total: 1.5685
[New] Epoch 94/1000 | classify: 1.4434 | voltage: 0.1389 | conc: 0.0001 | consistency: 0.2230 | polarity: 2.5138 | monodec: 0.0422 | rule: 213.6204 | group: 1.2837 | tree: 4.0073 | total: 1.5605
[New] Epoch 95/1000 | classify: 1.3525 | voltage: 0.1399 | conc: 0.0001 | consistency: 0.2169 | polarity: 2.4621 | monodec: 0.0427 | rule: 189.9830 | group: 1.2682 | tree: 3.7037 | total: 1.4576
[New] Epoch 96/1000 | classify: 1.3062 | voltage: 0.1444 | conc: 0.0001 | consistency: 0.2140 | polarity: 2.4697 | monodec: 0.0375 | rule: 190.6882 | group: 1.2861 | tree: 3.8794 | total: 1.4121
[New] Epoch 97/1000 | classify: 1.3589 | voltage: 0.1352 | conc: 0.0001 | consistency: 0.2111 | polarity: 2.4622 | monodec: 0.0364 | rule: 214.6404 | group: 1.2699 | tree: 3.6216 | total: 1.4762
[New] Epoch 98/1000 | classify: 1.3627 | voltage: 0.1379 | conc: 0.0001 | consistency: 0.2079 | polarity: 2.4399 | monodec: 0.0360 | rule: 186.6097 | group: 1.2375 | tree: 3.9184 | total: 1.4662
[New] Epoch 99/1000 | classify: 1.4852 | voltage: 0.1322 | conc: 0.0001 | consistency: 0.2156 | polarity: 2.4861 | monodec: 0.0362 | rule: 210.0693 | group: 1.2859 | tree: 3.8956 | total: 1.6002
[New] Epoch 100/1000 | classify: 1.3675 | voltage: 0.1436 | conc: 0.0001 | consistency: 0.2146 | polarity: 2.4743 | monodec: 0.0393 | rule: 206.2111 | group: 1.2861 | tree: 3.8729 | total: 1.4811
--- 验证集 [epoch 100] ---
  准确率 (Accuracy):  0.7740
  精确率 (Precision): 0.6796
  召回率 (Recall):    0.6239
  F1 分数 (F1):       0.6421
✅ 模型已保存到 /home/kudouzala/Application/ion_detect/output/trained_model_save/exp_new_j/trained_model_epoch_100.pth
📁 损失值已保存到 /home/kudouzala/Application/ion_detect/output/trained_model_save/exp_new_j/training_loss_epoch_100.csv
[New] Epoch 101/1000 | classify: 1.4183 | voltage: 0.1477 | conc: 0.0001 | consistency: 0.2138 | polarity: 2.4421 | monodec: 0.0359 | rule: 201.4672 | group: 1.2838 | tree: 3.9531 | total: 1.5298
[New] Epoch 102/1000 | classify: 1.3251 | voltage: 0.1394 | conc: 0.0002 | consistency: 0.2178 | polarity: 2.3576 | monodec: 0.0362 | rule: 212.2105 | group: 1.2689 | tree: 3.6767 | total: 1.4414
[New] Epoch 103/1000 | classify: 1.2735 | voltage: 0.1435 | conc: 0.0001 | consistency: 0.2038 | polarity: 2.2909 | monodec: 0.0326 | rule: 196.6777 | group: 1.2626 | tree: 3.7391 | total: 1.3822
[New] Epoch 104/1000 | classify: 1.4372 | voltage: 0.1494 | conc: 0.0001 | consistency: 0.2091 | polarity: 2.3013 | monodec: 0.0346 | rule: 200.5216 | group: 1.2569 | tree: 3.9161 | total: 1.5482
[New] Epoch 105/1000 | classify: 1.4026 | voltage: 0.1263 | conc: 0.0002 | consistency: 0.2045 | polarity: 2.2916 | monodec: 0.0309 | rule: 199.1924 | group: 1.2640 | tree: 3.8422 | total: 1.5118
[New] Epoch 106/1000 | classify: 1.3482 | voltage: 0.1349 | conc: 0.0002 | consistency: 0.2067 | polarity: 2.2781 | monodec: 0.0335 | rule: 210.5551 | group: 1.2758 | tree: 3.9345 | total: 1.4636
[New] Epoch 107/1000 | classify: 1.1480 | voltage: 0.1382 | conc: 0.0001 | consistency: 0.2110 | polarity: 2.2773 | monodec: 0.0330 | rule: 183.9507 | group: 1.2610 | tree: 3.7771 | total: 1.2500
[New] Epoch 108/1000 | classify: 1.2286 | voltage: 0.1319 | conc: 0.0001 | consistency: 0.2076 | polarity: 2.3082 | monodec: 0.0298 | rule: 213.6497 | group: 1.2658 | tree: 3.7751 | total: 1.3453
[New] Epoch 109/1000 | classify: 1.2518 | voltage: 0.1213 | conc: 0.0001 | consistency: 0.2003 | polarity: 2.2831 | monodec: 0.0292 | rule: 200.5867 | group: 1.2549 | tree: 3.7664 | total: 1.3613
[New] Epoch 110/1000 | classify: 1.2657 | voltage: 0.1322 | conc: 0.0001 | consistency: 0.2091 | polarity: 2.3017 | monodec: 0.0333 | rule: 205.0207 | group: 1.2632 | tree: 3.7186 | total: 1.3780
--- 验证集 [epoch 110] ---
  准确率 (Accuracy):  0.8014
  精确率 (Precision): 0.7303
  召回率 (Recall):    0.6964
  F1 分数 (F1):       0.7113
✅ 模型已保存到 /home/kudouzala/Application/ion_detect/output/trained_model_save/exp_new_j/trained_model_epoch_best.pth
  🏆 新最佳 F1=0.7113，已保存 best 模型
[New] Epoch 111/1000 | classify: 1.3434 | voltage: 0.1372 | conc: 0.0001 | consistency: 0.2019 | polarity: 2.2672 | monodec: 0.0319 | rule: 209.8160 | group: 1.2383 | tree: 3.8295 | total: 1.4583
[New] Epoch 112/1000 | classify: 1.2931 | voltage: 0.1334 | conc: 0.0001 | consistency: 0.2048 | polarity: 2.2289 | monodec: 0.0304 | rule: 203.6162 | group: 1.2575 | tree: 3.7897 | total: 1.4047
[New] Epoch 113/1000 | classify: 1.2940 | voltage: 0.1314 | conc: 0.0001 | consistency: 0.2023 | polarity: 2.2364 | monodec: 0.0297 | rule: 205.9433 | group: 1.2741 | tree: 3.7311 | total: 1.4068
[New] Epoch 114/1000 | classify: 1.2916 | voltage: 0.1364 | conc: 0.0001 | consistency: 0.2031 | polarity: 2.2226 | monodec: 0.0316 | rule: 196.2752 | group: 1.2817 | tree: 3.7963 | total: 1.3998
[New] Epoch 115/1000 | classify: 1.3777 | voltage: 0.1355 | conc: 0.0001 | consistency: 0.2112 | polarity: 2.1840 | monodec: 0.0312 | rule: 220.6951 | group: 1.2739 | tree: 3.8383 | total: 1.4981
[New] Epoch 116/1000 | classify: 1.3740 | voltage: 0.1378 | conc: 0.0002 | consistency: 0.2041 | polarity: 2.1802 | monodec: 0.0285 | rule: 207.6876 | group: 1.2779 | tree: 3.8852 | total: 1.4881
[New] Epoch 117/1000 | classify: 1.3544 | voltage: 0.1424 | conc: 0.0001 | consistency: 0.2080 | polarity: 2.1519 | monodec: 0.0301 | rule: 207.0326 | group: 1.2785 | tree: 3.7708 | total: 1.4682
[New] Epoch 118/1000 | classify: 1.3801 | voltage: 0.1513 | conc: 0.0001 | consistency: 0.2019 | polarity: 2.1769 | monodec: 0.0285 | rule: 217.8719 | group: 1.2706 | tree: 3.9032 | total: 1.4999
[New] Epoch 119/1000 | classify: 1.2274 | voltage: 0.1390 | conc: 0.0001 | consistency: 0.2054 | polarity: 2.1720 | monodec: 0.0259 | rule: 220.1853 | group: 1.2926 | tree: 3.7875 | total: 1.3476
[New] Epoch 120/1000 | classify: 1.2550 | voltage: 0.1438 | conc: 0.0001 | consistency: 0.2049 | polarity: 2.1416 | monodec: 0.0272 | rule: 190.9292 | group: 1.2752 | tree: 3.7880 | total: 1.3608
--- 验证集 [epoch 120] ---
  准确率 (Accuracy):  0.8219
  精确率 (Precision): 0.7790
  召回率 (Recall):    0.6965
  F1 分数 (F1):       0.7293
✅ 模型已保存到 /home/kudouzala/Application/ion_detect/output/trained_model_save/exp_new_j/trained_model_epoch_best.pth
  🏆 新最佳 F1=0.7293，已保存 best 模型
[New] Epoch 121/1000 | classify: 1.3090 | voltage: 0.1410 | conc: 0.0001 | consistency: 0.2058 | polarity: 2.1514 | monodec: 0.0305 | rule: 219.6724 | group: 1.2692 | tree: 3.7811 | total: 1.4291
[New] Epoch 122/1000 | classify: 1.2847 | voltage: 0.1411 | conc: 0.0002 | consistency: 0.2052 | polarity: 2.1634 | monodec: 0.0300 | rule: 204.6524 | group: 1.2579 | tree: 3.8594 | total: 1.3973
[New] Epoch 123/1000 | classify: 1.3504 | voltage: 0.1440 | conc: 0.0001 | consistency: 0.1910 | polarity: 2.1440 | monodec: 0.0232 | rule: 231.5927 | group: 1.2740 | tree: 3.8853 | total: 1.4767
[New] Epoch 124/1000 | classify: 1.1864 | voltage: 0.1373 | conc: 0.0001 | consistency: 0.2005 | polarity: 2.1508 | monodec: 0.0245 | rule: 216.2840 | group: 1.2750 | tree: 3.8707 | total: 1.3046
[New] Epoch 125/1000 | classify: 1.2796 | voltage: 0.1355 | conc: 0.0001 | consistency: 0.1994 | polarity: 2.1147 | monodec: 0.0250 | rule: 215.3171 | group: 1.2619 | tree: 3.8192 | total: 1.3972
[New] Epoch 126/1000 | classify: 1.2013 | voltage: 0.1456 | conc: 0.0002 | consistency: 0.2000 | polarity: 2.1267 | monodec: 0.0241 | rule: 207.3509 | group: 1.2673 | tree: 3.7085 | total: 1.3155
[New] Epoch 127/1000 | classify: 1.2783 | voltage: 0.1378 | conc: 0.0000 | consistency: 0.1970 | polarity: 2.1027 | monodec: 0.0234 | rule: 198.4370 | group: 1.2856 | tree: 3.7152 | total: 1.3875
[New] Epoch 128/1000 | classify: 1.2738 | voltage: 0.1351 | conc: 0.0001 | consistency: 0.1965 | polarity: 2.0663 | monodec: 0.0236 | rule: 204.6688 | group: 1.2867 | tree: 3.7404 | total: 1.3861
[New] Epoch 129/1000 | classify: 1.2190 | voltage: 0.1303 | conc: 0.0001 | consistency: 0.2012 | polarity: 2.0444 | monodec: 0.0225 | rule: 195.9826 | group: 1.2666 | tree: 3.8261 | total: 1.3267
[New] Epoch 130/1000 | classify: 1.1999 | voltage: 0.1315 | conc: 0.0001 | consistency: 0.1931 | polarity: 2.0681 | monodec: 0.0206 | rule: 183.0074 | group: 1.3020 | tree: 3.7692 | total: 1.3012
--- 验证集 [epoch 130] ---
  准确率 (Accuracy):  0.7534
  精确率 (Precision): 0.5996
  召回率 (Recall):    0.5738
  F1 分数 (F1):       0.5815
[New] Epoch 131/1000 | classify: 1.2434 | voltage: 0.1429 | conc: 0.0002 | consistency: 0.2017 | polarity: 2.0566 | monodec: 0.0212 | rule: 216.5686 | group: 1.3035 | tree: 3.7118 | total: 1.3620
[New] Epoch 132/1000 | classify: 1.3295 | voltage: 0.1347 | conc: 0.0001 | consistency: 0.2032 | polarity: 2.0786 | monodec: 0.0248 | rule: 217.5527 | group: 1.2965 | tree: 3.9279 | total: 1.4483
[New] Epoch 133/1000 | classify: 1.2196 | voltage: 0.1444 | conc: 0.0001 | consistency: 0.2039 | polarity: 2.0893 | monodec: 0.0222 | rule: 226.8252 | group: 1.3044 | tree: 3.8972 | total: 1.3435
[New] Epoch 134/1000 | classify: 1.2167 | voltage: 0.1523 | conc: 0.0001 | consistency: 0.2020 | polarity: 2.0687 | monodec: 0.0219 | rule: 203.5614 | group: 1.3137 | tree: 3.8645 | total: 1.3293
[New] Epoch 135/1000 | classify: 1.2434 | voltage: 0.1527 | conc: 0.0002 | consistency: 0.2024 | polarity: 2.0456 | monodec: 0.0230 | rule: 204.6300 | group: 1.3103 | tree: 3.7892 | total: 1.3566
[New] Epoch 136/1000 | classify: 1.2248 | voltage: 0.1492 | conc: 0.0001 | consistency: 0.2035 | polarity: 2.0612 | monodec: 0.0229 | rule: 203.4381 | group: 1.3177 | tree: 3.8179 | total: 1.3371
[New] Epoch 137/1000 | classify: 1.2125 | voltage: 0.1551 | conc: 0.0001 | consistency: 0.2026 | polarity: 2.0473 | monodec: 0.0228 | rule: 203.2933 | group: 1.3045 | tree: 3.8021 | total: 1.3251
[New] Epoch 138/1000 | classify: 1.2294 | voltage: 0.1453 | conc: 0.0001 | consistency: 0.2010 | polarity: 2.0387 | monodec: 0.0214 | rule: 217.6509 | group: 1.3220 | tree: 3.9724 | total: 1.3487
[New] Epoch 139/1000 | classify: 1.2696 | voltage: 0.1431 | conc: 0.0001 | consistency: 0.2008 | polarity: 2.0334 | monodec: 0.0215 | rule: 212.2045 | group: 1.2939 | tree: 3.7311 | total: 1.3859
[New] Epoch 140/1000 | classify: 1.2031 | voltage: 0.1485 | conc: 0.0001 | consistency: 0.2083 | polarity: 2.0340 | monodec: 0.0238 | rule: 254.2160 | group: 1.3227 | tree: 4.0578 | total: 1.3409
--- 验证集 [epoch 140] ---
  准确率 (Accuracy):  0.8356
  精确率 (Precision): 0.8209
  召回率 (Recall):    0.7164
  F1 分数 (F1):       0.7564
✅ 模型已保存到 /home/kudouzala/Application/ion_detect/output/trained_model_save/exp_new_j/trained_model_epoch_best.pth
  🏆 新最佳 F1=0.7564，已保存 best 模型
[New] Epoch 141/1000 | classify: 1.1809 | voltage: 0.1629 | conc: 0.0001 | consistency: 0.2060 | polarity: 2.0244 | monodec: 0.0203 | rule: 222.1449 | group: 1.3055 | tree: 3.7954 | total: 1.3033
[New] Epoch 142/1000 | classify: 1.1402 | voltage: 0.1573 | conc: 0.0001 | consistency: 0.2035 | polarity: 2.0330 | monodec: 0.0209 | rule: 210.9983 | group: 1.2998 | tree: 3.8392 | total: 1.2568
[New] Epoch 143/1000 | classify: 1.1937 | voltage: 0.1492 | conc: 0.0001 | consistency: 0.2044 | polarity: 2.0277 | monodec: 0.0216 | rule: 211.0902 | group: 1.3238 | tree: 3.8532 | total: 1.3099
[New] Epoch 144/1000 | classify: 1.2804 | voltage: 0.1550 | conc: 0.0002 | consistency: 0.2010 | polarity: 2.0210 | monodec: 0.0200 | rule: 212.6077 | group: 1.3018 | tree: 3.9389 | total: 1.3979
[New] Epoch 145/1000 | classify: 1.2102 | voltage: 0.1589 | conc: 0.0001 | consistency: 0.2009 | polarity: 2.0188 | monodec: 0.0186 | rule: 212.8547 | group: 1.3181 | tree: 3.9373 | total: 1.3278
[New] Epoch 146/1000 | classify: 1.2867 | voltage: 0.1610 | conc: 0.0002 | consistency: 0.1963 | polarity: 2.0558 | monodec: 0.0169 | rule: 203.1621 | group: 1.3233 | tree: 3.9934 | total: 1.3997
[New] Epoch 147/1000 | classify: 1.2024 | voltage: 0.1696 | conc: 0.0001 | consistency: 0.1963 | polarity: 2.0694 | monodec: 0.0157 | rule: 223.5953 | group: 1.3201 | tree: 3.8772 | total: 1.3259
[New] Epoch 148/1000 | classify: 1.2234 | voltage: 0.1781 | conc: 0.0001 | consistency: 0.1963 | polarity: 2.0354 | monodec: 0.0150 | rule: 195.0456 | group: 1.3296 | tree: 3.8070 | total: 1.3330
[New] Epoch 149/1000 | classify: 1.2060 | voltage: 0.1682 | conc: 0.0001 | consistency: 0.1987 | polarity: 2.0372 | monodec: 0.0157 | rule: 220.4309 | group: 1.3353 | tree: 3.9335 | total: 1.3279
[New] Epoch 150/1000 | classify: 1.2441 | voltage: 0.1847 | conc: 0.0001 | consistency: 0.2015 | polarity: 2.0336 | monodec: 0.0175 | rule: 225.8834 | group: 1.3437 | tree: 3.9032 | total: 1.3695
--- 验证集 [epoch 150] ---
  准确率 (Accuracy):  0.8219
  精确率 (Precision): 0.7548
  召回率 (Recall):    0.7430
  F1 分数 (F1):       0.7439
✅ 模型已保存到 /home/kudouzala/Application/ion_detect/output/trained_model_save/exp_new_j/trained_model_epoch_150.pth
📁 损失值已保存到 /home/kudouzala/Application/ion_detect/output/trained_model_save/exp_new_j/training_loss_epoch_150.csv
[New] Epoch 151/1000 | classify: 1.2770 | voltage: 0.1884 | conc: 0.0001 | consistency: 0.2011 | polarity: 2.0264 | monodec: 0.0145 | rule: 217.5924 | group: 1.3304 | tree: 3.8667 | total: 1.3985
[New] Epoch 152/1000 | classify: 1.1235 | voltage: 0.1759 | conc: 0.0001 | consistency: 0.2025 | polarity: 2.0162 | monodec: 0.0155 | rule: 210.3101 | group: 1.3380 | tree: 4.0316 | total: 1.2407
[New] Epoch 153/1000 | classify: 1.2061 | voltage: 0.1736 | conc: 0.0001 | consistency: 0.1997 | polarity: 2.0194 | monodec: 0.0143 | rule: 224.2228 | group: 1.3170 | tree: 3.8376 | total: 1.3300
[New] Epoch 154/1000 | classify: 1.1765 | voltage: 0.1713 | conc: 0.0001 | consistency: 0.1962 | polarity: 2.0300 | monodec: 0.0128 | rule: 204.5852 | group: 1.3110 | tree: 4.1012 | total: 1.2907
[New] Epoch 155/1000 | classify: 1.1925 | voltage: 0.1757 | conc: 0.0001 | consistency: 0.1980 | polarity: 2.0235 | monodec: 0.0148 | rule: 196.9844 | group: 1.3211 | tree: 3.7820 | total: 1.3029
[New] Epoch 156/1000 | classify: 1.1719 | voltage: 0.1612 | conc: 0.0001 | consistency: 0.1928 | polarity: 2.0067 | monodec: 0.0141 | rule: 214.2607 | group: 1.3367 | tree: 3.8972 | total: 1.2903
[New] Epoch 157/1000 | classify: 1.1379 | voltage: 0.1548 | conc: 0.0001 | consistency: 0.2001 | polarity: 2.0071 | monodec: 0.0156 | rule: 204.3865 | group: 1.3318 | tree: 3.8624 | total: 1.2510
[New] Epoch 158/1000 | classify: 1.2108 | voltage: 0.1971 | conc: 0.0001 | consistency: 0.1946 | polarity: 2.0032 | monodec: 0.0139 | rule: 193.4755 | group: 1.3471 | tree: 3.8247 | total: 1.3206
[New] Epoch 159/1000 | classify: 1.0881 | voltage: 0.1625 | conc: 0.0001 | consistency: 0.1992 | polarity: 2.0070 | monodec: 0.0143 | rule: 218.5167 | group: 1.3443 | tree: 4.0416 | total: 1.2088
[New] Epoch 160/1000 | classify: 1.2507 | voltage: 0.1720 | conc: 0.0001 | consistency: 0.1962 | polarity: 1.9990 | monodec: 0.0127 | rule: 205.3766 | group: 1.3469 | tree: 3.8999 | total: 1.3652
--- 验证集 [epoch 160] ---
  准确率 (Accuracy):  0.7945
  精确率 (Precision): 0.7819
  召回率 (Recall):    0.6474
  F1 分数 (F1):       0.6644
[New] Epoch 161/1000 | classify: 1.1211 | voltage: 0.1745 | conc: 0.0002 | consistency: 0.1999 | polarity: 1.9890 | monodec: 0.0128 | rule: 213.9900 | group: 1.3467 | tree: 3.9609 | total: 1.2402
[New] Epoch 162/1000 | classify: 1.1786 | voltage: 0.1754 | conc: 0.0001 | consistency: 0.1953 | polarity: 1.9832 | monodec: 0.0119 | rule: 200.7347 | group: 1.3013 | tree: 3.7444 | total: 1.2908
[New] Epoch 163/1000 | classify: 1.1336 | voltage: 0.1759 | conc: 0.0001 | consistency: 0.1982 | polarity: 1.9848 | monodec: 0.0133 | rule: 199.9189 | group: 1.3545 | tree: 3.7281 | total: 1.2455
[New] Epoch 164/1000 | classify: 1.0590 | voltage: 0.1860 | conc: 0.0002 | consistency: 0.1972 | polarity: 1.9801 | monodec: 0.0114 | rule: 220.8259 | group: 1.3508 | tree: 3.7715 | total: 1.1820
[New] Epoch 165/1000 | classify: 1.1859 | voltage: 0.1746 | conc: 0.0001 | consistency: 0.1950 | polarity: 1.9837 | monodec: 0.0123 | rule: 188.6281 | group: 1.3291 | tree: 3.8604 | total: 1.2921
[New] Epoch 166/1000 | classify: 1.2519 | voltage: 0.1606 | conc: 0.0001 | consistency: 0.1974 | polarity: 1.9908 | monodec: 0.0146 | rule: 199.5613 | group: 1.3391 | tree: 3.8974 | total: 1.3630
[New] Epoch 167/1000 | classify: 1.1971 | voltage: 0.1551 | conc: 0.0001 | consistency: 0.1966 | polarity: 1.9863 | monodec: 0.0115 | rule: 237.7927 | group: 1.3369 | tree: 4.0190 | total: 1.3270
[New] Epoch 168/1000 | classify: 1.2170 | voltage: 0.1693 | conc: 0.0001 | consistency: 0.1979 | polarity: 1.9923 | monodec: 0.0110 | rule: 232.1183 | group: 1.3433 | tree: 4.0515 | total: 1.3449
[New] Epoch 169/1000 | classify: 1.1309 | voltage: 0.1774 | conc: 0.0002 | consistency: 0.1979 | polarity: 1.9838 | monodec: 0.0104 | rule: 226.3494 | group: 1.3352 | tree: 3.8879 | total: 1.2562
[New] Epoch 170/1000 | classify: 1.1722 | voltage: 0.1781 | conc: 0.0001 | consistency: 0.1927 | polarity: 1.9820 | monodec: 0.0104 | rule: 206.7982 | group: 1.3382 | tree: 3.8229 | total: 1.2877
--- 验证集 [epoch 170] ---
  准确率 (Accuracy):  0.8493
  精确率 (Precision): 0.7793
  召回率 (Recall):    0.7562
  F1 分数 (F1):       0.7637
✅ 模型已保存到 /home/kudouzala/Application/ion_detect/output/trained_model_save/exp_new_j/trained_model_epoch_best.pth
  🏆 新最佳 F1=0.7637，已保存 best 模型
[New] Epoch 171/1000 | classify: 1.2414 | voltage: 0.1713 | conc: 0.0001 | consistency: 0.2001 | polarity: 1.9859 | monodec: 0.0113 | rule: 207.3682 | group: 1.3417 | tree: 3.8991 | total: 1.3569
[New] Epoch 172/1000 | classify: 1.1444 | voltage: 0.1735 | conc: 0.0002 | consistency: 0.1994 | polarity: 1.9852 | monodec: 0.0102 | rule: 231.6706 | group: 1.3560 | tree: 3.9984 | total: 1.2723
[New] Epoch 173/1000 | classify: 1.0204 | voltage: 0.1760 | conc: 0.0001 | consistency: 0.1934 | polarity: 1.9866 | monodec: 0.0086 | rule: 203.3068 | group: 1.3397 | tree: 3.8621 | total: 1.1340
[New] Epoch 174/1000 | classify: 1.1715 | voltage: 0.1685 | conc: 0.0002 | consistency: 0.1985 | polarity: 1.9857 | monodec: 0.0102 | rule: 225.4624 | group: 1.3514 | tree: 4.0308 | total: 1.2960
[New] Epoch 175/1000 | classify: 1.0865 | voltage: 0.1689 | conc: 0.0001 | consistency: 0.1963 | polarity: 1.9815 | monodec: 0.0083 | rule: 194.7160 | group: 1.3351 | tree: 3.8383 | total: 1.1955
[New] Epoch 176/1000 | classify: 1.1020 | voltage: 0.1542 | conc: 0.0001 | consistency: 0.1964 | polarity: 1.9790 | monodec: 0.0087 | rule: 219.2860 | group: 1.3370 | tree: 3.9492 | total: 1.2226
[New] Epoch 177/1000 | classify: 1.1375 | voltage: 0.1611 | conc: 0.0001 | consistency: 0.1949 | polarity: 1.9803 | monodec: 0.0090 | rule: 194.4814 | group: 1.3388 | tree: 3.8210 | total: 1.2459
[New] Epoch 178/1000 | classify: 1.2037 | voltage: 0.1607 | conc: 0.0001 | consistency: 0.1959 | polarity: 1.9757 | monodec: 0.0093 | rule: 188.5933 | group: 1.3514 | tree: 3.8007 | total: 1.3092
[New] Epoch 179/1000 | classify: 1.1123 | voltage: 0.1565 | conc: 0.0001 | consistency: 0.1939 | polarity: 1.9667 | monodec: 0.0097 | rule: 233.3419 | group: 1.3485 | tree: 4.0268 | total: 1.2401
[New] Epoch 180/1000 | classify: 1.0580 | voltage: 0.1565 | conc: 0.0001 | consistency: 0.1963 | polarity: 1.9635 | monodec: 0.0078 | rule: 225.7610 | group: 1.3540 | tree: 3.9772 | total: 1.1820
--- 验证集 [epoch 180] ---
  准确率 (Accuracy):  0.8493
  精确率 (Precision): 0.8421
  召回率 (Recall):    0.7670
  F1 分数 (F1):       0.7990
✅ 模型已保存到 /home/kudouzala/Application/ion_detect/output/trained_model_save/exp_new_j/trained_model_epoch_best.pth
  🏆 新最佳 F1=0.7990，已保存 best 模型
[New] Epoch 181/1000 | classify: 1.2242 | voltage: 0.1645 | conc: 0.0002 | consistency: 0.1974 | polarity: 1.9617 | monodec: 0.0087 | rule: 231.4648 | group: 1.3594 | tree: 3.9369 | total: 1.3515
[New] Epoch 182/1000 | classify: 1.1265 | voltage: 0.1747 | conc: 0.0001 | consistency: 0.1997 | polarity: 1.9596 | monodec: 0.0077 | rule: 218.4342 | group: 1.3645 | tree: 3.9413 | total: 1.2477
[New] Epoch 183/1000 | classify: 1.0721 | voltage: 0.1691 | conc: 0.0001 | consistency: 0.1982 | polarity: 1.9509 | monodec: 0.0072 | rule: 215.5564 | group: 1.3617 | tree: 3.9474 | total: 1.1916
[New] Epoch 184/1000 | classify: 1.1941 | voltage: 0.1699 | conc: 0.0002 | consistency: 0.1966 | polarity: 1.9515 | monodec: 0.0070 | rule: 219.5718 | group: 1.3289 | tree: 4.0593 | total: 1.3158
[New] Epoch 185/1000 | classify: 1.0756 | voltage: 0.1869 | conc: 0.0001 | consistency: 0.2003 | polarity: 1.9499 | monodec: 0.0069 | rule: 216.9408 | group: 1.3494 | tree: 3.8990 | total: 1.1967
[New] Epoch 186/1000 | classify: 1.1313 | voltage: 0.1674 | conc: 0.0001 | consistency: 0.1979 | polarity: 1.9501 | monodec: 0.0072 | rule: 220.0852 | group: 1.3636 | tree: 3.9486 | total: 1.2529
[New] Epoch 187/1000 | classify: 1.1339 | voltage: 0.1716 | conc: 0.0001 | consistency: 0.1969 | polarity: 1.9482 | monodec: 0.0061 | rule: 213.1314 | group: 1.3462 | tree: 3.8505 | total: 1.2523
[New] Epoch 188/1000 | classify: 1.1253 | voltage: 0.1774 | conc: 0.0001 | consistency: 0.1968 | polarity: 1.9433 | monodec: 0.0067 | rule: 206.2634 | group: 1.3626 | tree: 3.8733 | total: 1.2405
[New] Epoch 189/1000 | classify: 1.1578 | voltage: 0.1801 | conc: 0.0001 | consistency: 0.1992 | polarity: 1.9545 | monodec: 0.0068 | rule: 224.4405 | group: 1.3524 | tree: 3.9548 | total: 1.2823
[New] Epoch 190/1000 | classify: 1.2504 | voltage: 0.1912 | conc: 0.0001 | consistency: 0.1989 | polarity: 1.9577 | monodec: 0.0062 | rule: 214.3424 | group: 1.3523 | tree: 3.9564 | total: 1.3704
--- 验证集 [epoch 190] ---
  准确率 (Accuracy):  0.8151
  精确率 (Precision): 0.7661
  召回率 (Recall):    0.7309
  F1 分数 (F1):       0.7361
[New] Epoch 191/1000 | classify: 1.1657 | voltage: 0.1781 | conc: 0.0001 | consistency: 0.1983 | polarity: 1.9572 | monodec: 0.0061 | rule: 219.8501 | group: 1.3673 | tree: 3.8361 | total: 1.2878
[New] Epoch 192/1000 | classify: 1.1476 | voltage: 0.2007 | conc: 0.0001 | consistency: 0.2026 | polarity: 1.9553 | monodec: 0.0057 | rule: 239.0791 | group: 1.3566 | tree: 3.9886 | total: 1.2804
[New] Epoch 193/1000 | classify: 1.1903 | voltage: 0.1948 | conc: 0.0001 | consistency: 0.2015 | polarity: 1.9568 | monodec: 0.0054 | rule: 202.4792 | group: 1.3717 | tree: 3.8845 | total: 1.3046
[New] Epoch 194/1000 | classify: 1.1185 | voltage: 0.2084 | conc: 0.0001 | consistency: 0.2019 | polarity: 1.9581 | monodec: 0.0053 | rule: 230.8391 | group: 1.3548 | tree: 3.9620 | total: 1.2476
[New] Epoch 195/1000 | classify: 1.0940 | voltage: 0.1962 | conc: 0.0001 | consistency: 0.2042 | polarity: 1.9556 | monodec: 0.0056 | rule: 204.5482 | group: 1.3521 | tree: 3.8864 | total: 1.2093
[New] Epoch 196/1000 | classify: 1.1740 | voltage: 0.1836 | conc: 0.0001 | consistency: 0.2020 | polarity: 1.9515 | monodec: 0.0049 | rule: 224.8448 | group: 1.3684 | tree: 4.0611 | total: 1.2989
[New] Epoch 197/1000 | classify: 1.0756 | voltage: 0.1909 | conc: 0.0001 | consistency: 0.2023 | polarity: 1.9497 | monodec: 0.0046 | rule: 221.4531 | group: 1.3679 | tree: 3.9609 | total: 1.1992
[New] Epoch 198/1000 | classify: 1.0841 | voltage: 0.1774 | conc: 0.0002 | consistency: 0.2011 | polarity: 1.9451 | monodec: 0.0046 | rule: 209.1142 | group: 1.3657 | tree: 3.9023 | total: 1.2008
[New] Epoch 199/1000 | classify: 1.1065 | voltage: 0.1825 | conc: 0.0002 | consistency: 0.2011 | polarity: 1.9468 | monodec: 0.0050 | rule: 239.9121 | group: 1.3640 | tree: 4.0268 | total: 1.2389
[New] Epoch 200/1000 | classify: 1.0906 | voltage: 0.1648 | conc: 0.0001 | consistency: 0.1998 | polarity: 1.9437 | monodec: 0.0045 | rule: 221.7381 | group: 1.3494 | tree: 3.9569 | total: 1.2129
--- 验证集 [epoch 200] ---
  准确率 (Accuracy):  0.8425
  精确率 (Precision): 0.8408
  召回率 (Recall):    0.7174
  F1 分数 (F1):       0.7652
✅ 模型已保存到 /home/kudouzala/Application/ion_detect/output/trained_model_save/exp_new_j/trained_model_epoch_200.pth
📁 损失值已保存到 /home/kudouzala/Application/ion_detect/output/trained_model_save/exp_new_j/training_loss_epoch_200.csv
[New] Epoch 201/1000 | classify: 1.1840 | voltage: 0.1733 | conc: 0.0001 | consistency: 0.2008 | polarity: 1.9427 | monodec: 0.0049 | rule: 223.1869 | group: 1.3717 | tree: 4.0130 | total: 1.3076
[New] Epoch 202/1000 | classify: 1.1238 | voltage: 0.1809 | conc: 0.0001 | consistency: 0.1997 | polarity: 1.9441 | monodec: 0.0043 | rule: 206.5453 | group: 1.3720 | tree: 4.0091 | total: 1.2394
[New] Epoch 203/1000 | classify: 1.1861 | voltage: 0.1840 | conc: 0.0001 | consistency: 0.1999 | polarity: 1.9444 | monodec: 0.0042 | rule: 224.8887 | group: 1.3744 | tree: 3.9770 | total: 1.3111
[New] Epoch 204/1000 | classify: 1.1305 | voltage: 0.1745 | conc: 0.0001 | consistency: 0.2004 | polarity: 1.9438 | monodec: 0.0039 | rule: 222.2865 | group: 1.3743 | tree: 4.0703 | total: 1.2537
[New] Epoch 205/1000 | classify: 1.1763 | voltage: 0.1985 | conc: 0.0002 | consistency: 0.2011 | polarity: 1.9459 | monodec: 0.0037 | rule: 211.9479 | group: 1.3611 | tree: 3.8004 | total: 1.2954
[New] Epoch 206/1000 | classify: 1.1844 | voltage: 0.1936 | conc: 0.0001 | consistency: 0.2035 | polarity: 1.9481 | monodec: 0.0034 | rule: 227.6138 | group: 1.3773 | tree: 3.9293 | total: 1.3111
[New] Epoch 207/1000 | classify: 1.1261 | voltage: 0.2010 | conc: 0.0001 | consistency: 0.2011 | polarity: 1.9506 | monodec: 0.0032 | rule: 200.1233 | group: 1.3763 | tree: 3.9762 | total: 1.2395
[New] Epoch 208/1000 | classify: 1.1633 | voltage: 0.1869 | conc: 0.0003 | consistency: 0.2009 | polarity: 1.9497 | monodec: 0.0032 | rule: 206.8991 | group: 1.3766 | tree: 4.0267 | total: 1.2796
[New] Epoch 209/1000 | classify: 1.2008 | voltage: 0.1842 | conc: 0.0001 | consistency: 0.2025 | polarity: 1.9512 | monodec: 0.0033 | rule: 209.9694 | group: 1.3766 | tree: 3.9924 | total: 1.3183
[New] Epoch 210/1000 | classify: 1.1110 | voltage: 0.1888 | conc: 0.0001 | consistency: 0.2039 | polarity: 1.9511 | monodec: 0.0034 | rule: 194.6754 | group: 1.3623 | tree: 3.9990 | total: 1.2210
--- 验证集 [epoch 210] ---
  准确率 (Accuracy):  0.8493
  精确率 (Precision): 0.8468
  召回率 (Recall):    0.7304
  F1 分数 (F1):       0.7779
[New] Epoch 211/1000 | classify: 1.1268 | voltage: 0.2017 | conc: 0.0002 | consistency: 0.2014 | polarity: 1.9506 | monodec: 0.0027 | rule: 201.7939 | group: 1.3753 | tree: 4.0693 | total: 1.2412
[New] Epoch 212/1000 | classify: 1.0588 | voltage: 0.1825 | conc: 0.0001 | consistency: 0.2007 | polarity: 1.9510 | monodec: 0.0033 | rule: 221.2513 | group: 1.3770 | tree: 3.8034 | total: 1.1818
[New] Epoch 213/1000 | classify: 1.1160 | voltage: 0.1814 | conc: 0.0001 | consistency: 0.2025 | polarity: 1.9493 | monodec: 0.0032 | rule: 211.0870 | group: 1.3767 | tree: 3.9281 | total: 1.2338
[New] Epoch 214/1000 | classify: 1.0955 | voltage: 0.1954 | conc: 0.0001 | consistency: 0.2023 | polarity: 1.9509 | monodec: 0.0027 | rule: 213.3477 | group: 1.3779 | tree: 4.0290 | total: 1.2152
[New] Epoch 215/1000 | classify: 1.2218 | voltage: 0.2051 | conc: 0.0001 | consistency: 0.2025 | polarity: 1.9510 | monodec: 0.0028 | rule: 217.4668 | group: 1.3644 | tree: 4.0344 | total: 1.3442
[New] Epoch 216/1000 | classify: 1.2543 | voltage: 0.2099 | conc: 0.0001 | consistency: 0.2032 | polarity: 1.9522 | monodec: 0.0026 | rule: 220.8823 | group: 1.3799 | tree: 3.9607 | total: 1.3785
[New] Epoch 217/1000 | classify: 1.1202 | voltage: 0.2136 | conc: 0.0001 | consistency: 0.2051 | polarity: 1.9537 | monodec: 0.0024 | rule: 199.2002 | group: 1.3804 | tree: 4.0318 | total: 1.2337
[New] Epoch 218/1000 | classify: 1.1458 | voltage: 0.2029 | conc: 0.0002 | consistency: 0.2056 | polarity: 1.9543 | monodec: 0.0024 | rule: 222.4280 | group: 1.3799 | tree: 4.0567 | total: 1.2705
[New] Epoch 219/1000 | classify: 1.0338 | voltage: 0.2001 | conc: 0.0002 | consistency: 0.2076 | polarity: 1.9532 | monodec: 0.0022 | rule: 203.2750 | group: 1.3799 | tree: 4.1305 | total: 1.1489
[New] Epoch 220/1000 | classify: 1.1022 | voltage: 0.1885 | conc: 0.0002 | consistency: 0.2062 | polarity: 1.9526 | monodec: 0.0020 | rule: 228.7896 | group: 1.3604 | tree: 4.0030 | total: 1.2294
--- 验证集 [epoch 220] ---
  准确率 (Accuracy):  0.8219
  精确率 (Precision): 0.7881
  召回率 (Recall):    0.7134
  F1 分数 (F1):       0.7429
[New] Epoch 221/1000 | classify: 1.1561 | voltage: 0.2152 | conc: 0.0001 | consistency: 0.2061 | polarity: 1.9503 | monodec: 0.0021 | rule: 229.7778 | group: 1.3785 | tree: 4.0051 | total: 1.2851
[New] Epoch 222/1000 | classify: 1.1809 | voltage: 0.1935 | conc: 0.0001 | consistency: 0.2058 | polarity: 1.9493 | monodec: 0.0021 | rule: 226.7295 | group: 1.3779 | tree: 4.0507 | total: 1.3073
[New] Epoch 223/1000 | classify: 1.1033 | voltage: 0.1868 | conc: 0.0001 | consistency: 0.2056 | polarity: 1.9506 | monodec: 0.0020 | rule: 230.6536 | group: 1.3778 | tree: 4.0272 | total: 1.2313
[New] Epoch 224/1000 | classify: 1.1604 | voltage: 0.2052 | conc: 0.0001 | consistency: 0.2055 | polarity: 1.9509 | monodec: 0.0017 | rule: 215.2969 | group: 1.3807 | tree: 4.1036 | total: 1.2817
[New] Epoch 225/1000 | classify: 1.0982 | voltage: 0.1966 | conc: 0.0002 | consistency: 0.2044 | polarity: 1.9495 | monodec: 0.0016 | rule: 226.0746 | group: 1.3808 | tree: 4.0810 | total: 1.2245
[New] Epoch 226/1000 | classify: 1.1124 | voltage: 0.1988 | conc: 0.0001 | consistency: 0.2032 | polarity: 1.9477 | monodec: 0.0018 | rule: 207.5812 | group: 1.3653 | tree: 3.9560 | total: 1.2293
[New] Epoch 227/1000 | classify: 1.0667 | voltage: 0.1791 | conc: 0.0002 | consistency: 0.2064 | polarity: 1.9476 | monodec: 0.0015 | rule: 213.5902 | group: 1.3813 | tree: 3.9327 | total: 1.1858
[New] Epoch 228/1000 | classify: 1.0786 | voltage: 0.1874 | conc: 0.0001 | consistency: 0.2036 | polarity: 1.9460 | monodec: 0.0014 | rule: 217.9545 | group: 1.3811 | tree: 4.0330 | total: 1.2002
[New] Epoch 229/1000 | classify: 1.0146 | voltage: 0.1906 | conc: 0.0001 | consistency: 0.2053 | polarity: 1.9459 | monodec: 0.0015 | rule: 203.0874 | group: 1.3781 | tree: 3.9776 | total: 1.1289
[New] Epoch 230/1000 | classify: 1.0819 | voltage: 0.1966 | conc: 0.0001 | consistency: 0.2051 | polarity: 1.9473 | monodec: 0.0015 | rule: 210.4310 | group: 1.3657 | tree: 3.8360 | total: 1.2001
--- 验证集 [epoch 230] ---
  准确率 (Accuracy):  0.8151
  精确率 (Precision): 0.8050
  召回率 (Recall):    0.6961
  F1 分数 (F1):       0.7121
[New] Epoch 231/1000 | classify: 1.1380 | voltage: 0.1938 | conc: 0.0001 | consistency: 0.2043 | polarity: 1.9472 | monodec: 0.0014 | rule: 232.0642 | group: 1.3815 | tree: 3.8866 | total: 1.2669
[New] Epoch 232/1000 | classify: 1.1869 | voltage: 0.1885 | conc: 0.0001 | consistency: 0.2058 | polarity: 1.9487 | monodec: 0.0014 | rule: 229.9745 | group: 1.3827 | tree: 4.0615 | total: 1.3147
[New] Epoch 233/1000 | classify: 1.1816 | voltage: 0.2019 | conc: 0.0002 | consistency: 0.2059 | polarity: 1.9483 | monodec: 0.0012 | rule: 231.3560 | group: 1.3660 | tree: 4.0103 | total: 1.3107
[New] Epoch 234/1000 | classify: 1.0335 | voltage: 0.1888 | conc: 0.0001 | consistency: 0.2075 | polarity: 1.9476 | monodec: 0.0013 | rule: 210.0630 | group: 1.3819 | tree: 3.9592 | total: 1.1512
[New] Epoch 235/1000 | classify: 1.1476 | voltage: 0.1795 | conc: 0.0001 | consistency: 0.2066 | polarity: 1.9464 | monodec: 0.0011 | rule: 223.6120 | group: 1.3812 | tree: 4.1103 | total: 1.2717
[New] Epoch 236/1000 | classify: 1.1615 | voltage: 0.1998 | conc: 0.0001 | consistency: 0.2052 | polarity: 1.9482 | monodec: 0.0011 | rule: 225.2972 | group: 1.3674 | tree: 3.8896 | total: 1.2874
[New] Epoch 237/1000 | classify: 1.0767 | voltage: 0.2029 | conc: 0.0001 | consistency: 0.2085 | polarity: 1.9490 | monodec: 0.0010 | rule: 230.5656 | group: 1.3824 | tree: 4.0622 | total: 1.2054
[New] Epoch 238/1000 | classify: 1.1311 | voltage: 0.1999 | conc: 0.0001 | consistency: 0.2094 | polarity: 1.9525 | monodec: 0.0009 | rule: 210.7622 | group: 1.3679 | tree: 3.9643 | total: 1.2498
[New] Epoch 239/1000 | classify: 1.1184 | voltage: 0.2081 | conc: 0.0001 | consistency: 0.2097 | polarity: 1.9519 | monodec: 0.0009 | rule: 193.0387 | group: 1.3685 | tree: 3.9892 | total: 1.2285
[New] Epoch 240/1000 | classify: 1.1691 | voltage: 0.2103 | conc: 0.0002 | consistency: 0.2111 | polarity: 1.9536 | monodec: 0.0009 | rule: 202.4430 | group: 1.3840 | tree: 3.9160 | total: 1.2841
--- 验证集 [epoch 240] ---
  准确率 (Accuracy):  0.8493
  精确率 (Precision): 0.8380
  召回率 (Recall):    0.7523
  F1 分数 (F1):       0.7843
[New] Epoch 241/1000 | classify: 1.1730 | voltage: 0.2246 | conc: 0.0001 | consistency: 0.2095 | polarity: 1.9588 | monodec: 0.0010 | rule: 236.0980 | group: 1.3838 | tree: 3.7945 | total: 1.3054
[New] Epoch 242/1000 | classify: 1.2270 | voltage: 0.2260 | conc: 0.0001 | consistency: 0.2121 | polarity: 1.9597 | monodec: 0.0008 | rule: 199.2872 | group: 1.3838 | tree: 4.0146 | total: 1.3413
[New] Epoch 243/1000 | classify: 1.1221 | voltage: 0.2140 | conc: 0.0001 | consistency: 0.2136 | polarity: 1.9594 | monodec: 0.0009 | rule: 204.6229 | group: 1.3681 | tree: 3.9891 | total: 1.2384
[New] Epoch 244/1000 | classify: 1.1708 | voltage: 0.2048 | conc: 0.0001 | consistency: 0.2133 | polarity: 1.9582 | monodec: 0.0008 | rule: 246.4606 | group: 1.3837 | tree: 4.0419 | total: 1.3075
[New] Epoch 245/1000 | classify: 1.1849 | voltage: 0.2140 | conc: 0.0001 | consistency: 0.2144 | polarity: 1.9587 | monodec: 0.0007 | rule: 220.5569 | group: 1.3847 | tree: 4.1410 | total: 1.3093
[New] Epoch 246/1000 | classify: 1.2614 | voltage: 0.2289 | conc: 0.0002 | consistency: 0.2129 | polarity: 1.9603 | monodec: 0.0006 | rule: 221.9687 | group: 1.3687 | tree: 3.8443 | total: 1.3871
[New] Epoch 247/1000 | classify: 1.1004 | voltage: 0.2253 | conc: 0.0001 | consistency: 0.2155 | polarity: 1.9602 | monodec: 0.0006 | rule: 209.2610 | group: 1.3843 | tree: 3.8937 | total: 1.2196
[New] Epoch 248/1000 | classify: 1.1405 | voltage: 0.2205 | conc: 0.0001 | consistency: 0.2157 | polarity: 1.9575 | monodec: 0.0006 | rule: 210.1146 | group: 1.3828 | tree: 4.0385 | total: 1.2599
[New] Epoch 249/1000 | classify: 1.1715 | voltage: 0.2302 | conc: 0.0002 | consistency: 0.2156 | polarity: 1.9590 | monodec: 0.0006 | rule: 222.4307 | group: 1.3842 | tree: 3.8927 | total: 1.2976
[New] Epoch 250/1000 | classify: 1.0963 | voltage: 0.2281 | conc: 0.0001 | consistency: 0.2171 | polarity: 1.9615 | monodec: 0.0005 | rule: 210.7715 | group: 1.3850 | tree: 4.0434 | total: 1.2164
--- 验证集 [epoch 250] ---
  准确率 (Accuracy):  0.8425
  精确率 (Precision): 0.8187
  召回率 (Recall):    0.7808
  F1 分数 (F1):       0.7921
✅ 模型已保存到 /home/kudouzala/Application/ion_detect/output/trained_model_save/exp_new_j/trained_model_epoch_250.pth
📁 损失值已保存到 /home/kudouzala/Application/ion_detect/output/trained_model_save/exp_new_j/training_loss_epoch_250.csv
[New] Epoch 251/1000 | classify: 1.0633 | voltage: 0.2262 | conc: 0.0001 | consistency: 0.2176 | polarity: 1.9613 | monodec: 0.0006 | rule: 211.6100 | group: 1.3847 | tree: 4.0923 | total: 1.1837
[New] Epoch 252/1000 | classify: 1.1597 | voltage: 0.2331 | conc: 0.0001 | consistency: 0.2179 | polarity: 1.9626 | monodec: 0.0006 | rule: 235.0424 | group: 1.3847 | tree: 4.1424 | total: 1.2923
[New] Epoch 253/1000 | classify: 1.1700 | voltage: 0.2338 | conc: 0.0001 | consistency: 0.2168 | polarity: 1.9629 | monodec: 0.0005 | rule: 209.9315 | group: 1.3847 | tree: 3.9451 | total: 1.2899
[New] Epoch 254/1000 | classify: 1.1262 | voltage: 0.2233 | conc: 0.0002 | consistency: 0.2200 | polarity: 1.9644 | monodec: 0.0005 | rule: 236.5789 | group: 1.3691 | tree: 4.0194 | total: 1.2590
[New] Epoch 255/1000 | classify: 1.1290 | voltage: 0.2344 | conc: 0.0001 | consistency: 0.2198 | polarity: 1.9637 | monodec: 0.0005 | rule: 210.5903 | group: 1.3693 | tree: 3.7974 | total: 1.2492
[New] Epoch 256/1000 | classify: 1.0313 | voltage: 0.2283 | conc: 0.0001 | consistency: 0.2197 | polarity: 1.9624 | monodec: 0.0005 | rule: 201.5110 | group: 1.3841 | tree: 3.8694 | total: 1.1467
[New] Epoch 257/1000 | classify: 1.1834 | voltage: 0.2288 | conc: 0.0001 | consistency: 0.2195 | polarity: 1.9602 | monodec: 0.0004 | rule: 211.9447 | group: 1.3845 | tree: 3.9441 | total: 1.3041
[New] Epoch 258/1000 | classify: 1.1220 | voltage: 0.2328 | conc: 0.0001 | consistency: 0.2198 | polarity: 1.9609 | monodec: 0.0005 | rule: 204.8142 | group: 1.3694 | tree: 3.7715 | total: 1.2393
[New] Epoch 259/1000 | classify: 1.1761 | voltage: 0.2267 | conc: 0.0001 | consistency: 0.2210 | polarity: 1.9623 | monodec: 0.0005 | rule: 226.3721 | group: 1.3853 | tree: 4.0441 | total: 1.3040
[New] Epoch 260/1000 | classify: 1.1445 | voltage: 0.2283 | conc: 0.0002 | consistency: 0.2220 | polarity: 1.9624 | monodec: 0.0004 | rule: 227.0555 | group: 1.3852 | tree: 4.1173 | total: 1.2728
--- 验证集 [epoch 260] ---
  准确率 (Accuracy):  0.8425
  精确率 (Precision): 0.8192
  召回率 (Recall):    0.7540
  F1 分数 (F1):       0.7810
[New] Epoch 261/1000 | classify: 1.1900 | voltage: 0.2344 | conc: 0.0001 | consistency: 0.2232 | polarity: 1.9645 | monodec: 0.0004 | rule: 228.0890 | group: 1.3700 | tree: 4.0701 | total: 1.3190
[New] Epoch 262/1000 | classify: 1.1755 | voltage: 0.2406 | conc: 0.0001 | consistency: 0.2200 | polarity: 1.9610 | monodec: 0.0004 | rule: 216.0687 | group: 1.3844 | tree: 4.1158 | total: 1.2989
[New] Epoch 263/1000 | classify: 1.1470 | voltage: 0.2379 | conc: 0.0001 | consistency: 0.2218 | polarity: 1.9606 | monodec: 0.0004 | rule: 214.4394 | group: 1.3847 | tree: 3.8942 | total: 1.2694
[New] Epoch 264/1000 | classify: 1.0813 | voltage: 0.2284 | conc: 0.0001 | consistency: 0.2200 | polarity: 1.9603 | monodec: 0.0004 | rule: 199.7655 | group: 1.3693 | tree: 3.9686 | total: 1.1959
[New] Epoch 265/1000 | classify: 1.0994 | voltage: 0.2280 | conc: 0.0001 | consistency: 0.2223 | polarity: 1.9590 | monodec: 0.0004 | rule: 209.9101 | group: 1.3850 | tree: 4.0187 | total: 1.2190
[New] Epoch 266/1000 | classify: 1.0774 | voltage: 0.2296 | conc: 0.0001 | consistency: 0.2224 | polarity: 1.9601 | monodec: 0.0004 | rule: 202.9741 | group: 1.3855 | tree: 4.0692 | total: 1.1937
[New] Epoch 267/1000 | classify: 1.1131 | voltage: 0.2358 | conc: 0.0001 | consistency: 0.2233 | polarity: 1.9605 | monodec: 0.0004 | rule: 214.1103 | group: 1.3852 | tree: 4.0918 | total: 1.2353
[New] Epoch 268/1000 | classify: 1.0560 | voltage: 0.2443 | conc: 0.0001 | consistency: 0.2206 | polarity: 1.9616 | monodec: 0.0004 | rule: 202.0322 | group: 1.3696 | tree: 3.9203 | total: 1.1725
[New] Epoch 269/1000 | classify: 1.1846 | voltage: 0.2338 | conc: 0.0001 | consistency: 0.2239 | polarity: 1.9619 | monodec: 0.0003 | rule: 209.6900 | group: 1.3856 | tree: 4.0443 | total: 1.3045
[New] Epoch 270/1000 | classify: 1.0933 | voltage: 0.2217 | conc: 0.0001 | consistency: 0.2228 | polarity: 1.9654 | monodec: 0.0004 | rule: 225.1018 | group: 1.3857 | tree: 3.9225 | total: 1.2202
--- 验证集 [epoch 270] ---
  准确率 (Accuracy):  0.8425
  精确率 (Precision): 0.8019
  召回率 (Recall):    0.7382
  F1 分数 (F1):       0.7668
[New] Epoch 271/1000 | classify: 1.1333 | voltage: 0.2512 | conc: 0.0001 | consistency: 0.2263 | polarity: 1.9676 | monodec: 0.0003 | rule: 205.2133 | group: 1.3859 | tree: 4.0953 | total: 1.2518
[New] Epoch 272/1000 | classify: 1.1334 | voltage: 0.2465 | conc: 0.0001 | consistency: 0.2275 | polarity: 1.9697 | monodec: 0.0003 | rule: 202.8572 | group: 1.3703 | tree: 4.0955 | total: 1.2505
[New] Epoch 273/1000 | classify: 1.2015 | voltage: 0.2616 | conc: 0.0001 | consistency: 0.2284 | polarity: 1.9705 | monodec: 0.0003 | rule: 233.6912 | group: 1.3859 | tree: 3.9478 | total: 1.3347
[New] Epoch 274/1000 | classify: 1.1117 | voltage: 0.2588 | conc: 0.0001 | consistency: 0.2268 | polarity: 1.9720 | monodec: 0.0003 | rule: 204.8777 | group: 1.3701 | tree: 4.0207 | total: 1.2304
[New] Epoch 275/1000 | classify: 1.2236 | voltage: 0.2797 | conc: 0.0001 | consistency: 0.2294 | polarity: 1.9701 | monodec: 0.0003 | rule: 227.3770 | group: 1.3853 | tree: 4.0220 | total: 1.3546
[New] Epoch 276/1000 | classify: 1.3146 | voltage: 0.2657 | conc: 0.0001 | consistency: 0.2275 | polarity: 1.9701 | monodec: 0.0003 | rule: 217.7333 | group: 1.3702 | tree: 3.9479 | total: 1.4400
[New] Epoch 277/1000 | classify: 1.3068 | voltage: 0.2609 | conc: 0.0002 | consistency: 0.2306 | polarity: 1.9696 | monodec: 0.0003 | rule: 215.0194 | group: 1.3703 | tree: 4.0215 | total: 1.4307
[New] Epoch 278/1000 | classify: 1.1788 | voltage: 0.2637 | conc: 0.0001 | consistency: 0.2319 | polarity: 1.9719 | monodec: 0.0003 | rule: 209.8142 | group: 1.3859 | tree: 3.9480 | total: 1.3002
[New] Epoch 279/1000 | classify: 1.0721 | voltage: 0.2716 | conc: 0.0001 | consistency: 0.2328 | polarity: 1.9713 | monodec: 0.0003 | rule: 224.8241 | group: 1.3704 | tree: 4.0961 | total: 1.2015
[New] Epoch 280/1000 | classify: 1.1570 | voltage: 0.2517 | conc: 0.0001 | consistency: 0.2325 | polarity: 1.9689 | monodec: 0.0003 | rule: 210.5490 | group: 1.3859 | tree: 4.0213 | total: 1.2781
--- 验证集 [epoch 280] ---
  准确率 (Accuracy):  0.8014
  精确率 (Precision): 0.7970
  召回率 (Recall):    0.6734
  F1 分数 (F1):       0.7012
[New] Epoch 281/1000 | classify: 1.2031 | voltage: 0.2619 | conc: 0.0002 | consistency: 0.2329 | polarity: 1.9685 | monodec: 0.0003 | rule: 220.1923 | group: 1.3704 | tree: 4.1211 | total: 1.3298
[New] Epoch 282/1000 | classify: 1.2138 | voltage: 0.2776 | conc: 0.0002 | consistency: 0.2345 | polarity: 1.9733 | monodec: 0.0002 | rule: 212.0956 | group: 1.3861 | tree: 3.9974 | total: 1.3371
[New] Epoch 283/1000 | classify: 1.1671 | voltage: 0.2698 | conc: 0.0001 | consistency: 0.2358 | polarity: 1.9741 | monodec: 0.0002 | rule: 240.3913 | group: 1.3858 | tree: 3.9236 | total: 1.3040
[New] Epoch 284/1000 | classify: 1.1389 | voltage: 0.2853 | conc: 0.0002 | consistency: 0.2363 | polarity: 1.9730 | monodec: 0.0002 | rule: 205.4012 | group: 1.3859 | tree: 3.9715 | total: 1.2593
[New] Epoch 285/1000 | classify: 1.1882 | voltage: 0.2783 | conc: 0.0001 | consistency: 0.2367 | polarity: 1.9727 | monodec: 0.0002 | rule: 224.0370 | group: 1.3703 | tree: 4.1195 | total: 1.3176
[New] Epoch 286/1000 | classify: 1.1870 | voltage: 0.2863 | conc: 0.0001 | consistency: 0.2376 | polarity: 1.9735 | monodec: 0.0002 | rule: 228.1645 | group: 1.3859 | tree: 4.1697 | total: 1.3188
[New] Epoch 287/1000 | classify: 1.2033 | voltage: 0.3100 | conc: 0.0001 | consistency: 0.2389 | polarity: 1.9762 | monodec: 0.0002 | rule: 246.1691 | group: 1.3548 | tree: 3.8990 | total: 1.3451
[New] Epoch 288/1000 | classify: 1.1999 | voltage: 0.3033 | conc: 0.0001 | consistency: 0.2404 | polarity: 1.9775 | monodec: 0.0002 | rule: 213.2511 | group: 1.3862 | tree: 3.9482 | total: 1.3251
[New] Epoch 289/1000 | classify: 1.1010 | voltage: 0.2890 | conc: 0.0001 | consistency: 0.2411 | polarity: 1.9767 | monodec: 0.0002 | rule: 209.0953 | group: 1.3860 | tree: 4.0716 | total: 1.2233
[New] Epoch 290/1000 | classify: 1.2501 | voltage: 0.3193 | conc: 0.0001 | consistency: 0.2415 | polarity: 1.9761 | monodec: 0.0002 | rule: 216.1727 | group: 1.3704 | tree: 3.9479 | total: 1.3774
--- 验证集 [epoch 290] ---
  准确率 (Accuracy):  0.8082
  精确率 (Precision): 0.7857
  召回率 (Recall):    0.6816
  F1 分数 (F1):       0.7161
[New] Epoch 291/1000 | classify: 1.2115 | voltage: 0.3132 | conc: 0.0002 | consistency: 0.2421 | polarity: 1.9759 | monodec: 0.0002 | rule: 209.0906 | group: 1.3549 | tree: 3.8989 | total: 1.3350
[New] Epoch 292/1000 | classify: 1.1943 | voltage: 0.3163 | conc: 0.0001 | consistency: 0.2433 | polarity: 1.9782 | monodec: 0.0002 | rule: 212.9394 | group: 1.3861 | tree: 3.7266 | total: 1.3198
[New] Epoch 293/1000 | classify: 1.0749 | voltage: 0.3079 | conc: 0.0001 | consistency: 0.2441 | polarity: 1.9775 | monodec: 0.0002 | rule: 210.2813 | group: 1.3860 | tree: 3.9728 | total: 1.1988
[New] Epoch 294/1000 | classify: 1.3407 | voltage: 0.3120 | conc: 0.0001 | consistency: 0.2452 | polarity: 1.9788 | monodec: 0.0002 | rule: 213.8691 | group: 1.3862 | tree: 4.0969 | total: 1.4666
[New] Epoch 295/1000 | classify: 1.0645 | voltage: 0.3359 | conc: 0.0001 | consistency: 0.2462 | polarity: 1.9792 | monodec: 0.0002 | rule: 197.9073 | group: 1.3706 | tree: 3.9725 | total: 1.1836
[New] Epoch 296/1000 | classify: 1.3184 | voltage: 0.3290 | conc: 0.0002 | consistency: 0.2438 | polarity: 1.9785 | monodec: 0.0002 | rule: 236.2288 | group: 1.3706 | tree: 3.9976 | total: 1.4564
[New] Epoch 297/1000 | classify: 1.1101 | voltage: 0.3258 | conc: 0.0001 | consistency: 0.2478 | polarity: 1.9796 | monodec: 0.0002 | rule: 217.3166 | group: 1.3861 | tree: 4.0477 | total: 1.2384
[New] Epoch 298/1000 | classify: 1.2563 | voltage: 0.3338 | conc: 0.0001 | consistency: 0.2479 | polarity: 1.9780 | monodec: 0.0002 | rule: 202.9864 | group: 1.3861 | tree: 4.0220 | total: 1.3778
[New] Epoch 299/1000 | classify: 1.2335 | voltage: 0.3324 | conc: 0.0001 | consistency: 0.2460 | polarity: 1.9794 | monodec: 0.0002 | rule: 215.8225 | group: 1.3706 | tree: 3.9731 | total: 1.3613
[New] Epoch 300/1000 | classify: 1.2508 | voltage: 0.3386 | conc: 0.0001 | consistency: 0.2500 | polarity: 1.9810 | monodec: 0.0001 | rule: 228.2820 | group: 1.3862 | tree: 3.9736 | total: 1.3852
--- 验证集 [epoch 300] ---
  准确率 (Accuracy):  0.7945
  精确率 (Precision): 0.8060
  召回率 (Recall):    0.6494
  F1 分数 (F1):       0.6805
✅ 模型已保存到 /home/kudouzala/Application/ion_detect/output/trained_model_save/exp_new_j/trained_model_epoch_300.pth
📁 损失值已保存到 /home/kudouzala/Application/ion_detect/output/trained_model_save/exp_new_j/training_loss_epoch_300.csv
[New] Epoch 301/1000 | classify: 1.2089 | voltage: 0.3386 | conc: 0.0001 | consistency: 0.2506 | polarity: 1.9804 | monodec: 0.0002 | rule: 229.1951 | group: 1.3706 | tree: 4.0231 | total: 1.3437
[New] Epoch 302/1000 | classify: 1.1617 | voltage: 0.3320 | conc: 0.0002 | consistency: 0.2520 | polarity: 1.9827 | monodec: 0.0001 | rule: 225.7555 | group: 1.3863 | tree: 4.0235 | total: 1.2946
[New] Epoch 303/1000 | classify: 1.2647 | voltage: 0.3630 | conc: 0.0002 | consistency: 0.2533 | polarity: 1.9838 | monodec: 0.0001 | rule: 245.5127 | group: 1.3862 | tree: 4.2455 | total: 1.4091
[New] Epoch 304/1000 | classify: 1.2108 | voltage: 0.3649 | conc: 0.0001 | consistency: 0.2544 | polarity: 1.9837 | monodec: 0.0001 | rule: 219.3938 | group: 1.3862 | tree: 4.1461 | total: 1.3421
[New] Epoch 305/1000 | classify: 1.1143 | voltage: 0.3777 | conc: 0.0001 | consistency: 0.2551 | polarity: 1.9831 | monodec: 0.0001 | rule: 208.4383 | group: 1.3707 | tree: 3.8011 | total: 1.2406
[New] Epoch 306/1000 | classify: 1.1388 | voltage: 0.3664 | conc: 0.0001 | consistency: 0.2558 | polarity: 1.9825 | monodec: 0.0001 | rule: 207.4593 | group: 1.3862 | tree: 3.9483 | total: 1.2641
[New] Epoch 307/1000 | classify: 1.2421 | voltage: 0.3707 | conc: 0.0002 | consistency: 0.2558 | polarity: 1.9811 | monodec: 0.0001 | rule: 204.7306 | group: 1.3863 | tree: 4.0225 | total: 1.3664
[New] Epoch 308/1000 | classify: 1.1130 | voltage: 0.3864 | conc: 0.0001 | consistency: 0.2539 | polarity: 1.9825 | monodec: 0.0001 | rule: 214.2029 | group: 1.3862 | tree: 3.8752 | total: 1.2427
[New] Epoch 309/1000 | classify: 1.2111 | voltage: 0.3612 | conc: 0.0001 | consistency: 0.2580 | polarity: 1.9838 | monodec: 0.0001 | rule: 228.9694 | group: 1.3706 | tree: 3.9984 | total: 1.3469
[New] Epoch 310/1000 | classify: 1.3392 | voltage: 0.3741 | conc: 0.0001 | consistency: 0.2561 | polarity: 1.9849 | monodec: 0.0001 | rule: 218.3507 | group: 1.3707 | tree: 4.1712 | total: 1.4705
--- 验证集 [epoch 310] ---
  准确率 (Accuracy):  0.8151
  精确率 (Precision): 0.7857
  召回率 (Recall):    0.6908
  F1 分数 (F1):       0.7276
[New] Epoch 311/1000 | classify: 1.1779 | voltage: 0.3895 | conc: 0.0001 | consistency: 0.2591 | polarity: 1.9824 | monodec: 0.0001 | rule: 209.6511 | group: 1.3863 | tree: 3.9983 | total: 1.3056
[New] Epoch 312/1000 | classify: 1.4707 | voltage: 0.4126 | conc: 0.0001 | consistency: 0.2562 | polarity: 1.9818 | monodec: 0.0001 | rule: 209.5646 | group: 1.3863 | tree: 3.9983 | total: 1.5995
[New] Epoch 313/1000 | classify: 1.3127 | voltage: 0.3901 | conc: 0.0001 | consistency: 0.2603 | polarity: 1.9852 | monodec: 0.0001 | rule: 215.6440 | group: 1.3862 | tree: 4.0233 | total: 1.4434
[New] Epoch 314/1000 | classify: 1.2410 | voltage: 0.3964 | conc: 0.0001 | consistency: 0.2611 | polarity: 1.9850 | monodec: 0.0001 | rule: 217.1129 | group: 1.3860 | tree: 3.9986 | total: 1.3727
[New] Epoch 315/1000 | classify: 1.1865 | voltage: 0.4081 | conc: 0.0002 | consistency: 0.2623 | polarity: 1.9869 | monodec: 0.0001 | rule: 217.9726 | group: 1.3706 | tree: 3.9732 | total: 1.3193
[New] Epoch 316/1000 | classify: 1.2869 | voltage: 0.4142 | conc: 0.0002 | consistency: 0.2631 | polarity: 1.9867 | monodec: 0.0001 | rule: 199.4319 | group: 1.3863 | tree: 4.0227 | total: 1.4107
[New] Epoch 317/1000 | classify: 1.2287 | voltage: 0.4207 | conc: 0.0001 | consistency: 0.2642 | polarity: 1.9871 | monodec: 0.0001 | rule: 201.8031 | group: 1.3862 | tree: 3.8995 | total: 1.3539
[New] Epoch 318/1000 | classify: 1.2915 | voltage: 0.4260 | conc: 0.0001 | consistency: 0.2649 | polarity: 1.9865 | monodec: 0.0001 | rule: 227.2171 | group: 1.3862 | tree: 4.0726 | total: 1.4298
[New] Epoch 319/1000 | classify: 1.2843 | voltage: 0.4182 | conc: 0.0001 | consistency: 0.2660 | polarity: 1.9872 | monodec: 0.0001 | rule: 214.4905 | group: 1.3863 | tree: 4.1716 | total: 1.4159
[New] Epoch 320/1000 | classify: 1.2806 | voltage: 0.4410 | conc: 0.0002 | consistency: 0.2665 | polarity: 1.9861 | monodec: 0.0001 | rule: 239.7035 | group: 1.3863 | tree: 3.9990 | total: 1.4259
--- 验证集 [epoch 320] ---
  准确率 (Accuracy):  0.8014
  精确率 (Precision): 0.7601
  召回率 (Recall):    0.6627
  F1 分数 (F1):       0.6867
[New] Epoch 321/1000 | classify: 1.2771 | voltage: 0.4617 | conc: 0.0001 | consistency: 0.2650 | polarity: 1.9885 | monodec: 0.0001 | rule: 210.2642 | group: 1.3863 | tree: 4.0730 | total: 1.4086
[New] Epoch 322/1000 | classify: 1.1665 | voltage: 0.4366 | conc: 0.0001 | consistency: 0.2690 | polarity: 1.9877 | monodec: 0.0001 | rule: 217.7453 | group: 1.3863 | tree: 4.1223 | total: 1.3005
[New] Epoch 323/1000 | classify: 1.1905 | voltage: 0.4417 | conc: 0.0001 | consistency: 0.2691 | polarity: 1.9857 | monodec: 0.0001 | rule: 206.7682 | group: 1.3862 | tree: 3.8500 | total: 1.3193
[New] Epoch 324/1000 | classify: 1.2633 | voltage: 0.4593 | conc: 0.0001 | consistency: 0.2698 | polarity: 1.9865 | monodec: 0.0001 | rule: 204.1019 | group: 1.3862 | tree: 3.9487 | total: 1.3916
[New] Epoch 325/1000 | classify: 1.2691 | voltage: 0.4632 | conc: 0.0002 | consistency: 0.2709 | polarity: 1.9876 | monodec: 0.0001 | rule: 218.8049 | group: 1.3862 | tree: 4.0481 | total: 1.4051
[New] Epoch 326/1000 | classify: 1.2433 | voltage: 0.4645 | conc: 0.0001 | consistency: 0.2688 | polarity: 1.9881 | monodec: 0.0001 | rule: 221.0447 | group: 1.3863 | tree: 3.9495 | total: 1.3803
[New] Epoch 327/1000 | classify: 1.2656 | voltage: 0.4971 | conc: 0.0001 | consistency: 0.2726 | polarity: 1.9880 | monodec: 0.0001 | rule: 186.6539 | group: 1.3551 | tree: 3.8998 | total: 1.3871
[New] Epoch 328/1000 | classify: 1.2797 | voltage: 0.4777 | conc: 0.0002 | consistency: 0.2735 | polarity: 1.9885 | monodec: 0.0001 | rule: 235.1971 | group: 1.3862 | tree: 3.9248 | total: 1.4245
[New] Epoch 329/1000 | classify: 1.3743 | voltage: 0.4769 | conc: 0.0002 | consistency: 0.2743 | polarity: 1.9882 | monodec: 0.0001 | rule: 230.6407 | group: 1.3706 | tree: 4.0230 | total: 1.5169
[New] Epoch 330/1000 | classify: 1.2616 | voltage: 0.4958 | conc: 0.0001 | consistency: 0.2714 | polarity: 1.9865 | monodec: 0.0001 | rule: 199.1918 | group: 1.3707 | tree: 3.8253 | total: 1.3892
--- 验证集 [epoch 330] ---
  准确率 (Accuracy):  0.7877
  精确率 (Precision): 0.7303
  召回率 (Recall):    0.6534
  F1 分数 (F1):       0.6593
[New] Epoch 331/1000 | classify: 1.1801 | voltage: 0.5015 | conc: 0.0001 | consistency: 0.2752 | polarity: 1.9878 | monodec: 0.0001 | rule: 206.8990 | group: 1.3707 | tree: 3.8998 | total: 1.3119
[New] Epoch 332/1000 | classify: 1.2338 | voltage: 0.5107 | conc: 0.0001 | consistency: 0.2758 | polarity: 1.9878 | monodec: 0.0001 | rule: 209.6021 | group: 1.3863 | tree: 3.8749 | total: 1.3674
[New] Epoch 333/1000 | classify: 1.2946 | voltage: 0.5127 | conc: 0.0001 | consistency: 0.2765 | polarity: 1.9881 | monodec: 0.0001 | rule: 200.0453 | group: 1.3707 | tree: 3.9985 | total: 1.4236
[New] Epoch 334/1000 | classify: 1.3144 | voltage: 0.5190 | conc: 0.0001 | consistency: 0.2772 | polarity: 1.9881 | monodec: 0.0001 | rule: 209.0554 | group: 1.3707 | tree: 4.0232 | total: 1.4481
[New] Epoch 335/1000 | classify: 1.2444 | voltage: 0.5119 | conc: 0.0001 | consistency: 0.2780 | polarity: 1.9888 | monodec: 0.0001 | rule: 230.2796 | group: 1.3862 | tree: 4.0973 | total: 1.3885
[New] Epoch 336/1000 | classify: 1.2415 | voltage: 0.5279 | conc: 0.0001 | consistency: 0.2757 | polarity: 1.9887 | monodec: 0.0001 | rule: 206.9918 | group: 1.3707 | tree: 4.0481 | total: 1.3747
[New] Epoch 337/1000 | classify: 1.3023 | voltage: 0.5275 | conc: 0.0002 | consistency: 0.2792 | polarity: 1.9878 | monodec: 0.0001 | rule: 223.7264 | group: 1.3862 | tree: 3.9988 | total: 1.4439
[New] Epoch 338/1000 | classify: 1.2420 | voltage: 0.5273 | conc: 0.0001 | consistency: 0.2801 | polarity: 1.9887 | monodec: 0.0001 | rule: 201.7327 | group: 1.3863 | tree: 3.8755 | total: 1.3725
[New] Epoch 339/1000 | classify: 1.2383 | voltage: 0.5452 | conc: 0.0001 | consistency: 0.2812 | polarity: 1.9897 | monodec: 0.0001 | rule: 212.9803 | group: 1.3863 | tree: 3.9742 | total: 1.3753
[New] Epoch 340/1000 | classify: 1.3072 | voltage: 0.5543 | conc: 0.0001 | consistency: 0.2817 | polarity: 1.9886 | monodec: 0.0001 | rule: 210.4582 | group: 1.3707 | tree: 3.9740 | total: 1.4434
--- 验证集 [epoch 340] ---
  准确率 (Accuracy):  0.8288
  精确率 (Precision): 0.7869
  召回率 (Recall):    0.7132
  F1 分数 (F1):       0.7384
[New] Epoch 341/1000 | classify: 1.3530 | voltage: 0.5512 | conc: 0.0001 | consistency: 0.2825 | polarity: 1.9890 | monodec: 0.0001 | rule: 220.8935 | group: 1.3707 | tree: 4.0233 | total: 1.4944
[New] Epoch 342/1000 | classify: 1.3439 | voltage: 0.5594 | conc: 0.0001 | consistency: 0.2834 | polarity: 1.9893 | monodec: 0.0001 | rule: 215.8133 | group: 1.3551 | tree: 3.9740 | total: 1.4831
[New] Epoch 343/1000 | classify: 1.2881 | voltage: 0.5610 | conc: 0.0002 | consistency: 0.2842 | polarity: 1.9892 | monodec: 0.0001 | rule: 224.8794 | group: 1.3707 | tree: 4.0974 | total: 1.4320
[New] Epoch 344/1000 | classify: 1.2840 | voltage: 0.5999 | conc: 0.0001 | consistency: 0.2818 | polarity: 1.9894 | monodec: 0.0000 | rule: 199.2016 | group: 1.3707 | tree: 3.9001 | total: 1.4169
[New] Epoch 345/1000 | classify: 1.3711 | voltage: 0.5707 | conc: 0.0002 | consistency: 0.2858 | polarity: 1.9891 | monodec: 0.0001 | rule: 223.5647 | group: 1.3707 | tree: 3.9987 | total: 1.5148
[New] Epoch 346/1000 | classify: 1.4414 | voltage: 0.5807 | conc: 0.0001 | consistency: 0.2870 | polarity: 1.9908 | monodec: 0.0000 | rule: 245.3770 | group: 1.3862 | tree: 4.0730 | total: 1.5965
[New] Epoch 347/1000 | classify: 1.3435 | voltage: 0.6214 | conc: 0.0001 | consistency: 0.2882 | polarity: 1.9909 | monodec: 0.0000 | rule: 198.0764 | group: 1.3551 | tree: 3.9246 | total: 1.4769
[New] Epoch 348/1000 | classify: 1.3258 | voltage: 0.6046 | conc: 0.0001 | consistency: 0.2890 | polarity: 1.9902 | monodec: 0.0000 | rule: 222.8090 | group: 1.3551 | tree: 3.8754 | total: 1.4707
[New] Epoch 349/1000 | classify: 1.3545 | voltage: 0.6305 | conc: 0.0002 | consistency: 0.2893 | polarity: 1.9892 | monodec: 0.0001 | rule: 215.7150 | group: 1.3863 | tree: 4.0730 | total: 1.4974
[New] Epoch 350/1000 | classify: 1.3328 | voltage: 0.6447 | conc: 0.0001 | consistency: 0.2901 | polarity: 1.9901 | monodec: 0.0000 | rule: 204.1983 | group: 1.3707 | tree: 3.9003 | total: 1.4704
--- 验证集 [epoch 350] ---
  准确率 (Accuracy):  0.8014
  精确率 (Precision): 0.7988
  召回率 (Recall):    0.6552
  F1 分数 (F1):       0.6622
✅ 模型已保存到 /home/kudouzala/Application/ion_detect/output/trained_model_save/exp_new_j/trained_model_epoch_350.pth
📁 损失值已保存到 /home/kudouzala/Application/ion_detect/output/trained_model_save/exp_new_j/training_loss_epoch_350.csv
[New] Epoch 351/1000 | classify: 1.4375 | voltage: 0.6398 | conc: 0.0001 | consistency: 0.2907 | polarity: 1.9898 | monodec: 0.0000 | rule: 197.9994 | group: 1.3707 | tree: 3.9743 | total: 1.5718
[New] Epoch 352/1000 | classify: 1.4594 | voltage: 0.6388 | conc: 0.0002 | consistency: 0.2916 | polarity: 1.9904 | monodec: 0.0000 | rule: 228.9119 | group: 1.3863 | tree: 4.0235 | total: 1.6092
[New] Epoch 353/1000 | classify: 1.3630 | voltage: 0.6407 | conc: 0.0002 | consistency: 0.2930 | polarity: 1.9914 | monodec: 0.0000 | rule: 227.3777 | group: 1.3707 | tree: 3.9250 | total: 1.5121
[New] Epoch 354/1000 | classify: 1.3391 | voltage: 0.6564 | conc: 0.0001 | consistency: 0.2928 | polarity: 1.9885 | monodec: 0.0000 | rule: 206.8887 | group: 1.3863 | tree: 4.0973 | total: 1.4788
[New] Epoch 355/1000 | classify: 1.3724 | voltage: 0.6609 | conc: 0.0002 | consistency: 0.2935 | polarity: 1.9898 | monodec: 0.0000 | rule: 218.3006 | group: 1.3707 | tree: 4.1226 | total: 1.5180
[New] Epoch 356/1000 | classify: 1.3706 | voltage: 0.6396 | conc: 0.0000 | consistency: 0.2936 | polarity: 1.9884 | monodec: 0.0000 | rule: 240.7136 | group: 1.3707 | tree: 3.9739 | total: 1.5262
[New] Epoch 357/1000 | classify: 1.3229 | voltage: 0.6678 | conc: 0.0001 | consistency: 0.2936 | polarity: 1.9884 | monodec: 0.0000 | rule: 200.5753 | group: 1.3707 | tree: 4.0483 | total: 1.4600
[New] Epoch 358/1000 | classify: 1.3575 | voltage: 0.6649 | conc: 0.0001 | consistency: 0.2939 | polarity: 1.9888 | monodec: 0.0000 | rule: 211.7954 | group: 1.3863 | tree: 4.0978 | total: 1.5000
[New] Epoch 359/1000 | classify: 1.2914 | voltage: 0.6719 | conc: 0.0001 | consistency: 0.2945 | polarity: 1.9896 | monodec: 0.0000 | rule: 226.1126 | group: 1.3863 | tree: 4.0731 | total: 1.4415
[New] Epoch 360/1000 | classify: 1.4978 | voltage: 0.7009 | conc: 0.0001 | consistency: 0.2947 | polarity: 1.9893 | monodec: 0.0000 | rule: 204.7006 | group: 1.3863 | tree: 3.9745 | total: 1.6386
--- 验证集 [epoch 360] ---
  准确率 (Accuracy):  0.7808
  精确率 (Precision): 0.6295
  召回率 (Recall):    0.6235
  F1 分数 (F1):       0.6235
[New] Epoch 361/1000 | classify: 1.3673 | voltage: 0.6819 | conc: 0.0001 | consistency: 0.2955 | polarity: 1.9901 | monodec: 0.0000 | rule: 240.9032 | group: 1.3863 | tree: 4.1471 | total: 1.5252
[New] Epoch 362/1000 | classify: 1.4174 | voltage: 0.7082 | conc: 0.0002 | consistency: 0.2967 | polarity: 1.9915 | monodec: 0.0000 | rule: 233.0323 | group: 1.3863 | tree: 4.0240 | total: 1.5728
[New] Epoch 363/1000 | classify: 1.3454 | voltage: 0.7108 | conc: 0.0002 | consistency: 0.2976 | polarity: 1.9909 | monodec: 0.0000 | rule: 220.4177 | group: 1.3863 | tree: 4.0978 | total: 1.4946
[New] Epoch 364/1000 | classify: 1.4003 | voltage: 0.7322 | conc: 0.0001 | consistency: 0.2980 | polarity: 1.9896 | monodec: 0.0000 | rule: 208.8913 | group: 1.3863 | tree: 4.0482 | total: 1.5447
[New] Epoch 365/1000 | classify: 1.3776 | voltage: 0.7469 | conc: 0.0001 | consistency: 0.2945 | polarity: 1.9884 | monodec: 0.0000 | rule: 192.3244 | group: 1.3707 | tree: 3.8508 | total: 1.5143
[New] Epoch 366/1000 | classify: 1.4142 | voltage: 0.7603 | conc: 0.0002 | consistency: 0.2986 | polarity: 1.9899 | monodec: 0.0000 | rule: 194.1874 | group: 1.3863 | tree: 3.8016 | total: 1.5526
[New] Epoch 367/1000 | classify: 1.4340 | voltage: 0.7298 | conc: 0.0001 | consistency: 0.2991 | polarity: 1.9896 | monodec: 0.0000 | rule: 229.7975 | group: 1.3862 | tree: 3.9496 | total: 1.5888
[New] Epoch 368/1000 | classify: 1.3750 | voltage: 0.7281 | conc: 0.0001 | consistency: 0.2989 | polarity: 1.9882 | monodec: 0.0000 | rule: 207.5751 | group: 1.3863 | tree: 3.9494 | total: 1.5186
[New] Epoch 369/1000 | classify: 1.4329 | voltage: 0.7240 | conc: 0.0001 | consistency: 0.2990 | polarity: 1.9885 | monodec: 0.0000 | rule: 228.7783 | group: 1.3863 | tree: 4.0480 | total: 1.5869
[New] Epoch 370/1000 | classify: 1.4433 | voltage: 0.7859 | conc: 0.0001 | consistency: 0.2961 | polarity: 1.9893 | monodec: 0.0000 | rule: 208.2795 | group: 1.3863 | tree: 3.8754 | total: 1.5901
--- 验证集 [epoch 370] ---
  准确率 (Accuracy):  0.7808
  精确率 (Precision): 0.7751
  召回率 (Recall):    0.6246
  F1 分数 (F1):       0.6359
[New] Epoch 371/1000 | classify: 1.5628 | voltage: 0.7564 | conc: 0.0001 | consistency: 0.3001 | polarity: 1.9902 | monodec: 0.0000 | rule: 223.1064 | group: 1.3863 | tree: 4.0238 | total: 1.7156
[New] Epoch 372/1000 | classify: 1.4344 | voltage: 0.7812 | conc: 0.0001 | consistency: 0.3008 | polarity: 1.9903 | monodec: 0.0000 | rule: 211.1065 | group: 1.3706 | tree: 3.7766 | total: 1.5823
[New] Epoch 373/1000 | classify: 1.4464 | voltage: 0.7909 | conc: 0.0001 | consistency: 0.2973 | polarity: 1.9887 | monodec: 0.0000 | rule: 204.7073 | group: 1.3863 | tree: 4.0240 | total: 1.5916
[New] Epoch 374/1000 | classify: 1.4696 | voltage: 0.7667 | conc: 0.0002 | consistency: 0.3009 | polarity: 1.9889 | monodec: 0.0000 | rule: 224.8150 | group: 1.3707 | tree: 3.9250 | total: 1.6237
[New] Epoch 375/1000 | classify: 1.4987 | voltage: 0.7881 | conc: 0.0001 | consistency: 0.3017 | polarity: 1.9902 | monodec: 0.0000 | rule: 233.6125 | group: 1.3863 | tree: 4.0981 | total: 1.6583
[New] Epoch 376/1000 | classify: 1.4178 | voltage: 0.7652 | conc: 0.0001 | consistency: 0.3018 | polarity: 1.9888 | monodec: 0.0000 | rule: 218.4974 | group: 1.3862 | tree: 4.0976 | total: 1.5688
[New] Epoch 377/1000 | classify: 1.4361 | voltage: 0.8148 | conc: 0.0001 | consistency: 0.3017 | polarity: 1.9885 | monodec: 0.0000 | rule: 185.8357 | group: 1.3863 | tree: 4.0234 | total: 1.5731
[New] Epoch 378/1000 | classify: 1.3748 | voltage: 0.7924 | conc: 0.0001 | consistency: 0.2986 | polarity: 1.9890 | monodec: 0.0000 | rule: 204.6681 | group: 1.3707 | tree: 4.0974 | total: 1.5201
[New] Epoch 379/1000 | classify: 1.5576 | voltage: 0.7954 | conc: 0.0001 | consistency: 0.3022 | polarity: 1.9891 | monodec: 0.0000 | rule: 235.8125 | group: 1.3707 | tree: 3.9743 | total: 1.7186
[New] Epoch 380/1000 | classify: 1.3756 | voltage: 0.8105 | conc: 0.0001 | consistency: 0.3027 | polarity: 1.9895 | monodec: 0.0000 | rule: 221.1060 | group: 1.3707 | tree: 3.8756 | total: 1.5300
--- 验证集 [epoch 380] ---
  准确率 (Accuracy):  0.7877
  精确率 (Precision): 0.6451
  召回率 (Recall):    0.6401
  F1 分数 (F1):       0.6332
[New] Epoch 381/1000 | classify: 1.3942 | voltage: 0.8190 | conc: 0.0002 | consistency: 0.3027 | polarity: 1.9884 | monodec: 0.0000 | rule: 218.6145 | group: 1.3863 | tree: 3.9741 | total: 1.5478
[New] Epoch 382/1000 | classify: 1.4499 | voltage: 0.7884 | conc: 0.0001 | consistency: 0.3027 | polarity: 1.9883 | monodec: 0.0000 | rule: 252.1676 | group: 1.3707 | tree: 4.0730 | total: 1.6188
[New] Epoch 383/1000 | classify: 1.5132 | voltage: 0.8186 | conc: 0.0002 | consistency: 0.3024 | polarity: 1.9875 | monodec: 0.0000 | rule: 200.7465 | group: 1.3862 | tree: 4.0724 | total: 1.6579
[New] Epoch 384/1000 | classify: 1.3998 | voltage: 0.8010 | conc: 0.0001 | consistency: 0.3027 | polarity: 1.9886 | monodec: 0.0000 | rule: 212.8342 | group: 1.3707 | tree: 4.0976 | total: 1.5497
[New] Epoch 385/1000 | classify: 1.4012 | voltage: 0.8266 | conc: 0.0002 | consistency: 0.3023 | polarity: 1.9877 | monodec: 0.0000 | rule: 214.9448 | group: 1.3707 | tree: 3.9249 | total: 1.5534
[New] Epoch 386/1000 | classify: 1.4362 | voltage: 0.8323 | conc: 0.0001 | consistency: 0.3028 | polarity: 1.9890 | monodec: 0.0000 | rule: 214.6789 | group: 1.3706 | tree: 4.0237 | total: 1.5885
[New] Epoch 387/1000 | classify: 1.4551 | voltage: 0.8436 | conc: 0.0001 | consistency: 0.3027 | polarity: 1.9885 | monodec: 0.0000 | rule: 201.6131 | group: 1.3707 | tree: 3.7768 | total: 1.6012
[New] Epoch 388/1000 | classify: 1.6176 | voltage: 0.7822 | conc: 0.0002 | consistency: 0.2989 | polarity: 1.9871 | monodec: 0.0000 | rule: 255.2236 | group: 1.3861 | tree: 4.0732 | total: 1.7877
[New] Epoch 389/1000 | classify: 1.4439 | voltage: 0.8371 | conc: 0.0001 | consistency: 0.2990 | polarity: 1.9882 | monodec: 0.0000 | rule: 203.3445 | group: 1.3863 | tree: 4.0235 | total: 1.5908
[New] Epoch 390/1000 | classify: 1.3269 | voltage: 0.8231 | conc: 0.0001 | consistency: 0.3027 | polarity: 1.9887 | monodec: 0.0000 | rule: 216.5672 | group: 1.3707 | tree: 3.9496 | total: 1.4797
--- 验证集 [epoch 390] ---
  准确率 (Accuracy):  0.7808
  精确率 (Precision): 0.7635
  召回率 (Recall):    0.6237
  F1 分数 (F1):       0.6345
[New] Epoch 391/1000 | classify: 1.4702 | voltage: 0.8396 | conc: 0.0001 | consistency: 0.3027 | polarity: 1.9882 | monodec: 0.0000 | rule: 198.6904 | group: 1.3863 | tree: 3.8754 | total: 1.6148
[New] Epoch 392/1000 | classify: 1.5763 | voltage: 0.8587 | conc: 0.0001 | consistency: 0.3027 | polarity: 1.9882 | monodec: 0.0000 | rule: 206.8233 | group: 1.3707 | tree: 4.0236 | total: 1.7261
[New] Epoch 393/1000 | classify: 1.5109 | voltage: 0.8466 | conc: 0.0001 | consistency: 0.3032 | polarity: 1.9894 | monodec: 0.0000 | rule: 213.3385 | group: 1.3707 | tree: 3.9743 | total: 1.6632
[New] Epoch 394/1000 | classify: 1.5233 | voltage: 0.8408 | conc: 0.0001 | consistency: 0.3000 | polarity: 1.9890 | monodec: 0.0000 | rule: 225.9083 | group: 1.3863 | tree: 4.0974 | total: 1.6817
[New] Epoch 395/1000 | classify: 1.5920 | voltage: 0.8388 | conc: 0.0001 | consistency: 0.3041 | polarity: 1.9896 | monodec: 0.0000 | rule: 250.9871 | group: 1.3863 | tree: 4.0733 | total: 1.7628
[New] Epoch 396/1000 | classify: 1.4971 | voltage: 0.8699 | conc: 0.0001 | consistency: 0.3044 | polarity: 1.9893 | monodec: 0.0000 | rule: 228.4339 | group: 1.3707 | tree: 3.9744 | total: 1.6581
[New] Epoch 397/1000 | classify: 1.4052 | voltage: 0.8572 | conc: 0.0002 | consistency: 0.3040 | polarity: 1.9875 | monodec: 0.0000 | rule: 223.5306 | group: 1.3706 | tree: 3.9252 | total: 1.5632
[New] Epoch 398/1000 | classify: 1.3559 | voltage: 0.8287 | conc: 0.0001 | consistency: 0.3003 | polarity: 1.9869 | monodec: 0.0000 | rule: 221.6494 | group: 1.3707 | tree: 3.9248 | total: 1.5115
[New] Epoch 399/1000 | classify: 1.4432 | voltage: 0.8353 | conc: 0.0001 | consistency: 0.3030 | polarity: 1.9863 | monodec: 0.0000 | rule: 229.8132 | group: 1.3863 | tree: 3.8510 | total: 1.6032
[New] Epoch 400/1000 | classify: 1.5524 | voltage: 0.8841 | conc: 0.0001 | consistency: 0.3029 | polarity: 1.9872 | monodec: 0.0000 | rule: 197.6274 | group: 1.3707 | tree: 3.9745 | total: 1.6988
--- 验证集 [epoch 400] ---
  准确率 (Accuracy):  0.7534
  精确率 (Precision): 0.5482
  召回率 (Recall):    0.5935
  F1 分数 (F1):       0.5696
✅ 模型已保存到 /home/kudouzala/Application/ion_detect/output/trained_model_save/exp_new_j/trained_model_epoch_400.pth
📁 损失值已保存到 /home/kudouzala/Application/ion_detect/output/trained_model_save/exp_new_j/training_loss_epoch_400.csv
[New] Epoch 401/1000 | classify: 1.5388 | voltage: 0.8484 | conc: 0.0001 | consistency: 0.2997 | polarity: 1.9882 | monodec: 0.0000 | rule: 203.4563 | group: 1.3863 | tree: 4.0733 | total: 1.6864
[New] Epoch 402/1000 | classify: 1.4502 | voltage: 0.8855 | conc: 0.0001 | consistency: 0.3032 | polarity: 1.9880 | monodec: 0.0000 | rule: 214.2490 | group: 1.3551 | tree: 3.8510 | total: 1.6049
[New] Epoch 403/1000 | classify: 1.5557 | voltage: 0.8601 | conc: 0.0002 | consistency: 0.2995 | polarity: 1.9873 | monodec: 0.0000 | rule: 196.3182 | group: 1.3863 | tree: 4.0727 | total: 1.7003
[New] Epoch 404/1000 | classify: 1.4406 | voltage: 0.8796 | conc: 0.0001 | consistency: 0.3026 | polarity: 1.9870 | monodec: 0.0000 | rule: 188.7802 | group: 1.3707 | tree: 3.7769 | total: 1.5822
[New] Epoch 405/1000 | classify: 1.5843 | voltage: 0.8974 | conc: 0.0001 | consistency: 0.3029 | polarity: 1.9882 | monodec: 0.0000 | rule: 217.6662 | group: 1.3707 | tree: 3.9991 | total: 1.7414
[New] Epoch 406/1000 | classify: 1.5079 | voltage: 0.8767 | conc: 0.0001 | consistency: 0.2999 | polarity: 1.9888 | monodec: 0.0000 | rule: 185.7033 | group: 1.3707 | tree: 3.9991 | total: 1.6479
[New] Epoch 407/1000 | classify: 1.5325 | voltage: 0.8661 | conc: 0.0001 | consistency: 0.3037 | polarity: 1.9888 | monodec: 0.0000 | rule: 239.1755 | group: 1.3863 | tree: 4.2459 | total: 1.6988
[New] Epoch 408/1000 | classify: 1.6048 | voltage: 0.8964 | conc: 0.0001 | consistency: 0.3039 | polarity: 1.9886 | monodec: 0.0000 | rule: 224.2059 | group: 1.3863 | tree: 4.0731 | total: 1.7651
[New] Epoch 409/1000 | classify: 1.5573 | voltage: 0.8989 | conc: 0.0001 | consistency: 0.3043 | polarity: 1.9889 | monodec: 0.0000 | rule: 227.9906 | group: 1.3863 | tree: 4.0237 | total: 1.7196
[New] Epoch 410/1000 | classify: 1.5492 | voltage: 0.9015 | conc: 0.0001 | consistency: 0.3046 | polarity: 1.9889 | monodec: 0.0000 | rule: 210.2892 | group: 1.3863 | tree: 3.8758 | total: 1.7027
--- 验证集 [epoch 410] ---
  准确率 (Accuracy):  0.7740
  精确率 (Precision): 0.7324
  召回率 (Recall):    0.6399
  F1 分数 (F1):       0.6641
[New] Epoch 411/1000 | classify: 1.5037 | voltage: 0.9271 | conc: 0.0001 | consistency: 0.3048 | polarity: 1.9885 | monodec: 0.0000 | rule: 206.3921 | group: 1.3396 | tree: 3.8508 | total: 1.6565
[New] Epoch 412/1000 | classify: 1.4923 | voltage: 0.9020 | conc: 0.0001 | consistency: 0.3043 | polarity: 1.9870 | monodec: 0.0000 | rule: 208.8097 | group: 1.3863 | tree: 4.0977 | total: 1.6452
[New] Epoch 413/1000 | classify: 1.4632 | voltage: 0.9046 | conc: 0.0001 | consistency: 0.3044 | polarity: 1.9877 | monodec: 0.0000 | rule: 208.2236 | group: 1.3707 | tree: 3.9742 | total: 1.6159
[New] Epoch 414/1000 | classify: 1.5649 | voltage: 0.9102 | conc: 0.0001 | consistency: 0.3047 | polarity: 1.9882 | monodec: 0.0000 | rule: 220.0779 | group: 1.3551 | tree: 3.8754 | total: 1.7237
[New] Epoch 415/1000 | classify: 1.7169 | voltage: 0.9315 | conc: 0.0002 | consistency: 0.3048 | polarity: 1.9881 | monodec: 0.0000 | rule: 224.2888 | group: 1.3862 | tree: 3.9493 | total: 1.8790
[New] Epoch 416/1000 | classify: 1.5524 | voltage: 0.9034 | conc: 0.0002 | consistency: 0.3016 | polarity: 1.9882 | monodec: 0.0000 | rule: 225.6189 | group: 1.3862 | tree: 4.0731 | total: 1.7138
[New] Epoch 417/1000 | classify: 1.5714 | voltage: 0.9149 | conc: 0.0002 | consistency: 0.3050 | polarity: 1.9877 | monodec: 0.0000 | rule: 219.2235 | group: 1.3707 | tree: 3.9990 | total: 1.7301
[New] Epoch 418/1000 | classify: 1.5805 | voltage: 0.9182 | conc: 0.0001 | consistency: 0.3052 | polarity: 1.9881 | monodec: 0.0000 | rule: 207.0448 | group: 1.3707 | tree: 4.0485 | total: 1.7333
[New] Epoch 419/1000 | classify: 1.4432 | voltage: 0.9133 | conc: 0.0002 | consistency: 0.3055 | polarity: 1.9883 | monodec: 0.0000 | rule: 216.8383 | group: 1.3863 | tree: 3.8755 | total: 1.6007
[New] Epoch 420/1000 | classify: 1.4583 | voltage: 0.9217 | conc: 0.0001 | consistency: 0.3049 | polarity: 1.9867 | monodec: 0.0000 | rule: 203.3448 | group: 1.3707 | tree: 3.9003 | total: 1.6093
--- 验证集 [epoch 420] ---
  准确率 (Accuracy):  0.7740
  精确率 (Precision): 0.6198
  召回率 (Recall):    0.6265
  F1 分数 (F1):       0.6156
[New] Epoch 421/1000 | classify: 1.5101 | voltage: 0.9125 | conc: 0.0002 | consistency: 0.3049 | polarity: 1.9872 | monodec: 0.0000 | rule: 212.4200 | group: 1.3863 | tree: 4.0484 | total: 1.6653
[New] Epoch 422/1000 | classify: 1.5427 | voltage: 0.9092 | conc: 0.0001 | consistency: 0.3050 | polarity: 1.9878 | monodec: 0.0000 | rule: 210.8158 | group: 1.3863 | tree: 4.0237 | total: 1.6970
[New] Epoch 423/1000 | classify: 1.5394 | voltage: 0.8898 | conc: 0.0001 | consistency: 0.3050 | polarity: 1.9875 | monodec: 0.0000 | rule: 220.4990 | group: 1.3707 | tree: 3.9496 | total: 1.6975
[New] Epoch 424/1000 | classify: 1.6056 | voltage: 0.9298 | conc: 0.0001 | consistency: 0.3050 | polarity: 1.9878 | monodec: 0.0000 | rule: 212.4891 | group: 1.3551 | tree: 4.0237 | total: 1.7617
[New] Epoch 425/1000 | classify: 1.5362 | voltage: 0.9447 | conc: 0.0001 | consistency: 0.3052 | polarity: 1.9880 | monodec: 0.0000 | rule: 187.1467 | group: 1.3707 | tree: 3.9989 | total: 1.6804
[New] Epoch 426/1000 | classify: 1.5202 | voltage: 0.9131 | conc: 0.0001 | consistency: 0.3051 | polarity: 1.9875 | monodec: 0.0000 | rule: 233.5599 | group: 1.3707 | tree: 3.9251 | total: 1.6859
[New] Epoch 427/1000 | classify: 1.4890 | voltage: 0.9477 | conc: 0.0001 | consistency: 0.3014 | polarity: 1.9869 | monodec: 0.0000 | rule: 187.1934 | group: 1.3552 | tree: 3.9495 | total: 1.6333
[New] Epoch 428/1000 | classify: 1.5365 | voltage: 0.9252 | conc: 0.0002 | consistency: 0.3047 | polarity: 1.9870 | monodec: 0.0000 | rule: 219.4116 | group: 1.3863 | tree: 4.0484 | total: 1.6959
[New] Epoch 429/1000 | classify: 1.5678 | voltage: 0.9368 | conc: 0.0001 | consistency: 0.3014 | polarity: 1.9879 | monodec: 0.0000 | rule: 208.5542 | group: 1.3707 | tree: 3.9004 | total: 1.7222
[New] Epoch 430/1000 | classify: 1.4326 | voltage: 0.9280 | conc: 0.0001 | consistency: 0.3051 | polarity: 1.9878 | monodec: 0.0000 | rule: 199.6918 | group: 1.3863 | tree: 4.0235 | total: 1.5822
--- 验证集 [epoch 430] ---
  准确率 (Accuracy):  0.7603
  精确率 (Precision): 0.5810
  召回率 (Recall):    0.5968
  F1 分数 (F1):       0.5850
[New] Epoch 431/1000 | classify: 1.5282 | voltage: 0.9424 | conc: 0.0001 | consistency: 0.3017 | polarity: 1.9878 | monodec: 0.0000 | rule: 205.0764 | group: 1.3551 | tree: 3.9003 | total: 1.6811
[New] Epoch 432/1000 | classify: 1.5060 | voltage: 0.9363 | conc: 0.0001 | consistency: 0.3050 | polarity: 1.9873 | monodec: 0.0000 | rule: 220.1948 | group: 1.3862 | tree: 3.8755 | total: 1.6662
[New] Epoch 433/1000 | classify: 1.4523 | voltage: 0.9412 | conc: 0.0001 | consistency: 0.3045 | polarity: 1.9862 | monodec: 0.0000 | rule: 206.2949 | group: 1.3862 | tree: 3.8511 | total: 1.6058
[New] Epoch 434/1000 | classify: 1.5604 | voltage: 0.9152 | conc: 0.0001 | consistency: 0.3046 | polarity: 1.9872 | monodec: 0.0000 | rule: 222.4102 | group: 1.3707 | tree: 4.0730 | total: 1.7208
[New] Epoch 435/1000 | classify: 1.5570 | voltage: 0.9665 | conc: 0.0001 | consistency: 0.3014 | polarity: 1.9876 | monodec: 0.0000 | rule: 208.3989 | group: 1.3707 | tree: 4.0978 | total: 1.7129
[New] Epoch 436/1000 | classify: 1.6467 | voltage: 0.9059 | conc: 0.0001 | consistency: 0.3047 | polarity: 1.9873 | monodec: 0.0000 | rule: 256.1229 | group: 1.3863 | tree: 4.0979 | total: 1.8235
[New] Epoch 437/1000 | classify: 1.5492 | voltage: 0.9639 | conc: 0.0001 | consistency: 0.3053 | polarity: 1.9885 | monodec: 0.0000 | rule: 228.1706 | group: 1.3863 | tree: 3.9252 | total: 1.7148
[New] Epoch 438/1000 | classify: 1.6131 | voltage: 0.9411 | conc: 0.0001 | consistency: 0.3024 | polarity: 1.9888 | monodec: 0.0000 | rule: 235.1881 | group: 1.3863 | tree: 3.9992 | total: 1.7811
[New] Epoch 439/1000 | classify: 1.7224 | voltage: 1.0095 | conc: 0.0001 | consistency: 0.3065 | polarity: 1.9896 | monodec: 0.0000 | rule: 210.5844 | group: 1.3863 | tree: 3.9498 | total: 1.8815
[New] Epoch 440/1000 | classify: 1.5490 | voltage: 0.9455 | conc: 0.0001 | consistency: 0.3068 | polarity: 1.9886 | monodec: 0.0000 | rule: 233.2646 | group: 1.3707 | tree: 4.1720 | total: 1.7163
--- 验证集 [epoch 440] ---
  准确率 (Accuracy):  0.7740
  精确率 (Precision): 0.6146
  召回率 (Recall):    0.6265
  F1 分数 (F1):       0.6140
[New] Epoch 441/1000 | classify: 1.4391 | voltage: 0.9587 | conc: 0.0001 | consistency: 0.3068 | polarity: 1.9881 | monodec: 0.0000 | rule: 208.2030 | group: 1.3863 | tree: 3.9002 | total: 1.5944
[New] Epoch 442/1000 | classify: 1.5861 | voltage: 0.9830 | conc: 0.0001 | consistency: 0.3034 | polarity: 1.9876 | monodec: 0.0000 | rule: 220.9363 | group: 1.3707 | tree: 3.7769 | total: 1.7489
[New] Epoch 443/1000 | classify: 1.5850 | voltage: 0.9721 | conc: 0.0002 | consistency: 0.3066 | polarity: 1.9868 | monodec: 0.0000 | rule: 203.5404 | group: 1.3863 | tree: 3.9249 | total: 1.7387
[New] Epoch 444/1000 | classify: 1.5681 | voltage: 0.9480 | conc: 0.0001 | consistency: 0.3064 | polarity: 1.9868 | monodec: 0.0000 | rule: 234.2717 | group: 1.3862 | tree: 3.8262 | total: 1.7359
[New] Epoch 445/1000 | classify: 1.6917 | voltage: 1.0060 | conc: 0.0001 | consistency: 0.3062 | polarity: 1.9868 | monodec: 0.0000 | rule: 195.2460 | group: 1.3707 | tree: 3.9492 | total: 1.8430
[New] Epoch 446/1000 | classify: 1.5197 | voltage: 0.9641 | conc: 0.0001 | consistency: 0.3059 | polarity: 1.9863 | monodec: 0.0000 | rule: 212.8209 | group: 1.3707 | tree: 4.1223 | total: 1.6777
[New] Epoch 447/1000 | classify: 1.5580 | voltage: 0.9306 | conc: 0.0001 | consistency: 0.3057 | polarity: 1.9867 | monodec: 0.0000 | rule: 227.5882 | group: 1.3863 | tree: 4.0484 | total: 1.7217
[New] Epoch 448/1000 | classify: 1.5545 | voltage: 0.9513 | conc: 0.0001 | consistency: 0.3058 | polarity: 1.9873 | monodec: 0.0000 | rule: 216.1867 | group: 1.3707 | tree: 3.9496 | total: 1.7135
[New] Epoch 449/1000 | classify: 1.6470 | voltage: 0.9568 | conc: 0.0002 | consistency: 0.3063 | polarity: 1.9883 | monodec: 0.0000 | rule: 214.1803 | group: 1.3863 | tree: 4.0238 | total: 1.8054
[New] Epoch 450/1000 | classify: 1.6477 | voltage: 0.9429 | conc: 0.0002 | consistency: 0.3032 | polarity: 1.9884 | monodec: 0.0000 | rule: 239.3770 | group: 1.3863 | tree: 4.1721 | total: 1.8181
--- 验证集 [epoch 450] ---
  准确率 (Accuracy):  0.7466
  精确率 (Precision): 0.5611
  召回率 (Recall):    0.5867
  F1 分数 (F1):       0.5640
✅ 模型已保存到 /home/kudouzala/Application/ion_detect/output/trained_model_save/exp_new_j/trained_model_epoch_450.pth
📁 损失值已保存到 /home/kudouzala/Application/ion_detect/output/trained_model_save/exp_new_j/training_loss_epoch_450.csv
[New] Epoch 451/1000 | classify: 1.6009 | voltage: 0.9774 | conc: 0.0001 | consistency: 0.3069 | polarity: 1.9883 | monodec: 0.0000 | rule: 231.6436 | group: 1.3707 | tree: 3.8757 | total: 1.7689
[New] Epoch 452/1000 | classify: 1.5036 | voltage: 0.9974 | conc: 0.0001 | consistency: 0.3068 | polarity: 1.9873 | monodec: 0.0000 | rule: 207.7126 | group: 1.3863 | tree: 4.0232 | total: 1.6608
[New] Epoch 453/1000 | classify: 1.5369 | voltage: 1.0069 | conc: 0.0001 | consistency: 0.3066 | polarity: 1.9871 | monodec: 0.0000 | rule: 204.8985 | group: 1.3863 | tree: 4.0730 | total: 1.6931
[New] Epoch 454/1000 | classify: 1.4877 | voltage: 0.9692 | conc: 0.0002 | consistency: 0.3033 | polarity: 1.9878 | monodec: 0.0000 | rule: 230.9329 | group: 1.3862 | tree: 3.8263 | total: 1.6550
[New] Epoch 455/1000 | classify: 1.5500 | voltage: 1.0132 | conc: 0.0001 | consistency: 0.3071 | polarity: 1.9882 | monodec: 0.0000 | rule: 197.4778 | group: 1.3862 | tree: 3.9989 | total: 1.7027
[New] Epoch 456/1000 | classify: 1.5687 | voltage: 1.0047 | conc: 0.0001 | consistency: 0.3066 | polarity: 1.9867 | monodec: 0.0000 | rule: 190.5750 | group: 1.3863 | tree: 4.0729 | total: 1.7176
[New] Epoch 457/1000 | classify: 1.5694 | voltage: 1.0250 | conc: 0.0002 | consistency: 0.3067 | polarity: 1.9874 | monodec: 0.0000 | rule: 193.1366 | group: 1.3863 | tree: 3.8508 | total: 1.7205
[New] Epoch 458/1000 | classify: 1.6201 | voltage: 1.0021 | conc: 0.0001 | consistency: 0.3072 | polarity: 1.9885 | monodec: 0.0000 | rule: 210.5385 | group: 1.3863 | tree: 4.0485 | total: 1.7788
[New] Epoch 459/1000 | classify: 1.6235 | voltage: 1.0018 | conc: 0.0001 | consistency: 0.3072 | polarity: 1.9880 | monodec: 0.0000 | rule: 221.9211 | group: 1.3706 | tree: 4.1720 | total: 1.7880
[New] Epoch 460/1000 | classify: 1.5198 | voltage: 1.0193 | conc: 0.0001 | consistency: 0.3074 | polarity: 1.9882 | monodec: 0.0000 | rule: 195.4930 | group: 1.3707 | tree: 3.9494 | total: 1.6719
--- 验证集 [epoch 460] ---
  准确率 (Accuracy):  0.7808
  精确率 (Precision): 0.7361
  召回率 (Recall):    0.6445
  F1 分数 (F1):       0.6474
[New] Epoch 461/1000 | classify: 1.5380 | voltage: 1.0255 | conc: 0.0001 | consistency: 0.3036 | polarity: 1.9871 | monodec: 0.0000 | rule: 201.8271 | group: 1.3863 | tree: 3.8509 | total: 1.6935
[New] Epoch 462/1000 | classify: 1.5698 | voltage: 1.0133 | conc: 0.0001 | consistency: 0.3034 | polarity: 1.9871 | monodec: 0.0000 | rule: 215.2340 | group: 1.3707 | tree: 4.0485 | total: 1.7315
[New] Epoch 463/1000 | classify: 1.4749 | voltage: 1.0031 | conc: 0.0001 | consistency: 0.3067 | polarity: 1.9870 | monodec: 0.0000 | rule: 196.3426 | group: 1.3863 | tree: 3.9741 | total: 1.6266
[New] Epoch 464/1000 | classify: 1.6831 | voltage: 0.9898 | conc: 0.0002 | consistency: 0.3068 | polarity: 1.9877 | monodec: 0.0000 | rule: 226.3396 | group: 1.3707 | tree: 4.0733 | total: 1.8492
[New] Epoch 465/1000 | classify: 1.5180 | voltage: 1.0053 | conc: 0.0001 | consistency: 0.3069 | polarity: 1.9877 | monodec: 0.0000 | rule: 205.2899 | group: 1.3707 | tree: 3.8509 | total: 1.6742
[New] Epoch 466/1000 | classify: 1.6322 | voltage: 1.0232 | conc: 0.0001 | consistency: 0.3068 | polarity: 1.9874 | monodec: 0.0000 | rule: 230.6735 | group: 1.3863 | tree: 3.9742 | total: 1.8020
[New] Epoch 467/1000 | classify: 1.6661 | voltage: 1.0011 | conc: 0.0001 | consistency: 0.3075 | polarity: 1.9889 | monodec: 0.0000 | rule: 226.5349 | group: 1.3863 | tree: 3.8756 | total: 1.8327
[New] Epoch 468/1000 | classify: 1.6518 | voltage: 1.0151 | conc: 0.0001 | consistency: 0.3082 | polarity: 1.9895 | monodec: 0.0000 | rule: 211.9236 | group: 1.3863 | tree: 3.9743 | total: 1.8118
[New] Epoch 469/1000 | classify: 1.6542 | voltage: 1.0153 | conc: 0.0001 | consistency: 0.3081 | polarity: 1.9882 | monodec: 0.0000 | rule: 222.3225 | group: 1.3863 | tree: 3.9742 | total: 1.8195
[New] Epoch 470/1000 | classify: 1.5361 | voltage: 0.9999 | conc: 0.0001 | consistency: 0.3081 | polarity: 1.9877 | monodec: 0.0000 | rule: 216.2726 | group: 1.3863 | tree: 4.0484 | total: 1.6976
--- 验证集 [epoch 470] ---
  准确率 (Accuracy):  0.7397
  精确率 (Precision): 0.5843
  召回率 (Recall):    0.5827
  F1 分数 (F1):       0.5700
[New] Epoch 471/1000 | classify: 1.5725 | voltage: 1.0196 | conc: 0.0001 | consistency: 0.3077 | polarity: 1.9869 | monodec: 0.0000 | rule: 232.0359 | group: 1.3863 | tree: 3.9250 | total: 1.7429
[New] Epoch 472/1000 | classify: 1.6261 | voltage: 0.9992 | conc: 0.0002 | consistency: 0.3080 | polarity: 1.9883 | monodec: 0.0000 | rule: 246.7810 | group: 1.3706 | tree: 4.0732 | total: 1.8029
[New] Epoch 473/1000 | classify: 1.4920 | voltage: 1.0163 | conc: 0.0001 | consistency: 0.3047 | polarity: 1.9880 | monodec: 0.0000 | rule: 199.8017 | group: 1.3863 | tree: 3.9248 | total: 1.6460
[New] Epoch 474/1000 | classify: 1.5548 | voltage: 1.0184 | conc: 0.0001 | consistency: 0.3076 | polarity: 1.9867 | monodec: 0.0000 | rule: 216.5107 | group: 1.3863 | tree: 3.9248 | total: 1.7173
[New] Epoch 475/1000 | classify: 1.7392 | voltage: 1.0184 | conc: 0.0001 | consistency: 0.3077 | polarity: 1.9875 | monodec: 0.0000 | rule: 234.3818 | group: 1.3863 | tree: 3.9745 | total: 1.9107
[New] Epoch 476/1000 | classify: 1.5719 | voltage: 1.0165 | conc: 0.0001 | consistency: 0.3045 | polarity: 1.9881 | monodec: 0.0000 | rule: 211.9336 | group: 1.3863 | tree: 3.9495 | total: 1.7320
[New] Epoch 477/1000 | classify: 1.5198 | voltage: 1.0285 | conc: 0.0001 | consistency: 0.3044 | polarity: 1.9877 | monodec: 0.0000 | rule: 204.0155 | group: 1.3863 | tree: 4.0483 | total: 1.6767
[New] Epoch 478/1000 | classify: 1.6290 | voltage: 1.0383 | conc: 0.0001 | consistency: 0.3080 | polarity: 1.9880 | monodec: 0.0000 | rule: 209.2677 | group: 1.3863 | tree: 4.0482 | total: 1.7890
[New] Epoch 479/1000 | classify: 1.5792 | voltage: 1.0461 | conc: 0.0001 | consistency: 0.3081 | polarity: 1.9880 | monodec: 0.0000 | rule: 222.6052 | group: 1.3863 | tree: 4.0979 | total: 1.7462
[New] Epoch 480/1000 | classify: 1.5941 | voltage: 1.0168 | conc: 0.0002 | consistency: 0.3083 | polarity: 1.9881 | monodec: 0.0000 | rule: 221.4361 | group: 1.3863 | tree: 4.0485 | total: 1.7591
--- 验证集 [epoch 480] ---
  准确率 (Accuracy):  0.7466
  精确率 (Precision): 0.5386
  召回率 (Recall):    0.5709
  F1 分数 (F1):       0.5538
[New] Epoch 481/1000 | classify: 1.5703 | voltage: 1.0339 | conc: 0.0001 | consistency: 0.3083 | polarity: 1.9878 | monodec: 0.0000 | rule: 218.1765 | group: 1.3862 | tree: 3.9250 | total: 1.7344
[New] Epoch 482/1000 | classify: 1.5920 | voltage: 1.0076 | conc: 0.0001 | consistency: 0.3080 | polarity: 1.9873 | monodec: 0.0000 | rule: 215.6303 | group: 1.3863 | tree: 4.0977 | total: 1.7536
[New] Epoch 483/1000 | classify: 1.5925 | voltage: 1.0323 | conc: 0.0002 | consistency: 0.3078 | polarity: 1.9871 | monodec: 0.0000 | rule: 223.7454 | group: 1.3551 | tree: 3.9990 | total: 1.7594
[New] Epoch 484/1000 | classify: 1.5290 | voltage: 1.0247 | conc: 0.0002 | consistency: 0.3077 | polarity: 1.9874 | monodec: 0.0000 | rule: 221.8445 | group: 1.3863 | tree: 3.9498 | total: 1.6946
[New] Epoch 485/1000 | classify: 1.5232 | voltage: 1.0255 | conc: 0.0001 | consistency: 0.3074 | polarity: 1.9869 | monodec: 0.0000 | rule: 211.0228 | group: 1.3863 | tree: 4.1470 | total: 1.6834
[New] Epoch 486/1000 | classify: 1.6537 | voltage: 1.0253 | conc: 0.0001 | consistency: 0.3073 | polarity: 1.9873 | monodec: 0.0000 | rule: 218.3355 | group: 1.3707 | tree: 4.0977 | total: 1.8175
[New] Epoch 487/1000 | classify: 1.6695 | voltage: 1.0272 | conc: 0.0001 | consistency: 0.3075 | polarity: 1.9879 | monodec: 0.0000 | rule: 211.9534 | group: 1.3863 | tree: 3.9744 | total: 1.8301
[New] Epoch 488/1000 | classify: 1.5657 | voltage: 1.0410 | conc: 0.0001 | consistency: 0.3073 | polarity: 1.9875 | monodec: 0.0000 | rule: 200.7990 | group: 1.3552 | tree: 3.9005 | total: 1.7214
[New] Epoch 489/1000 | classify: 1.6342 | voltage: 1.0186 | conc: 0.0001 | consistency: 0.3075 | polarity: 1.9880 | monodec: 0.0000 | rule: 233.0789 | group: 1.3863 | tree: 4.0238 | total: 1.8050
[New] Epoch 490/1000 | classify: 1.6105 | voltage: 1.0377 | conc: 0.0001 | consistency: 0.3081 | polarity: 1.9891 | monodec: 0.0000 | rule: 226.8582 | group: 1.3863 | tree: 3.9991 | total: 1.7792
--- 验证集 [epoch 490] ---
  准确率 (Accuracy):  0.7534
  精确率 (Precision): 0.7133
  召回率 (Recall):    0.5969
  F1 分数 (F1):       0.6053
[New] Epoch 491/1000 | classify: 1.6404 | voltage: 1.0545 | conc: 0.0001 | consistency: 0.3083 | polarity: 1.9889 | monodec: 0.0000 | rule: 225.9108 | group: 1.3863 | tree: 4.1472 | total: 1.8095
[New] Epoch 492/1000 | classify: 1.6650 | voltage: 1.0529 | conc: 0.0001 | consistency: 0.3086 | polarity: 1.9890 | monodec: 0.0000 | rule: 216.2292 | group: 1.3862 | tree: 3.9498 | total: 1.8291
[New] Epoch 493/1000 | classify: 1.6278 | voltage: 1.0243 | conc: 0.0001 | consistency: 0.3055 | polarity: 1.9893 | monodec: 0.0000 | rule: 238.4389 | group: 1.3707 | tree: 4.0239 | total: 1.8016
[New] Epoch 494/1000 | classify: 1.6094 | voltage: 1.0865 | conc: 0.0001 | consistency: 0.3091 | polarity: 1.9887 | monodec: 0.0000 | rule: 214.7005 | group: 1.3863 | tree: 4.1227 | total: 1.7745
[New] Epoch 495/1000 | classify: 1.5262 | voltage: 1.0519 | conc: 0.0001 | consistency: 0.3086 | polarity: 1.9876 | monodec: 0.0000 | rule: 211.5164 | group: 1.3707 | tree: 3.9989 | total: 1.6879
[New] Epoch 496/1000 | classify: 1.6197 | voltage: 1.0397 | conc: 0.0001 | consistency: 0.3084 | polarity: 1.9874 | monodec: 0.0000 | rule: 219.6063 | group: 1.3863 | tree: 4.1224 | total: 1.7849
[New] Epoch 497/1000 | classify: 1.5234 | voltage: 1.0459 | conc: 0.0001 | consistency: 0.3085 | polarity: 1.9879 | monodec: 0.0000 | rule: 219.7546 | group: 1.3863 | tree: 3.9990 | total: 1.6889
[New] Epoch 498/1000 | classify: 1.5994 | voltage: 1.0448 | conc: 0.0002 | consistency: 0.3052 | polarity: 1.9883 | monodec: 0.0000 | rule: 219.2953 | group: 1.3863 | tree: 3.9495 | total: 1.7646
[New] Epoch 499/1000 | classify: 1.6793 | voltage: 1.0634 | conc: 0.0002 | consistency: 0.3085 | polarity: 1.9879 | monodec: 0.0000 | rule: 198.2030 | group: 1.3707 | tree: 3.9004 | total: 1.8350
[New] Epoch 500/1000 | classify: 1.6402 | voltage: 1.0599 | conc: 0.0002 | consistency: 0.3087 | polarity: 1.9883 | monodec: 0.0000 | rule: 214.9683 | group: 1.3863 | tree: 4.0978 | total: 1.8042
--- 验证集 [epoch 500] ---
  准确率 (Accuracy):  0.7192
  精确率 (Precision): 0.5177
  召回率 (Recall):    0.5233
  F1 分数 (F1):       0.5176
✅ 模型已保存到 /home/kudouzala/Application/ion_detect/output/trained_model_save/exp_new_j/trained_model_epoch_500.pth
📁 损失值已保存到 /home/kudouzala/Application/ion_detect/output/trained_model_save/exp_new_j/training_loss_epoch_500.csv
[New] Epoch 501/1000 | classify: 1.5717 | voltage: 1.0405 | conc: 0.0002 | consistency: 0.3051 | polarity: 1.9879 | monodec: 0.0000 | rule: 214.5539 | group: 1.3551 | tree: 3.8755 | total: 1.7343
[New] Epoch 502/1000 | classify: 1.5920 | voltage: 1.0465 | conc: 0.0001 | consistency: 0.3087 | polarity: 1.9885 | monodec: 0.0000 | rule: 216.2160 | group: 1.3706 | tree: 3.9250 | total: 1.7558
[New] Epoch 503/1000 | classify: 1.5973 | voltage: 1.0624 | conc: 0.0001 | consistency: 0.3090 | polarity: 1.9888 | monodec: 0.0000 | rule: 211.0081 | group: 1.3863 | tree: 4.0484 | total: 1.7593
[New] Epoch 504/1000 | classify: 1.5719 | voltage: 1.0506 | conc: 0.0001 | consistency: 0.3093 | polarity: 1.9891 | monodec: 0.0000 | rule: 212.6968 | group: 1.3707 | tree: 3.9742 | total: 1.7341
[New] Epoch 505/1000 | classify: 1.5872 | voltage: 1.0796 | conc: 0.0001 | consistency: 0.3056 | polarity: 1.9882 | monodec: 0.0000 | rule: 200.3760 | group: 1.3863 | tree: 4.0237 | total: 1.7447
[New] Epoch 506/1000 | classify: 1.6406 | voltage: 1.0891 | conc: 0.0001 | consistency: 0.3091 | polarity: 1.9883 | monodec: 0.0000 | rule: 206.0933 | group: 1.3707 | tree: 4.0238 | total: 1.8014
[New] Epoch 507/1000 | classify: 1.7175 | voltage: 1.0918 | conc: 0.0001 | consistency: 0.3093 | polarity: 1.9888 | monodec: 0.0000 | rule: 209.8649 | group: 1.3551 | tree: 3.7771 | total: 1.8802
[New] Epoch 508/1000 | classify: 1.5657 | voltage: 1.0684 | conc: 0.0001 | consistency: 0.3094 | polarity: 1.9888 | monodec: 0.0000 | rule: 226.7664 | group: 1.3863 | tree: 3.9005 | total: 1.7358
[New] Epoch 509/1000 | classify: 1.5455 | voltage: 1.0436 | conc: 0.0002 | consistency: 0.3093 | polarity: 1.9886 | monodec: 0.0000 | rule: 221.9040 | group: 1.3863 | tree: 3.9993 | total: 1.7120
[New] Epoch 510/1000 | classify: 1.6456 | voltage: 1.0753 | conc: 0.0001 | consistency: 0.3093 | polarity: 1.9884 | monodec: 0.0000 | rule: 213.6012 | group: 1.3863 | tree: 4.1471 | total: 1.8096
--- 验证集 [epoch 510] ---
  准确率 (Accuracy):  0.7603
  精确率 (Precision): 0.7206
  召回率 (Recall):    0.6331
  F1 分数 (F1):       0.6454
[New] Epoch 511/1000 | classify: 1.5622 | voltage: 1.0783 | conc: 0.0001 | consistency: 0.3093 | polarity: 1.9885 | monodec: 0.0000 | rule: 211.9766 | group: 1.3707 | tree: 4.1473 | total: 1.7256
[New] Epoch 512/1000 | classify: 1.6027 | voltage: 1.0713 | conc: 0.0001 | consistency: 0.3092 | polarity: 1.9885 | monodec: 0.0000 | rule: 201.8811 | group: 1.3863 | tree: 3.8755 | total: 1.7605
[New] Epoch 513/1000 | classify: 1.6535 | voltage: 1.0524 | conc: 0.0001 | consistency: 0.3061 | polarity: 1.9889 | monodec: 0.0000 | rule: 221.0318 | group: 1.3863 | tree: 4.1227 | total: 1.8200
[New] Epoch 514/1000 | classify: 1.6060 | voltage: 1.0739 | conc: 0.0001 | consistency: 0.3095 | polarity: 1.9885 | monodec: 0.0000 | rule: 201.5044 | group: 1.3863 | tree: 3.9989 | total: 1.7638
[New] Epoch 515/1000 | classify: 1.6025 | voltage: 1.0687 | conc: 0.0001 | consistency: 0.3093 | polarity: 1.9882 | monodec: 0.0000 | rule: 209.7713 | group: 1.3707 | tree: 3.9003 | total: 1.7641
[New] Epoch 516/1000 | classify: 1.6002 | voltage: 1.0698 | conc: 0.0002 | consistency: 0.3091 | polarity: 1.9879 | monodec: 0.0000 | rule: 208.9192 | group: 1.3863 | tree: 4.0976 | total: 1.7616
[New] Epoch 517/1000 | classify: 1.5546 | voltage: 1.0757 | conc: 0.0000 | consistency: 0.3091 | polarity: 1.9883 | monodec: 0.0000 | rule: 210.8497 | group: 1.3707 | tree: 3.8755 | total: 1.7170
[New] Epoch 518/1000 | classify: 1.5106 | voltage: 1.0621 | conc: 0.0002 | consistency: 0.3090 | polarity: 1.9881 | monodec: 0.0000 | rule: 217.6339 | group: 1.3707 | tree: 3.9989 | total: 1.6760
[New] Epoch 519/1000 | classify: 1.6417 | voltage: 1.0547 | conc: 0.0001 | consistency: 0.3088 | polarity: 1.9881 | monodec: 0.0000 | rule: 226.0070 | group: 1.3863 | tree: 4.0237 | total: 1.8108
[New] Epoch 520/1000 | classify: 1.7361 | voltage: 1.0680 | conc: 0.0001 | consistency: 0.3093 | polarity: 1.9893 | monodec: 0.0000 | rule: 221.6922 | group: 1.3707 | tree: 3.9004 | total: 1.9036
--- 验证集 [epoch 520] ---
  准确率 (Accuracy):  0.7260
  精确率 (Precision): 0.5443
  召回率 (Recall):    0.5316
  F1 分数 (F1):       0.5305
[New] Epoch 521/1000 | classify: 1.5469 | voltage: 1.0825 | conc: 0.0001 | consistency: 0.3096 | polarity: 1.9894 | monodec: 0.0000 | rule: 212.5112 | group: 1.3863 | tree: 4.1222 | total: 1.7108
[New] Epoch 522/1000 | classify: 1.6042 | voltage: 1.0547 | conc: 0.0001 | consistency: 0.3094 | polarity: 1.9887 | monodec: 0.0000 | rule: 206.7030 | group: 1.3863 | tree: 4.0235 | total: 1.7637
[New] Epoch 523/1000 | classify: 1.7011 | voltage: 1.0890 | conc: 0.0002 | consistency: 0.3093 | polarity: 1.9884 | monodec: 0.0000 | rule: 223.6691 | group: 1.3707 | tree: 4.1967 | total: 1.8709
[New] Epoch 524/1000 | classify: 1.5981 | voltage: 1.0510 | conc: 0.0002 | consistency: 0.3057 | polarity: 1.9881 | monodec: 0.0000 | rule: 223.4169 | group: 1.3863 | tree: 4.0977 | total: 1.7658
[New] Epoch 525/1000 | classify: 1.5669 | voltage: 1.0341 | conc: 0.0001 | consistency: 0.3091 | polarity: 1.9884 | monodec: 0.0000 | rule: 227.0526 | group: 1.3862 | tree: 3.9989 | total: 1.7355
[New] Epoch 526/1000 | classify: 1.7598 | voltage: 1.0670 | conc: 0.0001 | consistency: 0.3097 | polarity: 1.9896 | monodec: 0.0000 | rule: 217.8573 | group: 1.3863 | tree: 3.9992 | total: 1.9254
[New] Epoch 527/1000 | classify: 1.7217 | voltage: 1.0695 | conc: 0.0001 | consistency: 0.3100 | polarity: 1.9897 | monodec: 0.0000 | rule: 243.4327 | group: 1.3707 | tree: 4.0239 | total: 1.9002
[New] Epoch 528/1000 | classify: 1.6343 | voltage: 1.0705 | conc: 0.0001 | consistency: 0.3104 | polarity: 1.9898 | monodec: 0.0000 | rule: 227.8412 | group: 1.3863 | tree: 4.0733 | total: 1.8051
[New] Epoch 529/1000 | classify: 1.5982 | voltage: 1.1063 | conc: 0.0001 | consistency: 0.3105 | polarity: 1.9897 | monodec: 0.0000 | rule: 202.9144 | group: 1.3863 | tree: 4.0485 | total: 1.7584
[New] Epoch 530/1000 | classify: 1.6186 | voltage: 1.0791 | conc: 0.0001 | consistency: 0.3108 | polarity: 1.9898 | monodec: 0.0000 | rule: 224.5587 | group: 1.3863 | tree: 3.9990 | total: 1.7882
--- 验证集 [epoch 530] ---
  准确率 (Accuracy):  0.6918
  精确率 (Precision): 0.4817
  召回率 (Recall):    0.4753
  F1 分数 (F1):       0.4673
[New] Epoch 531/1000 | classify: 1.5430 | voltage: 1.1159 | conc: 0.0002 | consistency: 0.3076 | polarity: 1.9897 | monodec: 0.0000 | rule: 206.0825 | group: 1.3863 | tree: 4.0733 | total: 1.7053
[New] Epoch 532/1000 | classify: 1.5940 | voltage: 1.0796 | conc: 0.0001 | consistency: 0.3108 | polarity: 1.9888 | monodec: 0.0000 | rule: 216.9023 | group: 1.3707 | tree: 4.0730 | total: 1.7598
[New] Epoch 533/1000 | classify: 1.6751 | voltage: 1.0921 | conc: 0.0001 | consistency: 0.3111 | polarity: 1.9894 | monodec: 0.0000 | rule: 231.7046 | group: 1.3863 | tree: 4.0733 | total: 1.8490
[New] Epoch 534/1000 | classify: 1.7188 | voltage: 1.0845 | conc: 0.0002 | consistency: 0.3076 | polarity: 1.9891 | monodec: 0.0000 | rule: 220.2403 | group: 1.3707 | tree: 4.0977 | total: 1.8866
[New] Epoch 535/1000 | classify: 1.6236 | voltage: 1.0976 | conc: 0.0001 | consistency: 0.3111 | polarity: 1.9890 | monodec: 0.0000 | rule: 210.7896 | group: 1.3707 | tree: 3.8509 | total: 1.7871
[New] Epoch 536/1000 | classify: 1.6220 | voltage: 1.0677 | conc: 0.0001 | consistency: 0.3106 | polarity: 1.9881 | monodec: 0.0000 | rule: 211.3936 | group: 1.3863 | tree: 3.9988 | total: 1.7844
[New] Epoch 537/1000 | classify: 1.6544 | voltage: 1.1224 | conc: 0.0001 | consistency: 0.3073 | polarity: 1.9889 | monodec: 0.0000 | rule: 198.5963 | group: 1.3707 | tree: 4.0978 | total: 1.8132
[New] Epoch 538/1000 | classify: 1.6949 | voltage: 1.0815 | conc: 0.0001 | consistency: 0.3106 | polarity: 1.9886 | monodec: 0.0000 | rule: 229.9770 | group: 1.3863 | tree: 3.9990 | total: 1.8674
[New] Epoch 539/1000 | classify: 1.5905 | voltage: 1.1015 | conc: 0.0001 | consistency: 0.3108 | polarity: 1.9892 | monodec: 0.0000 | rule: 203.4761 | group: 1.3707 | tree: 3.9990 | total: 1.7506
[New] Epoch 540/1000 | classify: 1.6259 | voltage: 1.1036 | conc: 0.0001 | consistency: 0.3108 | polarity: 1.9890 | monodec: 0.0000 | rule: 222.2308 | group: 1.3707 | tree: 3.9745 | total: 1.7956
--- 验证集 [epoch 540] ---
  准确率 (Accuracy):  0.6781
  精确率 (Precision): 0.4102
  召回率 (Recall):    0.5139
  F1 分数 (F1):       0.4529
[New] Epoch 541/1000 | classify: 1.6748 | voltage: 1.0786 | conc: 0.0001 | consistency: 0.3110 | polarity: 1.9895 | monodec: 0.0000 | rule: 223.8246 | group: 1.3863 | tree: 4.0980 | total: 1.8440
[New] Epoch 542/1000 | classify: 1.6744 | voltage: 1.1045 | conc: 0.0001 | consistency: 0.3076 | polarity: 1.9894 | monodec: 0.0000 | rule: 211.8220 | group: 1.3863 | tree: 4.0237 | total: 1.8388
[New] Epoch 543/1000 | classify: 1.6540 | voltage: 1.1043 | conc: 0.0002 | consistency: 0.3113 | polarity: 1.9896 | monodec: 0.0000 | rule: 187.5947 | group: 1.3707 | tree: 3.8014 | total: 1.8063
[New] Epoch 544/1000 | classify: 1.6244 | voltage: 1.1098 | conc: 0.0001 | consistency: 0.3113 | polarity: 1.9894 | monodec: 0.0000 | rule: 228.8801 | group: 1.3863 | tree: 3.9251 | total: 1.7976
[New] Epoch 545/1000 | classify: 1.6296 | voltage: 1.0886 | conc: 0.0001 | consistency: 0.3114 | polarity: 1.9894 | monodec: 0.0000 | rule: 222.8513 | group: 1.3707 | tree: 3.9003 | total: 1.7988
[New] Epoch 546/1000 | classify: 1.6197 | voltage: 1.1116 | conc: 0.0001 | consistency: 0.3113 | polarity: 1.9892 | monodec: 0.0000 | rule: 230.1445 | group: 1.3707 | tree: 4.0732 | total: 1.7938
[New] Epoch 547/1000 | classify: 1.6823 | voltage: 1.0872 | conc: 0.0001 | consistency: 0.3079 | polarity: 1.9894 | monodec: 0.0000 | rule: 236.3367 | group: 1.3863 | tree: 3.9991 | total: 1.8582
[New] Epoch 548/1000 | classify: 1.6344 | voltage: 1.1048 | conc: 0.0001 | consistency: 0.3082 | polarity: 1.9898 | monodec: 0.0000 | rule: 223.2856 | group: 1.3862 | tree: 4.0239 | total: 1.8046
[New] Epoch 549/1000 | classify: 1.6697 | voltage: 1.1175 | conc: 0.0001 | consistency: 0.3120 | polarity: 1.9899 | monodec: 0.0000 | rule: 226.2015 | group: 1.3863 | tree: 4.1228 | total: 1.8421
[New] Epoch 550/1000 | classify: 1.6149 | voltage: 1.1179 | conc: 0.0002 | consistency: 0.3122 | polarity: 1.9900 | monodec: 0.0000 | rule: 204.9966 | group: 1.3707 | tree: 3.9991 | total: 1.7767
--- 验证集 [epoch 550] ---
  准确率 (Accuracy):  0.7260
  精确率 (Precision): 0.5712
  召回率 (Recall):    0.5684
  F1 分数 (F1):       0.5483
✅ 模型已保存到 /home/kudouzala/Application/ion_detect/output/trained_model_save/exp_new_j/trained_model_epoch_550.pth
📁 损失值已保存到 /home/kudouzala/Application/ion_detect/output/trained_model_save/exp_new_j/training_loss_epoch_550.csv
[New] Epoch 551/1000 | classify: 1.5397 | voltage: 1.1222 | conc: 0.0001 | consistency: 0.3121 | polarity: 1.9895 | monodec: 0.0000 | rule: 208.9699 | group: 1.3863 | tree: 4.0482 | total: 1.7037
[New] Epoch 552/1000 | classify: 1.6039 | voltage: 1.1280 | conc: 0.0002 | consistency: 0.3122 | polarity: 1.9896 | monodec: 0.0000 | rule: 203.2645 | group: 1.3863 | tree: 3.9498 | total: 1.7653
[New] Epoch 553/1000 | classify: 1.6147 | voltage: 1.1256 | conc: 0.0001 | consistency: 0.3120 | polarity: 1.9891 | monodec: 0.0000 | rule: 189.0739 | group: 1.3863 | tree: 3.7769 | total: 1.7687
[New] Epoch 554/1000 | classify: 1.6911 | voltage: 1.1350 | conc: 0.0001 | consistency: 0.3120 | polarity: 1.9891 | monodec: 0.0000 | rule: 221.6865 | group: 1.3863 | tree: 4.0238 | total: 1.8621
[New] Epoch 555/1000 | classify: 1.6439 | voltage: 1.1307 | conc: 0.0001 | consistency: 0.3120 | polarity: 1.9893 | monodec: 0.0000 | rule: 231.9341 | group: 1.3863 | tree: 4.1472 | total: 1.8199
[New] Epoch 556/1000 | classify: 1.6557 | voltage: 1.0754 | conc: 0.0002 | consistency: 0.3119 | polarity: 1.9891 | monodec: 0.0000 | rule: 236.2348 | group: 1.3862 | tree: 4.0977 | total: 1.8310
[New] Epoch 557/1000 | classify: 1.6279 | voltage: 1.1442 | conc: 0.0001 | consistency: 0.3121 | polarity: 1.9896 | monodec: 0.0000 | rule: 193.8688 | group: 1.3707 | tree: 3.9744 | total: 1.7854
[New] Epoch 558/1000 | classify: 1.6884 | voltage: 1.1266 | conc: 0.0001 | consistency: 0.3123 | polarity: 1.9899 | monodec: 0.0000 | rule: 228.4846 | group: 1.3707 | tree: 3.9992 | total: 1.8623
[New] Epoch 559/1000 | classify: 1.6685 | voltage: 1.1653 | conc: 0.0001 | consistency: 0.3089 | polarity: 1.9900 | monodec: 0.0000 | rule: 176.3081 | group: 1.3707 | tree: 3.9991 | total: 1.8183
[New] Epoch 560/1000 | classify: 1.6237 | voltage: 1.1537 | conc: 0.0001 | consistency: 0.3123 | polarity: 1.9894 | monodec: 0.0000 | rule: 199.9749 | group: 1.3707 | tree: 3.9496 | total: 1.7846
--- 验证集 [epoch 560] ---
  准确率 (Accuracy):  0.7123
  精确率 (Precision): 0.5572
  召回率 (Recall):    0.5687
  F1 分数 (F1):       0.5419
[New] Epoch 561/1000 | classify: 1.6606 | voltage: 1.1232 | conc: 0.0001 | consistency: 0.3124 | polarity: 1.9898 | monodec: 0.0000 | rule: 211.4854 | group: 1.3863 | tree: 4.0237 | total: 1.8259
[New] Epoch 562/1000 | classify: 1.7212 | voltage: 1.1351 | conc: 0.0001 | consistency: 0.3091 | polarity: 1.9901 | monodec: 0.0000 | rule: 234.3866 | group: 1.3863 | tree: 4.0732 | total: 1.8985
[New] Epoch 563/1000 | classify: 1.6008 | voltage: 1.1268 | conc: 0.0001 | consistency: 0.3093 | polarity: 1.9902 | monodec: 0.0000 | rule: 218.5741 | group: 1.3863 | tree: 4.0484 | total: 1.7698
[New] Epoch 564/1000 | classify: 1.7400 | voltage: 1.1480 | conc: 0.0001 | consistency: 0.3128 | polarity: 1.9898 | monodec: 0.0000 | rule: 207.5132 | group: 1.3863 | tree: 4.1718 | total: 1.9045
[New] Epoch 565/1000 | classify: 1.6107 | voltage: 1.1907 | conc: 0.0002 | consistency: 0.3126 | polarity: 1.9893 | monodec: 0.0000 | rule: 186.4763 | group: 1.3863 | tree: 3.9003 | total: 1.7668
[New] Epoch 566/1000 | classify: 1.6433 | voltage: 1.1293 | conc: 0.0002 | consistency: 0.3123 | polarity: 1.9889 | monodec: 0.0000 | rule: 205.6601 | group: 1.3863 | tree: 4.0236 | total: 1.8060
[New] Epoch 567/1000 | classify: 1.5827 | voltage: 1.1366 | conc: 0.0002 | consistency: 0.3088 | polarity: 1.9893 | monodec: 0.0000 | rule: 192.7096 | group: 1.3707 | tree: 3.9002 | total: 1.7392
[New] Epoch 568/1000 | classify: 1.6306 | voltage: 1.1065 | conc: 0.0001 | consistency: 0.3123 | polarity: 1.9894 | monodec: 0.0000 | rule: 210.6742 | group: 1.3863 | tree: 3.9990 | total: 1.7946
[New] Epoch 569/1000 | classify: 1.5900 | voltage: 1.1392 | conc: 0.0001 | consistency: 0.3125 | polarity: 1.9897 | monodec: 0.0000 | rule: 213.3114 | group: 1.3707 | tree: 3.9251 | total: 1.7569
[New] Epoch 570/1000 | classify: 1.7259 | voltage: 1.1044 | conc: 0.0002 | consistency: 0.3125 | polarity: 1.9897 | monodec: 0.0000 | rule: 243.4086 | group: 1.3863 | tree: 3.9743 | total: 1.9062
--- 验证集 [epoch 570] ---
  准确率 (Accuracy):  0.7329
  精确率 (Precision): 0.5768
  召回率 (Recall):    0.5752
  F1 分数 (F1):       0.5602
[New] Epoch 571/1000 | classify: 1.6432 | voltage: 1.1273 | conc: 0.0001 | consistency: 0.3125 | polarity: 1.9898 | monodec: 0.0000 | rule: 223.6409 | group: 1.3863 | tree: 3.9745 | total: 1.8148
[New] Epoch 572/1000 | classify: 1.6623 | voltage: 1.1393 | conc: 0.0001 | consistency: 0.3123 | polarity: 1.9893 | monodec: 0.0000 | rule: 207.6559 | group: 1.3863 | tree: 4.0479 | total: 1.8264
[New] Epoch 573/1000 | classify: 1.6708 | voltage: 1.1412 | conc: 0.0001 | consistency: 0.3124 | polarity: 1.9897 | monodec: 0.0000 | rule: 209.1348 | group: 1.3863 | tree: 3.9743 | total: 1.8357
[New] Epoch 574/1000 | classify: 1.6499 | voltage: 1.1306 | conc: 0.0002 | consistency: 0.3125 | polarity: 1.9898 | monodec: 0.0000 | rule: 230.5298 | group: 1.3863 | tree: 4.0732 | total: 1.8252
[New] Epoch 575/1000 | classify: 1.6850 | voltage: 1.1770 | conc: 0.0002 | consistency: 0.3126 | polarity: 1.9899 | monodec: 0.0000 | rule: 200.1188 | group: 1.3863 | tree: 3.8755 | total: 1.8473
[New] Epoch 576/1000 | classify: 1.6273 | voltage: 1.1632 | conc: 0.0001 | consistency: 0.3130 | polarity: 1.9906 | monodec: 0.0000 | rule: 210.4594 | group: 1.3396 | tree: 4.0978 | total: 1.7941
[New] Epoch 577/1000 | classify: 1.7280 | voltage: 1.1502 | conc: 0.0001 | consistency: 0.3098 | polarity: 1.9910 | monodec: 0.0000 | rule: 212.8197 | group: 1.3863 | tree: 4.1472 | total: 1.8954
[New] Epoch 578/1000 | classify: 1.7074 | voltage: 1.1402 | conc: 0.0001 | consistency: 0.3135 | polarity: 1.9908 | monodec: 0.0000 | rule: 216.9561 | group: 1.3863 | tree: 4.0236 | total: 1.8763
[New] Epoch 579/1000 | classify: 1.6770 | voltage: 1.1604 | conc: 0.0002 | consistency: 0.3135 | polarity: 1.9904 | monodec: 0.0000 | rule: 201.4406 | group: 1.3863 | tree: 4.1225 | total: 1.8392
[New] Epoch 580/1000 | classify: 1.5455 | voltage: 1.1711 | conc: 0.0001 | consistency: 0.3137 | polarity: 1.9905 | monodec: 0.0000 | rule: 213.9122 | group: 1.3707 | tree: 3.9743 | total: 1.7144
--- 验证集 [epoch 580] ---
  准确率 (Accuracy):  0.6712
  精确率 (Precision): 0.6777
  召回率 (Recall):    0.4855
  F1 分数 (F1):       0.5021
[New] Epoch 581/1000 | classify: 1.7944 | voltage: 1.1371 | conc: 0.0002 | consistency: 0.3134 | polarity: 1.9897 | monodec: 0.0000 | rule: 233.8896 | group: 1.3863 | tree: 4.0237 | total: 1.9717
[New] Epoch 582/1000 | classify: 1.6172 | voltage: 1.1701 | conc: 0.0001 | consistency: 0.3134 | polarity: 1.9898 | monodec: 0.0000 | rule: 222.3292 | group: 1.3863 | tree: 4.1225 | total: 1.7903
[New] Epoch 583/1000 | classify: 1.6261 | voltage: 1.1706 | conc: 0.0001 | consistency: 0.3098 | polarity: 1.9896 | monodec: 0.0000 | rule: 209.6151 | group: 1.3707 | tree: 3.9003 | total: 1.7927
[New] Epoch 584/1000 | classify: 1.6295 | voltage: 1.1399 | conc: 0.0001 | consistency: 0.3131 | polarity: 1.9894 | monodec: 0.0000 | rule: 226.6778 | group: 1.3863 | tree: 3.9251 | total: 1.8032
[New] Epoch 585/1000 | classify: 1.6871 | voltage: 1.1526 | conc: 0.0002 | consistency: 0.3132 | polarity: 1.9898 | monodec: 0.0000 | rule: 216.1929 | group: 1.3863 | tree: 3.9004 | total: 1.8562
[New] Epoch 586/1000 | classify: 1.5541 | voltage: 1.1753 | conc: 0.0001 | consistency: 0.3100 | polarity: 1.9902 | monodec: 0.0000 | rule: 207.8905 | group: 1.3707 | tree: 3.9498 | total: 1.7202
[New] Epoch 587/1000 | classify: 1.6572 | voltage: 1.1261 | conc: 0.0002 | consistency: 0.3134 | polarity: 1.9899 | monodec: 0.0000 | rule: 241.3361 | group: 1.3863 | tree: 4.1967 | total: 1.8377
[New] Epoch 588/1000 | classify: 1.6422 | voltage: 1.1622 | conc: 0.0001 | consistency: 0.3133 | polarity: 1.9897 | monodec: 0.0000 | rule: 220.5377 | group: 1.3862 | tree: 4.0236 | total: 1.8140
[New] Epoch 589/1000 | classify: 1.6604 | voltage: 1.1539 | conc: 0.0001 | consistency: 0.3133 | polarity: 1.9898 | monodec: 0.0000 | rule: 217.6739 | group: 1.3863 | tree: 4.1224 | total: 1.8304
[New] Epoch 590/1000 | classify: 1.6277 | voltage: 1.1512 | conc: 0.0001 | consistency: 0.3132 | polarity: 1.9897 | monodec: 0.0000 | rule: 198.5512 | group: 1.3551 | tree: 3.9247 | total: 1.7879
--- 验证集 [epoch 590] ---
  准确率 (Accuracy):  0.7260
  精确率 (Precision): 0.5205
  召回率 (Recall):    0.5301
  F1 分数 (F1):       0.5095
[New] Epoch 591/1000 | classify: 1.6783 | voltage: 1.1364 | conc: 0.0001 | consistency: 0.3132 | polarity: 1.9898 | monodec: 0.0000 | rule: 228.0599 | group: 1.3863 | tree: 3.9497 | total: 1.8524
[New] Epoch 592/1000 | classify: 1.7066 | voltage: 1.1707 | conc: 0.0002 | consistency: 0.3132 | polarity: 1.9899 | monodec: 0.0000 | rule: 202.7566 | group: 1.3863 | tree: 3.9992 | total: 1.8699
[New] Epoch 593/1000 | classify: 1.6325 | voltage: 1.1558 | conc: 0.0001 | consistency: 0.3132 | polarity: 1.9900 | monodec: 0.0000 | rule: 214.3546 | group: 1.3863 | tree: 4.0486 | total: 1.8008
[New] Epoch 594/1000 | classify: 1.6730 | voltage: 1.1540 | conc: 0.0001 | consistency: 0.3097 | polarity: 1.9901 | monodec: 0.0000 | rule: 213.6580 | group: 1.3863 | tree: 4.0731 | total: 1.8408
[New] Epoch 595/1000 | classify: 1.6364 | voltage: 1.1524 | conc: 0.0001 | consistency: 0.3134 | polarity: 1.9905 | monodec: 0.0000 | rule: 223.0865 | group: 1.3863 | tree: 4.0240 | total: 1.8089
[New] Epoch 596/1000 | classify: 1.6122 | voltage: 1.1424 | conc: 0.0001 | consistency: 0.3098 | polarity: 1.9902 | monodec: 0.0000 | rule: 236.0406 | group: 1.3707 | tree: 4.0238 | total: 1.7908
[New] Epoch 597/1000 | classify: 1.5673 | voltage: 1.1718 | conc: 0.0002 | consistency: 0.3136 | polarity: 1.9905 | monodec: 0.0000 | rule: 202.9481 | group: 1.3863 | tree: 4.1472 | total: 1.7308
[New] Epoch 598/1000 | classify: 1.5817 | voltage: 1.1868 | conc: 0.0001 | consistency: 0.3136 | polarity: 1.9904 | monodec: 0.0000 | rule: 206.4489 | group: 1.3707 | tree: 3.9496 | total: 1.7475
[New] Epoch 599/1000 | classify: 1.5958 | voltage: 1.1743 | conc: 0.0002 | consistency: 0.3137 | polarity: 1.9905 | monodec: 0.0000 | rule: 218.3191 | group: 1.3862 | tree: 4.0732 | total: 1.7671
[New] Epoch 600/1000 | classify: 1.5815 | voltage: 1.1849 | conc: 0.0002 | consistency: 0.3138 | polarity: 1.9904 | monodec: 0.0000 | rule: 217.0134 | group: 1.3862 | tree: 3.7523 | total: 1.7525
--- 验证集 [epoch 600] ---
  准确率 (Accuracy):  0.7397
  精确率 (Precision): 0.5637
  召回率 (Recall):    0.5867
  F1 分数 (F1):       0.5656
✅ 模型已保存到 /home/kudouzala/Application/ion_detect/output/trained_model_save/exp_new_j/trained_model_epoch_600.pth
📁 损失值已保存到 /home/kudouzala/Application/ion_detect/output/trained_model_save/exp_new_j/training_loss_epoch_600.csv
[New] Epoch 601/1000 | classify: 1.6148 | voltage: 1.1478 | conc: 0.0001 | consistency: 0.3136 | polarity: 1.9900 | monodec: 0.0000 | rule: 231.3701 | group: 1.3863 | tree: 4.0238 | total: 1.7912
[New] Epoch 602/1000 | classify: 1.6318 | voltage: 1.1659 | conc: 0.0001 | consistency: 0.3136 | polarity: 1.9902 | monodec: 0.0000 | rule: 225.1736 | group: 1.3863 | tree: 4.1720 | total: 1.8061
[New] Epoch 603/1000 | classify: 1.6575 | voltage: 1.1531 | conc: 0.0002 | consistency: 0.3136 | polarity: 1.9902 | monodec: 0.0000 | rule: 201.7008 | group: 1.3863 | tree: 4.0978 | total: 1.8195
[New] Epoch 604/1000 | classify: 1.5653 | voltage: 1.1613 | conc: 0.0001 | consistency: 0.3136 | polarity: 1.9902 | monodec: 0.0000 | rule: 209.4683 | group: 1.3707 | tree: 3.9742 | total: 1.7314
[New] Epoch 605/1000 | classify: 1.6145 | voltage: 1.1778 | conc: 0.0001 | consistency: 0.3136 | polarity: 1.9902 | monodec: 0.0000 | rule: 205.2658 | group: 1.3863 | tree: 4.0979 | total: 1.7795
[New] Epoch 606/1000 | classify: 1.6224 | voltage: 1.1546 | conc: 0.0001 | consistency: 0.3137 | polarity: 1.9903 | monodec: 0.0000 | rule: 213.7230 | group: 1.3551 | tree: 4.0237 | total: 1.7903
[New] Epoch 607/1000 | classify: 1.7739 | voltage: 1.1655 | conc: 0.0001 | consistency: 0.3137 | polarity: 1.9904 | monodec: 0.0000 | rule: 224.5977 | group: 1.3863 | tree: 3.9499 | total: 1.9479
[New] Epoch 608/1000 | classify: 1.5931 | voltage: 1.1450 | conc: 0.0002 | consistency: 0.3140 | polarity: 1.9908 | monodec: 0.0000 | rule: 223.4055 | group: 1.3863 | tree: 3.9991 | total: 1.7655
[New] Epoch 609/1000 | classify: 1.6107 | voltage: 1.1619 | conc: 0.0001 | consistency: 0.3105 | polarity: 1.9908 | monodec: 0.0000 | rule: 224.9419 | group: 1.3551 | tree: 4.0731 | total: 1.7847
[New] Epoch 610/1000 | classify: 1.6049 | voltage: 1.1484 | conc: 0.0001 | consistency: 0.3141 | polarity: 1.9906 | monodec: 0.0000 | rule: 216.5211 | group: 1.3707 | tree: 4.0483 | total: 1.7739
--- 验证集 [epoch 610] ---
  准确率 (Accuracy):  0.7192
  精确率 (Precision): 0.5553
  召回率 (Recall):    0.5233
  F1 分数 (F1):       0.5129
[New] Epoch 611/1000 | classify: 1.6782 | voltage: 1.1488 | conc: 0.0001 | consistency: 0.3142 | polarity: 1.9907 | monodec: 0.0000 | rule: 236.2385 | group: 1.3863 | tree: 3.9498 | total: 1.8571
[New] Epoch 612/1000 | classify: 1.5673 | voltage: 1.1610 | conc: 0.0002 | consistency: 0.3144 | polarity: 1.9909 | monodec: 0.0000 | rule: 206.0819 | group: 1.3707 | tree: 3.8263 | total: 1.7317
[New] Epoch 613/1000 | classify: 1.6816 | voltage: 1.2029 | conc: 0.0002 | consistency: 0.3146 | polarity: 1.9911 | monodec: 0.0000 | rule: 210.8419 | group: 1.3707 | tree: 4.1225 | total: 1.8506
[New] Epoch 614/1000 | classify: 1.7522 | voltage: 1.1490 | conc: 0.0001 | consistency: 0.3114 | polarity: 1.9914 | monodec: 0.0000 | rule: 232.6247 | group: 1.3863 | tree: 4.0732 | total: 1.9294
[New] Epoch 615/1000 | classify: 1.5832 | voltage: 1.1618 | conc: 0.0001 | consistency: 0.3151 | polarity: 1.9913 | monodec: 0.0000 | rule: 207.2638 | group: 1.3707 | tree: 3.9744 | total: 1.7482
[New] Epoch 616/1000 | classify: 1.6654 | voltage: 1.2014 | conc: 0.0001 | consistency: 0.3117 | polarity: 1.9912 | monodec: 0.0000 | rule: 228.0068 | group: 1.3862 | tree: 3.8263 | total: 1.8427
[New] Epoch 617/1000 | classify: 1.6165 | voltage: 1.2012 | conc: 0.0000 | consistency: 0.3155 | polarity: 1.9914 | monodec: 0.0000 | rule: 214.8928 | group: 1.3707 | tree: 4.0486 | total: 1.7873
[New] Epoch 618/1000 | classify: 1.6066 | voltage: 1.1671 | conc: 0.0002 | consistency: 0.3117 | polarity: 1.9905 | monodec: 0.0000 | rule: 212.9543 | group: 1.3863 | tree: 4.0731 | total: 1.7750
[New] Epoch 619/1000 | classify: 1.6809 | voltage: 1.1774 | conc: 0.0001 | consistency: 0.3151 | polarity: 1.9904 | monodec: 0.0000 | rule: 222.9730 | group: 1.3863 | tree: 4.0484 | total: 1.8547
[New] Epoch 620/1000 | classify: 1.7541 | voltage: 1.1824 | conc: 0.0002 | consistency: 0.3155 | polarity: 1.9910 | monodec: 0.0000 | rule: 218.8921 | group: 1.3863 | tree: 4.0732 | total: 1.9261
--- 验证集 [epoch 620] ---
  准确率 (Accuracy):  0.7397
  精确率 (Precision): 0.5829
  召回率 (Recall):    0.5673
  F1 分数 (F1):       0.5675
[New] Epoch 621/1000 | classify: 1.5059 | voltage: 1.2234 | conc: 0.0001 | consistency: 0.3158 | polarity: 1.9913 | monodec: 0.0000 | rule: 204.1554 | group: 1.3707 | tree: 3.8264 | total: 1.6724
[New] Epoch 622/1000 | classify: 1.6388 | voltage: 1.1868 | conc: 0.0002 | consistency: 0.3123 | polarity: 1.9911 | monodec: 0.0000 | rule: 227.9315 | group: 1.3863 | tree: 4.0485 | total: 1.8156
[New] Epoch 623/1000 | classify: 1.6516 | voltage: 1.1721 | conc: 0.0001 | consistency: 0.3157 | polarity: 1.9908 | monodec: 0.0000 | rule: 220.9324 | group: 1.3551 | tree: 3.9990 | total: 1.8241
[New] Epoch 624/1000 | classify: 1.6045 | voltage: 1.1823 | conc: 0.0001 | consistency: 0.3157 | polarity: 1.9907 | monodec: 0.0000 | rule: 221.7557 | group: 1.3863 | tree: 3.9993 | total: 1.7779
[New] Epoch 625/1000 | classify: 1.6779 | voltage: 1.2150 | conc: 0.0001 | consistency: 0.3160 | polarity: 1.9911 | monodec: 0.0000 | rule: 203.0702 | group: 1.3863 | tree: 3.9005 | total: 1.8435
[New] Epoch 626/1000 | classify: 1.6547 | voltage: 1.1637 | conc: 0.0001 | consistency: 0.3164 | polarity: 1.9916 | monodec: 0.0000 | rule: 232.2545 | group: 1.3707 | tree: 3.9993 | total: 1.8324
[New] Epoch 627/1000 | classify: 1.6769 | voltage: 1.1758 | conc: 0.0001 | consistency: 0.3161 | polarity: 1.9908 | monodec: 0.0000 | rule: 220.7584 | group: 1.3863 | tree: 4.1718 | total: 1.8495
[New] Epoch 628/1000 | classify: 1.5843 | voltage: 1.2055 | conc: 0.0001 | consistency: 0.3161 | polarity: 1.9907 | monodec: 0.0000 | rule: 222.6354 | group: 1.3707 | tree: 3.9003 | total: 1.7592
[New] Epoch 629/1000 | classify: 1.6192 | voltage: 1.2160 | conc: 0.0001 | consistency: 0.3162 | polarity: 1.9909 | monodec: 0.0000 | rule: 225.6177 | group: 1.3707 | tree: 3.8017 | total: 1.7960
[New] Epoch 630/1000 | classify: 1.5578 | voltage: 1.2134 | conc: 0.0001 | consistency: 0.3159 | polarity: 1.9904 | monodec: 0.0000 | rule: 197.5644 | group: 1.3863 | tree: 3.9990 | total: 1.7207
--- 验证集 [epoch 630] ---
  准确率 (Accuracy):  0.7603
  精确率 (Precision): 0.6009
  召回率 (Recall):    0.6031
  F1 分数 (F1):       0.5901
[New] Epoch 631/1000 | classify: 1.6671 | voltage: 1.1575 | conc: 0.0001 | consistency: 0.3158 | polarity: 1.9903 | monodec: 0.0000 | rule: 232.3681 | group: 1.3862 | tree: 3.9250 | total: 1.8445
[New] Epoch 632/1000 | classify: 1.6095 | voltage: 1.2147 | conc: 0.0001 | consistency: 0.3160 | polarity: 1.9908 | monodec: 0.0000 | rule: 203.4270 | group: 1.3707 | tree: 3.9500 | total: 1.7753
[New] Epoch 633/1000 | classify: 1.7019 | voltage: 1.1931 | conc: 0.0001 | consistency: 0.3162 | polarity: 1.9912 | monodec: 0.0000 | rule: 211.0738 | group: 1.3863 | tree: 3.9745 | total: 1.8704
[New] Epoch 634/1000 | classify: 1.6912 | voltage: 1.2081 | conc: 0.0001 | consistency: 0.3166 | polarity: 1.9917 | monodec: 0.0000 | rule: 236.9618 | group: 1.3862 | tree: 3.9005 | total: 1.8734
[New] Epoch 635/1000 | classify: 1.6898 | voltage: 1.2196 | conc: 0.0001 | consistency: 0.3133 | polarity: 1.9918 | monodec: 0.0000 | rule: 195.8441 | group: 1.3863 | tree: 4.0732 | total: 1.8521
[New] Epoch 636/1000 | classify: 1.7933 | voltage: 1.2088 | conc: 0.0001 | consistency: 0.3172 | polarity: 1.9921 | monodec: 0.0000 | rule: 227.3706 | group: 1.3863 | tree: 4.0486 | total: 1.9708
[New] Epoch 637/1000 | classify: 1.6594 | voltage: 1.2317 | conc: 0.0001 | consistency: 0.3175 | polarity: 1.9921 | monodec: 0.0000 | rule: 213.4670 | group: 1.3707 | tree: 4.0239 | total: 1.8311
[New] Epoch 638/1000 | classify: 1.7266 | voltage: 1.1773 | conc: 0.0002 | consistency: 0.3177 | polarity: 1.9920 | monodec: 0.0000 | rule: 238.3506 | group: 1.3863 | tree: 4.0732 | total: 1.9081
[New] Epoch 639/1000 | classify: 1.6800 | voltage: 1.2220 | conc: 0.0002 | consistency: 0.3179 | polarity: 1.9920 | monodec: 0.0000 | rule: 225.9922 | group: 1.3863 | tree: 3.8511 | total: 1.8575
[New] Epoch 640/1000 | classify: 1.6648 | voltage: 1.2033 | conc: 0.0002 | consistency: 0.3182 | polarity: 1.9921 | monodec: 0.0000 | rule: 216.5779 | group: 1.3863 | tree: 4.1968 | total: 1.8368
--- 验证集 [epoch 640] ---
  准确率 (Accuracy):  0.7397
  精确率 (Precision): 0.5772
  召回率 (Recall):    0.5673
  F1 分数 (F1):       0.5541
[New] Epoch 641/1000 | classify: 1.5850 | voltage: 1.2370 | conc: 0.0001 | consistency: 0.3148 | polarity: 1.9919 | monodec: 0.0000 | rule: 193.9492 | group: 1.3707 | tree: 3.9498 | total: 1.7471
[New] Epoch 642/1000 | classify: 1.7476 | voltage: 1.2044 | conc: 0.0002 | consistency: 0.3187 | polarity: 1.9921 | monodec: 0.0000 | rule: 221.2089 | group: 1.3863 | tree: 3.9744 | total: 1.9218
[New] Epoch 643/1000 | classify: 1.7515 | voltage: 1.2393 | conc: 0.0001 | consistency: 0.3188 | polarity: 1.9918 | monodec: 0.0000 | rule: 219.3021 | group: 1.3862 | tree: 3.9004 | total: 1.9263
[New] Epoch 644/1000 | classify: 1.5911 | voltage: 1.2549 | conc: 0.0001 | consistency: 0.3191 | polarity: 1.9920 | monodec: 0.0000 | rule: 197.2149 | group: 1.3863 | tree: 4.0235 | total: 1.7558
[New] Epoch 645/1000 | classify: 1.6749 | voltage: 1.2729 | conc: 0.0001 | consistency: 0.3155 | polarity: 1.9917 | monodec: 0.0000 | rule: 207.1981 | group: 1.3863 | tree: 3.9989 | total: 1.8455
[New] Epoch 646/1000 | classify: 1.6594 | voltage: 1.2339 | conc: 0.0000 | consistency: 0.3192 | polarity: 1.9918 | monodec: 0.0000 | rule: 194.9985 | group: 1.3863 | tree: 3.9496 | total: 1.8218
[New] Epoch 647/1000 | classify: 1.6296 | voltage: 1.2666 | conc: 0.0001 | consistency: 0.3193 | polarity: 1.9917 | monodec: 0.0000 | rule: 200.8223 | group: 1.3863 | tree: 3.9497 | total: 1.7967
[New] Epoch 648/1000 | classify: 1.7239 | voltage: 1.2015 | conc: 0.0001 | consistency: 0.3196 | polarity: 1.9918 | monodec: 0.0000 | rule: 228.2845 | group: 1.3863 | tree: 4.0733 | total: 1.9015
[New] Epoch 649/1000 | classify: 1.6772 | voltage: 1.2459 | conc: 0.0001 | consistency: 0.3162 | polarity: 1.9919 | monodec: 0.0000 | rule: 225.2339 | group: 1.3863 | tree: 3.8511 | total: 1.8554
[New] Epoch 650/1000 | classify: 1.6809 | voltage: 1.2666 | conc: 0.0001 | consistency: 0.3199 | polarity: 1.9918 | monodec: 0.0000 | rule: 221.5591 | group: 1.3863 | tree: 4.0732 | total: 1.8583
--- 验证集 [epoch 650] ---
  准确率 (Accuracy):  0.7466
  精确率 (Precision): 0.5723
  召回率 (Recall):    0.5733
  F1 分数 (F1):       0.5622
✅ 模型已保存到 /home/kudouzala/Application/ion_detect/output/trained_model_save/exp_new_j/trained_model_epoch_650.pth
📁 损失值已保存到 /home/kudouzala/Application/ion_detect/output/trained_model_save/exp_new_j/training_loss_epoch_650.csv
[New] Epoch 651/1000 | classify: 1.7286 | voltage: 1.2397 | conc: 0.0001 | consistency: 0.3200 | polarity: 1.9918 | monodec: 0.0000 | rule: 231.1307 | group: 1.3863 | tree: 4.0238 | total: 1.9095
[New] Epoch 652/1000 | classify: 1.6727 | voltage: 1.2190 | conc: 0.0001 | consistency: 0.3200 | polarity: 1.9915 | monodec: 0.0000 | rule: 240.6457 | group: 1.3863 | tree: 4.0236 | total: 1.8573
[New] Epoch 653/1000 | classify: 1.7334 | voltage: 1.2480 | conc: 0.0001 | consistency: 0.3200 | polarity: 1.9914 | monodec: 0.0000 | rule: 212.6253 | group: 1.3707 | tree: 3.9004 | total: 1.9055
[New] Epoch 654/1000 | classify: 1.7438 | voltage: 1.2620 | conc: 0.0002 | consistency: 0.3203 | polarity: 1.9918 | monodec: 0.0000 | rule: 204.1575 | group: 1.3863 | tree: 3.9992 | total: 1.9124
[New] Epoch 655/1000 | classify: 1.6268 | voltage: 1.2651 | conc: 0.0001 | consistency: 0.3203 | polarity: 1.9917 | monodec: 0.0000 | rule: 216.2203 | group: 1.3707 | tree: 3.8757 | total: 1.8015
[New] Epoch 656/1000 | classify: 1.6236 | voltage: 1.2484 | conc: 0.0002 | consistency: 0.3203 | polarity: 1.9916 | monodec: 0.0000 | rule: 233.0990 | group: 1.3707 | tree: 4.0240 | total: 1.8059
[New] Epoch 657/1000 | classify: 1.6592 | voltage: 1.2691 | conc: 0.0001 | consistency: 0.3203 | polarity: 1.9914 | monodec: 0.0000 | rule: 189.9330 | group: 1.3863 | tree: 4.0238 | total: 1.8210
[New] Epoch 658/1000 | classify: 1.5611 | voltage: 1.2414 | conc: 0.0002 | consistency: 0.3164 | polarity: 1.9907 | monodec: 0.0000 | rule: 226.7080 | group: 1.3862 | tree: 3.8754 | total: 1.7400
[New] Epoch 659/1000 | classify: 1.6577 | voltage: 1.2471 | conc: 0.0001 | consistency: 0.3199 | polarity: 1.9909 | monodec: 0.0000 | rule: 218.3325 | group: 1.3863 | tree: 4.0731 | total: 1.8326
[New] Epoch 660/1000 | classify: 1.6499 | voltage: 1.2449 | conc: 0.0002 | consistency: 0.3201 | polarity: 1.9912 | monodec: 0.0000 | rule: 222.9015 | group: 1.3863 | tree: 4.0979 | total: 1.8271
--- 验证集 [epoch 660] ---
  准确率 (Accuracy):  0.7534
  精确率 (Precision): 0.7333
  召回率 (Recall):    0.6090
  F1 分数 (F1):       0.6338
[New] Epoch 661/1000 | classify: 1.6312 | voltage: 1.2439 | conc: 0.0001 | consistency: 0.3201 | polarity: 1.9913 | monodec: 0.0000 | rule: 218.0863 | group: 1.3863 | tree: 4.0981 | total: 1.8059
[New] Epoch 662/1000 | classify: 1.6932 | voltage: 1.2814 | conc: 0.0001 | consistency: 0.3202 | polarity: 1.9914 | monodec: 0.0000 | rule: 218.9902 | group: 1.3863 | tree: 3.9004 | total: 1.8700
[New] Epoch 663/1000 | classify: 1.6431 | voltage: 1.2287 | conc: 0.0001 | consistency: 0.3201 | polarity: 1.9912 | monodec: 0.0000 | rule: 218.2442 | group: 1.3707 | tree: 3.9745 | total: 1.8170
[New] Epoch 664/1000 | classify: 1.7262 | voltage: 1.2681 | conc: 0.0002 | consistency: 0.3203 | polarity: 1.9916 | monodec: 0.0000 | rule: 197.2818 | group: 1.3707 | tree: 3.9499 | total: 1.8916
[New] Epoch 665/1000 | classify: 1.6771 | voltage: 1.2618 | conc: 0.0001 | consistency: 0.3206 | polarity: 1.9918 | monodec: 0.0000 | rule: 214.6991 | group: 1.3863 | tree: 4.1719 | total: 1.8511
[New] Epoch 666/1000 | classify: 1.6156 | voltage: 1.2809 | conc: 0.0001 | consistency: 0.3207 | polarity: 1.9919 | monodec: 0.0000 | rule: 214.5946 | group: 1.3863 | tree: 4.0485 | total: 1.7903
[New] Epoch 667/1000 | classify: 1.6332 | voltage: 1.2755 | conc: 0.0001 | consistency: 0.3207 | polarity: 1.9917 | monodec: 0.0000 | rule: 209.8406 | group: 1.3863 | tree: 3.9497 | total: 1.8052
[New] Epoch 668/1000 | classify: 1.6996 | voltage: 1.2335 | conc: 0.0002 | consistency: 0.3208 | polarity: 1.9917 | monodec: 0.0000 | rule: 226.5653 | group: 1.3863 | tree: 4.1968 | total: 1.8781
[New] Epoch 669/1000 | classify: 1.6025 | voltage: 1.2967 | conc: 0.0001 | consistency: 0.3170 | polarity: 1.9912 | monodec: 0.0000 | rule: 201.1248 | group: 1.3863 | tree: 3.8510 | total: 1.7712
[New] Epoch 670/1000 | classify: 1.7276 | voltage: 1.2725 | conc: 0.0002 | consistency: 0.3207 | polarity: 1.9915 | monodec: 0.0000 | rule: 208.9150 | group: 1.3863 | tree: 4.0485 | total: 1.8991
--- 验证集 [epoch 670] ---
  准确率 (Accuracy):  0.6986
  精确率 (Precision): 0.5305
  召回率 (Recall):    0.5449
  F1 分数 (F1):       0.5083
[New] Epoch 671/1000 | classify: 1.6588 | voltage: 1.2594 | conc: 0.0001 | consistency: 0.3210 | polarity: 1.9919 | monodec: 0.0000 | rule: 218.1111 | group: 1.3707 | tree: 4.0486 | total: 1.8342
[New] Epoch 672/1000 | classify: 1.8409 | voltage: 1.2643 | conc: 0.0001 | consistency: 0.3212 | polarity: 1.9921 | monodec: 0.0000 | rule: 241.9599 | group: 1.3863 | tree: 4.0735 | total: 2.0285
[New] Epoch 673/1000 | classify: 1.6163 | voltage: 1.3008 | conc: 0.0001 | consistency: 0.3214 | polarity: 1.9921 | monodec: 0.0000 | rule: 189.8891 | group: 1.3863 | tree: 4.0237 | total: 1.7796
[New] Epoch 674/1000 | classify: 1.7241 | voltage: 1.2704 | conc: 0.0001 | consistency: 0.3215 | polarity: 1.9921 | monodec: 0.0000 | rule: 223.0415 | group: 1.3863 | tree: 3.8265 | total: 1.9024
[New] Epoch 675/1000 | classify: 1.6024 | voltage: 1.2988 | conc: 0.0001 | consistency: 0.3217 | polarity: 1.9921 | monodec: 0.0000 | rule: 210.7539 | group: 1.3707 | tree: 3.9498 | total: 1.7761
[New] Epoch 676/1000 | classify: 1.6548 | voltage: 1.3084 | conc: 0.0001 | consistency: 0.3216 | polarity: 1.9918 | monodec: 0.0000 | rule: 213.8132 | group: 1.3707 | tree: 3.9497 | total: 1.8304
[New] Epoch 677/1000 | classify: 1.6205 | voltage: 1.3111 | conc: 0.0002 | consistency: 0.3146 | polarity: 1.9921 | monodec: 0.0000 | rule: 200.2504 | group: 1.3863 | tree: 3.9499 | total: 1.7896
[New] Epoch 678/1000 | classify: 1.7122 | voltage: 1.3098 | conc: 0.0001 | consistency: 0.3219 | polarity: 1.9919 | monodec: 0.0000 | rule: 209.5362 | group: 1.3863 | tree: 3.9003 | total: 1.8858
[New] Epoch 679/1000 | classify: 1.6068 | voltage: 1.2672 | conc: 0.0001 | consistency: 0.3219 | polarity: 1.9918 | monodec: 0.0000 | rule: 204.5397 | group: 1.3707 | tree: 3.9990 | total: 1.7759
[New] Epoch 680/1000 | classify: 1.6915 | voltage: 1.2341 | conc: 0.0001 | consistency: 0.3220 | polarity: 1.9919 | monodec: 0.0000 | rule: 226.5642 | group: 1.3863 | tree: 3.9744 | total: 1.8698
--- 验证集 [epoch 680] ---
  准确率 (Accuracy):  0.7329
  精确率 (Precision): 0.7483
  召回率 (Recall):    0.5712
  F1 分数 (F1):       0.5896
[New] Epoch 681/1000 | classify: 1.7324 | voltage: 1.3026 | conc: 0.0001 | consistency: 0.3223 | polarity: 1.9922 | monodec: 0.0000 | rule: 218.5082 | group: 1.3551 | tree: 3.9745 | total: 1.9101
[New] Epoch 682/1000 | classify: 1.6479 | voltage: 1.2828 | conc: 0.0001 | consistency: 0.3224 | polarity: 1.9920 | monodec: 0.0000 | rule: 210.9646 | group: 1.3863 | tree: 4.0485 | total: 1.8210
[New] Epoch 683/1000 | classify: 1.7685 | voltage: 1.2829 | conc: 0.0001 | consistency: 0.3223 | polarity: 1.9919 | monodec: 0.0000 | rule: 228.2790 | group: 1.3863 | tree: 4.0237 | total: 1.9501
[New] Epoch 684/1000 | classify: 1.6608 | voltage: 1.3300 | conc: 0.0001 | consistency: 0.3189 | polarity: 1.9920 | monodec: 0.0000 | rule: 205.8885 | group: 1.3863 | tree: 3.9498 | total: 1.8336
[New] Epoch 685/1000 | classify: 1.5795 | voltage: 1.3127 | conc: 0.0001 | consistency: 0.3227 | polarity: 1.9921 | monodec: 0.0000 | rule: 211.7272 | group: 1.3707 | tree: 3.9004 | total: 1.7543
[New] Epoch 686/1000 | classify: 1.7071 | voltage: 1.3132 | conc: 0.0001 | consistency: 0.3228 | polarity: 1.9923 | monodec: 0.0000 | rule: 198.8622 | group: 1.3551 | tree: 3.9498 | total: 1.8756
[New] Epoch 687/1000 | classify: 1.7218 | voltage: 1.3065 | conc: 0.0001 | consistency: 0.3228 | polarity: 1.9920 | monodec: 0.0000 | rule: 215.5399 | group: 1.3863 | tree: 3.9745 | total: 1.8982
[New] Epoch 688/1000 | classify: 1.6757 | voltage: 1.3096 | conc: 0.0001 | consistency: 0.3230 | polarity: 1.9921 | monodec: 0.0000 | rule: 212.3372 | group: 1.3863 | tree: 4.0485 | total: 1.8507
[New] Epoch 689/1000 | classify: 1.7083 | voltage: 1.2764 | conc: 0.0002 | consistency: 0.3195 | polarity: 1.9922 | monodec: 0.0000 | rule: 233.1939 | group: 1.3707 | tree: 3.9499 | total: 1.8921
[New] Epoch 690/1000 | classify: 1.6838 | voltage: 1.3093 | conc: 0.0001 | consistency: 0.3233 | polarity: 1.9924 | monodec: 0.0000 | rule: 217.6598 | group: 1.3707 | tree: 3.8511 | total: 1.8614
--- 验证集 [epoch 690] ---
  准确率 (Accuracy):  0.7397
  精确率 (Precision): 0.5898
  召回率 (Recall):    0.5867
  F1 分数 (F1):       0.5732
[New] Epoch 691/1000 | classify: 1.6359 | voltage: 1.3462 | conc: 0.0001 | consistency: 0.3234 | polarity: 1.9923 | monodec: 0.0000 | rule: 200.3291 | group: 1.3707 | tree: 3.9743 | total: 1.8067
[New] Epoch 692/1000 | classify: 1.7276 | voltage: 1.3249 | conc: 0.0002 | consistency: 0.3234 | polarity: 1.9921 | monodec: 0.0000 | rule: 214.8398 | group: 1.3863 | tree: 4.1472 | total: 1.9047
[New] Epoch 693/1000 | classify: 1.7370 | voltage: 1.2950 | conc: 0.0002 | consistency: 0.3234 | polarity: 1.9919 | monodec: 0.0000 | rule: 231.4709 | group: 1.3863 | tree: 3.9746 | total: 1.9209
[New] Epoch 694/1000 | classify: 1.6808 | voltage: 1.3133 | conc: 0.0001 | consistency: 0.3236 | polarity: 1.9922 | monodec: 0.0000 | rule: 219.1546 | group: 1.3863 | tree: 3.9993 | total: 1.8594
[New] Epoch 695/1000 | classify: 1.6793 | voltage: 1.3236 | conc: 0.0001 | consistency: 0.3202 | polarity: 1.9924 | monodec: 0.0000 | rule: 227.6845 | group: 1.3863 | tree: 3.9992 | total: 1.8626
[New] Epoch 696/1000 | classify: 1.6305 | voltage: 1.3044 | conc: 0.0001 | consistency: 0.3239 | polarity: 1.9922 | monodec: 0.0000 | rule: 240.7765 | group: 1.3862 | tree: 4.0485 | total: 1.8194
[New] Epoch 697/1000 | classify: 1.7428 | voltage: 1.2840 | conc: 0.0002 | consistency: 0.3238 | polarity: 1.9920 | monodec: 0.0000 | rule: 231.4461 | group: 1.3863 | tree: 4.0485 | total: 1.9262
[New] Epoch 698/1000 | classify: 1.7209 | voltage: 1.2991 | conc: 0.0001 | consistency: 0.3241 | polarity: 1.9924 | monodec: 0.0000 | rule: 228.7778 | group: 1.3863 | tree: 3.9746 | total: 1.9036
[New] Epoch 699/1000 | classify: 1.7252 | voltage: 1.3215 | conc: 0.0001 | consistency: 0.3243 | polarity: 1.9925 | monodec: 0.0000 | rule: 238.6703 | group: 1.3863 | tree: 3.9992 | total: 1.9140
[New] Epoch 700/1000 | classify: 1.6529 | voltage: 1.3392 | conc: 0.0002 | consistency: 0.3244 | polarity: 1.9923 | monodec: 0.0000 | rule: 215.7597 | group: 1.3707 | tree: 3.9005 | total: 1.8311
--- 验证集 [epoch 700] ---
  准确率 (Accuracy):  0.7397
  精确率 (Precision): 0.5699
  召回率 (Recall):    0.5769
  F1 分数 (F1):       0.5573
✅ 模型已保存到 /home/kudouzala/Application/ion_detect/output/trained_model_save/exp_new_j/trained_model_epoch_700.pth
📁 损失值已保存到 /home/kudouzala/Application/ion_detect/output/trained_model_save/exp_new_j/training_loss_epoch_700.csv
[New] Epoch 701/1000 | classify: 1.6841 | voltage: 1.3552 | conc: 0.0000 | consistency: 0.3244 | polarity: 1.9923 | monodec: 0.0000 | rule: 203.1492 | group: 1.3863 | tree: 4.0486 | total: 1.8567
[New] Epoch 702/1000 | classify: 1.6355 | voltage: 1.3337 | conc: 0.0001 | consistency: 0.3245 | polarity: 1.9923 | monodec: 0.0000 | rule: 216.5045 | group: 1.3707 | tree: 4.0977 | total: 1.8138
[New] Epoch 703/1000 | classify: 1.6232 | voltage: 1.3242 | conc: 0.0001 | consistency: 0.3247 | polarity: 1.9925 | monodec: 0.0000 | rule: 213.7632 | group: 1.3707 | tree: 3.9251 | total: 1.7996
[New] Epoch 704/1000 | classify: 1.6745 | voltage: 1.3030 | conc: 0.0001 | consistency: 0.3249 | polarity: 1.9925 | monodec: 0.0000 | rule: 232.4226 | group: 1.3862 | tree: 4.0733 | total: 1.8593
[New] Epoch 705/1000 | classify: 1.6561 | voltage: 1.3359 | conc: 0.0001 | consistency: 0.3250 | polarity: 1.9925 | monodec: 0.0000 | rule: 213.1128 | group: 1.3863 | tree: 3.9497 | total: 1.8328
[New] Epoch 706/1000 | classify: 1.6151 | voltage: 1.3305 | conc: 0.0002 | consistency: 0.3250 | polarity: 1.9923 | monodec: 0.0000 | rule: 220.3605 | group: 1.3863 | tree: 4.0485 | total: 1.7952
[New] Epoch 707/1000 | classify: 1.7045 | voltage: 1.3343 | conc: 0.0001 | consistency: 0.3250 | polarity: 1.9921 | monodec: 0.0000 | rule: 212.2043 | group: 1.3707 | tree: 3.9745 | total: 1.8806
[New] Epoch 708/1000 | classify: 1.6805 | voltage: 1.3287 | conc: 0.0002 | consistency: 0.3214 | polarity: 1.9920 | monodec: 0.0000 | rule: 208.9934 | group: 1.3707 | tree: 4.0485 | total: 1.8549
[New] Epoch 709/1000 | classify: 1.6178 | voltage: 1.3339 | conc: 0.0001 | consistency: 0.3251 | polarity: 1.9921 | monodec: 0.0000 | rule: 217.3521 | group: 1.3863 | tree: 4.1473 | total: 1.7966
[New] Epoch 710/1000 | classify: 1.6087 | voltage: 1.3627 | conc: 0.0002 | consistency: 0.3253 | polarity: 1.9923 | monodec: 0.0000 | rule: 214.2028 | group: 1.3863 | tree: 3.9746 | total: 1.7873
--- 验证集 [epoch 710] ---
  准确率 (Accuracy):  0.7260
  精确率 (Precision): 0.5617
  召回率 (Recall):    0.5633
  F1 分数 (F1):       0.5430
[New] Epoch 711/1000 | classify: 1.7826 | voltage: 1.3445 | conc: 0.0001 | consistency: 0.3217 | polarity: 1.9922 | monodec: 0.0000 | rule: 223.5241 | group: 1.3863 | tree: 4.0733 | total: 1.9650
[New] Epoch 712/1000 | classify: 1.6619 | voltage: 1.3781 | conc: 0.0001 | consistency: 0.3252 | polarity: 1.9919 | monodec: 0.0000 | rule: 197.5227 | group: 1.3863 | tree: 3.8511 | total: 1.8329
[New] Epoch 713/1000 | classify: 1.6248 | voltage: 1.3329 | conc: 0.0001 | consistency: 0.3214 | polarity: 1.9916 | monodec: 0.0000 | rule: 208.6491 | group: 1.3863 | tree: 3.9250 | total: 1.7991
[New] Epoch 714/1000 | classify: 1.7075 | voltage: 1.3164 | conc: 0.0001 | consistency: 0.3251 | polarity: 1.9917 | monodec: 0.0000 | rule: 215.6491 | group: 1.3863 | tree: 4.1224 | total: 1.8846
[New] Epoch 715/1000 | classify: 1.6168 | voltage: 1.3459 | conc: 0.0001 | consistency: 0.3250 | polarity: 1.9916 | monodec: 0.0000 | rule: 213.8028 | group: 1.3707 | tree: 4.0237 | total: 1.7944
[New] Epoch 716/1000 | classify: 1.6936 | voltage: 1.3251 | conc: 0.0001 | consistency: 0.3251 | polarity: 1.9918 | monodec: 0.0000 | rule: 224.9961 | group: 1.3707 | tree: 4.0239 | total: 1.8757
[New] Epoch 717/1000 | classify: 1.6507 | voltage: 1.3739 | conc: 0.0001 | consistency: 0.3250 | polarity: 1.9917 | monodec: 0.0000 | rule: 221.0230 | group: 1.3862 | tree: 3.8264 | total: 1.8332
[New] Epoch 718/1000 | classify: 1.6736 | voltage: 1.3799 | conc: 0.0001 | consistency: 0.3215 | polarity: 1.9920 | monodec: 0.0000 | rule: 205.5951 | group: 1.3863 | tree: 4.0733 | total: 1.8488
[New] Epoch 719/1000 | classify: 1.7104 | voltage: 1.3670 | conc: 0.0001 | consistency: 0.3254 | polarity: 1.9923 | monodec: 0.0000 | rule: 219.2009 | group: 1.3863 | tree: 4.0733 | total: 1.8918
[New] Epoch 720/1000 | classify: 1.5989 | voltage: 1.3408 | conc: 0.0002 | consistency: 0.3255 | polarity: 1.9923 | monodec: 0.0000 | rule: 209.3546 | group: 1.3863 | tree: 3.9991 | total: 1.7740
--- 验证集 [epoch 720] ---
  准确率 (Accuracy):  0.7260
  精确率 (Precision): 0.5683
  召回率 (Recall):    0.5534
  F1 分数 (F1):       0.5461
[New] Epoch 721/1000 | classify: 1.6477 | voltage: 1.3402 | conc: 0.0002 | consistency: 0.3257 | polarity: 1.9925 | monodec: 0.0000 | rule: 216.5806 | group: 1.3707 | tree: 4.1226 | total: 1.8265
[New] Epoch 722/1000 | classify: 1.6618 | voltage: 1.3856 | conc: 0.0001 | consistency: 0.3256 | polarity: 1.9922 | monodec: 0.0000 | rule: 209.3553 | group: 1.3863 | tree: 4.0486 | total: 1.8392
[New] Epoch 723/1000 | classify: 1.6626 | voltage: 1.3526 | conc: 0.0002 | consistency: 0.3219 | polarity: 1.9922 | monodec: 0.0000 | rule: 209.2989 | group: 1.3863 | tree: 4.0485 | total: 1.8383
[New] Epoch 724/1000 | classify: 1.6256 | voltage: 1.3491 | conc: 0.0001 | consistency: 0.3258 | polarity: 1.9925 | monodec: 0.0000 | rule: 221.4299 | group: 1.3707 | tree: 3.9498 | total: 1.8071
[New] Epoch 725/1000 | classify: 1.6474 | voltage: 1.4002 | conc: 0.0001 | consistency: 0.3259 | polarity: 1.9925 | monodec: 0.0000 | rule: 214.7906 | group: 1.3863 | tree: 3.9005 | total: 1.8282
[New] Epoch 726/1000 | classify: 1.6716 | voltage: 1.3470 | conc: 0.0001 | consistency: 0.3260 | polarity: 1.9925 | monodec: 0.0000 | rule: 220.5023 | group: 1.3863 | tree: 3.9251 | total: 1.8526
[New] Epoch 727/1000 | classify: 1.5911 | voltage: 1.3804 | conc: 0.0001 | consistency: 0.3261 | polarity: 1.9924 | monodec: 0.0000 | rule: 206.3226 | group: 1.3863 | tree: 4.0485 | total: 1.7667
[New] Epoch 728/1000 | classify: 1.5534 | voltage: 1.3229 | conc: 0.0001 | consistency: 0.3223 | polarity: 1.9921 | monodec: 0.0000 | rule: 227.9161 | group: 1.3863 | tree: 4.0485 | total: 1.7369
[New] Epoch 729/1000 | classify: 1.7032 | voltage: 1.3690 | conc: 0.0001 | consistency: 0.3224 | polarity: 1.9921 | monodec: 0.0000 | rule: 209.0287 | group: 1.3863 | tree: 3.9497 | total: 1.8795
[New] Epoch 730/1000 | classify: 1.6391 | voltage: 1.3984 | conc: 0.0001 | consistency: 0.3257 | polarity: 1.9916 | monodec: 0.0000 | rule: 197.3230 | group: 1.3707 | tree: 3.9744 | total: 1.8110
--- 验证集 [epoch 730] ---
  准确率 (Accuracy):  0.7329
  精确率 (Precision): 0.5254
  召回率 (Recall):    0.5384
  F1 分数 (F1):       0.5280
[New] Epoch 731/1000 | classify: 1.6875 | voltage: 1.3423 | conc: 0.0001 | consistency: 0.3257 | polarity: 1.9916 | monodec: 0.0000 | rule: 243.7100 | group: 1.3863 | tree: 4.0487 | total: 1.8798
[New] Epoch 732/1000 | classify: 1.7150 | voltage: 1.3425 | conc: 0.0001 | consistency: 0.3258 | polarity: 1.9918 | monodec: 0.0000 | rule: 225.7144 | group: 1.3863 | tree: 4.1227 | total: 1.8984
[New] Epoch 733/1000 | classify: 1.6064 | voltage: 1.3358 | conc: 0.0002 | consistency: 0.3259 | polarity: 1.9920 | monodec: 0.0000 | rule: 224.9506 | group: 1.3863 | tree: 4.0486 | total: 1.7891
[New] Epoch 734/1000 | classify: 1.6815 | voltage: 1.3377 | conc: 0.0001 | consistency: 0.3259 | polarity: 1.9919 | monodec: 0.0000 | rule: 240.7724 | group: 1.3863 | tree: 4.0486 | total: 1.8722
[New] Epoch 735/1000 | classify: 1.5942 | voltage: 1.3894 | conc: 0.0001 | consistency: 0.3258 | polarity: 1.9919 | monodec: 0.0000 | rule: 217.2843 | group: 1.3707 | tree: 4.0486 | total: 1.7757
[New] Epoch 736/1000 | classify: 1.6352 | voltage: 1.3805 | conc: 0.0002 | consistency: 0.3257 | polarity: 1.9917 | monodec: 0.0000 | rule: 209.2082 | group: 1.3863 | tree: 3.8018 | total: 1.8122
[New] Epoch 737/1000 | classify: 1.6627 | voltage: 1.3398 | conc: 0.0002 | consistency: 0.3258 | polarity: 1.9918 | monodec: 0.0000 | rule: 239.5210 | group: 1.3863 | tree: 4.0240 | total: 1.8529
[New] Epoch 738/1000 | classify: 1.7058 | voltage: 1.3518 | conc: 0.0002 | consistency: 0.3259 | polarity: 1.9921 | monodec: 0.0000 | rule: 233.9603 | group: 1.3863 | tree: 4.2709 | total: 1.8939
[New] Epoch 739/1000 | classify: 1.5516 | voltage: 1.4123 | conc: 0.0001 | consistency: 0.3260 | polarity: 1.9922 | monodec: 0.0000 | rule: 196.9022 | group: 1.3863 | tree: 4.0979 | total: 1.7241
[New] Epoch 740/1000 | classify: 1.6599 | voltage: 1.3739 | conc: 0.0001 | consistency: 0.3260 | polarity: 1.9921 | monodec: 0.0000 | rule: 211.1890 | group: 1.3863 | tree: 3.9745 | total: 1.8376
--- 验证集 [epoch 740] ---
  准确率 (Accuracy):  0.7397
  精确率 (Precision): 0.5841
  召回率 (Recall):    0.5871
  F1 分数 (F1):       0.5730
[New] Epoch 741/1000 | classify: 1.6887 | voltage: 1.3707 | conc: 0.0001 | consistency: 0.3260 | polarity: 1.9922 | monodec: 0.0000 | rule: 222.8887 | group: 1.3863 | tree: 3.9992 | total: 1.8721
[New] Epoch 742/1000 | classify: 1.6292 | voltage: 1.3523 | conc: 0.0002 | consistency: 0.3260 | polarity: 1.9921 | monodec: 0.0000 | rule: 205.7959 | group: 1.3863 | tree: 4.0238 | total: 1.8032
[New] Epoch 743/1000 | classify: 1.5731 | voltage: 1.3357 | conc: 0.0001 | consistency: 0.3260 | polarity: 1.9920 | monodec: 0.0000 | rule: 236.3254 | group: 1.3862 | tree: 3.9250 | total: 1.7614
[New] Epoch 744/1000 | classify: 1.5596 | voltage: 1.3910 | conc: 0.0001 | consistency: 0.3224 | polarity: 1.9922 | monodec: 0.0000 | rule: 222.7654 | group: 1.3707 | tree: 4.1228 | total: 1.7440
[New] Epoch 745/1000 | classify: 1.6586 | voltage: 1.3834 | conc: 0.0002 | consistency: 0.3262 | polarity: 1.9922 | monodec: 0.0000 | rule: 210.6382 | group: 1.3551 | tree: 3.9006 | total: 1.8364
[New] Epoch 746/1000 | classify: 1.6673 | voltage: 1.3917 | conc: 0.0001 | consistency: 0.3263 | polarity: 1.9923 | monodec: 0.0000 | rule: 210.3907 | group: 1.3863 | tree: 3.9746 | total: 1.8455
[New] Epoch 747/1000 | classify: 1.6823 | voltage: 1.3607 | conc: 0.0001 | consistency: 0.3263 | polarity: 1.9922 | monodec: 0.0000 | rule: 226.4000 | group: 1.3863 | tree: 4.0732 | total: 1.8669
[New] Epoch 748/1000 | classify: 1.6425 | voltage: 1.3899 | conc: 0.0001 | consistency: 0.3262 | polarity: 1.9922 | monodec: 0.0000 | rule: 202.9082 | group: 1.3863 | tree: 4.0238 | total: 1.8168
[New] Epoch 749/1000 | classify: 1.6804 | voltage: 1.3508 | conc: 0.0001 | consistency: 0.3263 | polarity: 1.9921 | monodec: 0.0000 | rule: 236.8722 | group: 1.3707 | tree: 4.0732 | total: 1.8698
[New] Epoch 750/1000 | classify: 1.5584 | voltage: 1.3681 | conc: 0.0001 | consistency: 0.3264 | polarity: 1.9923 | monodec: 0.0000 | rule: 214.9691 | group: 1.3707 | tree: 3.9251 | total: 1.7376
--- 验证集 [epoch 750] ---
  准确率 (Accuracy):  0.7603
  精确率 (Precision): 0.6018
  召回率 (Recall):    0.6031
  F1 分数 (F1):       0.5933
✅ 模型已保存到 /home/kudouzala/Application/ion_detect/output/trained_model_save/exp_new_j/trained_model_epoch_750.pth
📁 损失值已保存到 /home/kudouzala/Application/ion_detect/output/trained_model_save/exp_new_j/training_loss_epoch_750.csv
[New] Epoch 751/1000 | classify: 1.6210 | voltage: 1.3636 | conc: 0.0001 | consistency: 0.3262 | polarity: 1.9920 | monodec: 0.0000 | rule: 215.1335 | group: 1.3863 | tree: 4.1472 | total: 1.8002
[New] Epoch 752/1000 | classify: 1.6163 | voltage: 1.4200 | conc: 0.0002 | consistency: 0.3225 | polarity: 1.9919 | monodec: 0.0000 | rule: 203.9060 | group: 1.3863 | tree: 3.8756 | total: 1.7926
[New] Epoch 753/1000 | classify: 1.6432 | voltage: 1.3546 | conc: 0.0001 | consistency: 0.3261 | polarity: 1.9918 | monodec: 0.0000 | rule: 233.1660 | group: 1.3863 | tree: 3.9003 | total: 1.8309
[New] Epoch 754/1000 | classify: 1.6155 | voltage: 1.3497 | conc: 0.0001 | consistency: 0.3263 | polarity: 1.9921 | monodec: 0.0000 | rule: 213.7056 | group: 1.3707 | tree: 3.8263 | total: 1.7932
[New] Epoch 755/1000 | classify: 1.7370 | voltage: 1.3688 | conc: 0.0002 | consistency: 0.3227 | polarity: 1.9922 | monodec: 0.0000 | rule: 235.3957 | group: 1.3863 | tree: 4.0239 | total: 1.9266
[New] Epoch 756/1000 | classify: 1.7180 | voltage: 1.4050 | conc: 0.0001 | consistency: 0.3264 | polarity: 1.9922 | monodec: 0.0000 | rule: 204.4924 | group: 1.3551 | tree: 3.9991 | total: 1.8939
[New] Epoch 757/1000 | classify: 1.6534 | voltage: 1.4035 | conc: 0.0001 | consistency: 0.3264 | polarity: 1.9922 | monodec: 0.0000 | rule: 208.7353 | group: 1.3863 | tree: 4.0732 | total: 1.8314
[New] Epoch 758/1000 | classify: 1.6642 | voltage: 1.3725 | conc: 0.0001 | consistency: 0.3264 | polarity: 1.9921 | monodec: 0.0000 | rule: 218.9785 | group: 1.3707 | tree: 4.0979 | total: 1.8458
[New] Epoch 759/1000 | classify: 1.5992 | voltage: 1.3302 | conc: 0.0002 | consistency: 0.3265 | polarity: 1.9922 | monodec: 0.0000 | rule: 243.1219 | group: 1.3863 | tree: 4.1474 | total: 1.7908
[New] Epoch 760/1000 | classify: 1.7076 | voltage: 1.3734 | conc: 0.0002 | consistency: 0.3266 | polarity: 1.9924 | monodec: 0.0000 | rule: 221.3374 | group: 1.3863 | tree: 3.9994 | total: 1.8904
--- 验证集 [epoch 760] ---
  准确率 (Accuracy):  0.7260
  精确率 (Precision): 0.5711
  召回率 (Recall):    0.5582
  F1 分数 (F1):       0.5482
[New] Epoch 761/1000 | classify: 1.6150 | voltage: 1.4256 | conc: 0.0001 | consistency: 0.3268 | polarity: 1.9925 | monodec: 0.0000 | rule: 190.8938 | group: 1.3707 | tree: 3.9500 | total: 1.7851
[New] Epoch 762/1000 | classify: 1.6002 | voltage: 1.3639 | conc: 0.0001 | consistency: 0.3231 | polarity: 1.9925 | monodec: 0.0000 | rule: 200.5837 | group: 1.3863 | tree: 3.9992 | total: 1.7720
[New] Epoch 763/1000 | classify: 1.6369 | voltage: 1.4084 | conc: 0.0002 | consistency: 0.3269 | polarity: 1.9925 | monodec: 0.0000 | rule: 208.3143 | group: 1.3551 | tree: 4.0239 | total: 1.8148
[New] Epoch 764/1000 | classify: 1.6000 | voltage: 1.3821 | conc: 0.0001 | consistency: 0.3269 | polarity: 1.9925 | monodec: 0.0000 | rule: 215.8923 | group: 1.3707 | tree: 4.0239 | total: 1.7805
[New] Epoch 765/1000 | classify: 1.6051 | voltage: 1.3960 | conc: 0.0001 | consistency: 0.3268 | polarity: 1.9922 | monodec: 0.0000 | rule: 215.7021 | group: 1.3863 | tree: 3.9745 | total: 1.7861
[New] Epoch 766/1000 | classify: 1.6161 | voltage: 1.3889 | conc: 0.0001 | consistency: 0.3268 | polarity: 1.9921 | monodec: 0.0000 | rule: 231.5708 | group: 1.3863 | tree: 4.1720 | total: 1.8048
[New] Epoch 767/1000 | classify: 1.5682 | voltage: 1.4204 | conc: 0.0001 | consistency: 0.3267 | polarity: 1.9919 | monodec: 0.0000 | rule: 204.5934 | group: 1.3863 | tree: 3.9251 | total: 1.7448
[New] Epoch 768/1000 | classify: 1.6326 | voltage: 1.3777 | conc: 0.0001 | consistency: 0.3230 | polarity: 1.9919 | monodec: 0.0000 | rule: 218.6138 | group: 1.3707 | tree: 4.0239 | total: 1.8142
[New] Epoch 769/1000 | classify: 1.6469 | voltage: 1.4103 | conc: 0.0002 | consistency: 0.3267 | polarity: 1.9920 | monodec: 0.0000 | rule: 205.4105 | group: 1.3707 | tree: 3.8265 | total: 1.8234
[New] Epoch 770/1000 | classify: 1.5955 | voltage: 1.3939 | conc: 0.0001 | consistency: 0.3267 | polarity: 1.9920 | monodec: 0.0000 | rule: 212.6915 | group: 1.3707 | tree: 4.0239 | total: 1.7749
--- 验证集 [epoch 770] ---
  准确率 (Accuracy):  0.7534
  精确率 (Precision): 0.6101
  召回率 (Recall):    0.5861
  F1 分数 (F1):       0.5912
[New] Epoch 771/1000 | classify: 1.6130 | voltage: 1.3379 | conc: 0.0001 | consistency: 0.3230 | polarity: 1.9920 | monodec: 0.0000 | rule: 230.6649 | group: 1.3863 | tree: 4.0980 | total: 1.7986
[New] Epoch 772/1000 | classify: 1.6804 | voltage: 1.3958 | conc: 0.0001 | consistency: 0.3267 | polarity: 1.9921 | monodec: 0.0000 | rule: 219.1068 | group: 1.3863 | tree: 3.9498 | total: 1.8630
[New] Epoch 773/1000 | classify: 1.6818 | voltage: 1.4055 | conc: 0.0002 | consistency: 0.3268 | polarity: 1.9922 | monodec: 0.0000 | rule: 209.4881 | group: 1.3863 | tree: 3.9992 | total: 1.8603
[New] Epoch 774/1000 | classify: 1.6267 | voltage: 1.3964 | conc: 0.0001 | consistency: 0.3268 | polarity: 1.9922 | monodec: 0.0000 | rule: 211.7093 | group: 1.3707 | tree: 4.0485 | total: 1.8058
[New] Epoch 775/1000 | classify: 1.6303 | voltage: 1.3843 | conc: 0.0001 | consistency: 0.3268 | polarity: 1.9922 | monodec: 0.0000 | rule: 219.1789 | group: 1.3863 | tree: 4.0240 | total: 1.8126
[New] Epoch 776/1000 | classify: 1.7141 | voltage: 1.4085 | conc: 0.0001 | consistency: 0.3269 | polarity: 1.9924 | monodec: 0.0000 | rule: 217.1490 | group: 1.3707 | tree: 4.0981 | total: 1.8966
[New] Epoch 777/1000 | classify: 1.7577 | voltage: 1.3958 | conc: 0.0002 | consistency: 0.3233 | polarity: 1.9923 | monodec: 0.0000 | rule: 220.7573 | group: 1.3863 | tree: 4.0486 | total: 1.9413
[New] Epoch 778/1000 | classify: 1.6836 | voltage: 1.4255 | conc: 0.0001 | consistency: 0.3270 | polarity: 1.9924 | monodec: 0.0000 | rule: 214.4333 | group: 1.3707 | tree: 3.9746 | total: 1.8654
[New] Epoch 779/1000 | classify: 1.6501 | voltage: 1.3914 | conc: 0.0001 | consistency: 0.3270 | polarity: 1.9923 | monodec: 0.0000 | rule: 217.1724 | group: 1.3863 | tree: 3.9499 | total: 1.8316
[New] Epoch 780/1000 | classify: 1.7495 | voltage: 1.3890 | conc: 0.0001 | consistency: 0.3271 | polarity: 1.9924 | monodec: 0.0000 | rule: 248.0331 | group: 1.3863 | tree: 3.9993 | total: 1.9464
--- 验证集 [epoch 780] ---
  准确率 (Accuracy):  0.7329
  精确率 (Precision): 0.5706
  召回率 (Recall):    0.5653
  F1 分数 (F1):       0.5495
[New] Epoch 781/1000 | classify: 1.6528 | voltage: 1.4068 | conc: 0.0001 | consistency: 0.3271 | polarity: 1.9924 | monodec: 0.0000 | rule: 226.6091 | group: 1.3551 | tree: 3.9005 | total: 1.8397
[New] Epoch 782/1000 | classify: 1.7129 | voltage: 1.3550 | conc: 0.0001 | consistency: 0.3271 | polarity: 1.9924 | monodec: 0.0000 | rule: 223.1641 | group: 1.3863 | tree: 4.0732 | total: 1.8956
[New] Epoch 783/1000 | classify: 1.6477 | voltage: 1.3837 | conc: 0.0001 | consistency: 0.3271 | polarity: 1.9924 | monodec: 0.0000 | rule: 221.1223 | group: 1.3707 | tree: 3.9745 | total: 1.8308
[New] Epoch 784/1000 | classify: 1.4898 | voltage: 1.4017 | conc: 0.0001 | consistency: 0.3272 | polarity: 1.9924 | monodec: 0.0000 | rule: 219.7012 | group: 1.3707 | tree: 3.8017 | total: 1.6730
[New] Epoch 785/1000 | classify: 1.6724 | voltage: 1.3889 | conc: 0.0002 | consistency: 0.3272 | polarity: 1.9924 | monodec: 0.0000 | rule: 240.7159 | group: 1.3707 | tree: 3.9993 | total: 1.8657
[New] Epoch 786/1000 | classify: 1.5011 | voltage: 1.4205 | conc: 0.0001 | consistency: 0.3272 | polarity: 1.9923 | monodec: 0.0000 | rule: 211.1716 | group: 1.3707 | tree: 3.9252 | total: 1.6810
[New] Epoch 787/1000 | classify: 1.6592 | voltage: 1.3921 | conc: 0.0001 | consistency: 0.3235 | polarity: 1.9922 | monodec: 0.0000 | rule: 229.2213 | group: 1.3863 | tree: 3.9746 | total: 1.8467
[New] Epoch 788/1000 | classify: 1.5945 | voltage: 1.3769 | conc: 0.0002 | consistency: 0.3271 | polarity: 1.9922 | monodec: 0.0000 | rule: 217.7900 | group: 1.3863 | tree: 4.0732 | total: 1.7757
[New] Epoch 789/1000 | classify: 1.6607 | voltage: 1.4057 | conc: 0.0001 | consistency: 0.3272 | polarity: 1.9922 | monodec: 0.0000 | rule: 209.2918 | group: 1.3863 | tree: 4.0979 | total: 1.8390
[New] Epoch 790/1000 | classify: 1.6357 | voltage: 1.3784 | conc: 0.0001 | consistency: 0.3272 | polarity: 1.9923 | monodec: 0.0000 | rule: 218.8503 | group: 1.3863 | tree: 4.0980 | total: 1.8175
--- 验证集 [epoch 790] ---
  准确率 (Accuracy):  0.7534
  精确率 (Precision): 0.5984
  召回率 (Recall):    0.5912
  F1 分数 (F1):       0.5875
[New] Epoch 791/1000 | classify: 1.6622 | voltage: 1.4119 | conc: 0.0001 | consistency: 0.3273 | polarity: 1.9924 | monodec: 0.0000 | rule: 200.0667 | group: 1.3707 | tree: 4.0487 | total: 1.8362
[New] Epoch 792/1000 | classify: 1.6454 | voltage: 1.4046 | conc: 0.0001 | consistency: 0.3236 | polarity: 1.9923 | monodec: 0.0000 | rule: 205.5280 | group: 1.3863 | tree: 4.0733 | total: 1.8218
[New] Epoch 793/1000 | classify: 1.6574 | voltage: 1.4104 | conc: 0.0001 | consistency: 0.3274 | polarity: 1.9925 | monodec: 0.0000 | rule: 218.5300 | group: 1.3863 | tree: 3.9499 | total: 1.8405
[New] Epoch 794/1000 | classify: 1.7100 | voltage: 1.4143 | conc: 0.0001 | consistency: 0.3238 | polarity: 1.9925 | monodec: 0.0000 | rule: 198.2559 | group: 1.3863 | tree: 3.8017 | total: 1.8831
[New] Epoch 795/1000 | classify: 1.6278 | voltage: 1.4151 | conc: 0.0001 | consistency: 0.3275 | polarity: 1.9925 | monodec: 0.0000 | rule: 212.9508 | group: 1.3863 | tree: 3.9497 | total: 1.8084
[New] Epoch 796/1000 | classify: 1.7060 | voltage: 1.4037 | conc: 0.0001 | consistency: 0.3275 | polarity: 1.9925 | monodec: 0.0000 | rule: 214.4912 | group: 1.3863 | tree: 4.0485 | total: 1.8868
[New] Epoch 797/1000 | classify: 1.6496 | voltage: 1.3803 | conc: 0.0001 | consistency: 0.3277 | polarity: 1.9927 | monodec: 0.0000 | rule: 221.4979 | group: 1.3863 | tree: 3.9745 | total: 1.8328
[New] Epoch 798/1000 | classify: 1.6472 | voltage: 1.4097 | conc: 0.0002 | consistency: 0.3277 | polarity: 1.9927 | monodec: 0.0000 | rule: 221.8315 | group: 1.3707 | tree: 3.9498 | total: 1.8319
[New] Epoch 799/1000 | classify: 1.6115 | voltage: 1.4144 | conc: 0.0001 | consistency: 0.3278 | polarity: 1.9928 | monodec: 0.0000 | rule: 203.0605 | group: 1.3707 | tree: 3.9250 | total: 1.7871
[New] Epoch 800/1000 | classify: 1.5679 | voltage: 1.4154 | conc: 0.0002 | consistency: 0.3278 | polarity: 1.9927 | monodec: 0.0000 | rule: 213.4412 | group: 1.3863 | tree: 4.0237 | total: 1.7488
--- 验证集 [epoch 800] ---
  准确率 (Accuracy):  0.7397
  精确率 (Precision): 0.5748
  召回率 (Recall):    0.5769
  F1 分数 (F1):       0.5591
✅ 模型已保存到 /home/kudouzala/Application/ion_detect/output/trained_model_save/exp_new_j/trained_model_epoch_800.pth
📁 损失值已保存到 /home/kudouzala/Application/ion_detect/output/trained_model_save/exp_new_j/training_loss_epoch_800.csv
[New] Epoch 801/1000 | classify: 1.6753 | voltage: 1.4047 | conc: 0.0001 | consistency: 0.3278 | polarity: 1.9926 | monodec: 0.0000 | rule: 222.0510 | group: 1.3863 | tree: 4.0978 | total: 1.8599
[New] Epoch 802/1000 | classify: 1.6061 | voltage: 1.4429 | conc: 0.0001 | consistency: 0.3279 | polarity: 1.9927 | monodec: 0.0000 | rule: 207.5505 | group: 1.3707 | tree: 3.9252 | total: 1.7854
[New] Epoch 803/1000 | classify: 1.6636 | voltage: 1.3981 | conc: 0.0001 | consistency: 0.3279 | polarity: 1.9926 | monodec: 0.0000 | rule: 227.8805 | group: 1.3862 | tree: 4.0239 | total: 1.8508
[New] Epoch 804/1000 | classify: 1.6894 | voltage: 1.4017 | conc: 0.0001 | consistency: 0.3279 | polarity: 1.9926 | monodec: 0.0000 | rule: 215.0545 | group: 1.3863 | tree: 3.9252 | total: 1.8703
[New] Epoch 805/1000 | classify: 1.6528 | voltage: 1.4265 | conc: 0.0001 | consistency: 0.3280 | polarity: 1.9926 | monodec: 0.0000 | rule: 202.5458 | group: 1.3863 | tree: 3.9746 | total: 1.8287
[New] Epoch 806/1000 | classify: 1.6332 | voltage: 1.4109 | conc: 0.0001 | consistency: 0.3280 | polarity: 1.9925 | monodec: 0.0000 | rule: 214.5428 | group: 1.3707 | tree: 3.9745 | total: 1.8144
[New] Epoch 807/1000 | classify: 1.5593 | voltage: 1.3997 | conc: 0.0001 | consistency: 0.3280 | polarity: 1.9925 | monodec: 0.0000 | rule: 217.0635 | group: 1.3863 | tree: 3.8757 | total: 1.7411
[New] Epoch 808/1000 | classify: 1.6774 | voltage: 1.4161 | conc: 0.0002 | consistency: 0.3280 | polarity: 1.9925 | monodec: 0.0000 | rule: 229.7407 | group: 1.3863 | tree: 3.9499 | total: 1.8665
[New] Epoch 809/1000 | classify: 1.6662 | voltage: 1.4074 | conc: 0.0000 | consistency: 0.3242 | polarity: 1.9923 | monodec: 0.0000 | rule: 205.8308 | group: 1.3707 | tree: 4.0979 | total: 1.8428
[New] Epoch 810/1000 | classify: 1.6870 | voltage: 1.4167 | conc: 0.0001 | consistency: 0.3279 | polarity: 1.9922 | monodec: 0.0000 | rule: 223.9600 | group: 1.3862 | tree: 3.9003 | total: 1.8731
--- 验证集 [epoch 810] ---
  准确率 (Accuracy):  0.7534
  精确率 (Precision): 0.5807
  召回率 (Recall):    0.6007
  F1 分数 (F1):       0.5850
[New] Epoch 811/1000 | classify: 1.6393 | voltage: 1.4009 | conc: 0.0001 | consistency: 0.3279 | polarity: 1.9922 | monodec: 0.0000 | rule: 233.3278 | group: 1.3862 | tree: 3.9993 | total: 1.8293
[New] Epoch 812/1000 | classify: 1.5839 | voltage: 1.4498 | conc: 0.0002 | consistency: 0.3279 | polarity: 1.9922 | monodec: 0.0000 | rule: 196.6865 | group: 1.3863 | tree: 3.9498 | total: 1.7581
[New] Epoch 813/1000 | classify: 1.6123 | voltage: 1.4256 | conc: 0.0001 | consistency: 0.3242 | polarity: 1.9921 | monodec: 0.0000 | rule: 215.3071 | group: 1.3707 | tree: 3.8017 | total: 1.7945
[New] Epoch 814/1000 | classify: 1.6390 | voltage: 1.4018 | conc: 0.0001 | consistency: 0.3279 | polarity: 1.9921 | monodec: 0.0000 | rule: 244.7404 | group: 1.3863 | tree: 4.0979 | total: 1.8349
[New] Epoch 815/1000 | classify: 1.6506 | voltage: 1.3862 | conc: 0.0002 | consistency: 0.3279 | polarity: 1.9922 | monodec: 0.0000 | rule: 239.8638 | group: 1.3863 | tree: 3.9251 | total: 1.8432
[New] Epoch 816/1000 | classify: 1.6119 | voltage: 1.4364 | conc: 0.0001 | consistency: 0.3280 | polarity: 1.9924 | monodec: 0.0000 | rule: 217.8368 | group: 1.3863 | tree: 3.9746 | total: 1.7960
[New] Epoch 817/1000 | classify: 1.7068 | voltage: 1.4020 | conc: 0.0001 | consistency: 0.3280 | polarity: 1.9924 | monodec: 0.0000 | rule: 236.2419 | group: 1.3863 | tree: 3.9746 | total: 1.8984
[New] Epoch 818/1000 | classify: 1.7840 | voltage: 1.3809 | conc: 0.0002 | consistency: 0.3282 | polarity: 1.9925 | monodec: 0.0000 | rule: 241.5461 | group: 1.3863 | tree: 4.1227 | total: 1.9773
[New] Epoch 819/1000 | classify: 1.6940 | voltage: 1.4790 | conc: 0.0001 | consistency: 0.3282 | polarity: 1.9925 | monodec: 0.0000 | rule: 199.0375 | group: 1.3551 | tree: 3.9992 | total: 1.8708
[New] Epoch 820/1000 | classify: 1.6517 | voltage: 1.4331 | conc: 0.0002 | consistency: 0.3283 | polarity: 1.9927 | monodec: 0.0000 | rule: 194.7091 | group: 1.3863 | tree: 3.9498 | total: 1.8241
--- 验证集 [epoch 820] ---
  准确率 (Accuracy):  0.7397
  精确率 (Precision): 0.5797
  召回率 (Recall):    0.5820
  F1 分数 (F1):       0.5657
[New] Epoch 821/1000 | classify: 1.6378 | voltage: 1.4409 | conc: 0.0002 | consistency: 0.3283 | polarity: 1.9926 | monodec: 0.0000 | rule: 215.2619 | group: 1.3863 | tree: 3.8264 | total: 1.8208
[New] Epoch 822/1000 | classify: 1.6804 | voltage: 1.4112 | conc: 0.0001 | consistency: 0.3284 | polarity: 1.9927 | monodec: 0.0000 | rule: 218.4097 | group: 1.3863 | tree: 4.0239 | total: 1.8636
[New] Epoch 823/1000 | classify: 1.5919 | voltage: 1.3993 | conc: 0.0001 | consistency: 0.3285 | polarity: 1.9928 | monodec: 0.0000 | rule: 214.4803 | group: 1.3707 | tree: 4.0486 | total: 1.7726
[New] Epoch 824/1000 | classify: 1.5920 | voltage: 1.4237 | conc: 0.0001 | consistency: 0.3286 | polarity: 1.9928 | monodec: 0.0000 | rule: 209.1308 | group: 1.3863 | tree: 3.9992 | total: 1.7711
[New] Epoch 825/1000 | classify: 1.6263 | voltage: 1.4464 | conc: 0.0001 | consistency: 0.3249 | polarity: 1.9929 | monodec: 0.0000 | rule: 215.6584 | group: 1.3551 | tree: 3.9993 | total: 1.8098
[New] Epoch 826/1000 | classify: 1.6149 | voltage: 1.4279 | conc: 0.0002 | consistency: 0.3286 | polarity: 1.9928 | monodec: 0.0000 | rule: 216.7037 | group: 1.3707 | tree: 3.9745 | total: 1.7981
[New] Epoch 827/1000 | classify: 1.7141 | voltage: 1.4012 | conc: 0.0002 | consistency: 0.3286 | polarity: 1.9927 | monodec: 0.0000 | rule: 227.8708 | group: 1.3863 | tree: 4.1967 | total: 1.9016
[New] Epoch 828/1000 | classify: 1.6270 | voltage: 1.4138 | conc: 0.0001 | consistency: 0.3287 | polarity: 1.9927 | monodec: 0.0000 | rule: 210.3043 | group: 1.3863 | tree: 4.0238 | total: 1.8062
[New] Epoch 829/1000 | classify: 1.6777 | voltage: 1.4230 | conc: 0.0001 | consistency: 0.3286 | polarity: 1.9926 | monodec: 0.0000 | rule: 213.7851 | group: 1.3863 | tree: 4.0485 | total: 1.8592
[New] Epoch 830/1000 | classify: 1.6324 | voltage: 1.4379 | conc: 0.0001 | consistency: 0.3287 | polarity: 1.9927 | monodec: 0.0000 | rule: 221.9509 | group: 1.3707 | tree: 3.9745 | total: 1.8186
--- 验证集 [epoch 830] ---
  准确率 (Accuracy):  0.7466
  精确率 (Precision): 0.5792
  召回率 (Recall):    0.5837
  F1 分数 (F1):       0.5656
[New] Epoch 831/1000 | classify: 1.6591 | voltage: 1.4075 | conc: 0.0001 | consistency: 0.3287 | polarity: 1.9926 | monodec: 0.0000 | rule: 230.6748 | group: 1.3863 | tree: 3.9992 | total: 1.8482
[New] Epoch 832/1000 | classify: 1.6314 | voltage: 1.4131 | conc: 0.0001 | consistency: 0.3287 | polarity: 1.9926 | monodec: 0.0000 | rule: 216.8562 | group: 1.3395 | tree: 3.9499 | total: 1.8138
[New] Epoch 833/1000 | classify: 1.6402 | voltage: 1.3962 | conc: 0.0001 | consistency: 0.3287 | polarity: 1.9926 | monodec: 0.0000 | rule: 222.6916 | group: 1.3707 | tree: 4.1967 | total: 1.8248
[New] Epoch 834/1000 | classify: 1.6265 | voltage: 1.4230 | conc: 0.0001 | consistency: 0.3288 | polarity: 1.9926 | monodec: 0.0000 | rule: 207.6653 | group: 1.3707 | tree: 3.9993 | total: 1.8048
[New] Epoch 835/1000 | classify: 1.6641 | voltage: 1.4331 | conc: 0.0001 | consistency: 0.3287 | polarity: 1.9924 | monodec: 0.0000 | rule: 207.5402 | group: 1.3707 | tree: 3.9744 | total: 1.8428
[New] Epoch 836/1000 | classify: 1.6561 | voltage: 1.4404 | conc: 0.0001 | consistency: 0.3287 | polarity: 1.9925 | monodec: 0.0000 | rule: 214.4878 | group: 1.3863 | tree: 4.0733 | total: 1.8388
[New] Epoch 837/1000 | classify: 1.5937 | voltage: 1.4452 | conc: 0.0002 | consistency: 0.3288 | polarity: 1.9925 | monodec: 0.0000 | rule: 192.0392 | group: 1.3707 | tree: 3.9745 | total: 1.7654
[New] Epoch 838/1000 | classify: 1.4421 | voltage: 1.4778 | conc: 0.0001 | consistency: 0.3288 | polarity: 1.9925 | monodec: 0.0000 | rule: 193.0721 | group: 1.3863 | tree: 3.9745 | total: 1.6158
[New] Epoch 839/1000 | classify: 1.6875 | voltage: 1.3953 | conc: 0.0001 | consistency: 0.3288 | polarity: 1.9925 | monodec: 0.0000 | rule: 210.2720 | group: 1.3863 | tree: 3.9499 | total: 1.8657
[New] Epoch 840/1000 | classify: 1.6856 | voltage: 1.4543 | conc: 0.0001 | consistency: 0.3288 | polarity: 1.9924 | monodec: 0.0000 | rule: 204.7820 | group: 1.3396 | tree: 3.7276 | total: 1.8639
--- 验证集 [epoch 840] ---
  准确率 (Accuracy):  0.7466
  精确率 (Precision): 0.5908
  召回率 (Recall):    0.5793
  F1 分数 (F1):       0.5697
[New] Epoch 841/1000 | classify: 1.6630 | voltage: 1.4076 | conc: 0.0002 | consistency: 0.3288 | polarity: 1.9924 | monodec: 0.0000 | rule: 221.3706 | group: 1.3863 | tree: 3.9498 | total: 1.8475
[New] Epoch 842/1000 | classify: 1.6294 | voltage: 1.4191 | conc: 0.0001 | consistency: 0.3288 | polarity: 1.9925 | monodec: 0.0000 | rule: 224.0869 | group: 1.3863 | tree: 4.1473 | total: 1.8159
[New] Epoch 843/1000 | classify: 1.7047 | voltage: 1.4287 | conc: 0.0002 | consistency: 0.3252 | polarity: 1.9925 | monodec: 0.0000 | rule: 202.1141 | group: 1.3863 | tree: 3.9499 | total: 1.8805
[New] Epoch 844/1000 | classify: 1.5857 | voltage: 1.4336 | conc: 0.0002 | consistency: 0.3288 | polarity: 1.9924 | monodec: 0.0000 | rule: 223.2232 | group: 1.3707 | tree: 3.9992 | total: 1.7724
[New] Epoch 845/1000 | classify: 1.7376 | voltage: 1.4341 | conc: 0.0001 | consistency: 0.3288 | polarity: 1.9925 | monodec: 0.0000 | rule: 213.5172 | group: 1.3863 | tree: 3.9992 | total: 1.9194
[New] Epoch 846/1000 | classify: 1.6946 | voltage: 1.4339 | conc: 0.0002 | consistency: 0.3289 | polarity: 1.9925 | monodec: 0.0000 | rule: 210.3372 | group: 1.3707 | tree: 4.0733 | total: 1.8749
[New] Epoch 847/1000 | classify: 1.6026 | voltage: 1.4417 | conc: 0.0001 | consistency: 0.3289 | polarity: 1.9925 | monodec: 0.0000 | rule: 199.1091 | group: 1.3707 | tree: 3.8758 | total: 1.7776
[New] Epoch 848/1000 | classify: 1.6476 | voltage: 1.4108 | conc: 0.0001 | consistency: 0.3289 | polarity: 1.9924 | monodec: 0.0000 | rule: 237.6819 | group: 1.3862 | tree: 4.0238 | total: 1.8403
[New] Epoch 849/1000 | classify: 1.7200 | voltage: 1.3983 | conc: 0.0001 | consistency: 0.3289 | polarity: 1.9924 | monodec: 0.0000 | rule: 225.1643 | group: 1.3551 | tree: 3.9251 | total: 1.9058
[New] Epoch 850/1000 | classify: 1.6553 | voltage: 1.4329 | conc: 0.0001 | consistency: 0.3290 | polarity: 1.9925 | monodec: 0.0000 | rule: 229.3077 | group: 1.3863 | tree: 4.0239 | total: 1.8450
--- 验证集 [epoch 850] ---
  准确率 (Accuracy):  0.7397
  精确率 (Precision): 0.7241
  召回率 (Recall):    0.5977
  F1 分数 (F1):       0.5918
✅ 模型已保存到 /home/kudouzala/Application/ion_detect/output/trained_model_save/exp_new_j/trained_model_epoch_850.pth
📁 损失值已保存到 /home/kudouzala/Application/ion_detect/output/trained_model_save/exp_new_j/training_loss_epoch_850.csv
[New] Epoch 851/1000 | classify: 1.6074 | voltage: 1.4583 | conc: 0.0001 | consistency: 0.3253 | polarity: 1.9926 | monodec: 0.0000 | rule: 187.3185 | group: 1.3707 | tree: 3.7770 | total: 1.7772
[New] Epoch 852/1000 | classify: 1.6674 | voltage: 1.4593 | conc: 0.0001 | consistency: 0.3291 | polarity: 1.9927 | monodec: 0.0000 | rule: 216.6665 | group: 1.3707 | tree: 3.8758 | total: 1.8520
[New] Epoch 853/1000 | classify: 1.6200 | voltage: 1.4435 | conc: 0.0001 | consistency: 0.3291 | polarity: 1.9927 | monodec: 0.0000 | rule: 221.5786 | group: 1.3707 | tree: 4.0239 | total: 1.8064
[New] Epoch 854/1000 | classify: 1.5631 | voltage: 1.4357 | conc: 0.0001 | consistency: 0.3291 | polarity: 1.9926 | monodec: 0.0000 | rule: 208.6791 | group: 1.3863 | tree: 3.9498 | total: 1.7426
[New] Epoch 855/1000 | classify: 1.6361 | voltage: 1.4333 | conc: 0.0001 | consistency: 0.3291 | polarity: 1.9926 | monodec: 0.0000 | rule: 190.9644 | group: 1.3863 | tree: 3.9745 | total: 1.8066
[New] Epoch 856/1000 | classify: 1.6278 | voltage: 1.3847 | conc: 0.0002 | consistency: 0.3255 | polarity: 1.9927 | monodec: 0.0000 | rule: 223.6443 | group: 1.3863 | tree: 4.1227 | total: 1.8124
[New] Epoch 857/1000 | classify: 1.6143 | voltage: 1.4508 | conc: 0.0001 | consistency: 0.3293 | polarity: 1.9928 | monodec: 0.0000 | rule: 205.0215 | group: 1.3863 | tree: 4.0486 | total: 1.7928
[New] Epoch 858/1000 | classify: 1.6630 | voltage: 1.4449 | conc: 0.0002 | consistency: 0.3293 | polarity: 1.9927 | monodec: 0.0000 | rule: 217.6734 | group: 1.3863 | tree: 4.0733 | total: 1.8475
[New] Epoch 859/1000 | classify: 1.6053 | voltage: 1.4440 | conc: 0.0002 | consistency: 0.3293 | polarity: 1.9927 | monodec: 0.0000 | rule: 196.8003 | group: 1.3863 | tree: 4.0486 | total: 1.7794
[New] Epoch 860/1000 | classify: 1.5975 | voltage: 1.4285 | conc: 0.0001 | consistency: 0.3293 | polarity: 1.9927 | monodec: 0.0000 | rule: 225.3523 | group: 1.3863 | tree: 4.0733 | total: 1.7850
--- 验证集 [epoch 860] ---
  准确率 (Accuracy):  0.7671
  精确率 (Precision): 0.6194
  召回率 (Recall):    0.6048
  F1 分数 (F1):       0.6006
[New] Epoch 861/1000 | classify: 1.6422 | voltage: 1.4210 | conc: 0.0001 | consistency: 0.3256 | polarity: 1.9926 | monodec: 0.0000 | rule: 216.4089 | group: 1.3707 | tree: 4.0485 | total: 1.8249
[New] Epoch 862/1000 | classify: 1.6842 | voltage: 1.4551 | conc: 0.0002 | consistency: 0.3293 | polarity: 1.9926 | monodec: 0.0000 | rule: 218.1172 | group: 1.3707 | tree: 3.9745 | total: 1.8694
[New] Epoch 863/1000 | classify: 1.6958 | voltage: 1.4178 | conc: 0.0001 | consistency: 0.3293 | polarity: 1.9927 | monodec: 0.0000 | rule: 237.7300 | group: 1.3707 | tree: 4.0486 | total: 1.8889
[New] Epoch 864/1000 | classify: 1.6114 | voltage: 1.4331 | conc: 0.0001 | consistency: 0.3294 | polarity: 1.9927 | monodec: 0.0000 | rule: 211.2756 | group: 1.3707 | tree: 4.0485 | total: 1.7921
[New] Epoch 865/1000 | classify: 1.5744 | voltage: 1.4736 | conc: 0.0001 | consistency: 0.3294 | polarity: 1.9927 | monodec: 0.0000 | rule: 194.1596 | group: 1.3707 | tree: 4.0486 | total: 1.7486
[New] Epoch 866/1000 | classify: 1.5875 | voltage: 1.4473 | conc: 0.0001 | consistency: 0.3294 | polarity: 1.9927 | monodec: 0.0000 | rule: 199.6965 | group: 1.3707 | tree: 3.9251 | total: 1.7629
[New] Epoch 867/1000 | classify: 1.7148 | voltage: 1.4503 | conc: 0.0001 | consistency: 0.3294 | polarity: 1.9927 | monodec: 0.0000 | rule: 206.5258 | group: 1.3707 | tree: 3.9497 | total: 1.8939
[New] Epoch 868/1000 | classify: 1.6773 | voltage: 1.4631 | conc: 0.0001 | consistency: 0.3295 | polarity: 1.9927 | monodec: 0.0000 | rule: 212.4074 | group: 1.3863 | tree: 3.9499 | total: 1.8601
[New] Epoch 869/1000 | classify: 1.6307 | voltage: 1.4751 | conc: 0.0001 | consistency: 0.3295 | polarity: 1.9927 | monodec: 0.0000 | rule: 197.6868 | group: 1.3863 | tree: 4.0733 | total: 1.8066
[New] Epoch 870/1000 | classify: 1.6170 | voltage: 1.4478 | conc: 0.0002 | consistency: 0.3295 | polarity: 1.9927 | monodec: 0.0000 | rule: 234.7219 | group: 1.3863 | tree: 3.9746 | total: 1.8102
--- 验证集 [epoch 870] ---
  准确率 (Accuracy):  0.7329
  精确率 (Precision): 0.5733
  召回率 (Recall):    0.5701
  F1 分数 (F1):       0.5524
[New] Epoch 871/1000 | classify: 1.6934 | voltage: 1.4572 | conc: 0.0002 | consistency: 0.3295 | polarity: 1.9927 | monodec: 0.0000 | rule: 220.6958 | group: 1.3707 | tree: 4.0980 | total: 1.8801
[New] Epoch 872/1000 | classify: 1.6198 | voltage: 1.4661 | conc: 0.0001 | consistency: 0.3295 | polarity: 1.9927 | monodec: 0.0000 | rule: 202.1806 | group: 1.3863 | tree: 3.8512 | total: 1.7975
[New] Epoch 873/1000 | classify: 1.6814 | voltage: 1.4115 | conc: 0.0001 | consistency: 0.3295 | polarity: 1.9927 | monodec: 0.0000 | rule: 219.7838 | group: 1.3863 | tree: 4.1967 | total: 1.8654
[New] Epoch 874/1000 | classify: 1.6617 | voltage: 1.4624 | conc: 0.0001 | consistency: 0.3296 | polarity: 1.9927 | monodec: 0.0000 | rule: 208.6480 | group: 1.3863 | tree: 3.8264 | total: 1.8424
[New] Epoch 875/1000 | classify: 1.7635 | voltage: 1.4026 | conc: 0.0001 | consistency: 0.3296 | polarity: 1.9927 | monodec: 0.0000 | rule: 239.7369 | group: 1.3863 | tree: 4.0981 | total: 1.9569
[New] Epoch 876/1000 | classify: 1.5943 | voltage: 1.4041 | conc: 0.0001 | consistency: 0.3296 | polarity: 1.9927 | monodec: 0.0000 | rule: 236.9039 | group: 1.3863 | tree: 4.0240 | total: 1.7864
[New] Epoch 877/1000 | classify: 1.7219 | voltage: 1.3969 | conc: 0.0002 | consistency: 0.3296 | polarity: 1.9927 | monodec: 0.0000 | rule: 237.8096 | group: 1.3863 | tree: 4.0734 | total: 1.9141
[New] Epoch 878/1000 | classify: 1.6620 | voltage: 1.4457 | conc: 0.0002 | consistency: 0.3296 | polarity: 1.9927 | monodec: 0.0000 | rule: 225.7126 | group: 1.3863 | tree: 4.0487 | total: 1.8506
[New] Epoch 879/1000 | classify: 1.6445 | voltage: 1.4136 | conc: 0.0001 | consistency: 0.3297 | polarity: 1.9927 | monodec: 0.0000 | rule: 223.6102 | group: 1.3863 | tree: 4.0979 | total: 1.8304
[New] Epoch 880/1000 | classify: 1.6174 | voltage: 1.4210 | conc: 0.0001 | consistency: 0.3297 | polarity: 1.9927 | monodec: 0.0000 | rule: 218.7042 | group: 1.3863 | tree: 4.0239 | total: 1.8012
--- 验证集 [epoch 880] ---
  准确率 (Accuracy):  0.7329
  精确率 (Precision): 0.5733
  召回率 (Recall):    0.5701
  F1 分数 (F1):       0.5524
[New] Epoch 881/1000 | classify: 1.6476 | voltage: 1.4516 | conc: 0.0001 | consistency: 0.3297 | polarity: 1.9927 | monodec: 0.0000 | rule: 230.1539 | group: 1.3863 | tree: 4.0486 | total: 1.8386
[New] Epoch 882/1000 | classify: 1.6342 | voltage: 1.4229 | conc: 0.0001 | consistency: 0.3297 | polarity: 1.9927 | monodec: 0.0000 | rule: 237.2358 | group: 1.3863 | tree: 4.1720 | total: 1.8274
[New] Epoch 883/1000 | classify: 1.6283 | voltage: 1.4549 | conc: 0.0001 | consistency: 0.3297 | polarity: 1.9927 | monodec: 0.0000 | rule: 215.4812 | group: 1.3863 | tree: 3.9745 | total: 1.8121
[New] Epoch 884/1000 | classify: 1.7585 | voltage: 1.4214 | conc: 0.0001 | consistency: 0.3297 | polarity: 1.9927 | monodec: 0.0000 | rule: 238.8307 | group: 1.3863 | tree: 4.0733 | total: 1.9524
[New] Epoch 885/1000 | classify: 1.6799 | voltage: 1.4187 | conc: 0.0001 | consistency: 0.3298 | polarity: 1.9927 | monodec: 0.0000 | rule: 243.2343 | group: 1.3863 | tree: 4.0979 | total: 1.8759
[New] Epoch 886/1000 | classify: 1.6409 | voltage: 1.4501 | conc: 0.0002 | consistency: 0.3298 | polarity: 1.9928 | monodec: 0.0000 | rule: 227.1581 | group: 1.3863 | tree: 4.0239 | total: 1.8305
[New] Epoch 887/1000 | classify: 1.5284 | voltage: 1.4366 | conc: 0.0001 | consistency: 0.3298 | polarity: 1.9927 | monodec: 0.0000 | rule: 205.6376 | group: 1.3396 | tree: 3.7277 | total: 1.7063
[New] Epoch 888/1000 | classify: 1.6825 | voltage: 1.4551 | conc: 0.0001 | consistency: 0.3298 | polarity: 1.9927 | monodec: 0.0000 | rule: 210.4093 | group: 1.3863 | tree: 4.0485 | total: 1.8639
[New] Epoch 889/1000 | classify: 1.6213 | voltage: 1.4413 | conc: 0.0001 | consistency: 0.3299 | polarity: 1.9927 | monodec: 0.0000 | rule: 219.6321 | group: 1.3707 | tree: 3.9992 | total: 1.8065
[New] Epoch 890/1000 | classify: 1.6669 | voltage: 1.4655 | conc: 0.0001 | consistency: 0.3299 | polarity: 1.9927 | monodec: 0.0000 | rule: 196.3873 | group: 1.3707 | tree: 3.9745 | total: 1.8417
--- 验证集 [epoch 890] ---
  准确率 (Accuracy):  0.7740
  精确率 (Precision): 0.6120
  召回率 (Recall):    0.6167
  F1 分数 (F1):       0.6091
[New] Epoch 891/1000 | classify: 1.7204 | voltage: 1.4490 | conc: 0.0001 | consistency: 0.3299 | polarity: 1.9927 | monodec: 0.0000 | rule: 200.3888 | group: 1.3863 | tree: 4.0239 | total: 1.8964
[New] Epoch 892/1000 | classify: 1.6564 | voltage: 1.4475 | conc: 0.0001 | consistency: 0.3299 | polarity: 1.9927 | monodec: 0.0000 | rule: 218.8974 | group: 1.3707 | tree: 3.9992 | total: 1.8416
[New] Epoch 893/1000 | classify: 1.6043 | voltage: 1.4426 | conc: 0.0001 | consistency: 0.3299 | polarity: 1.9927 | monodec: 0.0000 | rule: 208.2866 | group: 1.3707 | tree: 3.9498 | total: 1.7840
[New] Epoch 894/1000 | classify: 1.5793 | voltage: 1.4804 | conc: 0.0001 | consistency: 0.3299 | polarity: 1.9927 | monodec: 0.0000 | rule: 198.3352 | group: 1.3707 | tree: 3.7770 | total: 1.7557
[New] Epoch 895/1000 | classify: 1.6469 | voltage: 1.4787 | conc: 0.0001 | consistency: 0.3300 | polarity: 1.9927 | monodec: 0.0000 | rule: 213.5713 | group: 1.3863 | tree: 4.0980 | total: 1.8311
[New] Epoch 896/1000 | classify: 1.6116 | voltage: 1.4888 | conc: 0.0001 | consistency: 0.3300 | polarity: 1.9927 | monodec: 0.0000 | rule: 202.5637 | group: 1.3863 | tree: 4.1474 | total: 1.7908
[New] Epoch 897/1000 | classify: 1.6872 | voltage: 1.4670 | conc: 0.0001 | consistency: 0.3300 | polarity: 1.9927 | monodec: 0.0000 | rule: 201.9860 | group: 1.3863 | tree: 4.0486 | total: 1.8649
[New] Epoch 898/1000 | classify: 1.5976 | voltage: 1.4587 | conc: 0.0001 | consistency: 0.3300 | polarity: 1.9928 | monodec: 0.0000 | rule: 219.5727 | group: 1.3707 | tree: 3.9993 | total: 1.7837
[New] Epoch 899/1000 | classify: 1.5938 | voltage: 1.4539 | conc: 0.0001 | consistency: 0.3300 | polarity: 1.9928 | monodec: 0.0000 | rule: 217.8358 | group: 1.3863 | tree: 3.9993 | total: 1.7788
[New] Epoch 900/1000 | classify: 1.6200 | voltage: 1.4668 | conc: 0.0001 | consistency: 0.3263 | polarity: 1.9928 | monodec: 0.0000 | rule: 212.9099 | group: 1.3863 | tree: 4.1227 | total: 1.8033
--- 验证集 [epoch 900] ---
  准确率 (Accuracy):  0.7466
  精确率 (Precision): 0.5797
  召回率 (Recall):    0.5888
  F1 分数 (F1):       0.5708
✅ 模型已保存到 /home/kudouzala/Application/ion_detect/output/trained_model_save/exp_new_j/trained_model_epoch_900.pth
📁 损失值已保存到 /home/kudouzala/Application/ion_detect/output/trained_model_save/exp_new_j/training_loss_epoch_900.csv
[New] Epoch 901/1000 | classify: 1.6358 | voltage: 1.4856 | conc: 0.0000 | consistency: 0.3301 | polarity: 1.9928 | monodec: 0.0000 | rule: 209.4282 | group: 1.3863 | tree: 4.0240 | total: 1.8181
[New] Epoch 902/1000 | classify: 1.7128 | voltage: 1.4519 | conc: 0.0001 | consistency: 0.3301 | polarity: 1.9928 | monodec: 0.0000 | rule: 228.1305 | group: 1.3707 | tree: 3.9992 | total: 1.9028
[New] Epoch 903/1000 | classify: 1.6581 | voltage: 1.4579 | conc: 0.0002 | consistency: 0.3301 | polarity: 1.9928 | monodec: 0.0000 | rule: 211.8854 | group: 1.3863 | tree: 4.0486 | total: 1.8404
[New] Epoch 904/1000 | classify: 1.6669 | voltage: 1.4335 | conc: 0.0001 | consistency: 0.3302 | polarity: 1.9928 | monodec: 0.0000 | rule: 225.2978 | group: 1.3863 | tree: 4.0487 | total: 1.8546
[New] Epoch 905/1000 | classify: 1.6337 | voltage: 1.4155 | conc: 0.0001 | consistency: 0.3265 | polarity: 1.9928 | monodec: 0.0000 | rule: 221.4853 | group: 1.3707 | tree: 3.9746 | total: 1.8185
[New] Epoch 906/1000 | classify: 1.6868 | voltage: 1.4435 | conc: 0.0001 | consistency: 0.3302 | polarity: 1.9928 | monodec: 0.0000 | rule: 200.6017 | group: 1.3863 | tree: 3.9745 | total: 1.8626
[New] Epoch 907/1000 | classify: 1.6312 | voltage: 1.4215 | conc: 0.0001 | consistency: 0.3302 | polarity: 1.9927 | monodec: 0.0000 | rule: 219.7931 | group: 1.3707 | tree: 4.0485 | total: 1.8155
[New] Epoch 908/1000 | classify: 1.6350 | voltage: 1.4177 | conc: 0.0001 | consistency: 0.3302 | polarity: 1.9928 | monodec: 0.0000 | rule: 238.2343 | group: 1.3863 | tree: 3.9746 | total: 1.8283
[New] Epoch 909/1000 | classify: 1.5508 | voltage: 1.4272 | conc: 0.0001 | consistency: 0.3302 | polarity: 1.9928 | monodec: 0.0000 | rule: 220.9505 | group: 1.3863 | tree: 4.0239 | total: 1.7361
[New] Epoch 910/1000 | classify: 1.7501 | voltage: 1.4506 | conc: 0.0001 | consistency: 0.3302 | polarity: 1.9927 | monodec: 0.0000 | rule: 234.7637 | group: 1.3863 | tree: 4.0980 | total: 1.9434
--- 验证集 [epoch 910] ---
  准确率 (Accuracy):  0.7534
  精确率 (Precision): 0.5854
  召回率 (Recall):    0.6007
  F1 分数 (F1):       0.5830
[New] Epoch 911/1000 | classify: 1.6008 | voltage: 1.5055 | conc: 0.0001 | consistency: 0.3302 | polarity: 1.9927 | monodec: 0.0000 | rule: 174.7400 | group: 1.3863 | tree: 3.9251 | total: 1.7668
[New] Epoch 912/1000 | classify: 1.6211 | voltage: 1.4463 | conc: 0.0002 | consistency: 0.3265 | polarity: 1.9927 | monodec: 0.0000 | rule: 213.2432 | group: 1.3863 | tree: 3.8510 | total: 1.8033
[New] Epoch 913/1000 | classify: 1.6328 | voltage: 1.4414 | conc: 0.0001 | consistency: 0.3302 | polarity: 1.9928 | monodec: 0.0000 | rule: 223.0096 | group: 1.3707 | tree: 3.9004 | total: 1.8197
[New] Epoch 914/1000 | classify: 1.6056 | voltage: 1.4753 | conc: 0.0001 | consistency: 0.3302 | polarity: 1.9928 | monodec: 0.0000 | rule: 202.8390 | group: 1.3707 | tree: 4.0486 | total: 1.7842
[New] Epoch 915/1000 | classify: 1.6619 | voltage: 1.4756 | conc: 0.0002 | consistency: 0.3303 | polarity: 1.9928 | monodec: 0.0000 | rule: 209.1520 | group: 1.3863 | tree: 3.9498 | total: 1.8437
[New] Epoch 916/1000 | classify: 1.6588 | voltage: 1.4185 | conc: 0.0002 | consistency: 0.3303 | polarity: 1.9928 | monodec: 0.0000 | rule: 241.1159 | group: 1.3863 | tree: 4.0239 | total: 1.8538
[New] Epoch 917/1000 | classify: 1.6188 | voltage: 1.4463 | conc: 0.0001 | consistency: 0.3303 | polarity: 1.9928 | monodec: 0.0000 | rule: 235.8482 | group: 1.3863 | tree: 4.0239 | total: 1.8124
[New] Epoch 918/1000 | classify: 1.6181 | voltage: 1.4700 | conc: 0.0001 | consistency: 0.3303 | polarity: 1.9928 | monodec: 0.0000 | rule: 208.2625 | group: 1.3707 | tree: 3.9251 | total: 1.7991
[New] Epoch 919/1000 | classify: 1.6881 | voltage: 1.4604 | conc: 0.0001 | consistency: 0.3303 | polarity: 1.9927 | monodec: 0.0000 | rule: 205.8180 | group: 1.3707 | tree: 3.9252 | total: 1.8673
[New] Epoch 920/1000 | classify: 1.6104 | voltage: 1.4776 | conc: 0.0001 | consistency: 0.3303 | polarity: 1.9927 | monodec: 0.0000 | rule: 204.2378 | group: 1.3707 | tree: 3.9498 | total: 1.7897
--- 验证集 [epoch 920] ---
  准确率 (Accuracy):  0.7603
  精确率 (Precision): 0.6094
  召回率 (Recall):    0.5929
  F1 分数 (F1):       0.5867
[New] Epoch 921/1000 | classify: 1.6152 | voltage: 1.4633 | conc: 0.0001 | consistency: 0.3303 | polarity: 1.9927 | monodec: 0.0000 | rule: 209.8734 | group: 1.3863 | tree: 3.9251 | total: 1.7966
[New] Epoch 922/1000 | classify: 1.6181 | voltage: 1.4740 | conc: 0.0001 | consistency: 0.3266 | polarity: 1.9927 | monodec: 0.0000 | rule: 208.8756 | group: 1.3707 | tree: 4.0486 | total: 1.7996
[New] Epoch 923/1000 | classify: 1.5778 | voltage: 1.4234 | conc: 0.0001 | consistency: 0.3303 | polarity: 1.9927 | monodec: 0.0000 | rule: 228.5574 | group: 1.3863 | tree: 3.9992 | total: 1.7666
[New] Epoch 924/1000 | classify: 1.6036 | voltage: 1.4687 | conc: 0.0002 | consistency: 0.3266 | polarity: 1.9927 | monodec: 0.0000 | rule: 207.4091 | group: 1.3863 | tree: 3.9744 | total: 1.7842
[New] Epoch 925/1000 | classify: 1.5974 | voltage: 1.4554 | conc: 0.0001 | consistency: 0.3303 | polarity: 1.9927 | monodec: 0.0000 | rule: 229.9923 | group: 1.3863 | tree: 4.0979 | total: 1.7885
[New] Epoch 926/1000 | classify: 1.5335 | voltage: 1.5088 | conc: 0.0001 | consistency: 0.3266 | polarity: 1.9927 | monodec: 0.0000 | rule: 179.9405 | group: 1.3707 | tree: 4.0238 | total: 1.7023
[New] Epoch 927/1000 | classify: 1.7006 | voltage: 1.4875 | conc: 0.0001 | consistency: 0.3303 | polarity: 1.9927 | monodec: 0.0000 | rule: 203.5127 | group: 1.3863 | tree: 4.0732 | total: 1.8801
[New] Epoch 928/1000 | classify: 1.6217 | voltage: 1.4316 | conc: 0.0001 | consistency: 0.3303 | polarity: 1.9927 | monodec: 0.0000 | rule: 217.9020 | group: 1.3863 | tree: 3.9744 | total: 1.8056
[New] Epoch 929/1000 | classify: 1.6310 | voltage: 1.4569 | conc: 0.0001 | consistency: 0.3303 | polarity: 1.9927 | monodec: 0.0000 | rule: 213.7107 | group: 1.3707 | tree: 3.9745 | total: 1.8141
[New] Epoch 930/1000 | classify: 1.5426 | voltage: 1.4611 | conc: 0.0002 | consistency: 0.3303 | polarity: 1.9926 | monodec: 0.0000 | rule: 206.9447 | group: 1.3707 | tree: 4.0732 | total: 1.7226
--- 验证集 [epoch 930] ---
  准确率 (Accuracy):  0.7534
  精确率 (Precision): 0.5789
  召回率 (Recall):    0.5956
  F1 分数 (F1):       0.5805
[New] Epoch 931/1000 | classify: 1.4820 | voltage: 1.4707 | conc: 0.0002 | consistency: 0.3303 | polarity: 1.9926 | monodec: 0.0000 | rule: 210.7910 | group: 1.3707 | tree: 3.9003 | total: 1.6643
[New] Epoch 932/1000 | classify: 1.7064 | voltage: 1.4267 | conc: 0.0001 | consistency: 0.3266 | polarity: 1.9926 | monodec: 0.0000 | rule: 232.3237 | group: 1.3863 | tree: 4.0486 | total: 1.8973
[New] Epoch 933/1000 | classify: 1.7062 | voltage: 1.4407 | conc: 0.0001 | consistency: 0.3303 | polarity: 1.9926 | monodec: 0.0000 | rule: 232.1845 | group: 1.3863 | tree: 3.9745 | total: 1.8977
[New] Epoch 934/1000 | classify: 1.7269 | voltage: 1.4254 | conc: 0.0001 | consistency: 0.3304 | polarity: 1.9927 | monodec: 0.0000 | rule: 220.6857 | group: 1.3707 | tree: 4.0732 | total: 1.9120
[New] Epoch 935/1000 | classify: 1.6720 | voltage: 1.4377 | conc: 0.0001 | consistency: 0.3304 | polarity: 1.9927 | monodec: 0.0000 | rule: 243.6850 | group: 1.3863 | tree: 3.9993 | total: 1.8691
[New] Epoch 936/1000 | classify: 1.6853 | voltage: 1.4559 | conc: 0.0002 | consistency: 0.3304 | polarity: 1.9927 | monodec: 0.0000 | rule: 236.1729 | group: 1.3707 | tree: 4.0981 | total: 1.8797
[New] Epoch 937/1000 | classify: 1.5826 | voltage: 1.4925 | conc: 0.0001 | consistency: 0.3304 | polarity: 1.9927 | monodec: 0.0000 | rule: 205.5549 | group: 1.3707 | tree: 4.0485 | total: 1.7634
[New] Epoch 938/1000 | classify: 1.6238 | voltage: 1.4781 | conc: 0.0001 | consistency: 0.3304 | polarity: 1.9927 | monodec: 0.0000 | rule: 217.6517 | group: 1.3863 | tree: 3.9252 | total: 1.8099
[New] Epoch 939/1000 | classify: 1.6835 | voltage: 1.4195 | conc: 0.0002 | consistency: 0.3304 | polarity: 1.9927 | monodec: 0.0000 | rule: 228.7964 | group: 1.3863 | tree: 3.9745 | total: 1.8723
[New] Epoch 940/1000 | classify: 1.6563 | voltage: 1.4487 | conc: 0.0001 | consistency: 0.3304 | polarity: 1.9927 | monodec: 0.0000 | rule: 221.1485 | group: 1.3707 | tree: 4.0486 | total: 1.8427
--- 验证集 [epoch 940] ---
  准确率 (Accuracy):  0.7466
  精确率 (Precision): 0.5992
  召回率 (Recall):    0.5840
  F1 分数 (F1):       0.5752
[New] Epoch 941/1000 | classify: 1.6093 | voltage: 1.4639 | conc: 0.0001 | consistency: 0.3304 | polarity: 1.9927 | monodec: 0.0000 | rule: 224.9534 | group: 1.3707 | tree: 4.0239 | total: 1.7983
[New] Epoch 942/1000 | classify: 1.6289 | voltage: 1.4480 | conc: 0.0001 | consistency: 0.3304 | polarity: 1.9927 | monodec: 0.0000 | rule: 222.3234 | group: 1.3707 | tree: 3.9993 | total: 1.8159
[New] Epoch 943/1000 | classify: 1.4624 | voltage: 1.4578 | conc: 0.0002 | consistency: 0.3304 | polarity: 1.9926 | monodec: 0.0000 | rule: 226.3867 | group: 1.3863 | tree: 4.0486 | total: 1.6520
[New] Epoch 944/1000 | classify: 1.5990 | voltage: 1.4391 | conc: 0.0002 | consistency: 0.3304 | polarity: 1.9926 | monodec: 0.0000 | rule: 199.7665 | group: 1.3707 | tree: 3.8510 | total: 1.7742
[New] Epoch 945/1000 | classify: 1.6149 | voltage: 1.4583 | conc: 0.0002 | consistency: 0.3267 | polarity: 1.9927 | monodec: 0.0000 | rule: 218.1734 | group: 1.3863 | tree: 3.8018 | total: 1.8003
[New] Epoch 946/1000 | classify: 1.6414 | voltage: 1.4713 | conc: 0.0002 | consistency: 0.3304 | polarity: 1.9927 | monodec: 0.0000 | rule: 217.2759 | group: 1.3707 | tree: 4.0733 | total: 1.8271
[New] Epoch 947/1000 | classify: 1.6373 | voltage: 1.4508 | conc: 0.0001 | consistency: 0.3304 | polarity: 1.9926 | monodec: 0.0000 | rule: 216.2562 | group: 1.3863 | tree: 3.9745 | total: 1.8213
[New] Epoch 948/1000 | classify: 1.6682 | voltage: 1.4494 | conc: 0.0001 | consistency: 0.3304 | polarity: 1.9926 | monodec: 0.0000 | rule: 229.1944 | group: 1.3707 | tree: 4.0486 | total: 1.8587
[New] Epoch 949/1000 | classify: 1.5789 | voltage: 1.4533 | conc: 0.0001 | consistency: 0.3267 | polarity: 1.9926 | monodec: 0.0000 | rule: 196.3474 | group: 1.3863 | tree: 4.0238 | total: 1.7531
[New] Epoch 950/1000 | classify: 1.5653 | voltage: 1.4892 | conc: 0.0001 | consistency: 0.3304 | polarity: 1.9926 | monodec: 0.0000 | rule: 216.6376 | group: 1.3863 | tree: 3.9745 | total: 1.7515
--- 验证集 [epoch 950] ---
  准确率 (Accuracy):  0.7534
  精确率 (Precision): 0.5964
  召回率 (Recall):    0.5912
  F1 分数 (F1):       0.5819
✅ 模型已保存到 /home/kudouzala/Application/ion_detect/output/trained_model_save/exp_new_j/trained_model_epoch_950.pth
📁 损失值已保存到 /home/kudouzala/Application/ion_detect/output/trained_model_save/exp_new_j/training_loss_epoch_950.csv
[New] Epoch 951/1000 | classify: 1.6258 | voltage: 1.4516 | conc: 0.0001 | consistency: 0.3267 | polarity: 1.9926 | monodec: 0.0000 | rule: 208.4693 | group: 1.3707 | tree: 3.9745 | total: 1.8059
[New] Epoch 952/1000 | classify: 1.5335 | voltage: 1.4818 | conc: 0.0001 | consistency: 0.3304 | polarity: 1.9926 | monodec: 0.0000 | rule: 200.6200 | group: 1.3707 | tree: 3.8510 | total: 1.7112
[New] Epoch 953/1000 | classify: 1.6661 | voltage: 1.4707 | conc: 0.0001 | consistency: 0.3304 | polarity: 1.9926 | monodec: 0.0000 | rule: 221.8406 | group: 1.3863 | tree: 3.9250 | total: 1.8539
[New] Epoch 954/1000 | classify: 1.5862 | voltage: 1.4840 | conc: 0.0001 | consistency: 0.3304 | polarity: 1.9926 | monodec: 0.0000 | rule: 195.7104 | group: 1.3863 | tree: 4.0979 | total: 1.7617
[New] Epoch 955/1000 | classify: 1.7058 | voltage: 1.4489 | conc: 0.0001 | consistency: 0.3304 | polarity: 1.9926 | monodec: 0.0000 | rule: 214.3379 | group: 1.3863 | tree: 4.1226 | total: 1.8888
[New] Epoch 956/1000 | classify: 1.5705 | voltage: 1.4455 | conc: 0.0001 | consistency: 0.3304 | polarity: 1.9926 | monodec: 0.0000 | rule: 200.4330 | group: 1.3863 | tree: 4.0485 | total: 1.7463
[New] Epoch 957/1000 | classify: 1.5585 | voltage: 1.4545 | conc: 0.0001 | consistency: 0.3304 | polarity: 1.9926 | monodec: 0.0000 | rule: 213.8576 | group: 1.3707 | tree: 3.9497 | total: 1.7415
[New] Epoch 958/1000 | classify: 1.6234 | voltage: 1.4592 | conc: 0.0002 | consistency: 0.3304 | polarity: 1.9926 | monodec: 0.0000 | rule: 231.6175 | group: 1.3863 | tree: 4.1720 | total: 1.8157
[New] Epoch 959/1000 | classify: 1.6123 | voltage: 1.4425 | conc: 0.0002 | consistency: 0.3304 | polarity: 1.9926 | monodec: 0.0000 | rule: 229.1299 | group: 1.3863 | tree: 4.1720 | total: 1.8025
[New] Epoch 960/1000 | classify: 1.4882 | voltage: 1.4711 | conc: 0.0002 | consistency: 0.3304 | polarity: 1.9926 | monodec: 0.0000 | rule: 192.6080 | group: 1.3863 | tree: 4.0484 | total: 1.6615
--- 验证集 [epoch 960] ---
  准确率 (Accuracy):  0.7603
  精确率 (Precision): 0.6085
  召回率 (Recall):    0.6075
  F1 分数 (F1):       0.5958
[New] Epoch 961/1000 | classify: 1.6265 | voltage: 1.4976 | conc: 0.0001 | consistency: 0.3304 | polarity: 1.9926 | monodec: 0.0000 | rule: 201.9906 | group: 1.3707 | tree: 3.9745 | total: 1.8057
[New] Epoch 962/1000 | classify: 1.6835 | voltage: 1.4712 | conc: 0.0001 | consistency: 0.3304 | polarity: 1.9926 | monodec: 0.0000 | rule: 215.2911 | group: 1.3551 | tree: 3.9005 | total: 1.8681
[New] Epoch 963/1000 | classify: 1.6198 | voltage: 1.4628 | conc: 0.0002 | consistency: 0.3304 | polarity: 1.9926 | monodec: 0.0000 | rule: 222.6747 | group: 1.3707 | tree: 3.9251 | total: 1.8076
[New] Epoch 964/1000 | classify: 1.6654 | voltage: 1.4505 | conc: 0.0001 | consistency: 0.3304 | polarity: 1.9926 | monodec: 0.0000 | rule: 219.4327 | group: 1.3707 | tree: 3.9745 | total: 1.8509
[New] Epoch 965/1000 | classify: 1.5891 | voltage: 1.4690 | conc: 0.0001 | consistency: 0.3304 | polarity: 1.9926 | monodec: 0.0000 | rule: 215.9700 | group: 1.3863 | tree: 3.9498 | total: 1.7739
[New] Epoch 966/1000 | classify: 1.5984 | voltage: 1.4583 | conc: 0.0001 | consistency: 0.3304 | polarity: 1.9926 | monodec: 0.0000 | rule: 209.3632 | group: 1.3863 | tree: 4.0732 | total: 1.7794
[New] Epoch 967/1000 | classify: 1.5360 | voltage: 1.4845 | conc: 0.0001 | consistency: 0.3304 | polarity: 1.9926 | monodec: 0.0000 | rule: 207.9748 | group: 1.3707 | tree: 3.9992 | total: 1.7175
[New] Epoch 968/1000 | classify: 1.6766 | voltage: 1.4597 | conc: 0.0001 | consistency: 0.3304 | polarity: 1.9926 | monodec: 0.0000 | rule: 224.9574 | group: 1.3863 | tree: 4.0734 | total: 1.8655
[New] Epoch 969/1000 | classify: 1.6813 | voltage: 1.4765 | conc: 0.0001 | consistency: 0.3304 | polarity: 1.9926 | monodec: 0.0000 | rule: 219.0360 | group: 1.3863 | tree: 4.0733 | total: 1.8681
[New] Epoch 970/1000 | classify: 1.6041 | voltage: 1.4751 | conc: 0.0001 | consistency: 0.3304 | polarity: 1.9926 | monodec: 0.0000 | rule: 227.0491 | group: 1.3863 | tree: 4.0485 | total: 1.7948
--- 验证集 [epoch 970] ---
  准确率 (Accuracy):  0.7466
  精确率 (Precision): 0.5908
  召回率 (Recall):    0.5793
  F1 分数 (F1):       0.5697
[New] Epoch 971/1000 | classify: 1.6986 | voltage: 1.4696 | conc: 0.0001 | consistency: 0.3304 | polarity: 1.9926 | monodec: 0.0000 | rule: 223.0350 | group: 1.3707 | tree: 4.0486 | total: 1.8870
[New] Epoch 972/1000 | classify: 1.6416 | voltage: 1.4616 | conc: 0.0001 | consistency: 0.3304 | polarity: 1.9926 | monodec: 0.0000 | rule: 215.9284 | group: 1.3863 | tree: 3.9992 | total: 1.8260
[New] Epoch 973/1000 | classify: 1.6144 | voltage: 1.4636 | conc: 0.0001 | consistency: 0.3304 | polarity: 1.9926 | monodec: 0.0000 | rule: 217.4039 | group: 1.3863 | tree: 4.0239 | total: 1.7997
[New] Epoch 974/1000 | classify: 1.5713 | voltage: 1.4994 | conc: 0.0002 | consistency: 0.3304 | polarity: 1.9926 | monodec: 0.0000 | rule: 207.9647 | group: 1.3863 | tree: 4.0979 | total: 1.7537
[New] Epoch 975/1000 | classify: 1.5353 | voltage: 1.4463 | conc: 0.0001 | consistency: 0.3304 | polarity: 1.9926 | monodec: 0.0000 | rule: 212.0491 | group: 1.3863 | tree: 4.1720 | total: 1.7171
[New] Epoch 976/1000 | classify: 1.6744 | voltage: 1.4307 | conc: 0.0002 | consistency: 0.3304 | polarity: 1.9926 | monodec: 0.0000 | rule: 221.8482 | group: 1.3707 | tree: 4.0485 | total: 1.8603
[New] Epoch 977/1000 | classify: 1.6318 | voltage: 1.4692 | conc: 0.0002 | consistency: 0.3304 | polarity: 1.9926 | monodec: 0.0000 | rule: 209.9282 | group: 1.3707 | tree: 3.9991 | total: 1.8136
[New] Epoch 978/1000 | classify: 1.6365 | voltage: 1.4602 | conc: 0.0001 | consistency: 0.3304 | polarity: 1.9926 | monodec: 0.0000 | rule: 208.2532 | group: 1.3707 | tree: 3.9498 | total: 1.8170
[New] Epoch 979/1000 | classify: 1.5786 | voltage: 1.4513 | conc: 0.0002 | consistency: 0.3304 | polarity: 1.9926 | monodec: 0.0000 | rule: 203.7589 | group: 1.3863 | tree: 4.0978 | total: 1.7566
[New] Epoch 980/1000 | classify: 1.6835 | voltage: 1.4559 | conc: 0.0002 | consistency: 0.3304 | polarity: 1.9926 | monodec: 0.0000 | rule: 234.8052 | group: 1.3863 | tree: 4.0239 | total: 1.8771
--- 验证集 [epoch 980] ---
  准确率 (Accuracy):  0.7466
  精确率 (Precision): 0.5869
  召回率 (Recall):    0.5789
  F1 分数 (F1):       0.5659
[New] Epoch 981/1000 | classify: 1.6567 | voltage: 1.4627 | conc: 0.0002 | consistency: 0.3304 | polarity: 1.9926 | monodec: 0.0000 | rule: 229.6755 | group: 1.3551 | tree: 3.7770 | total: 1.8480
[New] Epoch 982/1000 | classify: 1.5150 | voltage: 1.4479 | conc: 0.0002 | consistency: 0.3267 | polarity: 1.9926 | monodec: 0.0000 | rule: 224.8478 | group: 1.3863 | tree: 3.9250 | total: 1.7032
[New] Epoch 983/1000 | classify: 1.5381 | voltage: 1.4670 | conc: 0.0001 | consistency: 0.3305 | polarity: 1.9926 | monodec: 0.0000 | rule: 202.5129 | group: 1.3863 | tree: 4.0485 | total: 1.7161
[New] Epoch 984/1000 | classify: 1.6473 | voltage: 1.4622 | conc: 0.0001 | consistency: 0.3305 | polarity: 1.9926 | monodec: 0.0000 | rule: 210.3374 | group: 1.3863 | tree: 3.8758 | total: 1.8289
[New] Epoch 985/1000 | classify: 1.5911 | voltage: 1.4789 | conc: 0.0001 | consistency: 0.3305 | polarity: 1.9926 | monodec: 0.0000 | rule: 199.7644 | group: 1.3707 | tree: 3.9004 | total: 1.7682
[New] Epoch 986/1000 | classify: 1.5998 | voltage: 1.4344 | conc: 0.0002 | consistency: 0.3305 | polarity: 1.9926 | monodec: 0.0000 | rule: 217.3335 | group: 1.3551 | tree: 3.9992 | total: 1.7836
[New] Epoch 987/1000 | classify: 1.5659 | voltage: 1.4209 | conc: 0.0001 | consistency: 0.3305 | polarity: 1.9926 | monodec: 0.0000 | rule: 225.8912 | group: 1.3707 | tree: 3.9499 | total: 1.7532
[New] Epoch 988/1000 | classify: 1.5836 | voltage: 1.4797 | conc: 0.0001 | consistency: 0.3305 | polarity: 1.9926 | monodec: 0.0000 | rule: 210.5425 | group: 1.3707 | tree: 3.9745 | total: 1.7663
[New] Epoch 989/1000 | classify: 1.6568 | voltage: 1.4433 | conc: 0.0001 | consistency: 0.3305 | polarity: 1.9926 | monodec: 0.0000 | rule: 207.6263 | group: 1.3863 | tree: 3.9992 | total: 1.8361
[New] Epoch 990/1000 | classify: 1.5575 | voltage: 1.4826 | conc: 0.0001 | consistency: 0.3305 | polarity: 1.9926 | monodec: 0.0000 | rule: 209.6709 | group: 1.3863 | tree: 3.9745 | total: 1.7398
--- 验证集 [epoch 990] ---
  准确率 (Accuracy):  0.7534
  精确率 (Precision): 0.5913
  召回率 (Recall):    0.5956
  F1 分数 (F1):       0.5797
[New] Epoch 991/1000 | classify: 1.5855 | voltage: 1.4739 | conc: 0.0001 | consistency: 0.3305 | polarity: 1.9926 | monodec: 0.0000 | rule: 213.2302 | group: 1.3863 | tree: 3.9498 | total: 1.7691
[New] Epoch 992/1000 | classify: 1.6948 | voltage: 1.4419 | conc: 0.0001 | consistency: 0.3305 | polarity: 1.9926 | monodec: 0.0000 | rule: 230.4677 | group: 1.3551 | tree: 4.1226 | total: 1.8855
[New] Epoch 993/1000 | classify: 1.7028 | voltage: 1.4735 | conc: 0.0001 | consistency: 0.3305 | polarity: 1.9926 | monodec: 0.0000 | rule: 230.3565 | group: 1.3863 | tree: 3.9745 | total: 1.8950
[New] Epoch 994/1000 | classify: 1.5840 | voltage: 1.4896 | conc: 0.0001 | consistency: 0.3305 | polarity: 1.9926 | monodec: 0.0000 | rule: 214.7091 | group: 1.3863 | tree: 4.0979 | total: 1.7693
[New] Epoch 995/1000 | classify: 1.5989 | voltage: 1.4433 | conc: 0.0002 | consistency: 0.3305 | polarity: 1.9926 | monodec: 0.0000 | rule: 229.1015 | group: 1.3707 | tree: 3.9004 | total: 1.7890
[New] Epoch 996/1000 | classify: 1.5925 | voltage: 1.4562 | conc: 0.0001 | consistency: 0.3305 | polarity: 1.9926 | monodec: 0.0000 | rule: 208.1079 | group: 1.3707 | tree: 3.9992 | total: 1.7727
[New] Epoch 997/1000 | classify: 1.5642 | voltage: 1.4785 | conc: 0.0001 | consistency: 0.3305 | polarity: 1.9926 | monodec: 0.0000 | rule: 215.7507 | group: 1.3863 | tree: 4.1720 | total: 1.7494
[New] Epoch 998/1000 | classify: 1.5618 | voltage: 1.4437 | conc: 0.0001 | consistency: 0.3305 | polarity: 1.9926 | monodec: 0.0000 | rule: 218.4572 | group: 1.3863 | tree: 4.0238 | total: 1.7466
[New] Epoch 999/1000 | classify: 1.6942 | voltage: 1.4657 | conc: 0.0002 | consistency: 0.3305 | polarity: 1.9926 | monodec: 0.0000 | rule: 209.7567 | group: 1.3707 | tree: 3.9499 | total: 1.8758
[New] Epoch 1000/1000 | classify: 1.6553 | voltage: 1.4816 | conc: 0.0001 | consistency: 0.3305 | polarity: 1.9926 | monodec: 0.0000 | rule: 205.2291 | group: 1.3863 | tree: 4.0239 | total: 1.8353
--- 验证集 [epoch 1000] ---
  准确率 (Accuracy):  0.7466
  精确率 (Precision): 0.5855
  召回率 (Recall):    0.5888
  F1 分数 (F1):       0.5737
✅ 模型已保存到 /home/kudouzala/Application/ion_detect/output/trained_model_save/exp_new_j/trained_model_epoch_1000.pth
📁 损失值已保存到 /home/kudouzala/Application/ion_detect/output/trained_model_save/exp_new_j/training_loss_epoch_1000.csv
✅ 模型已保存到 /home/kudouzala/Application/ion_detect/output/trained_model_save/exp_new_j/trained_model_epoch_final.pth
📁 损失值已保存到 /home/kudouzala/Application/ion_detect/output/trained_model_save/exp_new_j/training_loss_epoch_final.csv
