✅ no_overlap 划分: 测试集 150 个（ion_column 74 个，≤3/10）-> /home/kudouzala/Application/ion_detect/datasets/datasets_for_all_test_no_overlap/exp_new_d_num_tp2，训练集 789 个 -> /home/kudouzala/Application/ion_detect/datasets/datasets_for_all_train_no_overlap/exp_new_d_num_tp2（已排除同前缀且窗口含测试前 2 个时间点的样本）
✅ 当前使用设备: cuda
📂 训练集目录: /home/kudouzala/Application/ion_detect/datasets/datasets_for_all_train_no_overlap/exp_new_d_num_tp2
📂 测试/验证集目录: /home/kudouzala/Application/ion_detect/datasets/datasets_for_all_test_no_overlap/exp_new_d_num_tp2
🧪 experiment: exp_new_d_num_tp2
🚀 进入训练模式 (--train)
Skipping file 20240822_10ppm铜离子污染测试_新版电解槽_ion_column_gamry_[54, 56, 58, 60].xlsx: impedance points 54 < 63
Skipping file 20240822_10ppm铜离子污染测试_新版电解槽_ion_column_gamry_[32, 34, 36, 38].xlsx: impedance points 54 < 63
Skipping file 20240822_10ppm铜离子污染测试_新版电解槽_ion_column_gamry_[56, 58, 60, 62].xlsx: impedance points 54 < 63
Skipping file 20240822_10ppm铜离子污染测试_新版电解槽_ion_column_gamry_[36, 38, 40, 42].xlsx: impedance points 54 < 63
Skipping file 20240822_10ppm铜离子污染测试_新版电解槽_ion_column_gamry_[34, 36, 38, 40].xlsx: impedance points 54 < 63
[LEAK-CHECK] overlap(train, val) = 0
[DEBUG] data_folder = /home/kudouzala/Application/ion_detect/datasets/datasets_for_all_train_no_overlap/exp_new_d_num_tp2
[DEBUG] base_train.file_names[:10] =
   20241107_0.1ppm钙离子污染及恢复测试_新版电解槽_ion_firecloud_[14, 16, 18, 20].xlsx
   20240910_10ppm钙离子污染测试_新版电解槽_ion_column_gamry_[2, 4, 6, 8].xlsx
   20241006_2ppm铬离子污染测试_旧版电解槽_ion_firecloud_[22, 24, 26, 28].xlsx
   20241117_2ppm钠离子污染及恢复测试40摄氏度_新版电解槽_ion_gamry_[22, 24, 26, 28].xlsx
   20241227_10ppm铜离子污染及恢复测试_旧版电解槽_ion_gamry_[4, 6, 8, 10].xlsx
   20241003_2ppm镍离子污染测试_新版电解槽_ion_gamry_[20, 22, 24, 26].xlsx
   20241112_2ppm钠离子污染和恢复测试80摄氏度_新版电解槽_ion_column_renew_H2SO4_gamry_[14, 16, 18, 20].xlsx
   20240910_10ppm钙离子污染测试_新版电解槽_ion_gamry_[2, 4, 6, 8].xlsx
   20241213_2ppm钠离子污染及恢复测试_新版电解槽_ion_column_renew_H2SO4_gamry_[12, 14, 16, 18].xlsx
   20241010_2ppm钠离子污染测试_新版电解槽_ion_firecloud_[28, 30, 32, 34].xlsx
[DEBUG] exist check (first 10):
   /home/kudouzala/Application/ion_detect/datasets/datasets_for_all_train_no_overlap/exp_new_d_num_tp2/20241107_0.1ppm钙离子污染及恢复测试_新版电解槽_ion_firecloud_[14, 16, 18, 20].xlsx exists= True
   /home/kudouzala/Application/ion_detect/datasets/datasets_for_all_train_no_overlap/exp_new_d_num_tp2/20240910_10ppm钙离子污染测试_新版电解槽_ion_column_gamry_[2, 4, 6, 8].xlsx exists= True
   /home/kudouzala/Application/ion_detect/datasets/datasets_for_all_train_no_overlap/exp_new_d_num_tp2/20241006_2ppm铬离子污染测试_旧版电解槽_ion_firecloud_[22, 24, 26, 28].xlsx exists= True
   /home/kudouzala/Application/ion_detect/datasets/datasets_for_all_train_no_overlap/exp_new_d_num_tp2/20241117_2ppm钠离子污染及恢复测试40摄氏度_新版电解槽_ion_gamry_[22, 24, 26, 28].xlsx exists= True
   /home/kudouzala/Application/ion_detect/datasets/datasets_for_all_train_no_overlap/exp_new_d_num_tp2/20241227_10ppm铜离子污染及恢复测试_旧版电解槽_ion_gamry_[4, 6, 8, 10].xlsx exists= True
   /home/kudouzala/Application/ion_detect/datasets/datasets_for_all_train_no_overlap/exp_new_d_num_tp2/20241003_2ppm镍离子污染测试_新版电解槽_ion_gamry_[20, 22, 24, 26].xlsx exists= True
   /home/kudouzala/Application/ion_detect/datasets/datasets_for_all_train_no_overlap/exp_new_d_num_tp2/20241112_2ppm钠离子污染和恢复测试80摄氏度_新版电解槽_ion_column_renew_H2SO4_gamry_[14, 16, 18, 20].xlsx exists= True
   /home/kudouzala/Application/ion_detect/datasets/datasets_for_all_train_no_overlap/exp_new_d_num_tp2/20240910_10ppm钙离子污染测试_新版电解槽_ion_gamry_[2, 4, 6, 8].xlsx exists= True
   /home/kudouzala/Application/ion_detect/datasets/datasets_for_all_train_no_overlap/exp_new_d_num_tp2/20241213_2ppm钠离子污染及恢复测试_新版电解槽_ion_column_renew_H2SO4_gamry_[12, 14, 16, 18].xlsx exists= True
   /home/kudouzala/Application/ion_detect/datasets/datasets_for_all_train_no_overlap/exp_new_d_num_tp2/20241010_2ppm钠离子污染测试_新版电解槽_ion_firecloud_[28, 30, 32, 34].xlsx exists= True
Skipping file 20240822_10ppm铜离子污染测试_新版电解槽_ion_column_gamry_[28, 30, 32, 34].xlsx: impedance points 54 < 63
Skipping file 20240822_10ppm铜离子污染测试_新版电解槽_ion_column_gamry_[50, 52, 54, 56].xlsx: impedance points 54 < 63
Skipping file 20240822_10ppm铜离子污染测试_新版电解槽_ion_column_gamry_[24, 26, 28, 30].xlsx: impedance points 54 < 63
Skipping file 20240822_10ppm铜离子污染测试_新版电解槽_ion_column_gamry_[44, 46, 48, 50].xlsx: impedance points 54 < 63

[PairDataset][Example pairs] (show up to 50)
  [1] A(idx=474) 20241107_0.1ppm钙离子污染及恢复测试_新版电解槽_ion_firecloud_[0, 2, 4, 6].xlsx  times=[0, 2, 4, 6]
      → B(idx=753) 20241107_0.1ppm钙离子污染及恢复测试_新版电解槽_ion_firecloud_[2, 4, 6, 8].xlsx  times=[2, 4, 6, 8]  dummy=False
  [2] A(idx=753) 20241107_0.1ppm钙离子污染及恢复测试_新版电解槽_ion_firecloud_[2, 4, 6, 8].xlsx  times=[2, 4, 6, 8]
      → B(idx=279) 20241107_0.1ppm钙离子污染及恢复测试_新版电解槽_ion_firecloud_[4, 6, 8, 10].xlsx  times=[4, 6, 8, 10]  dummy=False
  [3] A(idx=279) 20241107_0.1ppm钙离子污染及恢复测试_新版电解槽_ion_firecloud_[4, 6, 8, 10].xlsx  times=[4, 6, 8, 10]
      → B(idx=535) 20241107_0.1ppm钙离子污染及恢复测试_新版电解槽_ion_firecloud_[6, 8, 10, 12].xlsx  times=[6, 8, 10, 12]  dummy=False
  [4] A(idx=535) 20241107_0.1ppm钙离子污染及恢复测试_新版电解槽_ion_firecloud_[6, 8, 10, 12].xlsx  times=[6, 8, 10, 12]
      → B(idx=531) 20241107_0.1ppm钙离子污染及恢复测试_新版电解槽_ion_firecloud_[8, 10, 12, 14].xlsx  times=[8, 10, 12, 14]  dummy=False
  [5] A(idx=531) 20241107_0.1ppm钙离子污染及恢复测试_新版电解槽_ion_firecloud_[8, 10, 12, 14].xlsx  times=[8, 10, 12, 14]
      → B(idx=601) 20241107_0.1ppm钙离子污染及恢复测试_新版电解槽_ion_firecloud_[10, 12, 14, 16].xlsx  times=[10, 12, 14, 16]  dummy=False
  [6] A(idx=601) 20241107_0.1ppm钙离子污染及恢复测试_新版电解槽_ion_firecloud_[10, 12, 14, 16].xlsx  times=[10, 12, 14, 16]
      → B(idx=151) 20241107_0.1ppm钙离子污染及恢复测试_新版电解槽_ion_firecloud_[12, 14, 16, 18].xlsx  times=[12, 14, 16, 18]  dummy=False
  [7] A(idx=151) 20241107_0.1ppm钙离子污染及恢复测试_新版电解槽_ion_firecloud_[12, 14, 16, 18].xlsx  times=[12, 14, 16, 18]
      → B(idx=0) 20241107_0.1ppm钙离子污染及恢复测试_新版电解槽_ion_firecloud_[14, 16, 18, 20].xlsx  times=[14, 16, 18, 20]  dummy=False
  [8] A(idx=0) 20241107_0.1ppm钙离子污染及恢复测试_新版电解槽_ion_firecloud_[14, 16, 18, 20].xlsx  times=[14, 16, 18, 20]
      → B(idx=59) 20241107_0.1ppm钙离子污染及恢复测试_新版电解槽_ion_firecloud_[16, 18, 20, 22].xlsx  times=[16, 18, 20, 22]  dummy=False
  [9] A(idx=59) 20241107_0.1ppm钙离子污染及恢复测试_新版电解槽_ion_firecloud_[16, 18, 20, 22].xlsx  times=[16, 18, 20, 22]
      → B(idx=479) 20241107_0.1ppm钙离子污染及恢复测试_新版电解槽_ion_firecloud_[18, 20, 22, 24].xlsx  times=[18, 20, 22, 24]  dummy=False
  [10] A(idx=479) 20241107_0.1ppm钙离子污染及恢复测试_新版电解槽_ion_firecloud_[18, 20, 22, 24].xlsx  times=[18, 20, 22, 24]
      → B(idx=387) 20241107_0.1ppm钙离子污染及恢复测试_新版电解槽_ion_firecloud_[20, 22, 24, 26].xlsx  times=[20, 22, 24, 26]  dummy=False
  [11] A(idx=387) 20241107_0.1ppm钙离子污染及恢复测试_新版电解槽_ion_firecloud_[20, 22, 24, 26].xlsx  times=[20, 22, 24, 26]
      → B(idx=387) 20241107_0.1ppm钙离子污染及恢复测试_新版电解槽_ion_firecloud_[20, 22, 24, 26].xlsx  times=[20, 22, 24, 26]  dummy=True
  [12] A(idx=111) 20241107_0.1ppm钙离子污染及恢复测试_新版电解槽_ion_firecloud_[32, 34, 36, 38].xlsx  times=[32, 34, 36, 38]
      → B(idx=414) 20241107_0.1ppm钙离子污染及恢复测试_新版电解槽_ion_firecloud_[34, 36, 38, 40].xlsx  times=[34, 36, 38, 40]  dummy=False
  [13] A(idx=414) 20241107_0.1ppm钙离子污染及恢复测试_新版电解槽_ion_firecloud_[34, 36, 38, 40].xlsx  times=[34, 36, 38, 40]
      → B(idx=75) 20241107_0.1ppm钙离子污染及恢复测试_新版电解槽_ion_firecloud_[36, 38, 40, 42].xlsx  times=[36, 38, 40, 42]  dummy=False
  [14] A(idx=75) 20241107_0.1ppm钙离子污染及恢复测试_新版电解槽_ion_firecloud_[36, 38, 40, 42].xlsx  times=[36, 38, 40, 42]
      → B(idx=145) 20241107_0.1ppm钙离子污染及恢复测试_新版电解槽_ion_firecloud_[38, 40, 42, 44].xlsx  times=[38, 40, 42, 44]  dummy=False
  [15] A(idx=145) 20241107_0.1ppm钙离子污染及恢复测试_新版电解槽_ion_firecloud_[38, 40, 42, 44].xlsx  times=[38, 40, 42, 44]
      → B(idx=363) 20241107_0.1ppm钙离子污染及恢复测试_新版电解槽_ion_firecloud_[40, 42, 44, 46].xlsx  times=[40, 42, 44, 46]  dummy=False
  [16] A(idx=363) 20241107_0.1ppm钙离子污染及恢复测试_新版电解槽_ion_firecloud_[40, 42, 44, 46].xlsx  times=[40, 42, 44, 46]
      → B(idx=363) 20241107_0.1ppm钙离子污染及恢复测试_新版电解槽_ion_firecloud_[40, 42, 44, 46].xlsx  times=[40, 42, 44, 46]  dummy=True
  [17] A(idx=527) 20240910_10ppm钙离子污染测试_新版电解槽_ion_column_gamry_[0, 2, 4, 6].xlsx  times=[0, 2, 4, 6]
      → B(idx=1) 20240910_10ppm钙离子污染测试_新版电解槽_ion_column_gamry_[2, 4, 6, 8].xlsx  times=[2, 4, 6, 8]  dummy=False
  [18] A(idx=1) 20240910_10ppm钙离子污染测试_新版电解槽_ion_column_gamry_[2, 4, 6, 8].xlsx  times=[2, 4, 6, 8]
      → B(idx=594) 20240910_10ppm钙离子污染测试_新版电解槽_ion_column_gamry_[4, 6, 8, 10].xlsx  times=[4, 6, 8, 10]  dummy=False
  [19] A(idx=594) 20240910_10ppm钙离子污染测试_新版电解槽_ion_column_gamry_[4, 6, 8, 10].xlsx  times=[4, 6, 8, 10]
      → B(idx=570) 20240910_10ppm钙离子污染测试_新版电解槽_ion_column_gamry_[6, 8, 10, 12].xlsx  times=[6, 8, 10, 12]  dummy=False
  [20] A(idx=570) 20240910_10ppm钙离子污染测试_新版电解槽_ion_column_gamry_[6, 8, 10, 12].xlsx  times=[6, 8, 10, 12]
      → B(idx=453) 20240910_10ppm钙离子污染测试_新版电解槽_ion_column_gamry_[8, 10, 12, 14].xlsx  times=[8, 10, 12, 14]  dummy=False
  [21] A(idx=453) 20240910_10ppm钙离子污染测试_新版电解槽_ion_column_gamry_[8, 10, 12, 14].xlsx  times=[8, 10, 12, 14]
      → B(idx=450) 20240910_10ppm钙离子污染测试_新版电解槽_ion_column_gamry_[10, 12, 14, 16].xlsx  times=[10, 12, 14, 16]  dummy=False
  [22] A(idx=450) 20240910_10ppm钙离子污染测试_新版电解槽_ion_column_gamry_[10, 12, 14, 16].xlsx  times=[10, 12, 14, 16]
      → B(idx=170) 20240910_10ppm钙离子污染测试_新版电解槽_ion_column_gamry_[12, 14, 16, 18].xlsx  times=[12, 14, 16, 18]  dummy=False
  [23] A(idx=170) 20240910_10ppm钙离子污染测试_新版电解槽_ion_column_gamry_[12, 14, 16, 18].xlsx  times=[12, 14, 16, 18]
      → B(idx=402) 20240910_10ppm钙离子污染测试_新版电解槽_ion_column_gamry_[14, 16, 18, 20].xlsx  times=[14, 16, 18, 20]  dummy=False
  [24] A(idx=402) 20240910_10ppm钙离子污染测试_新版电解槽_ion_column_gamry_[14, 16, 18, 20].xlsx  times=[14, 16, 18, 20]
      → B(idx=402) 20240910_10ppm钙离子污染测试_新版电解槽_ion_column_gamry_[14, 16, 18, 20].xlsx  times=[14, 16, 18, 20]  dummy=True
  [25] A(idx=103) 20241006_2ppm铬离子污染测试_旧版电解槽_ion_firecloud_[0, 2, 4, 6].xlsx  times=[0, 2, 4, 6]
      → B(idx=604) 20241006_2ppm铬离子污染测试_旧版电解槽_ion_firecloud_[2, 4, 6, 8].xlsx  times=[2, 4, 6, 8]  dummy=False
  [26] A(idx=604) 20241006_2ppm铬离子污染测试_旧版电解槽_ion_firecloud_[2, 4, 6, 8].xlsx  times=[2, 4, 6, 8]
      → B(idx=604) 20241006_2ppm铬离子污染测试_旧版电解槽_ion_firecloud_[2, 4, 6, 8].xlsx  times=[2, 4, 6, 8]  dummy=True
  [27] A(idx=649) 20241006_2ppm铬离子污染测试_旧版电解槽_ion_firecloud_[14, 16, 18, 20].xlsx  times=[14, 16, 18, 20]
      → B(idx=592) 20241006_2ppm铬离子污染测试_旧版电解槽_ion_firecloud_[16, 18, 20, 22].xlsx  times=[16, 18, 20, 22]  dummy=False
  [28] A(idx=592) 20241006_2ppm铬离子污染测试_旧版电解槽_ion_firecloud_[16, 18, 20, 22].xlsx  times=[16, 18, 20, 22]
      → B(idx=37) 20241006_2ppm铬离子污染测试_旧版电解槽_ion_firecloud_[18, 20, 22, 24].xlsx  times=[18, 20, 22, 24]  dummy=False
  [29] A(idx=37) 20241006_2ppm铬离子污染测试_旧版电解槽_ion_firecloud_[18, 20, 22, 24].xlsx  times=[18, 20, 22, 24]
      → B(idx=472) 20241006_2ppm铬离子污染测试_旧版电解槽_ion_firecloud_[20, 22, 24, 26].xlsx  times=[20, 22, 24, 26]  dummy=False
  [30] A(idx=472) 20241006_2ppm铬离子污染测试_旧版电解槽_ion_firecloud_[20, 22, 24, 26].xlsx  times=[20, 22, 24, 26]
      → B(idx=2) 20241006_2ppm铬离子污染测试_旧版电解槽_ion_firecloud_[22, 24, 26, 28].xlsx  times=[22, 24, 26, 28]  dummy=False
  [31] A(idx=2) 20241006_2ppm铬离子污染测试_旧版电解槽_ion_firecloud_[22, 24, 26, 28].xlsx  times=[22, 24, 26, 28]
      → B(idx=96) 20241006_2ppm铬离子污染测试_旧版电解槽_ion_firecloud_[24, 26, 28, 30].xlsx  times=[24, 26, 28, 30]  dummy=False
  [32] A(idx=96) 20241006_2ppm铬离子污染测试_旧版电解槽_ion_firecloud_[24, 26, 28, 30].xlsx  times=[24, 26, 28, 30]
      → B(idx=287) 20241006_2ppm铬离子污染测试_旧版电解槽_ion_firecloud_[26, 28, 30, 32].xlsx  times=[26, 28, 30, 32]  dummy=False
  [33] A(idx=287) 20241006_2ppm铬离子污染测试_旧版电解槽_ion_firecloud_[26, 28, 30, 32].xlsx  times=[26, 28, 30, 32]
      → B(idx=627) 20241006_2ppm铬离子污染测试_旧版电解槽_ion_firecloud_[28, 30, 32, 34].xlsx  times=[28, 30, 32, 34]  dummy=False
  [34] A(idx=627) 20241006_2ppm铬离子污染测试_旧版电解槽_ion_firecloud_[28, 30, 32, 34].xlsx  times=[28, 30, 32, 34]
      → B(idx=281) 20241006_2ppm铬离子污染测试_旧版电解槽_ion_firecloud_[30, 32, 34, 36].xlsx  times=[30, 32, 34, 36]  dummy=False
  [35] A(idx=281) 20241006_2ppm铬离子污染测试_旧版电解槽_ion_firecloud_[30, 32, 34, 36].xlsx  times=[30, 32, 34, 36]
      → B(idx=637) 20241006_2ppm铬离子污染测试_旧版电解槽_ion_firecloud_[32, 34, 36, 38].xlsx  times=[32, 34, 36, 38]  dummy=False
  [36] A(idx=637) 20241006_2ppm铬离子污染测试_旧版电解槽_ion_firecloud_[32, 34, 36, 38].xlsx  times=[32, 34, 36, 38]
      → B(idx=296) 20241006_2ppm铬离子污染测试_旧版电解槽_ion_firecloud_[34, 36, 38, 40].xlsx  times=[34, 36, 38, 40]  dummy=False
  [37] A(idx=296) 20241006_2ppm铬离子污染测试_旧版电解槽_ion_firecloud_[34, 36, 38, 40].xlsx  times=[34, 36, 38, 40]
      → B(idx=105) 20241006_2ppm铬离子污染测试_旧版电解槽_ion_firecloud_[36, 38, 40, 42].xlsx  times=[36, 38, 40, 42]  dummy=False
  [38] A(idx=105) 20241006_2ppm铬离子污染测试_旧版电解槽_ion_firecloud_[36, 38, 40, 42].xlsx  times=[36, 38, 40, 42]
      → B(idx=758) 20241006_2ppm铬离子污染测试_旧版电解槽_ion_firecloud_[38, 40, 42, 44].xlsx  times=[38, 40, 42, 44]  dummy=False
  [39] A(idx=758) 20241006_2ppm铬离子污染测试_旧版电解槽_ion_firecloud_[38, 40, 42, 44].xlsx  times=[38, 40, 42, 44]
      → B(idx=124) 20241006_2ppm铬离子污染测试_旧版电解槽_ion_firecloud_[40, 42, 44, 46].xlsx  times=[40, 42, 44, 46]  dummy=False
  [40] A(idx=124) 20241006_2ppm铬离子污染测试_旧版电解槽_ion_firecloud_[40, 42, 44, 46].xlsx  times=[40, 42, 44, 46]
      → B(idx=477) 20241006_2ppm铬离子污染测试_旧版电解槽_ion_firecloud_[42, 44, 46, 48].xlsx  times=[42, 44, 46, 48]  dummy=False
  [41] A(idx=477) 20241006_2ppm铬离子污染测试_旧版电解槽_ion_firecloud_[42, 44, 46, 48].xlsx  times=[42, 44, 46, 48]
      → B(idx=93) 20241006_2ppm铬离子污染测试_旧版电解槽_ion_firecloud_[44, 46, 48, 50].xlsx  times=[44, 46, 48, 50]  dummy=False
  [42] A(idx=93) 20241006_2ppm铬离子污染测试_旧版电解槽_ion_firecloud_[44, 46, 48, 50].xlsx  times=[44, 46, 48, 50]
      → B(idx=623) 20241006_2ppm铬离子污染测试_旧版电解槽_ion_firecloud_[46, 48, 50, 52].xlsx  times=[46, 48, 50, 52]  dummy=False
  [43] A(idx=623) 20241006_2ppm铬离子污染测试_旧版电解槽_ion_firecloud_[46, 48, 50, 52].xlsx  times=[46, 48, 50, 52]
      → B(idx=623) 20241006_2ppm铬离子污染测试_旧版电解槽_ion_firecloud_[46, 48, 50, 52].xlsx  times=[46, 48, 50, 52]  dummy=True
  [44] A(idx=628) 20241117_2ppm钠离子污染及恢复测试40摄氏度_新版电解槽_ion_gamry_[12, 14, 16, 18].xlsx  times=[12, 14, 16, 18]
      → B(idx=51) 20241117_2ppm钠离子污染及恢复测试40摄氏度_新版电解槽_ion_gamry_[14, 16, 18, 20].xlsx  times=[14, 16, 18, 20]  dummy=False
  [45] A(idx=51) 20241117_2ppm钠离子污染及恢复测试40摄氏度_新版电解槽_ion_gamry_[14, 16, 18, 20].xlsx  times=[14, 16, 18, 20]
      → B(idx=622) 20241117_2ppm钠离子污染及恢复测试40摄氏度_新版电解槽_ion_gamry_[16, 18, 20, 22].xlsx  times=[16, 18, 20, 22]  dummy=False
  [46] A(idx=622) 20241117_2ppm钠离子污染及恢复测试40摄氏度_新版电解槽_ion_gamry_[16, 18, 20, 22].xlsx  times=[16, 18, 20, 22]
      → B(idx=577) 20241117_2ppm钠离子污染及恢复测试40摄氏度_新版电解槽_ion_gamry_[18, 20, 22, 24].xlsx  times=[18, 20, 22, 24]  dummy=False
  [47] A(idx=577) 20241117_2ppm钠离子污染及恢复测试40摄氏度_新版电解槽_ion_gamry_[18, 20, 22, 24].xlsx  times=[18, 20, 22, 24]
      → B(idx=168) 20241117_2ppm钠离子污染及恢复测试40摄氏度_新版电解槽_ion_gamry_[20, 22, 24, 26].xlsx  times=[20, 22, 24, 26]  dummy=False
  [48] A(idx=168) 20241117_2ppm钠离子污染及恢复测试40摄氏度_新版电解槽_ion_gamry_[20, 22, 24, 26].xlsx  times=[20, 22, 24, 26]
      → B(idx=3) 20241117_2ppm钠离子污染及恢复测试40摄氏度_新版电解槽_ion_gamry_[22, 24, 26, 28].xlsx  times=[22, 24, 26, 28]  dummy=False
  [49] A(idx=3) 20241117_2ppm钠离子污染及恢复测试40摄氏度_新版电解槽_ion_gamry_[22, 24, 26, 28].xlsx  times=[22, 24, 26, 28]
      → B(idx=496) 20241117_2ppm钠离子污染及恢复测试40摄氏度_新版电解槽_ion_gamry_[24, 26, 28, 30].xlsx  times=[24, 26, 28, 30]  dummy=False
  [50] A(idx=496) 20241117_2ppm钠离子污染及恢复测试40摄氏度_新版电解槽_ion_gamry_[24, 26, 28, 30].xlsx  times=[24, 26, 28, 30]
      → B(idx=39) 20241117_2ppm钠离子污染及恢复测试40摄氏度_新版电解槽_ion_gamry_[26, 28, 30, 32].xlsx  times=[26, 28, 30, 32]  dummy=False

[PairDataset][Summary]
- total files:        784
- parsed OK:          784
- regex fail:         0
- parse times fail:   0
- empty times:        0
- total pairs:        784  (keep_unpaired=self)
- distinct prefixes:  97
- prefixes coverage (first few):
  [1] 20241107_0.1ppm钙离子污染及恢复测试_新版电解槽_ion_firecloud_[* -> windows=16, adj_pairs=10/15
  [2] 20240910_10ppm钙离子污染测试_新版电解槽_ion_column_gamry_[* -> windows=8, adj_pairs=5/7
  [3] 20241006_2ppm铬离子污染测试_旧版电解槽_ion_firecloud_[* -> windows=19, adj_pairs=14/18
  [4] 20241117_2ppm钠离子污染及恢复测试40摄氏度_新版电解槽_ion_gamry_[* -> windows=14, adj_pairs=11/13
  [5] 20241227_10ppm铜离子污染及恢复测试_旧版电解槽_ion_gamry_[* -> windows=16, adj_pairs=10/15
  [6] 20241003_2ppm镍离子污染测试_新版电解槽_ion_gamry_[* -> windows=9, adj_pairs=2/8
  [7] 20241112_2ppm钠离子污染和恢复测试80摄氏度_新版电解槽_ion_column_renew_H2SO4_gamry_[* -> windows=14, adj_pairs=11/13
  [8] 20240910_10ppm钙离子污染测试_新版电解槽_ion_gamry_[* -> windows=12, adj_pairs=3/11
  [9] 20241213_2ppm钠离子污染及恢复测试_新版电解槽_ion_column_renew_H2SO4_gamry_[* -> windows=7, adj_pairs=4/6
  [10] 20241010_2ppm钠离子污染测试_新版电解槽_ion_firecloud_[* -> windows=10, adj_pairs=4/9
- unadjacent gaps samples: 143 (showing first 0)

[PairDataset][Explain] focus_prefix_contains='20240915_2ppm铜离子污染测试_旧版电解槽_ion_firecloud_'
  - PREFIX: 20240915_2ppm铜离子污染测试_旧版电解槽_ion_firecloud_[* windows=11
    windows (sorted by first,last):
      · 20240915_2ppm铜离子污染测试_旧版电解槽_ion_firecloud_[0, 2, 4, 6].xlsx  -> times=[0, 2, 4, 6]  first=0 last=6
      · 20240915_2ppm铜离子污染测试_旧版电解槽_ion_firecloud_[2, 4, 6, 8].xlsx  -> times=[2, 4, 6, 8]  first=2 last=8
      · 20240915_2ppm铜离子污染测试_旧版电解槽_ion_firecloud_[4, 6, 8, 10].xlsx  -> times=[4, 6, 8, 10]  first=4 last=10
      · 20240915_2ppm铜离子污染测试_旧版电解槽_ion_firecloud_[6, 8, 10, 12].xlsx  -> times=[6, 8, 10, 12]  first=6 last=12
      · 20240915_2ppm铜离子污染测试_旧版电解槽_ion_firecloud_[8, 10, 12, 14].xlsx  -> times=[8, 10, 12, 14]  first=8 last=14
      · 20240915_2ppm铜离子污染测试_旧版电解槽_ion_firecloud_[10, 12, 14, 16].xlsx  -> times=[10, 12, 14, 16]  first=10 last=16
      · 20240915_2ppm铜离子污染测试_旧版电解槽_ion_firecloud_[12, 14, 16, 18].xlsx  -> times=[12, 14, 16, 18]  first=12 last=18
      · 20240915_2ppm铜离子污染测试_旧版电解槽_ion_firecloud_[14, 16, 18, 20].xlsx  -> times=[14, 16, 18, 20]  first=14 last=20
      · 20240915_2ppm铜离子污染测试_旧版电解槽_ion_firecloud_[16, 18, 20, 22].xlsx  -> times=[16, 18, 20, 22]  first=16 last=22
      · 20240915_2ppm铜离子污染测试_旧版电解槽_ion_firecloud_[18, 20, 22, 24].xlsx  -> times=[18, 20, 22, 24]  first=18 last=24
      · 20240915_2ppm铜离子污染测试_旧版电解槽_ion_firecloud_[20, 22, 24, 26].xlsx  -> times=[20, 22, 24, 26]  first=20 last=26
      MISS: 6 -> 2   (20240915_2ppm铜离子污染测试_旧版电解槽_ion_firecloud_[0, 2, 4, 6].xlsx  →  20240915_2ppm铜离子污染测试_旧版电解槽_ion_firecloud_[2, 4, 6, 8].xlsx)
      MISS: 8 -> 4   (20240915_2ppm铜离子污染测试_旧版电解槽_ion_firecloud_[2, 4, 6, 8].xlsx  →  20240915_2ppm铜离子污染测试_旧版电解槽_ion_firecloud_[4, 6, 8, 10].xlsx)
      MISS: 10 -> 6   (20240915_2ppm铜离子污染测试_旧版电解槽_ion_firecloud_[4, 6, 8, 10].xlsx  →  20240915_2ppm铜离子污染测试_旧版电解槽_ion_firecloud_[6, 8, 10, 12].xlsx)
      MISS: 12 -> 8   (20240915_2ppm铜离子污染测试_旧版电解槽_ion_firecloud_[6, 8, 10, 12].xlsx  →  20240915_2ppm铜离子污染测试_旧版电解槽_ion_firecloud_[8, 10, 12, 14].xlsx)
      MISS: 14 -> 10   (20240915_2ppm铜离子污染测试_旧版电解槽_ion_firecloud_[8, 10, 12, 14].xlsx  →  20240915_2ppm铜离子污染测试_旧版电解槽_ion_firecloud_[10, 12, 14, 16].xlsx)
      MISS: 16 -> 12   (20240915_2ppm铜离子污染测试_旧版电解槽_ion_firecloud_[10, 12, 14, 16].xlsx  →  20240915_2ppm铜离子污染测试_旧版电解槽_ion_firecloud_[12, 14, 16, 18].xlsx)
      MISS: 18 -> 14   (20240915_2ppm铜离子污染测试_旧版电解槽_ion_firecloud_[12, 14, 16, 18].xlsx  →  20240915_2ppm铜离子污染测试_旧版电解槽_ion_firecloud_[14, 16, 18, 20].xlsx)
      MISS: 20 -> 16   (20240915_2ppm铜离子污染测试_旧版电解槽_ion_firecloud_[14, 16, 18, 20].xlsx  →  20240915_2ppm铜离子污染测试_旧版电解槽_ion_firecloud_[16, 18, 20, 22].xlsx)
      MISS: 22 -> 18   (20240915_2ppm铜离子污染测试_旧版电解槽_ion_firecloud_[16, 18, 20, 22].xlsx  →  20240915_2ppm铜离子污染测试_旧版电解槽_ion_firecloud_[18, 20, 22, 24].xlsx)
      MISS: 24 -> 20   (20240915_2ppm铜离子污染测试_旧版电解槽_ion_firecloud_[18, 20, 22, 24].xlsx  →  20240915_2ppm铜离子污染测试_旧版电解槽_ion_firecloud_[20, 22, 24, 26].xlsx)

[PairDataset][Example pairs] (show up to 50)
  [1] A(idx=0) 20240918_2ppm钙离子污染测试_新版电解槽_ion_gamry_[10, 12, 14, 16].xlsx  times=[10, 12, 14, 16]
      → B(idx=0) 20240918_2ppm钙离子污染测试_新版电解槽_ion_gamry_[10, 12, 14, 16].xlsx  times=[10, 12, 14, 16]  dummy=True
  [2] A(idx=92) 20240918_2ppm钙离子污染测试_新版电解槽_ion_gamry_[14, 16, 18, 20].xlsx  times=[14, 16, 18, 20]
      → B(idx=92) 20240918_2ppm钙离子污染测试_新版电解槽_ion_gamry_[14, 16, 18, 20].xlsx  times=[14, 16, 18, 20]  dummy=True
  [3] A(idx=1) 20241028_2ppm钠离子污染和恢复测试_旧版电解槽_ion_column_renew_H2SO4_gamry_[2, 4, 6, 8].xlsx  times=[2, 4, 6, 8]
      → B(idx=94) 20241028_2ppm钠离子污染和恢复测试_旧版电解槽_ion_column_renew_H2SO4_gamry_[4, 6, 8, 10].xlsx  times=[4, 6, 8, 10]  dummy=False
  [4] A(idx=94) 20241028_2ppm钠离子污染和恢复测试_旧版电解槽_ion_column_renew_H2SO4_gamry_[4, 6, 8, 10].xlsx  times=[4, 6, 8, 10]
      → B(idx=94) 20241028_2ppm钠离子污染和恢复测试_旧版电解槽_ion_column_renew_H2SO4_gamry_[4, 6, 8, 10].xlsx  times=[4, 6, 8, 10]  dummy=True
  [5] A(idx=125) 20241010_2ppm钠离子污染测试_新版电解槽_ion_column_firecloud_[6, 8, 10, 12].xlsx  times=[6, 8, 10, 12]
      → B(idx=2) 20241010_2ppm钠离子污染测试_新版电解槽_ion_column_firecloud_[8, 10, 12, 14].xlsx  times=[8, 10, 12, 14]  dummy=False
  [6] A(idx=2) 20241010_2ppm钠离子污染测试_新版电解槽_ion_column_firecloud_[8, 10, 12, 14].xlsx  times=[8, 10, 12, 14]
      → B(idx=2) 20241010_2ppm钠离子污染测试_新版电解槽_ion_column_firecloud_[8, 10, 12, 14].xlsx  times=[8, 10, 12, 14]  dummy=True
  [7] A(idx=20) 20241101_2ppm铜离子污染和恢复测试_旧版电解槽_ion_firecloud_[0, 2, 4, 6].xlsx  times=[0, 2, 4, 6]
      → B(idx=20) 20241101_2ppm铜离子污染和恢复测试_旧版电解槽_ion_firecloud_[0, 2, 4, 6].xlsx  times=[0, 2, 4, 6]  dummy=True
  [8] A(idx=3) 20241101_2ppm铜离子污染和恢复测试_旧版电解槽_ion_firecloud_[10, 12, 14, 16].xlsx  times=[10, 12, 14, 16]
      → B(idx=3) 20241101_2ppm铜离子污染和恢复测试_旧版电解槽_ion_firecloud_[10, 12, 14, 16].xlsx  times=[10, 12, 14, 16]  dummy=True
  [9] A(idx=31) 20241101_2ppm铜离子污染和恢复测试_旧版电解槽_ion_firecloud_[20, 22, 24, 26].xlsx  times=[20, 22, 24, 26]
      → B(idx=31) 20241101_2ppm铜离子污染和恢复测试_旧版电解槽_ion_firecloud_[20, 22, 24, 26].xlsx  times=[20, 22, 24, 26]  dummy=True
  [10] A(idx=48) 20240831_10ppm镍离子污染测试_新版电解槽_ion_gamry_[0, 2, 4, 6].xlsx  times=[0, 2, 4, 6]
      → B(idx=48) 20240831_10ppm镍离子污染测试_新版电解槽_ion_gamry_[0, 2, 4, 6].xlsx  times=[0, 2, 4, 6]  dummy=True
  [11] A(idx=41) 20240831_10ppm镍离子污染测试_新版电解槽_ion_gamry_[4, 6, 8, 10].xlsx  times=[4, 6, 8, 10]
      → B(idx=41) 20240831_10ppm镍离子污染测试_新版电解槽_ion_gamry_[4, 6, 8, 10].xlsx  times=[4, 6, 8, 10]  dummy=True
  [12] A(idx=139) 20240831_10ppm镍离子污染测试_新版电解槽_ion_gamry_[16, 18, 20, 22].xlsx  times=[16, 18, 20, 22]
      → B(idx=4) 20240831_10ppm镍离子污染测试_新版电解槽_ion_gamry_[18, 20, 22, 24].xlsx  times=[18, 20, 22, 24]  dummy=False
  [13] A(idx=4) 20240831_10ppm镍离子污染测试_新版电解槽_ion_gamry_[18, 20, 22, 24].xlsx  times=[18, 20, 22, 24]
      → B(idx=4) 20240831_10ppm镍离子污染测试_新版电解槽_ion_gamry_[18, 20, 22, 24].xlsx  times=[18, 20, 22, 24]  dummy=True
  [14] A(idx=5) 20241122_2ppm铜离子污染及恢复测试40摄氏度_新版电解槽_ion_column_renew_H2SO4_gamry_[14, 16, 18, 20].xlsx  times=[14, 16, 18, 20]
      → B(idx=5) 20241122_2ppm铜离子污染及恢复测试40摄氏度_新版电解槽_ion_column_renew_H2SO4_gamry_[14, 16, 18, 20].xlsx  times=[14, 16, 18, 20]  dummy=True
  [15] A(idx=93) 20241010_2ppm钠离子污染测试_新版电解槽_ion_firecloud_[4, 6, 8, 10].xlsx  times=[4, 6, 8, 10]
      → B(idx=93) 20241010_2ppm钠离子污染测试_新版电解槽_ion_firecloud_[4, 6, 8, 10].xlsx  times=[4, 6, 8, 10]  dummy=True
  [16] A(idx=104) 20241010_2ppm钠离子污染测试_新版电解槽_ion_firecloud_[12, 14, 16, 18].xlsx  times=[12, 14, 16, 18]
      → B(idx=104) 20241010_2ppm钠离子污染测试_新版电解槽_ion_firecloud_[12, 14, 16, 18].xlsx  times=[12, 14, 16, 18]  dummy=True
  [17] A(idx=135) 20241010_2ppm钠离子污染测试_新版电解槽_ion_firecloud_[16, 18, 20, 22].xlsx  times=[16, 18, 20, 22]
      → B(idx=135) 20241010_2ppm钠离子污染测试_新版电解槽_ion_firecloud_[16, 18, 20, 22].xlsx  times=[16, 18, 20, 22]  dummy=True
  [18] A(idx=6) 20241010_2ppm钠离子污染测试_新版电解槽_ion_firecloud_[36, 38, 40, 42].xlsx  times=[36, 38, 40, 42]
      → B(idx=6) 20241010_2ppm钠离子污染测试_新版电解槽_ion_firecloud_[36, 38, 40, 42].xlsx  times=[36, 38, 40, 42]  dummy=True
  [19] A(idx=55) 20241029_2ppm铁离子污染和恢复测试_新版电解槽_ion_firecloud_[26, 28, 30, 32].xlsx  times=[26, 28, 30, 32]
      → B(idx=55) 20241029_2ppm铁离子污染和恢复测试_新版电解槽_ion_firecloud_[26, 28, 30, 32].xlsx  times=[26, 28, 30, 32]  dummy=True
  [20] A(idx=7) 20241029_2ppm铁离子污染和恢复测试_新版电解槽_ion_firecloud_[30, 32, 34, 36].xlsx  times=[30, 32, 34, 36]
      → B(idx=7) 20241029_2ppm铁离子污染和恢复测试_新版电解槽_ion_firecloud_[30, 32, 34, 36].xlsx  times=[30, 32, 34, 36]  dummy=True
  [21] A(idx=141) 20241029_2ppm铁离子污染和恢复测试_新版电解槽_ion_firecloud_[34, 36, 38, 40].xlsx  times=[34, 36, 38, 40]
      → B(idx=141) 20241029_2ppm铁离子污染和恢复测试_新版电解槽_ion_firecloud_[34, 36, 38, 40].xlsx  times=[34, 36, 38, 40]  dummy=True
  [22] A(idx=47) 20241029_2ppm铁离子污染和恢复测试_新版电解槽_ion_firecloud_[46, 48, 50, 52].xlsx  times=[46, 48, 50, 52]
      → B(idx=47) 20241029_2ppm铁离子污染和恢复测试_新版电解槽_ion_firecloud_[46, 48, 50, 52].xlsx  times=[46, 48, 50, 52]  dummy=True
  [23] A(idx=8) 20241227_10ppm铜离子污染及恢复测试_旧版电解槽_ion_column_renew_H2SO4_gamry_[8, 10, 12, 14].xlsx  times=[8, 10, 12, 14]
      → B(idx=8) 20241227_10ppm铜离子污染及恢复测试_旧版电解槽_ion_column_renew_H2SO4_gamry_[8, 10, 12, 14].xlsx  times=[8, 10, 12, 14]  dummy=True
  [24] A(idx=88) 20241227_10ppm铜离子污染及恢复测试_旧版电解槽_ion_column_renew_H2SO4_gamry_[24, 26, 28, 30].xlsx  times=[24, 26, 28, 30]
      → B(idx=134) 20241227_10ppm铜离子污染及恢复测试_旧版电解槽_ion_column_renew_H2SO4_gamry_[26, 28, 30, 32].xlsx  times=[26, 28, 30, 32]  dummy=False
  [25] A(idx=134) 20241227_10ppm铜离子污染及恢复测试_旧版电解槽_ion_column_renew_H2SO4_gamry_[26, 28, 30, 32].xlsx  times=[26, 28, 30, 32]
      → B(idx=134) 20241227_10ppm铜离子污染及恢复测试_旧版电解槽_ion_column_renew_H2SO4_gamry_[26, 28, 30, 32].xlsx  times=[26, 28, 30, 32]  dummy=True
  [26] A(idx=27) 20241017_2ppm铬离子污染和恢复测试_新版电解槽_ion_gamry_[0, 2, 4, 6].xlsx  times=[0, 2, 4, 6]
      → B(idx=27) 20241017_2ppm铬离子污染和恢复测试_新版电解槽_ion_gamry_[0, 2, 4, 6].xlsx  times=[0, 2, 4, 6]  dummy=True
  [27] A(idx=9) 20241017_2ppm铬离子污染和恢复测试_新版电解槽_ion_gamry_[20, 22, 24, 26].xlsx  times=[20, 22, 24, 26]
      → B(idx=9) 20241017_2ppm铬离子污染和恢复测试_新版电解槽_ion_gamry_[20, 22, 24, 26].xlsx  times=[20, 22, 24, 26]  dummy=True
  [28] A(idx=10) 20241024_2ppm铁离子污染和恢复测试_新版电解槽_ion_column_renew_H2SO4_firecloud_[12, 14, 16, 18].xlsx  times=[12, 14, 16, 18]
      → B(idx=10) 20241024_2ppm铁离子污染和恢复测试_新版电解槽_ion_column_renew_H2SO4_firecloud_[12, 14, 16, 18].xlsx  times=[12, 14, 16, 18]  dummy=True
  [29] A(idx=136) 20241024_2ppm铁离子污染和恢复测试_新版电解槽_ion_column_renew_H2SO4_firecloud_[18, 20, 22, 24].xlsx  times=[18, 20, 22, 24]
      → B(idx=136) 20241024_2ppm铁离子污染和恢复测试_新版电解槽_ion_column_renew_H2SO4_firecloud_[18, 20, 22, 24].xlsx  times=[18, 20, 22, 24]  dummy=True
  [30] A(idx=11) 20241117_2ppm钠离子污染及恢复测试10mlmin_旧版电解槽_ion_gamry_[2, 4, 6, 8].xlsx  times=[2, 4, 6, 8]
      → B(idx=11) 20241117_2ppm钠离子污染及恢复测试10mlmin_旧版电解槽_ion_gamry_[2, 4, 6, 8].xlsx  times=[2, 4, 6, 8]  dummy=True
  [31] A(idx=140) 20241117_2ppm钠离子污染及恢复测试10mlmin_旧版电解槽_ion_gamry_[10, 12, 14, 16].xlsx  times=[10, 12, 14, 16]
      → B(idx=140) 20241117_2ppm钠离子污染及恢复测试10mlmin_旧版电解槽_ion_gamry_[10, 12, 14, 16].xlsx  times=[10, 12, 14, 16]  dummy=True
  [32] A(idx=78) 20241117_2ppm钠离子污染及恢复测试10mlmin_旧版电解槽_ion_gamry_[30, 32, 34, 36].xlsx  times=[30, 32, 34, 36]
      → B(idx=78) 20241117_2ppm钠离子污染及恢复测试10mlmin_旧版电解槽_ion_gamry_[30, 32, 34, 36].xlsx  times=[30, 32, 34, 36]  dummy=True
  [33] A(idx=138) 20241211_2ppm铜离子污染及恢复测试80摄氏度_旧版电解槽_ion_gamry_[28, 30, 32, 34].xlsx  times=[28, 30, 32, 34]
      → B(idx=138) 20241211_2ppm铜离子污染及恢复测试80摄氏度_旧版电解槽_ion_gamry_[28, 30, 32, 34].xlsx  times=[28, 30, 32, 34]  dummy=True
  [34] A(idx=12) 20241211_2ppm铜离子污染及恢复测试80摄氏度_旧版电解槽_ion_gamry_[32, 34, 36, 38].xlsx  times=[32, 34, 36, 38]
      → B(idx=12) 20241211_2ppm铜离子污染及恢复测试80摄氏度_旧版电解槽_ion_gamry_[32, 34, 36, 38].xlsx  times=[32, 34, 36, 38]  dummy=True
  [35] A(idx=108) 20241211_2ppm铜离子污染及恢复测试80摄氏度_旧版电解槽_ion_gamry_[38, 40, 42, 44].xlsx  times=[38, 40, 42, 44]
      → B(idx=108) 20241211_2ppm铜离子污染及恢复测试80摄氏度_旧版电解槽_ion_gamry_[38, 40, 42, 44].xlsx  times=[38, 40, 42, 44]  dummy=True
  [36] A(idx=143) 20241213_2ppm钠离子污染及恢复测试_新版电解槽_ion_gamry_[0, 2, 4, 6].xlsx  times=[0, 2, 4, 6]
      → B(idx=70) 20241213_2ppm钠离子污染及恢复测试_新版电解槽_ion_gamry_[2, 4, 6, 8].xlsx  times=[2, 4, 6, 8]  dummy=False
  [37] A(idx=70) 20241213_2ppm钠离子污染及恢复测试_新版电解槽_ion_gamry_[2, 4, 6, 8].xlsx  times=[2, 4, 6, 8]
      → B(idx=70) 20241213_2ppm钠离子污染及恢复测试_新版电解槽_ion_gamry_[2, 4, 6, 8].xlsx  times=[2, 4, 6, 8]  dummy=True
  [38] A(idx=13) 20241213_2ppm钠离子污染及恢复测试_新版电解槽_ion_gamry_[22, 24, 26, 28].xlsx  times=[22, 24, 26, 28]
      → B(idx=13) 20241213_2ppm钠离子污染及恢复测试_新版电解槽_ion_gamry_[22, 24, 26, 28].xlsx  times=[22, 24, 26, 28]  dummy=True
  [39] A(idx=14) 20240822_10ppm铜离子污染测试_新版电解槽_ion_gamry_[10, 12, 14, 16].xlsx  times=[10, 12, 14, 16]
      → B(idx=14) 20240822_10ppm铜离子污染测试_新版电解槽_ion_gamry_[10, 12, 14, 16].xlsx  times=[10, 12, 14, 16]  dummy=True
  [40] A(idx=51) 20241112_2ppm钠离子污染和恢复测试80摄氏度_新版电解槽_ion_gamry_[28, 30, 32, 34].xlsx  times=[28, 30, 32, 34]
      → B(idx=51) 20241112_2ppm钠离子污染和恢复测试80摄氏度_新版电解槽_ion_gamry_[28, 30, 32, 34].xlsx  times=[28, 30, 32, 34]  dummy=True
  [41] A(idx=126) 20241112_2ppm钠离子污染和恢复测试80摄氏度_新版电解槽_ion_gamry_[34, 36, 38, 40].xlsx  times=[34, 36, 38, 40]
      → B(idx=15) 20241112_2ppm钠离子污染和恢复测试80摄氏度_新版电解槽_ion_gamry_[36, 38, 40, 42].xlsx  times=[36, 38, 40, 42]  dummy=False
  [42] A(idx=15) 20241112_2ppm钠离子污染和恢复测试80摄氏度_新版电解槽_ion_gamry_[36, 38, 40, 42].xlsx  times=[36, 38, 40, 42]
      → B(idx=15) 20241112_2ppm钠离子污染和恢复测试80摄氏度_新版电解槽_ion_gamry_[36, 38, 40, 42].xlsx  times=[36, 38, 40, 42]  dummy=True
  [43] A(idx=16) 20240831_10ppm镍离子污染测试_新版电解槽_ion_column_gamry_[0, 2, 4, 6].xlsx  times=[0, 2, 4, 6]
      → B(idx=16) 20240831_10ppm镍离子污染测试_新版电解槽_ion_column_gamry_[0, 2, 4, 6].xlsx  times=[0, 2, 4, 6]  dummy=True
  [44] A(idx=17) 20241112_2ppm镍离子污染及恢复测试_旧版电解槽_ion_column_gamry_[12, 14, 16, 18].xlsx  times=[12, 14, 16, 18]
      → B(idx=17) 20241112_2ppm镍离子污染及恢复测试_旧版电解槽_ion_column_gamry_[12, 14, 16, 18].xlsx  times=[12, 14, 16, 18]  dummy=True
  [45] A(idx=18) 20241013_2ppm铝离子污染测试_新版电解槽_ion_column_firecloud_[8, 10, 12, 14].xlsx  times=[8, 10, 12, 14]
      → B(idx=18) 20241013_2ppm铝离子污染测试_新版电解槽_ion_column_firecloud_[8, 10, 12, 14].xlsx  times=[8, 10, 12, 14]  dummy=True
  [46] A(idx=90) 20241013_2ppm铝离子污染测试_新版电解槽_ion_column_firecloud_[16, 18, 20, 22].xlsx  times=[16, 18, 20, 22]
      → B(idx=90) 20241013_2ppm铝离子污染测试_新版电解槽_ion_column_firecloud_[16, 18, 20, 22].xlsx  times=[16, 18, 20, 22]  dummy=True
  [47] A(idx=19) 20241024_2ppm铁离子污染和恢复测试_新版电解槽_ion_column_firecloud_[2, 4, 6, 8].xlsx  times=[2, 4, 6, 8]
      → B(idx=19) 20241024_2ppm铁离子污染和恢复测试_新版电解槽_ion_column_firecloud_[2, 4, 6, 8].xlsx  times=[2, 4, 6, 8]  dummy=True
  [48] A(idx=56) 20241024_2ppm铁离子污染和恢复测试_新版电解槽_ion_column_firecloud_[10, 12, 14, 16].xlsx  times=[10, 12, 14, 16]
      → B(idx=56) 20241024_2ppm铁离子污染和恢复测试_新版电解槽_ion_column_firecloud_[10, 12, 14, 16].xlsx  times=[10, 12, 14, 16]  dummy=True
  [49] A(idx=67) 20241024_2ppm铁离子污染和恢复测试_新版电解槽_ion_column_firecloud_[18, 20, 22, 24].xlsx  times=[18, 20, 22, 24]
      → B(idx=67) 20241024_2ppm铁离子污染和恢复测试_新版电解槽_ion_column_firecloud_[18, 20, 22, 24].xlsx  times=[18, 20, 22, 24]  dummy=True
  [50] A(idx=21) 20240918_2ppm钙离子污染测试_新版电解槽_ion_column_gamry_[2, 4, 6, 8].xlsx  times=[2, 4, 6, 8]
      → B(idx=80) 20240918_2ppm钙离子污染测试_新版电解槽_ion_column_gamry_[4, 6, 8, 10].xlsx  times=[4, 6, 8, 10]  dummy=False

[PairDataset][Summary]
- total files:        146
- parsed OK:          146
- regex fail:         0
- parse times fail:   0
- empty times:        0
- total pairs:        146  (keep_unpaired=self)
- distinct prefixes:  77
- prefixes coverage (first few):
  [1] 20240918_2ppm钙离子污染测试_新版电解槽_ion_gamry_[* -> windows=2, adj_pairs=0/1
  [2] 20241028_2ppm钠离子污染和恢复测试_旧版电解槽_ion_column_renew_H2SO4_gamry_[* -> windows=2, adj_pairs=0/1
  [3] 20241010_2ppm钠离子污染测试_新版电解槽_ion_column_firecloud_[* -> windows=2, adj_pairs=0/1
  [4] 20241101_2ppm铜离子污染和恢复测试_旧版电解槽_ion_firecloud_[* -> windows=3, adj_pairs=0/2
  [5] 20240831_10ppm镍离子污染测试_新版电解槽_ion_gamry_[* -> windows=4, adj_pairs=0/3
  [6] 20241122_2ppm铜离子污染及恢复测试40摄氏度_新版电解槽_ion_column_renew_H2SO4_gamry_[* -> windows=1, adj_pairs=0/0
  [7] 20241010_2ppm钠离子污染测试_新版电解槽_ion_firecloud_[* -> windows=4, adj_pairs=0/3
  [8] 20241029_2ppm铁离子污染和恢复测试_新版电解槽_ion_firecloud_[* -> windows=4, adj_pairs=0/3
  [9] 20241227_10ppm铜离子污染及恢复测试_旧版电解槽_ion_column_renew_H2SO4_gamry_[* -> windows=3, adj_pairs=0/2
  [10] 20241017_2ppm铬离子污染和恢复测试_新版电解槽_ion_gamry_[* -> windows=2, adj_pairs=0/1
- unadjacent gaps samples: 132 (showing first 0)
num base train samples: 784
num base val   samples: 146
num pair train samples: 784
num pair val   samples: 146
dummy_mask[0] = False
🧩 新模型: 277,129 参数 (277,129 可训练)
📝 TensorBoard 日志目录: /home/kudouzala/Application/ion_detect/output/tensorboard/exp_new_d_num_tp2
🔥 Warmup: 100 epochs (LR × 0.01 → 1.0)
📈 Cosine Annealing LR 调度 (T_max=900)
[New] Epoch 1/1000 | classify: 5.1709 | voltage: 4.1024 | total: 5.3760
[New] Epoch 2/1000 | classify: 5.0401 | voltage: 3.8177 | total: 5.2310
[New] Epoch 3/1000 | classify: 4.9518 | voltage: 3.4757 | total: 5.1256
[New] Epoch 4/1000 | classify: 4.7030 | voltage: 2.9559 | total: 4.8508
[New] Epoch 5/1000 | classify: 4.4146 | voltage: 2.3913 | total: 4.5341
[New] Epoch 6/1000 | classify: 4.5512 | voltage: 1.8384 | total: 4.6431
[New] Epoch 7/1000 | classify: 4.5329 | voltage: 1.4037 | total: 4.6031
[New] Epoch 8/1000 | classify: 4.2880 | voltage: 1.0081 | total: 4.3384
[New] Epoch 9/1000 | classify: 4.1977 | voltage: 0.7058 | total: 4.2330
[New] Epoch 10/1000 | classify: 4.3072 | voltage: 0.4958 | total: 4.3320
--- 验证集 [epoch 10] ---
  准确率 (Accuracy):  0.4795
  精确率 (Precision): 0.0685
  召回率 (Recall):    0.1429
  F1 分数 (F1):       0.0926
✅ 模型已保存到 /home/kudouzala/Application/ion_detect/output/trained_model_save/exp_new_d_num_tp2/trained_model_epoch_best.pth
  🏆 新最佳 F1=0.0926，已保存 best 模型
[New] Epoch 11/1000 | classify: 4.2327 | voltage: 0.3730 | total: 4.2514
[New] Epoch 12/1000 | classify: 4.1401 | voltage: 0.2817 | total: 4.1542
[New] Epoch 13/1000 | classify: 4.0000 | voltage: 0.2309 | total: 4.0116
[New] Epoch 14/1000 | classify: 4.1416 | voltage: 0.1859 | total: 4.1509
[New] Epoch 15/1000 | classify: 3.9855 | voltage: 0.1746 | total: 3.9942
[New] Epoch 16/1000 | classify: 3.7446 | voltage: 0.1478 | total: 3.7520
[New] Epoch 17/1000 | classify: 3.6724 | voltage: 0.1448 | total: 3.6797
[New] Epoch 18/1000 | classify: 3.5907 | voltage: 0.1227 | total: 3.5968
[New] Epoch 19/1000 | classify: 3.7102 | voltage: 0.1027 | total: 3.7153
[New] Epoch 20/1000 | classify: 3.7571 | voltage: 0.1073 | total: 3.7624
--- 验证集 [epoch 20] ---
  准确率 (Accuracy):  0.5890
  精确率 (Precision): 0.2685
  召回率 (Recall):    0.3192
  F1 分数 (F1):       0.2805
✅ 模型已保存到 /home/kudouzala/Application/ion_detect/output/trained_model_save/exp_new_d_num_tp2/trained_model_epoch_best.pth
  🏆 新最佳 F1=0.2805，已保存 best 模型
[New] Epoch 21/1000 | classify: 3.7777 | voltage: 0.1109 | total: 3.7832
[New] Epoch 22/1000 | classify: 3.6013 | voltage: 0.0996 | total: 3.6063
[New] Epoch 23/1000 | classify: 3.5790 | voltage: 0.0950 | total: 3.5837
[New] Epoch 24/1000 | classify: 3.7581 | voltage: 0.0853 | total: 3.7623
[New] Epoch 25/1000 | classify: 3.6260 | voltage: 0.0897 | total: 3.6305
[New] Epoch 26/1000 | classify: 3.6709 | voltage: 0.0915 | total: 3.6755
[New] Epoch 27/1000 | classify: 3.4183 | voltage: 0.1094 | total: 3.4238
[New] Epoch 28/1000 | classify: 3.5806 | voltage: 0.0950 | total: 3.5854
[New] Epoch 29/1000 | classify: 3.5062 | voltage: 0.1014 | total: 3.5113
[New] Epoch 30/1000 | classify: 3.1308 | voltage: 0.0917 | total: 3.1354
--- 验证集 [epoch 30] ---
  准确率 (Accuracy):  0.5890
  精确率 (Precision): 0.3793
  召回率 (Recall):    0.3412
  F1 分数 (F1):       0.3033
✅ 模型已保存到 /home/kudouzala/Application/ion_detect/output/trained_model_save/exp_new_d_num_tp2/trained_model_epoch_best.pth
  🏆 新最佳 F1=0.3033，已保存 best 模型
[New] Epoch 31/1000 | classify: 3.3444 | voltage: 0.0741 | total: 3.3481
[New] Epoch 32/1000 | classify: 3.3601 | voltage: 0.0924 | total: 3.3647
[New] Epoch 33/1000 | classify: 2.9742 | voltage: 0.1021 | total: 2.9793
[New] Epoch 34/1000 | classify: 3.0895 | voltage: 0.0986 | total: 3.0945
[New] Epoch 35/1000 | classify: 3.2562 | voltage: 0.0881 | total: 3.2606
[New] Epoch 36/1000 | classify: 2.9298 | voltage: 0.0785 | total: 2.9337
[New] Epoch 37/1000 | classify: 2.9174 | voltage: 0.0900 | total: 2.9219
[New] Epoch 38/1000 | classify: 2.9973 | voltage: 0.0931 | total: 3.0020
[New] Epoch 39/1000 | classify: 2.7255 | voltage: 0.0866 | total: 2.7298
[New] Epoch 40/1000 | classify: 3.1635 | voltage: 0.0632 | total: 3.1666
--- 验证集 [epoch 40] ---
  准确率 (Accuracy):  0.6644
  精确率 (Precision): 0.5005
  召回率 (Recall):    0.5029
  F1 分数 (F1):       0.4659
✅ 模型已保存到 /home/kudouzala/Application/ion_detect/output/trained_model_save/exp_new_d_num_tp2/trained_model_epoch_best.pth
  🏆 新最佳 F1=0.4659，已保存 best 模型
[New] Epoch 41/1000 | classify: 2.7640 | voltage: 0.0726 | total: 2.7676
[New] Epoch 42/1000 | classify: 3.2818 | voltage: 0.0728 | total: 3.2855
[New] Epoch 43/1000 | classify: 2.7314 | voltage: 0.0871 | total: 2.7357
[New] Epoch 44/1000 | classify: 2.8990 | voltage: 0.0891 | total: 2.9034
[New] Epoch 45/1000 | classify: 2.8357 | voltage: 0.0926 | total: 2.8404
[New] Epoch 46/1000 | classify: 2.6709 | voltage: 0.0778 | total: 2.6748
[New] Epoch 47/1000 | classify: 2.8543 | voltage: 0.0875 | total: 2.8586
[New] Epoch 48/1000 | classify: 2.4834 | voltage: 0.1048 | total: 2.4886
[New] Epoch 49/1000 | classify: 2.9004 | voltage: 0.0959 | total: 2.9052
[New] Epoch 50/1000 | classify: 2.8634 | voltage: 0.0941 | total: 2.8681
--- 验证集 [epoch 50] ---
  准确率 (Accuracy):  0.6849
  精确率 (Precision): 0.6003
  召回率 (Recall):    0.5768
  F1 分数 (F1):       0.5605
✅ 模型已保存到 /home/kudouzala/Application/ion_detect/output/trained_model_save/exp_new_d_num_tp2/trained_model_epoch_best.pth
  🏆 新最佳 F1=0.5605，已保存 best 模型
✅ 模型已保存到 /home/kudouzala/Application/ion_detect/output/trained_model_save/exp_new_d_num_tp2/trained_model_epoch_50.pth
📁 损失值已保存到 /home/kudouzala/Application/ion_detect/output/trained_model_save/exp_new_d_num_tp2/training_loss_epoch_50.csv
[New] Epoch 51/1000 | classify: 2.6308 | voltage: 0.0830 | total: 2.6350
[New] Epoch 52/1000 | classify: 2.7748 | voltage: 0.0749 | total: 2.7785
[New] Epoch 53/1000 | classify: 2.5345 | voltage: 0.0987 | total: 2.5394
[New] Epoch 54/1000 | classify: 2.5530 | voltage: 0.0828 | total: 2.5571
[New] Epoch 55/1000 | classify: 2.5878 | voltage: 0.1048 | total: 2.5930
[New] Epoch 56/1000 | classify: 2.5680 | voltage: 0.0738 | total: 2.5717
[New] Epoch 57/1000 | classify: 2.4963 | voltage: 0.0887 | total: 2.5007
[New] Epoch 58/1000 | classify: 2.5676 | voltage: 0.0787 | total: 2.5715
[New] Epoch 59/1000 | classify: 2.5490 | voltage: 0.1056 | total: 2.5543
[New] Epoch 60/1000 | classify: 2.3868 | voltage: 0.0838 | total: 2.3910
--- 验证集 [epoch 60] ---
  准确率 (Accuracy):  0.6986
  精确率 (Precision): 0.6043
  召回率 (Recall):    0.5701
  F1 分数 (F1):       0.5574
[New] Epoch 61/1000 | classify: 2.3814 | voltage: 0.0898 | total: 2.3859
[New] Epoch 62/1000 | classify: 2.4415 | voltage: 0.0913 | total: 2.4461
[New] Epoch 63/1000 | classify: 2.3425 | voltage: 0.1022 | total: 2.3476
[New] Epoch 64/1000 | classify: 2.7088 | voltage: 0.0873 | total: 2.7131
[New] Epoch 65/1000 | classify: 2.3676 | voltage: 0.0726 | total: 2.3713
[New] Epoch 66/1000 | classify: 2.5249 | voltage: 0.0708 | total: 2.5284
[New] Epoch 67/1000 | classify: 2.1981 | voltage: 0.0979 | total: 2.2030
[New] Epoch 68/1000 | classify: 2.2952 | voltage: 0.0958 | total: 2.3000
[New] Epoch 69/1000 | classify: 2.2522 | voltage: 0.1099 | total: 2.2577
[New] Epoch 70/1000 | classify: 2.4218 | voltage: 0.1145 | total: 2.4275
--- 验证集 [epoch 70] ---
  准确率 (Accuracy):  0.7192
  精确率 (Precision): 0.6082
  召回率 (Recall):    0.6041
  F1 分数 (F1):       0.6019
✅ 模型已保存到 /home/kudouzala/Application/ion_detect/output/trained_model_save/exp_new_d_num_tp2/trained_model_epoch_best.pth
  🏆 新最佳 F1=0.6019，已保存 best 模型
[New] Epoch 71/1000 | classify: 2.5259 | voltage: 0.0933 | total: 2.5305
[New] Epoch 72/1000 | classify: 2.1667 | voltage: 0.0858 | total: 2.1710
[New] Epoch 73/1000 | classify: 2.3965 | voltage: 0.0921 | total: 2.4011
[New] Epoch 74/1000 | classify: 2.0867 | voltage: 0.0849 | total: 2.0909
[New] Epoch 75/1000 | classify: 2.0293 | voltage: 0.1088 | total: 2.0348
[New] Epoch 76/1000 | classify: 2.2153 | voltage: 0.0789 | total: 2.2193
[New] Epoch 77/1000 | classify: 2.0000 | voltage: 0.0994 | total: 2.0049
[New] Epoch 78/1000 | classify: 2.0262 | voltage: 0.1166 | total: 2.0320
[New] Epoch 79/1000 | classify: 1.9436 | voltage: 0.1000 | total: 1.9486
[New] Epoch 80/1000 | classify: 2.1295 | voltage: 0.0896 | total: 2.1340
--- 验证集 [epoch 80] ---
  准确率 (Accuracy):  0.7740
  精确率 (Precision): 0.7119
  召回率 (Recall):    0.6233
  F1 分数 (F1):       0.6349
✅ 模型已保存到 /home/kudouzala/Application/ion_detect/output/trained_model_save/exp_new_d_num_tp2/trained_model_epoch_best.pth
  🏆 新最佳 F1=0.6349，已保存 best 模型
[New] Epoch 81/1000 | classify: 2.0091 | voltage: 0.0936 | total: 2.0137
[New] Epoch 82/1000 | classify: 2.0386 | voltage: 0.0944 | total: 2.0434
[New] Epoch 83/1000 | classify: 2.1832 | voltage: 0.1260 | total: 2.1895
[New] Epoch 84/1000 | classify: 2.0351 | voltage: 0.1049 | total: 2.0404
[New] Epoch 85/1000 | classify: 2.0613 | voltage: 0.1146 | total: 2.0670
[New] Epoch 86/1000 | classify: 2.2255 | voltage: 0.0920 | total: 2.2301
[New] Epoch 87/1000 | classify: 1.9671 | voltage: 0.0973 | total: 1.9719
[New] Epoch 88/1000 | classify: 1.9885 | voltage: 0.0978 | total: 1.9934
[New] Epoch 89/1000 | classify: 1.9591 | voltage: 0.0977 | total: 1.9640
[New] Epoch 90/1000 | classify: 2.1813 | voltage: 0.0974 | total: 2.1862
--- 验证集 [epoch 90] ---
  准确率 (Accuracy):  0.7671
  精确率 (Precision): 0.7011
  召回率 (Recall):    0.6056
  F1 分数 (F1):       0.6125
[New] Epoch 91/1000 | classify: 2.0284 | voltage: 0.1118 | total: 2.0340
[New] Epoch 92/1000 | classify: 2.1383 | voltage: 0.1165 | total: 2.1441
[New] Epoch 93/1000 | classify: 1.9667 | voltage: 0.1167 | total: 1.9725
[New] Epoch 94/1000 | classify: 1.9624 | voltage: 0.1062 | total: 1.9677
[New] Epoch 95/1000 | classify: 1.9311 | voltage: 0.0992 | total: 1.9361
[New] Epoch 96/1000 | classify: 1.8856 | voltage: 0.0987 | total: 1.8905
[New] Epoch 97/1000 | classify: 1.9738 | voltage: 0.1092 | total: 1.9793
[New] Epoch 98/1000 | classify: 1.8682 | voltage: 0.1025 | total: 1.8734
[New] Epoch 99/1000 | classify: 2.1077 | voltage: 0.1467 | total: 2.1151
[New] Epoch 100/1000 | classify: 1.6931 | voltage: 0.1034 | total: 1.6982
--- 验证集 [epoch 100] ---
  准确率 (Accuracy):  0.7534
  精确率 (Precision): 0.6830
  召回率 (Recall):    0.6217
  F1 分数 (F1):       0.6374
✅ 模型已保存到 /home/kudouzala/Application/ion_detect/output/trained_model_save/exp_new_d_num_tp2/trained_model_epoch_best.pth
  🏆 新最佳 F1=0.6374，已保存 best 模型
✅ 模型已保存到 /home/kudouzala/Application/ion_detect/output/trained_model_save/exp_new_d_num_tp2/trained_model_epoch_100.pth
📁 损失值已保存到 /home/kudouzala/Application/ion_detect/output/trained_model_save/exp_new_d_num_tp2/training_loss_epoch_100.csv
[New] Epoch 101/1000 | classify: 1.6990 | voltage: 0.1072 | total: 1.7043
[New] Epoch 102/1000 | classify: 1.7759 | voltage: 0.1138 | total: 1.7816
[New] Epoch 103/1000 | classify: 1.9130 | voltage: 0.1248 | total: 1.9192
[New] Epoch 104/1000 | classify: 1.8809 | voltage: 0.1061 | total: 1.8862
[New] Epoch 105/1000 | classify: 1.6162 | voltage: 0.1103 | total: 1.6217
[New] Epoch 106/1000 | classify: 1.7757 | voltage: 0.1157 | total: 1.7815
[New] Epoch 107/1000 | classify: 1.8458 | voltage: 0.1028 | total: 1.8509
[New] Epoch 108/1000 | classify: 1.6392 | voltage: 0.1235 | total: 1.6454
[New] Epoch 109/1000 | classify: 1.9720 | voltage: 0.1275 | total: 1.9784
[New] Epoch 110/1000 | classify: 1.8070 | voltage: 0.1184 | total: 1.8129
--- 验证集 [epoch 110] ---
  准确率 (Accuracy):  0.7534
  精确率 (Precision): 0.7385
  召回率 (Recall):    0.6395
  F1 分数 (F1):       0.6408
✅ 模型已保存到 /home/kudouzala/Application/ion_detect/output/trained_model_save/exp_new_d_num_tp2/trained_model_epoch_best.pth
  🏆 新最佳 F1=0.6408，已保存 best 模型
[New] Epoch 111/1000 | classify: 1.4616 | voltage: 0.1024 | total: 1.4667
[New] Epoch 112/1000 | classify: 1.8116 | voltage: 0.1388 | total: 1.8185
[New] Epoch 113/1000 | classify: 1.8096 | voltage: 0.1233 | total: 1.8158
[New] Epoch 114/1000 | classify: 1.7761 | voltage: 0.1442 | total: 1.7833
[New] Epoch 115/1000 | classify: 1.7466 | voltage: 0.1412 | total: 1.7537
[New] Epoch 116/1000 | classify: 1.6678 | voltage: 0.1250 | total: 1.6741
[New] Epoch 117/1000 | classify: 1.7992 | voltage: 0.1338 | total: 1.8059
[New] Epoch 118/1000 | classify: 1.5614 | voltage: 0.1302 | total: 1.5679
[New] Epoch 119/1000 | classify: 1.5664 | voltage: 0.1150 | total: 1.5722
[New] Epoch 120/1000 | classify: 1.6376 | voltage: 0.1233 | total: 1.6437
--- 验证集 [epoch 120] ---
  准确率 (Accuracy):  0.8151
  精确率 (Precision): 0.7713
  召回率 (Recall):    0.6872
  F1 分数 (F1):       0.7015
✅ 模型已保存到 /home/kudouzala/Application/ion_detect/output/trained_model_save/exp_new_d_num_tp2/trained_model_epoch_best.pth
  🏆 新最佳 F1=0.7015，已保存 best 模型
[New] Epoch 121/1000 | classify: 1.4840 | voltage: 0.1409 | total: 1.4911
[New] Epoch 122/1000 | classify: 1.5692 | voltage: 0.1394 | total: 1.5762
[New] Epoch 123/1000 | classify: 1.6373 | voltage: 0.1498 | total: 1.6448
[New] Epoch 124/1000 | classify: 1.7047 | voltage: 0.1632 | total: 1.7129
[New] Epoch 125/1000 | classify: 1.6988 | voltage: 0.1131 | total: 1.7045
[New] Epoch 126/1000 | classify: 1.7551 | voltage: 0.1267 | total: 1.7614
[New] Epoch 127/1000 | classify: 1.6314 | voltage: 0.1169 | total: 1.6372
[New] Epoch 128/1000 | classify: 1.6723 | voltage: 0.1352 | total: 1.6791
[New] Epoch 129/1000 | classify: 1.6523 | voltage: 0.1413 | total: 1.6593
[New] Epoch 130/1000 | classify: 1.8004 | voltage: 0.1156 | total: 1.8062
--- 验证集 [epoch 130] ---
  准确率 (Accuracy):  0.7808
  精确率 (Precision): 0.7358
  召回率 (Recall):    0.6810
  F1 分数 (F1):       0.6692
[New] Epoch 131/1000 | classify: 1.7452 | voltage: 0.1324 | total: 1.7518
[New] Epoch 132/1000 | classify: 1.4957 | voltage: 0.1346 | total: 1.5024
[New] Epoch 133/1000 | classify: 1.7032 | voltage: 0.1271 | total: 1.7095
[New] Epoch 134/1000 | classify: 1.7187 | voltage: 0.1555 | total: 1.7265
[New] Epoch 135/1000 | classify: 1.5804 | voltage: 0.1458 | total: 1.5877
[New] Epoch 136/1000 | classify: 1.8128 | voltage: 0.1504 | total: 1.8203
[New] Epoch 137/1000 | classify: 1.6032 | voltage: 0.1601 | total: 1.6112
[New] Epoch 138/1000 | classify: 1.6212 | voltage: 0.1458 | total: 1.6284
[New] Epoch 139/1000 | classify: 1.4875 | voltage: 0.1592 | total: 1.4955
[New] Epoch 140/1000 | classify: 1.6428 | voltage: 0.1520 | total: 1.6504
--- 验证集 [epoch 140] ---
  准确率 (Accuracy):  0.7740
  精确率 (Precision): 0.7482
  召回率 (Recall):    0.6681
  F1 分数 (F1):       0.6769
[New] Epoch 141/1000 | classify: 1.4584 | voltage: 0.1572 | total: 1.4662
[New] Epoch 142/1000 | classify: 1.4129 | voltage: 0.1717 | total: 1.4215
[New] Epoch 143/1000 | classify: 1.5636 | voltage: 0.1386 | total: 1.5705
[New] Epoch 144/1000 | classify: 1.5597 | voltage: 0.1429 | total: 1.5668
[New] Epoch 145/1000 | classify: 1.6843 | voltage: 0.1662 | total: 1.6926
[New] Epoch 146/1000 | classify: 1.5277 | voltage: 0.1511 | total: 1.5352
[New] Epoch 147/1000 | classify: 1.7272 | voltage: 0.1855 | total: 1.7365
[New] Epoch 148/1000 | classify: 1.3536 | voltage: 0.1515 | total: 1.3611
[New] Epoch 149/1000 | classify: 1.4230 | voltage: 0.1317 | total: 1.4296
[New] Epoch 150/1000 | classify: 1.4709 | voltage: 0.1225 | total: 1.4770
--- 验证集 [epoch 150] ---
  准确率 (Accuracy):  0.8082
  精确率 (Precision): 0.7692
  召回率 (Recall):    0.6976
  F1 分数 (F1):       0.7148
✅ 模型已保存到 /home/kudouzala/Application/ion_detect/output/trained_model_save/exp_new_d_num_tp2/trained_model_epoch_best.pth
  🏆 新最佳 F1=0.7148，已保存 best 模型
✅ 模型已保存到 /home/kudouzala/Application/ion_detect/output/trained_model_save/exp_new_d_num_tp2/trained_model_epoch_150.pth
📁 损失值已保存到 /home/kudouzala/Application/ion_detect/output/trained_model_save/exp_new_d_num_tp2/training_loss_epoch_150.csv
[New] Epoch 151/1000 | classify: 1.4460 | voltage: 0.1614 | total: 1.4541
[New] Epoch 152/1000 | classify: 1.4524 | voltage: 0.1712 | total: 1.4609
[New] Epoch 153/1000 | classify: 1.4520 | voltage: 0.1968 | total: 1.4618
[New] Epoch 154/1000 | classify: 1.4325 | voltage: 0.1657 | total: 1.4408
[New] Epoch 155/1000 | classify: 1.4182 | voltage: 0.1674 | total: 1.4265
[New] Epoch 156/1000 | classify: 1.3469 | voltage: 0.1874 | total: 1.3563
[New] Epoch 157/1000 | classify: 1.5459 | voltage: 0.1679 | total: 1.5543
[New] Epoch 158/1000 | classify: 1.4767 | voltage: 0.1561 | total: 1.4845
[New] Epoch 159/1000 | classify: 1.5858 | voltage: 0.1729 | total: 1.5945
[New] Epoch 160/1000 | classify: 1.5360 | voltage: 0.1619 | total: 1.5441
--- 验证集 [epoch 160] ---
  准确率 (Accuracy):  0.7945
  精确率 (Precision): 0.7558
  召回率 (Recall):    0.6677
  F1 分数 (F1):       0.6988
[New] Epoch 161/1000 | classify: 1.6357 | voltage: 0.1733 | total: 1.6444
[New] Epoch 162/1000 | classify: 1.5854 | voltage: 0.1796 | total: 1.5944
[New] Epoch 163/1000 | classify: 1.5043 | voltage: 0.1952 | total: 1.5140
[New] Epoch 164/1000 | classify: 1.3127 | voltage: 0.1826 | total: 1.3219
[New] Epoch 165/1000 | classify: 1.5419 | voltage: 0.1727 | total: 1.5506
[New] Epoch 166/1000 | classify: 1.5947 | voltage: 0.1605 | total: 1.6028
[New] Epoch 167/1000 | classify: 1.4736 | voltage: 0.1655 | total: 1.4819
[New] Epoch 168/1000 | classify: 1.3459 | voltage: 0.1580 | total: 1.3538
[New] Epoch 169/1000 | classify: 1.5636 | voltage: 0.1864 | total: 1.5729
[New] Epoch 170/1000 | classify: 1.3921 | voltage: 0.1163 | total: 1.3980
--- 验证集 [epoch 170] ---
  准确率 (Accuracy):  0.8014
  精确率 (Precision): 0.7776
  召回率 (Recall):    0.7029
  F1 分数 (F1):       0.7167
✅ 模型已保存到 /home/kudouzala/Application/ion_detect/output/trained_model_save/exp_new_d_num_tp2/trained_model_epoch_best.pth
  🏆 新最佳 F1=0.7167，已保存 best 模型
[New] Epoch 171/1000 | classify: 1.3876 | voltage: 0.1716 | total: 1.3962
[New] Epoch 172/1000 | classify: 1.4993 | voltage: 0.1803 | total: 1.5083
[New] Epoch 173/1000 | classify: 1.5508 | voltage: 0.1638 | total: 1.5590
[New] Epoch 174/1000 | classify: 1.5562 | voltage: 0.1990 | total: 1.5662
[New] Epoch 175/1000 | classify: 1.5545 | voltage: 0.1755 | total: 1.5633
[New] Epoch 176/1000 | classify: 1.5040 | voltage: 0.2114 | total: 1.5146
[New] Epoch 177/1000 | classify: 1.4445 | voltage: 0.1730 | total: 1.4532
[New] Epoch 178/1000 | classify: 1.4845 | voltage: 0.1944 | total: 1.4942
[New] Epoch 179/1000 | classify: 1.2402 | voltage: 0.1654 | total: 1.2484
[New] Epoch 180/1000 | classify: 1.3937 | voltage: 0.1868 | total: 1.4030
--- 验证集 [epoch 180] ---
  准确率 (Accuracy):  0.8014
  精确率 (Precision): 0.7703
  召回率 (Recall):    0.6966
  F1 分数 (F1):       0.7206
✅ 模型已保存到 /home/kudouzala/Application/ion_detect/output/trained_model_save/exp_new_d_num_tp2/trained_model_epoch_best.pth
  🏆 新最佳 F1=0.7206，已保存 best 模型
[New] Epoch 181/1000 | classify: 1.5007 | voltage: 0.1808 | total: 1.5097
[New] Epoch 182/1000 | classify: 1.4401 | voltage: 0.1762 | total: 1.4489
[New] Epoch 183/1000 | classify: 1.5764 | voltage: 0.1770 | total: 1.5852
[New] Epoch 184/1000 | classify: 1.3907 | voltage: 0.2010 | total: 1.4008
[New] Epoch 185/1000 | classify: 1.3377 | voltage: 0.2028 | total: 1.3478
[New] Epoch 186/1000 | classify: 1.6062 | voltage: 0.2013 | total: 1.6162
[New] Epoch 187/1000 | classify: 1.4212 | voltage: 0.2072 | total: 1.4316
[New] Epoch 188/1000 | classify: 1.5691 | voltage: 0.1954 | total: 1.5789
[New] Epoch 189/1000 | classify: 1.4461 | voltage: 0.2041 | total: 1.4563
[New] Epoch 190/1000 | classify: 1.5263 | voltage: 0.1885 | total: 1.5358
--- 验证集 [epoch 190] ---
  准确率 (Accuracy):  0.8356
  精确率 (Precision): 0.7714
  召回率 (Recall):    0.7262
  F1 分数 (F1):       0.7420
✅ 模型已保存到 /home/kudouzala/Application/ion_detect/output/trained_model_save/exp_new_d_num_tp2/trained_model_epoch_best.pth
  🏆 新最佳 F1=0.7420，已保存 best 模型
[New] Epoch 191/1000 | classify: 1.3891 | voltage: 0.1906 | total: 1.3986
[New] Epoch 192/1000 | classify: 1.3535 | voltage: 0.1706 | total: 1.3621
[New] Epoch 193/1000 | classify: 1.5219 | voltage: 0.1777 | total: 1.5308
[New] Epoch 194/1000 | classify: 1.4501 | voltage: 0.2080 | total: 1.4605
[New] Epoch 195/1000 | classify: 1.4115 | voltage: 0.1966 | total: 1.4214
[New] Epoch 196/1000 | classify: 1.3790 | voltage: 0.1906 | total: 1.3885
[New] Epoch 197/1000 | classify: 1.6884 | voltage: 0.1886 | total: 1.6978
[New] Epoch 198/1000 | classify: 1.4080 | voltage: 0.2066 | total: 1.4183
[New] Epoch 199/1000 | classify: 1.3808 | voltage: 0.2086 | total: 1.3912
[New] Epoch 200/1000 | classify: 1.3946 | voltage: 0.2148 | total: 1.4053
--- 验证集 [epoch 200] ---
  准确率 (Accuracy):  0.8288
  精确率 (Precision): 0.7810
  召回率 (Recall):    0.7525
  F1 分数 (F1):       0.7604
✅ 模型已保存到 /home/kudouzala/Application/ion_detect/output/trained_model_save/exp_new_d_num_tp2/trained_model_epoch_best.pth
  🏆 新最佳 F1=0.7604，已保存 best 模型
✅ 模型已保存到 /home/kudouzala/Application/ion_detect/output/trained_model_save/exp_new_d_num_tp2/trained_model_epoch_200.pth
📁 损失值已保存到 /home/kudouzala/Application/ion_detect/output/trained_model_save/exp_new_d_num_tp2/training_loss_epoch_200.csv
[New] Epoch 201/1000 | classify: 1.3174 | voltage: 0.1855 | total: 1.3267
[New] Epoch 202/1000 | classify: 1.5793 | voltage: 0.1839 | total: 1.5884
[New] Epoch 203/1000 | classify: 1.3774 | voltage: 0.1989 | total: 1.3874
[New] Epoch 204/1000 | classify: 1.3916 | voltage: 0.1928 | total: 1.4012
[New] Epoch 205/1000 | classify: 1.5040 | voltage: 0.2118 | total: 1.5146
[New] Epoch 206/1000 | classify: 1.3484 | voltage: 0.2079 | total: 1.3588
[New] Epoch 207/1000 | classify: 1.4264 | voltage: 0.1947 | total: 1.4361
[New] Epoch 208/1000 | classify: 1.5722 | voltage: 0.2173 | total: 1.5830
[New] Epoch 209/1000 | classify: 1.5032 | voltage: 0.2390 | total: 1.5152
[New] Epoch 210/1000 | classify: 1.4165 | voltage: 0.2413 | total: 1.4285
--- 验证集 [epoch 210] ---
  准确率 (Accuracy):  0.7603
  精确率 (Precision): 0.7506
  召回率 (Recall):    0.7208
  F1 分数 (F1):       0.7081
[New] Epoch 211/1000 | classify: 1.1965 | voltage: 0.2252 | total: 1.2078
[New] Epoch 212/1000 | classify: 1.5273 | voltage: 0.2145 | total: 1.5381
[New] Epoch 213/1000 | classify: 1.6599 | voltage: 0.2554 | total: 1.6727
[New] Epoch 214/1000 | classify: 1.4265 | voltage: 0.3129 | total: 1.4422
[New] Epoch 215/1000 | classify: 1.4038 | voltage: 0.2908 | total: 1.4184
[New] Epoch 216/1000 | classify: 1.3461 | voltage: 0.2461 | total: 1.3584
[New] Epoch 217/1000 | classify: 1.3488 | voltage: 0.2492 | total: 1.3613
[New] Epoch 218/1000 | classify: 1.4995 | voltage: 0.2618 | total: 1.5126
[New] Epoch 219/1000 | classify: 1.2950 | voltage: 0.2939 | total: 1.3097
[New] Epoch 220/1000 | classify: 1.4547 | voltage: 0.2944 | total: 1.4694
--- 验证集 [epoch 220] ---
  准确率 (Accuracy):  0.8082
  精确率 (Precision): 0.7802
  召回率 (Recall):    0.7045
  F1 分数 (F1):       0.7285
[New] Epoch 221/1000 | classify: 1.4216 | voltage: 0.2982 | total: 1.4365
[New] Epoch 222/1000 | classify: 1.5607 | voltage: 0.3007 | total: 1.5758
[New] Epoch 223/1000 | classify: 1.4849 | voltage: 0.3315 | total: 1.5014
[New] Epoch 224/1000 | classify: 1.3154 | voltage: 0.3365 | total: 1.3322
[New] Epoch 225/1000 | classify: 1.4866 | voltage: 0.3142 | total: 1.5023
[New] Epoch 226/1000 | classify: 1.5095 | voltage: 0.3469 | total: 1.5268
[New] Epoch 227/1000 | classify: 1.5331 | voltage: 0.3537 | total: 1.5508
[New] Epoch 228/1000 | classify: 1.5177 | voltage: 0.3649 | total: 1.5360
[New] Epoch 229/1000 | classify: 1.6953 | voltage: 0.3847 | total: 1.7146
[New] Epoch 230/1000 | classify: 1.5831 | voltage: 0.3711 | total: 1.6017
--- 验证集 [epoch 230] ---
  准确率 (Accuracy):  0.7055
  精确率 (Precision): 0.6607
  召回率 (Recall):    0.6682
  F1 分数 (F1):       0.6313
[New] Epoch 231/1000 | classify: 1.4960 | voltage: 0.4033 | total: 1.5162
[New] Epoch 232/1000 | classify: 1.4881 | voltage: 0.3974 | total: 1.5079
[New] Epoch 233/1000 | classify: 1.4974 | voltage: 0.3656 | total: 1.5157
[New] Epoch 234/1000 | classify: 1.3546 | voltage: 0.3967 | total: 1.3744
[New] Epoch 235/1000 | classify: 1.5771 | voltage: 0.4004 | total: 1.5971
[New] Epoch 236/1000 | classify: 1.4818 | voltage: 0.4040 | total: 1.5020
[New] Epoch 237/1000 | classify: 1.3961 | voltage: 0.4038 | total: 1.4163
[New] Epoch 238/1000 | classify: 1.3409 | voltage: 0.3922 | total: 1.3606
[New] Epoch 239/1000 | classify: 1.5354 | voltage: 0.3969 | total: 1.5552
[New] Epoch 240/1000 | classify: 1.6005 | voltage: 0.3690 | total: 1.6189
--- 验证集 [epoch 240] ---
  准确率 (Accuracy):  0.8151
  精确率 (Precision): 0.7759
  召回率 (Recall):    0.7002
  F1 分数 (F1):       0.7319
[New] Epoch 241/1000 | classify: 1.3840 | voltage: 0.3751 | total: 1.4027
[New] Epoch 242/1000 | classify: 1.4348 | voltage: 0.3754 | total: 1.4536
[New] Epoch 243/1000 | classify: 1.4878 | voltage: 0.3781 | total: 1.5067
[New] Epoch 244/1000 | classify: 1.6474 | voltage: 0.3848 | total: 1.6667
[New] Epoch 245/1000 | classify: 1.6773 | voltage: 0.3922 | total: 1.6969
[New] Epoch 246/1000 | classify: 1.4778 | voltage: 0.3716 | total: 1.4964
[New] Epoch 247/1000 | classify: 1.5627 | voltage: 0.3747 | total: 1.5815
[New] Epoch 248/1000 | classify: 1.6366 | voltage: 0.3682 | total: 1.6550
[New] Epoch 249/1000 | classify: 1.5691 | voltage: 0.3630 | total: 1.5873
[New] Epoch 250/1000 | classify: 1.6449 | voltage: 0.3650 | total: 1.6632
--- 验证集 [epoch 250] ---
  准确率 (Accuracy):  0.8014
  精确率 (Precision): 0.7830
  召回率 (Recall):    0.6702
  F1 分数 (F1):       0.7084
✅ 模型已保存到 /home/kudouzala/Application/ion_detect/output/trained_model_save/exp_new_d_num_tp2/trained_model_epoch_250.pth
📁 损失值已保存到 /home/kudouzala/Application/ion_detect/output/trained_model_save/exp_new_d_num_tp2/training_loss_epoch_250.csv
[New] Epoch 251/1000 | classify: 1.4378 | voltage: 0.3779 | total: 1.4567
[New] Epoch 252/1000 | classify: 1.2969 | voltage: 0.3630 | total: 1.3150
[New] Epoch 253/1000 | classify: 1.5186 | voltage: 0.3473 | total: 1.5359
[New] Epoch 254/1000 | classify: 1.3117 | voltage: 0.3305 | total: 1.3282
[New] Epoch 255/1000 | classify: 1.3543 | voltage: 0.3379 | total: 1.3712
[New] Epoch 256/1000 | classify: 1.4844 | voltage: 0.3444 | total: 1.5016
[New] Epoch 257/1000 | classify: 1.3749 | voltage: 0.3443 | total: 1.3921
[New] Epoch 258/1000 | classify: 1.4596 | voltage: 0.3423 | total: 1.4768
[New] Epoch 259/1000 | classify: 1.5549 | voltage: 0.3408 | total: 1.5719
[New] Epoch 260/1000 | classify: 1.4352 | voltage: 0.3291 | total: 1.4517
--- 验证集 [epoch 260] ---
  准确率 (Accuracy):  0.7671
  精确率 (Precision): 0.7289
  召回率 (Recall):    0.7354
  F1 分数 (F1):       0.6948
[New] Epoch 261/1000 | classify: 1.3940 | voltage: 0.3331 | total: 1.4106
[New] Epoch 262/1000 | classify: 1.3541 | voltage: 0.3348 | total: 1.3709
[New] Epoch 263/1000 | classify: 1.4352 | voltage: 0.3283 | total: 1.4517
[New] Epoch 264/1000 | classify: 1.4149 | voltage: 0.3292 | total: 1.4314
[New] Epoch 265/1000 | classify: 1.3952 | voltage: 0.3426 | total: 1.4123
[New] Epoch 266/1000 | classify: 1.5952 | voltage: 0.3274 | total: 1.6116
[New] Epoch 267/1000 | classify: 1.2878 | voltage: 0.3215 | total: 1.3038
[New] Epoch 268/1000 | classify: 1.5133 | voltage: 0.3414 | total: 1.5304
[New] Epoch 269/1000 | classify: 1.4678 | voltage: 0.3194 | total: 1.4838
[New] Epoch 270/1000 | classify: 1.2718 | voltage: 0.3196 | total: 1.2878
--- 验证集 [epoch 270] ---
  准确率 (Accuracy):  0.7808
  精确率 (Precision): 0.7546
  召回率 (Recall):    0.6896
  F1 分数 (F1):       0.6961
[New] Epoch 271/1000 | classify: 1.3471 | voltage: 0.3158 | total: 1.3629
[New] Epoch 272/1000 | classify: 1.7395 | voltage: 0.3252 | total: 1.7558
[New] Epoch 273/1000 | classify: 1.4026 | voltage: 0.3226 | total: 1.4187
[New] Epoch 274/1000 | classify: 1.3921 | voltage: 0.3219 | total: 1.4082
[New] Epoch 275/1000 | classify: 1.5516 | voltage: 0.3086 | total: 1.5670
[New] Epoch 276/1000 | classify: 1.5056 | voltage: 0.3041 | total: 1.5208
[New] Epoch 277/1000 | classify: 1.5010 | voltage: 0.3110 | total: 1.5166
[New] Epoch 278/1000 | classify: 1.4690 | voltage: 0.3154 | total: 1.4848
[New] Epoch 279/1000 | classify: 1.5331 | voltage: 0.3262 | total: 1.5494
[New] Epoch 280/1000 | classify: 1.4993 | voltage: 0.3173 | total: 1.5152
--- 验证集 [epoch 280] ---
  准确率 (Accuracy):  0.7808
  精确率 (Precision): 0.7367
  召回率 (Recall):    0.6928
  F1 分数 (F1):       0.6994
[New] Epoch 281/1000 | classify: 1.4680 | voltage: 0.3174 | total: 1.4839
[New] Epoch 282/1000 | classify: 1.3915 | voltage: 0.3196 | total: 1.4075
[New] Epoch 283/1000 | classify: 1.4656 | voltage: 0.3325 | total: 1.4823
[New] Epoch 284/1000 | classify: 1.3648 | voltage: 0.3292 | total: 1.3813
[New] Epoch 285/1000 | classify: 1.4856 | voltage: 0.3334 | total: 1.5023
[New] Epoch 286/1000 | classify: 1.5686 | voltage: 0.3203 | total: 1.5846
[New] Epoch 287/1000 | classify: 1.3615 | voltage: 0.3170 | total: 1.3774
[New] Epoch 288/1000 | classify: 1.3821 | voltage: 0.3294 | total: 1.3985
[New] Epoch 289/1000 | classify: 1.5786 | voltage: 0.3192 | total: 1.5945
[New] Epoch 290/1000 | classify: 1.3868 | voltage: 0.3215 | total: 1.4028
--- 验证集 [epoch 290] ---
  准确率 (Accuracy):  0.7329
  精确率 (Precision): 0.7466
  召回率 (Recall):    0.6958
  F1 分数 (F1):       0.6903
[New] Epoch 291/1000 | classify: 1.3789 | voltage: 0.3295 | total: 1.3954
[New] Epoch 292/1000 | classify: 1.6566 | voltage: 0.3225 | total: 1.6728
[New] Epoch 293/1000 | classify: 1.3540 | voltage: 0.3316 | total: 1.3706
[New] Epoch 294/1000 | classify: 1.6207 | voltage: 0.3178 | total: 1.6366
[New] Epoch 295/1000 | classify: 1.3235 | voltage: 0.3301 | total: 1.3400
[New] Epoch 296/1000 | classify: 1.6983 | voltage: 0.3357 | total: 1.7151
[New] Epoch 297/1000 | classify: 1.5769 | voltage: 0.3263 | total: 1.5932
[New] Epoch 298/1000 | classify: 1.4740 | voltage: 0.3181 | total: 1.4899
[New] Epoch 299/1000 | classify: 1.4202 | voltage: 0.3212 | total: 1.4362
[New] Epoch 300/1000 | classify: 1.4981 | voltage: 0.3438 | total: 1.5153
--- 验证集 [epoch 300] ---
  准确率 (Accuracy):  0.8014
  精确率 (Precision): 0.7503
  召回率 (Recall):    0.7038
  F1 分数 (F1):       0.7175
✅ 模型已保存到 /home/kudouzala/Application/ion_detect/output/trained_model_save/exp_new_d_num_tp2/trained_model_epoch_300.pth
📁 损失值已保存到 /home/kudouzala/Application/ion_detect/output/trained_model_save/exp_new_d_num_tp2/training_loss_epoch_300.csv
[New] Epoch 301/1000 | classify: 1.3504 | voltage: 0.3342 | total: 1.3671
[New] Epoch 302/1000 | classify: 1.4885 | voltage: 0.3386 | total: 1.5055
[New] Epoch 303/1000 | classify: 1.3564 | voltage: 0.3263 | total: 1.3728
[New] Epoch 304/1000 | classify: 1.5797 | voltage: 0.3366 | total: 1.5965
[New] Epoch 305/1000 | classify: 1.5744 | voltage: 0.3425 | total: 1.5915
[New] Epoch 306/1000 | classify: 1.6170 | voltage: 0.3534 | total: 1.6347
[New] Epoch 307/1000 | classify: 1.4376 | voltage: 0.3377 | total: 1.4545
[New] Epoch 308/1000 | classify: 1.2430 | voltage: 0.3520 | total: 1.2606
[New] Epoch 309/1000 | classify: 1.5183 | voltage: 0.3443 | total: 1.5355
[New] Epoch 310/1000 | classify: 1.3673 | voltage: 0.3359 | total: 1.3841
--- 验证集 [epoch 310] ---
  准确率 (Accuracy):  0.8082
  精确率 (Precision): 0.7636
  召回率 (Recall):    0.7211
  F1 分数 (F1):       0.7253
[New] Epoch 311/1000 | classify: 1.4912 | voltage: 0.3442 | total: 1.5084
[New] Epoch 312/1000 | classify: 1.3620 | voltage: 0.3309 | total: 1.3786
[New] Epoch 313/1000 | classify: 1.4614 | voltage: 0.3464 | total: 1.4787
[New] Epoch 314/1000 | classify: 1.5787 | voltage: 0.3505 | total: 1.5962
[New] Epoch 315/1000 | classify: 1.4971 | voltage: 0.3525 | total: 1.5148
[New] Epoch 316/1000 | classify: 1.3407 | voltage: 0.3398 | total: 1.3577
[New] Epoch 317/1000 | classify: 1.3657 | voltage: 0.3396 | total: 1.3826
[New] Epoch 318/1000 | classify: 1.3181 | voltage: 0.3373 | total: 1.3350
[New] Epoch 319/1000 | classify: 1.3912 | voltage: 0.3458 | total: 1.4085
[New] Epoch 320/1000 | classify: 1.4582 | voltage: 0.3635 | total: 1.4764
--- 验证集 [epoch 320] ---
  准确率 (Accuracy):  0.8219
  精确率 (Precision): 0.7743
  召回率 (Recall):    0.7234
  F1 分数 (F1):       0.7409
[New] Epoch 321/1000 | classify: 1.4963 | voltage: 0.3562 | total: 1.5141
[New] Epoch 322/1000 | classify: 1.4666 | voltage: 0.3357 | total: 1.4833
[New] Epoch 323/1000 | classify: 1.5409 | voltage: 0.3611 | total: 1.5589
[New] Epoch 324/1000 | classify: 1.4784 | voltage: 0.3543 | total: 1.4961
[New] Epoch 325/1000 | classify: 1.3088 | voltage: 0.3368 | total: 1.3257
[New] Epoch 326/1000 | classify: 1.5829 | voltage: 0.3562 | total: 1.6007
[New] Epoch 327/1000 | classify: 1.3852 | voltage: 0.3668 | total: 1.4035
[New] Epoch 328/1000 | classify: 1.6259 | voltage: 0.3527 | total: 1.6435
[New] Epoch 329/1000 | classify: 1.6244 | voltage: 0.3592 | total: 1.6423
[New] Epoch 330/1000 | classify: 1.4508 | voltage: 0.3601 | total: 1.4688
--- 验证集 [epoch 330] ---
  准确率 (Accuracy):  0.7740
  精确率 (Precision): 0.7743
  召回率 (Recall):    0.6832
  F1 分数 (F1):       0.7104
[New] Epoch 331/1000 | classify: 1.5705 | voltage: 0.3555 | total: 1.5883
[New] Epoch 332/1000 | classify: 1.3049 | voltage: 0.3778 | total: 1.3238
[New] Epoch 333/1000 | classify: 1.5271 | voltage: 0.3551 | total: 1.5449
[New] Epoch 334/1000 | classify: 1.3655 | voltage: 0.3658 | total: 1.3838
[New] Epoch 335/1000 | classify: 1.4844 | voltage: 0.3548 | total: 1.5021
[New] Epoch 336/1000 | classify: 1.4370 | voltage: 0.3694 | total: 1.4555
[New] Epoch 337/1000 | classify: 1.4500 | voltage: 0.3795 | total: 1.4690
[New] Epoch 338/1000 | classify: 1.3825 | voltage: 0.3685 | total: 1.4009
[New] Epoch 339/1000 | classify: 1.6104 | voltage: 0.3693 | total: 1.6289
[New] Epoch 340/1000 | classify: 1.4348 | voltage: 0.3926 | total: 1.4544
--- 验证集 [epoch 340] ---
  准确率 (Accuracy):  0.8082
  精确率 (Precision): 0.7926
  召回率 (Recall):    0.6726
  F1 分数 (F1):       0.7143
[New] Epoch 341/1000 | classify: 1.5697 | voltage: 0.3722 | total: 1.5883
[New] Epoch 342/1000 | classify: 1.5646 | voltage: 0.3872 | total: 1.5840
[New] Epoch 343/1000 | classify: 1.5052 | voltage: 0.3807 | total: 1.5243
[New] Epoch 344/1000 | classify: 1.5369 | voltage: 0.3817 | total: 1.5560
[New] Epoch 345/1000 | classify: 1.5336 | voltage: 0.3705 | total: 1.5521
[New] Epoch 346/1000 | classify: 1.4709 | voltage: 0.3864 | total: 1.4902
[New] Epoch 347/1000 | classify: 1.4056 | voltage: 0.3803 | total: 1.4247
[New] Epoch 348/1000 | classify: 1.6239 | voltage: 0.3831 | total: 1.6430
[New] Epoch 349/1000 | classify: 1.4810 | voltage: 0.3907 | total: 1.5005
[New] Epoch 350/1000 | classify: 1.6038 | voltage: 0.3655 | total: 1.6220
--- 验证集 [epoch 350] ---
  准确率 (Accuracy):  0.7671
  精确率 (Precision): 0.7658
  召回率 (Recall):    0.6994
  F1 分数 (F1):       0.7090
✅ 模型已保存到 /home/kudouzala/Application/ion_detect/output/trained_model_save/exp_new_d_num_tp2/trained_model_epoch_350.pth
📁 损失值已保存到 /home/kudouzala/Application/ion_detect/output/trained_model_save/exp_new_d_num_tp2/training_loss_epoch_350.csv
[New] Epoch 351/1000 | classify: 1.4928 | voltage: 0.3711 | total: 1.5114
[New] Epoch 352/1000 | classify: 1.5937 | voltage: 0.3989 | total: 1.6137
[New] Epoch 353/1000 | classify: 1.4933 | voltage: 0.3944 | total: 1.5130
[New] Epoch 354/1000 | classify: 1.6101 | voltage: 0.3995 | total: 1.6301
[New] Epoch 355/1000 | classify: 1.4148 | voltage: 0.3935 | total: 1.4345
[New] Epoch 356/1000 | classify: 1.4287 | voltage: 0.4038 | total: 1.4489
[New] Epoch 357/1000 | classify: 1.5982 | voltage: 0.4017 | total: 1.6183
[New] Epoch 358/1000 | classify: 1.4714 | voltage: 0.3995 | total: 1.4913
[New] Epoch 359/1000 | classify: 1.5653 | voltage: 0.3877 | total: 1.5847
[New] Epoch 360/1000 | classify: 1.5999 | voltage: 0.4102 | total: 1.6205
--- 验证集 [epoch 360] ---
  准确率 (Accuracy):  0.8082
  精确率 (Precision): 0.7915
  召回率 (Recall):    0.7047
  F1 分数 (F1):       0.7285
[New] Epoch 361/1000 | classify: 1.3158 | voltage: 0.3990 | total: 1.3357
[New] Epoch 362/1000 | classify: 1.4950 | voltage: 0.3929 | total: 1.5146
[New] Epoch 363/1000 | classify: 1.5866 | voltage: 0.4030 | total: 1.6067
[New] Epoch 364/1000 | classify: 1.4754 | voltage: 0.4125 | total: 1.4960
[New] Epoch 365/1000 | classify: 1.5367 | voltage: 0.4057 | total: 1.5570
[New] Epoch 366/1000 | classify: 1.5877 | voltage: 0.4098 | total: 1.6082
[New] Epoch 367/1000 | classify: 1.5653 | voltage: 0.4052 | total: 1.5855
[New] Epoch 368/1000 | classify: 1.6194 | voltage: 0.4188 | total: 1.6403
[New] Epoch 369/1000 | classify: 1.4287 | voltage: 0.4127 | total: 1.4493
[New] Epoch 370/1000 | classify: 1.4761 | voltage: 0.4073 | total: 1.4964
--- 验证集 [epoch 370] ---
  准确率 (Accuracy):  0.8014
  精确率 (Precision): 0.7828
  召回率 (Recall):    0.7317
  F1 分数 (F1):       0.7331
[New] Epoch 371/1000 | classify: 1.5608 | voltage: 0.4310 | total: 1.5823
[New] Epoch 372/1000 | classify: 1.4289 | voltage: 0.3787 | total: 1.4478
[New] Epoch 373/1000 | classify: 1.7329 | voltage: 0.4371 | total: 1.7547
[New] Epoch 374/1000 | classify: 1.6661 | voltage: 0.4156 | total: 1.6869
[New] Epoch 375/1000 | classify: 1.6041 | voltage: 0.4280 | total: 1.6255
[New] Epoch 376/1000 | classify: 1.5892 | voltage: 0.4278 | total: 1.6106
[New] Epoch 377/1000 | classify: 1.5503 | voltage: 0.4037 | total: 1.5705
[New] Epoch 378/1000 | classify: 1.6252 | voltage: 0.4145 | total: 1.6459
[New] Epoch 379/1000 | classify: 1.5438 | voltage: 0.4236 | total: 1.5650
[New] Epoch 380/1000 | classify: 1.4910 | voltage: 0.4165 | total: 1.5118
--- 验证集 [epoch 380] ---
  准确率 (Accuracy):  0.8219
  精确率 (Precision): 0.7659
  召回率 (Recall):    0.7059
  F1 分数 (F1):       0.7252
[New] Epoch 381/1000 | classify: 1.2777 | voltage: 0.4286 | total: 1.2991
[New] Epoch 382/1000 | classify: 1.4151 | voltage: 0.4376 | total: 1.4370
[New] Epoch 383/1000 | classify: 1.3346 | voltage: 0.4271 | total: 1.3559
[New] Epoch 384/1000 | classify: 1.5984 | voltage: 0.4164 | total: 1.6192
[New] Epoch 385/1000 | classify: 1.4591 | voltage: 0.4266 | total: 1.4804
[New] Epoch 386/1000 | classify: 1.5812 | voltage: 0.4229 | total: 1.6024
[New] Epoch 387/1000 | classify: 1.5171 | voltage: 0.4236 | total: 1.5383
[New] Epoch 388/1000 | classify: 1.3934 | voltage: 0.4025 | total: 1.4136
[New] Epoch 389/1000 | classify: 1.5874 | voltage: 0.4224 | total: 1.6086
[New] Epoch 390/1000 | classify: 1.3434 | voltage: 0.4112 | total: 1.3640
--- 验证集 [epoch 390] ---
  准确率 (Accuracy):  0.8082
  精确率 (Precision): 0.7820
  召回率 (Recall):    0.7350
  F1 分数 (F1):       0.7473
[New] Epoch 391/1000 | classify: 1.4207 | voltage: 0.4150 | total: 1.4415
[New] Epoch 392/1000 | classify: 1.4606 | voltage: 0.4186 | total: 1.4816
[New] Epoch 393/1000 | classify: 1.6672 | voltage: 0.4482 | total: 1.6896
[New] Epoch 394/1000 | classify: 1.4535 | voltage: 0.4340 | total: 1.4752
[New] Epoch 395/1000 | classify: 1.4743 | voltage: 0.4312 | total: 1.4959
[New] Epoch 396/1000 | classify: 1.5102 | voltage: 0.4092 | total: 1.5306
[New] Epoch 397/1000 | classify: 1.4977 | voltage: 0.4202 | total: 1.5187
[New] Epoch 398/1000 | classify: 1.6004 | voltage: 0.4064 | total: 1.6207
[New] Epoch 399/1000 | classify: 1.4982 | voltage: 0.4331 | total: 1.5198
[New] Epoch 400/1000 | classify: 1.4221 | voltage: 0.4346 | total: 1.4438
--- 验证集 [epoch 400] ---
  准确率 (Accuracy):  0.8082
  精确率 (Precision): 0.7828
  召回率 (Recall):    0.7058
  F1 分数 (F1):       0.7318
✅ 模型已保存到 /home/kudouzala/Application/ion_detect/output/trained_model_save/exp_new_d_num_tp2/trained_model_epoch_400.pth
📁 损失值已保存到 /home/kudouzala/Application/ion_detect/output/trained_model_save/exp_new_d_num_tp2/training_loss_epoch_400.csv
[New] Epoch 401/1000 | classify: 1.4001 | voltage: 0.4362 | total: 1.4219
[New] Epoch 402/1000 | classify: 1.6154 | voltage: 0.4343 | total: 1.6371
[New] Epoch 403/1000 | classify: 1.4818 | voltage: 0.4192 | total: 1.5027
[New] Epoch 404/1000 | classify: 1.3717 | voltage: 0.4210 | total: 1.3928
[New] Epoch 405/1000 | classify: 1.3459 | voltage: 0.4424 | total: 1.3681
[New] Epoch 406/1000 | classify: 1.3432 | voltage: 0.4209 | total: 1.3642
[New] Epoch 407/1000 | classify: 1.4825 | voltage: 0.4493 | total: 1.5049
[New] Epoch 408/1000 | classify: 1.5803 | voltage: 0.4552 | total: 1.6030
[New] Epoch 409/1000 | classify: 1.6756 | voltage: 0.4418 | total: 1.6977
[New] Epoch 410/1000 | classify: 1.3872 | voltage: 0.4543 | total: 1.4099
--- 验证集 [epoch 410] ---
  准确率 (Accuracy):  0.8219
  精确率 (Precision): 0.7902
  召回率 (Recall):    0.7490
  F1 分数 (F1):       0.7573
[New] Epoch 411/1000 | classify: 1.4657 | voltage: 0.4296 | total: 1.4872
[New] Epoch 412/1000 | classify: 1.5058 | voltage: 0.4400 | total: 1.5278
[New] Epoch 413/1000 | classify: 1.5249 | voltage: 0.4534 | total: 1.5476
[New] Epoch 414/1000 | classify: 1.6006 | voltage: 0.4550 | total: 1.6233
[New] Epoch 415/1000 | classify: 1.5850 | voltage: 0.4652 | total: 1.6082
[New] Epoch 416/1000 | classify: 1.4966 | voltage: 0.4486 | total: 1.5190
[New] Epoch 417/1000 | classify: 1.2480 | voltage: 0.4443 | total: 1.2702
[New] Epoch 418/1000 | classify: 1.6817 | voltage: 0.4528 | total: 1.7043
[New] Epoch 419/1000 | classify: 1.3801 | voltage: 0.4484 | total: 1.4025
[New] Epoch 420/1000 | classify: 1.5575 | voltage: 0.4652 | total: 1.5807
--- 验证集 [epoch 420] ---
  准确率 (Accuracy):  0.8151
  精确率 (Precision): 0.7692
  召回率 (Recall):    0.6802
  F1 分数 (F1):       0.7113
[New] Epoch 421/1000 | classify: 1.3566 | voltage: 0.4539 | total: 1.3793
[New] Epoch 422/1000 | classify: 1.5243 | voltage: 0.4582 | total: 1.5472
[New] Epoch 423/1000 | classify: 1.5336 | voltage: 0.4522 | total: 1.5562
[New] Epoch 424/1000 | classify: 1.4859 | voltage: 0.4792 | total: 1.5098
[New] Epoch 425/1000 | classify: 1.6709 | voltage: 0.4782 | total: 1.6948
[New] Epoch 426/1000 | classify: 1.3237 | voltage: 0.4692 | total: 1.3472
[New] Epoch 427/1000 | classify: 1.4085 | voltage: 0.4429 | total: 1.4306
[New] Epoch 428/1000 | classify: 1.4618 | voltage: 0.4645 | total: 1.4850
[New] Epoch 429/1000 | classify: 1.3902 | voltage: 0.4556 | total: 1.4130
[New] Epoch 430/1000 | classify: 1.6787 | voltage: 0.4616 | total: 1.7018
--- 验证集 [epoch 430] ---
  准确率 (Accuracy):  0.8288
  精确率 (Precision): 0.8414
  召回率 (Recall):    0.7200
  F1 分数 (F1):       0.7631
✅ 模型已保存到 /home/kudouzala/Application/ion_detect/output/trained_model_save/exp_new_d_num_tp2/trained_model_epoch_best.pth
  🏆 新最佳 F1=0.7631，已保存 best 模型
[New] Epoch 431/1000 | classify: 1.4951 | voltage: 0.4556 | total: 1.5179
[New] Epoch 432/1000 | classify: 1.5481 | voltage: 0.4720 | total: 1.5717
[New] Epoch 433/1000 | classify: 1.5489 | voltage: 0.4726 | total: 1.5725
[New] Epoch 434/1000 | classify: 1.4653 | voltage: 0.4728 | total: 1.4890
[New] Epoch 435/1000 | classify: 1.4966 | voltage: 0.4829 | total: 1.5207
[New] Epoch 436/1000 | classify: 1.4683 | voltage: 0.4732 | total: 1.4919
[New] Epoch 437/1000 | classify: 1.4746 | voltage: 0.4833 | total: 1.4988
[New] Epoch 438/1000 | classify: 1.4445 | voltage: 0.4980 | total: 1.4694
[New] Epoch 439/1000 | classify: 1.5922 | voltage: 0.4879 | total: 1.6166
[New] Epoch 440/1000 | classify: 1.7161 | voltage: 0.5032 | total: 1.7413
--- 验证集 [epoch 440] ---
  准确率 (Accuracy):  0.8493
  精确率 (Precision): 0.8566
  召回率 (Recall):    0.7670
  F1 分数 (F1):       0.7948
✅ 模型已保存到 /home/kudouzala/Application/ion_detect/output/trained_model_save/exp_new_d_num_tp2/trained_model_epoch_best.pth
  🏆 新最佳 F1=0.7948，已保存 best 模型
[New] Epoch 441/1000 | classify: 1.6467 | voltage: 0.4954 | total: 1.6714
[New] Epoch 442/1000 | classify: 1.5326 | voltage: 0.4984 | total: 1.5575
[New] Epoch 443/1000 | classify: 1.5864 | voltage: 0.4902 | total: 1.6109
[New] Epoch 444/1000 | classify: 1.4904 | voltage: 0.4970 | total: 1.5152
[New] Epoch 445/1000 | classify: 1.5942 | voltage: 0.5151 | total: 1.6199
[New] Epoch 446/1000 | classify: 1.5706 | voltage: 0.5034 | total: 1.5958
[New] Epoch 447/1000 | classify: 1.5069 | voltage: 0.5119 | total: 1.5325
[New] Epoch 448/1000 | classify: 1.6446 | voltage: 0.5070 | total: 1.6699
[New] Epoch 449/1000 | classify: 1.5557 | voltage: 0.5184 | total: 1.5816
[New] Epoch 450/1000 | classify: 1.4332 | voltage: 0.5258 | total: 1.4595
--- 验证集 [epoch 450] ---
  准确率 (Accuracy):  0.8151
  精确率 (Precision): 0.8133
  召回率 (Recall):    0.6929
  F1 分数 (F1):       0.7320
✅ 模型已保存到 /home/kudouzala/Application/ion_detect/output/trained_model_save/exp_new_d_num_tp2/trained_model_epoch_450.pth
📁 损失值已保存到 /home/kudouzala/Application/ion_detect/output/trained_model_save/exp_new_d_num_tp2/training_loss_epoch_450.csv
[New] Epoch 451/1000 | classify: 1.4895 | voltage: 0.4871 | total: 1.5139
[New] Epoch 452/1000 | classify: 1.5687 | voltage: 0.5139 | total: 1.5944
[New] Epoch 453/1000 | classify: 1.5197 | voltage: 0.5087 | total: 1.5451
[New] Epoch 454/1000 | classify: 1.6530 | voltage: 0.5275 | total: 1.6794
[New] Epoch 455/1000 | classify: 1.5082 | voltage: 0.5338 | total: 1.5349
[New] Epoch 456/1000 | classify: 1.3845 | voltage: 0.5250 | total: 1.4107
[New] Epoch 457/1000 | classify: 1.5800 | voltage: 0.5363 | total: 1.6068
[New] Epoch 458/1000 | classify: 1.5444 | voltage: 0.5222 | total: 1.5705
[New] Epoch 459/1000 | classify: 1.5645 | voltage: 0.5402 | total: 1.5915
[New] Epoch 460/1000 | classify: 1.5346 | voltage: 0.4958 | total: 1.5594
--- 验证集 [epoch 460] ---
  准确率 (Accuracy):  0.8562
  精确率 (Precision): 0.8204
  召回率 (Recall):    0.7746
  F1 分数 (F1):       0.7890
[New] Epoch 461/1000 | classify: 1.4377 | voltage: 0.5472 | total: 1.4651
[New] Epoch 462/1000 | classify: 1.3316 | voltage: 0.5385 | total: 1.3586
[New] Epoch 463/1000 | classify: 1.4492 | voltage: 0.5227 | total: 1.4754
[New] Epoch 464/1000 | classify: 1.3384 | voltage: 0.5391 | total: 1.3654
[New] Epoch 465/1000 | classify: 1.4280 | voltage: 0.5214 | total: 1.4541
[New] Epoch 466/1000 | classify: 1.4332 | voltage: 0.5413 | total: 1.4602
[New] Epoch 467/1000 | classify: 1.5325 | voltage: 0.5503 | total: 1.5600
[New] Epoch 468/1000 | classify: 1.5098 | voltage: 0.5558 | total: 1.5376
[New] Epoch 469/1000 | classify: 1.6466 | voltage: 0.5498 | total: 1.6741
[New] Epoch 470/1000 | classify: 1.5895 | voltage: 0.5346 | total: 1.6163
--- 验证集 [epoch 470] ---
  准确率 (Accuracy):  0.8082
  精确率 (Precision): 0.7565
  召回率 (Recall):    0.7559
  F1 分数 (F1):       0.7446
[New] Epoch 471/1000 | classify: 1.7300 | voltage: 0.5567 | total: 1.7579
[New] Epoch 472/1000 | classify: 1.6569 | voltage: 0.5491 | total: 1.6844
[New] Epoch 473/1000 | classify: 1.4943 | voltage: 0.5644 | total: 1.5225
[New] Epoch 474/1000 | classify: 1.5841 | voltage: 0.5571 | total: 1.6119
[New] Epoch 475/1000 | classify: 1.2996 | voltage: 0.5455 | total: 1.3269
[New] Epoch 476/1000 | classify: 1.6148 | voltage: 0.5486 | total: 1.6423
[New] Epoch 477/1000 | classify: 1.5890 | voltage: 0.5547 | total: 1.6167
[New] Epoch 478/1000 | classify: 1.5753 | voltage: 0.5475 | total: 1.6027
[New] Epoch 479/1000 | classify: 1.6957 | voltage: 0.5594 | total: 1.7237
[New] Epoch 480/1000 | classify: 1.2873 | voltage: 0.5646 | total: 1.3155
--- 验证集 [epoch 480] ---
  准确率 (Accuracy):  0.8356
  精确率 (Precision): 0.7994
  召回率 (Recall):    0.7220
  F1 分数 (F1):       0.7535
[New] Epoch 481/1000 | classify: 1.5218 | voltage: 0.5469 | total: 1.5492
[New] Epoch 482/1000 | classify: 1.7341 | voltage: 0.5674 | total: 1.7625
[New] Epoch 483/1000 | classify: 1.3648 | voltage: 0.5508 | total: 1.3923
[New] Epoch 484/1000 | classify: 1.5476 | voltage: 0.5563 | total: 1.5754
[New] Epoch 485/1000 | classify: 1.5796 | voltage: 0.5651 | total: 1.6079
[New] Epoch 486/1000 | classify: 1.5544 | voltage: 0.5671 | total: 1.5827
[New] Epoch 487/1000 | classify: 1.4373 | voltage: 0.5681 | total: 1.4657
[New] Epoch 488/1000 | classify: 1.7368 | voltage: 0.5816 | total: 1.7659
[New] Epoch 489/1000 | classify: 1.3328 | voltage: 0.5576 | total: 1.3607
[New] Epoch 490/1000 | classify: 1.5877 | voltage: 0.5671 | total: 1.6161
--- 验证集 [epoch 490] ---
  准确率 (Accuracy):  0.8425
  精确率 (Precision): 0.8577
  召回率 (Recall):    0.7613
  F1 分数 (F1):       0.7907
[New] Epoch 491/1000 | classify: 1.5223 | voltage: 0.5624 | total: 1.5504
[New] Epoch 492/1000 | classify: 1.5971 | voltage: 0.5539 | total: 1.6248
[New] Epoch 493/1000 | classify: 1.3246 | voltage: 0.5455 | total: 1.3519
[New] Epoch 494/1000 | classify: 1.4801 | voltage: 0.5559 | total: 1.5079
[New] Epoch 495/1000 | classify: 1.4928 | voltage: 0.5608 | total: 1.5209
[New] Epoch 496/1000 | classify: 1.5663 | voltage: 0.5668 | total: 1.5946
[New] Epoch 497/1000 | classify: 1.4731 | voltage: 0.5612 | total: 1.5012
[New] Epoch 498/1000 | classify: 1.6183 | voltage: 0.5767 | total: 1.6471
[New] Epoch 499/1000 | classify: 1.6336 | voltage: 0.5455 | total: 1.6609
[New] Epoch 500/1000 | classify: 1.5490 | voltage: 0.5673 | total: 1.5774
--- 验证集 [epoch 500] ---
  准确率 (Accuracy):  0.8014
  精确率 (Precision): 0.7792
  召回率 (Recall):    0.7089
  F1 分数 (F1):       0.7210
✅ 模型已保存到 /home/kudouzala/Application/ion_detect/output/trained_model_save/exp_new_d_num_tp2/trained_model_epoch_500.pth
📁 损失值已保存到 /home/kudouzala/Application/ion_detect/output/trained_model_save/exp_new_d_num_tp2/training_loss_epoch_500.csv
[New] Epoch 501/1000 | classify: 1.4297 | voltage: 0.5675 | total: 1.4581
[New] Epoch 502/1000 | classify: 1.5813 | voltage: 0.5838 | total: 1.6105
[New] Epoch 503/1000 | classify: 1.4323 | voltage: 0.5879 | total: 1.4617
[New] Epoch 504/1000 | classify: 1.4518 | voltage: 0.5729 | total: 1.4805
[New] Epoch 505/1000 | classify: 1.6209 | voltage: 0.5986 | total: 1.6509
[New] Epoch 506/1000 | classify: 1.5883 | voltage: 0.5832 | total: 1.6175
[New] Epoch 507/1000 | classify: 1.4952 | voltage: 0.5975 | total: 1.5251
[New] Epoch 508/1000 | classify: 1.5694 | voltage: 0.5852 | total: 1.5987
[New] Epoch 509/1000 | classify: 1.4756 | voltage: 0.6032 | total: 1.5058
[New] Epoch 510/1000 | classify: 1.5578 | voltage: 0.6071 | total: 1.5881
--- 验证集 [epoch 510] ---
  准确率 (Accuracy):  0.8493
  精确率 (Precision): 0.8006
  召回率 (Recall):    0.7535
  F1 分数 (F1):       0.7651
[New] Epoch 511/1000 | classify: 1.5850 | voltage: 0.6045 | total: 1.6152
[New] Epoch 512/1000 | classify: 1.4662 | voltage: 0.5761 | total: 1.4950
[New] Epoch 513/1000 | classify: 1.8813 | voltage: 0.5965 | total: 1.9111
[New] Epoch 514/1000 | classify: 1.5896 | voltage: 0.6146 | total: 1.6203
[New] Epoch 515/1000 | classify: 1.6652 | voltage: 0.6078 | total: 1.6956
[New] Epoch 516/1000 | classify: 1.6097 | voltage: 0.6103 | total: 1.6402
[New] Epoch 517/1000 | classify: 1.7091 | voltage: 0.6041 | total: 1.7393
[New] Epoch 518/1000 | classify: 1.6090 | voltage: 0.6116 | total: 1.6396
[New] Epoch 519/1000 | classify: 1.5503 | voltage: 0.6053 | total: 1.5806
[New] Epoch 520/1000 | classify: 1.6349 | voltage: 0.6411 | total: 1.6669
--- 验证集 [epoch 520] ---
  准确率 (Accuracy):  0.8082
  精确率 (Precision): 0.8104
  召回率 (Recall):    0.7047
  F1 分数 (F1):       0.7434
[New] Epoch 521/1000 | classify: 1.7327 | voltage: 0.6094 | total: 1.7632
[New] Epoch 522/1000 | classify: 1.5825 | voltage: 0.6274 | total: 1.6139
[New] Epoch 523/1000 | classify: 1.5858 | voltage: 0.6386 | total: 1.6177
[New] Epoch 524/1000 | classify: 1.5140 | voltage: 0.6219 | total: 1.5451
[New] Epoch 525/1000 | classify: 1.6270 | voltage: 0.6252 | total: 1.6583
[New] Epoch 526/1000 | classify: 1.5253 | voltage: 0.6440 | total: 1.5575
[New] Epoch 527/1000 | classify: 1.4022 | voltage: 0.6340 | total: 1.4339
[New] Epoch 528/1000 | classify: 1.5352 | voltage: 0.6357 | total: 1.5670
[New] Epoch 529/1000 | classify: 1.5862 | voltage: 0.6169 | total: 1.6170
[New] Epoch 530/1000 | classify: 1.7069 | voltage: 0.6327 | total: 1.7385
--- 验证集 [epoch 530] ---
  准确率 (Accuracy):  0.8014
  精确率 (Precision): 0.7799
  召回率 (Recall):    0.6895
  F1 分数 (F1):       0.7128
[New] Epoch 531/1000 | classify: 1.5104 | voltage: 0.6336 | total: 1.5421
[New] Epoch 532/1000 | classify: 1.4659 | voltage: 0.6203 | total: 1.4969
[New] Epoch 533/1000 | classify: 1.5397 | voltage: 0.6207 | total: 1.5708
[New] Epoch 534/1000 | classify: 1.5392 | voltage: 0.6309 | total: 1.5708
[New] Epoch 535/1000 | classify: 1.6819 | voltage: 0.6415 | total: 1.7140
[New] Epoch 536/1000 | classify: 1.5415 | voltage: 0.6678 | total: 1.5748
[New] Epoch 537/1000 | classify: 1.4450 | voltage: 0.6505 | total: 1.4775
[New] Epoch 538/1000 | classify: 1.6767 | voltage: 0.6361 | total: 1.7085
[New] Epoch 539/1000 | classify: 1.6384 | voltage: 0.6489 | total: 1.6708
[New] Epoch 540/1000 | classify: 1.7255 | voltage: 0.6552 | total: 1.7582
--- 验证集 [epoch 540] ---
  准确率 (Accuracy):  0.8493
  精确率 (Precision): 0.8330
  召回率 (Recall):    0.7507
  F1 分数 (F1):       0.7764
[New] Epoch 541/1000 | classify: 1.4838 | voltage: 0.6382 | total: 1.5157
[New] Epoch 542/1000 | classify: 1.4831 | voltage: 0.6323 | total: 1.5147
[New] Epoch 543/1000 | classify: 1.4823 | voltage: 0.6651 | total: 1.5155
[New] Epoch 544/1000 | classify: 1.5139 | voltage: 0.6486 | total: 1.5463
[New] Epoch 545/1000 | classify: 1.4316 | voltage: 0.6546 | total: 1.4644
[New] Epoch 546/1000 | classify: 1.5636 | voltage: 0.6661 | total: 1.5969
[New] Epoch 547/1000 | classify: 1.3980 | voltage: 0.6463 | total: 1.4303
[New] Epoch 548/1000 | classify: 1.5718 | voltage: 0.6630 | total: 1.6050
[New] Epoch 549/1000 | classify: 1.6198 | voltage: 0.6616 | total: 1.6529
[New] Epoch 550/1000 | classify: 1.5048 | voltage: 0.6581 | total: 1.5377
--- 验证集 [epoch 550] ---
  准确率 (Accuracy):  0.8082
  精确率 (Precision): 0.7748
  召回率 (Recall):    0.6978
  F1 分数 (F1):       0.7207
✅ 模型已保存到 /home/kudouzala/Application/ion_detect/output/trained_model_save/exp_new_d_num_tp2/trained_model_epoch_550.pth
📁 损失值已保存到 /home/kudouzala/Application/ion_detect/output/trained_model_save/exp_new_d_num_tp2/training_loss_epoch_550.csv
[New] Epoch 551/1000 | classify: 1.3236 | voltage: 0.6531 | total: 1.3563
[New] Epoch 552/1000 | classify: 1.5031 | voltage: 0.6741 | total: 1.5368
[New] Epoch 553/1000 | classify: 1.6143 | voltage: 0.6533 | total: 1.6470
[New] Epoch 554/1000 | classify: 1.5646 | voltage: 0.6821 | total: 1.5987
[New] Epoch 555/1000 | classify: 1.5349 | voltage: 0.6544 | total: 1.5676
[New] Epoch 556/1000 | classify: 1.5264 | voltage: 0.6550 | total: 1.5591
[New] Epoch 557/1000 | classify: 1.5142 | voltage: 0.6626 | total: 1.5473
[New] Epoch 558/1000 | classify: 1.5433 | voltage: 0.6656 | total: 1.5766
[New] Epoch 559/1000 | classify: 1.4774 | voltage: 0.6647 | total: 1.5107
[New] Epoch 560/1000 | classify: 1.5029 | voltage: 0.6910 | total: 1.5375
--- 验证集 [epoch 560] ---
  准确率 (Accuracy):  0.8425
  精确率 (Precision): 0.8240
  召回率 (Recall):    0.7487
  F1 分数 (F1):       0.7687
[New] Epoch 561/1000 | classify: 1.4487 | voltage: 0.6838 | total: 1.4829
[New] Epoch 562/1000 | classify: 1.4349 | voltage: 0.6830 | total: 1.4691
[New] Epoch 563/1000 | classify: 1.5968 | voltage: 0.6779 | total: 1.6307
[New] Epoch 564/1000 | classify: 1.4800 | voltage: 0.6981 | total: 1.5149
[New] Epoch 565/1000 | classify: 1.4172 | voltage: 0.6620 | total: 1.4503
[New] Epoch 566/1000 | classify: 1.5526 | voltage: 0.6790 | total: 1.5866
[New] Epoch 567/1000 | classify: 1.6585 | voltage: 0.6812 | total: 1.6925
[New] Epoch 568/1000 | classify: 1.6381 | voltage: 0.6833 | total: 1.6723
[New] Epoch 569/1000 | classify: 1.5670 | voltage: 0.6993 | total: 1.6020
[New] Epoch 570/1000 | classify: 1.5460 | voltage: 0.6814 | total: 1.5801
--- 验证集 [epoch 570] ---
  准确率 (Accuracy):  0.8288
  精确率 (Precision): 0.8031
  召回率 (Recall):    0.7402
  F1 分数 (F1):       0.7645
[New] Epoch 571/1000 | classify: 1.7622 | voltage: 0.6909 | total: 1.7968
[New] Epoch 572/1000 | classify: 1.4521 | voltage: 0.6982 | total: 1.4870
[New] Epoch 573/1000 | classify: 1.5245 | voltage: 0.6819 | total: 1.5586
[New] Epoch 574/1000 | classify: 1.5653 | voltage: 0.6996 | total: 1.6002
[New] Epoch 575/1000 | classify: 1.6933 | voltage: 0.7096 | total: 1.7288
[New] Epoch 576/1000 | classify: 1.5574 | voltage: 0.7332 | total: 1.5941
[New] Epoch 577/1000 | classify: 1.6543 | voltage: 0.7132 | total: 1.6899
[New] Epoch 578/1000 | classify: 1.5330 | voltage: 0.7137 | total: 1.5687
[New] Epoch 579/1000 | classify: 1.7556 | voltage: 0.7016 | total: 1.7907
[New] Epoch 580/1000 | classify: 1.7263 | voltage: 0.7062 | total: 1.7616
--- 验证集 [epoch 580] ---
  准确率 (Accuracy):  0.8151
  精确率 (Precision): 0.8003
  召回率 (Recall):    0.7104
  F1 分数 (F1):       0.7400
[New] Epoch 581/1000 | classify: 1.5774 | voltage: 0.7092 | total: 1.6128
[New] Epoch 582/1000 | classify: 1.4853 | voltage: 0.7361 | total: 1.5221
[New] Epoch 583/1000 | classify: 1.5810 | voltage: 0.7093 | total: 1.6165
[New] Epoch 584/1000 | classify: 1.6330 | voltage: 0.7237 | total: 1.6692
[New] Epoch 585/1000 | classify: 1.5998 | voltage: 0.7019 | total: 1.6349
[New] Epoch 586/1000 | classify: 1.3672 | voltage: 0.7574 | total: 1.4050
[New] Epoch 587/1000 | classify: 1.4965 | voltage: 0.7201 | total: 1.5325
[New] Epoch 588/1000 | classify: 1.5935 | voltage: 0.7341 | total: 1.6302
[New] Epoch 589/1000 | classify: 1.6277 | voltage: 0.7280 | total: 1.6641
[New] Epoch 590/1000 | classify: 1.5908 | voltage: 0.7090 | total: 1.6262
--- 验证集 [epoch 590] ---
  准确率 (Accuracy):  0.8356
  精确率 (Precision): 0.7959
  召回率 (Recall):    0.7177
  F1 分数 (F1):       0.7329
[New] Epoch 591/1000 | classify: 1.5398 | voltage: 0.6958 | total: 1.5746
[New] Epoch 592/1000 | classify: 1.6926 | voltage: 0.7074 | total: 1.7279
[New] Epoch 593/1000 | classify: 1.5320 | voltage: 0.7234 | total: 1.5682
[New] Epoch 594/1000 | classify: 1.5494 | voltage: 0.7181 | total: 1.5853
[New] Epoch 595/1000 | classify: 1.6446 | voltage: 0.7558 | total: 1.6824
[New] Epoch 596/1000 | classify: 1.5079 | voltage: 0.7289 | total: 1.5444
[New] Epoch 597/1000 | classify: 1.5410 | voltage: 0.7325 | total: 1.5776
[New] Epoch 598/1000 | classify: 1.4739 | voltage: 0.7349 | total: 1.5107
[New] Epoch 599/1000 | classify: 1.4842 | voltage: 0.7301 | total: 1.5207
[New] Epoch 600/1000 | classify: 1.4777 | voltage: 0.7321 | total: 1.5143
--- 验证集 [epoch 600] ---
  准确率 (Accuracy):  0.8082
  精确率 (Precision): 0.8029
  召回率 (Recall):    0.6963
  F1 分数 (F1):       0.7234
✅ 模型已保存到 /home/kudouzala/Application/ion_detect/output/trained_model_save/exp_new_d_num_tp2/trained_model_epoch_600.pth
📁 损失值已保存到 /home/kudouzala/Application/ion_detect/output/trained_model_save/exp_new_d_num_tp2/training_loss_epoch_600.csv
[New] Epoch 601/1000 | classify: 1.6986 | voltage: 0.7434 | total: 1.7357
[New] Epoch 602/1000 | classify: 1.6468 | voltage: 0.7508 | total: 1.6843
[New] Epoch 603/1000 | classify: 1.5270 | voltage: 0.7440 | total: 1.5642
[New] Epoch 604/1000 | classify: 1.6756 | voltage: 0.7648 | total: 1.7138
[New] Epoch 605/1000 | classify: 1.6135 | voltage: 0.7504 | total: 1.6511
[New] Epoch 606/1000 | classify: 1.6513 | voltage: 0.7598 | total: 1.6893
[New] Epoch 607/1000 | classify: 1.4623 | voltage: 0.7884 | total: 1.5017
[New] Epoch 608/1000 | classify: 1.5036 | voltage: 0.7566 | total: 1.5414
[New] Epoch 609/1000 | classify: 1.6716 | voltage: 0.7456 | total: 1.7088
[New] Epoch 610/1000 | classify: 1.4471 | voltage: 0.7711 | total: 1.4856
--- 验证集 [epoch 610] ---
  准确率 (Accuracy):  0.7877
  精确率 (Precision): 0.7633
  召回率 (Recall):    0.6770
  F1 分数 (F1):       0.7033
[New] Epoch 611/1000 | classify: 1.5510 | voltage: 0.7503 | total: 1.5885
[New] Epoch 612/1000 | classify: 1.5743 | voltage: 0.7655 | total: 1.6126
[New] Epoch 613/1000 | classify: 1.7435 | voltage: 0.7684 | total: 1.7819
[New] Epoch 614/1000 | classify: 1.7091 | voltage: 0.7667 | total: 1.7475
[New] Epoch 615/1000 | classify: 1.7328 | voltage: 0.7773 | total: 1.7717
[New] Epoch 616/1000 | classify: 1.5793 | voltage: 0.7633 | total: 1.6175
[New] Epoch 617/1000 | classify: 1.6229 | voltage: 0.7931 | total: 1.6625
[New] Epoch 618/1000 | classify: 1.4870 | voltage: 0.7910 | total: 1.5265
[New] Epoch 619/1000 | classify: 1.5155 | voltage: 0.7588 | total: 1.5534
[New] Epoch 620/1000 | classify: 1.7354 | voltage: 0.7774 | total: 1.7743
--- 验证集 [epoch 620] ---
  准确率 (Accuracy):  0.8219
  精确率 (Precision): 0.7900
  召回率 (Recall):    0.7147
  F1 分数 (F1):       0.7255
[New] Epoch 621/1000 | classify: 1.5614 | voltage: 0.7816 | total: 1.6004
[New] Epoch 622/1000 | classify: 1.7495 | voltage: 0.7874 | total: 1.7888
[New] Epoch 623/1000 | classify: 1.7142 | voltage: 0.7975 | total: 1.7541
[New] Epoch 624/1000 | classify: 1.4818 | voltage: 0.7672 | total: 1.5202
[New] Epoch 625/1000 | classify: 1.5486 | voltage: 0.8000 | total: 1.5886
[New] Epoch 626/1000 | classify: 1.6591 | voltage: 0.7996 | total: 1.6991
[New] Epoch 627/1000 | classify: 1.6106 | voltage: 0.8017 | total: 1.6507
[New] Epoch 628/1000 | classify: 1.6618 | voltage: 0.8069 | total: 1.7021
[New] Epoch 629/1000 | classify: 1.6243 | voltage: 0.7885 | total: 1.6637
[New] Epoch 630/1000 | classify: 1.5245 | voltage: 0.7991 | total: 1.5645
--- 验证集 [epoch 630] ---
  准确率 (Accuracy):  0.8219
  精确率 (Precision): 0.7969
  召回率 (Recall):    0.7059
  F1 分数 (F1):       0.7310
[New] Epoch 631/1000 | classify: 1.5399 | voltage: 0.8007 | total: 1.5799
[New] Epoch 632/1000 | classify: 1.5450 | voltage: 0.8091 | total: 1.5855
[New] Epoch 633/1000 | classify: 1.7875 | voltage: 0.8429 | total: 1.8297
[New] Epoch 634/1000 | classify: 1.6425 | voltage: 0.8168 | total: 1.6833
[New] Epoch 635/1000 | classify: 1.6049 | voltage: 0.8138 | total: 1.6456
[New] Epoch 636/1000 | classify: 1.7325 | voltage: 0.8227 | total: 1.7736
[New] Epoch 637/1000 | classify: 1.5616 | voltage: 0.8722 | total: 1.6052
[New] Epoch 638/1000 | classify: 1.4269 | voltage: 0.8311 | total: 1.4685
[New] Epoch 639/1000 | classify: 1.5565 | voltage: 0.8061 | total: 1.5968
[New] Epoch 640/1000 | classify: 1.6247 | voltage: 0.8188 | total: 1.6656
--- 验证集 [epoch 640] ---
  准确率 (Accuracy):  0.8151
  精确率 (Precision): 0.7942
  召回率 (Recall):    0.7239
  F1 分数 (F1):       0.7343
[New] Epoch 641/1000 | classify: 1.7744 | voltage: 0.8486 | total: 1.8168
[New] Epoch 642/1000 | classify: 1.5490 | voltage: 0.8140 | total: 1.5897
[New] Epoch 643/1000 | classify: 1.6499 | voltage: 0.8305 | total: 1.6914
[New] Epoch 644/1000 | classify: 1.5716 | voltage: 0.8526 | total: 1.6143
[New] Epoch 645/1000 | classify: 1.6549 | voltage: 0.8361 | total: 1.6967
[New] Epoch 646/1000 | classify: 1.6178 | voltage: 0.8418 | total: 1.6599
[New] Epoch 647/1000 | classify: 1.5578 | voltage: 0.8286 | total: 1.5992
[New] Epoch 648/1000 | classify: 1.5795 | voltage: 0.8645 | total: 1.6227
[New] Epoch 649/1000 | classify: 1.7431 | voltage: 0.8542 | total: 1.7858
[New] Epoch 650/1000 | classify: 1.6204 | voltage: 0.8821 | total: 1.6645
--- 验证集 [epoch 650] ---
  准确率 (Accuracy):  0.8151
  精确率 (Precision): 0.7815
  召回率 (Recall):    0.6919
  F1 分数 (F1):       0.7045
✅ 模型已保存到 /home/kudouzala/Application/ion_detect/output/trained_model_save/exp_new_d_num_tp2/trained_model_epoch_650.pth
📁 损失值已保存到 /home/kudouzala/Application/ion_detect/output/trained_model_save/exp_new_d_num_tp2/training_loss_epoch_650.csv
[New] Epoch 651/1000 | classify: 1.5719 | voltage: 0.8340 | total: 1.6136
[New] Epoch 652/1000 | classify: 1.7176 | voltage: 0.8746 | total: 1.7613
[New] Epoch 653/1000 | classify: 1.8898 | voltage: 0.8555 | total: 1.9326
[New] Epoch 654/1000 | classify: 1.7898 | voltage: 0.8704 | total: 1.8333
[New] Epoch 655/1000 | classify: 1.6327 | voltage: 0.8872 | total: 1.6771
[New] Epoch 656/1000 | classify: 1.6695 | voltage: 0.8606 | total: 1.7125
[New] Epoch 657/1000 | classify: 1.5077 | voltage: 0.8706 | total: 1.5512
[New] Epoch 658/1000 | classify: 1.5513 | voltage: 0.8916 | total: 1.5958
[New] Epoch 659/1000 | classify: 1.6117 | voltage: 0.8729 | total: 1.6553
[New] Epoch 660/1000 | classify: 1.7305 | voltage: 0.8970 | total: 1.7754
--- 验证集 [epoch 660] ---
  准确率 (Accuracy):  0.8288
  精确率 (Precision): 0.8122
  召回率 (Recall):    0.7167
  F1 分数 (F1):       0.7315
[New] Epoch 661/1000 | classify: 1.5787 | voltage: 0.8832 | total: 1.6229
[New] Epoch 662/1000 | classify: 1.5500 | voltage: 0.8870 | total: 1.5943
[New] Epoch 663/1000 | classify: 1.8191 | voltage: 0.8714 | total: 1.8627
[New] Epoch 664/1000 | classify: 1.7122 | voltage: 0.9109 | total: 1.7578
[New] Epoch 665/1000 | classify: 1.6824 | voltage: 0.8665 | total: 1.7257
[New] Epoch 666/1000 | classify: 1.6461 | voltage: 0.8923 | total: 1.6907
[New] Epoch 667/1000 | classify: 1.7364 | voltage: 0.9122 | total: 1.7820
[New] Epoch 668/1000 | classify: 1.6227 | voltage: 0.8940 | total: 1.6674
[New] Epoch 669/1000 | classify: 1.4285 | voltage: 0.8794 | total: 1.4725
[New] Epoch 670/1000 | classify: 1.8039 | voltage: 0.8822 | total: 1.8480
--- 验证集 [epoch 670] ---
  准确率 (Accuracy):  0.7877
  精确率 (Precision): 0.7702
  召回率 (Recall):    0.6770
  F1 分数 (F1):       0.7049
[New] Epoch 671/1000 | classify: 1.5987 | voltage: 0.9003 | total: 1.6437
[New] Epoch 672/1000 | classify: 1.5394 | voltage: 0.8667 | total: 1.5827
[New] Epoch 673/1000 | classify: 1.4966 | voltage: 0.9162 | total: 1.5424
[New] Epoch 674/1000 | classify: 1.6050 | voltage: 0.8953 | total: 1.6498
[New] Epoch 675/1000 | classify: 1.4699 | voltage: 0.9107 | total: 1.5154
[New] Epoch 676/1000 | classify: 1.6335 | voltage: 0.9063 | total: 1.6788
[New] Epoch 677/1000 | classify: 1.8274 | voltage: 0.9168 | total: 1.8732
[New] Epoch 678/1000 | classify: 1.5017 | voltage: 0.8739 | total: 1.5454
[New] Epoch 679/1000 | classify: 1.6662 | voltage: 0.8991 | total: 1.7111
[New] Epoch 680/1000 | classify: 1.5856 | voltage: 0.9141 | total: 1.6313
--- 验证集 [epoch 680] ---
  准确率 (Accuracy):  0.7808
  精确率 (Precision): 0.7193
  召回率 (Recall):    0.6713
  F1 分数 (F1):       0.6863
[New] Epoch 681/1000 | classify: 1.6281 | voltage: 0.9107 | total: 1.6736
[New] Epoch 682/1000 | classify: 1.6271 | voltage: 0.9228 | total: 1.6733
[New] Epoch 683/1000 | classify: 1.6318 | voltage: 0.8948 | total: 1.6766
[New] Epoch 684/1000 | classify: 1.5203 | voltage: 0.9148 | total: 1.5660
[New] Epoch 685/1000 | classify: 1.7118 | voltage: 0.9280 | total: 1.7582
[New] Epoch 686/1000 | classify: 1.6558 | voltage: 0.8840 | total: 1.7000
[New] Epoch 687/1000 | classify: 1.6787 | voltage: 0.9102 | total: 1.7242
[New] Epoch 688/1000 | classify: 1.8714 | voltage: 0.9257 | total: 1.9177
[New] Epoch 689/1000 | classify: 1.6555 | voltage: 0.9391 | total: 1.7025
[New] Epoch 690/1000 | classify: 1.6133 | voltage: 0.9377 | total: 1.6602
--- 验证集 [epoch 690] ---
  准确率 (Accuracy):  0.7945
  精确率 (Precision): 0.7572
  召回率 (Recall):    0.7088
  F1 分数 (F1):       0.7115
[New] Epoch 691/1000 | classify: 1.7719 | voltage: 0.9278 | total: 1.8182
[New] Epoch 692/1000 | classify: 1.7293 | voltage: 0.9755 | total: 1.7781
[New] Epoch 693/1000 | classify: 1.6318 | voltage: 0.9259 | total: 1.6781
[New] Epoch 694/1000 | classify: 1.6270 | voltage: 0.9565 | total: 1.6749
[New] Epoch 695/1000 | classify: 1.4934 | voltage: 0.8971 | total: 1.5382
[New] Epoch 696/1000 | classify: 1.5533 | voltage: 0.9570 | total: 1.6011
[New] Epoch 697/1000 | classify: 1.7638 | voltage: 0.9503 | total: 1.8113
[New] Epoch 698/1000 | classify: 1.6574 | voltage: 0.9636 | total: 1.7056
[New] Epoch 699/1000 | classify: 1.7306 | voltage: 0.9467 | total: 1.7780
[New] Epoch 700/1000 | classify: 1.6190 | voltage: 0.9779 | total: 1.6679
--- 验证集 [epoch 700] ---
  准确率 (Accuracy):  0.8219
  精确率 (Precision): 0.7989
  召回率 (Recall):    0.7099
  F1 分数 (F1):       0.7261
✅ 模型已保存到 /home/kudouzala/Application/ion_detect/output/trained_model_save/exp_new_d_num_tp2/trained_model_epoch_700.pth
📁 损失值已保存到 /home/kudouzala/Application/ion_detect/output/trained_model_save/exp_new_d_num_tp2/training_loss_epoch_700.csv
[New] Epoch 701/1000 | classify: 1.6110 | voltage: 0.9396 | total: 1.6580
[New] Epoch 702/1000 | classify: 1.8189 | voltage: 0.9510 | total: 1.8665
[New] Epoch 703/1000 | classify: 1.3644 | voltage: 0.9413 | total: 1.4114
[New] Epoch 704/1000 | classify: 1.6485 | voltage: 0.9808 | total: 1.6975
[New] Epoch 705/1000 | classify: 1.7316 | voltage: 0.9433 | total: 1.7788
[New] Epoch 706/1000 | classify: 1.8934 | voltage: 0.9471 | total: 1.9408
[New] Epoch 707/1000 | classify: 1.6962 | voltage: 0.9440 | total: 1.7434
[New] Epoch 708/1000 | classify: 1.6932 | voltage: 0.9888 | total: 1.7426
[New] Epoch 709/1000 | classify: 1.7113 | voltage: 0.9728 | total: 1.7599
[New] Epoch 710/1000 | classify: 1.5699 | voltage: 0.9903 | total: 1.6194
--- 验证集 [epoch 710] ---
  准确率 (Accuracy):  0.8219
  精确率 (Precision): 0.7987
  召回率 (Recall):    0.7048
  F1 分数 (F1):       0.7255
[New] Epoch 711/1000 | classify: 1.6963 | voltage: 0.9521 | total: 1.7439
[New] Epoch 712/1000 | classify: 1.4810 | voltage: 0.9363 | total: 1.5278
[New] Epoch 713/1000 | classify: 1.7010 | voltage: 0.9519 | total: 1.7486
[New] Epoch 714/1000 | classify: 1.6574 | voltage: 0.9649 | total: 1.7056
[New] Epoch 715/1000 | classify: 1.7204 | voltage: 0.9660 | total: 1.7687
[New] Epoch 716/1000 | classify: 1.8193 | voltage: 0.9713 | total: 1.8679
[New] Epoch 717/1000 | classify: 1.7195 | voltage: 0.9908 | total: 1.7690
[New] Epoch 718/1000 | classify: 1.5983 | voltage: 0.9936 | total: 1.6480
[New] Epoch 719/1000 | classify: 1.8985 | voltage: 1.0174 | total: 1.9493
[New] Epoch 720/1000 | classify: 1.8475 | voltage: 1.0170 | total: 1.8984
--- 验证集 [epoch 720] ---
  准确率 (Accuracy):  0.8219
  精确率 (Precision): 0.8216
  召回率 (Recall):    0.7060
  F1 分数 (F1):       0.7346
[New] Epoch 721/1000 | classify: 1.5570 | voltage: 1.0057 | total: 1.6073
[New] Epoch 722/1000 | classify: 1.6749 | voltage: 1.0113 | total: 1.7255
[New] Epoch 723/1000 | classify: 1.9881 | voltage: 0.9814 | total: 2.0372
[New] Epoch 724/1000 | classify: 1.5379 | voltage: 0.9812 | total: 1.5870
[New] Epoch 725/1000 | classify: 1.6691 | voltage: 0.9898 | total: 1.7186
[New] Epoch 726/1000 | classify: 1.6145 | voltage: 1.0326 | total: 1.6662
[New] Epoch 727/1000 | classify: 1.5823 | voltage: 1.0025 | total: 1.6324
[New] Epoch 728/1000 | classify: 1.7374 | voltage: 1.0301 | total: 1.7889
[New] Epoch 729/1000 | classify: 1.5394 | voltage: 1.0172 | total: 1.5903
[New] Epoch 730/1000 | classify: 1.5573 | voltage: 1.0110 | total: 1.6079
--- 验证集 [epoch 730] ---
  准确率 (Accuracy):  0.8288
  精确率 (Precision): 0.8139
  召回率 (Recall):    0.7266
  F1 分数 (F1):       0.7345
[New] Epoch 731/1000 | classify: 1.8272 | voltage: 1.0352 | total: 1.8789
[New] Epoch 732/1000 | classify: 1.5952 | voltage: 1.0209 | total: 1.6462
[New] Epoch 733/1000 | classify: 1.5503 | voltage: 1.0008 | total: 1.6003
[New] Epoch 734/1000 | classify: 1.7164 | voltage: 0.9840 | total: 1.7656
[New] Epoch 735/1000 | classify: 1.5080 | voltage: 1.0110 | total: 1.5586
[New] Epoch 736/1000 | classify: 1.8195 | voltage: 1.0280 | total: 1.8709
[New] Epoch 737/1000 | classify: 1.7115 | voltage: 1.0187 | total: 1.7625
[New] Epoch 738/1000 | classify: 1.5475 | voltage: 1.0252 | total: 1.5987
[New] Epoch 739/1000 | classify: 1.6689 | voltage: 1.0319 | total: 1.7205
[New] Epoch 740/1000 | classify: 1.6956 | voltage: 1.0022 | total: 1.7457
--- 验证集 [epoch 740] ---
  准确率 (Accuracy):  0.7877
  精确率 (Precision): 0.7106
  召回率 (Recall):    0.7008
  F1 分数 (F1):       0.6949
[New] Epoch 741/1000 | classify: 1.7887 | voltage: 1.0641 | total: 1.8419
[New] Epoch 742/1000 | classify: 1.7223 | voltage: 1.0330 | total: 1.7739
[New] Epoch 743/1000 | classify: 1.5990 | voltage: 1.0124 | total: 1.6496
[New] Epoch 744/1000 | classify: 1.5554 | voltage: 1.0738 | total: 1.6091
[New] Epoch 745/1000 | classify: 1.5628 | voltage: 1.0362 | total: 1.6146
[New] Epoch 746/1000 | classify: 1.6641 | voltage: 1.0272 | total: 1.7155
[New] Epoch 747/1000 | classify: 1.7606 | voltage: 1.0200 | total: 1.8116
[New] Epoch 748/1000 | classify: 1.6235 | voltage: 1.0575 | total: 1.6763
[New] Epoch 749/1000 | classify: 1.6231 | voltage: 1.0571 | total: 1.6759
[New] Epoch 750/1000 | classify: 1.6263 | voltage: 1.0514 | total: 1.6789
--- 验证集 [epoch 750] ---
  准确率 (Accuracy):  0.8288
  精确率 (Precision): 0.8063
  召回率 (Recall):    0.7230
  F1 分数 (F1):       0.7393
✅ 模型已保存到 /home/kudouzala/Application/ion_detect/output/trained_model_save/exp_new_d_num_tp2/trained_model_epoch_750.pth
📁 损失值已保存到 /home/kudouzala/Application/ion_detect/output/trained_model_save/exp_new_d_num_tp2/training_loss_epoch_750.csv
[New] Epoch 751/1000 | classify: 1.6444 | voltage: 1.0262 | total: 1.6957
[New] Epoch 752/1000 | classify: 1.7231 | voltage: 1.0452 | total: 1.7754
[New] Epoch 753/1000 | classify: 1.7849 | voltage: 1.0361 | total: 1.8367
[New] Epoch 754/1000 | classify: 1.5488 | voltage: 1.0660 | total: 1.6021
[New] Epoch 755/1000 | classify: 1.7886 | voltage: 1.0587 | total: 1.8416
[New] Epoch 756/1000 | classify: 1.7145 | voltage: 1.0475 | total: 1.7669
[New] Epoch 757/1000 | classify: 1.6897 | voltage: 1.0405 | total: 1.7418
[New] Epoch 758/1000 | classify: 1.6579 | voltage: 1.0641 | total: 1.7111
[New] Epoch 759/1000 | classify: 1.7649 | voltage: 1.0473 | total: 1.8172
[New] Epoch 760/1000 | classify: 1.7523 | voltage: 1.0426 | total: 1.8044
--- 验证集 [epoch 760] ---
  准确率 (Accuracy):  0.8082
  精确率 (Precision): 0.8120
  召回率 (Recall):    0.6927
  F1 分数 (F1):       0.7325
[New] Epoch 761/1000 | classify: 1.5880 | voltage: 1.0446 | total: 1.6403
[New] Epoch 762/1000 | classify: 1.5532 | voltage: 1.0774 | total: 1.6070
[New] Epoch 763/1000 | classify: 1.5970 | voltage: 1.0601 | total: 1.6500
[New] Epoch 764/1000 | classify: 1.6363 | voltage: 1.0607 | total: 1.6894
[New] Epoch 765/1000 | classify: 1.6881 | voltage: 1.0375 | total: 1.7399
[New] Epoch 766/1000 | classify: 1.6076 | voltage: 1.0676 | total: 1.6610
[New] Epoch 767/1000 | classify: 1.4624 | voltage: 1.0703 | total: 1.5159
[New] Epoch 768/1000 | classify: 1.6917 | voltage: 1.0908 | total: 1.7463
[New] Epoch 769/1000 | classify: 1.6578 | voltage: 1.0591 | total: 1.7107
[New] Epoch 770/1000 | classify: 1.5858 | voltage: 1.0732 | total: 1.6395
--- 验证集 [epoch 770] ---
  准确率 (Accuracy):  0.8356
  精确率 (Precision): 0.7987
  召回率 (Recall):    0.7286
  F1 分数 (F1):       0.7396
[New] Epoch 771/1000 | classify: 1.6405 | voltage: 1.0839 | total: 1.6947
[New] Epoch 772/1000 | classify: 1.6057 | voltage: 1.0568 | total: 1.6585
[New] Epoch 773/1000 | classify: 1.9010 | voltage: 1.0685 | total: 1.9545
[New] Epoch 774/1000 | classify: 1.5392 | voltage: 1.0576 | total: 1.5921
[New] Epoch 775/1000 | classify: 1.6872 | voltage: 1.0702 | total: 1.7407
[New] Epoch 776/1000 | classify: 1.7074 | voltage: 1.0962 | total: 1.7622
[New] Epoch 777/1000 | classify: 1.7867 | voltage: 1.0805 | total: 1.8408
[New] Epoch 778/1000 | classify: 1.7325 | voltage: 1.0895 | total: 1.7870
[New] Epoch 779/1000 | classify: 1.6303 | voltage: 1.0775 | total: 1.6841
[New] Epoch 780/1000 | classify: 1.8488 | voltage: 1.1037 | total: 1.9040
--- 验证集 [epoch 780] ---
  准确率 (Accuracy):  0.8151
  精确率 (Precision): 0.7695
  召回率 (Recall):    0.7040
  F1 分数 (F1):       0.7129
[New] Epoch 781/1000 | classify: 1.6990 | voltage: 1.0889 | total: 1.7535
[New] Epoch 782/1000 | classify: 1.7287 | voltage: 1.0878 | total: 1.7831
[New] Epoch 783/1000 | classify: 1.4936 | voltage: 1.1055 | total: 1.5488
[New] Epoch 784/1000 | classify: 1.4956 | voltage: 1.1085 | total: 1.5510
[New] Epoch 785/1000 | classify: 1.6017 | voltage: 1.0777 | total: 1.6555
[New] Epoch 786/1000 | classify: 1.6123 | voltage: 1.1083 | total: 1.6677
[New] Epoch 787/1000 | classify: 1.8885 | voltage: 1.0720 | total: 1.9421
[New] Epoch 788/1000 | classify: 1.4750 | voltage: 1.0884 | total: 1.5294
[New] Epoch 789/1000 | classify: 1.5939 | voltage: 1.0659 | total: 1.6472
[New] Epoch 790/1000 | classify: 1.7090 | voltage: 1.1135 | total: 1.7647
--- 验证集 [epoch 790] ---
  准确率 (Accuracy):  0.8219
  精确率 (Precision): 0.7500
  召回率 (Recall):    0.7410
  F1 分数 (F1):       0.7346
[New] Epoch 791/1000 | classify: 1.6344 | voltage: 1.0920 | total: 1.6890
[New] Epoch 792/1000 | classify: 1.6746 | voltage: 1.1098 | total: 1.7301
[New] Epoch 793/1000 | classify: 1.8336 | voltage: 1.1236 | total: 1.8898
[New] Epoch 794/1000 | classify: 1.7021 | voltage: 1.1135 | total: 1.7578
[New] Epoch 795/1000 | classify: 1.6221 | voltage: 1.1163 | total: 1.6779
[New] Epoch 796/1000 | classify: 1.6429 | voltage: 1.1125 | total: 1.6985
[New] Epoch 797/1000 | classify: 1.5073 | voltage: 1.0984 | total: 1.5622
[New] Epoch 798/1000 | classify: 1.5048 | voltage: 1.1178 | total: 1.5607
[New] Epoch 799/1000 | classify: 1.6736 | voltage: 1.0989 | total: 1.7285
[New] Epoch 800/1000 | classify: 1.6937 | voltage: 1.0749 | total: 1.7475
--- 验证集 [epoch 800] ---
  准确率 (Accuracy):  0.8082
  精确率 (Precision): 0.7987
  召回率 (Recall):    0.6912
  F1 分数 (F1):       0.7178
✅ 模型已保存到 /home/kudouzala/Application/ion_detect/output/trained_model_save/exp_new_d_num_tp2/trained_model_epoch_800.pth
📁 损失值已保存到 /home/kudouzala/Application/ion_detect/output/trained_model_save/exp_new_d_num_tp2/training_loss_epoch_800.csv
[New] Epoch 801/1000 | classify: 1.8530 | voltage: 1.1481 | total: 1.9104
[New] Epoch 802/1000 | classify: 1.8081 | voltage: 1.1439 | total: 1.8653
[New] Epoch 803/1000 | classify: 1.6332 | voltage: 1.1373 | total: 1.6901
[New] Epoch 804/1000 | classify: 1.6943 | voltage: 1.0924 | total: 1.7489
[New] Epoch 805/1000 | classify: 1.7560 | voltage: 1.1062 | total: 1.8114
[New] Epoch 806/1000 | classify: 1.7005 | voltage: 1.1224 | total: 1.7566
[New] Epoch 807/1000 | classify: 1.6516 | voltage: 1.1244 | total: 1.7078
[New] Epoch 808/1000 | classify: 1.6127 | voltage: 1.1346 | total: 1.6694
[New] Epoch 809/1000 | classify: 1.8577 | voltage: 1.1439 | total: 1.9149
[New] Epoch 810/1000 | classify: 1.7805 | voltage: 1.1504 | total: 1.8380
--- 验证集 [epoch 810] ---
  准确率 (Accuracy):  0.7945
  精确率 (Precision): 0.7865
  召回率 (Recall):    0.7218
  F1 分数 (F1):       0.7147
[New] Epoch 811/1000 | classify: 1.7380 | voltage: 1.1275 | total: 1.7944
[New] Epoch 812/1000 | classify: 1.7068 | voltage: 1.1236 | total: 1.7630
[New] Epoch 813/1000 | classify: 1.6738 | voltage: 1.1150 | total: 1.7295
[New] Epoch 814/1000 | classify: 1.6816 | voltage: 1.1607 | total: 1.7397
[New] Epoch 815/1000 | classify: 1.7805 | voltage: 1.1270 | total: 1.8368
[New] Epoch 816/1000 | classify: 1.6392 | voltage: 1.1613 | total: 1.6973
[New] Epoch 817/1000 | classify: 1.6993 | voltage: 1.1318 | total: 1.7559
[New] Epoch 818/1000 | classify: 1.7019 | voltage: 1.1520 | total: 1.7595
[New] Epoch 819/1000 | classify: 1.5933 | voltage: 1.1128 | total: 1.6489
[New] Epoch 820/1000 | classify: 1.7180 | voltage: 1.1393 | total: 1.7750
--- 验证集 [epoch 820] ---
  准确率 (Accuracy):  0.7945
  精确率 (Precision): 0.7405
  召回率 (Recall):    0.6886
  F1 分数 (F1):       0.7053
[New] Epoch 821/1000 | classify: 1.5723 | voltage: 1.1258 | total: 1.6285
[New] Epoch 822/1000 | classify: 1.6238 | voltage: 1.1554 | total: 1.6816
[New] Epoch 823/1000 | classify: 1.6357 | voltage: 1.1126 | total: 1.6913
[New] Epoch 824/1000 | classify: 1.5934 | voltage: 1.1353 | total: 1.6501
[New] Epoch 825/1000 | classify: 1.7533 | voltage: 1.1326 | total: 1.8099
[New] Epoch 826/1000 | classify: 1.8407 | voltage: 1.1665 | total: 1.8991
[New] Epoch 827/1000 | classify: 1.5944 | voltage: 1.1334 | total: 1.6511
[New] Epoch 828/1000 | classify: 1.7491 | voltage: 1.1436 | total: 1.8063
[New] Epoch 829/1000 | classify: 1.7384 | voltage: 1.1661 | total: 1.7967
[New] Epoch 830/1000 | classify: 1.5476 | voltage: 1.1551 | total: 1.6054
--- 验证集 [epoch 830] ---
  准确率 (Accuracy):  0.7740
  精确率 (Precision): 0.6930
  召回率 (Recall):    0.7115
  F1 分数 (F1):       0.6960
[New] Epoch 831/1000 | classify: 1.7371 | voltage: 1.1611 | total: 1.7951
[New] Epoch 832/1000 | classify: 1.7350 | voltage: 1.1631 | total: 1.7932
[New] Epoch 833/1000 | classify: 1.7037 | voltage: 1.1708 | total: 1.7623
[New] Epoch 834/1000 | classify: 1.7380 | voltage: 1.1331 | total: 1.7947
[New] Epoch 835/1000 | classify: 1.6721 | voltage: 1.1575 | total: 1.7300
[New] Epoch 836/1000 | classify: 1.7371 | voltage: 1.1603 | total: 1.7951
[New] Epoch 837/1000 | classify: 1.6564 | voltage: 1.1709 | total: 1.7149
[New] Epoch 838/1000 | classify: 1.5781 | voltage: 1.1442 | total: 1.6353
[New] Epoch 839/1000 | classify: 1.7510 | voltage: 1.1737 | total: 1.8097
[New] Epoch 840/1000 | classify: 1.7737 | voltage: 1.1333 | total: 1.8303
--- 验证集 [epoch 840] ---
  准确率 (Accuracy):  0.8356
  精确率 (Precision): 0.8043
  召回率 (Recall):    0.7295
  F1 分数 (F1):       0.7384
[New] Epoch 841/1000 | classify: 1.6500 | voltage: 1.1413 | total: 1.7070
[New] Epoch 842/1000 | classify: 1.6187 | voltage: 1.1635 | total: 1.6768
[New] Epoch 843/1000 | classify: 1.6945 | voltage: 1.1626 | total: 1.7526
[New] Epoch 844/1000 | classify: 1.7336 | voltage: 1.1672 | total: 1.7920
[New] Epoch 845/1000 | classify: 1.5525 | voltage: 1.1551 | total: 1.6103
[New] Epoch 846/1000 | classify: 1.7662 | voltage: 1.1545 | total: 1.8239
[New] Epoch 847/1000 | classify: 1.6446 | voltage: 1.1794 | total: 1.7035
[New] Epoch 848/1000 | classify: 1.7676 | voltage: 1.1794 | total: 1.8266
[New] Epoch 849/1000 | classify: 1.6119 | voltage: 1.1638 | total: 1.6701
[New] Epoch 850/1000 | classify: 1.6198 | voltage: 1.1777 | total: 1.6787
--- 验证集 [epoch 850] ---
  准确率 (Accuracy):  0.8219
  精确率 (Precision): 0.7933
  召回率 (Recall):    0.7048
  F1 分数 (F1):       0.7193
✅ 模型已保存到 /home/kudouzala/Application/ion_detect/output/trained_model_save/exp_new_d_num_tp2/trained_model_epoch_850.pth
📁 损失值已保存到 /home/kudouzala/Application/ion_detect/output/trained_model_save/exp_new_d_num_tp2/training_loss_epoch_850.csv
[New] Epoch 851/1000 | classify: 1.7022 | voltage: 1.2138 | total: 1.7629
[New] Epoch 852/1000 | classify: 1.6903 | voltage: 1.1870 | total: 1.7496
[New] Epoch 853/1000 | classify: 1.6909 | voltage: 1.1782 | total: 1.7498
[New] Epoch 854/1000 | classify: 1.6280 | voltage: 1.1582 | total: 1.6859
[New] Epoch 855/1000 | classify: 1.7239 | voltage: 1.1731 | total: 1.7826
[New] Epoch 856/1000 | classify: 1.7291 | voltage: 1.1818 | total: 1.7882
[New] Epoch 857/1000 | classify: 1.5976 | voltage: 1.2050 | total: 1.6579
[New] Epoch 858/1000 | classify: 1.7317 | voltage: 1.1957 | total: 1.7915
[New] Epoch 859/1000 | classify: 1.5770 | voltage: 1.1698 | total: 1.6355
[New] Epoch 860/1000 | classify: 1.6701 | voltage: 1.1676 | total: 1.7285
--- 验证集 [epoch 860] ---
  准确率 (Accuracy):  0.8219
  精确率 (Precision): 0.8035
  召回率 (Recall):    0.7048
  F1 分数 (F1):       0.7225
[New] Epoch 861/1000 | classify: 1.7343 | voltage: 1.2205 | total: 1.7953
[New] Epoch 862/1000 | classify: 1.8710 | voltage: 1.2189 | total: 1.9319
[New] Epoch 863/1000 | classify: 1.7405 | voltage: 1.1943 | total: 1.8002
[New] Epoch 864/1000 | classify: 1.6513 | voltage: 1.1910 | total: 1.7108
[New] Epoch 865/1000 | classify: 1.8019 | voltage: 1.2027 | total: 1.8620
[New] Epoch 866/1000 | classify: 1.6693 | voltage: 1.1994 | total: 1.7293
[New] Epoch 867/1000 | classify: 1.7050 | voltage: 1.1656 | total: 1.7633
[New] Epoch 868/1000 | classify: 1.6606 | voltage: 1.2041 | total: 1.7208
[New] Epoch 869/1000 | classify: 1.8814 | voltage: 1.2073 | total: 1.9418
[New] Epoch 870/1000 | classify: 1.7856 | voltage: 1.1691 | total: 1.8441
--- 验证集 [epoch 870] ---
  准确率 (Accuracy):  0.8288
  精确率 (Precision): 0.8229
  召回率 (Recall):    0.7266
  F1 分数 (F1):       0.7387
[New] Epoch 871/1000 | classify: 1.5536 | voltage: 1.1753 | total: 1.6123
[New] Epoch 872/1000 | classify: 1.6513 | voltage: 1.1853 | total: 1.7105
[New] Epoch 873/1000 | classify: 1.6632 | voltage: 1.2130 | total: 1.7238
[New] Epoch 874/1000 | classify: 1.7031 | voltage: 1.1779 | total: 1.7620
[New] Epoch 875/1000 | classify: 1.8480 | voltage: 1.2011 | total: 1.9080
[New] Epoch 876/1000 | classify: 1.5164 | voltage: 1.1923 | total: 1.5761
[New] Epoch 877/1000 | classify: 1.8408 | voltage: 1.2292 | total: 1.9023
[New] Epoch 878/1000 | classify: 1.7019 | voltage: 1.2101 | total: 1.7624
[New] Epoch 879/1000 | classify: 1.6206 | voltage: 1.2001 | total: 1.6806
[New] Epoch 880/1000 | classify: 1.8773 | voltage: 1.2193 | total: 1.9383
--- 验证集 [epoch 880] ---
  准确率 (Accuracy):  0.8219
  精确率 (Precision): 0.7869
  召回率 (Recall):    0.7159
  F1 分数 (F1):       0.7232
[New] Epoch 881/1000 | classify: 1.7455 | voltage: 1.2017 | total: 1.8056
[New] Epoch 882/1000 | classify: 1.6991 | voltage: 1.2075 | total: 1.7594
[New] Epoch 883/1000 | classify: 1.6503 | voltage: 1.2167 | total: 1.7111
[New] Epoch 884/1000 | classify: 1.6988 | voltage: 1.1855 | total: 1.7581
[New] Epoch 885/1000 | classify: 1.6461 | voltage: 1.2097 | total: 1.7066
[New] Epoch 886/1000 | classify: 1.6233 | voltage: 1.2154 | total: 1.6841
[New] Epoch 887/1000 | classify: 1.6518 | voltage: 1.1985 | total: 1.7117
[New] Epoch 888/1000 | classify: 1.5085 | voltage: 1.2176 | total: 1.5694
[New] Epoch 889/1000 | classify: 1.8802 | voltage: 1.1970 | total: 1.9400
[New] Epoch 890/1000 | classify: 1.8607 | voltage: 1.2127 | total: 1.9213
--- 验证集 [epoch 890] ---
  准确率 (Accuracy):  0.8151
  精确率 (Precision): 0.7314
  召回率 (Recall):    0.7276
  F1 分数 (F1):       0.7201
[New] Epoch 891/1000 | classify: 1.6739 | voltage: 1.2183 | total: 1.7348
[New] Epoch 892/1000 | classify: 1.6184 | voltage: 1.2210 | total: 1.6795
[New] Epoch 893/1000 | classify: 1.6347 | voltage: 1.2199 | total: 1.6957
[New] Epoch 894/1000 | classify: 1.6772 | voltage: 1.2081 | total: 1.7376
[New] Epoch 895/1000 | classify: 1.6827 | voltage: 1.2216 | total: 1.7438
[New] Epoch 896/1000 | classify: 1.5918 | voltage: 1.1981 | total: 1.6517
[New] Epoch 897/1000 | classify: 1.5792 | voltage: 1.2129 | total: 1.6399
[New] Epoch 898/1000 | classify: 1.8288 | voltage: 1.2255 | total: 1.8901
[New] Epoch 899/1000 | classify: 1.6295 | voltage: 1.2274 | total: 1.6909
[New] Epoch 900/1000 | classify: 1.6442 | voltage: 1.1968 | total: 1.7041
--- 验证集 [epoch 900] ---
  准确率 (Accuracy):  0.8219
  精确率 (Precision): 0.8066
  召回率 (Recall):    0.7099
  F1 分数 (F1):       0.7250
✅ 模型已保存到 /home/kudouzala/Application/ion_detect/output/trained_model_save/exp_new_d_num_tp2/trained_model_epoch_900.pth
📁 损失值已保存到 /home/kudouzala/Application/ion_detect/output/trained_model_save/exp_new_d_num_tp2/training_loss_epoch_900.csv
[New] Epoch 901/1000 | classify: 1.7025 | voltage: 1.2422 | total: 1.7647
[New] Epoch 902/1000 | classify: 1.7084 | voltage: 1.2159 | total: 1.7692
[New] Epoch 903/1000 | classify: 1.4800 | voltage: 1.2107 | total: 1.5405
[New] Epoch 904/1000 | classify: 1.6386 | voltage: 1.2182 | total: 1.6995
[New] Epoch 905/1000 | classify: 1.7172 | voltage: 1.1962 | total: 1.7770
[New] Epoch 906/1000 | classify: 1.9455 | voltage: 1.2452 | total: 2.0077
[New] Epoch 907/1000 | classify: 1.5455 | voltage: 1.2050 | total: 1.6058
[New] Epoch 908/1000 | classify: 1.8643 | voltage: 1.2475 | total: 1.9266
[New] Epoch 909/1000 | classify: 1.7057 | voltage: 1.2206 | total: 1.7667
[New] Epoch 910/1000 | classify: 1.8412 | voltage: 1.2562 | total: 1.9040
--- 验证集 [epoch 910] ---
  准确率 (Accuracy):  0.8151
  精确率 (Precision): 0.7928
  召回率 (Recall):    0.7079
  F1 分数 (F1):       0.7180
[New] Epoch 911/1000 | classify: 1.7300 | voltage: 1.2309 | total: 1.7916
[New] Epoch 912/1000 | classify: 1.5804 | voltage: 1.2332 | total: 1.6420
[New] Epoch 913/1000 | classify: 1.6616 | voltage: 1.2386 | total: 1.7235
[New] Epoch 914/1000 | classify: 1.6190 | voltage: 1.2299 | total: 1.6804
[New] Epoch 915/1000 | classify: 1.6188 | voltage: 1.1972 | total: 1.6787
[New] Epoch 916/1000 | classify: 1.8262 | voltage: 1.2519 | total: 1.8888
[New] Epoch 917/1000 | classify: 1.8497 | voltage: 1.2078 | total: 1.9101
[New] Epoch 918/1000 | classify: 1.7468 | voltage: 1.2064 | total: 1.8071
[New] Epoch 919/1000 | classify: 1.7688 | voltage: 1.2328 | total: 1.8305
[New] Epoch 920/1000 | classify: 1.6003 | voltage: 1.2123 | total: 1.6609
--- 验证集 [epoch 920] ---
  准确率 (Accuracy):  0.8014
  精确率 (Precision): 0.7720
  召回率 (Recall):    0.6793
  F1 分数 (F1):       0.6998
[New] Epoch 921/1000 | classify: 1.7358 | voltage: 1.2297 | total: 1.7973
[New] Epoch 922/1000 | classify: 1.6629 | voltage: 1.2225 | total: 1.7240
[New] Epoch 923/1000 | classify: 1.6785 | voltage: 1.2411 | total: 1.7405
[New] Epoch 924/1000 | classify: 1.7539 | voltage: 1.2466 | total: 1.8163
[New] Epoch 925/1000 | classify: 1.7083 | voltage: 1.2294 | total: 1.7698
[New] Epoch 926/1000 | classify: 1.6000 | voltage: 1.2145 | total: 1.6608
[New] Epoch 927/1000 | classify: 1.7830 | voltage: 1.2444 | total: 1.8452
[New] Epoch 928/1000 | classify: 1.6452 | voltage: 1.2325 | total: 1.7069
[New] Epoch 929/1000 | classify: 1.7328 | voltage: 1.2282 | total: 1.7942
[New] Epoch 930/1000 | classify: 1.7147 | voltage: 1.2298 | total: 1.7761
--- 验证集 [epoch 930] ---
  准确率 (Accuracy):  0.8151
  精确率 (Precision): 0.8029
  召回率 (Recall):    0.7079
  F1 分数 (F1):       0.7212
[New] Epoch 931/1000 | classify: 1.6682 | voltage: 1.2332 | total: 1.7298
[New] Epoch 932/1000 | classify: 1.7589 | voltage: 1.2320 | total: 1.8205
[New] Epoch 933/1000 | classify: 1.6795 | voltage: 1.2597 | total: 1.7425
[New] Epoch 934/1000 | classify: 1.7563 | voltage: 1.2600 | total: 1.8193
[New] Epoch 935/1000 | classify: 1.6628 | voltage: 1.2333 | total: 1.7245
[New] Epoch 936/1000 | classify: 1.7282 | voltage: 1.2422 | total: 1.7903
[New] Epoch 937/1000 | classify: 1.4798 | voltage: 1.2460 | total: 1.5421
[New] Epoch 938/1000 | classify: 1.7659 | voltage: 1.2204 | total: 1.8269
[New] Epoch 939/1000 | classify: 1.6003 | voltage: 1.2567 | total: 1.6632
[New] Epoch 940/1000 | classify: 1.5993 | voltage: 1.2665 | total: 1.6626
--- 验证集 [epoch 940] ---
  准确率 (Accuracy):  0.8082
  精确率 (Precision): 0.7833
  召回率 (Recall):    0.6912
  F1 分数 (F1):       0.7119
[New] Epoch 941/1000 | classify: 1.7516 | voltage: 1.2444 | total: 1.8139
[New] Epoch 942/1000 | classify: 1.4716 | voltage: 1.2517 | total: 1.5342
[New] Epoch 943/1000 | classify: 1.6411 | voltage: 1.2422 | total: 1.7032
[New] Epoch 944/1000 | classify: 1.6594 | voltage: 1.2648 | total: 1.7226
[New] Epoch 945/1000 | classify: 1.6653 | voltage: 1.2644 | total: 1.7285
[New] Epoch 946/1000 | classify: 1.6501 | voltage: 1.2581 | total: 1.7130
[New] Epoch 947/1000 | classify: 1.6907 | voltage: 1.2222 | total: 1.7518
[New] Epoch 948/1000 | classify: 1.7802 | voltage: 1.2477 | total: 1.8426
[New] Epoch 949/1000 | classify: 1.7695 | voltage: 1.2796 | total: 1.8335
[New] Epoch 950/1000 | classify: 1.7072 | voltage: 1.2508 | total: 1.7698
--- 验证集 [epoch 950] ---
  准确率 (Accuracy):  0.8288
  精确率 (Precision): 0.8067
  召回率 (Recall):    0.7215
  F1 分数 (F1):       0.7324
✅ 模型已保存到 /home/kudouzala/Application/ion_detect/output/trained_model_save/exp_new_d_num_tp2/trained_model_epoch_950.pth
📁 损失值已保存到 /home/kudouzala/Application/ion_detect/output/trained_model_save/exp_new_d_num_tp2/training_loss_epoch_950.csv
[New] Epoch 951/1000 | classify: 1.6243 | voltage: 1.2390 | total: 1.6863
[New] Epoch 952/1000 | classify: 1.7535 | voltage: 1.2686 | total: 1.8169
[New] Epoch 953/1000 | classify: 1.8081 | voltage: 1.2836 | total: 1.8723
[New] Epoch 954/1000 | classify: 1.6451 | voltage: 1.2339 | total: 1.7068
[New] Epoch 955/1000 | classify: 1.5986 | voltage: 1.2493 | total: 1.6611
[New] Epoch 956/1000 | classify: 1.6009 | voltage: 1.2541 | total: 1.6636
[New] Epoch 957/1000 | classify: 1.8215 | voltage: 1.2417 | total: 1.8836
[New] Epoch 958/1000 | classify: 1.7741 | voltage: 1.2692 | total: 1.8376
[New] Epoch 959/1000 | classify: 1.8297 | voltage: 1.2720 | total: 1.8933
[New] Epoch 960/1000 | classify: 1.5005 | voltage: 1.2643 | total: 1.5638
--- 验证集 [epoch 960] ---
  准确率 (Accuracy):  0.8082
  精确率 (Precision): 0.7912
  召回率 (Recall):    0.6912
  F1 分数 (F1):       0.7114
[New] Epoch 961/1000 | classify: 1.8006 | voltage: 1.2539 | total: 1.8633
[New] Epoch 962/1000 | classify: 1.5608 | voltage: 1.2302 | total: 1.6223
[New] Epoch 963/1000 | classify: 1.6955 | voltage: 1.2426 | total: 1.7576
[New] Epoch 964/1000 | classify: 1.6023 | voltage: 1.2378 | total: 1.6642
[New] Epoch 965/1000 | classify: 1.5572 | voltage: 1.2758 | total: 1.6210
[New] Epoch 966/1000 | classify: 1.8528 | voltage: 1.2262 | total: 1.9141
[New] Epoch 967/1000 | classify: 1.6831 | voltage: 1.2540 | total: 1.7458
[New] Epoch 968/1000 | classify: 1.6874 | voltage: 1.2368 | total: 1.7492
[New] Epoch 969/1000 | classify: 1.6383 | voltage: 1.2328 | total: 1.7000
[New] Epoch 970/1000 | classify: 1.6557 | voltage: 1.2481 | total: 1.7181
--- 验证集 [epoch 970] ---
  准确率 (Accuracy):  0.8082
  精确率 (Precision): 0.7987
  召回率 (Recall):    0.6912
  F1 分数 (F1):       0.7128
[New] Epoch 971/1000 | classify: 1.7381 | voltage: 1.2486 | total: 1.8005
[New] Epoch 972/1000 | classify: 1.7790 | voltage: 1.2551 | total: 1.8418
[New] Epoch 973/1000 | classify: 1.5932 | voltage: 1.2392 | total: 1.6552
[New] Epoch 974/1000 | classify: 1.6185 | voltage: 1.2167 | total: 1.6793
[New] Epoch 975/1000 | classify: 1.5305 | voltage: 1.2560 | total: 1.5933
[New] Epoch 976/1000 | classify: 1.6850 | voltage: 1.2701 | total: 1.7485
[New] Epoch 977/1000 | classify: 1.6806 | voltage: 1.2576 | total: 1.7434
[New] Epoch 978/1000 | classify: 1.6458 | voltage: 1.2595 | total: 1.7087
[New] Epoch 979/1000 | classify: 1.6195 | voltage: 1.2783 | total: 1.6834
[New] Epoch 980/1000 | classify: 1.6767 | voltage: 1.2883 | total: 1.7411
--- 验证集 [epoch 980] ---
  准确率 (Accuracy):  0.8082
  精确率 (Precision): 0.7869
  召回率 (Recall):    0.7011
  F1 分数 (F1):       0.7122
[New] Epoch 981/1000 | classify: 1.6356 | voltage: 1.2351 | total: 1.6974
[New] Epoch 982/1000 | classify: 1.7470 | voltage: 1.2659 | total: 1.8103
[New] Epoch 983/1000 | classify: 1.8161 | voltage: 1.2342 | total: 1.8778
[New] Epoch 984/1000 | classify: 1.6386 | voltage: 1.2414 | total: 1.7007
[New] Epoch 985/1000 | classify: 1.9031 | voltage: 1.2585 | total: 1.9660
[New] Epoch 986/1000 | classify: 1.6700 | voltage: 1.2719 | total: 1.7336
[New] Epoch 987/1000 | classify: 1.5920 | voltage: 1.2187 | total: 1.6529
[New] Epoch 988/1000 | classify: 1.8054 | voltage: 1.2528 | total: 1.8681
[New] Epoch 989/1000 | classify: 1.6955 | voltage: 1.2849 | total: 1.7597
[New] Epoch 990/1000 | classify: 1.5967 | voltage: 1.2586 | total: 1.6596
--- 验证集 [epoch 990] ---
  准确率 (Accuracy):  0.8288
  精确率 (Precision): 0.7957
  召回率 (Recall):    0.7167
  F1 分数 (F1):       0.7258
[New] Epoch 991/1000 | classify: 1.7157 | voltage: 1.2674 | total: 1.7791
[New] Epoch 992/1000 | classify: 1.7725 | voltage: 1.2720 | total: 1.8361
[New] Epoch 993/1000 | classify: 1.7712 | voltage: 1.2597 | total: 1.8342
[New] Epoch 994/1000 | classify: 1.7803 | voltage: 1.2307 | total: 1.8418
[New] Epoch 995/1000 | classify: 1.5779 | voltage: 1.2461 | total: 1.6402
[New] Epoch 996/1000 | classify: 1.6825 | voltage: 1.2891 | total: 1.7470
[New] Epoch 997/1000 | classify: 1.7082 | voltage: 1.2474 | total: 1.7706
[New] Epoch 998/1000 | classify: 1.9350 | voltage: 1.2390 | total: 1.9970
[New] Epoch 999/1000 | classify: 1.7101 | voltage: 1.2425 | total: 1.7722
[New] Epoch 1000/1000 | classify: 1.5831 | voltage: 1.2548 | total: 1.6459
--- 验证集 [epoch 1000] ---
  准确率 (Accuracy):  0.8219
  精确率 (Precision): 0.7933
  召回率 (Recall):    0.7048
  F1 分数 (F1):       0.7193
✅ 模型已保存到 /home/kudouzala/Application/ion_detect/output/trained_model_save/exp_new_d_num_tp2/trained_model_epoch_1000.pth
📁 损失值已保存到 /home/kudouzala/Application/ion_detect/output/trained_model_save/exp_new_d_num_tp2/training_loss_epoch_1000.csv
✅ 模型已保存到 /home/kudouzala/Application/ion_detect/output/trained_model_save/exp_new_d_num_tp2/trained_model_epoch_final.pth
📁 损失值已保存到 /home/kudouzala/Application/ion_detect/output/trained_model_save/exp_new_d_num_tp2/training_loss_epoch_final.csv
