✅ no_overlap 划分: 测试集 150 个（ion_column 74 个，≤3/10）-> /home/kudouzala/Application/ion_detect/datasets/datasets_for_all_test_no_overlap/exp_new_b_num_tp4，训练集 639 个 -> /home/kudouzala/Application/ion_detect/datasets/datasets_for_all_train_no_overlap/exp_new_b_num_tp4（已排除同前缀且窗口含测试前 4 个时间点的样本）
✅ 当前使用设备: cuda
📂 训练集目录: /home/kudouzala/Application/ion_detect/datasets/datasets_for_all_train_no_overlap/exp_new_b_num_tp4
📂 测试/验证集目录: /home/kudouzala/Application/ion_detect/datasets/datasets_for_all_test_no_overlap/exp_new_b_num_tp4
🧪 experiment: exp_new_b_num_tp4
🚀 进入训练模式 (--train)
Skipping file 20240918_2ppm钙离子污染测试_新版电解槽_ion_gamry_[36, 38, 40, 42].xlsx: impedance points 57 < 63
Skipping file 20250317_2ppm钠离子污染测试_新版电解槽_ion_gamry_[16, 18, 20, 22].xlsx: impedance points 61 < 63
Skipping file 20240822_10ppm铜离子污染测试_新版电解槽_ion_column_gamry_[36, 38, 40, 42].xlsx: impedance points 54 < 63
[LEAK-CHECK] overlap(train, val) = 0
[DEBUG] data_folder = /home/kudouzala/Application/ion_detect/datasets/datasets_for_all_train_no_overlap/exp_new_b_num_tp4
[DEBUG] base_train.file_names[:10] =
   20241107_0.1ppm钙离子污染及恢复测试_新版电解槽_ion_firecloud_[14, 16, 18, 20].xlsx
   20240910_10ppm钙离子污染测试_新版电解槽_ion_column_gamry_[2, 4, 6, 8].xlsx
   20241006_2ppm铬离子污染测试_旧版电解槽_ion_firecloud_[22, 24, 26, 28].xlsx
   20241117_2ppm钠离子污染及恢复测试40摄氏度_新版电解槽_ion_gamry_[22, 24, 26, 28].xlsx
   20241227_10ppm铜离子污染及恢复测试_旧版电解槽_ion_gamry_[4, 6, 8, 10].xlsx
   20241003_2ppm镍离子污染测试_新版电解槽_ion_gamry_[20, 22, 24, 26].xlsx
   20241112_2ppm钠离子污染和恢复测试80摄氏度_新版电解槽_ion_column_renew_H2SO4_gamry_[14, 16, 18, 20].xlsx
   20240910_10ppm钙离子污染测试_新版电解槽_ion_gamry_[2, 4, 6, 8].xlsx
   20241213_2ppm钠离子污染及恢复测试_新版电解槽_ion_column_renew_H2SO4_gamry_[12, 14, 16, 18].xlsx
   20241010_2ppm钠离子污染测试_新版电解槽_ion_firecloud_[28, 30, 32, 34].xlsx
[DEBUG] exist check (first 10):
   /home/kudouzala/Application/ion_detect/datasets/datasets_for_all_train_no_overlap/exp_new_b_num_tp4/20241107_0.1ppm钙离子污染及恢复测试_新版电解槽_ion_firecloud_[14, 16, 18, 20].xlsx exists= True
   /home/kudouzala/Application/ion_detect/datasets/datasets_for_all_train_no_overlap/exp_new_b_num_tp4/20240910_10ppm钙离子污染测试_新版电解槽_ion_column_gamry_[2, 4, 6, 8].xlsx exists= True
   /home/kudouzala/Application/ion_detect/datasets/datasets_for_all_train_no_overlap/exp_new_b_num_tp4/20241006_2ppm铬离子污染测试_旧版电解槽_ion_firecloud_[22, 24, 26, 28].xlsx exists= True
   /home/kudouzala/Application/ion_detect/datasets/datasets_for_all_train_no_overlap/exp_new_b_num_tp4/20241117_2ppm钠离子污染及恢复测试40摄氏度_新版电解槽_ion_gamry_[22, 24, 26, 28].xlsx exists= True
   /home/kudouzala/Application/ion_detect/datasets/datasets_for_all_train_no_overlap/exp_new_b_num_tp4/20241227_10ppm铜离子污染及恢复测试_旧版电解槽_ion_gamry_[4, 6, 8, 10].xlsx exists= True
   /home/kudouzala/Application/ion_detect/datasets/datasets_for_all_train_no_overlap/exp_new_b_num_tp4/20241003_2ppm镍离子污染测试_新版电解槽_ion_gamry_[20, 22, 24, 26].xlsx exists= True
   /home/kudouzala/Application/ion_detect/datasets/datasets_for_all_train_no_overlap/exp_new_b_num_tp4/20241112_2ppm钠离子污染和恢复测试80摄氏度_新版电解槽_ion_column_renew_H2SO4_gamry_[14, 16, 18, 20].xlsx exists= True
   /home/kudouzala/Application/ion_detect/datasets/datasets_for_all_train_no_overlap/exp_new_b_num_tp4/20240910_10ppm钙离子污染测试_新版电解槽_ion_gamry_[2, 4, 6, 8].xlsx exists= True
   /home/kudouzala/Application/ion_detect/datasets/datasets_for_all_train_no_overlap/exp_new_b_num_tp4/20241213_2ppm钠离子污染及恢复测试_新版电解槽_ion_column_renew_H2SO4_gamry_[12, 14, 16, 18].xlsx exists= True
   /home/kudouzala/Application/ion_detect/datasets/datasets_for_all_train_no_overlap/exp_new_b_num_tp4/20241010_2ppm钠离子污染测试_新版电解槽_ion_firecloud_[28, 30, 32, 34].xlsx exists= True
Skipping file 20240822_10ppm铜离子污染测试_新版电解槽_ion_column_gamry_[28, 30, 32, 34].xlsx: impedance points 54 < 63
Skipping file 20240822_10ppm铜离子污染测试_新版电解槽_ion_column_gamry_[50, 52, 54, 56].xlsx: impedance points 54 < 63
Skipping file 20240822_10ppm铜离子污染测试_新版电解槽_ion_column_gamry_[16, 18, 20, 22].xlsx: impedance points 54 < 63
Skipping file 20240822_10ppm铜离子污染测试_新版电解槽_ion_column_gamry_[24, 26, 28, 30].xlsx: impedance points 54 < 63
Skipping file 20240822_10ppm铜离子污染测试_新版电解槽_ion_column_gamry_[44, 46, 48, 50].xlsx: impedance points 54 < 63

[PairDataset][Example pairs] (show up to 50)
  [1] A(idx=388) 20241107_0.1ppm钙离子污染及恢复测试_新版电解槽_ion_firecloud_[0, 2, 4, 6].xlsx  times=[0, 2, 4, 6]
      → B(idx=432) 20241107_0.1ppm钙离子污染及恢复测试_新版电解槽_ion_firecloud_[6, 8, 10, 12].xlsx  times=[6, 8, 10, 12]  dummy=False
  [2] A(idx=609) 20241107_0.1ppm钙离子污染及恢复测试_新版电解槽_ion_firecloud_[2, 4, 6, 8].xlsx  times=[2, 4, 6, 8]
      → B(idx=429) 20241107_0.1ppm钙离子污染及恢复测试_新版电解槽_ion_firecloud_[8, 10, 12, 14].xlsx  times=[8, 10, 12, 14]  dummy=False
  [3] A(idx=226) 20241107_0.1ppm钙离子污染及恢复测试_新版电解槽_ion_firecloud_[4, 6, 8, 10].xlsx  times=[4, 6, 8, 10]
      → B(idx=489) 20241107_0.1ppm钙离子污染及恢复测试_新版电解槽_ion_firecloud_[10, 12, 14, 16].xlsx  times=[10, 12, 14, 16]  dummy=False
  [4] A(idx=432) 20241107_0.1ppm钙离子污染及恢复测试_新版电解槽_ion_firecloud_[6, 8, 10, 12].xlsx  times=[6, 8, 10, 12]
      → B(idx=122) 20241107_0.1ppm钙离子污染及恢复测试_新版电解槽_ion_firecloud_[12, 14, 16, 18].xlsx  times=[12, 14, 16, 18]  dummy=False
  [5] A(idx=429) 20241107_0.1ppm钙离子污染及恢复测试_新版电解槽_ion_firecloud_[8, 10, 12, 14].xlsx  times=[8, 10, 12, 14]
      → B(idx=0) 20241107_0.1ppm钙离子污染及恢复测试_新版电解槽_ion_firecloud_[14, 16, 18, 20].xlsx  times=[14, 16, 18, 20]  dummy=False
  [6] A(idx=489) 20241107_0.1ppm钙离子污染及恢复测试_新版电解槽_ion_firecloud_[10, 12, 14, 16].xlsx  times=[10, 12, 14, 16]
      → B(idx=45) 20241107_0.1ppm钙离子污染及恢复测试_新版电解槽_ion_firecloud_[16, 18, 20, 22].xlsx  times=[16, 18, 20, 22]  dummy=False
  [7] A(idx=122) 20241107_0.1ppm钙离子污染及恢复测试_新版电解槽_ion_firecloud_[12, 14, 16, 18].xlsx  times=[12, 14, 16, 18]
      → B(idx=393) 20241107_0.1ppm钙离子污染及恢复测试_新版电解槽_ion_firecloud_[18, 20, 22, 24].xlsx  times=[18, 20, 22, 24]  dummy=False
  [8] A(idx=0) 20241107_0.1ppm钙离子污染及恢复测试_新版电解槽_ion_firecloud_[14, 16, 18, 20].xlsx  times=[14, 16, 18, 20]
      → B(idx=314) 20241107_0.1ppm钙离子污染及恢复测试_新版电解槽_ion_firecloud_[20, 22, 24, 26].xlsx  times=[20, 22, 24, 26]  dummy=False
  [9] A(idx=45) 20241107_0.1ppm钙离子污染及恢复测试_新版电解槽_ion_firecloud_[16, 18, 20, 22].xlsx  times=[16, 18, 20, 22]
      → B(idx=45) 20241107_0.1ppm钙离子污染及恢复测试_新版电解槽_ion_firecloud_[16, 18, 20, 22].xlsx  times=[16, 18, 20, 22]  dummy=True
  [10] A(idx=393) 20241107_0.1ppm钙离子污染及恢复测试_新版电解槽_ion_firecloud_[18, 20, 22, 24].xlsx  times=[18, 20, 22, 24]
      → B(idx=393) 20241107_0.1ppm钙离子污染及恢复测试_新版电解槽_ion_firecloud_[18, 20, 22, 24].xlsx  times=[18, 20, 22, 24]  dummy=True
  [11] A(idx=314) 20241107_0.1ppm钙离子污染及恢复测试_新版电解槽_ion_firecloud_[20, 22, 24, 26].xlsx  times=[20, 22, 24, 26]
      → B(idx=314) 20241107_0.1ppm钙离子污染及恢复测试_新版电解槽_ion_firecloud_[20, 22, 24, 26].xlsx  times=[20, 22, 24, 26]  dummy=True
  [12] A(idx=59) 20241107_0.1ppm钙离子污染及恢复测试_新版电解槽_ion_firecloud_[36, 38, 40, 42].xlsx  times=[36, 38, 40, 42]
      → B(idx=59) 20241107_0.1ppm钙离子污染及恢复测试_新版电解槽_ion_firecloud_[36, 38, 40, 42].xlsx  times=[36, 38, 40, 42]  dummy=True
  [13] A(idx=118) 20241107_0.1ppm钙离子污染及恢复测试_新版电解槽_ion_firecloud_[38, 40, 42, 44].xlsx  times=[38, 40, 42, 44]
      → B(idx=118) 20241107_0.1ppm钙离子污染及恢复测试_新版电解槽_ion_firecloud_[38, 40, 42, 44].xlsx  times=[38, 40, 42, 44]  dummy=True
  [14] A(idx=294) 20241107_0.1ppm钙离子污染及恢复测试_新版电解槽_ion_firecloud_[40, 42, 44, 46].xlsx  times=[40, 42, 44, 46]
      → B(idx=294) 20241107_0.1ppm钙离子污染及恢复测试_新版电解槽_ion_firecloud_[40, 42, 44, 46].xlsx  times=[40, 42, 44, 46]  dummy=True
  [15] A(idx=427) 20240910_10ppm钙离子污染测试_新版电解槽_ion_column_gamry_[0, 2, 4, 6].xlsx  times=[0, 2, 4, 6]
      → B(idx=462) 20240910_10ppm钙离子污染测试_新版电解槽_ion_column_gamry_[6, 8, 10, 12].xlsx  times=[6, 8, 10, 12]  dummy=False
  [16] A(idx=1) 20240910_10ppm钙离子污染测试_新版电解槽_ion_column_gamry_[2, 4, 6, 8].xlsx  times=[2, 4, 6, 8]
      → B(idx=371) 20240910_10ppm钙离子污染测试_新版电解槽_ion_column_gamry_[8, 10, 12, 14].xlsx  times=[8, 10, 12, 14]  dummy=False
  [17] A(idx=483) 20240910_10ppm钙离子污染测试_新版电解槽_ion_column_gamry_[4, 6, 8, 10].xlsx  times=[4, 6, 8, 10]
      → B(idx=368) 20240910_10ppm钙离子污染测试_新版电解槽_ion_column_gamry_[10, 12, 14, 16].xlsx  times=[10, 12, 14, 16]  dummy=False
  [18] A(idx=462) 20240910_10ppm钙离子污染测试_新版电解槽_ion_column_gamry_[6, 8, 10, 12].xlsx  times=[6, 8, 10, 12]
      → B(idx=138) 20240910_10ppm钙离子污染测试_新版电解槽_ion_column_gamry_[12, 14, 16, 18].xlsx  times=[12, 14, 16, 18]  dummy=False
  [19] A(idx=371) 20240910_10ppm钙离子污染测试_新版电解槽_ion_column_gamry_[8, 10, 12, 14].xlsx  times=[8, 10, 12, 14]
      → B(idx=326) 20240910_10ppm钙离子污染测试_新版电解槽_ion_column_gamry_[14, 16, 18, 20].xlsx  times=[14, 16, 18, 20]  dummy=False
  [20] A(idx=368) 20240910_10ppm钙离子污染测试_新版电解槽_ion_column_gamry_[10, 12, 14, 16].xlsx  times=[10, 12, 14, 16]
      → B(idx=368) 20240910_10ppm钙离子污染测试_新版电解槽_ion_column_gamry_[10, 12, 14, 16].xlsx  times=[10, 12, 14, 16]  dummy=True
  [21] A(idx=138) 20240910_10ppm钙离子污染测试_新版电解槽_ion_column_gamry_[12, 14, 16, 18].xlsx  times=[12, 14, 16, 18]
      → B(idx=138) 20240910_10ppm钙离子污染测试_新版电解槽_ion_column_gamry_[12, 14, 16, 18].xlsx  times=[12, 14, 16, 18]  dummy=True
  [22] A(idx=326) 20240910_10ppm钙离子污染测试_新版电解槽_ion_column_gamry_[14, 16, 18, 20].xlsx  times=[14, 16, 18, 20]
      → B(idx=326) 20240910_10ppm钙离子污染测试_新版电解槽_ion_column_gamry_[14, 16, 18, 20].xlsx  times=[14, 16, 18, 20]  dummy=True
  [23] A(idx=83) 20241006_2ppm铬离子污染测试_旧版电解槽_ion_firecloud_[0, 2, 4, 6].xlsx  times=[0, 2, 4, 6]
      → B(idx=83) 20241006_2ppm铬离子污染测试_旧版电解槽_ion_firecloud_[0, 2, 4, 6].xlsx  times=[0, 2, 4, 6]  dummy=True
  [24] A(idx=492) 20241006_2ppm铬离子污染测试_旧版电解槽_ion_firecloud_[2, 4, 6, 8].xlsx  times=[2, 4, 6, 8]
      → B(idx=492) 20241006_2ppm铬离子污染测试_旧版电解槽_ion_firecloud_[2, 4, 6, 8].xlsx  times=[2, 4, 6, 8]  dummy=True
  [25] A(idx=29) 20241006_2ppm铬离子污染测试_旧版电解槽_ion_firecloud_[18, 20, 22, 24].xlsx  times=[18, 20, 22, 24]
      → B(idx=76) 20241006_2ppm铬离子污染测试_旧版电解槽_ion_firecloud_[24, 26, 28, 30].xlsx  times=[24, 26, 28, 30]  dummy=False
  [26] A(idx=387) 20241006_2ppm铬离子污染测试_旧版电解槽_ion_firecloud_[20, 22, 24, 26].xlsx  times=[20, 22, 24, 26]
      → B(idx=233) 20241006_2ppm铬离子污染测试_旧版电解槽_ion_firecloud_[26, 28, 30, 32].xlsx  times=[26, 28, 30, 32]  dummy=False
  [27] A(idx=2) 20241006_2ppm铬离子污染测试_旧版电解槽_ion_firecloud_[22, 24, 26, 28].xlsx  times=[22, 24, 26, 28]
      → B(idx=511) 20241006_2ppm铬离子污染测试_旧版电解槽_ion_firecloud_[28, 30, 32, 34].xlsx  times=[28, 30, 32, 34]  dummy=False
  [28] A(idx=76) 20241006_2ppm铬离子污染测试_旧版电解槽_ion_firecloud_[24, 26, 28, 30].xlsx  times=[24, 26, 28, 30]
      → B(idx=228) 20241006_2ppm铬离子污染测试_旧版电解槽_ion_firecloud_[30, 32, 34, 36].xlsx  times=[30, 32, 34, 36]  dummy=False
  [29] A(idx=233) 20241006_2ppm铬离子污染测试_旧版电解槽_ion_firecloud_[26, 28, 30, 32].xlsx  times=[26, 28, 30, 32]
      → B(idx=518) 20241006_2ppm铬离子污染测试_旧版电解槽_ion_firecloud_[32, 34, 36, 38].xlsx  times=[32, 34, 36, 38]  dummy=False
  [30] A(idx=511) 20241006_2ppm铬离子污染测试_旧版电解槽_ion_firecloud_[28, 30, 32, 34].xlsx  times=[28, 30, 32, 34]
      → B(idx=242) 20241006_2ppm铬离子污染测试_旧版电解槽_ion_firecloud_[34, 36, 38, 40].xlsx  times=[34, 36, 38, 40]  dummy=False
  [31] A(idx=228) 20241006_2ppm铬离子污染测试_旧版电解槽_ion_firecloud_[30, 32, 34, 36].xlsx  times=[30, 32, 34, 36]
      → B(idx=85) 20241006_2ppm铬离子污染测试_旧版电解槽_ion_firecloud_[36, 38, 40, 42].xlsx  times=[36, 38, 40, 42]  dummy=False
  [32] A(idx=518) 20241006_2ppm铬离子污染测试_旧版电解槽_ion_firecloud_[32, 34, 36, 38].xlsx  times=[32, 34, 36, 38]
      → B(idx=614) 20241006_2ppm铬离子污染测试_旧版电解槽_ion_firecloud_[38, 40, 42, 44].xlsx  times=[38, 40, 42, 44]  dummy=False
  [33] A(idx=242) 20241006_2ppm铬离子污染测试_旧版电解槽_ion_firecloud_[34, 36, 38, 40].xlsx  times=[34, 36, 38, 40]
      → B(idx=100) 20241006_2ppm铬离子污染测试_旧版电解槽_ion_firecloud_[40, 42, 44, 46].xlsx  times=[40, 42, 44, 46]  dummy=False
  [34] A(idx=85) 20241006_2ppm铬离子污染测试_旧版电解槽_ion_firecloud_[36, 38, 40, 42].xlsx  times=[36, 38, 40, 42]
      → B(idx=391) 20241006_2ppm铬离子污染测试_旧版电解槽_ion_firecloud_[42, 44, 46, 48].xlsx  times=[42, 44, 46, 48]  dummy=False
  [35] A(idx=614) 20241006_2ppm铬离子污染测试_旧版电解槽_ion_firecloud_[38, 40, 42, 44].xlsx  times=[38, 40, 42, 44]
      → B(idx=73) 20241006_2ppm铬离子污染测试_旧版电解槽_ion_firecloud_[44, 46, 48, 50].xlsx  times=[44, 46, 48, 50]  dummy=False
  [36] A(idx=100) 20241006_2ppm铬离子污染测试_旧版电解槽_ion_firecloud_[40, 42, 44, 46].xlsx  times=[40, 42, 44, 46]
      → B(idx=507) 20241006_2ppm铬离子污染测试_旧版电解槽_ion_firecloud_[46, 48, 50, 52].xlsx  times=[46, 48, 50, 52]  dummy=False
  [37] A(idx=391) 20241006_2ppm铬离子污染测试_旧版电解槽_ion_firecloud_[42, 44, 46, 48].xlsx  times=[42, 44, 46, 48]
      → B(idx=391) 20241006_2ppm铬离子污染测试_旧版电解槽_ion_firecloud_[42, 44, 46, 48].xlsx  times=[42, 44, 46, 48]  dummy=True
  [38] A(idx=73) 20241006_2ppm铬离子污染测试_旧版电解槽_ion_firecloud_[44, 46, 48, 50].xlsx  times=[44, 46, 48, 50]
      → B(idx=73) 20241006_2ppm铬离子污染测试_旧版电解槽_ion_firecloud_[44, 46, 48, 50].xlsx  times=[44, 46, 48, 50]  dummy=True
  [39] A(idx=507) 20241006_2ppm铬离子污染测试_旧版电解槽_ion_firecloud_[46, 48, 50, 52].xlsx  times=[46, 48, 50, 52]
      → B(idx=507) 20241006_2ppm铬离子污染测试_旧版电解槽_ion_firecloud_[46, 48, 50, 52].xlsx  times=[46, 48, 50, 52]  dummy=True
  [40] A(idx=506) 20241117_2ppm钠离子污染及恢复测试40摄氏度_新版电解槽_ion_gamry_[16, 18, 20, 22].xlsx  times=[16, 18, 20, 22]
      → B(idx=3) 20241117_2ppm钠离子污染及恢复测试40摄氏度_新版电解槽_ion_gamry_[22, 24, 26, 28].xlsx  times=[22, 24, 26, 28]  dummy=False
  [41] A(idx=469) 20241117_2ppm钠离子污染及恢复测试40摄氏度_新版电解槽_ion_gamry_[18, 20, 22, 24].xlsx  times=[18, 20, 22, 24]
      → B(idx=404) 20241117_2ppm钠离子污染及恢复测试40摄氏度_新版电解槽_ion_gamry_[24, 26, 28, 30].xlsx  times=[24, 26, 28, 30]  dummy=False
  [42] A(idx=136) 20241117_2ppm钠离子污染及恢复测试40摄氏度_新版电解槽_ion_gamry_[20, 22, 24, 26].xlsx  times=[20, 22, 24, 26]
      → B(idx=30) 20241117_2ppm钠离子污染及恢复测试40摄氏度_新版电解槽_ion_gamry_[26, 28, 30, 32].xlsx  times=[26, 28, 30, 32]  dummy=False
  [43] A(idx=3) 20241117_2ppm钠离子污染及恢复测试40摄氏度_新版电解槽_ion_gamry_[22, 24, 26, 28].xlsx  times=[22, 24, 26, 28]
      → B(idx=290) 20241117_2ppm钠离子污染及恢复测试40摄氏度_新版电解槽_ion_gamry_[28, 30, 32, 34].xlsx  times=[28, 30, 32, 34]  dummy=False
  [44] A(idx=404) 20241117_2ppm钠离子污染及恢复测试40摄氏度_新版电解槽_ion_gamry_[24, 26, 28, 30].xlsx  times=[24, 26, 28, 30]
      → B(idx=594) 20241117_2ppm钠离子污染及恢复测试40摄氏度_新版电解槽_ion_gamry_[30, 32, 34, 36].xlsx  times=[30, 32, 34, 36]  dummy=False
  [45] A(idx=30) 20241117_2ppm钠离子污染及恢复测试40摄氏度_新版电解槽_ion_gamry_[26, 28, 30, 32].xlsx  times=[26, 28, 30, 32]
      → B(idx=520) 20241117_2ppm钠离子污染及恢复测试40摄氏度_新版电解槽_ion_gamry_[32, 34, 36, 38].xlsx  times=[32, 34, 36, 38]  dummy=False
  [46] A(idx=290) 20241117_2ppm钠离子污染及恢复测试40摄氏度_新版电解槽_ion_gamry_[28, 30, 32, 34].xlsx  times=[28, 30, 32, 34]
      → B(idx=312) 20241117_2ppm钠离子污染及恢复测试40摄氏度_新版电解槽_ion_gamry_[34, 36, 38, 40].xlsx  times=[34, 36, 38, 40]  dummy=False
  [47] A(idx=594) 20241117_2ppm钠离子污染及恢复测试40摄氏度_新版电解槽_ion_gamry_[30, 32, 34, 36].xlsx  times=[30, 32, 34, 36]
      → B(idx=201) 20241117_2ppm钠离子污染及恢复测试40摄氏度_新版电解槽_ion_gamry_[36, 38, 40, 42].xlsx  times=[36, 38, 40, 42]  dummy=False
  [48] A(idx=520) 20241117_2ppm钠离子污染及恢复测试40摄氏度_新版电解槽_ion_gamry_[32, 34, 36, 38].xlsx  times=[32, 34, 36, 38]
      → B(idx=134) 20241117_2ppm钠离子污染及恢复测试40摄氏度_新版电解槽_ion_gamry_[38, 40, 42, 44].xlsx  times=[38, 40, 42, 44]  dummy=False
  [49] A(idx=312) 20241117_2ppm钠离子污染及恢复测试40摄氏度_新版电解槽_ion_gamry_[34, 36, 38, 40].xlsx  times=[34, 36, 38, 40]
      → B(idx=312) 20241117_2ppm钠离子污染及恢复测试40摄氏度_新版电解槽_ion_gamry_[34, 36, 38, 40].xlsx  times=[34, 36, 38, 40]  dummy=True
  [50] A(idx=201) 20241117_2ppm钠离子污染及恢复测试40摄氏度_新版电解槽_ion_gamry_[36, 38, 40, 42].xlsx  times=[36, 38, 40, 42]
      → B(idx=201) 20241117_2ppm钠离子污染及恢复测试40摄氏度_新版电解槽_ion_gamry_[36, 38, 40, 42].xlsx  times=[36, 38, 40, 42]  dummy=True

[PairDataset][Summary]
- total files:        636
- parsed OK:          636
- regex fail:         0
- parse times fail:   0
- empty times:        0
- total pairs:        636  (keep_unpaired=self)
- distinct prefixes:  93
- prefixes coverage (first few):
  [1] 20241107_0.1ppm钙离子污染及恢复测试_新版电解槽_ion_firecloud_[* -> windows=14, adj_pairs=8/13
  [2] 20240910_10ppm钙离子污染测试_新版电解槽_ion_column_gamry_[* -> windows=8, adj_pairs=5/7
  [3] 20241006_2ppm铬离子污染测试_旧版电解槽_ion_firecloud_[* -> windows=17, adj_pairs=12/16
  [4] 20241117_2ppm钠离子污染及恢复测试40摄氏度_新版电解槽_ion_gamry_[* -> windows=12, adj_pairs=9/11
  [5] 20241227_10ppm铜离子污染及恢复测试_旧版电解槽_ion_gamry_[* -> windows=14, adj_pairs=10/13
  [6] 20241003_2ppm镍离子污染测试_新版电解槽_ion_gamry_[* -> windows=5, adj_pairs=0/4
  [7] 20241112_2ppm钠离子污染和恢复测试80摄氏度_新版电解槽_ion_column_renew_H2SO4_gamry_[* -> windows=12, adj_pairs=9/11
  [8] 20240910_10ppm钙离子污染测试_新版电解槽_ion_gamry_[* -> windows=8, adj_pairs=1/7
  [9] 20241213_2ppm钠离子污染及恢复测试_新版电解槽_ion_column_renew_H2SO4_gamry_[* -> windows=7, adj_pairs=4/6
  [10] 20241010_2ppm钠离子污染测试_新版电解槽_ion_firecloud_[* -> windows=6, adj_pairs=0/5
- unadjacent gaps samples: 322 (showing first 0)

[PairDataset][Explain] focus_prefix_contains='20240915_2ppm铜离子污染测试_旧版电解槽_ion_firecloud_'
  - PREFIX: 20240915_2ppm铜离子污染测试_旧版电解槽_ion_firecloud_[* windows=11
    windows (sorted by first,last):
      · 20240915_2ppm铜离子污染测试_旧版电解槽_ion_firecloud_[0, 2, 4, 6].xlsx  -> times=[0, 2, 4, 6]  first=0 last=6
      · 20240915_2ppm铜离子污染测试_旧版电解槽_ion_firecloud_[2, 4, 6, 8].xlsx  -> times=[2, 4, 6, 8]  first=2 last=8
      · 20240915_2ppm铜离子污染测试_旧版电解槽_ion_firecloud_[4, 6, 8, 10].xlsx  -> times=[4, 6, 8, 10]  first=4 last=10
      · 20240915_2ppm铜离子污染测试_旧版电解槽_ion_firecloud_[6, 8, 10, 12].xlsx  -> times=[6, 8, 10, 12]  first=6 last=12
      · 20240915_2ppm铜离子污染测试_旧版电解槽_ion_firecloud_[8, 10, 12, 14].xlsx  -> times=[8, 10, 12, 14]  first=8 last=14
      · 20240915_2ppm铜离子污染测试_旧版电解槽_ion_firecloud_[10, 12, 14, 16].xlsx  -> times=[10, 12, 14, 16]  first=10 last=16
      · 20240915_2ppm铜离子污染测试_旧版电解槽_ion_firecloud_[12, 14, 16, 18].xlsx  -> times=[12, 14, 16, 18]  first=12 last=18
      · 20240915_2ppm铜离子污染测试_旧版电解槽_ion_firecloud_[14, 16, 18, 20].xlsx  -> times=[14, 16, 18, 20]  first=14 last=20
      · 20240915_2ppm铜离子污染测试_旧版电解槽_ion_firecloud_[16, 18, 20, 22].xlsx  -> times=[16, 18, 20, 22]  first=16 last=22
      · 20240915_2ppm铜离子污染测试_旧版电解槽_ion_firecloud_[18, 20, 22, 24].xlsx  -> times=[18, 20, 22, 24]  first=18 last=24
      · 20240915_2ppm铜离子污染测试_旧版电解槽_ion_firecloud_[20, 22, 24, 26].xlsx  -> times=[20, 22, 24, 26]  first=20 last=26
      MISS: 6 -> 2   (20240915_2ppm铜离子污染测试_旧版电解槽_ion_firecloud_[0, 2, 4, 6].xlsx  →  20240915_2ppm铜离子污染测试_旧版电解槽_ion_firecloud_[2, 4, 6, 8].xlsx)
      MISS: 8 -> 4   (20240915_2ppm铜离子污染测试_旧版电解槽_ion_firecloud_[2, 4, 6, 8].xlsx  →  20240915_2ppm铜离子污染测试_旧版电解槽_ion_firecloud_[4, 6, 8, 10].xlsx)
      MISS: 10 -> 6   (20240915_2ppm铜离子污染测试_旧版电解槽_ion_firecloud_[4, 6, 8, 10].xlsx  →  20240915_2ppm铜离子污染测试_旧版电解槽_ion_firecloud_[6, 8, 10, 12].xlsx)
      MISS: 12 -> 8   (20240915_2ppm铜离子污染测试_旧版电解槽_ion_firecloud_[6, 8, 10, 12].xlsx  →  20240915_2ppm铜离子污染测试_旧版电解槽_ion_firecloud_[8, 10, 12, 14].xlsx)
      MISS: 14 -> 10   (20240915_2ppm铜离子污染测试_旧版电解槽_ion_firecloud_[8, 10, 12, 14].xlsx  →  20240915_2ppm铜离子污染测试_旧版电解槽_ion_firecloud_[10, 12, 14, 16].xlsx)
      MISS: 16 -> 12   (20240915_2ppm铜离子污染测试_旧版电解槽_ion_firecloud_[10, 12, 14, 16].xlsx  →  20240915_2ppm铜离子污染测试_旧版电解槽_ion_firecloud_[12, 14, 16, 18].xlsx)
      MISS: 18 -> 14   (20240915_2ppm铜离子污染测试_旧版电解槽_ion_firecloud_[12, 14, 16, 18].xlsx  →  20240915_2ppm铜离子污染测试_旧版电解槽_ion_firecloud_[14, 16, 18, 20].xlsx)
      MISS: 20 -> 16   (20240915_2ppm铜离子污染测试_旧版电解槽_ion_firecloud_[14, 16, 18, 20].xlsx  →  20240915_2ppm铜离子污染测试_旧版电解槽_ion_firecloud_[16, 18, 20, 22].xlsx)
      MISS: 22 -> 18   (20240915_2ppm铜离子污染测试_旧版电解槽_ion_firecloud_[16, 18, 20, 22].xlsx  →  20240915_2ppm铜离子污染测试_旧版电解槽_ion_firecloud_[18, 20, 22, 24].xlsx)
      MISS: 24 -> 20   (20240915_2ppm铜离子污染测试_旧版电解槽_ion_firecloud_[18, 20, 22, 24].xlsx  →  20240915_2ppm铜离子污染测试_旧版电解槽_ion_firecloud_[20, 22, 24, 26].xlsx)

[PairDataset][Example pairs] (show up to 50)
  [1] A(idx=0) 20240918_2ppm钙离子污染测试_新版电解槽_ion_gamry_[10, 12, 14, 16].xlsx  times=[10, 12, 14, 16]
      → B(idx=0) 20240918_2ppm钙离子污染测试_新版电解槽_ion_gamry_[10, 12, 14, 16].xlsx  times=[10, 12, 14, 16]  dummy=True
  [2] A(idx=91) 20240918_2ppm钙离子污染测试_新版电解槽_ion_gamry_[14, 16, 18, 20].xlsx  times=[14, 16, 18, 20]
      → B(idx=91) 20240918_2ppm钙离子污染测试_新版电解槽_ion_gamry_[14, 16, 18, 20].xlsx  times=[14, 16, 18, 20]  dummy=True
  [3] A(idx=1) 20241028_2ppm钠离子污染和恢复测试_旧版电解槽_ion_column_renew_H2SO4_gamry_[2, 4, 6, 8].xlsx  times=[2, 4, 6, 8]
      → B(idx=1) 20241028_2ppm钠离子污染和恢复测试_旧版电解槽_ion_column_renew_H2SO4_gamry_[2, 4, 6, 8].xlsx  times=[2, 4, 6, 8]  dummy=True
  [4] A(idx=93) 20241028_2ppm钠离子污染和恢复测试_旧版电解槽_ion_column_renew_H2SO4_gamry_[4, 6, 8, 10].xlsx  times=[4, 6, 8, 10]
      → B(idx=93) 20241028_2ppm钠离子污染和恢复测试_旧版电解槽_ion_column_renew_H2SO4_gamry_[4, 6, 8, 10].xlsx  times=[4, 6, 8, 10]  dummy=True
  [5] A(idx=124) 20241010_2ppm钠离子污染测试_新版电解槽_ion_column_firecloud_[6, 8, 10, 12].xlsx  times=[6, 8, 10, 12]
      → B(idx=124) 20241010_2ppm钠离子污染测试_新版电解槽_ion_column_firecloud_[6, 8, 10, 12].xlsx  times=[6, 8, 10, 12]  dummy=True
  [6] A(idx=2) 20241010_2ppm钠离子污染测试_新版电解槽_ion_column_firecloud_[8, 10, 12, 14].xlsx  times=[8, 10, 12, 14]
      → B(idx=2) 20241010_2ppm钠离子污染测试_新版电解槽_ion_column_firecloud_[8, 10, 12, 14].xlsx  times=[8, 10, 12, 14]  dummy=True
  [7] A(idx=20) 20241101_2ppm铜离子污染和恢复测试_旧版电解槽_ion_firecloud_[0, 2, 4, 6].xlsx  times=[0, 2, 4, 6]
      → B(idx=20) 20241101_2ppm铜离子污染和恢复测试_旧版电解槽_ion_firecloud_[0, 2, 4, 6].xlsx  times=[0, 2, 4, 6]  dummy=True
  [8] A(idx=3) 20241101_2ppm铜离子污染和恢复测试_旧版电解槽_ion_firecloud_[10, 12, 14, 16].xlsx  times=[10, 12, 14, 16]
      → B(idx=3) 20241101_2ppm铜离子污染和恢复测试_旧版电解槽_ion_firecloud_[10, 12, 14, 16].xlsx  times=[10, 12, 14, 16]  dummy=True
  [9] A(idx=31) 20241101_2ppm铜离子污染和恢复测试_旧版电解槽_ion_firecloud_[20, 22, 24, 26].xlsx  times=[20, 22, 24, 26]
      → B(idx=31) 20241101_2ppm铜离子污染和恢复测试_旧版电解槽_ion_firecloud_[20, 22, 24, 26].xlsx  times=[20, 22, 24, 26]  dummy=True
  [10] A(idx=48) 20240831_10ppm镍离子污染测试_新版电解槽_ion_gamry_[0, 2, 4, 6].xlsx  times=[0, 2, 4, 6]
      → B(idx=48) 20240831_10ppm镍离子污染测试_新版电解槽_ion_gamry_[0, 2, 4, 6].xlsx  times=[0, 2, 4, 6]  dummy=True
  [11] A(idx=41) 20240831_10ppm镍离子污染测试_新版电解槽_ion_gamry_[4, 6, 8, 10].xlsx  times=[4, 6, 8, 10]
      → B(idx=41) 20240831_10ppm镍离子污染测试_新版电解槽_ion_gamry_[4, 6, 8, 10].xlsx  times=[4, 6, 8, 10]  dummy=True
  [12] A(idx=138) 20240831_10ppm镍离子污染测试_新版电解槽_ion_gamry_[16, 18, 20, 22].xlsx  times=[16, 18, 20, 22]
      → B(idx=138) 20240831_10ppm镍离子污染测试_新版电解槽_ion_gamry_[16, 18, 20, 22].xlsx  times=[16, 18, 20, 22]  dummy=True
  [13] A(idx=4) 20240831_10ppm镍离子污染测试_新版电解槽_ion_gamry_[18, 20, 22, 24].xlsx  times=[18, 20, 22, 24]
      → B(idx=4) 20240831_10ppm镍离子污染测试_新版电解槽_ion_gamry_[18, 20, 22, 24].xlsx  times=[18, 20, 22, 24]  dummy=True
  [14] A(idx=5) 20241122_2ppm铜离子污染及恢复测试40摄氏度_新版电解槽_ion_column_renew_H2SO4_gamry_[14, 16, 18, 20].xlsx  times=[14, 16, 18, 20]
      → B(idx=5) 20241122_2ppm铜离子污染及恢复测试40摄氏度_新版电解槽_ion_column_renew_H2SO4_gamry_[14, 16, 18, 20].xlsx  times=[14, 16, 18, 20]  dummy=True
  [15] A(idx=92) 20241010_2ppm钠离子污染测试_新版电解槽_ion_firecloud_[4, 6, 8, 10].xlsx  times=[4, 6, 8, 10]
      → B(idx=92) 20241010_2ppm钠离子污染测试_新版电解槽_ion_firecloud_[4, 6, 8, 10].xlsx  times=[4, 6, 8, 10]  dummy=True
  [16] A(idx=103) 20241010_2ppm钠离子污染测试_新版电解槽_ion_firecloud_[12, 14, 16, 18].xlsx  times=[12, 14, 16, 18]
      → B(idx=103) 20241010_2ppm钠离子污染测试_新版电解槽_ion_firecloud_[12, 14, 16, 18].xlsx  times=[12, 14, 16, 18]  dummy=True
  [17] A(idx=134) 20241010_2ppm钠离子污染测试_新版电解槽_ion_firecloud_[16, 18, 20, 22].xlsx  times=[16, 18, 20, 22]
      → B(idx=134) 20241010_2ppm钠离子污染测试_新版电解槽_ion_firecloud_[16, 18, 20, 22].xlsx  times=[16, 18, 20, 22]  dummy=True
  [18] A(idx=6) 20241010_2ppm钠离子污染测试_新版电解槽_ion_firecloud_[36, 38, 40, 42].xlsx  times=[36, 38, 40, 42]
      → B(idx=6) 20241010_2ppm钠离子污染测试_新版电解槽_ion_firecloud_[36, 38, 40, 42].xlsx  times=[36, 38, 40, 42]  dummy=True
  [19] A(idx=55) 20241029_2ppm铁离子污染和恢复测试_新版电解槽_ion_firecloud_[26, 28, 30, 32].xlsx  times=[26, 28, 30, 32]
      → B(idx=55) 20241029_2ppm铁离子污染和恢复测试_新版电解槽_ion_firecloud_[26, 28, 30, 32].xlsx  times=[26, 28, 30, 32]  dummy=True
  [20] A(idx=7) 20241029_2ppm铁离子污染和恢复测试_新版电解槽_ion_firecloud_[30, 32, 34, 36].xlsx  times=[30, 32, 34, 36]
      → B(idx=7) 20241029_2ppm铁离子污染和恢复测试_新版电解槽_ion_firecloud_[30, 32, 34, 36].xlsx  times=[30, 32, 34, 36]  dummy=True
  [21] A(idx=140) 20241029_2ppm铁离子污染和恢复测试_新版电解槽_ion_firecloud_[34, 36, 38, 40].xlsx  times=[34, 36, 38, 40]
      → B(idx=140) 20241029_2ppm铁离子污染和恢复测试_新版电解槽_ion_firecloud_[34, 36, 38, 40].xlsx  times=[34, 36, 38, 40]  dummy=True
  [22] A(idx=47) 20241029_2ppm铁离子污染和恢复测试_新版电解槽_ion_firecloud_[46, 48, 50, 52].xlsx  times=[46, 48, 50, 52]
      → B(idx=47) 20241029_2ppm铁离子污染和恢复测试_新版电解槽_ion_firecloud_[46, 48, 50, 52].xlsx  times=[46, 48, 50, 52]  dummy=True
  [23] A(idx=8) 20241227_10ppm铜离子污染及恢复测试_旧版电解槽_ion_column_renew_H2SO4_gamry_[8, 10, 12, 14].xlsx  times=[8, 10, 12, 14]
      → B(idx=8) 20241227_10ppm铜离子污染及恢复测试_旧版电解槽_ion_column_renew_H2SO4_gamry_[8, 10, 12, 14].xlsx  times=[8, 10, 12, 14]  dummy=True
  [24] A(idx=87) 20241227_10ppm铜离子污染及恢复测试_旧版电解槽_ion_column_renew_H2SO4_gamry_[24, 26, 28, 30].xlsx  times=[24, 26, 28, 30]
      → B(idx=87) 20241227_10ppm铜离子污染及恢复测试_旧版电解槽_ion_column_renew_H2SO4_gamry_[24, 26, 28, 30].xlsx  times=[24, 26, 28, 30]  dummy=True
  [25] A(idx=133) 20241227_10ppm铜离子污染及恢复测试_旧版电解槽_ion_column_renew_H2SO4_gamry_[26, 28, 30, 32].xlsx  times=[26, 28, 30, 32]
      → B(idx=133) 20241227_10ppm铜离子污染及恢复测试_旧版电解槽_ion_column_renew_H2SO4_gamry_[26, 28, 30, 32].xlsx  times=[26, 28, 30, 32]  dummy=True
  [26] A(idx=27) 20241017_2ppm铬离子污染和恢复测试_新版电解槽_ion_gamry_[0, 2, 4, 6].xlsx  times=[0, 2, 4, 6]
      → B(idx=27) 20241017_2ppm铬离子污染和恢复测试_新版电解槽_ion_gamry_[0, 2, 4, 6].xlsx  times=[0, 2, 4, 6]  dummy=True
  [27] A(idx=9) 20241017_2ppm铬离子污染和恢复测试_新版电解槽_ion_gamry_[20, 22, 24, 26].xlsx  times=[20, 22, 24, 26]
      → B(idx=9) 20241017_2ppm铬离子污染和恢复测试_新版电解槽_ion_gamry_[20, 22, 24, 26].xlsx  times=[20, 22, 24, 26]  dummy=True
  [28] A(idx=10) 20241024_2ppm铁离子污染和恢复测试_新版电解槽_ion_column_renew_H2SO4_firecloud_[12, 14, 16, 18].xlsx  times=[12, 14, 16, 18]
      → B(idx=135) 20241024_2ppm铁离子污染和恢复测试_新版电解槽_ion_column_renew_H2SO4_firecloud_[18, 20, 22, 24].xlsx  times=[18, 20, 22, 24]  dummy=False
  [29] A(idx=135) 20241024_2ppm铁离子污染和恢复测试_新版电解槽_ion_column_renew_H2SO4_firecloud_[18, 20, 22, 24].xlsx  times=[18, 20, 22, 24]
      → B(idx=135) 20241024_2ppm铁离子污染和恢复测试_新版电解槽_ion_column_renew_H2SO4_firecloud_[18, 20, 22, 24].xlsx  times=[18, 20, 22, 24]  dummy=True
  [30] A(idx=11) 20241117_2ppm钠离子污染及恢复测试10mlmin_旧版电解槽_ion_gamry_[2, 4, 6, 8].xlsx  times=[2, 4, 6, 8]
      → B(idx=11) 20241117_2ppm钠离子污染及恢复测试10mlmin_旧版电解槽_ion_gamry_[2, 4, 6, 8].xlsx  times=[2, 4, 6, 8]  dummy=True
  [31] A(idx=139) 20241117_2ppm钠离子污染及恢复测试10mlmin_旧版电解槽_ion_gamry_[10, 12, 14, 16].xlsx  times=[10, 12, 14, 16]
      → B(idx=139) 20241117_2ppm钠离子污染及恢复测试10mlmin_旧版电解槽_ion_gamry_[10, 12, 14, 16].xlsx  times=[10, 12, 14, 16]  dummy=True
  [32] A(idx=77) 20241117_2ppm钠离子污染及恢复测试10mlmin_旧版电解槽_ion_gamry_[30, 32, 34, 36].xlsx  times=[30, 32, 34, 36]
      → B(idx=77) 20241117_2ppm钠离子污染及恢复测试10mlmin_旧版电解槽_ion_gamry_[30, 32, 34, 36].xlsx  times=[30, 32, 34, 36]  dummy=True
  [33] A(idx=137) 20241211_2ppm铜离子污染及恢复测试80摄氏度_旧版电解槽_ion_gamry_[28, 30, 32, 34].xlsx  times=[28, 30, 32, 34]
      → B(idx=137) 20241211_2ppm铜离子污染及恢复测试80摄氏度_旧版电解槽_ion_gamry_[28, 30, 32, 34].xlsx  times=[28, 30, 32, 34]  dummy=True
  [34] A(idx=12) 20241211_2ppm铜离子污染及恢复测试80摄氏度_旧版电解槽_ion_gamry_[32, 34, 36, 38].xlsx  times=[32, 34, 36, 38]
      → B(idx=107) 20241211_2ppm铜离子污染及恢复测试80摄氏度_旧版电解槽_ion_gamry_[38, 40, 42, 44].xlsx  times=[38, 40, 42, 44]  dummy=False
  [35] A(idx=107) 20241211_2ppm铜离子污染及恢复测试80摄氏度_旧版电解槽_ion_gamry_[38, 40, 42, 44].xlsx  times=[38, 40, 42, 44]
      → B(idx=107) 20241211_2ppm铜离子污染及恢复测试80摄氏度_旧版电解槽_ion_gamry_[38, 40, 42, 44].xlsx  times=[38, 40, 42, 44]  dummy=True
  [36] A(idx=142) 20241213_2ppm钠离子污染及恢复测试_新版电解槽_ion_gamry_[0, 2, 4, 6].xlsx  times=[0, 2, 4, 6]
      → B(idx=142) 20241213_2ppm钠离子污染及恢复测试_新版电解槽_ion_gamry_[0, 2, 4, 6].xlsx  times=[0, 2, 4, 6]  dummy=True
  [37] A(idx=69) 20241213_2ppm钠离子污染及恢复测试_新版电解槽_ion_gamry_[2, 4, 6, 8].xlsx  times=[2, 4, 6, 8]
      → B(idx=69) 20241213_2ppm钠离子污染及恢复测试_新版电解槽_ion_gamry_[2, 4, 6, 8].xlsx  times=[2, 4, 6, 8]  dummy=True
  [38] A(idx=13) 20241213_2ppm钠离子污染及恢复测试_新版电解槽_ion_gamry_[22, 24, 26, 28].xlsx  times=[22, 24, 26, 28]
      → B(idx=13) 20241213_2ppm钠离子污染及恢复测试_新版电解槽_ion_gamry_[22, 24, 26, 28].xlsx  times=[22, 24, 26, 28]  dummy=True
  [39] A(idx=14) 20240822_10ppm铜离子污染测试_新版电解槽_ion_gamry_[10, 12, 14, 16].xlsx  times=[10, 12, 14, 16]
      → B(idx=14) 20240822_10ppm铜离子污染测试_新版电解槽_ion_gamry_[10, 12, 14, 16].xlsx  times=[10, 12, 14, 16]  dummy=True
  [40] A(idx=51) 20241112_2ppm钠离子污染和恢复测试80摄氏度_新版电解槽_ion_gamry_[28, 30, 32, 34].xlsx  times=[28, 30, 32, 34]
      → B(idx=125) 20241112_2ppm钠离子污染和恢复测试80摄氏度_新版电解槽_ion_gamry_[34, 36, 38, 40].xlsx  times=[34, 36, 38, 40]  dummy=False
  [41] A(idx=125) 20241112_2ppm钠离子污染和恢复测试80摄氏度_新版电解槽_ion_gamry_[34, 36, 38, 40].xlsx  times=[34, 36, 38, 40]
      → B(idx=125) 20241112_2ppm钠离子污染和恢复测试80摄氏度_新版电解槽_ion_gamry_[34, 36, 38, 40].xlsx  times=[34, 36, 38, 40]  dummy=True
  [42] A(idx=15) 20241112_2ppm钠离子污染和恢复测试80摄氏度_新版电解槽_ion_gamry_[36, 38, 40, 42].xlsx  times=[36, 38, 40, 42]
      → B(idx=15) 20241112_2ppm钠离子污染和恢复测试80摄氏度_新版电解槽_ion_gamry_[36, 38, 40, 42].xlsx  times=[36, 38, 40, 42]  dummy=True
  [43] A(idx=16) 20240831_10ppm镍离子污染测试_新版电解槽_ion_column_gamry_[0, 2, 4, 6].xlsx  times=[0, 2, 4, 6]
      → B(idx=16) 20240831_10ppm镍离子污染测试_新版电解槽_ion_column_gamry_[0, 2, 4, 6].xlsx  times=[0, 2, 4, 6]  dummy=True
  [44] A(idx=17) 20241112_2ppm镍离子污染及恢复测试_旧版电解槽_ion_column_gamry_[12, 14, 16, 18].xlsx  times=[12, 14, 16, 18]
      → B(idx=17) 20241112_2ppm镍离子污染及恢复测试_旧版电解槽_ion_column_gamry_[12, 14, 16, 18].xlsx  times=[12, 14, 16, 18]  dummy=True
  [45] A(idx=18) 20241013_2ppm铝离子污染测试_新版电解槽_ion_column_firecloud_[8, 10, 12, 14].xlsx  times=[8, 10, 12, 14]
      → B(idx=18) 20241013_2ppm铝离子污染测试_新版电解槽_ion_column_firecloud_[8, 10, 12, 14].xlsx  times=[8, 10, 12, 14]  dummy=True
  [46] A(idx=89) 20241013_2ppm铝离子污染测试_新版电解槽_ion_column_firecloud_[16, 18, 20, 22].xlsx  times=[16, 18, 20, 22]
      → B(idx=89) 20241013_2ppm铝离子污染测试_新版电解槽_ion_column_firecloud_[16, 18, 20, 22].xlsx  times=[16, 18, 20, 22]  dummy=True
  [47] A(idx=19) 20241024_2ppm铁离子污染和恢复测试_新版电解槽_ion_column_firecloud_[2, 4, 6, 8].xlsx  times=[2, 4, 6, 8]
      → B(idx=19) 20241024_2ppm铁离子污染和恢复测试_新版电解槽_ion_column_firecloud_[2, 4, 6, 8].xlsx  times=[2, 4, 6, 8]  dummy=True
  [48] A(idx=56) 20241024_2ppm铁离子污染和恢复测试_新版电解槽_ion_column_firecloud_[10, 12, 14, 16].xlsx  times=[10, 12, 14, 16]
      → B(idx=56) 20241024_2ppm铁离子污染和恢复测试_新版电解槽_ion_column_firecloud_[10, 12, 14, 16].xlsx  times=[10, 12, 14, 16]  dummy=True
  [49] A(idx=66) 20241024_2ppm铁离子污染和恢复测试_新版电解槽_ion_column_firecloud_[18, 20, 22, 24].xlsx  times=[18, 20, 22, 24]
      → B(idx=66) 20241024_2ppm铁离子污染和恢复测试_新版电解槽_ion_column_firecloud_[18, 20, 22, 24].xlsx  times=[18, 20, 22, 24]  dummy=True
  [50] A(idx=21) 20240918_2ppm钙离子污染测试_新版电解槽_ion_column_gamry_[2, 4, 6, 8].xlsx  times=[2, 4, 6, 8]
      → B(idx=21) 20240918_2ppm钙离子污染测试_新版电解槽_ion_column_gamry_[2, 4, 6, 8].xlsx  times=[2, 4, 6, 8]  dummy=True

[PairDataset][Summary]
- total files:        145
- parsed OK:          145
- regex fail:         0
- parse times fail:   0
- empty times:        0
- total pairs:        145  (keep_unpaired=self)
- distinct prefixes:  77
- prefixes coverage (first few):
  [1] 20240918_2ppm钙离子污染测试_新版电解槽_ion_gamry_[* -> windows=2, adj_pairs=0/1
  [2] 20241028_2ppm钠离子污染和恢复测试_旧版电解槽_ion_column_renew_H2SO4_gamry_[* -> windows=2, adj_pairs=0/1
  [3] 20241010_2ppm钠离子污染测试_新版电解槽_ion_column_firecloud_[* -> windows=2, adj_pairs=0/1
  [4] 20241101_2ppm铜离子污染和恢复测试_旧版电解槽_ion_firecloud_[* -> windows=3, adj_pairs=0/2
  [5] 20240831_10ppm镍离子污染测试_新版电解槽_ion_gamry_[* -> windows=4, adj_pairs=0/3
  [6] 20241122_2ppm铜离子污染及恢复测试40摄氏度_新版电解槽_ion_column_renew_H2SO4_gamry_[* -> windows=1, adj_pairs=0/0
  [7] 20241010_2ppm钠离子污染测试_新版电解槽_ion_firecloud_[* -> windows=4, adj_pairs=0/3
  [8] 20241029_2ppm铁离子污染和恢复测试_新版电解槽_ion_firecloud_[* -> windows=4, adj_pairs=0/3
  [9] 20241227_10ppm铜离子污染及恢复测试_旧版电解槽_ion_column_renew_H2SO4_gamry_[* -> windows=3, adj_pairs=0/2
  [10] 20241017_2ppm铬离子污染和恢复测试_新版电解槽_ion_gamry_[* -> windows=2, adj_pairs=0/1
- unadjacent gaps samples: 136 (showing first 0)
num base train samples: 636
num base val   samples: 145
num pair train samples: 636
num pair val   samples: 145
dummy_mask[0] = False
🧩 新模型: 117,959 参数 (117,959 可训练)
📝 TensorBoard 日志目录: /home/kudouzala/Application/ion_detect/output/tensorboard/exp_new_b_num_tp4
🔥 Warmup: 100 epochs (LR × 0.01 → 1.0)
📈 Cosine Annealing LR 调度 (T_max=900)
[New] Epoch 1/1000 | classify: 4.9121 | total: 4.9121
[New] Epoch 2/1000 | classify: 4.9694 | total: 4.9694
[New] Epoch 3/1000 | classify: 4.9293 | total: 4.9293
[New] Epoch 4/1000 | classify: 4.4939 | total: 4.4939
[New] Epoch 5/1000 | classify: 4.4916 | total: 4.4916
[New] Epoch 6/1000 | classify: 4.1680 | total: 4.1680
[New] Epoch 7/1000 | classify: 4.1841 | total: 4.1841
[New] Epoch 8/1000 | classify: 4.1382 | total: 4.1382
[New] Epoch 9/1000 | classify: 3.8343 | total: 3.8343
[New] Epoch 10/1000 | classify: 3.8100 | total: 3.8100
--- 验证集 [epoch 10] ---
  准确率 (Accuracy):  0.5103
  精确率 (Precision): 0.1234
  召回率 (Recall):    0.2321
  F1 分数 (F1):       0.1612
✅ 模型已保存到 /home/kudouzala/Application/ion_detect/output/trained_model_save/exp_new_b_num_tp4/trained_model_epoch_best.pth
  🏆 新最佳 F1=0.1612，已保存 best 模型
[New] Epoch 11/1000 | classify: 3.6118 | total: 3.6118
[New] Epoch 12/1000 | classify: 3.7146 | total: 3.7146
[New] Epoch 13/1000 | classify: 3.5405 | total: 3.5405
[New] Epoch 14/1000 | classify: 3.4879 | total: 3.4879
[New] Epoch 15/1000 | classify: 3.4226 | total: 3.4226
[New] Epoch 16/1000 | classify: 3.3865 | total: 3.3865
[New] Epoch 17/1000 | classify: 3.2470 | total: 3.2470
[New] Epoch 18/1000 | classify: 3.2187 | total: 3.2187
[New] Epoch 19/1000 | classify: 2.8457 | total: 2.8457
[New] Epoch 20/1000 | classify: 3.0990 | total: 3.0990
--- 验证集 [epoch 20] ---
  准确率 (Accuracy):  0.5517
  精确率 (Precision): 0.2373
  召回率 (Recall):    0.3134
  F1 分数 (F1):       0.2600
✅ 模型已保存到 /home/kudouzala/Application/ion_detect/output/trained_model_save/exp_new_b_num_tp4/trained_model_epoch_best.pth
  🏆 新最佳 F1=0.2600，已保存 best 模型
[New] Epoch 21/1000 | classify: 3.0583 | total: 3.0583
[New] Epoch 22/1000 | classify: 2.9962 | total: 2.9962
[New] Epoch 23/1000 | classify: 2.9174 | total: 2.9174
[New] Epoch 24/1000 | classify: 2.9239 | total: 2.9239
[New] Epoch 25/1000 | classify: 3.1334 | total: 3.1334
[New] Epoch 26/1000 | classify: 3.2811 | total: 3.2811
[New] Epoch 27/1000 | classify: 3.1702 | total: 3.1702
[New] Epoch 28/1000 | classify: 3.0116 | total: 3.0116
[New] Epoch 29/1000 | classify: 2.9611 | total: 2.9611
[New] Epoch 30/1000 | classify: 3.0326 | total: 3.0326
--- 验证集 [epoch 30] ---
  准确率 (Accuracy):  0.5793
  精确率 (Precision): 0.3515
  召回率 (Recall):    0.3878
  F1 分数 (F1):       0.3274
✅ 模型已保存到 /home/kudouzala/Application/ion_detect/output/trained_model_save/exp_new_b_num_tp4/trained_model_epoch_best.pth
  🏆 新最佳 F1=0.3274，已保存 best 模型
[New] Epoch 31/1000 | classify: 3.0026 | total: 3.0026
[New] Epoch 32/1000 | classify: 2.6438 | total: 2.6438
[New] Epoch 33/1000 | classify: 2.9255 | total: 2.9255
[New] Epoch 34/1000 | classify: 2.7574 | total: 2.7574
[New] Epoch 35/1000 | classify: 2.8105 | total: 2.8105
[New] Epoch 36/1000 | classify: 2.8853 | total: 2.8853
[New] Epoch 37/1000 | classify: 2.6189 | total: 2.6189
[New] Epoch 38/1000 | classify: 2.7560 | total: 2.7560
[New] Epoch 39/1000 | classify: 2.6819 | total: 2.6819
[New] Epoch 40/1000 | classify: 2.6972 | total: 2.6972
--- 验证集 [epoch 40] ---
  准确率 (Accuracy):  0.6414
  精确率 (Precision): 0.4100
  召回率 (Recall):    0.4347
  F1 分数 (F1):       0.4073
✅ 模型已保存到 /home/kudouzala/Application/ion_detect/output/trained_model_save/exp_new_b_num_tp4/trained_model_epoch_best.pth
  🏆 新最佳 F1=0.4073，已保存 best 模型
[New] Epoch 41/1000 | classify: 2.5835 | total: 2.5835
[New] Epoch 42/1000 | classify: 2.3226 | total: 2.3226
[New] Epoch 43/1000 | classify: 2.6845 | total: 2.6845
[New] Epoch 44/1000 | classify: 2.7056 | total: 2.7056
[New] Epoch 45/1000 | classify: 2.7880 | total: 2.7880
[New] Epoch 46/1000 | classify: 2.6578 | total: 2.6578
[New] Epoch 47/1000 | classify: 2.7113 | total: 2.7113
[New] Epoch 48/1000 | classify: 2.4609 | total: 2.4609
[New] Epoch 49/1000 | classify: 2.5230 | total: 2.5230
[New] Epoch 50/1000 | classify: 2.4802 | total: 2.4802
--- 验证集 [epoch 50] ---
  准确率 (Accuracy):  0.6621
  精确率 (Precision): 0.4585
  召回率 (Recall):    0.4705
  F1 分数 (F1):       0.4567
✅ 模型已保存到 /home/kudouzala/Application/ion_detect/output/trained_model_save/exp_new_b_num_tp4/trained_model_epoch_best.pth
  🏆 新最佳 F1=0.4567，已保存 best 模型
✅ 模型已保存到 /home/kudouzala/Application/ion_detect/output/trained_model_save/exp_new_b_num_tp4/trained_model_epoch_50.pth
📁 损失值已保存到 /home/kudouzala/Application/ion_detect/output/trained_model_save/exp_new_b_num_tp4/training_loss_epoch_50.csv
[New] Epoch 51/1000 | classify: 2.7097 | total: 2.7097
[New] Epoch 52/1000 | classify: 2.4410 | total: 2.4410
[New] Epoch 53/1000 | classify: 2.5555 | total: 2.5555
[New] Epoch 54/1000 | classify: 2.2317 | total: 2.2317
[New] Epoch 55/1000 | classify: 2.5228 | total: 2.5228
[New] Epoch 56/1000 | classify: 2.4858 | total: 2.4858
[New] Epoch 57/1000 | classify: 2.3825 | total: 2.3825
[New] Epoch 58/1000 | classify: 2.1578 | total: 2.1578
[New] Epoch 59/1000 | classify: 2.4355 | total: 2.4355
[New] Epoch 60/1000 | classify: 2.5580 | total: 2.5580
--- 验证集 [epoch 60] ---
  准确率 (Accuracy):  0.6552
  精确率 (Precision): 0.5095
  召回率 (Recall):    0.4727
  F1 分数 (F1):       0.4592
✅ 模型已保存到 /home/kudouzala/Application/ion_detect/output/trained_model_save/exp_new_b_num_tp4/trained_model_epoch_best.pth
  🏆 新最佳 F1=0.4592，已保存 best 模型
[New] Epoch 61/1000 | classify: 2.1685 | total: 2.1685
[New] Epoch 62/1000 | classify: 2.4057 | total: 2.4057
[New] Epoch 63/1000 | classify: 2.1602 | total: 2.1602
[New] Epoch 64/1000 | classify: 2.7525 | total: 2.7525
[New] Epoch 65/1000 | classify: 2.1233 | total: 2.1233
[New] Epoch 66/1000 | classify: 2.3273 | total: 2.3273
[New] Epoch 67/1000 | classify: 2.3209 | total: 2.3209
[New] Epoch 68/1000 | classify: 2.3962 | total: 2.3962
[New] Epoch 69/1000 | classify: 2.2397 | total: 2.2397
[New] Epoch 70/1000 | classify: 2.0785 | total: 2.0785
--- 验证集 [epoch 70] ---
  准确率 (Accuracy):  0.6759
  精确率 (Precision): 0.5175
  召回率 (Recall):    0.4892
  F1 分数 (F1):       0.4738
✅ 模型已保存到 /home/kudouzala/Application/ion_detect/output/trained_model_save/exp_new_b_num_tp4/trained_model_epoch_best.pth
  🏆 新最佳 F1=0.4738，已保存 best 模型
[New] Epoch 71/1000 | classify: 2.2342 | total: 2.2342
[New] Epoch 72/1000 | classify: 2.3568 | total: 2.3568
[New] Epoch 73/1000 | classify: 2.5504 | total: 2.5504
[New] Epoch 74/1000 | classify: 2.4831 | total: 2.4831
[New] Epoch 75/1000 | classify: 2.2728 | total: 2.2728
[New] Epoch 76/1000 | classify: 2.4423 | total: 2.4423
[New] Epoch 77/1000 | classify: 2.4400 | total: 2.4400
[New] Epoch 78/1000 | classify: 2.2783 | total: 2.2783
[New] Epoch 79/1000 | classify: 2.1633 | total: 2.1633
[New] Epoch 80/1000 | classify: 2.1209 | total: 2.1209
--- 验证集 [epoch 80] ---
  准确率 (Accuracy):  0.6552
  精确率 (Precision): 0.5864
  召回率 (Recall):    0.5219
  F1 分数 (F1):       0.5235
✅ 模型已保存到 /home/kudouzala/Application/ion_detect/output/trained_model_save/exp_new_b_num_tp4/trained_model_epoch_best.pth
  🏆 新最佳 F1=0.5235，已保存 best 模型
[New] Epoch 81/1000 | classify: 2.0734 | total: 2.0734
[New] Epoch 82/1000 | classify: 2.2459 | total: 2.2459
[New] Epoch 83/1000 | classify: 2.2101 | total: 2.2101
[New] Epoch 84/1000 | classify: 2.3699 | total: 2.3699
[New] Epoch 85/1000 | classify: 2.0736 | total: 2.0736
[New] Epoch 86/1000 | classify: 2.3857 | total: 2.3857
[New] Epoch 87/1000 | classify: 2.1289 | total: 2.1289
[New] Epoch 88/1000 | classify: 2.2467 | total: 2.2467
[New] Epoch 89/1000 | classify: 2.1481 | total: 2.1481
[New] Epoch 90/1000 | classify: 2.1900 | total: 2.1900
--- 验证集 [epoch 90] ---
  准确率 (Accuracy):  0.6552
  精确率 (Precision): 0.5873
  召回率 (Recall):    0.5418
  F1 分数 (F1):       0.5142
[New] Epoch 91/1000 | classify: 2.2548 | total: 2.2548
[New] Epoch 92/1000 | classify: 2.2147 | total: 2.2147
[New] Epoch 93/1000 | classify: 2.4082 | total: 2.4082
[New] Epoch 94/1000 | classify: 2.1708 | total: 2.1708
[New] Epoch 95/1000 | classify: 2.1073 | total: 2.1073
[New] Epoch 96/1000 | classify: 1.9700 | total: 1.9700
[New] Epoch 97/1000 | classify: 2.1917 | total: 2.1917
[New] Epoch 98/1000 | classify: 2.2986 | total: 2.2986
[New] Epoch 99/1000 | classify: 2.2008 | total: 2.2008
[New] Epoch 100/1000 | classify: 2.0837 | total: 2.0837
--- 验证集 [epoch 100] ---
  准确率 (Accuracy):  0.6621
  精确率 (Precision): 0.5290
  召回率 (Recall):    0.5295
  F1 分数 (F1):       0.5040
✅ 模型已保存到 /home/kudouzala/Application/ion_detect/output/trained_model_save/exp_new_b_num_tp4/trained_model_epoch_100.pth
📁 损失值已保存到 /home/kudouzala/Application/ion_detect/output/trained_model_save/exp_new_b_num_tp4/training_loss_epoch_100.csv
[New] Epoch 101/1000 | classify: 2.0267 | total: 2.0267
[New] Epoch 102/1000 | classify: 2.2195 | total: 2.2195
[New] Epoch 103/1000 | classify: 2.1995 | total: 2.1995
[New] Epoch 104/1000 | classify: 1.9642 | total: 1.9642
[New] Epoch 105/1000 | classify: 2.0613 | total: 2.0613
[New] Epoch 106/1000 | classify: 2.0397 | total: 2.0397
[New] Epoch 107/1000 | classify: 2.0855 | total: 2.0855
[New] Epoch 108/1000 | classify: 2.0784 | total: 2.0784
[New] Epoch 109/1000 | classify: 2.0085 | total: 2.0085
[New] Epoch 110/1000 | classify: 2.1283 | total: 2.1283
--- 验证集 [epoch 110] ---
  准确率 (Accuracy):  0.6966
  精确率 (Precision): 0.6480
  召回率 (Recall):    0.5953
  F1 分数 (F1):       0.5873
✅ 模型已保存到 /home/kudouzala/Application/ion_detect/output/trained_model_save/exp_new_b_num_tp4/trained_model_epoch_best.pth
  🏆 新最佳 F1=0.5873，已保存 best 模型
[New] Epoch 111/1000 | classify: 2.0564 | total: 2.0564
[New] Epoch 112/1000 | classify: 1.9445 | total: 1.9445
[New] Epoch 113/1000 | classify: 2.0511 | total: 2.0511
[New] Epoch 114/1000 | classify: 2.0284 | total: 2.0284
[New] Epoch 115/1000 | classify: 2.1477 | total: 2.1477
[New] Epoch 116/1000 | classify: 2.0998 | total: 2.0998
[New] Epoch 117/1000 | classify: 2.0159 | total: 2.0159
[New] Epoch 118/1000 | classify: 2.2828 | total: 2.2828
[New] Epoch 119/1000 | classify: 2.0821 | total: 2.0821
[New] Epoch 120/1000 | classify: 1.9061 | total: 1.9061
--- 验证集 [epoch 120] ---
  准确率 (Accuracy):  0.7172
  精确率 (Precision): 0.6177
  召回率 (Recall):    0.5649
  F1 分数 (F1):       0.5779
[New] Epoch 121/1000 | classify: 2.1000 | total: 2.1000
[New] Epoch 122/1000 | classify: 1.8697 | total: 1.8697
[New] Epoch 123/1000 | classify: 2.0391 | total: 2.0391
[New] Epoch 124/1000 | classify: 2.0512 | total: 2.0512
[New] Epoch 125/1000 | classify: 1.8616 | total: 1.8616
[New] Epoch 126/1000 | classify: 2.2997 | total: 2.2997
[New] Epoch 127/1000 | classify: 2.0935 | total: 2.0935
[New] Epoch 128/1000 | classify: 2.1464 | total: 2.1464
[New] Epoch 129/1000 | classify: 2.0288 | total: 2.0288
[New] Epoch 130/1000 | classify: 2.1610 | total: 2.1610
--- 验证集 [epoch 130] ---
  准确率 (Accuracy):  0.6552
  精确率 (Precision): 0.5432
  召回率 (Recall):    0.5230
  F1 分数 (F1):       0.5228
[New] Epoch 131/1000 | classify: 2.2153 | total: 2.2153
[New] Epoch 132/1000 | classify: 2.0352 | total: 2.0352
[New] Epoch 133/1000 | classify: 1.9927 | total: 1.9927
[New] Epoch 134/1000 | classify: 2.0013 | total: 2.0013
[New] Epoch 135/1000 | classify: 2.0775 | total: 2.0775
[New] Epoch 136/1000 | classify: 1.9813 | total: 1.9813
[New] Epoch 137/1000 | classify: 2.2700 | total: 2.2700
[New] Epoch 138/1000 | classify: 2.1830 | total: 2.1830
[New] Epoch 139/1000 | classify: 1.9357 | total: 1.9357
[New] Epoch 140/1000 | classify: 2.1162 | total: 2.1162
--- 验证集 [epoch 140] ---
  准确率 (Accuracy):  0.7034
  精确率 (Precision): 0.5914
  召回率 (Recall):    0.5717
  F1 分数 (F1):       0.5762
[New] Epoch 141/1000 | classify: 1.9155 | total: 1.9155
[New] Epoch 142/1000 | classify: 2.0950 | total: 2.0950
[New] Epoch 143/1000 | classify: 2.0843 | total: 2.0843
[New] Epoch 144/1000 | classify: 1.8437 | total: 1.8437
[New] Epoch 145/1000 | classify: 2.1846 | total: 2.1846
[New] Epoch 146/1000 | classify: 1.8565 | total: 1.8565
[New] Epoch 147/1000 | classify: 1.7595 | total: 1.7595
[New] Epoch 148/1000 | classify: 2.0718 | total: 2.0718
[New] Epoch 149/1000 | classify: 2.0528 | total: 2.0528
[New] Epoch 150/1000 | classify: 2.1512 | total: 2.1512
--- 验证集 [epoch 150] ---
  准确率 (Accuracy):  0.7103
  精确率 (Precision): 0.5586
  召回率 (Recall):    0.5759
  F1 分数 (F1):       0.5439
✅ 模型已保存到 /home/kudouzala/Application/ion_detect/output/trained_model_save/exp_new_b_num_tp4/trained_model_epoch_150.pth
📁 损失值已保存到 /home/kudouzala/Application/ion_detect/output/trained_model_save/exp_new_b_num_tp4/training_loss_epoch_150.csv
[New] Epoch 151/1000 | classify: 2.2228 | total: 2.2228
[New] Epoch 152/1000 | classify: 1.9620 | total: 1.9620
[New] Epoch 153/1000 | classify: 2.0661 | total: 2.0661
[New] Epoch 154/1000 | classify: 2.0795 | total: 2.0795
[New] Epoch 155/1000 | classify: 1.9078 | total: 1.9078
[New] Epoch 156/1000 | classify: 2.0014 | total: 2.0014
[New] Epoch 157/1000 | classify: 2.1025 | total: 2.1025
[New] Epoch 158/1000 | classify: 1.9617 | total: 1.9617
[New] Epoch 159/1000 | classify: 1.9790 | total: 1.9790
[New] Epoch 160/1000 | classify: 2.1641 | total: 2.1641
--- 验证集 [epoch 160] ---
  准确率 (Accuracy):  0.6897
  精确率 (Precision): 0.5606
  召回率 (Recall):    0.5709
  F1 分数 (F1):       0.5235
[New] Epoch 161/1000 | classify: 1.8983 | total: 1.8983
[New] Epoch 162/1000 | classify: 2.1888 | total: 2.1888
[New] Epoch 163/1000 | classify: 2.0792 | total: 2.0792
[New] Epoch 164/1000 | classify: 2.0006 | total: 2.0006
[New] Epoch 165/1000 | classify: 1.9192 | total: 1.9192
[New] Epoch 166/1000 | classify: 2.0821 | total: 2.0821
[New] Epoch 167/1000 | classify: 2.1531 | total: 2.1531
[New] Epoch 168/1000 | classify: 1.8912 | total: 1.8912
[New] Epoch 169/1000 | classify: 1.8827 | total: 1.8827
[New] Epoch 170/1000 | classify: 1.9001 | total: 1.9001
--- 验证集 [epoch 170] ---
  准确率 (Accuracy):  0.6483
  精确率 (Precision): 0.5346
  召回率 (Recall):    0.5355
  F1 分数 (F1):       0.5057
[New] Epoch 171/1000 | classify: 2.0481 | total: 2.0481
[New] Epoch 172/1000 | classify: 1.8171 | total: 1.8171
[New] Epoch 173/1000 | classify: 1.9733 | total: 1.9733
[New] Epoch 174/1000 | classify: 2.2416 | total: 2.2416
[New] Epoch 175/1000 | classify: 2.0835 | total: 2.0835
[New] Epoch 176/1000 | classify: 1.8730 | total: 1.8730
[New] Epoch 177/1000 | classify: 1.9235 | total: 1.9235
[New] Epoch 178/1000 | classify: 1.8525 | total: 1.8525
[New] Epoch 179/1000 | classify: 1.9958 | total: 1.9958
[New] Epoch 180/1000 | classify: 1.8724 | total: 1.8724
--- 验证集 [epoch 180] ---
  准确率 (Accuracy):  0.7034
  精确率 (Precision): 0.6069
  召回率 (Recall):    0.5816
  F1 分数 (F1):       0.5611
[New] Epoch 181/1000 | classify: 1.8830 | total: 1.8830
[New] Epoch 182/1000 | classify: 2.0454 | total: 2.0454
[New] Epoch 183/1000 | classify: 1.9701 | total: 1.9701
[New] Epoch 184/1000 | classify: 2.1230 | total: 2.1230
[New] Epoch 185/1000 | classify: 2.2199 | total: 2.2199
[New] Epoch 186/1000 | classify: 2.0703 | total: 2.0703
[New] Epoch 187/1000 | classify: 1.9419 | total: 1.9419
[New] Epoch 188/1000 | classify: 1.8728 | total: 1.8728
[New] Epoch 189/1000 | classify: 2.2364 | total: 2.2364
[New] Epoch 190/1000 | classify: 1.9490 | total: 1.9490
--- 验证集 [epoch 190] ---
  准确率 (Accuracy):  0.7103
  精确率 (Precision): 0.7023
  召回率 (Recall):    0.6026
  F1 分数 (F1):       0.5652
[New] Epoch 191/1000 | classify: 2.2585 | total: 2.2585
[New] Epoch 192/1000 | classify: 2.1558 | total: 2.1558
[New] Epoch 193/1000 | classify: 1.8904 | total: 1.8904
[New] Epoch 194/1000 | classify: 2.0345 | total: 2.0345
[New] Epoch 195/1000 | classify: 2.0715 | total: 2.0715
[New] Epoch 196/1000 | classify: 1.9214 | total: 1.9214
[New] Epoch 197/1000 | classify: 1.9156 | total: 1.9156
[New] Epoch 198/1000 | classify: 1.9880 | total: 1.9880
[New] Epoch 199/1000 | classify: 2.0076 | total: 2.0076
[New] Epoch 200/1000 | classify: 1.9258 | total: 1.9258
--- 验证集 [epoch 200] ---
  准确率 (Accuracy):  0.7448
  精确率 (Precision): 0.6438
  召回率 (Recall):    0.6023
  F1 分数 (F1):       0.6083
✅ 模型已保存到 /home/kudouzala/Application/ion_detect/output/trained_model_save/exp_new_b_num_tp4/trained_model_epoch_best.pth
  🏆 新最佳 F1=0.6083，已保存 best 模型
✅ 模型已保存到 /home/kudouzala/Application/ion_detect/output/trained_model_save/exp_new_b_num_tp4/trained_model_epoch_200.pth
📁 损失值已保存到 /home/kudouzala/Application/ion_detect/output/trained_model_save/exp_new_b_num_tp4/training_loss_epoch_200.csv
[New] Epoch 201/1000 | classify: 2.0328 | total: 2.0328
[New] Epoch 202/1000 | classify: 1.9518 | total: 1.9518
[New] Epoch 203/1000 | classify: 1.9002 | total: 1.9002
[New] Epoch 204/1000 | classify: 2.1231 | total: 2.1231
[New] Epoch 205/1000 | classify: 1.9822 | total: 1.9822
[New] Epoch 206/1000 | classify: 2.0851 | total: 2.0851
[New] Epoch 207/1000 | classify: 2.0360 | total: 2.0360
[New] Epoch 208/1000 | classify: 2.0427 | total: 2.0427
[New] Epoch 209/1000 | classify: 1.9194 | total: 1.9194
[New] Epoch 210/1000 | classify: 1.9865 | total: 1.9865
--- 验证集 [epoch 210] ---
  准确率 (Accuracy):  0.7103
  精确率 (Precision): 0.6091
  召回率 (Recall):    0.5888
  F1 分数 (F1):       0.5845
[New] Epoch 211/1000 | classify: 2.0711 | total: 2.0711
[New] Epoch 212/1000 | classify: 2.1188 | total: 2.1188
[New] Epoch 213/1000 | classify: 2.0576 | total: 2.0576
[New] Epoch 214/1000 | classify: 1.7982 | total: 1.7982
[New] Epoch 215/1000 | classify: 1.9930 | total: 1.9930
[New] Epoch 216/1000 | classify: 1.9493 | total: 1.9493
[New] Epoch 217/1000 | classify: 2.0149 | total: 2.0149
[New] Epoch 218/1000 | classify: 1.9235 | total: 1.9235
[New] Epoch 219/1000 | classify: 2.0608 | total: 2.0608
[New] Epoch 220/1000 | classify: 2.0727 | total: 2.0727
--- 验证集 [epoch 220] ---
  准确率 (Accuracy):  0.7379
  精确率 (Precision): 0.6597
  召回率 (Recall):    0.6017
  F1 分数 (F1):       0.6106
✅ 模型已保存到 /home/kudouzala/Application/ion_detect/output/trained_model_save/exp_new_b_num_tp4/trained_model_epoch_best.pth
  🏆 新最佳 F1=0.6106，已保存 best 模型
[New] Epoch 221/1000 | classify: 2.0859 | total: 2.0859
[New] Epoch 222/1000 | classify: 1.8426 | total: 1.8426
[New] Epoch 223/1000 | classify: 2.0421 | total: 2.0421
[New] Epoch 224/1000 | classify: 1.8360 | total: 1.8360
[New] Epoch 225/1000 | classify: 2.0343 | total: 2.0343
[New] Epoch 226/1000 | classify: 1.9094 | total: 1.9094
[New] Epoch 227/1000 | classify: 2.1202 | total: 2.1202
[New] Epoch 228/1000 | classify: 2.0583 | total: 2.0583
[New] Epoch 229/1000 | classify: 1.8792 | total: 1.8792
[New] Epoch 230/1000 | classify: 2.0356 | total: 2.0356
--- 验证集 [epoch 230] ---
  准确率 (Accuracy):  0.6621
  精确率 (Precision): 0.5841
  召回率 (Recall):    0.5764
  F1 分数 (F1):       0.5264
[New] Epoch 231/1000 | classify: 2.1583 | total: 2.1583
[New] Epoch 232/1000 | classify: 1.9558 | total: 1.9558
[New] Epoch 233/1000 | classify: 1.9236 | total: 1.9236
[New] Epoch 234/1000 | classify: 1.9076 | total: 1.9076
[New] Epoch 235/1000 | classify: 2.0797 | total: 2.0797
[New] Epoch 236/1000 | classify: 2.1164 | total: 2.1164
[New] Epoch 237/1000 | classify: 1.7697 | total: 1.7697
[New] Epoch 238/1000 | classify: 2.0449 | total: 2.0449
[New] Epoch 239/1000 | classify: 2.0428 | total: 2.0428
[New] Epoch 240/1000 | classify: 2.1176 | total: 2.1176
--- 验证集 [epoch 240] ---
  准确率 (Accuracy):  0.7103
  精确率 (Precision): 0.6494
  召回率 (Recall):    0.5797
  F1 分数 (F1):       0.5876
[New] Epoch 241/1000 | classify: 1.8399 | total: 1.8399
[New] Epoch 242/1000 | classify: 2.1880 | total: 2.1880
[New] Epoch 243/1000 | classify: 1.9679 | total: 1.9679
[New] Epoch 244/1000 | classify: 1.8947 | total: 1.8947
[New] Epoch 245/1000 | classify: 1.9257 | total: 1.9257
[New] Epoch 246/1000 | classify: 1.8605 | total: 1.8605
[New] Epoch 247/1000 | classify: 1.9694 | total: 1.9694
[New] Epoch 248/1000 | classify: 1.8771 | total: 1.8771
[New] Epoch 249/1000 | classify: 1.9564 | total: 1.9564
[New] Epoch 250/1000 | classify: 1.8559 | total: 1.8559
--- 验证集 [epoch 250] ---
  准确率 (Accuracy):  0.7241
  精确率 (Precision): 0.6957
  召回率 (Recall):    0.5634
  F1 分数 (F1):       0.5583
✅ 模型已保存到 /home/kudouzala/Application/ion_detect/output/trained_model_save/exp_new_b_num_tp4/trained_model_epoch_250.pth
📁 损失值已保存到 /home/kudouzala/Application/ion_detect/output/trained_model_save/exp_new_b_num_tp4/training_loss_epoch_250.csv
[New] Epoch 251/1000 | classify: 1.8372 | total: 1.8372
[New] Epoch 252/1000 | classify: 2.0455 | total: 2.0455
[New] Epoch 253/1000 | classify: 1.8652 | total: 1.8652
[New] Epoch 254/1000 | classify: 1.8024 | total: 1.8024
[New] Epoch 255/1000 | classify: 2.1505 | total: 2.1505
[New] Epoch 256/1000 | classify: 2.0409 | total: 2.0409
[New] Epoch 257/1000 | classify: 1.8470 | total: 1.8470
[New] Epoch 258/1000 | classify: 2.0472 | total: 2.0472
[New] Epoch 259/1000 | classify: 2.0231 | total: 2.0231
[New] Epoch 260/1000 | classify: 1.6745 | total: 1.6745
--- 验证集 [epoch 260] ---
  准确率 (Accuracy):  0.7310
  精确率 (Precision): 0.6143
  召回率 (Recall):    0.6023
  F1 分数 (F1):       0.5749
[New] Epoch 261/1000 | classify: 1.8771 | total: 1.8771
[New] Epoch 262/1000 | classify: 1.9661 | total: 1.9661
[New] Epoch 263/1000 | classify: 2.1375 | total: 2.1375
[New] Epoch 264/1000 | classify: 2.1313 | total: 2.1313
[New] Epoch 265/1000 | classify: 1.6367 | total: 1.6367
[New] Epoch 266/1000 | classify: 2.1155 | total: 2.1155
[New] Epoch 267/1000 | classify: 1.9565 | total: 1.9565
[New] Epoch 268/1000 | classify: 1.9651 | total: 1.9651
[New] Epoch 269/1000 | classify: 1.9737 | total: 1.9737
[New] Epoch 270/1000 | classify: 1.8723 | total: 1.8723
--- 验证集 [epoch 270] ---
  准确率 (Accuracy):  0.7655
  精确率 (Precision): 0.6870
  召回率 (Recall):    0.6451
  F1 分数 (F1):       0.6567
✅ 模型已保存到 /home/kudouzala/Application/ion_detect/output/trained_model_save/exp_new_b_num_tp4/trained_model_epoch_best.pth
  🏆 新最佳 F1=0.6567，已保存 best 模型
[New] Epoch 271/1000 | classify: 2.1282 | total: 2.1282
[New] Epoch 272/1000 | classify: 2.0246 | total: 2.0246
[New] Epoch 273/1000 | classify: 2.0679 | total: 2.0679
[New] Epoch 274/1000 | classify: 1.8222 | total: 1.8222
[New] Epoch 275/1000 | classify: 1.9384 | total: 1.9384
[New] Epoch 276/1000 | classify: 2.0311 | total: 2.0311
[New] Epoch 277/1000 | classify: 1.9284 | total: 1.9284
[New] Epoch 278/1000 | classify: 2.0337 | total: 2.0337
[New] Epoch 279/1000 | classify: 1.9510 | total: 1.9510
[New] Epoch 280/1000 | classify: 1.9448 | total: 1.9448
--- 验证集 [epoch 280] ---
  准确率 (Accuracy):  0.7310
  精确率 (Precision): 0.6812
  召回率 (Recall):    0.5990
  F1 分数 (F1):       0.5921
[New] Epoch 281/1000 | classify: 2.2157 | total: 2.2157
[New] Epoch 282/1000 | classify: 2.0867 | total: 2.0867
[New] Epoch 283/1000 | classify: 2.1156 | total: 2.1156
[New] Epoch 284/1000 | classify: 1.8938 | total: 1.8938
[New] Epoch 285/1000 | classify: 2.1234 | total: 2.1234
[New] Epoch 286/1000 | classify: 1.9760 | total: 1.9760
[New] Epoch 287/1000 | classify: 1.9823 | total: 1.9823
[New] Epoch 288/1000 | classify: 1.9683 | total: 1.9683
[New] Epoch 289/1000 | classify: 2.0418 | total: 2.0418
[New] Epoch 290/1000 | classify: 2.1034 | total: 2.1034
--- 验证集 [epoch 290] ---
  准确率 (Accuracy):  0.7034
  精确率 (Precision): 0.6386
  召回率 (Recall):    0.5929
  F1 分数 (F1):       0.5680
[New] Epoch 291/1000 | classify: 2.0558 | total: 2.0558
[New] Epoch 292/1000 | classify: 1.9590 | total: 1.9590
[New] Epoch 293/1000 | classify: 1.9752 | total: 1.9752
[New] Epoch 294/1000 | classify: 1.8789 | total: 1.8789
[New] Epoch 295/1000 | classify: 1.8755 | total: 1.8755
[New] Epoch 296/1000 | classify: 1.9962 | total: 1.9962
[New] Epoch 297/1000 | classify: 2.1455 | total: 2.1455
[New] Epoch 298/1000 | classify: 1.8424 | total: 1.8424
[New] Epoch 299/1000 | classify: 2.0181 | total: 2.0181
[New] Epoch 300/1000 | classify: 2.2338 | total: 2.2338
--- 验证集 [epoch 300] ---
  准确率 (Accuracy):  0.6690
  精确率 (Precision): 0.5812
  召回率 (Recall):    0.5770
  F1 分数 (F1):       0.5359
✅ 模型已保存到 /home/kudouzala/Application/ion_detect/output/trained_model_save/exp_new_b_num_tp4/trained_model_epoch_300.pth
📁 损失值已保存到 /home/kudouzala/Application/ion_detect/output/trained_model_save/exp_new_b_num_tp4/training_loss_epoch_300.csv
[New] Epoch 301/1000 | classify: 1.8909 | total: 1.8909
[New] Epoch 302/1000 | classify: 1.9512 | total: 1.9512
[New] Epoch 303/1000 | classify: 1.9712 | total: 1.9712
[New] Epoch 304/1000 | classify: 2.0606 | total: 2.0606
[New] Epoch 305/1000 | classify: 2.0290 | total: 2.0290
[New] Epoch 306/1000 | classify: 2.1299 | total: 2.1299
[New] Epoch 307/1000 | classify: 1.8839 | total: 1.8839
[New] Epoch 308/1000 | classify: 2.0516 | total: 2.0516
[New] Epoch 309/1000 | classify: 1.8774 | total: 1.8774
[New] Epoch 310/1000 | classify: 1.8835 | total: 1.8835
--- 验证集 [epoch 310] ---
  准确率 (Accuracy):  0.7379
  精确率 (Precision): 0.6994
  召回率 (Recall):    0.5905
  F1 分数 (F1):       0.5799
[New] Epoch 311/1000 | classify: 1.9482 | total: 1.9482
[New] Epoch 312/1000 | classify: 2.0216 | total: 2.0216
[New] Epoch 313/1000 | classify: 1.8454 | total: 1.8454
[New] Epoch 314/1000 | classify: 2.0677 | total: 2.0677
[New] Epoch 315/1000 | classify: 2.0088 | total: 2.0088
[New] Epoch 316/1000 | classify: 2.1696 | total: 2.1696
[New] Epoch 317/1000 | classify: 1.9936 | total: 1.9936
[New] Epoch 318/1000 | classify: 2.1790 | total: 2.1790
[New] Epoch 319/1000 | classify: 1.9285 | total: 1.9285
[New] Epoch 320/1000 | classify: 1.9525 | total: 1.9525
--- 验证集 [epoch 320] ---
  准确率 (Accuracy):  0.6345
  精确率 (Precision): 0.3939
  召回率 (Recall):    0.4716
  F1 分数 (F1):       0.4154
[New] Epoch 321/1000 | classify: 2.0996 | total: 2.0996
[New] Epoch 322/1000 | classify: 2.1816 | total: 2.1816
[New] Epoch 323/1000 | classify: 2.0123 | total: 2.0123
[New] Epoch 324/1000 | classify: 2.1776 | total: 2.1776
[New] Epoch 325/1000 | classify: 1.9224 | total: 1.9224
[New] Epoch 326/1000 | classify: 1.9413 | total: 1.9413
[New] Epoch 327/1000 | classify: 1.7651 | total: 1.7651
[New] Epoch 328/1000 | classify: 1.8720 | total: 1.8720
[New] Epoch 329/1000 | classify: 2.1897 | total: 2.1897
[New] Epoch 330/1000 | classify: 1.8244 | total: 1.8244
--- 验证集 [epoch 330] ---
  准确率 (Accuracy):  0.7172
  精确率 (Precision): 0.6163
  召回率 (Recall):    0.5749
  F1 分数 (F1):       0.5690
[New] Epoch 331/1000 | classify: 1.9517 | total: 1.9517
[New] Epoch 332/1000 | classify: 2.1883 | total: 2.1883
[New] Epoch 333/1000 | classify: 1.8524 | total: 1.8524
[New] Epoch 334/1000 | classify: 1.9205 | total: 1.9205
[New] Epoch 335/1000 | classify: 1.9959 | total: 1.9959
[New] Epoch 336/1000 | classify: 2.0438 | total: 2.0438
[New] Epoch 337/1000 | classify: 2.1064 | total: 2.1064
[New] Epoch 338/1000 | classify: 2.0026 | total: 2.0026
[New] Epoch 339/1000 | classify: 2.1410 | total: 2.1410
[New] Epoch 340/1000 | classify: 2.0370 | total: 2.0370
--- 验证集 [epoch 340] ---
  准确率 (Accuracy):  0.6966
  精确率 (Precision): 0.5447
  召回率 (Recall):    0.5333
  F1 分数 (F1):       0.5097
[New] Epoch 341/1000 | classify: 1.9321 | total: 1.9321
[New] Epoch 342/1000 | classify: 2.0693 | total: 2.0693
[New] Epoch 343/1000 | classify: 2.1589 | total: 2.1589
[New] Epoch 344/1000 | classify: 2.1543 | total: 2.1543
[New] Epoch 345/1000 | classify: 1.8103 | total: 1.8103
[New] Epoch 346/1000 | classify: 2.0584 | total: 2.0584
[New] Epoch 347/1000 | classify: 2.3233 | total: 2.3233
[New] Epoch 348/1000 | classify: 1.9931 | total: 1.9931
[New] Epoch 349/1000 | classify: 2.1517 | total: 2.1517
[New] Epoch 350/1000 | classify: 2.0260 | total: 2.0260
--- 验证集 [epoch 350] ---
  准确率 (Accuracy):  0.6759
  精确率 (Precision): 0.6017
  召回率 (Recall):    0.5664
  F1 分数 (F1):       0.5257
✅ 模型已保存到 /home/kudouzala/Application/ion_detect/output/trained_model_save/exp_new_b_num_tp4/trained_model_epoch_350.pth
📁 损失值已保存到 /home/kudouzala/Application/ion_detect/output/trained_model_save/exp_new_b_num_tp4/training_loss_epoch_350.csv
[New] Epoch 351/1000 | classify: 2.2356 | total: 2.2356
[New] Epoch 352/1000 | classify: 1.9159 | total: 1.9159
[New] Epoch 353/1000 | classify: 2.1829 | total: 2.1829
[New] Epoch 354/1000 | classify: 1.9876 | total: 1.9876
[New] Epoch 355/1000 | classify: 2.0074 | total: 2.0074
[New] Epoch 356/1000 | classify: 2.2582 | total: 2.2582
[New] Epoch 357/1000 | classify: 2.0078 | total: 2.0078
[New] Epoch 358/1000 | classify: 2.0031 | total: 2.0031
[New] Epoch 359/1000 | classify: 2.1830 | total: 2.1830
[New] Epoch 360/1000 | classify: 2.0230 | total: 2.0230
--- 验证集 [epoch 360] ---
  准确率 (Accuracy):  0.7034
  精确率 (Precision): 0.5239
  召回率 (Recall):    0.5573
  F1 分数 (F1):       0.5209
[New] Epoch 361/1000 | classify: 2.1260 | total: 2.1260
[New] Epoch 362/1000 | classify: 2.1432 | total: 2.1432
[New] Epoch 363/1000 | classify: 1.8782 | total: 1.8782
[New] Epoch 364/1000 | classify: 2.1265 | total: 2.1265
[New] Epoch 365/1000 | classify: 1.8747 | total: 1.8747
[New] Epoch 366/1000 | classify: 1.8783 | total: 1.8783
[New] Epoch 367/1000 | classify: 2.2717 | total: 2.2717
[New] Epoch 368/1000 | classify: 2.4517 | total: 2.4517
[New] Epoch 369/1000 | classify: 2.0182 | total: 2.0182
[New] Epoch 370/1000 | classify: 1.9723 | total: 1.9723
--- 验证集 [epoch 370] ---
  准确率 (Accuracy):  0.7310
  精确率 (Precision): 0.6476
  召回率 (Recall):    0.6068
  F1 分数 (F1):       0.6021
[New] Epoch 371/1000 | classify: 2.1255 | total: 2.1255
[New] Epoch 372/1000 | classify: 2.2073 | total: 2.2073
[New] Epoch 373/1000 | classify: 1.9755 | total: 1.9755
[New] Epoch 374/1000 | classify: 2.1311 | total: 2.1311
[New] Epoch 375/1000 | classify: 2.0875 | total: 2.0875
[New] Epoch 376/1000 | classify: 2.0295 | total: 2.0295
[New] Epoch 377/1000 | classify: 1.9596 | total: 1.9596
[New] Epoch 378/1000 | classify: 2.0539 | total: 2.0539
[New] Epoch 379/1000 | classify: 2.1542 | total: 2.1542
[New] Epoch 380/1000 | classify: 2.1895 | total: 2.1895
--- 验证集 [epoch 380] ---
  准确率 (Accuracy):  0.6690
  精确率 (Precision): 0.5324
  召回率 (Recall):    0.5202
  F1 分数 (F1):       0.5122
[New] Epoch 381/1000 | classify: 2.1593 | total: 2.1593
[New] Epoch 382/1000 | classify: 2.1852 | total: 2.1852
[New] Epoch 383/1000 | classify: 2.2724 | total: 2.2724
[New] Epoch 384/1000 | classify: 2.2112 | total: 2.2112
[New] Epoch 385/1000 | classify: 2.2394 | total: 2.2394
[New] Epoch 386/1000 | classify: 2.3591 | total: 2.3591
[New] Epoch 387/1000 | classify: 2.0478 | total: 2.0478
[New] Epoch 388/1000 | classify: 2.2796 | total: 2.2796
[New] Epoch 389/1000 | classify: 2.1402 | total: 2.1402
[New] Epoch 390/1000 | classify: 2.2841 | total: 2.2841
--- 验证集 [epoch 390] ---
  准确率 (Accuracy):  0.7034
  精确率 (Precision): 0.7008
  召回率 (Recall):    0.5745
  F1 分数 (F1):       0.5477
[New] Epoch 391/1000 | classify: 2.1599 | total: 2.1599
[New] Epoch 392/1000 | classify: 2.0684 | total: 2.0684
[New] Epoch 393/1000 | classify: 2.1310 | total: 2.1310
[New] Epoch 394/1000 | classify: 2.1257 | total: 2.1257
[New] Epoch 395/1000 | classify: 2.2949 | total: 2.2949
[New] Epoch 396/1000 | classify: 2.0321 | total: 2.0321
[New] Epoch 397/1000 | classify: 2.3850 | total: 2.3850
[New] Epoch 398/1000 | classify: 2.1487 | total: 2.1487
[New] Epoch 399/1000 | classify: 2.1989 | total: 2.1989
[New] Epoch 400/1000 | classify: 2.3647 | total: 2.3647
--- 验证集 [epoch 400] ---
  准确率 (Accuracy):  0.6345
  精确率 (Precision): 0.5304
  召回率 (Recall):    0.5284
  F1 分数 (F1):       0.4893
✅ 模型已保存到 /home/kudouzala/Application/ion_detect/output/trained_model_save/exp_new_b_num_tp4/trained_model_epoch_400.pth
📁 损失值已保存到 /home/kudouzala/Application/ion_detect/output/trained_model_save/exp_new_b_num_tp4/training_loss_epoch_400.csv
[New] Epoch 401/1000 | classify: 2.3418 | total: 2.3418
[New] Epoch 402/1000 | classify: 2.2310 | total: 2.2310
[New] Epoch 403/1000 | classify: 2.1460 | total: 2.1460
[New] Epoch 404/1000 | classify: 2.3453 | total: 2.3453
[New] Epoch 405/1000 | classify: 2.2288 | total: 2.2288
[New] Epoch 406/1000 | classify: 2.2120 | total: 2.2120
[New] Epoch 407/1000 | classify: 2.2326 | total: 2.2326
[New] Epoch 408/1000 | classify: 2.4164 | total: 2.4164
[New] Epoch 409/1000 | classify: 2.3819 | total: 2.3819
[New] Epoch 410/1000 | classify: 2.1168 | total: 2.1168
--- 验证集 [epoch 410] ---
  准确率 (Accuracy):  0.6414
  精确率 (Precision): 0.4443
  召回率 (Recall):    0.4642
  F1 分数 (F1):       0.4409
[New] Epoch 411/1000 | classify: 2.3613 | total: 2.3613
[New] Epoch 412/1000 | classify: 2.1404 | total: 2.1404
[New] Epoch 413/1000 | classify: 2.2179 | total: 2.2179
[New] Epoch 414/1000 | classify: 2.2514 | total: 2.2514
[New] Epoch 415/1000 | classify: 2.1583 | total: 2.1583
[New] Epoch 416/1000 | classify: 2.2962 | total: 2.2962
[New] Epoch 417/1000 | classify: 2.3067 | total: 2.3067
[New] Epoch 418/1000 | classify: 2.3776 | total: 2.3776
[New] Epoch 419/1000 | classify: 2.3588 | total: 2.3588
[New] Epoch 420/1000 | classify: 2.2906 | total: 2.2906
--- 验证集 [epoch 420] ---
  准确率 (Accuracy):  0.6759
  精确率 (Precision): 0.4637
  召回率 (Recall):    0.4943
  F1 分数 (F1):       0.4739
[New] Epoch 421/1000 | classify: 2.1747 | total: 2.1747
[New] Epoch 422/1000 | classify: 2.4361 | total: 2.4361
[New] Epoch 423/1000 | classify: 2.3469 | total: 2.3469
[New] Epoch 424/1000 | classify: 2.3189 | total: 2.3189
[New] Epoch 425/1000 | classify: 2.3237 | total: 2.3237
[New] Epoch 426/1000 | classify: 2.4604 | total: 2.4604
[New] Epoch 427/1000 | classify: 2.4351 | total: 2.4351
[New] Epoch 428/1000 | classify: 2.2376 | total: 2.2376
[New] Epoch 429/1000 | classify: 2.3252 | total: 2.3252
[New] Epoch 430/1000 | classify: 2.2742 | total: 2.2742
--- 验证集 [epoch 430] ---
  准确率 (Accuracy):  0.5862
  精确率 (Precision): 0.4408
  召回率 (Recall):    0.4663
  F1 分数 (F1):       0.3902
[New] Epoch 431/1000 | classify: 2.3920 | total: 2.3920
[New] Epoch 432/1000 | classify: 2.5363 | total: 2.5363
[New] Epoch 433/1000 | classify: 2.3742 | total: 2.3742
[New] Epoch 434/1000 | classify: 2.4552 | total: 2.4552
[New] Epoch 435/1000 | classify: 2.5550 | total: 2.5550
[New] Epoch 436/1000 | classify: 2.3097 | total: 2.3097
[New] Epoch 437/1000 | classify: 2.2613 | total: 2.2613
[New] Epoch 438/1000 | classify: 2.3314 | total: 2.3314
[New] Epoch 439/1000 | classify: 2.2883 | total: 2.2883
[New] Epoch 440/1000 | classify: 2.3185 | total: 2.3185
--- 验证集 [epoch 440] ---
  准确率 (Accuracy):  0.6759
  精确率 (Precision): 0.5421
  召回率 (Recall):    0.4994
  F1 分数 (F1):       0.4861
[New] Epoch 441/1000 | classify: 2.1805 | total: 2.1805
[New] Epoch 442/1000 | classify: 2.5914 | total: 2.5914
[New] Epoch 443/1000 | classify: 2.3493 | total: 2.3493
[New] Epoch 444/1000 | classify: 2.5091 | total: 2.5091
[New] Epoch 445/1000 | classify: 2.5912 | total: 2.5912
[New] Epoch 446/1000 | classify: 2.5936 | total: 2.5936
[New] Epoch 447/1000 | classify: 2.3602 | total: 2.3602
[New] Epoch 448/1000 | classify: 2.4119 | total: 2.4119
[New] Epoch 449/1000 | classify: 2.3547 | total: 2.3547
[New] Epoch 450/1000 | classify: 2.2582 | total: 2.2582
--- 验证集 [epoch 450] ---
  准确率 (Accuracy):  0.6345
  精确率 (Precision): 0.3668
  召回率 (Recall):    0.4527
  F1 分数 (F1):       0.3872
✅ 模型已保存到 /home/kudouzala/Application/ion_detect/output/trained_model_save/exp_new_b_num_tp4/trained_model_epoch_450.pth
📁 损失值已保存到 /home/kudouzala/Application/ion_detect/output/trained_model_save/exp_new_b_num_tp4/training_loss_epoch_450.csv
[New] Epoch 451/1000 | classify: 2.2409 | total: 2.2409
[New] Epoch 452/1000 | classify: 2.5978 | total: 2.5978
[New] Epoch 453/1000 | classify: 2.4089 | total: 2.4089
[New] Epoch 454/1000 | classify: 2.4003 | total: 2.4003
[New] Epoch 455/1000 | classify: 2.5326 | total: 2.5326
[New] Epoch 456/1000 | classify: 2.4723 | total: 2.4723
[New] Epoch 457/1000 | classify: 2.2337 | total: 2.2337
[New] Epoch 458/1000 | classify: 2.4858 | total: 2.4858
[New] Epoch 459/1000 | classify: 2.5094 | total: 2.5094
[New] Epoch 460/1000 | classify: 2.5150 | total: 2.5150
--- 验证集 [epoch 460] ---
  准确率 (Accuracy):  0.6828
  精确率 (Precision): 0.5723
  召回率 (Recall):    0.5133
  F1 分数 (F1):       0.5094
[New] Epoch 461/1000 | classify: 2.4308 | total: 2.4308
[New] Epoch 462/1000 | classify: 2.3898 | total: 2.3898
[New] Epoch 463/1000 | classify: 2.3865 | total: 2.3865
[New] Epoch 464/1000 | classify: 2.3621 | total: 2.3621
[New] Epoch 465/1000 | classify: 2.8278 | total: 2.8278
[New] Epoch 466/1000 | classify: 2.4729 | total: 2.4729
[New] Epoch 467/1000 | classify: 2.5021 | total: 2.5021
[New] Epoch 468/1000 | classify: 2.3136 | total: 2.3136
[New] Epoch 469/1000 | classify: 2.4529 | total: 2.4529
[New] Epoch 470/1000 | classify: 2.3879 | total: 2.3879
--- 验证集 [epoch 470] ---
  准确率 (Accuracy):  0.6759
  精确率 (Precision): 0.4976
  召回率 (Recall):    0.5258
  F1 分数 (F1):       0.4966
[New] Epoch 471/1000 | classify: 2.4792 | total: 2.4792
[New] Epoch 472/1000 | classify: 2.4312 | total: 2.4312
[New] Epoch 473/1000 | classify: 2.4450 | total: 2.4450
[New] Epoch 474/1000 | classify: 2.5624 | total: 2.5624
[New] Epoch 475/1000 | classify: 2.6374 | total: 2.6374
[New] Epoch 476/1000 | classify: 2.3726 | total: 2.3726
[New] Epoch 477/1000 | classify: 2.5300 | total: 2.5300
[New] Epoch 478/1000 | classify: 2.4949 | total: 2.4949
[New] Epoch 479/1000 | classify: 2.5468 | total: 2.5468
[New] Epoch 480/1000 | classify: 2.4236 | total: 2.4236
--- 验证集 [epoch 480] ---
  准确率 (Accuracy):  0.6552
  精确率 (Precision): 0.5011
  召回率 (Recall):    0.4637
  F1 分数 (F1):       0.4503
[New] Epoch 481/1000 | classify: 2.3763 | total: 2.3763
[New] Epoch 482/1000 | classify: 2.4142 | total: 2.4142
[New] Epoch 483/1000 | classify: 2.4902 | total: 2.4902
[New] Epoch 484/1000 | classify: 2.4870 | total: 2.4870
[New] Epoch 485/1000 | classify: 2.5028 | total: 2.5028
[New] Epoch 486/1000 | classify: 2.5533 | total: 2.5533
[New] Epoch 487/1000 | classify: 2.6054 | total: 2.6054
[New] Epoch 488/1000 | classify: 2.5746 | total: 2.5746
[New] Epoch 489/1000 | classify: 2.4795 | total: 2.4795
[New] Epoch 490/1000 | classify: 2.5912 | total: 2.5912
--- 验证集 [epoch 490] ---
  准确率 (Accuracy):  0.6483
  精确率 (Precision): 0.3868
  召回率 (Recall):    0.4518
  F1 分数 (F1):       0.4038
[New] Epoch 491/1000 | classify: 2.8215 | total: 2.8215
[New] Epoch 492/1000 | classify: 2.6724 | total: 2.6724
[New] Epoch 493/1000 | classify: 2.5948 | total: 2.5948
[New] Epoch 494/1000 | classify: 2.5259 | total: 2.5259
[New] Epoch 495/1000 | classify: 2.4801 | total: 2.4801
[New] Epoch 496/1000 | classify: 2.5604 | total: 2.5604
[New] Epoch 497/1000 | classify: 2.4703 | total: 2.4703
[New] Epoch 498/1000 | classify: 2.1534 | total: 2.1534
[New] Epoch 499/1000 | classify: 2.6090 | total: 2.6090
[New] Epoch 500/1000 | classify: 2.3709 | total: 2.3709
--- 验证集 [epoch 500] ---
  准确率 (Accuracy):  0.6552
  精确率 (Precision): 0.5593
  召回率 (Recall):    0.4637
  F1 分数 (F1):       0.4367
✅ 模型已保存到 /home/kudouzala/Application/ion_detect/output/trained_model_save/exp_new_b_num_tp4/trained_model_epoch_500.pth
📁 损失值已保存到 /home/kudouzala/Application/ion_detect/output/trained_model_save/exp_new_b_num_tp4/training_loss_epoch_500.csv
[New] Epoch 501/1000 | classify: 2.3708 | total: 2.3708
[New] Epoch 502/1000 | classify: 2.5544 | total: 2.5544
[New] Epoch 503/1000 | classify: 2.5277 | total: 2.5277
[New] Epoch 504/1000 | classify: 2.4740 | total: 2.4740
[New] Epoch 505/1000 | classify: 2.5338 | total: 2.5338
[New] Epoch 506/1000 | classify: 2.5154 | total: 2.5154
[New] Epoch 507/1000 | classify: 2.6149 | total: 2.6149
[New] Epoch 508/1000 | classify: 2.4123 | total: 2.4123
[New] Epoch 509/1000 | classify: 2.4898 | total: 2.4898
[New] Epoch 510/1000 | classify: 2.3708 | total: 2.3708
--- 验证集 [epoch 510] ---
  准确率 (Accuracy):  0.6276
  精确率 (Precision): 0.4871
  召回率 (Recall):    0.4790
  F1 分数 (F1):       0.4444
[New] Epoch 511/1000 | classify: 2.7406 | total: 2.7406
[New] Epoch 512/1000 | classify: 2.4436 | total: 2.4436
[New] Epoch 513/1000 | classify: 2.6873 | total: 2.6873
[New] Epoch 514/1000 | classify: 2.5078 | total: 2.5078
[New] Epoch 515/1000 | classify: 2.4448 | total: 2.4448
[New] Epoch 516/1000 | classify: 2.4413 | total: 2.4413
[New] Epoch 517/1000 | classify: 2.3973 | total: 2.3973
[New] Epoch 518/1000 | classify: 2.6245 | total: 2.6245
[New] Epoch 519/1000 | classify: 2.6606 | total: 2.6606
[New] Epoch 520/1000 | classify: 2.3911 | total: 2.3911
--- 验证集 [epoch 520] ---
  准确率 (Accuracy):  0.6552
  精确率 (Precision): 0.5215
  召回率 (Recall):    0.4586
  F1 分数 (F1):       0.4225
[New] Epoch 521/1000 | classify: 2.5103 | total: 2.5103
[New] Epoch 522/1000 | classify: 2.7366 | total: 2.7366
[New] Epoch 523/1000 | classify: 2.5791 | total: 2.5791
[New] Epoch 524/1000 | classify: 2.3393 | total: 2.3393
[New] Epoch 525/1000 | classify: 2.4712 | total: 2.4712
[New] Epoch 526/1000 | classify: 2.6061 | total: 2.6061
[New] Epoch 527/1000 | classify: 2.5238 | total: 2.5238
[New] Epoch 528/1000 | classify: 2.6444 | total: 2.6444
[New] Epoch 529/1000 | classify: 2.7047 | total: 2.7047
[New] Epoch 530/1000 | classify: 2.4493 | total: 2.4493
--- 验证集 [epoch 530] ---
  准确率 (Accuracy):  0.6621
  精确率 (Precision): 0.5495
  召回率 (Recall):    0.4654
  F1 分数 (F1):       0.4460
[New] Epoch 531/1000 | classify: 2.4263 | total: 2.4263
[New] Epoch 532/1000 | classify: 2.5363 | total: 2.5363
[New] Epoch 533/1000 | classify: 2.6011 | total: 2.6011
[New] Epoch 534/1000 | classify: 2.5915 | total: 2.5915
[New] Epoch 535/1000 | classify: 2.4777 | total: 2.4777
[New] Epoch 536/1000 | classify: 2.4232 | total: 2.4232
[New] Epoch 537/1000 | classify: 2.9074 | total: 2.9074
[New] Epoch 538/1000 | classify: 2.7475 | total: 2.7475
[New] Epoch 539/1000 | classify: 2.6246 | total: 2.6246
[New] Epoch 540/1000 | classify: 2.4620 | total: 2.4620
--- 验证集 [epoch 540] ---
  准确率 (Accuracy):  0.6552
  精确率 (Precision): 0.4801
  召回率 (Recall):    0.4586
  F1 分数 (F1):       0.4348
[New] Epoch 541/1000 | classify: 2.7250 | total: 2.7250
[New] Epoch 542/1000 | classify: 2.7326 | total: 2.7326
[New] Epoch 543/1000 | classify: 2.7488 | total: 2.7488
[New] Epoch 544/1000 | classify: 2.3781 | total: 2.3781
[New] Epoch 545/1000 | classify: 2.5781 | total: 2.5781
[New] Epoch 546/1000 | classify: 2.7349 | total: 2.7349
[New] Epoch 547/1000 | classify: 2.4948 | total: 2.4948
[New] Epoch 548/1000 | classify: 2.8050 | total: 2.8050
[New] Epoch 549/1000 | classify: 2.6781 | total: 2.6781
[New] Epoch 550/1000 | classify: 2.6786 | total: 2.6786
--- 验证集 [epoch 550] ---
  准确率 (Accuracy):  0.6552
  精确率 (Precision): 0.5297
  召回率 (Recall):    0.4756
  F1 分数 (F1):       0.4500
✅ 模型已保存到 /home/kudouzala/Application/ion_detect/output/trained_model_save/exp_new_b_num_tp4/trained_model_epoch_550.pth
📁 损失值已保存到 /home/kudouzala/Application/ion_detect/output/trained_model_save/exp_new_b_num_tp4/training_loss_epoch_550.csv
[New] Epoch 551/1000 | classify: 2.6398 | total: 2.6398
[New] Epoch 552/1000 | classify: 2.5944 | total: 2.5944
[New] Epoch 553/1000 | classify: 2.5948 | total: 2.5948
[New] Epoch 554/1000 | classify: 2.7233 | total: 2.7233
[New] Epoch 555/1000 | classify: 2.7535 | total: 2.7535
[New] Epoch 556/1000 | classify: 2.7122 | total: 2.7122
[New] Epoch 557/1000 | classify: 2.8652 | total: 2.8652
[New] Epoch 558/1000 | classify: 2.6393 | total: 2.6393
[New] Epoch 559/1000 | classify: 2.6724 | total: 2.6724
[New] Epoch 560/1000 | classify: 2.6376 | total: 2.6376
--- 验证集 [epoch 560] ---
  准确率 (Accuracy):  0.6207
  精确率 (Precision): 0.3788
  召回率 (Recall):    0.4085
  F1 分数 (F1):       0.3768
[New] Epoch 561/1000 | classify: 2.5671 | total: 2.5671
[New] Epoch 562/1000 | classify: 2.5343 | total: 2.5343
[New] Epoch 563/1000 | classify: 2.5238 | total: 2.5238
[New] Epoch 564/1000 | classify: 2.8323 | total: 2.8323
[New] Epoch 565/1000 | classify: 2.8056 | total: 2.8056
[New] Epoch 566/1000 | classify: 2.7572 | total: 2.7572
[New] Epoch 567/1000 | classify: 2.6614 | total: 2.6614
[New] Epoch 568/1000 | classify: 2.5351 | total: 2.5351
[New] Epoch 569/1000 | classify: 2.8001 | total: 2.8001
[New] Epoch 570/1000 | classify: 2.6380 | total: 2.6380
--- 验证集 [epoch 570] ---
  准确率 (Accuracy):  0.6414
  精确率 (Precision): 0.5647
  召回率 (Recall):    0.4407
  F1 分数 (F1):       0.4307
[New] Epoch 571/1000 | classify: 2.8811 | total: 2.8811
[New] Epoch 572/1000 | classify: 2.6904 | total: 2.6904
[New] Epoch 573/1000 | classify: 2.7378 | total: 2.7378
[New] Epoch 574/1000 | classify: 2.6619 | total: 2.6619
[New] Epoch 575/1000 | classify: 2.5463 | total: 2.5463
[New] Epoch 576/1000 | classify: 2.5846 | total: 2.5846
[New] Epoch 577/1000 | classify: 2.5899 | total: 2.5899
[New] Epoch 578/1000 | classify: 2.5848 | total: 2.5848
[New] Epoch 579/1000 | classify: 2.6152 | total: 2.6152
[New] Epoch 580/1000 | classify: 2.6961 | total: 2.6961
--- 验证集 [epoch 580] ---
  准确率 (Accuracy):  0.6621
  精确率 (Precision): 0.4420
  召回率 (Recall):    0.4552
  F1 分数 (F1):       0.4353
[New] Epoch 581/1000 | classify: 2.3699 | total: 2.3699
[New] Epoch 582/1000 | classify: 2.7791 | total: 2.7791
[New] Epoch 583/1000 | classify: 2.7390 | total: 2.7390
[New] Epoch 584/1000 | classify: 2.7540 | total: 2.7540
[New] Epoch 585/1000 | classify: 2.6166 | total: 2.6166
[New] Epoch 586/1000 | classify: 2.6057 | total: 2.6057
[New] Epoch 587/1000 | classify: 2.5812 | total: 2.5812
[New] Epoch 588/1000 | classify: 2.6736 | total: 2.6736
[New] Epoch 589/1000 | classify: 2.7831 | total: 2.7831
[New] Epoch 590/1000 | classify: 2.7581 | total: 2.7581
--- 验证集 [epoch 590] ---
  准确率 (Accuracy):  0.6552
  精确率 (Precision): 0.3840
  召回率 (Recall):    0.4586
  F1 分数 (F1):       0.4096
[New] Epoch 591/1000 | classify: 2.7818 | total: 2.7818
[New] Epoch 592/1000 | classify: 2.8722 | total: 2.8722
[New] Epoch 593/1000 | classify: 2.6734 | total: 2.6734
[New] Epoch 594/1000 | classify: 2.5891 | total: 2.5891
[New] Epoch 595/1000 | classify: 2.7609 | total: 2.7609
[New] Epoch 596/1000 | classify: 2.7643 | total: 2.7643
[New] Epoch 597/1000 | classify: 2.6697 | total: 2.6697
[New] Epoch 598/1000 | classify: 2.8463 | total: 2.8463
[New] Epoch 599/1000 | classify: 2.6702 | total: 2.6702
[New] Epoch 600/1000 | classify: 2.7549 | total: 2.7549
--- 验证集 [epoch 600] ---
  准确率 (Accuracy):  0.6552
  精确率 (Precision): 0.4572
  召回率 (Recall):    0.4705
  F1 分数 (F1):       0.4388
✅ 模型已保存到 /home/kudouzala/Application/ion_detect/output/trained_model_save/exp_new_b_num_tp4/trained_model_epoch_600.pth
📁 损失值已保存到 /home/kudouzala/Application/ion_detect/output/trained_model_save/exp_new_b_num_tp4/training_loss_epoch_600.csv
[New] Epoch 601/1000 | classify: 2.7551 | total: 2.7551
[New] Epoch 602/1000 | classify: 2.5732 | total: 2.5732
[New] Epoch 603/1000 | classify: 2.9407 | total: 2.9407
[New] Epoch 604/1000 | classify: 2.9070 | total: 2.9070
[New] Epoch 605/1000 | classify: 2.9278 | total: 2.9278
[New] Epoch 606/1000 | classify: 2.7296 | total: 2.7296
[New] Epoch 607/1000 | classify: 2.7670 | total: 2.7670
[New] Epoch 608/1000 | classify: 2.6816 | total: 2.6816
[New] Epoch 609/1000 | classify: 2.6344 | total: 2.6344
[New] Epoch 610/1000 | classify: 2.8251 | total: 2.8251
--- 验证集 [epoch 610] ---
  准确率 (Accuracy):  0.6069
  精确率 (Precision): 0.4295
  召回率 (Recall):    0.4567
  F1 分数 (F1):       0.3957
[New] Epoch 611/1000 | classify: 2.7676 | total: 2.7676
[New] Epoch 612/1000 | classify: 2.8715 | total: 2.8715
[New] Epoch 613/1000 | classify: 2.8264 | total: 2.8264
[New] Epoch 614/1000 | classify: 2.6105 | total: 2.6105
[New] Epoch 615/1000 | classify: 2.7217 | total: 2.7217
[New] Epoch 616/1000 | classify: 2.9876 | total: 2.9876
[New] Epoch 617/1000 | classify: 2.6641 | total: 2.6641
[New] Epoch 618/1000 | classify: 2.8696 | total: 2.8696
[New] Epoch 619/1000 | classify: 2.4846 | total: 2.4846
[New] Epoch 620/1000 | classify: 2.9255 | total: 2.9255
--- 验证集 [epoch 620] ---
  准确率 (Accuracy):  0.6207
  精确率 (Precision): 0.4545
  召回率 (Recall):    0.4373
  F1 分数 (F1):       0.3870
[New] Epoch 621/1000 | classify: 2.9078 | total: 2.9078
[New] Epoch 622/1000 | classify: 2.7812 | total: 2.7812
[New] Epoch 623/1000 | classify: 2.8847 | total: 2.8847
[New] Epoch 624/1000 | classify: 2.7965 | total: 2.7965
[New] Epoch 625/1000 | classify: 2.9427 | total: 2.9427
[New] Epoch 626/1000 | classify: 2.9924 | total: 2.9924
[New] Epoch 627/1000 | classify: 2.8890 | total: 2.8890
[New] Epoch 628/1000 | classify: 2.8631 | total: 2.8631
[New] Epoch 629/1000 | classify: 2.7903 | total: 2.7903
[New] Epoch 630/1000 | classify: 2.8422 | total: 2.8422
--- 验证集 [epoch 630] ---
  准确率 (Accuracy):  0.6621
  精确率 (Precision): 0.4304
  召回率 (Recall):    0.4764
  F1 分数 (F1):       0.4343
[New] Epoch 631/1000 | classify: 2.8784 | total: 2.8784
[New] Epoch 632/1000 | classify: 2.7983 | total: 2.7983
[New] Epoch 633/1000 | classify: 2.7174 | total: 2.7174
[New] Epoch 634/1000 | classify: 2.8119 | total: 2.8119
[New] Epoch 635/1000 | classify: 3.0484 | total: 3.0484
[New] Epoch 636/1000 | classify: 2.9429 | total: 2.9429
[New] Epoch 637/1000 | classify: 2.9725 | total: 2.9725
[New] Epoch 638/1000 | classify: 2.9235 | total: 2.9235
[New] Epoch 639/1000 | classify: 2.6776 | total: 2.6776
[New] Epoch 640/1000 | classify: 2.6720 | total: 2.6720
--- 验证集 [epoch 640] ---
  准确率 (Accuracy):  0.5931
  精确率 (Precision): 0.4058
  召回率 (Recall):    0.3590
  F1 分数 (F1):       0.3283
[New] Epoch 641/1000 | classify: 2.9527 | total: 2.9527
[New] Epoch 642/1000 | classify: 2.8262 | total: 2.8262
[New] Epoch 643/1000 | classify: 2.6855 | total: 2.6855
[New] Epoch 644/1000 | classify: 2.9898 | total: 2.9898
[New] Epoch 645/1000 | classify: 2.9858 | total: 2.9858
[New] Epoch 646/1000 | classify: 2.8048 | total: 2.8048
[New] Epoch 647/1000 | classify: 2.9130 | total: 2.9130
[New] Epoch 648/1000 | classify: 2.8152 | total: 2.8152
[New] Epoch 649/1000 | classify: 2.8715 | total: 2.8715
[New] Epoch 650/1000 | classify: 2.6877 | total: 2.6877
--- 验证集 [epoch 650] ---
  准确率 (Accuracy):  0.6138
  精确率 (Precision): 0.4759
  召回率 (Recall):    0.4356
  F1 分数 (F1):       0.3720
✅ 模型已保存到 /home/kudouzala/Application/ion_detect/output/trained_model_save/exp_new_b_num_tp4/trained_model_epoch_650.pth
📁 损失值已保存到 /home/kudouzala/Application/ion_detect/output/trained_model_save/exp_new_b_num_tp4/training_loss_epoch_650.csv
[New] Epoch 651/1000 | classify: 2.9816 | total: 2.9816
[New] Epoch 652/1000 | classify: 2.8845 | total: 2.8845
[New] Epoch 653/1000 | classify: 2.6731 | total: 2.6731
[New] Epoch 654/1000 | classify: 2.7522 | total: 2.7522
[New] Epoch 655/1000 | classify: 2.8750 | total: 2.8750
[New] Epoch 656/1000 | classify: 2.9200 | total: 2.9200
[New] Epoch 657/1000 | classify: 2.7456 | total: 2.7456
[New] Epoch 658/1000 | classify: 2.9109 | total: 2.9109
[New] Epoch 659/1000 | classify: 2.8178 | total: 2.8178
[New] Epoch 660/1000 | classify: 2.8346 | total: 2.8346
--- 验证集 [epoch 660] ---
  准确率 (Accuracy):  0.6345
  精确率 (Precision): 0.4299
  召回率 (Recall):    0.4552
  F1 分数 (F1):       0.4080
[New] Epoch 661/1000 | classify: 2.8734 | total: 2.8734
[New] Epoch 662/1000 | classify: 2.8197 | total: 2.8197
[New] Epoch 663/1000 | classify: 3.0556 | total: 3.0556
[New] Epoch 664/1000 | classify: 2.8237 | total: 2.8237
[New] Epoch 665/1000 | classify: 2.8559 | total: 2.8559
[New] Epoch 666/1000 | classify: 2.6891 | total: 2.6891
[New] Epoch 667/1000 | classify: 2.9093 | total: 2.9093
[New] Epoch 668/1000 | classify: 2.6712 | total: 2.6712
[New] Epoch 669/1000 | classify: 2.8429 | total: 2.8429
[New] Epoch 670/1000 | classify: 3.0160 | total: 3.0160
--- 验证集 [epoch 670] ---
  准确率 (Accuracy):  0.6069
  精确率 (Precision): 0.5469
  召回率 (Recall):    0.4024
  F1 分数 (F1):       0.3718
[New] Epoch 671/1000 | classify: 2.8293 | total: 2.8293
[New] Epoch 672/1000 | classify: 2.7999 | total: 2.7999
[New] Epoch 673/1000 | classify: 2.8913 | total: 2.8913
[New] Epoch 674/1000 | classify: 3.0607 | total: 3.0607
[New] Epoch 675/1000 | classify: 2.8362 | total: 2.8362
[New] Epoch 676/1000 | classify: 3.0891 | total: 3.0891
[New] Epoch 677/1000 | classify: 2.8954 | total: 2.8954
[New] Epoch 678/1000 | classify: 2.9079 | total: 2.9079
[New] Epoch 679/1000 | classify: 2.9149 | total: 2.9149
[New] Epoch 680/1000 | classify: 3.0146 | total: 3.0146
--- 验证集 [epoch 680] ---
  准确率 (Accuracy):  0.5931
  精确率 (Precision): 0.4333
  召回率 (Recall):    0.4864
  F1 分数 (F1):       0.4173
[New] Epoch 681/1000 | classify: 3.0734 | total: 3.0734
[New] Epoch 682/1000 | classify: 2.9733 | total: 2.9733
[New] Epoch 683/1000 | classify: 2.9036 | total: 2.9036
[New] Epoch 684/1000 | classify: 2.9304 | total: 2.9304
[New] Epoch 685/1000 | classify: 3.0750 | total: 3.0750
[New] Epoch 686/1000 | classify: 2.9489 | total: 2.9489
[New] Epoch 687/1000 | classify: 2.8605 | total: 2.8605
[New] Epoch 688/1000 | classify: 2.9623 | total: 2.9623
[New] Epoch 689/1000 | classify: 2.9266 | total: 2.9266
[New] Epoch 690/1000 | classify: 2.8483 | total: 2.8483
--- 验证集 [epoch 690] ---
  准确率 (Accuracy):  0.6207
  精确率 (Precision): 0.3652
  召回率 (Recall):    0.4580
  F1 分数 (F1):       0.3932
[New] Epoch 691/1000 | classify: 3.0191 | total: 3.0191
[New] Epoch 692/1000 | classify: 2.9435 | total: 2.9435
[New] Epoch 693/1000 | classify: 2.8489 | total: 2.8489
[New] Epoch 694/1000 | classify: 2.8692 | total: 2.8692
[New] Epoch 695/1000 | classify: 2.8754 | total: 2.8754
[New] Epoch 696/1000 | classify: 2.9806 | total: 2.9806
[New] Epoch 697/1000 | classify: 2.8586 | total: 2.8586
[New] Epoch 698/1000 | classify: 2.9290 | total: 2.9290
[New] Epoch 699/1000 | classify: 2.9436 | total: 2.9436
[New] Epoch 700/1000 | classify: 2.9733 | total: 2.9733
--- 验证集 [epoch 700] ---
  准确率 (Accuracy):  0.6621
  精确率 (Precision): 0.4192
  召回率 (Recall):    0.4654
  F1 分数 (F1):       0.4269
✅ 模型已保存到 /home/kudouzala/Application/ion_detect/output/trained_model_save/exp_new_b_num_tp4/trained_model_epoch_700.pth
📁 损失值已保存到 /home/kudouzala/Application/ion_detect/output/trained_model_save/exp_new_b_num_tp4/training_loss_epoch_700.csv
[New] Epoch 701/1000 | classify: 2.8558 | total: 2.8558
[New] Epoch 702/1000 | classify: 2.9605 | total: 2.9605
[New] Epoch 703/1000 | classify: 3.1497 | total: 3.1497
[New] Epoch 704/1000 | classify: 2.9157 | total: 2.9157
[New] Epoch 705/1000 | classify: 2.9804 | total: 2.9804
[New] Epoch 706/1000 | classify: 3.1234 | total: 3.1234
[New] Epoch 707/1000 | classify: 2.9632 | total: 2.9632
[New] Epoch 708/1000 | classify: 2.9328 | total: 2.9328
[New] Epoch 709/1000 | classify: 3.0580 | total: 3.0580
[New] Epoch 710/1000 | classify: 2.9984 | total: 2.9984
--- 验证集 [epoch 710] ---
  准确率 (Accuracy):  0.6621
  精确率 (Precision): 0.3901
  召回率 (Recall):    0.4654
  F1 分数 (F1):       0.4194
[New] Epoch 711/1000 | classify: 3.0075 | total: 3.0075
[New] Epoch 712/1000 | classify: 3.0086 | total: 3.0086
[New] Epoch 713/1000 | classify: 2.9265 | total: 2.9265
[New] Epoch 714/1000 | classify: 3.1685 | total: 3.1685
[New] Epoch 715/1000 | classify: 2.9565 | total: 2.9565
[New] Epoch 716/1000 | classify: 2.9743 | total: 2.9743
[New] Epoch 717/1000 | classify: 3.0440 | total: 3.0440
[New] Epoch 718/1000 | classify: 2.9752 | total: 2.9752
[New] Epoch 719/1000 | classify: 3.0256 | total: 3.0256
[New] Epoch 720/1000 | classify: 3.0831 | total: 3.0831
--- 验证集 [epoch 720] ---
  准确率 (Accuracy):  0.6552
  精确率 (Precision): 0.4422
  召回率 (Recall):    0.4705
  F1 分数 (F1):       0.4307
[New] Epoch 721/1000 | classify: 2.9979 | total: 2.9979
[New] Epoch 722/1000 | classify: 3.0245 | total: 3.0245
[New] Epoch 723/1000 | classify: 2.9298 | total: 2.9298
[New] Epoch 724/1000 | classify: 2.8351 | total: 2.8351
[New] Epoch 725/1000 | classify: 3.1757 | total: 3.1757
[New] Epoch 726/1000 | classify: 2.9448 | total: 2.9448
[New] Epoch 727/1000 | classify: 2.9758 | total: 2.9758
[New] Epoch 728/1000 | classify: 2.7670 | total: 2.7670
[New] Epoch 729/1000 | classify: 3.2383 | total: 3.2383
[New] Epoch 730/1000 | classify: 2.8837 | total: 2.8837
--- 验证集 [epoch 730] ---
  准确率 (Accuracy):  0.6621
  精确率 (Precision): 0.3963
  召回率 (Recall):    0.4654
  F1 分数 (F1):       0.4201
[New] Epoch 731/1000 | classify: 2.9059 | total: 2.9059
[New] Epoch 732/1000 | classify: 2.9512 | total: 2.9512
[New] Epoch 733/1000 | classify: 3.0621 | total: 3.0621
[New] Epoch 734/1000 | classify: 3.0454 | total: 3.0454
[New] Epoch 735/1000 | classify: 3.1095 | total: 3.1095
[New] Epoch 736/1000 | classify: 3.1241 | total: 3.1241
[New] Epoch 737/1000 | classify: 3.1075 | total: 3.1075
[New] Epoch 738/1000 | classify: 3.1151 | total: 3.1151
[New] Epoch 739/1000 | classify: 3.1801 | total: 3.1801
[New] Epoch 740/1000 | classify: 3.0984 | total: 3.0984
--- 验证集 [epoch 740] ---
  准确率 (Accuracy):  0.6069
  精确率 (Precision): 0.4059
  召回率 (Recall):    0.3922
  F1 分数 (F1):       0.3465
[New] Epoch 741/1000 | classify: 3.1018 | total: 3.1018
[New] Epoch 742/1000 | classify: 3.1858 | total: 3.1858
[New] Epoch 743/1000 | classify: 3.2649 | total: 3.2649
[New] Epoch 744/1000 | classify: 2.9739 | total: 2.9739
[New] Epoch 745/1000 | classify: 2.8974 | total: 2.8974
[New] Epoch 746/1000 | classify: 2.9508 | total: 2.9508
[New] Epoch 747/1000 | classify: 3.2284 | total: 3.2284
[New] Epoch 748/1000 | classify: 2.9171 | total: 2.9171
[New] Epoch 749/1000 | classify: 3.0975 | total: 3.0975
[New] Epoch 750/1000 | classify: 3.0558 | total: 3.0558
--- 验证集 [epoch 750] ---
  准确率 (Accuracy):  0.6690
  精确率 (Precision): 0.4756
  召回率 (Recall):    0.4722
  F1 分数 (F1):       0.4440
✅ 模型已保存到 /home/kudouzala/Application/ion_detect/output/trained_model_save/exp_new_b_num_tp4/trained_model_epoch_750.pth
📁 损失值已保存到 /home/kudouzala/Application/ion_detect/output/trained_model_save/exp_new_b_num_tp4/training_loss_epoch_750.csv
[New] Epoch 751/1000 | classify: 3.1326 | total: 3.1326
[New] Epoch 752/1000 | classify: 3.2749 | total: 3.2749
[New] Epoch 753/1000 | classify: 2.8218 | total: 2.8218
[New] Epoch 754/1000 | classify: 3.0227 | total: 3.0227
[New] Epoch 755/1000 | classify: 3.1049 | total: 3.1049
[New] Epoch 756/1000 | classify: 3.2260 | total: 3.2260
[New] Epoch 757/1000 | classify: 3.1186 | total: 3.1186
[New] Epoch 758/1000 | classify: 2.9005 | total: 2.9005
[New] Epoch 759/1000 | classify: 3.1519 | total: 3.1519
[New] Epoch 760/1000 | classify: 2.8607 | total: 2.8607
--- 验证集 [epoch 760] ---
  准确率 (Accuracy):  0.6414
  精确率 (Precision): 0.4110
  召回率 (Recall):    0.4415
  F1 分数 (F1):       0.4019
[New] Epoch 761/1000 | classify: 3.0320 | total: 3.0320
[New] Epoch 762/1000 | classify: 2.9464 | total: 2.9464
[New] Epoch 763/1000 | classify: 3.1365 | total: 3.1365
[New] Epoch 764/1000 | classify: 3.2166 | total: 3.2166
[New] Epoch 765/1000 | classify: 3.2395 | total: 3.2395
[New] Epoch 766/1000 | classify: 3.1463 | total: 3.1463
[New] Epoch 767/1000 | classify: 3.2088 | total: 3.2088
[New] Epoch 768/1000 | classify: 2.9037 | total: 2.9037
[New] Epoch 769/1000 | classify: 3.0400 | total: 3.0400
[New] Epoch 770/1000 | classify: 3.1371 | total: 3.1371
--- 验证集 [epoch 770] ---
  准确率 (Accuracy):  0.5793
  精确率 (Precision): 0.3967
  召回率 (Recall):    0.3761
  F1 分数 (F1):       0.3180
[New] Epoch 771/1000 | classify: 3.1544 | total: 3.1544
[New] Epoch 772/1000 | classify: 3.0265 | total: 3.0265
[New] Epoch 773/1000 | classify: 3.0571 | total: 3.0571
[New] Epoch 774/1000 | classify: 2.9760 | total: 2.9760
[New] Epoch 775/1000 | classify: 3.1792 | total: 3.1792
[New] Epoch 776/1000 | classify: 3.1831 | total: 3.1831
[New] Epoch 777/1000 | classify: 3.1008 | total: 3.1008
[New] Epoch 778/1000 | classify: 3.3271 | total: 3.3271
[New] Epoch 779/1000 | classify: 3.0731 | total: 3.0731
[New] Epoch 780/1000 | classify: 2.9206 | total: 2.9206
--- 验证集 [epoch 780] ---
  准确率 (Accuracy):  0.6759
  精确率 (Precision): 0.4156
  召回率 (Recall):    0.5062
  F1 分数 (F1):       0.4436
[New] Epoch 781/1000 | classify: 3.1400 | total: 3.1400
[New] Epoch 782/1000 | classify: 2.9874 | total: 2.9874
[New] Epoch 783/1000 | classify: 3.1937 | total: 3.1937
[New] Epoch 784/1000 | classify: 3.1266 | total: 3.1266
[New] Epoch 785/1000 | classify: 3.0959 | total: 3.0959
[New] Epoch 786/1000 | classify: 3.2298 | total: 3.2298
[New] Epoch 787/1000 | classify: 3.0969 | total: 3.0969
[New] Epoch 788/1000 | classify: 3.0109 | total: 3.0109
[New] Epoch 789/1000 | classify: 2.9591 | total: 2.9591
[New] Epoch 790/1000 | classify: 3.0235 | total: 3.0235
--- 验证集 [epoch 790] ---
  准确率 (Accuracy):  0.6552
  精确率 (Precision): 0.4422
  召回率 (Recall):    0.4756
  F1 分数 (F1):       0.4294
[New] Epoch 791/1000 | classify: 3.2990 | total: 3.2990
[New] Epoch 792/1000 | classify: 3.0472 | total: 3.0472
[New] Epoch 793/1000 | classify: 3.0302 | total: 3.0302
[New] Epoch 794/1000 | classify: 3.0339 | total: 3.0339
[New] Epoch 795/1000 | classify: 3.0316 | total: 3.0316
[New] Epoch 796/1000 | classify: 3.3063 | total: 3.3063
[New] Epoch 797/1000 | classify: 3.1402 | total: 3.1402
[New] Epoch 798/1000 | classify: 2.9948 | total: 2.9948
[New] Epoch 799/1000 | classify: 2.7775 | total: 2.7775
[New] Epoch 800/1000 | classify: 2.9504 | total: 2.9504
--- 验证集 [epoch 800] ---
  准确率 (Accuracy):  0.6483
  精确率 (Precision): 0.4244
  召回率 (Recall):    0.4637
  F1 分数 (F1):       0.4183
✅ 模型已保存到 /home/kudouzala/Application/ion_detect/output/trained_model_save/exp_new_b_num_tp4/trained_model_epoch_800.pth
📁 损失值已保存到 /home/kudouzala/Application/ion_detect/output/trained_model_save/exp_new_b_num_tp4/training_loss_epoch_800.csv
[New] Epoch 801/1000 | classify: 3.2360 | total: 3.2360
[New] Epoch 802/1000 | classify: 3.2928 | total: 3.2928
[New] Epoch 803/1000 | classify: 3.0856 | total: 3.0856
[New] Epoch 804/1000 | classify: 2.9231 | total: 2.9231
[New] Epoch 805/1000 | classify: 3.1000 | total: 3.1000
[New] Epoch 806/1000 | classify: 3.1852 | total: 3.1852
[New] Epoch 807/1000 | classify: 3.0608 | total: 3.0608
[New] Epoch 808/1000 | classify: 3.1477 | total: 3.1477
[New] Epoch 809/1000 | classify: 3.0894 | total: 3.0894
[New] Epoch 810/1000 | classify: 2.9856 | total: 2.9856
--- 验证集 [epoch 810] ---
  准确率 (Accuracy):  0.6345
  精确率 (Precision): 0.4375
  召回率 (Recall):    0.4501
  F1 分数 (F1):       0.4101
[New] Epoch 811/1000 | classify: 3.1817 | total: 3.1817
[New] Epoch 812/1000 | classify: 3.3316 | total: 3.3316
[New] Epoch 813/1000 | classify: 3.2623 | total: 3.2623
[New] Epoch 814/1000 | classify: 3.0154 | total: 3.0154
[New] Epoch 815/1000 | classify: 3.1849 | total: 3.1849
[New] Epoch 816/1000 | classify: 3.0241 | total: 3.0241
[New] Epoch 817/1000 | classify: 3.1680 | total: 3.1680
[New] Epoch 818/1000 | classify: 3.2144 | total: 3.2144
[New] Epoch 819/1000 | classify: 3.2174 | total: 3.2174
[New] Epoch 820/1000 | classify: 3.4313 | total: 3.4313
--- 验证集 [epoch 820] ---
  准确率 (Accuracy):  0.6276
  精确率 (Precision): 0.3795
  召回率 (Recall):    0.4279
  F1 分数 (F1):       0.3818
[New] Epoch 821/1000 | classify: 3.2330 | total: 3.2330
[New] Epoch 822/1000 | classify: 3.0912 | total: 3.0912
[New] Epoch 823/1000 | classify: 3.2576 | total: 3.2576
[New] Epoch 824/1000 | classify: 3.2698 | total: 3.2698
[New] Epoch 825/1000 | classify: 3.0531 | total: 3.0531
[New] Epoch 826/1000 | classify: 3.1341 | total: 3.1341
[New] Epoch 827/1000 | classify: 3.3675 | total: 3.3675
[New] Epoch 828/1000 | classify: 3.3149 | total: 3.3149
[New] Epoch 829/1000 | classify: 3.1878 | total: 3.1878
[New] Epoch 830/1000 | classify: 3.2365 | total: 3.2365
--- 验证集 [epoch 830] ---
  准确率 (Accuracy):  0.6414
  精确率 (Precision): 0.4318
  召回率 (Recall):    0.4620
  F1 分数 (F1):       0.4128
[New] Epoch 831/1000 | classify: 3.1487 | total: 3.1487
[New] Epoch 832/1000 | classify: 3.2765 | total: 3.2765
[New] Epoch 833/1000 | classify: 3.0413 | total: 3.0413
[New] Epoch 834/1000 | classify: 3.2696 | total: 3.2696
[New] Epoch 835/1000 | classify: 3.2276 | total: 3.2276
[New] Epoch 836/1000 | classify: 3.0695 | total: 3.0695
[New] Epoch 837/1000 | classify: 3.2287 | total: 3.2287
[New] Epoch 838/1000 | classify: 3.1894 | total: 3.1894
[New] Epoch 839/1000 | classify: 3.2098 | total: 3.2098
[New] Epoch 840/1000 | classify: 3.1455 | total: 3.1455
--- 验证集 [epoch 840] ---
  准确率 (Accuracy):  0.6759
  精确率 (Precision): 0.4287
  召回率 (Recall):    0.5011
  F1 分数 (F1):       0.4482
[New] Epoch 841/1000 | classify: 3.0853 | total: 3.0853
[New] Epoch 842/1000 | classify: 3.0988 | total: 3.0988
[New] Epoch 843/1000 | classify: 3.2333 | total: 3.2333
[New] Epoch 844/1000 | classify: 3.3794 | total: 3.3794
[New] Epoch 845/1000 | classify: 3.0906 | total: 3.0906
[New] Epoch 846/1000 | classify: 3.1516 | total: 3.1516
[New] Epoch 847/1000 | classify: 3.1206 | total: 3.1206
[New] Epoch 848/1000 | classify: 3.0337 | total: 3.0337
[New] Epoch 849/1000 | classify: 3.2026 | total: 3.2026
[New] Epoch 850/1000 | classify: 3.2590 | total: 3.2590
--- 验证集 [epoch 850] ---
  准确率 (Accuracy):  0.6483
  精确率 (Precision): 0.4653
  召回率 (Recall):    0.4798
  F1 分数 (F1):       0.4293
✅ 模型已保存到 /home/kudouzala/Application/ion_detect/output/trained_model_save/exp_new_b_num_tp4/trained_model_epoch_850.pth
📁 损失值已保存到 /home/kudouzala/Application/ion_detect/output/trained_model_save/exp_new_b_num_tp4/training_loss_epoch_850.csv
[New] Epoch 851/1000 | classify: 3.2050 | total: 3.2050
[New] Epoch 852/1000 | classify: 3.1647 | total: 3.1647
[New] Epoch 853/1000 | classify: 3.3266 | total: 3.3266
[New] Epoch 854/1000 | classify: 3.2193 | total: 3.2193
[New] Epoch 855/1000 | classify: 3.1636 | total: 3.1636
[New] Epoch 856/1000 | classify: 3.1881 | total: 3.1881
[New] Epoch 857/1000 | classify: 3.2407 | total: 3.2407
[New] Epoch 858/1000 | classify: 3.0422 | total: 3.0422
[New] Epoch 859/1000 | classify: 3.2766 | total: 3.2766
[New] Epoch 860/1000 | classify: 3.2419 | total: 3.2419
--- 验证集 [epoch 860] ---
  准确率 (Accuracy):  0.6345
  精确率 (Precision): 0.4375
  召回率 (Recall):    0.4501
  F1 分数 (F1):       0.4101
[New] Epoch 861/1000 | classify: 3.1843 | total: 3.1843
[New] Epoch 862/1000 | classify: 3.3802 | total: 3.3802
[New] Epoch 863/1000 | classify: 3.1922 | total: 3.1922
[New] Epoch 864/1000 | classify: 3.1450 | total: 3.1450
[New] Epoch 865/1000 | classify: 3.3385 | total: 3.3385
[New] Epoch 866/1000 | classify: 3.1352 | total: 3.1352
[New] Epoch 867/1000 | classify: 3.2098 | total: 3.2098
[New] Epoch 868/1000 | classify: 3.2667 | total: 3.2667
[New] Epoch 869/1000 | classify: 3.0023 | total: 3.0023
[New] Epoch 870/1000 | classify: 3.4344 | total: 3.4344
--- 验证集 [epoch 870] ---
  准确率 (Accuracy):  0.6621
  精确率 (Precision): 0.4370
  召回率 (Recall):    0.4875
  F1 分数 (F1):       0.4349
[New] Epoch 871/1000 | classify: 3.1892 | total: 3.1892
[New] Epoch 872/1000 | classify: 3.2564 | total: 3.2564
[New] Epoch 873/1000 | classify: 3.2931 | total: 3.2931
[New] Epoch 874/1000 | classify: 3.3267 | total: 3.3267
[New] Epoch 875/1000 | classify: 3.2162 | total: 3.2162
[New] Epoch 876/1000 | classify: 3.2596 | total: 3.2596
[New] Epoch 877/1000 | classify: 3.2965 | total: 3.2965
[New] Epoch 878/1000 | classify: 3.0332 | total: 3.0332
[New] Epoch 879/1000 | classify: 3.3474 | total: 3.3474
[New] Epoch 880/1000 | classify: 2.9574 | total: 2.9574
--- 验证集 [epoch 880] ---
  准确率 (Accuracy):  0.6483
  精确率 (Precision): 0.4278
  召回率 (Recall):    0.4739
  F1 分数 (F1):       0.4188
[New] Epoch 881/1000 | classify: 3.2286 | total: 3.2286
[New] Epoch 882/1000 | classify: 3.0699 | total: 3.0699
[New] Epoch 883/1000 | classify: 3.3032 | total: 3.3032
[New] Epoch 884/1000 | classify: 3.0845 | total: 3.0845
[New] Epoch 885/1000 | classify: 3.0669 | total: 3.0669
[New] Epoch 886/1000 | classify: 3.0113 | total: 3.0113
[New] Epoch 887/1000 | classify: 3.1433 | total: 3.1433
[New] Epoch 888/1000 | classify: 3.3509 | total: 3.3509
[New] Epoch 889/1000 | classify: 3.3662 | total: 3.3662
[New] Epoch 890/1000 | classify: 3.1792 | total: 3.1792
--- 验证集 [epoch 890] ---
  准确率 (Accuracy):  0.6414
  精确率 (Precision): 0.4458
  召回率 (Recall):    0.4620
  F1 分数 (F1):       0.4179
[New] Epoch 891/1000 | classify: 3.2643 | total: 3.2643
[New] Epoch 892/1000 | classify: 3.2238 | total: 3.2238
[New] Epoch 893/1000 | classify: 3.3115 | total: 3.3115
[New] Epoch 894/1000 | classify: 2.9624 | total: 2.9624
[New] Epoch 895/1000 | classify: 3.2712 | total: 3.2712
[New] Epoch 896/1000 | classify: 3.2571 | total: 3.2571
[New] Epoch 897/1000 | classify: 3.1300 | total: 3.1300
[New] Epoch 898/1000 | classify: 3.2575 | total: 3.2575
[New] Epoch 899/1000 | classify: 3.2593 | total: 3.2593
[New] Epoch 900/1000 | classify: 3.3156 | total: 3.3156
--- 验证集 [epoch 900] ---
  准确率 (Accuracy):  0.6276
  精确率 (Precision): 0.4162
  召回率 (Recall):    0.4381
  F1 分数 (F1):       0.3948
✅ 模型已保存到 /home/kudouzala/Application/ion_detect/output/trained_model_save/exp_new_b_num_tp4/trained_model_epoch_900.pth
📁 损失值已保存到 /home/kudouzala/Application/ion_detect/output/trained_model_save/exp_new_b_num_tp4/training_loss_epoch_900.csv
[New] Epoch 901/1000 | classify: 3.1702 | total: 3.1702
[New] Epoch 902/1000 | classify: 3.3663 | total: 3.3663
[New] Epoch 903/1000 | classify: 3.2333 | total: 3.2333
[New] Epoch 904/1000 | classify: 3.2071 | total: 3.2071
[New] Epoch 905/1000 | classify: 3.3423 | total: 3.3423
[New] Epoch 906/1000 | classify: 3.2796 | total: 3.2796
[New] Epoch 907/1000 | classify: 3.3312 | total: 3.3312
[New] Epoch 908/1000 | classify: 3.2774 | total: 3.2774
[New] Epoch 909/1000 | classify: 3.0565 | total: 3.0565
[New] Epoch 910/1000 | classify: 3.1526 | total: 3.1526
--- 验证集 [epoch 910] ---
  准确率 (Accuracy):  0.6414
  精确率 (Precision): 0.4376
  召回率 (Recall):    0.4620
  F1 分数 (F1):       0.4172
[New] Epoch 911/1000 | classify: 3.2243 | total: 3.2243
[New] Epoch 912/1000 | classify: 3.1337 | total: 3.1337
[New] Epoch 913/1000 | classify: 3.1197 | total: 3.1197
[New] Epoch 914/1000 | classify: 3.2300 | total: 3.2300
[New] Epoch 915/1000 | classify: 3.1814 | total: 3.1814
[New] Epoch 916/1000 | classify: 3.2318 | total: 3.2318
[New] Epoch 917/1000 | classify: 3.0976 | total: 3.0976
[New] Epoch 918/1000 | classify: 3.1517 | total: 3.1517
[New] Epoch 919/1000 | classify: 3.2064 | total: 3.2064
[New] Epoch 920/1000 | classify: 3.1260 | total: 3.1260
--- 验证集 [epoch 920] ---
  准确率 (Accuracy):  0.6690
  精确率 (Precision): 0.4272
  召回率 (Recall):    0.4943
  F1 分数 (F1):       0.4380
[New] Epoch 921/1000 | classify: 3.2423 | total: 3.2423
[New] Epoch 922/1000 | classify: 3.2334 | total: 3.2334
[New] Epoch 923/1000 | classify: 3.0904 | total: 3.0904
[New] Epoch 924/1000 | classify: 3.1418 | total: 3.1418
[New] Epoch 925/1000 | classify: 3.1316 | total: 3.1316
[New] Epoch 926/1000 | classify: 3.2636 | total: 3.2636
[New] Epoch 927/1000 | classify: 3.1536 | total: 3.1536
[New] Epoch 928/1000 | classify: 3.2318 | total: 3.2318
[New] Epoch 929/1000 | classify: 3.1805 | total: 3.1805
[New] Epoch 930/1000 | classify: 3.0792 | total: 3.0792
--- 验证集 [epoch 930] ---
  准确率 (Accuracy):  0.6345
  精确率 (Precision): 0.4252
  召回率 (Recall):    0.4501
  F1 分数 (F1):       0.4065
[New] Epoch 931/1000 | classify: 3.1639 | total: 3.1639
[New] Epoch 932/1000 | classify: 3.1369 | total: 3.1369
[New] Epoch 933/1000 | classify: 3.3896 | total: 3.3896
[New] Epoch 934/1000 | classify: 3.2030 | total: 3.2030
[New] Epoch 935/1000 | classify: 3.2126 | total: 3.2126
[New] Epoch 936/1000 | classify: 3.3374 | total: 3.3374
[New] Epoch 937/1000 | classify: 3.1790 | total: 3.1790
[New] Epoch 938/1000 | classify: 3.2648 | total: 3.2648
[New] Epoch 939/1000 | classify: 3.4936 | total: 3.4936
[New] Epoch 940/1000 | classify: 3.1500 | total: 3.1500
--- 验证集 [epoch 940] ---
  准确率 (Accuracy):  0.6483
  精确率 (Precision): 0.4643
  召回率 (Recall):    0.4849
  F1 分数 (F1):       0.4234
[New] Epoch 941/1000 | classify: 3.2873 | total: 3.2873
[New] Epoch 942/1000 | classify: 3.3254 | total: 3.3254
[New] Epoch 943/1000 | classify: 3.1029 | total: 3.1029
[New] Epoch 944/1000 | classify: 3.4785 | total: 3.4785
[New] Epoch 945/1000 | classify: 3.2972 | total: 3.2972
[New] Epoch 946/1000 | classify: 3.1936 | total: 3.1936
[New] Epoch 947/1000 | classify: 3.2269 | total: 3.2269
[New] Epoch 948/1000 | classify: 3.1559 | total: 3.1559
[New] Epoch 949/1000 | classify: 3.2036 | total: 3.2036
[New] Epoch 950/1000 | classify: 3.2814 | total: 3.2814
--- 验证集 [epoch 950] ---
  准确率 (Accuracy):  0.6414
  精确率 (Precision): 0.4379
  召回率 (Recall):    0.4620
  F1 分数 (F1):       0.4167
✅ 模型已保存到 /home/kudouzala/Application/ion_detect/output/trained_model_save/exp_new_b_num_tp4/trained_model_epoch_950.pth
📁 损失值已保存到 /home/kudouzala/Application/ion_detect/output/trained_model_save/exp_new_b_num_tp4/training_loss_epoch_950.csv
[New] Epoch 951/1000 | classify: 3.3892 | total: 3.3892
[New] Epoch 952/1000 | classify: 3.3056 | total: 3.3056
[New] Epoch 953/1000 | classify: 3.2672 | total: 3.2672
[New] Epoch 954/1000 | classify: 3.2486 | total: 3.2486
[New] Epoch 955/1000 | classify: 3.0727 | total: 3.0727
[New] Epoch 956/1000 | classify: 3.2140 | total: 3.2140
[New] Epoch 957/1000 | classify: 3.2228 | total: 3.2228
[New] Epoch 958/1000 | classify: 3.3420 | total: 3.3420
[New] Epoch 959/1000 | classify: 3.1849 | total: 3.1849
[New] Epoch 960/1000 | classify: 3.2758 | total: 3.2758
--- 验证集 [epoch 960] ---
  准确率 (Accuracy):  0.6276
  精确率 (Precision): 0.4254
  召回率 (Recall):    0.4492
  F1 分数 (F1):       0.3939
[New] Epoch 961/1000 | classify: 3.3990 | total: 3.3990
[New] Epoch 962/1000 | classify: 3.1880 | total: 3.1880
[New] Epoch 963/1000 | classify: 3.2740 | total: 3.2740
[New] Epoch 964/1000 | classify: 3.4488 | total: 3.4488
[New] Epoch 965/1000 | classify: 3.1977 | total: 3.1977
[New] Epoch 966/1000 | classify: 3.3579 | total: 3.3579
[New] Epoch 967/1000 | classify: 3.3268 | total: 3.3268
[New] Epoch 968/1000 | classify: 3.2529 | total: 3.2529
[New] Epoch 969/1000 | classify: 3.2931 | total: 3.2931
[New] Epoch 970/1000 | classify: 3.2094 | total: 3.2094
--- 验证集 [epoch 970] ---
  准确率 (Accuracy):  0.6552
  精确率 (Precision): 0.4239
  召回率 (Recall):    0.4756
  F1 分数 (F1):       0.4274
[New] Epoch 971/1000 | classify: 3.2842 | total: 3.2842
[New] Epoch 972/1000 | classify: 3.4328 | total: 3.4328
[New] Epoch 973/1000 | classify: 3.2549 | total: 3.2549
[New] Epoch 974/1000 | classify: 3.0620 | total: 3.0620
[New] Epoch 975/1000 | classify: 3.3193 | total: 3.3193
[New] Epoch 976/1000 | classify: 3.2327 | total: 3.2327
[New] Epoch 977/1000 | classify: 3.0607 | total: 3.0607
[New] Epoch 978/1000 | classify: 3.4206 | total: 3.4206
[New] Epoch 979/1000 | classify: 3.2365 | total: 3.2365
[New] Epoch 980/1000 | classify: 3.3758 | total: 3.3758
--- 验证集 [epoch 980] ---
  准确率 (Accuracy):  0.6345
  精确率 (Precision): 0.4187
  召回率 (Recall):    0.4560
  F1 分数 (F1):       0.4018
[New] Epoch 981/1000 | classify: 3.1802 | total: 3.1802
[New] Epoch 982/1000 | classify: 3.2299 | total: 3.2299
[New] Epoch 983/1000 | classify: 3.2211 | total: 3.2211
[New] Epoch 984/1000 | classify: 3.3008 | total: 3.3008
[New] Epoch 985/1000 | classify: 3.3878 | total: 3.3878
[New] Epoch 986/1000 | classify: 3.4404 | total: 3.4404
[New] Epoch 987/1000 | classify: 3.1337 | total: 3.1337
[New] Epoch 988/1000 | classify: 3.2127 | total: 3.2127
[New] Epoch 989/1000 | classify: 3.2961 | total: 3.2961
[New] Epoch 990/1000 | classify: 3.3939 | total: 3.3939
--- 验证集 [epoch 990] ---
  准确率 (Accuracy):  0.6483
  精确率 (Precision): 0.4654
  召回率 (Recall):    0.4849
  F1 分数 (F1):       0.4240
[New] Epoch 991/1000 | classify: 3.3313 | total: 3.3313
[New] Epoch 992/1000 | classify: 3.4251 | total: 3.4251
[New] Epoch 993/1000 | classify: 3.2823 | total: 3.2823
[New] Epoch 994/1000 | classify: 3.5415 | total: 3.5415
[New] Epoch 995/1000 | classify: 3.1229 | total: 3.1229
[New] Epoch 996/1000 | classify: 3.3606 | total: 3.3606
[New] Epoch 997/1000 | classify: 3.4171 | total: 3.4171
[New] Epoch 998/1000 | classify: 3.0626 | total: 3.0626
[New] Epoch 999/1000 | classify: 3.3095 | total: 3.3095
[New] Epoch 1000/1000 | classify: 3.5140 | total: 3.5140
--- 验证集 [epoch 1000] ---
  准确率 (Accuracy):  0.6483
  精确率 (Precision): 0.4654
  召回率 (Recall):    0.4849
  F1 分数 (F1):       0.4240
✅ 模型已保存到 /home/kudouzala/Application/ion_detect/output/trained_model_save/exp_new_b_num_tp4/trained_model_epoch_1000.pth
📁 损失值已保存到 /home/kudouzala/Application/ion_detect/output/trained_model_save/exp_new_b_num_tp4/training_loss_epoch_1000.csv
✅ 模型已保存到 /home/kudouzala/Application/ion_detect/output/trained_model_save/exp_new_b_num_tp4/trained_model_epoch_final.pth
📁 损失值已保存到 /home/kudouzala/Application/ion_detect/output/trained_model_save/exp_new_b_num_tp4/training_loss_epoch_final.csv
