✅ no_overlap 划分: 测试集 150 个（ion_column 74 个，≤3/10）-> /home/kudouzala/Application/ion_detect/datasets/datasets_for_all_test_no_overlap/exp_new_f_num_tp2，训练集 789 个 -> /home/kudouzala/Application/ion_detect/datasets/datasets_for_all_train_no_overlap/exp_new_f_num_tp2（已排除同前缀且窗口含测试前 2 个时间点的样本）
✅ 当前使用设备: cuda
📂 训练集目录: /home/kudouzala/Application/ion_detect/datasets/datasets_for_all_train_no_overlap/exp_new_f_num_tp2
📂 测试/验证集目录: /home/kudouzala/Application/ion_detect/datasets/datasets_for_all_test_no_overlap/exp_new_f_num_tp2
🧪 experiment: exp_new_f_num_tp2
🚀 进入训练模式 (--train)
Skipping file 20240822_10ppm铜离子污染测试_新版电解槽_ion_column_gamry_[54, 56, 58, 60].xlsx: impedance points 54 < 63
Skipping file 20240822_10ppm铜离子污染测试_新版电解槽_ion_column_gamry_[32, 34, 36, 38].xlsx: impedance points 54 < 63
Skipping file 20240822_10ppm铜离子污染测试_新版电解槽_ion_column_gamry_[56, 58, 60, 62].xlsx: impedance points 54 < 63
Skipping file 20240822_10ppm铜离子污染测试_新版电解槽_ion_column_gamry_[36, 38, 40, 42].xlsx: impedance points 54 < 63
Skipping file 20240822_10ppm铜离子污染测试_新版电解槽_ion_column_gamry_[34, 36, 38, 40].xlsx: impedance points 54 < 63
[LEAK-CHECK] overlap(train, val) = 0
[DEBUG] data_folder = /home/kudouzala/Application/ion_detect/datasets/datasets_for_all_train_no_overlap/exp_new_f_num_tp2
[DEBUG] base_train.file_names[:10] =
   20241107_0.1ppm钙离子污染及恢复测试_新版电解槽_ion_firecloud_[14, 16, 18, 20].xlsx
   20240910_10ppm钙离子污染测试_新版电解槽_ion_column_gamry_[2, 4, 6, 8].xlsx
   20241006_2ppm铬离子污染测试_旧版电解槽_ion_firecloud_[22, 24, 26, 28].xlsx
   20241117_2ppm钠离子污染及恢复测试40摄氏度_新版电解槽_ion_gamry_[22, 24, 26, 28].xlsx
   20241227_10ppm铜离子污染及恢复测试_旧版电解槽_ion_gamry_[4, 6, 8, 10].xlsx
   20241003_2ppm镍离子污染测试_新版电解槽_ion_gamry_[20, 22, 24, 26].xlsx
   20241112_2ppm钠离子污染和恢复测试80摄氏度_新版电解槽_ion_column_renew_H2SO4_gamry_[14, 16, 18, 20].xlsx
   20240910_10ppm钙离子污染测试_新版电解槽_ion_gamry_[2, 4, 6, 8].xlsx
   20241213_2ppm钠离子污染及恢复测试_新版电解槽_ion_column_renew_H2SO4_gamry_[12, 14, 16, 18].xlsx
   20241010_2ppm钠离子污染测试_新版电解槽_ion_firecloud_[28, 30, 32, 34].xlsx
[DEBUG] exist check (first 10):
   /home/kudouzala/Application/ion_detect/datasets/datasets_for_all_train_no_overlap/exp_new_f_num_tp2/20241107_0.1ppm钙离子污染及恢复测试_新版电解槽_ion_firecloud_[14, 16, 18, 20].xlsx exists= True
   /home/kudouzala/Application/ion_detect/datasets/datasets_for_all_train_no_overlap/exp_new_f_num_tp2/20240910_10ppm钙离子污染测试_新版电解槽_ion_column_gamry_[2, 4, 6, 8].xlsx exists= True
   /home/kudouzala/Application/ion_detect/datasets/datasets_for_all_train_no_overlap/exp_new_f_num_tp2/20241006_2ppm铬离子污染测试_旧版电解槽_ion_firecloud_[22, 24, 26, 28].xlsx exists= True
   /home/kudouzala/Application/ion_detect/datasets/datasets_for_all_train_no_overlap/exp_new_f_num_tp2/20241117_2ppm钠离子污染及恢复测试40摄氏度_新版电解槽_ion_gamry_[22, 24, 26, 28].xlsx exists= True
   /home/kudouzala/Application/ion_detect/datasets/datasets_for_all_train_no_overlap/exp_new_f_num_tp2/20241227_10ppm铜离子污染及恢复测试_旧版电解槽_ion_gamry_[4, 6, 8, 10].xlsx exists= True
   /home/kudouzala/Application/ion_detect/datasets/datasets_for_all_train_no_overlap/exp_new_f_num_tp2/20241003_2ppm镍离子污染测试_新版电解槽_ion_gamry_[20, 22, 24, 26].xlsx exists= True
   /home/kudouzala/Application/ion_detect/datasets/datasets_for_all_train_no_overlap/exp_new_f_num_tp2/20241112_2ppm钠离子污染和恢复测试80摄氏度_新版电解槽_ion_column_renew_H2SO4_gamry_[14, 16, 18, 20].xlsx exists= True
   /home/kudouzala/Application/ion_detect/datasets/datasets_for_all_train_no_overlap/exp_new_f_num_tp2/20240910_10ppm钙离子污染测试_新版电解槽_ion_gamry_[2, 4, 6, 8].xlsx exists= True
   /home/kudouzala/Application/ion_detect/datasets/datasets_for_all_train_no_overlap/exp_new_f_num_tp2/20241213_2ppm钠离子污染及恢复测试_新版电解槽_ion_column_renew_H2SO4_gamry_[12, 14, 16, 18].xlsx exists= True
   /home/kudouzala/Application/ion_detect/datasets/datasets_for_all_train_no_overlap/exp_new_f_num_tp2/20241010_2ppm钠离子污染测试_新版电解槽_ion_firecloud_[28, 30, 32, 34].xlsx exists= True
Skipping file 20240822_10ppm铜离子污染测试_新版电解槽_ion_column_gamry_[28, 30, 32, 34].xlsx: impedance points 54 < 63
Skipping file 20240822_10ppm铜离子污染测试_新版电解槽_ion_column_gamry_[50, 52, 54, 56].xlsx: impedance points 54 < 63
Skipping file 20240822_10ppm铜离子污染测试_新版电解槽_ion_column_gamry_[24, 26, 28, 30].xlsx: impedance points 54 < 63
Skipping file 20240822_10ppm铜离子污染测试_新版电解槽_ion_column_gamry_[44, 46, 48, 50].xlsx: impedance points 54 < 63

[PairDataset][Example pairs] (show up to 50)
  [1] A(idx=474) 20241107_0.1ppm钙离子污染及恢复测试_新版电解槽_ion_firecloud_[0, 2, 4, 6].xlsx  times=[0, 2, 4, 6]
      → B(idx=753) 20241107_0.1ppm钙离子污染及恢复测试_新版电解槽_ion_firecloud_[2, 4, 6, 8].xlsx  times=[2, 4, 6, 8]  dummy=False
  [2] A(idx=753) 20241107_0.1ppm钙离子污染及恢复测试_新版电解槽_ion_firecloud_[2, 4, 6, 8].xlsx  times=[2, 4, 6, 8]
      → B(idx=279) 20241107_0.1ppm钙离子污染及恢复测试_新版电解槽_ion_firecloud_[4, 6, 8, 10].xlsx  times=[4, 6, 8, 10]  dummy=False
  [3] A(idx=279) 20241107_0.1ppm钙离子污染及恢复测试_新版电解槽_ion_firecloud_[4, 6, 8, 10].xlsx  times=[4, 6, 8, 10]
      → B(idx=535) 20241107_0.1ppm钙离子污染及恢复测试_新版电解槽_ion_firecloud_[6, 8, 10, 12].xlsx  times=[6, 8, 10, 12]  dummy=False
  [4] A(idx=535) 20241107_0.1ppm钙离子污染及恢复测试_新版电解槽_ion_firecloud_[6, 8, 10, 12].xlsx  times=[6, 8, 10, 12]
      → B(idx=531) 20241107_0.1ppm钙离子污染及恢复测试_新版电解槽_ion_firecloud_[8, 10, 12, 14].xlsx  times=[8, 10, 12, 14]  dummy=False
  [5] A(idx=531) 20241107_0.1ppm钙离子污染及恢复测试_新版电解槽_ion_firecloud_[8, 10, 12, 14].xlsx  times=[8, 10, 12, 14]
      → B(idx=601) 20241107_0.1ppm钙离子污染及恢复测试_新版电解槽_ion_firecloud_[10, 12, 14, 16].xlsx  times=[10, 12, 14, 16]  dummy=False
  [6] A(idx=601) 20241107_0.1ppm钙离子污染及恢复测试_新版电解槽_ion_firecloud_[10, 12, 14, 16].xlsx  times=[10, 12, 14, 16]
      → B(idx=151) 20241107_0.1ppm钙离子污染及恢复测试_新版电解槽_ion_firecloud_[12, 14, 16, 18].xlsx  times=[12, 14, 16, 18]  dummy=False
  [7] A(idx=151) 20241107_0.1ppm钙离子污染及恢复测试_新版电解槽_ion_firecloud_[12, 14, 16, 18].xlsx  times=[12, 14, 16, 18]
      → B(idx=0) 20241107_0.1ppm钙离子污染及恢复测试_新版电解槽_ion_firecloud_[14, 16, 18, 20].xlsx  times=[14, 16, 18, 20]  dummy=False
  [8] A(idx=0) 20241107_0.1ppm钙离子污染及恢复测试_新版电解槽_ion_firecloud_[14, 16, 18, 20].xlsx  times=[14, 16, 18, 20]
      → B(idx=59) 20241107_0.1ppm钙离子污染及恢复测试_新版电解槽_ion_firecloud_[16, 18, 20, 22].xlsx  times=[16, 18, 20, 22]  dummy=False
  [9] A(idx=59) 20241107_0.1ppm钙离子污染及恢复测试_新版电解槽_ion_firecloud_[16, 18, 20, 22].xlsx  times=[16, 18, 20, 22]
      → B(idx=479) 20241107_0.1ppm钙离子污染及恢复测试_新版电解槽_ion_firecloud_[18, 20, 22, 24].xlsx  times=[18, 20, 22, 24]  dummy=False
  [10] A(idx=479) 20241107_0.1ppm钙离子污染及恢复测试_新版电解槽_ion_firecloud_[18, 20, 22, 24].xlsx  times=[18, 20, 22, 24]
      → B(idx=387) 20241107_0.1ppm钙离子污染及恢复测试_新版电解槽_ion_firecloud_[20, 22, 24, 26].xlsx  times=[20, 22, 24, 26]  dummy=False
  [11] A(idx=387) 20241107_0.1ppm钙离子污染及恢复测试_新版电解槽_ion_firecloud_[20, 22, 24, 26].xlsx  times=[20, 22, 24, 26]
      → B(idx=387) 20241107_0.1ppm钙离子污染及恢复测试_新版电解槽_ion_firecloud_[20, 22, 24, 26].xlsx  times=[20, 22, 24, 26]  dummy=True
  [12] A(idx=111) 20241107_0.1ppm钙离子污染及恢复测试_新版电解槽_ion_firecloud_[32, 34, 36, 38].xlsx  times=[32, 34, 36, 38]
      → B(idx=414) 20241107_0.1ppm钙离子污染及恢复测试_新版电解槽_ion_firecloud_[34, 36, 38, 40].xlsx  times=[34, 36, 38, 40]  dummy=False
  [13] A(idx=414) 20241107_0.1ppm钙离子污染及恢复测试_新版电解槽_ion_firecloud_[34, 36, 38, 40].xlsx  times=[34, 36, 38, 40]
      → B(idx=75) 20241107_0.1ppm钙离子污染及恢复测试_新版电解槽_ion_firecloud_[36, 38, 40, 42].xlsx  times=[36, 38, 40, 42]  dummy=False
  [14] A(idx=75) 20241107_0.1ppm钙离子污染及恢复测试_新版电解槽_ion_firecloud_[36, 38, 40, 42].xlsx  times=[36, 38, 40, 42]
      → B(idx=145) 20241107_0.1ppm钙离子污染及恢复测试_新版电解槽_ion_firecloud_[38, 40, 42, 44].xlsx  times=[38, 40, 42, 44]  dummy=False
  [15] A(idx=145) 20241107_0.1ppm钙离子污染及恢复测试_新版电解槽_ion_firecloud_[38, 40, 42, 44].xlsx  times=[38, 40, 42, 44]
      → B(idx=363) 20241107_0.1ppm钙离子污染及恢复测试_新版电解槽_ion_firecloud_[40, 42, 44, 46].xlsx  times=[40, 42, 44, 46]  dummy=False
  [16] A(idx=363) 20241107_0.1ppm钙离子污染及恢复测试_新版电解槽_ion_firecloud_[40, 42, 44, 46].xlsx  times=[40, 42, 44, 46]
      → B(idx=363) 20241107_0.1ppm钙离子污染及恢复测试_新版电解槽_ion_firecloud_[40, 42, 44, 46].xlsx  times=[40, 42, 44, 46]  dummy=True
  [17] A(idx=527) 20240910_10ppm钙离子污染测试_新版电解槽_ion_column_gamry_[0, 2, 4, 6].xlsx  times=[0, 2, 4, 6]
      → B(idx=1) 20240910_10ppm钙离子污染测试_新版电解槽_ion_column_gamry_[2, 4, 6, 8].xlsx  times=[2, 4, 6, 8]  dummy=False
  [18] A(idx=1) 20240910_10ppm钙离子污染测试_新版电解槽_ion_column_gamry_[2, 4, 6, 8].xlsx  times=[2, 4, 6, 8]
      → B(idx=594) 20240910_10ppm钙离子污染测试_新版电解槽_ion_column_gamry_[4, 6, 8, 10].xlsx  times=[4, 6, 8, 10]  dummy=False
  [19] A(idx=594) 20240910_10ppm钙离子污染测试_新版电解槽_ion_column_gamry_[4, 6, 8, 10].xlsx  times=[4, 6, 8, 10]
      → B(idx=570) 20240910_10ppm钙离子污染测试_新版电解槽_ion_column_gamry_[6, 8, 10, 12].xlsx  times=[6, 8, 10, 12]  dummy=False
  [20] A(idx=570) 20240910_10ppm钙离子污染测试_新版电解槽_ion_column_gamry_[6, 8, 10, 12].xlsx  times=[6, 8, 10, 12]
      → B(idx=453) 20240910_10ppm钙离子污染测试_新版电解槽_ion_column_gamry_[8, 10, 12, 14].xlsx  times=[8, 10, 12, 14]  dummy=False
  [21] A(idx=453) 20240910_10ppm钙离子污染测试_新版电解槽_ion_column_gamry_[8, 10, 12, 14].xlsx  times=[8, 10, 12, 14]
      → B(idx=450) 20240910_10ppm钙离子污染测试_新版电解槽_ion_column_gamry_[10, 12, 14, 16].xlsx  times=[10, 12, 14, 16]  dummy=False
  [22] A(idx=450) 20240910_10ppm钙离子污染测试_新版电解槽_ion_column_gamry_[10, 12, 14, 16].xlsx  times=[10, 12, 14, 16]
      → B(idx=170) 20240910_10ppm钙离子污染测试_新版电解槽_ion_column_gamry_[12, 14, 16, 18].xlsx  times=[12, 14, 16, 18]  dummy=False
  [23] A(idx=170) 20240910_10ppm钙离子污染测试_新版电解槽_ion_column_gamry_[12, 14, 16, 18].xlsx  times=[12, 14, 16, 18]
      → B(idx=402) 20240910_10ppm钙离子污染测试_新版电解槽_ion_column_gamry_[14, 16, 18, 20].xlsx  times=[14, 16, 18, 20]  dummy=False
  [24] A(idx=402) 20240910_10ppm钙离子污染测试_新版电解槽_ion_column_gamry_[14, 16, 18, 20].xlsx  times=[14, 16, 18, 20]
      → B(idx=402) 20240910_10ppm钙离子污染测试_新版电解槽_ion_column_gamry_[14, 16, 18, 20].xlsx  times=[14, 16, 18, 20]  dummy=True
  [25] A(idx=103) 20241006_2ppm铬离子污染测试_旧版电解槽_ion_firecloud_[0, 2, 4, 6].xlsx  times=[0, 2, 4, 6]
      → B(idx=604) 20241006_2ppm铬离子污染测试_旧版电解槽_ion_firecloud_[2, 4, 6, 8].xlsx  times=[2, 4, 6, 8]  dummy=False
  [26] A(idx=604) 20241006_2ppm铬离子污染测试_旧版电解槽_ion_firecloud_[2, 4, 6, 8].xlsx  times=[2, 4, 6, 8]
      → B(idx=604) 20241006_2ppm铬离子污染测试_旧版电解槽_ion_firecloud_[2, 4, 6, 8].xlsx  times=[2, 4, 6, 8]  dummy=True
  [27] A(idx=649) 20241006_2ppm铬离子污染测试_旧版电解槽_ion_firecloud_[14, 16, 18, 20].xlsx  times=[14, 16, 18, 20]
      → B(idx=592) 20241006_2ppm铬离子污染测试_旧版电解槽_ion_firecloud_[16, 18, 20, 22].xlsx  times=[16, 18, 20, 22]  dummy=False
  [28] A(idx=592) 20241006_2ppm铬离子污染测试_旧版电解槽_ion_firecloud_[16, 18, 20, 22].xlsx  times=[16, 18, 20, 22]
      → B(idx=37) 20241006_2ppm铬离子污染测试_旧版电解槽_ion_firecloud_[18, 20, 22, 24].xlsx  times=[18, 20, 22, 24]  dummy=False
  [29] A(idx=37) 20241006_2ppm铬离子污染测试_旧版电解槽_ion_firecloud_[18, 20, 22, 24].xlsx  times=[18, 20, 22, 24]
      → B(idx=472) 20241006_2ppm铬离子污染测试_旧版电解槽_ion_firecloud_[20, 22, 24, 26].xlsx  times=[20, 22, 24, 26]  dummy=False
  [30] A(idx=472) 20241006_2ppm铬离子污染测试_旧版电解槽_ion_firecloud_[20, 22, 24, 26].xlsx  times=[20, 22, 24, 26]
      → B(idx=2) 20241006_2ppm铬离子污染测试_旧版电解槽_ion_firecloud_[22, 24, 26, 28].xlsx  times=[22, 24, 26, 28]  dummy=False
  [31] A(idx=2) 20241006_2ppm铬离子污染测试_旧版电解槽_ion_firecloud_[22, 24, 26, 28].xlsx  times=[22, 24, 26, 28]
      → B(idx=96) 20241006_2ppm铬离子污染测试_旧版电解槽_ion_firecloud_[24, 26, 28, 30].xlsx  times=[24, 26, 28, 30]  dummy=False
  [32] A(idx=96) 20241006_2ppm铬离子污染测试_旧版电解槽_ion_firecloud_[24, 26, 28, 30].xlsx  times=[24, 26, 28, 30]
      → B(idx=287) 20241006_2ppm铬离子污染测试_旧版电解槽_ion_firecloud_[26, 28, 30, 32].xlsx  times=[26, 28, 30, 32]  dummy=False
  [33] A(idx=287) 20241006_2ppm铬离子污染测试_旧版电解槽_ion_firecloud_[26, 28, 30, 32].xlsx  times=[26, 28, 30, 32]
      → B(idx=627) 20241006_2ppm铬离子污染测试_旧版电解槽_ion_firecloud_[28, 30, 32, 34].xlsx  times=[28, 30, 32, 34]  dummy=False
  [34] A(idx=627) 20241006_2ppm铬离子污染测试_旧版电解槽_ion_firecloud_[28, 30, 32, 34].xlsx  times=[28, 30, 32, 34]
      → B(idx=281) 20241006_2ppm铬离子污染测试_旧版电解槽_ion_firecloud_[30, 32, 34, 36].xlsx  times=[30, 32, 34, 36]  dummy=False
  [35] A(idx=281) 20241006_2ppm铬离子污染测试_旧版电解槽_ion_firecloud_[30, 32, 34, 36].xlsx  times=[30, 32, 34, 36]
      → B(idx=637) 20241006_2ppm铬离子污染测试_旧版电解槽_ion_firecloud_[32, 34, 36, 38].xlsx  times=[32, 34, 36, 38]  dummy=False
  [36] A(idx=637) 20241006_2ppm铬离子污染测试_旧版电解槽_ion_firecloud_[32, 34, 36, 38].xlsx  times=[32, 34, 36, 38]
      → B(idx=296) 20241006_2ppm铬离子污染测试_旧版电解槽_ion_firecloud_[34, 36, 38, 40].xlsx  times=[34, 36, 38, 40]  dummy=False
  [37] A(idx=296) 20241006_2ppm铬离子污染测试_旧版电解槽_ion_firecloud_[34, 36, 38, 40].xlsx  times=[34, 36, 38, 40]
      → B(idx=105) 20241006_2ppm铬离子污染测试_旧版电解槽_ion_firecloud_[36, 38, 40, 42].xlsx  times=[36, 38, 40, 42]  dummy=False
  [38] A(idx=105) 20241006_2ppm铬离子污染测试_旧版电解槽_ion_firecloud_[36, 38, 40, 42].xlsx  times=[36, 38, 40, 42]
      → B(idx=758) 20241006_2ppm铬离子污染测试_旧版电解槽_ion_firecloud_[38, 40, 42, 44].xlsx  times=[38, 40, 42, 44]  dummy=False
  [39] A(idx=758) 20241006_2ppm铬离子污染测试_旧版电解槽_ion_firecloud_[38, 40, 42, 44].xlsx  times=[38, 40, 42, 44]
      → B(idx=124) 20241006_2ppm铬离子污染测试_旧版电解槽_ion_firecloud_[40, 42, 44, 46].xlsx  times=[40, 42, 44, 46]  dummy=False
  [40] A(idx=124) 20241006_2ppm铬离子污染测试_旧版电解槽_ion_firecloud_[40, 42, 44, 46].xlsx  times=[40, 42, 44, 46]
      → B(idx=477) 20241006_2ppm铬离子污染测试_旧版电解槽_ion_firecloud_[42, 44, 46, 48].xlsx  times=[42, 44, 46, 48]  dummy=False
  [41] A(idx=477) 20241006_2ppm铬离子污染测试_旧版电解槽_ion_firecloud_[42, 44, 46, 48].xlsx  times=[42, 44, 46, 48]
      → B(idx=93) 20241006_2ppm铬离子污染测试_旧版电解槽_ion_firecloud_[44, 46, 48, 50].xlsx  times=[44, 46, 48, 50]  dummy=False
  [42] A(idx=93) 20241006_2ppm铬离子污染测试_旧版电解槽_ion_firecloud_[44, 46, 48, 50].xlsx  times=[44, 46, 48, 50]
      → B(idx=623) 20241006_2ppm铬离子污染测试_旧版电解槽_ion_firecloud_[46, 48, 50, 52].xlsx  times=[46, 48, 50, 52]  dummy=False
  [43] A(idx=623) 20241006_2ppm铬离子污染测试_旧版电解槽_ion_firecloud_[46, 48, 50, 52].xlsx  times=[46, 48, 50, 52]
      → B(idx=623) 20241006_2ppm铬离子污染测试_旧版电解槽_ion_firecloud_[46, 48, 50, 52].xlsx  times=[46, 48, 50, 52]  dummy=True
  [44] A(idx=628) 20241117_2ppm钠离子污染及恢复测试40摄氏度_新版电解槽_ion_gamry_[12, 14, 16, 18].xlsx  times=[12, 14, 16, 18]
      → B(idx=51) 20241117_2ppm钠离子污染及恢复测试40摄氏度_新版电解槽_ion_gamry_[14, 16, 18, 20].xlsx  times=[14, 16, 18, 20]  dummy=False
  [45] A(idx=51) 20241117_2ppm钠离子污染及恢复测试40摄氏度_新版电解槽_ion_gamry_[14, 16, 18, 20].xlsx  times=[14, 16, 18, 20]
      → B(idx=622) 20241117_2ppm钠离子污染及恢复测试40摄氏度_新版电解槽_ion_gamry_[16, 18, 20, 22].xlsx  times=[16, 18, 20, 22]  dummy=False
  [46] A(idx=622) 20241117_2ppm钠离子污染及恢复测试40摄氏度_新版电解槽_ion_gamry_[16, 18, 20, 22].xlsx  times=[16, 18, 20, 22]
      → B(idx=577) 20241117_2ppm钠离子污染及恢复测试40摄氏度_新版电解槽_ion_gamry_[18, 20, 22, 24].xlsx  times=[18, 20, 22, 24]  dummy=False
  [47] A(idx=577) 20241117_2ppm钠离子污染及恢复测试40摄氏度_新版电解槽_ion_gamry_[18, 20, 22, 24].xlsx  times=[18, 20, 22, 24]
      → B(idx=168) 20241117_2ppm钠离子污染及恢复测试40摄氏度_新版电解槽_ion_gamry_[20, 22, 24, 26].xlsx  times=[20, 22, 24, 26]  dummy=False
  [48] A(idx=168) 20241117_2ppm钠离子污染及恢复测试40摄氏度_新版电解槽_ion_gamry_[20, 22, 24, 26].xlsx  times=[20, 22, 24, 26]
      → B(idx=3) 20241117_2ppm钠离子污染及恢复测试40摄氏度_新版电解槽_ion_gamry_[22, 24, 26, 28].xlsx  times=[22, 24, 26, 28]  dummy=False
  [49] A(idx=3) 20241117_2ppm钠离子污染及恢复测试40摄氏度_新版电解槽_ion_gamry_[22, 24, 26, 28].xlsx  times=[22, 24, 26, 28]
      → B(idx=496) 20241117_2ppm钠离子污染及恢复测试40摄氏度_新版电解槽_ion_gamry_[24, 26, 28, 30].xlsx  times=[24, 26, 28, 30]  dummy=False
  [50] A(idx=496) 20241117_2ppm钠离子污染及恢复测试40摄氏度_新版电解槽_ion_gamry_[24, 26, 28, 30].xlsx  times=[24, 26, 28, 30]
      → B(idx=39) 20241117_2ppm钠离子污染及恢复测试40摄氏度_新版电解槽_ion_gamry_[26, 28, 30, 32].xlsx  times=[26, 28, 30, 32]  dummy=False

[PairDataset][Summary]
- total files:        784
- parsed OK:          784
- regex fail:         0
- parse times fail:   0
- empty times:        0
- total pairs:        784  (keep_unpaired=self)
- distinct prefixes:  97
- prefixes coverage (first few):
  [1] 20241107_0.1ppm钙离子污染及恢复测试_新版电解槽_ion_firecloud_[* -> windows=16, adj_pairs=10/15
  [2] 20240910_10ppm钙离子污染测试_新版电解槽_ion_column_gamry_[* -> windows=8, adj_pairs=5/7
  [3] 20241006_2ppm铬离子污染测试_旧版电解槽_ion_firecloud_[* -> windows=19, adj_pairs=14/18
  [4] 20241117_2ppm钠离子污染及恢复测试40摄氏度_新版电解槽_ion_gamry_[* -> windows=14, adj_pairs=11/13
  [5] 20241227_10ppm铜离子污染及恢复测试_旧版电解槽_ion_gamry_[* -> windows=16, adj_pairs=10/15
  [6] 20241003_2ppm镍离子污染测试_新版电解槽_ion_gamry_[* -> windows=9, adj_pairs=2/8
  [7] 20241112_2ppm钠离子污染和恢复测试80摄氏度_新版电解槽_ion_column_renew_H2SO4_gamry_[* -> windows=14, adj_pairs=11/13
  [8] 20240910_10ppm钙离子污染测试_新版电解槽_ion_gamry_[* -> windows=12, adj_pairs=3/11
  [9] 20241213_2ppm钠离子污染及恢复测试_新版电解槽_ion_column_renew_H2SO4_gamry_[* -> windows=7, adj_pairs=4/6
  [10] 20241010_2ppm钠离子污染测试_新版电解槽_ion_firecloud_[* -> windows=10, adj_pairs=4/9
- unadjacent gaps samples: 143 (showing first 0)

[PairDataset][Explain] focus_prefix_contains='20240915_2ppm铜离子污染测试_旧版电解槽_ion_firecloud_'
  - PREFIX: 20240915_2ppm铜离子污染测试_旧版电解槽_ion_firecloud_[* windows=11
    windows (sorted by first,last):
      · 20240915_2ppm铜离子污染测试_旧版电解槽_ion_firecloud_[0, 2, 4, 6].xlsx  -> times=[0, 2, 4, 6]  first=0 last=6
      · 20240915_2ppm铜离子污染测试_旧版电解槽_ion_firecloud_[2, 4, 6, 8].xlsx  -> times=[2, 4, 6, 8]  first=2 last=8
      · 20240915_2ppm铜离子污染测试_旧版电解槽_ion_firecloud_[4, 6, 8, 10].xlsx  -> times=[4, 6, 8, 10]  first=4 last=10
      · 20240915_2ppm铜离子污染测试_旧版电解槽_ion_firecloud_[6, 8, 10, 12].xlsx  -> times=[6, 8, 10, 12]  first=6 last=12
      · 20240915_2ppm铜离子污染测试_旧版电解槽_ion_firecloud_[8, 10, 12, 14].xlsx  -> times=[8, 10, 12, 14]  first=8 last=14
      · 20240915_2ppm铜离子污染测试_旧版电解槽_ion_firecloud_[10, 12, 14, 16].xlsx  -> times=[10, 12, 14, 16]  first=10 last=16
      · 20240915_2ppm铜离子污染测试_旧版电解槽_ion_firecloud_[12, 14, 16, 18].xlsx  -> times=[12, 14, 16, 18]  first=12 last=18
      · 20240915_2ppm铜离子污染测试_旧版电解槽_ion_firecloud_[14, 16, 18, 20].xlsx  -> times=[14, 16, 18, 20]  first=14 last=20
      · 20240915_2ppm铜离子污染测试_旧版电解槽_ion_firecloud_[16, 18, 20, 22].xlsx  -> times=[16, 18, 20, 22]  first=16 last=22
      · 20240915_2ppm铜离子污染测试_旧版电解槽_ion_firecloud_[18, 20, 22, 24].xlsx  -> times=[18, 20, 22, 24]  first=18 last=24
      · 20240915_2ppm铜离子污染测试_旧版电解槽_ion_firecloud_[20, 22, 24, 26].xlsx  -> times=[20, 22, 24, 26]  first=20 last=26
      MISS: 6 -> 2   (20240915_2ppm铜离子污染测试_旧版电解槽_ion_firecloud_[0, 2, 4, 6].xlsx  →  20240915_2ppm铜离子污染测试_旧版电解槽_ion_firecloud_[2, 4, 6, 8].xlsx)
      MISS: 8 -> 4   (20240915_2ppm铜离子污染测试_旧版电解槽_ion_firecloud_[2, 4, 6, 8].xlsx  →  20240915_2ppm铜离子污染测试_旧版电解槽_ion_firecloud_[4, 6, 8, 10].xlsx)
      MISS: 10 -> 6   (20240915_2ppm铜离子污染测试_旧版电解槽_ion_firecloud_[4, 6, 8, 10].xlsx  →  20240915_2ppm铜离子污染测试_旧版电解槽_ion_firecloud_[6, 8, 10, 12].xlsx)
      MISS: 12 -> 8   (20240915_2ppm铜离子污染测试_旧版电解槽_ion_firecloud_[6, 8, 10, 12].xlsx  →  20240915_2ppm铜离子污染测试_旧版电解槽_ion_firecloud_[8, 10, 12, 14].xlsx)
      MISS: 14 -> 10   (20240915_2ppm铜离子污染测试_旧版电解槽_ion_firecloud_[8, 10, 12, 14].xlsx  →  20240915_2ppm铜离子污染测试_旧版电解槽_ion_firecloud_[10, 12, 14, 16].xlsx)
      MISS: 16 -> 12   (20240915_2ppm铜离子污染测试_旧版电解槽_ion_firecloud_[10, 12, 14, 16].xlsx  →  20240915_2ppm铜离子污染测试_旧版电解槽_ion_firecloud_[12, 14, 16, 18].xlsx)
      MISS: 18 -> 14   (20240915_2ppm铜离子污染测试_旧版电解槽_ion_firecloud_[12, 14, 16, 18].xlsx  →  20240915_2ppm铜离子污染测试_旧版电解槽_ion_firecloud_[14, 16, 18, 20].xlsx)
      MISS: 20 -> 16   (20240915_2ppm铜离子污染测试_旧版电解槽_ion_firecloud_[14, 16, 18, 20].xlsx  →  20240915_2ppm铜离子污染测试_旧版电解槽_ion_firecloud_[16, 18, 20, 22].xlsx)
      MISS: 22 -> 18   (20240915_2ppm铜离子污染测试_旧版电解槽_ion_firecloud_[16, 18, 20, 22].xlsx  →  20240915_2ppm铜离子污染测试_旧版电解槽_ion_firecloud_[18, 20, 22, 24].xlsx)
      MISS: 24 -> 20   (20240915_2ppm铜离子污染测试_旧版电解槽_ion_firecloud_[18, 20, 22, 24].xlsx  →  20240915_2ppm铜离子污染测试_旧版电解槽_ion_firecloud_[20, 22, 24, 26].xlsx)

[PairDataset][Example pairs] (show up to 50)
  [1] A(idx=0) 20240918_2ppm钙离子污染测试_新版电解槽_ion_gamry_[10, 12, 14, 16].xlsx  times=[10, 12, 14, 16]
      → B(idx=0) 20240918_2ppm钙离子污染测试_新版电解槽_ion_gamry_[10, 12, 14, 16].xlsx  times=[10, 12, 14, 16]  dummy=True
  [2] A(idx=92) 20240918_2ppm钙离子污染测试_新版电解槽_ion_gamry_[14, 16, 18, 20].xlsx  times=[14, 16, 18, 20]
      → B(idx=92) 20240918_2ppm钙离子污染测试_新版电解槽_ion_gamry_[14, 16, 18, 20].xlsx  times=[14, 16, 18, 20]  dummy=True
  [3] A(idx=1) 20241028_2ppm钠离子污染和恢复测试_旧版电解槽_ion_column_renew_H2SO4_gamry_[2, 4, 6, 8].xlsx  times=[2, 4, 6, 8]
      → B(idx=94) 20241028_2ppm钠离子污染和恢复测试_旧版电解槽_ion_column_renew_H2SO4_gamry_[4, 6, 8, 10].xlsx  times=[4, 6, 8, 10]  dummy=False
  [4] A(idx=94) 20241028_2ppm钠离子污染和恢复测试_旧版电解槽_ion_column_renew_H2SO4_gamry_[4, 6, 8, 10].xlsx  times=[4, 6, 8, 10]
      → B(idx=94) 20241028_2ppm钠离子污染和恢复测试_旧版电解槽_ion_column_renew_H2SO4_gamry_[4, 6, 8, 10].xlsx  times=[4, 6, 8, 10]  dummy=True
  [5] A(idx=125) 20241010_2ppm钠离子污染测试_新版电解槽_ion_column_firecloud_[6, 8, 10, 12].xlsx  times=[6, 8, 10, 12]
      → B(idx=2) 20241010_2ppm钠离子污染测试_新版电解槽_ion_column_firecloud_[8, 10, 12, 14].xlsx  times=[8, 10, 12, 14]  dummy=False
  [6] A(idx=2) 20241010_2ppm钠离子污染测试_新版电解槽_ion_column_firecloud_[8, 10, 12, 14].xlsx  times=[8, 10, 12, 14]
      → B(idx=2) 20241010_2ppm钠离子污染测试_新版电解槽_ion_column_firecloud_[8, 10, 12, 14].xlsx  times=[8, 10, 12, 14]  dummy=True
  [7] A(idx=20) 20241101_2ppm铜离子污染和恢复测试_旧版电解槽_ion_firecloud_[0, 2, 4, 6].xlsx  times=[0, 2, 4, 6]
      → B(idx=20) 20241101_2ppm铜离子污染和恢复测试_旧版电解槽_ion_firecloud_[0, 2, 4, 6].xlsx  times=[0, 2, 4, 6]  dummy=True
  [8] A(idx=3) 20241101_2ppm铜离子污染和恢复测试_旧版电解槽_ion_firecloud_[10, 12, 14, 16].xlsx  times=[10, 12, 14, 16]
      → B(idx=3) 20241101_2ppm铜离子污染和恢复测试_旧版电解槽_ion_firecloud_[10, 12, 14, 16].xlsx  times=[10, 12, 14, 16]  dummy=True
  [9] A(idx=31) 20241101_2ppm铜离子污染和恢复测试_旧版电解槽_ion_firecloud_[20, 22, 24, 26].xlsx  times=[20, 22, 24, 26]
      → B(idx=31) 20241101_2ppm铜离子污染和恢复测试_旧版电解槽_ion_firecloud_[20, 22, 24, 26].xlsx  times=[20, 22, 24, 26]  dummy=True
  [10] A(idx=48) 20240831_10ppm镍离子污染测试_新版电解槽_ion_gamry_[0, 2, 4, 6].xlsx  times=[0, 2, 4, 6]
      → B(idx=48) 20240831_10ppm镍离子污染测试_新版电解槽_ion_gamry_[0, 2, 4, 6].xlsx  times=[0, 2, 4, 6]  dummy=True
  [11] A(idx=41) 20240831_10ppm镍离子污染测试_新版电解槽_ion_gamry_[4, 6, 8, 10].xlsx  times=[4, 6, 8, 10]
      → B(idx=41) 20240831_10ppm镍离子污染测试_新版电解槽_ion_gamry_[4, 6, 8, 10].xlsx  times=[4, 6, 8, 10]  dummy=True
  [12] A(idx=139) 20240831_10ppm镍离子污染测试_新版电解槽_ion_gamry_[16, 18, 20, 22].xlsx  times=[16, 18, 20, 22]
      → B(idx=4) 20240831_10ppm镍离子污染测试_新版电解槽_ion_gamry_[18, 20, 22, 24].xlsx  times=[18, 20, 22, 24]  dummy=False
  [13] A(idx=4) 20240831_10ppm镍离子污染测试_新版电解槽_ion_gamry_[18, 20, 22, 24].xlsx  times=[18, 20, 22, 24]
      → B(idx=4) 20240831_10ppm镍离子污染测试_新版电解槽_ion_gamry_[18, 20, 22, 24].xlsx  times=[18, 20, 22, 24]  dummy=True
  [14] A(idx=5) 20241122_2ppm铜离子污染及恢复测试40摄氏度_新版电解槽_ion_column_renew_H2SO4_gamry_[14, 16, 18, 20].xlsx  times=[14, 16, 18, 20]
      → B(idx=5) 20241122_2ppm铜离子污染及恢复测试40摄氏度_新版电解槽_ion_column_renew_H2SO4_gamry_[14, 16, 18, 20].xlsx  times=[14, 16, 18, 20]  dummy=True
  [15] A(idx=93) 20241010_2ppm钠离子污染测试_新版电解槽_ion_firecloud_[4, 6, 8, 10].xlsx  times=[4, 6, 8, 10]
      → B(idx=93) 20241010_2ppm钠离子污染测试_新版电解槽_ion_firecloud_[4, 6, 8, 10].xlsx  times=[4, 6, 8, 10]  dummy=True
  [16] A(idx=104) 20241010_2ppm钠离子污染测试_新版电解槽_ion_firecloud_[12, 14, 16, 18].xlsx  times=[12, 14, 16, 18]
      → B(idx=104) 20241010_2ppm钠离子污染测试_新版电解槽_ion_firecloud_[12, 14, 16, 18].xlsx  times=[12, 14, 16, 18]  dummy=True
  [17] A(idx=135) 20241010_2ppm钠离子污染测试_新版电解槽_ion_firecloud_[16, 18, 20, 22].xlsx  times=[16, 18, 20, 22]
      → B(idx=135) 20241010_2ppm钠离子污染测试_新版电解槽_ion_firecloud_[16, 18, 20, 22].xlsx  times=[16, 18, 20, 22]  dummy=True
  [18] A(idx=6) 20241010_2ppm钠离子污染测试_新版电解槽_ion_firecloud_[36, 38, 40, 42].xlsx  times=[36, 38, 40, 42]
      → B(idx=6) 20241010_2ppm钠离子污染测试_新版电解槽_ion_firecloud_[36, 38, 40, 42].xlsx  times=[36, 38, 40, 42]  dummy=True
  [19] A(idx=55) 20241029_2ppm铁离子污染和恢复测试_新版电解槽_ion_firecloud_[26, 28, 30, 32].xlsx  times=[26, 28, 30, 32]
      → B(idx=55) 20241029_2ppm铁离子污染和恢复测试_新版电解槽_ion_firecloud_[26, 28, 30, 32].xlsx  times=[26, 28, 30, 32]  dummy=True
  [20] A(idx=7) 20241029_2ppm铁离子污染和恢复测试_新版电解槽_ion_firecloud_[30, 32, 34, 36].xlsx  times=[30, 32, 34, 36]
      → B(idx=7) 20241029_2ppm铁离子污染和恢复测试_新版电解槽_ion_firecloud_[30, 32, 34, 36].xlsx  times=[30, 32, 34, 36]  dummy=True
  [21] A(idx=141) 20241029_2ppm铁离子污染和恢复测试_新版电解槽_ion_firecloud_[34, 36, 38, 40].xlsx  times=[34, 36, 38, 40]
      → B(idx=141) 20241029_2ppm铁离子污染和恢复测试_新版电解槽_ion_firecloud_[34, 36, 38, 40].xlsx  times=[34, 36, 38, 40]  dummy=True
  [22] A(idx=47) 20241029_2ppm铁离子污染和恢复测试_新版电解槽_ion_firecloud_[46, 48, 50, 52].xlsx  times=[46, 48, 50, 52]
      → B(idx=47) 20241029_2ppm铁离子污染和恢复测试_新版电解槽_ion_firecloud_[46, 48, 50, 52].xlsx  times=[46, 48, 50, 52]  dummy=True
  [23] A(idx=8) 20241227_10ppm铜离子污染及恢复测试_旧版电解槽_ion_column_renew_H2SO4_gamry_[8, 10, 12, 14].xlsx  times=[8, 10, 12, 14]
      → B(idx=8) 20241227_10ppm铜离子污染及恢复测试_旧版电解槽_ion_column_renew_H2SO4_gamry_[8, 10, 12, 14].xlsx  times=[8, 10, 12, 14]  dummy=True
  [24] A(idx=88) 20241227_10ppm铜离子污染及恢复测试_旧版电解槽_ion_column_renew_H2SO4_gamry_[24, 26, 28, 30].xlsx  times=[24, 26, 28, 30]
      → B(idx=134) 20241227_10ppm铜离子污染及恢复测试_旧版电解槽_ion_column_renew_H2SO4_gamry_[26, 28, 30, 32].xlsx  times=[26, 28, 30, 32]  dummy=False
  [25] A(idx=134) 20241227_10ppm铜离子污染及恢复测试_旧版电解槽_ion_column_renew_H2SO4_gamry_[26, 28, 30, 32].xlsx  times=[26, 28, 30, 32]
      → B(idx=134) 20241227_10ppm铜离子污染及恢复测试_旧版电解槽_ion_column_renew_H2SO4_gamry_[26, 28, 30, 32].xlsx  times=[26, 28, 30, 32]  dummy=True
  [26] A(idx=27) 20241017_2ppm铬离子污染和恢复测试_新版电解槽_ion_gamry_[0, 2, 4, 6].xlsx  times=[0, 2, 4, 6]
      → B(idx=27) 20241017_2ppm铬离子污染和恢复测试_新版电解槽_ion_gamry_[0, 2, 4, 6].xlsx  times=[0, 2, 4, 6]  dummy=True
  [27] A(idx=9) 20241017_2ppm铬离子污染和恢复测试_新版电解槽_ion_gamry_[20, 22, 24, 26].xlsx  times=[20, 22, 24, 26]
      → B(idx=9) 20241017_2ppm铬离子污染和恢复测试_新版电解槽_ion_gamry_[20, 22, 24, 26].xlsx  times=[20, 22, 24, 26]  dummy=True
  [28] A(idx=10) 20241024_2ppm铁离子污染和恢复测试_新版电解槽_ion_column_renew_H2SO4_firecloud_[12, 14, 16, 18].xlsx  times=[12, 14, 16, 18]
      → B(idx=10) 20241024_2ppm铁离子污染和恢复测试_新版电解槽_ion_column_renew_H2SO4_firecloud_[12, 14, 16, 18].xlsx  times=[12, 14, 16, 18]  dummy=True
  [29] A(idx=136) 20241024_2ppm铁离子污染和恢复测试_新版电解槽_ion_column_renew_H2SO4_firecloud_[18, 20, 22, 24].xlsx  times=[18, 20, 22, 24]
      → B(idx=136) 20241024_2ppm铁离子污染和恢复测试_新版电解槽_ion_column_renew_H2SO4_firecloud_[18, 20, 22, 24].xlsx  times=[18, 20, 22, 24]  dummy=True
  [30] A(idx=11) 20241117_2ppm钠离子污染及恢复测试10mlmin_旧版电解槽_ion_gamry_[2, 4, 6, 8].xlsx  times=[2, 4, 6, 8]
      → B(idx=11) 20241117_2ppm钠离子污染及恢复测试10mlmin_旧版电解槽_ion_gamry_[2, 4, 6, 8].xlsx  times=[2, 4, 6, 8]  dummy=True
  [31] A(idx=140) 20241117_2ppm钠离子污染及恢复测试10mlmin_旧版电解槽_ion_gamry_[10, 12, 14, 16].xlsx  times=[10, 12, 14, 16]
      → B(idx=140) 20241117_2ppm钠离子污染及恢复测试10mlmin_旧版电解槽_ion_gamry_[10, 12, 14, 16].xlsx  times=[10, 12, 14, 16]  dummy=True
  [32] A(idx=78) 20241117_2ppm钠离子污染及恢复测试10mlmin_旧版电解槽_ion_gamry_[30, 32, 34, 36].xlsx  times=[30, 32, 34, 36]
      → B(idx=78) 20241117_2ppm钠离子污染及恢复测试10mlmin_旧版电解槽_ion_gamry_[30, 32, 34, 36].xlsx  times=[30, 32, 34, 36]  dummy=True
  [33] A(idx=138) 20241211_2ppm铜离子污染及恢复测试80摄氏度_旧版电解槽_ion_gamry_[28, 30, 32, 34].xlsx  times=[28, 30, 32, 34]
      → B(idx=138) 20241211_2ppm铜离子污染及恢复测试80摄氏度_旧版电解槽_ion_gamry_[28, 30, 32, 34].xlsx  times=[28, 30, 32, 34]  dummy=True
  [34] A(idx=12) 20241211_2ppm铜离子污染及恢复测试80摄氏度_旧版电解槽_ion_gamry_[32, 34, 36, 38].xlsx  times=[32, 34, 36, 38]
      → B(idx=12) 20241211_2ppm铜离子污染及恢复测试80摄氏度_旧版电解槽_ion_gamry_[32, 34, 36, 38].xlsx  times=[32, 34, 36, 38]  dummy=True
  [35] A(idx=108) 20241211_2ppm铜离子污染及恢复测试80摄氏度_旧版电解槽_ion_gamry_[38, 40, 42, 44].xlsx  times=[38, 40, 42, 44]
      → B(idx=108) 20241211_2ppm铜离子污染及恢复测试80摄氏度_旧版电解槽_ion_gamry_[38, 40, 42, 44].xlsx  times=[38, 40, 42, 44]  dummy=True
  [36] A(idx=143) 20241213_2ppm钠离子污染及恢复测试_新版电解槽_ion_gamry_[0, 2, 4, 6].xlsx  times=[0, 2, 4, 6]
      → B(idx=70) 20241213_2ppm钠离子污染及恢复测试_新版电解槽_ion_gamry_[2, 4, 6, 8].xlsx  times=[2, 4, 6, 8]  dummy=False
  [37] A(idx=70) 20241213_2ppm钠离子污染及恢复测试_新版电解槽_ion_gamry_[2, 4, 6, 8].xlsx  times=[2, 4, 6, 8]
      → B(idx=70) 20241213_2ppm钠离子污染及恢复测试_新版电解槽_ion_gamry_[2, 4, 6, 8].xlsx  times=[2, 4, 6, 8]  dummy=True
  [38] A(idx=13) 20241213_2ppm钠离子污染及恢复测试_新版电解槽_ion_gamry_[22, 24, 26, 28].xlsx  times=[22, 24, 26, 28]
      → B(idx=13) 20241213_2ppm钠离子污染及恢复测试_新版电解槽_ion_gamry_[22, 24, 26, 28].xlsx  times=[22, 24, 26, 28]  dummy=True
  [39] A(idx=14) 20240822_10ppm铜离子污染测试_新版电解槽_ion_gamry_[10, 12, 14, 16].xlsx  times=[10, 12, 14, 16]
      → B(idx=14) 20240822_10ppm铜离子污染测试_新版电解槽_ion_gamry_[10, 12, 14, 16].xlsx  times=[10, 12, 14, 16]  dummy=True
  [40] A(idx=51) 20241112_2ppm钠离子污染和恢复测试80摄氏度_新版电解槽_ion_gamry_[28, 30, 32, 34].xlsx  times=[28, 30, 32, 34]
      → B(idx=51) 20241112_2ppm钠离子污染和恢复测试80摄氏度_新版电解槽_ion_gamry_[28, 30, 32, 34].xlsx  times=[28, 30, 32, 34]  dummy=True
  [41] A(idx=126) 20241112_2ppm钠离子污染和恢复测试80摄氏度_新版电解槽_ion_gamry_[34, 36, 38, 40].xlsx  times=[34, 36, 38, 40]
      → B(idx=15) 20241112_2ppm钠离子污染和恢复测试80摄氏度_新版电解槽_ion_gamry_[36, 38, 40, 42].xlsx  times=[36, 38, 40, 42]  dummy=False
  [42] A(idx=15) 20241112_2ppm钠离子污染和恢复测试80摄氏度_新版电解槽_ion_gamry_[36, 38, 40, 42].xlsx  times=[36, 38, 40, 42]
      → B(idx=15) 20241112_2ppm钠离子污染和恢复测试80摄氏度_新版电解槽_ion_gamry_[36, 38, 40, 42].xlsx  times=[36, 38, 40, 42]  dummy=True
  [43] A(idx=16) 20240831_10ppm镍离子污染测试_新版电解槽_ion_column_gamry_[0, 2, 4, 6].xlsx  times=[0, 2, 4, 6]
      → B(idx=16) 20240831_10ppm镍离子污染测试_新版电解槽_ion_column_gamry_[0, 2, 4, 6].xlsx  times=[0, 2, 4, 6]  dummy=True
  [44] A(idx=17) 20241112_2ppm镍离子污染及恢复测试_旧版电解槽_ion_column_gamry_[12, 14, 16, 18].xlsx  times=[12, 14, 16, 18]
      → B(idx=17) 20241112_2ppm镍离子污染及恢复测试_旧版电解槽_ion_column_gamry_[12, 14, 16, 18].xlsx  times=[12, 14, 16, 18]  dummy=True
  [45] A(idx=18) 20241013_2ppm铝离子污染测试_新版电解槽_ion_column_firecloud_[8, 10, 12, 14].xlsx  times=[8, 10, 12, 14]
      → B(idx=18) 20241013_2ppm铝离子污染测试_新版电解槽_ion_column_firecloud_[8, 10, 12, 14].xlsx  times=[8, 10, 12, 14]  dummy=True
  [46] A(idx=90) 20241013_2ppm铝离子污染测试_新版电解槽_ion_column_firecloud_[16, 18, 20, 22].xlsx  times=[16, 18, 20, 22]
      → B(idx=90) 20241013_2ppm铝离子污染测试_新版电解槽_ion_column_firecloud_[16, 18, 20, 22].xlsx  times=[16, 18, 20, 22]  dummy=True
  [47] A(idx=19) 20241024_2ppm铁离子污染和恢复测试_新版电解槽_ion_column_firecloud_[2, 4, 6, 8].xlsx  times=[2, 4, 6, 8]
      → B(idx=19) 20241024_2ppm铁离子污染和恢复测试_新版电解槽_ion_column_firecloud_[2, 4, 6, 8].xlsx  times=[2, 4, 6, 8]  dummy=True
  [48] A(idx=56) 20241024_2ppm铁离子污染和恢复测试_新版电解槽_ion_column_firecloud_[10, 12, 14, 16].xlsx  times=[10, 12, 14, 16]
      → B(idx=56) 20241024_2ppm铁离子污染和恢复测试_新版电解槽_ion_column_firecloud_[10, 12, 14, 16].xlsx  times=[10, 12, 14, 16]  dummy=True
  [49] A(idx=67) 20241024_2ppm铁离子污染和恢复测试_新版电解槽_ion_column_firecloud_[18, 20, 22, 24].xlsx  times=[18, 20, 22, 24]
      → B(idx=67) 20241024_2ppm铁离子污染和恢复测试_新版电解槽_ion_column_firecloud_[18, 20, 22, 24].xlsx  times=[18, 20, 22, 24]  dummy=True
  [50] A(idx=21) 20240918_2ppm钙离子污染测试_新版电解槽_ion_column_gamry_[2, 4, 6, 8].xlsx  times=[2, 4, 6, 8]
      → B(idx=80) 20240918_2ppm钙离子污染测试_新版电解槽_ion_column_gamry_[4, 6, 8, 10].xlsx  times=[4, 6, 8, 10]  dummy=False

[PairDataset][Summary]
- total files:        146
- parsed OK:          146
- regex fail:         0
- parse times fail:   0
- empty times:        0
- total pairs:        146  (keep_unpaired=self)
- distinct prefixes:  77
- prefixes coverage (first few):
  [1] 20240918_2ppm钙离子污染测试_新版电解槽_ion_gamry_[* -> windows=2, adj_pairs=0/1
  [2] 20241028_2ppm钠离子污染和恢复测试_旧版电解槽_ion_column_renew_H2SO4_gamry_[* -> windows=2, adj_pairs=0/1
  [3] 20241010_2ppm钠离子污染测试_新版电解槽_ion_column_firecloud_[* -> windows=2, adj_pairs=0/1
  [4] 20241101_2ppm铜离子污染和恢复测试_旧版电解槽_ion_firecloud_[* -> windows=3, adj_pairs=0/2
  [5] 20240831_10ppm镍离子污染测试_新版电解槽_ion_gamry_[* -> windows=4, adj_pairs=0/3
  [6] 20241122_2ppm铜离子污染及恢复测试40摄氏度_新版电解槽_ion_column_renew_H2SO4_gamry_[* -> windows=1, adj_pairs=0/0
  [7] 20241010_2ppm钠离子污染测试_新版电解槽_ion_firecloud_[* -> windows=4, adj_pairs=0/3
  [8] 20241029_2ppm铁离子污染和恢复测试_新版电解槽_ion_firecloud_[* -> windows=4, adj_pairs=0/3
  [9] 20241227_10ppm铜离子污染及恢复测试_旧版电解槽_ion_column_renew_H2SO4_gamry_[* -> windows=3, adj_pairs=0/2
  [10] 20241017_2ppm铬离子污染和恢复测试_新版电解槽_ion_gamry_[* -> windows=2, adj_pairs=0/1
- unadjacent gaps samples: 132 (showing first 0)
num base train samples: 784
num base val   samples: 146
num pair train samples: 784
num pair val   samples: 146
dummy_mask[0] = False
🧩 新模型: 400,403 参数 (400,403 可训练)
📝 TensorBoard 日志目录: /home/kudouzala/Application/ion_detect/output/tensorboard/exp_new_f_num_tp2
🔥 Warmup: 100 epochs (LR × 0.01 → 1.0)
📈 Cosine Annealing LR 调度 (T_max=900)
[New] Epoch 1/1000 | classify: 5.0328 | voltage: 6.7693 | conc: 0.0007 | consistency: 0.5154 | polarity: 1.8249 | monodec: 0.0959 | rule: 221.7433 | group: 2.5327 | tree: 5.7559 | total: 5.4877
[New] Epoch 2/1000 | classify: 4.8246 | voltage: 6.5849 | conc: 0.0009 | consistency: 0.5098 | polarity: 1.9494 | monodec: 0.0984 | rule: 219.8093 | group: 2.7049 | tree: 6.2353 | total: 5.2699
[New] Epoch 3/1000 | classify: 4.3584 | voltage: 6.1751 | conc: 0.0007 | consistency: 0.5036 | polarity: 1.8955 | monodec: 0.0920 | rule: 223.3993 | group: 2.4395 | tree: 5.6848 | total: 4.7844
[New] Epoch 4/1000 | classify: 4.3175 | voltage: 5.8278 | conc: 0.0006 | consistency: 0.5040 | polarity: 2.0104 | monodec: 0.0981 | rule: 214.2758 | group: 2.6761 | tree: 6.1573 | total: 4.7218
[New] Epoch 5/1000 | classify: 4.2502 | voltage: 5.3316 | conc: 0.0007 | consistency: 0.4838 | polarity: 2.0646 | monodec: 0.0922 | rule: 237.0708 | group: 2.6664 | tree: 6.0356 | total: 4.6411
[New] Epoch 6/1000 | classify: 4.3752 | voltage: 4.9569 | conc: 0.0007 | consistency: 0.4880 | polarity: 2.2885 | monodec: 0.0955 | rule: 258.5964 | group: 2.5208 | tree: 6.5487 | total: 4.7584
[New] Epoch 7/1000 | classify: 4.0819 | voltage: 4.5854 | conc: 0.0008 | consistency: 0.4781 | polarity: 2.3156 | monodec: 0.0917 | rule: 252.9703 | group: 2.3384 | tree: 6.3699 | total: 4.4436
[New] Epoch 8/1000 | classify: 3.8487 | voltage: 4.2874 | conc: 0.0007 | consistency: 0.4739 | polarity: 2.3178 | monodec: 0.0970 | rule: 218.5630 | group: 2.4659 | tree: 6.0285 | total: 4.1781
[New] Epoch 9/1000 | classify: 4.0070 | voltage: 4.0041 | conc: 0.0008 | consistency: 0.4573 | polarity: 2.4373 | monodec: 0.0893 | rule: 234.5397 | group: 2.3432 | tree: 6.0133 | total: 4.3302
[New] Epoch 10/1000 | classify: 3.9930 | voltage: 3.6166 | conc: 0.0009 | consistency: 0.4604 | polarity: 2.5493 | monodec: 0.0951 | rule: 246.5310 | group: 2.3849 | tree: 5.9330 | total: 4.3029
--- 验证集 [epoch 10] ---
  准确率 (Accuracy):  0.5685
  精确率 (Precision): 0.1982
  召回率 (Recall):    0.2866
  F1 分数 (F1):       0.2309
✅ 模型已保存到 /home/kudouzala/Application/ion_detect/output/trained_model_save/exp_new_f_num_tp2/trained_model_epoch_best.pth
  🏆 新最佳 F1=0.2309，已保存 best 模型
[New] Epoch 11/1000 | classify: 3.6725 | voltage: 3.3990 | conc: 0.0007 | consistency: 0.4446 | polarity: 2.3689 | monodec: 0.0848 | rule: 222.0844 | group: 2.3020 | tree: 5.6142 | total: 3.9589
[New] Epoch 12/1000 | classify: 4.0616 | voltage: 3.0714 | conc: 0.0006 | consistency: 0.4374 | polarity: 2.5791 | monodec: 0.0922 | rule: 222.8388 | group: 2.5536 | tree: 6.1393 | total: 4.3323
[New] Epoch 13/1000 | classify: 3.8893 | voltage: 2.8326 | conc: 0.0005 | consistency: 0.4213 | polarity: 2.6191 | monodec: 0.0884 | rule: 259.2386 | group: 2.1962 | tree: 5.9934 | total: 4.1659
[New] Epoch 14/1000 | classify: 3.9931 | voltage: 2.6298 | conc: 0.0010 | consistency: 0.4190 | polarity: 2.6484 | monodec: 0.0889 | rule: 239.7618 | group: 2.6228 | tree: 6.6239 | total: 4.2509
[New] Epoch 15/1000 | classify: 4.0220 | voltage: 2.3651 | conc: 0.0011 | consistency: 0.4055 | polarity: 2.6753 | monodec: 0.0884 | rule: 256.0124 | group: 2.3397 | tree: 6.3404 | total: 4.2745
[New] Epoch 16/1000 | classify: 3.7253 | voltage: 2.1804 | conc: 0.0004 | consistency: 0.4037 | polarity: 2.6387 | monodec: 0.0875 | rule: 219.2446 | group: 2.2702 | tree: 5.6461 | total: 3.9491
[New] Epoch 17/1000 | classify: 3.9760 | voltage: 1.9894 | conc: 0.0009 | consistency: 0.3902 | polarity: 2.8264 | monodec: 0.0804 | rule: 238.9660 | group: 2.2974 | tree: 6.1841 | total: 4.2008
[New] Epoch 18/1000 | classify: 3.7238 | voltage: 1.8552 | conc: 0.0006 | consistency: 0.3810 | polarity: 2.7242 | monodec: 0.0769 | rule: 223.1961 | group: 2.2599 | tree: 6.1915 | total: 3.9338
[New] Epoch 19/1000 | classify: 3.9265 | voltage: 1.7327 | conc: 0.0008 | consistency: 0.3839 | polarity: 2.7949 | monodec: 0.0884 | rule: 232.6431 | group: 2.3762 | tree: 6.2948 | total: 4.1354
[New] Epoch 20/1000 | classify: 3.6910 | voltage: 1.5906 | conc: 0.0008 | consistency: 0.3714 | polarity: 2.7850 | monodec: 0.0801 | rule: 217.0967 | group: 2.3022 | tree: 6.2033 | total: 3.8849
--- 验证集 [epoch 20] ---
  准确率 (Accuracy):  0.6027
  精确率 (Precision): 0.3336
  召回率 (Recall):    0.3383
  F1 分数 (F1):       0.3279
✅ 模型已保存到 /home/kudouzala/Application/ion_detect/output/trained_model_save/exp_new_f_num_tp2/trained_model_epoch_best.pth
  🏆 新最佳 F1=0.3279，已保存 best 模型
[New] Epoch 21/1000 | classify: 3.8948 | voltage: 1.4625 | conc: 0.0009 | consistency: 0.3703 | polarity: 3.0205 | monodec: 0.0863 | rule: 217.6773 | group: 2.3831 | tree: 6.4811 | total: 4.0829
[New] Epoch 22/1000 | classify: 3.5748 | voltage: 1.3793 | conc: 0.0006 | consistency: 0.3625 | polarity: 2.9666 | monodec: 0.0806 | rule: 223.0049 | group: 2.0712 | tree: 5.7434 | total: 3.7606
[New] Epoch 23/1000 | classify: 3.4192 | voltage: 1.2672 | conc: 0.0005 | consistency: 0.3599 | polarity: 2.9038 | monodec: 0.0789 | rule: 222.1541 | group: 2.0916 | tree: 6.0700 | total: 3.5990
[New] Epoch 24/1000 | classify: 3.3993 | voltage: 1.1712 | conc: 0.0005 | consistency: 0.3530 | polarity: 2.9725 | monodec: 0.0750 | rule: 221.1907 | group: 1.9663 | tree: 5.7391 | total: 3.5736
[New] Epoch 25/1000 | classify: 3.5861 | voltage: 1.0820 | conc: 0.0006 | consistency: 0.3355 | polarity: 3.1216 | monodec: 0.0702 | rule: 221.5489 | group: 2.2023 | tree: 6.0938 | total: 3.7566
[New] Epoch 26/1000 | classify: 3.7452 | voltage: 0.9998 | conc: 0.0006 | consistency: 0.3439 | polarity: 3.3371 | monodec: 0.0779 | rule: 218.2703 | group: 2.1643 | tree: 6.0002 | total: 3.9099
[New] Epoch 27/1000 | classify: 3.3784 | voltage: 0.9611 | conc: 0.0008 | consistency: 0.3240 | polarity: 3.1297 | monodec: 0.0690 | rule: 226.9167 | group: 1.9951 | tree: 5.7079 | total: 3.5454
[New] Epoch 28/1000 | classify: 3.4837 | voltage: 0.8917 | conc: 0.0010 | consistency: 0.3321 | polarity: 3.2154 | monodec: 0.0736 | rule: 232.3334 | group: 2.0167 | tree: 5.6804 | total: 3.6501
[New] Epoch 29/1000 | classify: 3.4890 | voltage: 0.8422 | conc: 0.0009 | consistency: 0.3264 | polarity: 3.4098 | monodec: 0.0753 | rule: 234.1024 | group: 2.1026 | tree: 6.0849 | total: 3.6540
[New] Epoch 30/1000 | classify: 3.2009 | voltage: 0.7816 | conc: 0.0009 | consistency: 0.3190 | polarity: 3.3205 | monodec: 0.0695 | rule: 243.4682 | group: 1.8950 | tree: 5.7319 | total: 3.3673
--- 验证集 [epoch 30] ---
  准确率 (Accuracy):  0.7055
  精确率 (Precision): 0.5619
  召回率 (Recall):    0.5369
  F1 分数 (F1):       0.5247
✅ 模型已保存到 /home/kudouzala/Application/ion_detect/output/trained_model_save/exp_new_f_num_tp2/trained_model_epoch_best.pth
  🏆 新最佳 F1=0.5247，已保存 best 模型
[New] Epoch 31/1000 | classify: 3.5445 | voltage: 0.7491 | conc: 0.0009 | consistency: 0.3266 | polarity: 3.3519 | monodec: 0.0787 | rule: 210.9328 | group: 2.0812 | tree: 5.9592 | total: 3.6932
[New] Epoch 32/1000 | classify: 3.3665 | voltage: 0.6978 | conc: 0.0008 | consistency: 0.3146 | polarity: 3.4221 | monodec: 0.0719 | rule: 208.5164 | group: 2.0829 | tree: 5.9386 | total: 3.5114
[New] Epoch 33/1000 | classify: 3.0339 | voltage: 0.6876 | conc: 0.0008 | consistency: 0.3151 | polarity: 3.2194 | monodec: 0.0744 | rule: 213.7800 | group: 2.0152 | tree: 5.7567 | total: 3.1807
[New] Epoch 34/1000 | classify: 3.3669 | voltage: 0.6184 | conc: 0.0004 | consistency: 0.3089 | polarity: 3.3537 | monodec: 0.0694 | rule: 229.2784 | group: 1.9892 | tree: 5.8922 | total: 3.5177
[New] Epoch 35/1000 | classify: 3.2235 | voltage: 0.5865 | conc: 0.0010 | consistency: 0.3037 | polarity: 3.1582 | monodec: 0.0644 | rule: 230.4997 | group: 1.9839 | tree: 5.8199 | total: 3.3738
[New] Epoch 36/1000 | classify: 3.4862 | voltage: 0.5603 | conc: 0.0010 | consistency: 0.3088 | polarity: 3.2276 | monodec: 0.0741 | rule: 226.4865 | group: 2.0968 | tree: 5.9618 | total: 3.6333
[New] Epoch 37/1000 | classify: 3.5895 | voltage: 0.5255 | conc: 0.0007 | consistency: 0.3013 | polarity: 3.2570 | monodec: 0.0783 | rule: 225.2178 | group: 2.0810 | tree: 6.2738 | total: 3.7342
[New] Epoch 38/1000 | classify: 3.0999 | voltage: 0.4915 | conc: 0.0007 | consistency: 0.2996 | polarity: 3.0346 | monodec: 0.0656 | rule: 218.6997 | group: 1.8855 | tree: 5.5395 | total: 3.2390
[New] Epoch 39/1000 | classify: 3.4179 | voltage: 0.4666 | conc: 0.0006 | consistency: 0.2947 | polarity: 3.3487 | monodec: 0.0671 | rule: 223.3698 | group: 2.0212 | tree: 6.3069 | total: 3.5585
[New] Epoch 40/1000 | classify: 3.1943 | voltage: 0.4417 | conc: 0.0007 | consistency: 0.2973 | polarity: 3.3730 | monodec: 0.0695 | rule: 232.2887 | group: 1.9449 | tree: 5.8419 | total: 3.3380
--- 验证集 [epoch 40] ---
  准确率 (Accuracy):  0.6096
  精确率 (Precision): 0.5136
  召回率 (Recall):    0.4539
  F1 分数 (F1):       0.4296
[New] Epoch 41/1000 | classify: 3.2342 | voltage: 0.4231 | conc: 0.0005 | consistency: 0.2883 | polarity: 3.3908 | monodec: 0.0676 | rule: 217.6944 | group: 1.9207 | tree: 5.7837 | total: 3.3695
[New] Epoch 42/1000 | classify: 3.1175 | voltage: 0.3787 | conc: 0.0005 | consistency: 0.2711 | polarity: 3.1312 | monodec: 0.0616 | rule: 215.0476 | group: 1.8977 | tree: 5.5302 | total: 3.2490
[New] Epoch 43/1000 | classify: 3.1362 | voltage: 0.3646 | conc: 0.0007 | consistency: 0.2904 | polarity: 3.0768 | monodec: 0.0703 | rule: 234.2944 | group: 1.9115 | tree: 5.4518 | total: 3.2768
[New] Epoch 44/1000 | classify: 2.9720 | voltage: 0.3894 | conc: 0.0007 | consistency: 0.2859 | polarity: 3.2969 | monodec: 0.0695 | rule: 205.7605 | group: 1.8716 | tree: 5.5152 | total: 3.0996
[New] Epoch 45/1000 | classify: 3.1258 | voltage: 0.3342 | conc: 0.0008 | consistency: 0.2863 | polarity: 3.3456 | monodec: 0.0677 | rule: 224.0419 | group: 1.9156 | tree: 5.6598 | total: 3.2599
[New] Epoch 46/1000 | classify: 3.3524 | voltage: 0.3008 | conc: 0.0010 | consistency: 0.2976 | polarity: 3.3943 | monodec: 0.0743 | rule: 241.1694 | group: 1.9528 | tree: 6.0816 | total: 3.4939
[New] Epoch 47/1000 | classify: 2.9413 | voltage: 0.3150 | conc: 0.0007 | consistency: 0.2742 | polarity: 3.3301 | monodec: 0.0615 | rule: 211.5053 | group: 1.8269 | tree: 5.3176 | total: 3.0679
[New] Epoch 48/1000 | classify: 3.2020 | voltage: 0.2899 | conc: 0.0008 | consistency: 0.2837 | polarity: 3.4222 | monodec: 0.0726 | rule: 220.6476 | group: 1.8528 | tree: 5.3509 | total: 3.3321
[New] Epoch 49/1000 | classify: 3.0577 | voltage: 0.2863 | conc: 0.0008 | consistency: 0.2837 | polarity: 3.4154 | monodec: 0.0749 | rule: 218.0497 | group: 1.8482 | tree: 5.3812 | total: 3.1863
[New] Epoch 50/1000 | classify: 3.0907 | voltage: 0.2745 | conc: 0.0008 | consistency: 0.2849 | polarity: 3.4268 | monodec: 0.0734 | rule: 228.3782 | group: 1.9308 | tree: 6.0987 | total: 3.2242
--- 验证集 [epoch 50] ---
  准确率 (Accuracy):  0.6575
  精确率 (Precision): 0.4785
  召回率 (Recall):    0.4879
  F1 分数 (F1):       0.4702
✅ 模型已保存到 /home/kudouzala/Application/ion_detect/output/trained_model_save/exp_new_f_num_tp2/trained_model_epoch_50.pth
📁 损失值已保存到 /home/kudouzala/Application/ion_detect/output/trained_model_save/exp_new_f_num_tp2/training_loss_epoch_50.csv
[New] Epoch 51/1000 | classify: 3.0992 | voltage: 0.2794 | conc: 0.0008 | consistency: 0.2742 | polarity: 3.4813 | monodec: 0.0642 | rule: 230.3890 | group: 2.0203 | tree: 6.0372 | total: 3.2341
[New] Epoch 52/1000 | classify: 2.9508 | voltage: 0.2801 | conc: 0.0007 | consistency: 0.2694 | polarity: 3.4509 | monodec: 0.0660 | rule: 223.8654 | group: 1.8406 | tree: 5.6589 | total: 3.0821
[New] Epoch 53/1000 | classify: 3.0238 | voltage: 0.2908 | conc: 0.0008 | consistency: 0.2834 | polarity: 3.6144 | monodec: 0.0727 | rule: 224.6859 | group: 1.9083 | tree: 5.7416 | total: 3.1562
[New] Epoch 54/1000 | classify: 2.9199 | voltage: 0.2695 | conc: 0.0007 | consistency: 0.2774 | polarity: 3.4736 | monodec: 0.0724 | rule: 220.0141 | group: 1.8097 | tree: 5.4589 | total: 3.0486
[New] Epoch 55/1000 | classify: 2.8675 | voltage: 0.2613 | conc: 0.0008 | consistency: 0.2775 | polarity: 3.3372 | monodec: 0.0734 | rule: 219.6639 | group: 1.8888 | tree: 5.6701 | total: 2.9958
[New] Epoch 56/1000 | classify: 3.0609 | voltage: 0.2576 | conc: 0.0007 | consistency: 0.2667 | polarity: 3.2798 | monodec: 0.0727 | rule: 224.7670 | group: 1.8282 | tree: 5.5367 | total: 3.1914
[New] Epoch 57/1000 | classify: 2.9581 | voltage: 0.2505 | conc: 0.0009 | consistency: 0.2686 | polarity: 3.3142 | monodec: 0.0699 | rule: 226.2028 | group: 1.8857 | tree: 5.3787 | total: 3.0891
[New] Epoch 58/1000 | classify: 2.9238 | voltage: 0.2573 | conc: 0.0010 | consistency: 0.2718 | polarity: 3.2842 | monodec: 0.0676 | rule: 257.9502 | group: 1.8204 | tree: 5.6118 | total: 3.0712
[New] Epoch 59/1000 | classify: 2.9659 | voltage: 0.2504 | conc: 0.0011 | consistency: 0.2792 | polarity: 3.2882 | monodec: 0.0735 | rule: 227.9059 | group: 1.8833 | tree: 5.7821 | total: 3.0982
[New] Epoch 60/1000 | classify: 2.8809 | voltage: 0.2611 | conc: 0.0007 | consistency: 0.2619 | polarity: 3.5053 | monodec: 0.0665 | rule: 229.4830 | group: 1.8272 | tree: 5.5949 | total: 3.0140
--- 验证集 [epoch 60] ---
  准确率 (Accuracy):  0.7123
  精确率 (Precision): 0.5685
  召回率 (Recall):    0.5583
  F1 分数 (F1):       0.5368
✅ 模型已保存到 /home/kudouzala/Application/ion_detect/output/trained_model_save/exp_new_f_num_tp2/trained_model_epoch_best.pth
  🏆 新最佳 F1=0.5368，已保存 best 模型
[New] Epoch 61/1000 | classify: 2.8147 | voltage: 0.2499 | conc: 0.0007 | consistency: 0.2769 | polarity: 3.4265 | monodec: 0.0688 | rule: 233.9145 | group: 1.7993 | tree: 5.4928 | total: 2.9493
[New] Epoch 62/1000 | classify: 2.9024 | voltage: 0.2525 | conc: 0.0007 | consistency: 0.2654 | polarity: 3.4544 | monodec: 0.0675 | rule: 223.5161 | group: 1.9426 | tree: 5.8013 | total: 3.0322
[New] Epoch 63/1000 | classify: 2.7698 | voltage: 0.2519 | conc: 0.0009 | consistency: 0.2615 | polarity: 3.4308 | monodec: 0.0667 | rule: 194.0461 | group: 1.9543 | tree: 5.6886 | total: 2.8849
[New] Epoch 64/1000 | classify: 2.6127 | voltage: 0.2504 | conc: 0.0006 | consistency: 0.2705 | polarity: 3.3254 | monodec: 0.0657 | rule: 208.7113 | group: 1.7405 | tree: 5.3890 | total: 2.7346
[New] Epoch 65/1000 | classify: 2.6136 | voltage: 0.2267 | conc: 0.0007 | consistency: 0.2598 | polarity: 3.3596 | monodec: 0.0620 | rule: 217.6364 | group: 1.8184 | tree: 5.4392 | total: 2.7389
[New] Epoch 66/1000 | classify: 2.7207 | voltage: 0.2344 | conc: 0.0006 | consistency: 0.2669 | polarity: 3.4070 | monodec: 0.0677 | rule: 203.2005 | group: 1.8192 | tree: 5.5157 | total: 2.8392
[New] Epoch 67/1000 | classify: 2.9005 | voltage: 0.2385 | conc: 0.0007 | consistency: 0.2474 | polarity: 3.4356 | monodec: 0.0605 | rule: 202.2695 | group: 1.9244 | tree: 5.6662 | total: 3.0188
[New] Epoch 68/1000 | classify: 2.8861 | voltage: 0.2233 | conc: 0.0007 | consistency: 0.2645 | polarity: 3.3831 | monodec: 0.0685 | rule: 192.3447 | group: 1.8499 | tree: 5.6035 | total: 2.9987
[New] Epoch 69/1000 | classify: 2.7853 | voltage: 0.2375 | conc: 0.0008 | consistency: 0.2543 | polarity: 3.4232 | monodec: 0.0622 | rule: 214.3342 | group: 1.9221 | tree: 5.8573 | total: 2.9098
[New] Epoch 70/1000 | classify: 2.4163 | voltage: 0.2214 | conc: 0.0007 | consistency: 0.2750 | polarity: 3.1895 | monodec: 0.0670 | rule: 242.0452 | group: 1.7362 | tree: 5.1425 | total: 2.5534
--- 验证集 [epoch 70] ---
  准确率 (Accuracy):  0.7329
  精确率 (Precision): 0.5710
  召回率 (Recall):    0.5969
  F1 分数 (F1):       0.5602
✅ 模型已保存到 /home/kudouzala/Application/ion_detect/output/trained_model_save/exp_new_f_num_tp2/trained_model_epoch_best.pth
  🏆 新最佳 F1=0.5602，已保存 best 模型
[New] Epoch 71/1000 | classify: 2.6421 | voltage: 0.2211 | conc: 0.0010 | consistency: 0.2642 | polarity: 3.3130 | monodec: 0.0643 | rule: 205.1242 | group: 1.8519 | tree: 5.6983 | total: 2.7613
[New] Epoch 72/1000 | classify: 2.4829 | voltage: 0.2247 | conc: 0.0010 | consistency: 0.2568 | polarity: 3.1981 | monodec: 0.0620 | rule: 211.0354 | group: 1.8387 | tree: 5.4337 | total: 2.6051
[New] Epoch 73/1000 | classify: 2.6449 | voltage: 0.2178 | conc: 0.0011 | consistency: 0.2474 | polarity: 3.3427 | monodec: 0.0626 | rule: 237.0085 | group: 1.8579 | tree: 5.4869 | total: 2.7798
[New] Epoch 74/1000 | classify: 2.7514 | voltage: 0.2227 | conc: 0.0007 | consistency: 0.2588 | polarity: 3.2592 | monodec: 0.0637 | rule: 217.7337 | group: 1.8867 | tree: 5.8082 | total: 2.8768
[New] Epoch 75/1000 | classify: 2.6634 | voltage: 0.2242 | conc: 0.0008 | consistency: 0.2581 | polarity: 3.2297 | monodec: 0.0606 | rule: 254.4571 | group: 1.8146 | tree: 5.5067 | total: 2.8072
[New] Epoch 76/1000 | classify: 2.6236 | voltage: 0.1834 | conc: 0.0008 | consistency: 0.2470 | polarity: 3.0725 | monodec: 0.0491 | rule: 221.1513 | group: 1.8268 | tree: 5.2418 | total: 2.7484
[New] Epoch 77/1000 | classify: 2.6578 | voltage: 0.1739 | conc: 0.0007 | consistency: 0.2545 | polarity: 3.2319 | monodec: 0.0551 | rule: 239.6953 | group: 1.8647 | tree: 5.5088 | total: 2.7915
[New] Epoch 78/1000 | classify: 2.6300 | voltage: 0.1981 | conc: 0.0007 | consistency: 0.2537 | polarity: 3.2573 | monodec: 0.0552 | rule: 237.4234 | group: 1.8216 | tree: 5.5049 | total: 2.7638
[New] Epoch 79/1000 | classify: 2.6554 | voltage: 0.2165 | conc: 0.0008 | consistency: 0.2464 | polarity: 3.3652 | monodec: 0.0533 | rule: 209.4580 | group: 1.9240 | tree: 5.9618 | total: 2.7765
[New] Epoch 80/1000 | classify: 2.4911 | voltage: 0.2188 | conc: 0.0007 | consistency: 0.2408 | polarity: 3.2294 | monodec: 0.0463 | rule: 257.3368 | group: 1.6958 | tree: 5.2982 | total: 2.6357
--- 验证集 [epoch 80] ---
  准确率 (Accuracy):  0.7123
  精确率 (Precision): 0.6981
  召回率 (Recall):    0.6640
  F1 分数 (F1):       0.6516
✅ 模型已保存到 /home/kudouzala/Application/ion_detect/output/trained_model_save/exp_new_f_num_tp2/trained_model_epoch_best.pth
  🏆 新最佳 F1=0.6516，已保存 best 模型
[New] Epoch 81/1000 | classify: 2.6260 | voltage: 0.2131 | conc: 0.0007 | consistency: 0.2503 | polarity: 3.3355 | monodec: 0.0562 | rule: 225.8885 | group: 1.8571 | tree: 5.6791 | total: 2.7549
[New] Epoch 82/1000 | classify: 2.6107 | voltage: 0.1948 | conc: 0.0008 | consistency: 0.2456 | polarity: 3.4368 | monodec: 0.0539 | rule: 232.0225 | group: 1.8699 | tree: 5.7977 | total: 2.7419
[New] Epoch 83/1000 | classify: 2.7571 | voltage: 0.2115 | conc: 0.0011 | consistency: 0.2427 | polarity: 3.4237 | monodec: 0.0527 | rule: 230.0085 | group: 1.8984 | tree: 5.6314 | total: 2.8884
[New] Epoch 84/1000 | classify: 2.6011 | voltage: 0.2116 | conc: 0.0009 | consistency: 0.2520 | polarity: 3.3597 | monodec: 0.0604 | rule: 229.6991 | group: 1.8905 | tree: 5.9171 | total: 2.7321
[New] Epoch 85/1000 | classify: 2.5560 | voltage: 0.2055 | conc: 0.0009 | consistency: 0.2502 | polarity: 3.1994 | monodec: 0.0510 | rule: 241.6333 | group: 1.9043 | tree: 5.5667 | total: 2.6925
[New] Epoch 86/1000 | classify: 2.4613 | voltage: 0.2240 | conc: 0.0009 | consistency: 0.2532 | polarity: 3.1224 | monodec: 0.0520 | rule: 217.7517 | group: 1.8384 | tree: 5.5160 | total: 2.5868
[New] Epoch 87/1000 | classify: 2.5641 | voltage: 0.2426 | conc: 0.0008 | consistency: 0.2533 | polarity: 3.1833 | monodec: 0.0552 | rule: 209.5238 | group: 1.8561 | tree: 5.6139 | total: 2.6863
[New] Epoch 88/1000 | classify: 2.6455 | voltage: 0.2241 | conc: 0.0009 | consistency: 0.2398 | polarity: 3.3084 | monodec: 0.0514 | rule: 223.6138 | group: 1.9386 | tree: 5.8114 | total: 2.7742
[New] Epoch 89/1000 | classify: 2.5207 | voltage: 0.2290 | conc: 0.0007 | consistency: 0.2388 | polarity: 3.2412 | monodec: 0.0458 | rule: 225.4370 | group: 1.8719 | tree: 5.9120 | total: 2.6502
[New] Epoch 90/1000 | classify: 2.4056 | voltage: 0.2171 | conc: 0.0011 | consistency: 0.2449 | polarity: 3.1868 | monodec: 0.0482 | rule: 228.7689 | group: 1.8770 | tree: 5.5745 | total: 2.5364
--- 验证集 [epoch 90] ---
  准确率 (Accuracy):  0.7329
  精确率 (Precision): 0.6390
  召回率 (Recall):    0.6251
  F1 分数 (F1):       0.6245
[New] Epoch 91/1000 | classify: 2.4405 | voltage: 0.2236 | conc: 0.0006 | consistency: 0.2443 | polarity: 3.1044 | monodec: 0.0522 | rule: 235.1028 | group: 1.7906 | tree: 5.3619 | total: 2.5742
[New] Epoch 92/1000 | classify: 2.2990 | voltage: 0.1987 | conc: 0.0008 | consistency: 0.2411 | polarity: 3.0694 | monodec: 0.0496 | rule: 202.1645 | group: 1.7589 | tree: 5.3363 | total: 2.4151
[New] Epoch 93/1000 | classify: 2.4347 | voltage: 0.2044 | conc: 0.0009 | consistency: 0.2331 | polarity: 3.0979 | monodec: 0.0439 | rule: 232.2864 | group: 1.7750 | tree: 5.4427 | total: 2.5663
[New] Epoch 94/1000 | classify: 2.4712 | voltage: 0.2091 | conc: 0.0010 | consistency: 0.2414 | polarity: 3.0827 | monodec: 0.0496 | rule: 218.8206 | group: 1.7642 | tree: 5.4756 | total: 2.5964
[New] Epoch 95/1000 | classify: 2.4851 | voltage: 0.2114 | conc: 0.0008 | consistency: 0.2317 | polarity: 3.0825 | monodec: 0.0436 | rule: 223.9998 | group: 1.8321 | tree: 5.7839 | total: 2.6131
[New] Epoch 96/1000 | classify: 2.4509 | voltage: 0.2358 | conc: 0.0008 | consistency: 0.2370 | polarity: 3.0366 | monodec: 0.0466 | rule: 227.0625 | group: 1.8962 | tree: 5.6914 | total: 2.5816
[New] Epoch 97/1000 | classify: 2.7141 | voltage: 0.2312 | conc: 0.0008 | consistency: 0.2408 | polarity: 3.1350 | monodec: 0.0504 | rule: 215.5891 | group: 1.9884 | tree: 5.9412 | total: 2.8390
[New] Epoch 98/1000 | classify: 2.3735 | voltage: 0.2477 | conc: 0.0007 | consistency: 0.2353 | polarity: 2.9316 | monodec: 0.0408 | rule: 217.4816 | group: 1.8296 | tree: 5.7413 | total: 2.4999
[New] Epoch 99/1000 | classify: 2.3295 | voltage: 0.2299 | conc: 0.0007 | consistency: 0.2320 | polarity: 2.8660 | monodec: 0.0450 | rule: 218.1898 | group: 1.8638 | tree: 5.4275 | total: 2.4552
[New] Epoch 100/1000 | classify: 2.5053 | voltage: 0.2423 | conc: 0.0008 | consistency: 0.2309 | polarity: 2.8996 | monodec: 0.0399 | rule: 231.7404 | group: 1.9335 | tree: 5.8318 | total: 2.6387
--- 验证集 [epoch 100] ---
  准确率 (Accuracy):  0.7055
  精确率 (Precision): 0.6328
  召回率 (Recall):    0.6253
  F1 分数 (F1):       0.6152
✅ 模型已保存到 /home/kudouzala/Application/ion_detect/output/trained_model_save/exp_new_f_num_tp2/trained_model_epoch_100.pth
📁 损失值已保存到 /home/kudouzala/Application/ion_detect/output/trained_model_save/exp_new_f_num_tp2/training_loss_epoch_100.csv
[New] Epoch 101/1000 | classify: 2.1784 | voltage: 0.2193 | conc: 0.0011 | consistency: 0.2371 | polarity: 2.8363 | monodec: 0.0411 | rule: 220.4969 | group: 1.9131 | tree: 5.6765 | total: 2.3052
[New] Epoch 102/1000 | classify: 2.2175 | voltage: 0.2284 | conc: 0.0009 | consistency: 0.2364 | polarity: 2.7350 | monodec: 0.0413 | rule: 215.3925 | group: 1.8549 | tree: 5.6750 | total: 2.3419
[New] Epoch 103/1000 | classify: 2.3030 | voltage: 0.2418 | conc: 0.0009 | consistency: 0.2258 | polarity: 2.7989 | monodec: 0.0366 | rule: 220.7197 | group: 1.8847 | tree: 5.6147 | total: 2.4308
[New] Epoch 104/1000 | classify: 2.3890 | voltage: 0.2302 | conc: 0.0009 | consistency: 0.2245 | polarity: 2.7575 | monodec: 0.0384 | rule: 225.4288 | group: 1.8859 | tree: 5.7463 | total: 2.5186
[New] Epoch 105/1000 | classify: 2.4096 | voltage: 0.2446 | conc: 0.0009 | consistency: 0.2330 | polarity: 2.8022 | monodec: 0.0435 | rule: 235.2693 | group: 1.9362 | tree: 6.0511 | total: 2.5451
[New] Epoch 106/1000 | classify: 2.4023 | voltage: 0.2422 | conc: 0.0010 | consistency: 0.2282 | polarity: 2.8130 | monodec: 0.0396 | rule: 243.6426 | group: 1.9532 | tree: 5.8268 | total: 2.5419
[New] Epoch 107/1000 | classify: 2.1680 | voltage: 0.2479 | conc: 0.0007 | consistency: 0.2293 | polarity: 2.7068 | monodec: 0.0364 | rule: 223.5121 | group: 1.8340 | tree: 5.5942 | total: 2.2973
[New] Epoch 108/1000 | classify: 2.3839 | voltage: 0.2611 | conc: 0.0010 | consistency: 0.2271 | polarity: 2.7731 | monodec: 0.0371 | rule: 227.2756 | group: 1.9573 | tree: 5.9663 | total: 2.5162
[New] Epoch 109/1000 | classify: 2.1705 | voltage: 0.2417 | conc: 0.0006 | consistency: 0.2277 | polarity: 2.5603 | monodec: 0.0336 | rule: 225.4119 | group: 1.7799 | tree: 5.3252 | total: 2.3000
[New] Epoch 110/1000 | classify: 2.2641 | voltage: 0.2505 | conc: 0.0011 | consistency: 0.2295 | polarity: 2.6574 | monodec: 0.0361 | rule: 240.6655 | group: 1.9149 | tree: 5.7641 | total: 2.4026
--- 验证集 [epoch 110] ---
  准确率 (Accuracy):  0.7603
  精确率 (Precision): 0.6917
  召回率 (Recall):    0.6299
  F1 分数 (F1):       0.6252
[New] Epoch 111/1000 | classify: 2.1299 | voltage: 0.2476 | conc: 0.0004 | consistency: 0.2207 | polarity: 2.4669 | monodec: 0.0294 | rule: 227.6931 | group: 1.7780 | tree: 5.3845 | total: 2.2607
[New] Epoch 112/1000 | classify: 2.3229 | voltage: 0.2292 | conc: 0.0012 | consistency: 0.2203 | polarity: 2.6042 | monodec: 0.0321 | rule: 226.3537 | group: 1.8966 | tree: 5.7317 | total: 2.4531
[New] Epoch 113/1000 | classify: 2.1242 | voltage: 0.2442 | conc: 0.0009 | consistency: 0.2166 | polarity: 2.5990 | monodec: 0.0303 | rule: 205.6250 | group: 1.9088 | tree: 5.5000 | total: 2.2445
[New] Epoch 114/1000 | classify: 2.1715 | voltage: 0.2394 | conc: 0.0008 | consistency: 0.2182 | polarity: 2.6182 | monodec: 0.0319 | rule: 227.7021 | group: 1.8465 | tree: 5.4811 | total: 2.3024
[New] Epoch 115/1000 | classify: 2.1388 | voltage: 0.2372 | conc: 0.0006 | consistency: 0.2164 | polarity: 2.5375 | monodec: 0.0297 | rule: 220.9365 | group: 1.8105 | tree: 5.7023 | total: 2.2661
[New] Epoch 116/1000 | classify: 2.3530 | voltage: 0.2454 | conc: 0.0012 | consistency: 0.2190 | polarity: 2.6158 | monodec: 0.0330 | rule: 226.0548 | group: 1.9490 | tree: 5.9109 | total: 2.4841
[New] Epoch 117/1000 | classify: 2.1873 | voltage: 0.2495 | conc: 0.0008 | consistency: 0.2217 | polarity: 2.4738 | monodec: 0.0281 | rule: 218.2191 | group: 1.8370 | tree: 5.7404 | total: 2.3141
[New] Epoch 118/1000 | classify: 2.0654 | voltage: 0.2533 | conc: 0.0007 | consistency: 0.2161 | polarity: 2.5183 | monodec: 0.0285 | rule: 191.6135 | group: 1.8955 | tree: 5.5712 | total: 2.1789
[New] Epoch 119/1000 | classify: 2.3857 | voltage: 0.2432 | conc: 0.0009 | consistency: 0.2164 | polarity: 2.6013 | monodec: 0.0298 | rule: 236.1121 | group: 1.9980 | tree: 6.1208 | total: 2.5215
[New] Epoch 120/1000 | classify: 2.2032 | voltage: 0.2497 | conc: 0.0009 | consistency: 0.2193 | polarity: 2.5993 | monodec: 0.0287 | rule: 221.8583 | group: 1.9333 | tree: 6.0601 | total: 2.3321
--- 验证集 [epoch 120] ---
  准确率 (Accuracy):  0.7603
  精确率 (Precision): 0.6626
  召回率 (Recall):    0.6459
  F1 分数 (F1):       0.6452
[New] Epoch 121/1000 | classify: 2.0635 | voltage: 0.2623 | conc: 0.0009 | consistency: 0.2182 | polarity: 2.5215 | monodec: 0.0269 | rule: 223.0539 | group: 1.8702 | tree: 5.5543 | total: 2.1934
[New] Epoch 122/1000 | classify: 2.1239 | voltage: 0.2578 | conc: 0.0010 | consistency: 0.2157 | polarity: 2.5658 | monodec: 0.0253 | rule: 230.9437 | group: 1.9784 | tree: 5.9015 | total: 2.2579
[New] Epoch 123/1000 | classify: 2.1152 | voltage: 0.2385 | conc: 0.0007 | consistency: 0.2221 | polarity: 2.5419 | monodec: 0.0291 | rule: 250.4545 | group: 1.8522 | tree: 5.6779 | total: 2.2575
[New] Epoch 124/1000 | classify: 2.2059 | voltage: 0.2508 | conc: 0.0007 | consistency: 0.2160 | polarity: 2.4471 | monodec: 0.0275 | rule: 205.4404 | group: 1.8456 | tree: 5.6006 | total: 2.3262
[New] Epoch 125/1000 | classify: 2.0094 | voltage: 0.2435 | conc: 0.0007 | consistency: 0.2141 | polarity: 2.4374 | monodec: 0.0250 | rule: 239.8586 | group: 1.8264 | tree: 5.5595 | total: 2.1465
[New] Epoch 126/1000 | classify: 2.2401 | voltage: 0.2474 | conc: 0.0010 | consistency: 0.2126 | polarity: 2.5389 | monodec: 0.0232 | rule: 217.9466 | group: 1.9904 | tree: 6.1111 | total: 2.3671
[New] Epoch 127/1000 | classify: 2.0524 | voltage: 0.2357 | conc: 0.0009 | consistency: 0.2154 | polarity: 2.4457 | monodec: 0.0244 | rule: 227.6159 | group: 1.8514 | tree: 5.3909 | total: 2.1831
[New] Epoch 128/1000 | classify: 1.9799 | voltage: 0.2560 | conc: 0.0007 | consistency: 0.2133 | polarity: 2.4034 | monodec: 0.0214 | rule: 223.9669 | group: 1.8243 | tree: 5.1363 | total: 2.1095
[New] Epoch 129/1000 | classify: 2.1037 | voltage: 0.2460 | conc: 0.0008 | consistency: 0.2146 | polarity: 2.5350 | monodec: 0.0225 | rule: 219.1555 | group: 1.9486 | tree: 5.7912 | total: 2.2308
[New] Epoch 130/1000 | classify: 2.2150 | voltage: 0.2529 | conc: 0.0008 | consistency: 0.2169 | polarity: 2.4598 | monodec: 0.0252 | rule: 235.7992 | group: 1.9336 | tree: 5.8906 | total: 2.3509
--- 验证集 [epoch 130] ---
  准确率 (Accuracy):  0.7055
  精确率 (Precision): 0.6853
  召回率 (Recall):    0.6379
  F1 分数 (F1):       0.6346
[New] Epoch 131/1000 | classify: 2.2121 | voltage: 0.2554 | conc: 0.0011 | consistency: 0.2144 | polarity: 2.5176 | monodec: 0.0234 | rule: 212.0175 | group: 2.0194 | tree: 6.0450 | total: 2.3366
[New] Epoch 132/1000 | classify: 1.9565 | voltage: 0.2685 | conc: 0.0007 | consistency: 0.2166 | polarity: 2.3773 | monodec: 0.0220 | rule: 227.6612 | group: 1.8233 | tree: 5.5729 | total: 2.0887
[New] Epoch 133/1000 | classify: 2.0010 | voltage: 0.2546 | conc: 0.0011 | consistency: 0.2148 | polarity: 2.5059 | monodec: 0.0210 | rule: 234.2436 | group: 1.9876 | tree: 6.0154 | total: 2.1366
[New] Epoch 134/1000 | classify: 2.1827 | voltage: 0.2479 | conc: 0.0010 | consistency: 0.2094 | polarity: 2.4311 | monodec: 0.0166 | rule: 249.8007 | group: 1.8906 | tree: 5.7806 | total: 2.3254
[New] Epoch 135/1000 | classify: 2.2285 | voltage: 0.2555 | conc: 0.0012 | consistency: 0.2119 | polarity: 2.4990 | monodec: 0.0192 | rule: 248.8872 | group: 1.9740 | tree: 5.9529 | total: 2.3715
[New] Epoch 136/1000 | classify: 2.1274 | voltage: 0.2789 | conc: 0.0008 | consistency: 0.2138 | polarity: 2.4366 | monodec: 0.0189 | rule: 252.3538 | group: 1.8523 | tree: 5.3603 | total: 2.2726
[New] Epoch 137/1000 | classify: 2.0662 | voltage: 0.2540 | conc: 0.0011 | consistency: 0.2157 | polarity: 2.4732 | monodec: 0.0182 | rule: 213.5076 | group: 1.9114 | tree: 5.6271 | total: 2.1911
[New] Epoch 138/1000 | classify: 1.9377 | voltage: 0.2520 | conc: 0.0007 | consistency: 0.2161 | polarity: 2.4398 | monodec: 0.0175 | rule: 233.1552 | group: 1.8604 | tree: 5.6538 | total: 2.0720
[New] Epoch 139/1000 | classify: 2.1272 | voltage: 0.2444 | conc: 0.0010 | consistency: 0.2101 | polarity: 2.4683 | monodec: 0.0163 | rule: 232.3595 | group: 1.9601 | tree: 5.5982 | total: 2.2610
[New] Epoch 140/1000 | classify: 2.0684 | voltage: 0.2506 | conc: 0.0008 | consistency: 0.2115 | polarity: 2.4017 | monodec: 0.0157 | rule: 219.7344 | group: 1.8635 | tree: 5.3094 | total: 2.1957
--- 验证集 [epoch 140] ---
  准确率 (Accuracy):  0.7671
  精确率 (Precision): 0.6665
  召回率 (Recall):    0.6466
  F1 分数 (F1):       0.6464
[New] Epoch 141/1000 | classify: 2.0583 | voltage: 0.2700 | conc: 0.0007 | consistency: 0.2116 | polarity: 2.3824 | monodec: 0.0156 | rule: 205.3206 | group: 1.8503 | tree: 5.4920 | total: 2.1794
[New] Epoch 142/1000 | classify: 2.0852 | voltage: 0.2513 | conc: 0.0008 | consistency: 0.2120 | polarity: 2.4229 | monodec: 0.0158 | rule: 220.6590 | group: 1.9010 | tree: 5.5691 | total: 2.2132
[New] Epoch 143/1000 | classify: 1.9145 | voltage: 0.2504 | conc: 0.0007 | consistency: 0.2112 | polarity: 2.4047 | monodec: 0.0149 | rule: 224.3236 | group: 1.8590 | tree: 5.5457 | total: 2.0442
[New] Epoch 144/1000 | classify: 2.2356 | voltage: 0.2567 | conc: 0.0009 | consistency: 0.2113 | polarity: 2.5496 | monodec: 0.0155 | rule: 226.5519 | group: 2.0785 | tree: 6.2509 | total: 2.3675
[New] Epoch 145/1000 | classify: 2.0460 | voltage: 0.2736 | conc: 0.0008 | consistency: 0.2140 | polarity: 2.4630 | monodec: 0.0147 | rule: 224.2564 | group: 1.9434 | tree: 5.7043 | total: 2.1771
[New] Epoch 146/1000 | classify: 2.1137 | voltage: 0.2736 | conc: 0.0006 | consistency: 0.2136 | polarity: 2.4340 | monodec: 0.0150 | rule: 219.3826 | group: 1.9232 | tree: 5.6392 | total: 2.2421
[New] Epoch 147/1000 | classify: 1.9589 | voltage: 0.2612 | conc: 0.0011 | consistency: 0.2119 | polarity: 2.4361 | monodec: 0.0134 | rule: 219.1383 | group: 1.9364 | tree: 5.7282 | total: 2.0871
[New] Epoch 148/1000 | classify: 2.1700 | voltage: 0.2623 | conc: 0.0010 | consistency: 0.2133 | polarity: 2.4665 | monodec: 0.0135 | rule: 250.1449 | group: 1.9236 | tree: 5.7275 | total: 2.3135
[New] Epoch 149/1000 | classify: 2.0950 | voltage: 0.2654 | conc: 0.0009 | consistency: 0.2113 | polarity: 2.4388 | monodec: 0.0127 | rule: 226.6983 | group: 1.9293 | tree: 5.7050 | total: 2.2269
[New] Epoch 150/1000 | classify: 2.0100 | voltage: 0.2670 | conc: 0.0011 | consistency: 0.2143 | polarity: 2.4869 | monodec: 0.0128 | rule: 242.6148 | group: 1.9961 | tree: 5.9952 | total: 2.1503
--- 验证集 [epoch 150] ---
  准确率 (Accuracy):  0.5205
  精确率 (Precision): 0.4968
  召回率 (Recall):    0.5444
  F1 分数 (F1):       0.4843
✅ 模型已保存到 /home/kudouzala/Application/ion_detect/output/trained_model_save/exp_new_f_num_tp2/trained_model_epoch_150.pth
📁 损失值已保存到 /home/kudouzala/Application/ion_detect/output/trained_model_save/exp_new_f_num_tp2/training_loss_epoch_150.csv
[New] Epoch 151/1000 | classify: 2.1863 | voltage: 0.2739 | conc: 0.0008 | consistency: 0.2151 | polarity: 2.4542 | monodec: 0.0123 | rule: 224.9134 | group: 1.9684 | tree: 6.0516 | total: 2.3179
[New] Epoch 152/1000 | classify: 2.0523 | voltage: 0.2660 | conc: 0.0010 | consistency: 0.2159 | polarity: 2.4841 | monodec: 0.0124 | rule: 231.9769 | group: 1.9896 | tree: 5.8207 | total: 2.1871
[New] Epoch 153/1000 | classify: 2.1074 | voltage: 0.2889 | conc: 0.0009 | consistency: 0.2149 | polarity: 2.4425 | monodec: 0.0103 | rule: 243.9591 | group: 1.9134 | tree: 5.5318 | total: 2.2491
[New] Epoch 154/1000 | classify: 2.0750 | voltage: 0.2795 | conc: 0.0012 | consistency: 0.2147 | polarity: 2.4606 | monodec: 0.0113 | rule: 220.8208 | group: 2.0315 | tree: 5.9528 | total: 2.2052
[New] Epoch 155/1000 | classify: 2.0145 | voltage: 0.2585 | conc: 0.0009 | consistency: 0.2166 | polarity: 2.3928 | monodec: 0.0106 | rule: 245.9373 | group: 1.8234 | tree: 5.4568 | total: 2.1555
[New] Epoch 156/1000 | classify: 2.1025 | voltage: 0.2671 | conc: 0.0010 | consistency: 0.2130 | polarity: 2.4192 | monodec: 0.0084 | rule: 214.9947 | group: 1.9489 | tree: 5.6771 | total: 2.2287
[New] Epoch 157/1000 | classify: 2.0051 | voltage: 0.2705 | conc: 0.0006 | consistency: 0.2134 | polarity: 2.3926 | monodec: 0.0092 | rule: 221.7486 | group: 1.8848 | tree: 5.5459 | total: 2.1344
[New] Epoch 158/1000 | classify: 2.0887 | voltage: 0.2770 | conc: 0.0006 | consistency: 0.2138 | polarity: 2.3995 | monodec: 0.0098 | rule: 228.4243 | group: 1.8992 | tree: 5.4658 | total: 2.2216
[New] Epoch 159/1000 | classify: 2.0631 | voltage: 0.2819 | conc: 0.0008 | consistency: 0.2143 | polarity: 2.4019 | monodec: 0.0095 | rule: 215.3179 | group: 1.9516 | tree: 5.6185 | total: 2.1900
[New] Epoch 160/1000 | classify: 1.9132 | voltage: 0.2643 | conc: 0.0004 | consistency: 0.2150 | polarity: 2.3404 | monodec: 0.0092 | rule: 210.0530 | group: 1.8368 | tree: 5.6376 | total: 2.0361
--- 验证集 [epoch 160] ---
  准确率 (Accuracy):  0.8082
  精确率 (Precision): 0.7398
  召回率 (Recall):    0.7055
  F1 分数 (F1):       0.7083
✅ 模型已保存到 /home/kudouzala/Application/ion_detect/output/trained_model_save/exp_new_f_num_tp2/trained_model_epoch_best.pth
  🏆 新最佳 F1=0.7083，已保存 best 模型
[New] Epoch 161/1000 | classify: 2.0473 | voltage: 0.2795 | conc: 0.0011 | consistency: 0.2153 | polarity: 2.4655 | monodec: 0.0082 | rule: 224.6581 | group: 2.0034 | tree: 6.0994 | total: 2.1794
[New] Epoch 162/1000 | classify: 2.1141 | voltage: 0.2610 | conc: 0.0009 | consistency: 0.2179 | polarity: 2.4233 | monodec: 0.0092 | rule: 228.4220 | group: 1.9276 | tree: 5.5410 | total: 2.2465
[New] Epoch 163/1000 | classify: 1.8906 | voltage: 0.2617 | conc: 0.0007 | consistency: 0.2165 | polarity: 2.3556 | monodec: 0.0080 | rule: 234.6511 | group: 1.8325 | tree: 5.7982 | total: 2.0261
[New] Epoch 164/1000 | classify: 2.0970 | voltage: 0.2585 | conc: 0.0009 | consistency: 0.2157 | polarity: 2.4531 | monodec: 0.0076 | rule: 238.3756 | group: 1.9121 | tree: 5.7446 | total: 2.2345
[New] Epoch 165/1000 | classify: 1.9182 | voltage: 0.2723 | conc: 0.0011 | consistency: 0.2172 | polarity: 2.4057 | monodec: 0.0077 | rule: 218.6252 | group: 1.9509 | tree: 5.7536 | total: 2.0467
[New] Epoch 166/1000 | classify: 2.0949 | voltage: 0.2747 | conc: 0.0010 | consistency: 0.2185 | polarity: 2.4636 | monodec: 0.0082 | rule: 239.0879 | group: 1.9875 | tree: 5.9576 | total: 2.2338
[New] Epoch 167/1000 | classify: 2.1242 | voltage: 0.2905 | conc: 0.0008 | consistency: 0.2171 | polarity: 2.3897 | monodec: 0.0069 | rule: 226.9566 | group: 1.8777 | tree: 5.6048 | total: 2.2574
[New] Epoch 168/1000 | classify: 2.0472 | voltage: 0.2800 | conc: 0.0011 | consistency: 0.2184 | polarity: 2.4672 | monodec: 0.0066 | rule: 213.0003 | group: 2.0557 | tree: 5.9368 | total: 2.1734
[New] Epoch 169/1000 | classify: 2.0126 | voltage: 0.2816 | conc: 0.0008 | consistency: 0.2192 | polarity: 2.3432 | monodec: 0.0066 | rule: 239.0984 | group: 1.8515 | tree: 5.5946 | total: 2.1513
[New] Epoch 170/1000 | classify: 2.1156 | voltage: 0.2754 | conc: 0.0008 | consistency: 0.2209 | polarity: 2.4472 | monodec: 0.0075 | rule: 231.8902 | group: 1.9703 | tree: 5.7390 | total: 2.2506
--- 验证集 [epoch 170] ---
  准确率 (Accuracy):  0.7466
  精确率 (Precision): 0.6721
  召回率 (Recall):    0.6151
  F1 分数 (F1):       0.6226
[New] Epoch 171/1000 | classify: 2.1349 | voltage: 0.2723 | conc: 0.0011 | consistency: 0.2208 | polarity: 2.4948 | monodec: 0.0063 | rule: 236.7540 | group: 2.0040 | tree: 6.0768 | total: 2.2726
[New] Epoch 172/1000 | classify: 2.1776 | voltage: 0.2792 | conc: 0.0008 | consistency: 0.2200 | polarity: 2.4524 | monodec: 0.0063 | rule: 241.4902 | group: 2.0014 | tree: 5.6267 | total: 2.3175
[New] Epoch 173/1000 | classify: 2.0851 | voltage: 0.2930 | conc: 0.0011 | consistency: 0.2220 | polarity: 2.4797 | monodec: 0.0057 | rule: 241.8372 | group: 1.9913 | tree: 5.8795 | total: 2.2263
[New] Epoch 174/1000 | classify: 1.9298 | voltage: 0.2945 | conc: 0.0008 | consistency: 0.2219 | polarity: 2.3800 | monodec: 0.0060 | rule: 238.3829 | group: 1.9162 | tree: 5.3837 | total: 2.0687
[New] Epoch 175/1000 | classify: 2.0165 | voltage: 0.2673 | conc: 0.0005 | consistency: 0.2215 | polarity: 2.3962 | monodec: 0.0059 | rule: 236.2290 | group: 1.8766 | tree: 5.7902 | total: 2.1529
[New] Epoch 176/1000 | classify: 1.8007 | voltage: 0.2570 | conc: 0.0009 | consistency: 0.2217 | polarity: 2.3876 | monodec: 0.0053 | rule: 243.7347 | group: 1.8494 | tree: 5.3814 | total: 1.9406
[New] Epoch 177/1000 | classify: 2.0597 | voltage: 0.2614 | conc: 0.0009 | consistency: 0.2222 | polarity: 2.4079 | monodec: 0.0061 | rule: 243.0975 | group: 1.9075 | tree: 5.6014 | total: 2.1995
[New] Epoch 178/1000 | classify: 2.0491 | voltage: 0.2739 | conc: 0.0008 | consistency: 0.2223 | polarity: 2.3922 | monodec: 0.0048 | rule: 229.5907 | group: 1.8954 | tree: 5.7118 | total: 2.1828
[New] Epoch 179/1000 | classify: 1.9435 | voltage: 0.2730 | conc: 0.0009 | consistency: 0.2217 | polarity: 2.4481 | monodec: 0.0045 | rule: 230.5129 | group: 1.9535 | tree: 5.7559 | total: 2.0778
[New] Epoch 180/1000 | classify: 2.0217 | voltage: 0.2678 | conc: 0.0007 | consistency: 0.2226 | polarity: 2.3589 | monodec: 0.0040 | rule: 236.4748 | group: 1.8272 | tree: 5.5512 | total: 2.1583
--- 验证集 [epoch 180] ---
  准确率 (Accuracy):  0.7877
  精确率 (Precision): 0.7021
  召回率 (Recall):    0.6623
  F1 分数 (F1):       0.6723
[New] Epoch 181/1000 | classify: 2.1547 | voltage: 0.2850 | conc: 0.0013 | consistency: 0.2230 | polarity: 2.4771 | monodec: 0.0045 | rule: 215.7425 | group: 1.9895 | tree: 5.9259 | total: 2.2827
[New] Epoch 182/1000 | classify: 1.9205 | voltage: 0.2693 | conc: 0.0008 | consistency: 0.2238 | polarity: 2.4183 | monodec: 0.0044 | rule: 228.5566 | group: 1.8993 | tree: 5.6728 | total: 2.0535
[New] Epoch 183/1000 | classify: 1.9665 | voltage: 0.2688 | conc: 0.0008 | consistency: 0.2242 | polarity: 2.3986 | monodec: 0.0043 | rule: 257.1619 | group: 1.8784 | tree: 5.4208 | total: 2.1136
[New] Epoch 184/1000 | classify: 1.8749 | voltage: 0.2711 | conc: 0.0006 | consistency: 0.2237 | polarity: 2.3402 | monodec: 0.0036 | rule: 229.0356 | group: 1.8448 | tree: 5.3935 | total: 2.0078
[New] Epoch 185/1000 | classify: 2.0969 | voltage: 0.2737 | conc: 0.0007 | consistency: 0.2245 | polarity: 2.4213 | monodec: 0.0037 | rule: 247.4282 | group: 1.9140 | tree: 5.6305 | total: 2.2393
[New] Epoch 186/1000 | classify: 1.9132 | voltage: 0.2685 | conc: 0.0009 | consistency: 0.2248 | polarity: 2.4262 | monodec: 0.0038 | rule: 219.9942 | group: 1.9857 | tree: 5.6972 | total: 2.0420
[New] Epoch 187/1000 | classify: 2.0507 | voltage: 0.2889 | conc: 0.0007 | consistency: 0.2251 | polarity: 2.4466 | monodec: 0.0033 | rule: 230.6372 | group: 1.9817 | tree: 5.7479 | total: 2.1857
[New] Epoch 188/1000 | classify: 1.9798 | voltage: 0.2786 | conc: 0.0006 | consistency: 0.2263 | polarity: 2.4170 | monodec: 0.0037 | rule: 232.2730 | group: 1.8601 | tree: 5.5566 | total: 2.1148
[New] Epoch 189/1000 | classify: 1.8159 | voltage: 0.2850 | conc: 0.0014 | consistency: 0.2277 | polarity: 2.4324 | monodec: 0.0032 | rule: 244.6171 | group: 1.9452 | tree: 5.6761 | total: 1.9583
[New] Epoch 190/1000 | classify: 2.0153 | voltage: 0.2789 | conc: 0.0010 | consistency: 0.2261 | polarity: 2.4164 | monodec: 0.0033 | rule: 220.4903 | group: 1.9554 | tree: 5.8607 | total: 2.1450
--- 验证集 [epoch 190] ---
  准确率 (Accuracy):  0.7808
  精确率 (Precision): 0.7166
  召回率 (Recall):    0.6641
  F1 分数 (F1):       0.6496
[New] Epoch 191/1000 | classify: 1.9458 | voltage: 0.2626 | conc: 0.0008 | consistency: 0.2264 | polarity: 2.3919 | monodec: 0.0033 | rule: 230.3556 | group: 1.8222 | tree: 5.5433 | total: 2.0792
[New] Epoch 192/1000 | classify: 1.9531 | voltage: 0.2660 | conc: 0.0005 | consistency: 0.2267 | polarity: 2.4627 | monodec: 0.0036 | rule: 221.4668 | group: 1.9506 | tree: 5.7520 | total: 2.0821
[New] Epoch 193/1000 | classify: 2.0481 | voltage: 0.2680 | conc: 0.0009 | consistency: 0.2267 | polarity: 2.4284 | monodec: 0.0031 | rule: 248.3385 | group: 1.9328 | tree: 5.7784 | total: 2.1910
[New] Epoch 194/1000 | classify: 2.1845 | voltage: 0.2709 | conc: 0.0009 | consistency: 0.2269 | polarity: 2.4419 | monodec: 0.0032 | rule: 251.4710 | group: 1.8979 | tree: 5.6196 | total: 2.3290
[New] Epoch 195/1000 | classify: 1.9545 | voltage: 0.2715 | conc: 0.0005 | consistency: 0.2272 | polarity: 2.3786 | monodec: 0.0028 | rule: 227.7039 | group: 1.8628 | tree: 5.4428 | total: 2.0866
[New] Epoch 196/1000 | classify: 1.9316 | voltage: 0.2795 | conc: 0.0011 | consistency: 0.2278 | polarity: 2.3775 | monodec: 0.0032 | rule: 213.8160 | group: 1.9130 | tree: 5.7178 | total: 2.0580
[New] Epoch 197/1000 | classify: 1.9258 | voltage: 0.2598 | conc: 0.0009 | consistency: 0.2287 | polarity: 2.4239 | monodec: 0.0027 | rule: 236.1697 | group: 1.9496 | tree: 5.7567 | total: 2.0622
[New] Epoch 198/1000 | classify: 2.1096 | voltage: 0.2782 | conc: 0.0013 | consistency: 0.2301 | polarity: 2.5343 | monodec: 0.0029 | rule: 220.8023 | group: 2.0558 | tree: 5.9620 | total: 2.2398
[New] Epoch 199/1000 | classify: 2.0560 | voltage: 0.2700 | conc: 0.0011 | consistency: 0.2313 | polarity: 2.5036 | monodec: 0.0024 | rule: 249.5605 | group: 1.9724 | tree: 5.7148 | total: 2.1998
[New] Epoch 200/1000 | classify: 2.1348 | voltage: 0.2911 | conc: 0.0009 | consistency: 0.2325 | polarity: 2.5106 | monodec: 0.0024 | rule: 242.8626 | group: 1.9641 | tree: 5.6478 | total: 2.2762
--- 验证集 [epoch 200] ---
  准确率 (Accuracy):  0.7671
  精确率 (Precision): 0.6817
  召回率 (Recall):    0.6357
  F1 分数 (F1):       0.6460
✅ 模型已保存到 /home/kudouzala/Application/ion_detect/output/trained_model_save/exp_new_f_num_tp2/trained_model_epoch_200.pth
📁 损失值已保存到 /home/kudouzala/Application/ion_detect/output/trained_model_save/exp_new_f_num_tp2/training_loss_epoch_200.csv
[New] Epoch 201/1000 | classify: 2.0315 | voltage: 0.2982 | conc: 0.0009 | consistency: 0.2326 | polarity: 2.4552 | monodec: 0.0023 | rule: 238.7822 | group: 1.9399 | tree: 5.6474 | total: 2.1711
[New] Epoch 202/1000 | classify: 1.8766 | voltage: 0.2834 | conc: 0.0008 | consistency: 0.2332 | polarity: 2.3869 | monodec: 0.0020 | rule: 230.3469 | group: 1.8503 | tree: 5.3717 | total: 2.0109
[New] Epoch 203/1000 | classify: 1.9476 | voltage: 0.2796 | conc: 0.0008 | consistency: 0.2336 | polarity: 2.4217 | monodec: 0.0018 | rule: 205.1788 | group: 1.8802 | tree: 5.4832 | total: 2.0692
[New] Epoch 204/1000 | classify: 1.9977 | voltage: 0.2989 | conc: 0.0006 | consistency: 0.2342 | polarity: 2.4443 | monodec: 0.0020 | rule: 219.9647 | group: 1.9070 | tree: 5.4079 | total: 2.1275
[New] Epoch 205/1000 | classify: 1.9216 | voltage: 0.3045 | conc: 0.0010 | consistency: 0.2351 | polarity: 2.4229 | monodec: 0.0019 | rule: 221.3798 | group: 1.9036 | tree: 5.6145 | total: 2.0529
[New] Epoch 206/1000 | classify: 1.8696 | voltage: 0.2984 | conc: 0.0006 | consistency: 0.2343 | polarity: 2.3932 | monodec: 0.0016 | rule: 208.6112 | group: 1.8742 | tree: 5.6142 | total: 1.9938
[New] Epoch 207/1000 | classify: 2.0126 | voltage: 0.3111 | conc: 0.0009 | consistency: 0.2351 | polarity: 2.4590 | monodec: 0.0016 | rule: 221.8847 | group: 1.9771 | tree: 6.0608 | total: 2.1446
[New] Epoch 208/1000 | classify: 2.0308 | voltage: 0.2980 | conc: 0.0009 | consistency: 0.2363 | polarity: 2.4461 | monodec: 0.0015 | rule: 227.4731 | group: 1.9713 | tree: 5.6758 | total: 2.1647
[New] Epoch 209/1000 | classify: 2.0912 | voltage: 0.2993 | conc: 0.0012 | consistency: 0.2377 | polarity: 2.4726 | monodec: 0.0014 | rule: 254.4650 | group: 1.9545 | tree: 5.8082 | total: 2.2391
[New] Epoch 210/1000 | classify: 1.8242 | voltage: 0.3137 | conc: 0.0008 | consistency: 0.2382 | polarity: 2.3840 | monodec: 0.0013 | rule: 233.9807 | group: 1.8684 | tree: 5.4631 | total: 1.9619
--- 验证集 [epoch 210] ---
  准确率 (Accuracy):  0.7808
  精确率 (Precision): 0.7027
  召回率 (Recall):    0.6937
  F1 分数 (F1):       0.6911
[New] Epoch 211/1000 | classify: 2.0904 | voltage: 0.3093 | conc: 0.0011 | consistency: 0.2387 | polarity: 2.4453 | monodec: 0.0014 | rule: 212.7003 | group: 1.9601 | tree: 5.6613 | total: 2.2177
[New] Epoch 212/1000 | classify: 2.1996 | voltage: 0.3024 | conc: 0.0009 | consistency: 0.2393 | polarity: 2.4437 | monodec: 0.0014 | rule: 229.3613 | group: 1.9193 | tree: 5.7931 | total: 2.3348
[New] Epoch 213/1000 | classify: 2.0183 | voltage: 0.3298 | conc: 0.0010 | consistency: 0.2400 | polarity: 2.4278 | monodec: 0.0012 | rule: 243.8692 | group: 1.8891 | tree: 5.8245 | total: 2.1622
[New] Epoch 214/1000 | classify: 2.3233 | voltage: 0.3114 | conc: 0.0011 | consistency: 0.2407 | polarity: 2.5381 | monodec: 0.0014 | rule: 243.8185 | group: 1.9701 | tree: 5.8426 | total: 2.4665
[New] Epoch 215/1000 | classify: 1.9172 | voltage: 0.3198 | conc: 0.0009 | consistency: 0.2408 | polarity: 2.4149 | monodec: 0.0012 | rule: 217.0099 | group: 1.8594 | tree: 5.4993 | total: 2.0469
[New] Epoch 216/1000 | classify: 2.0951 | voltage: 0.3110 | conc: 0.0011 | consistency: 0.2408 | polarity: 2.5112 | monodec: 0.0014 | rule: 232.5322 | group: 1.9795 | tree: 6.0203 | total: 2.2326
[New] Epoch 217/1000 | classify: 2.0076 | voltage: 0.3164 | conc: 0.0007 | consistency: 0.2421 | polarity: 2.4579 | monodec: 0.0012 | rule: 250.7944 | group: 1.9041 | tree: 5.7105 | total: 2.1539
[New] Epoch 218/1000 | classify: 2.3195 | voltage: 0.3356 | conc: 0.0009 | consistency: 0.2428 | polarity: 2.5389 | monodec: 0.0012 | rule: 233.4608 | group: 2.0229 | tree: 5.8366 | total: 2.4585
[New] Epoch 219/1000 | classify: 2.1024 | voltage: 0.3274 | conc: 0.0013 | consistency: 0.2438 | polarity: 2.5279 | monodec: 0.0011 | rule: 232.5191 | group: 1.9805 | tree: 5.7900 | total: 2.2408
[New] Epoch 220/1000 | classify: 2.1531 | voltage: 0.3226 | conc: 0.0011 | consistency: 0.2443 | polarity: 2.4641 | monodec: 0.0011 | rule: 241.0384 | group: 1.9323 | tree: 5.9923 | total: 2.2954
--- 验证集 [epoch 220] ---
  准确率 (Accuracy):  0.8014
  精确率 (Precision): 0.7367
  召回率 (Recall):    0.7079
  F1 分数 (F1):       0.7069
[New] Epoch 221/1000 | classify: 2.0323 | voltage: 0.3224 | conc: 0.0006 | consistency: 0.2451 | polarity: 2.4655 | monodec: 0.0011 | rule: 241.1450 | group: 1.9179 | tree: 5.5178 | total: 2.1739
[New] Epoch 222/1000 | classify: 2.0505 | voltage: 0.3403 | conc: 0.0010 | consistency: 0.2459 | polarity: 2.4621 | monodec: 0.0010 | rule: 237.1692 | group: 1.9506 | tree: 5.7479 | total: 2.1915
[New] Epoch 223/1000 | classify: 1.9357 | voltage: 0.3418 | conc: 0.0011 | consistency: 0.2471 | polarity: 2.4233 | monodec: 0.0009 | rule: 212.6546 | group: 1.9357 | tree: 5.7208 | total: 2.0647
[New] Epoch 224/1000 | classify: 2.1066 | voltage: 0.3457 | conc: 0.0012 | consistency: 0.2474 | polarity: 2.4582 | monodec: 0.0008 | rule: 251.4729 | group: 1.9402 | tree: 5.6978 | total: 2.2553
[New] Epoch 225/1000 | classify: 1.9917 | voltage: 0.3359 | conc: 0.0007 | consistency: 0.2482 | polarity: 2.4432 | monodec: 0.0008 | rule: 247.3075 | group: 1.9270 | tree: 5.8622 | total: 2.1374
[New] Epoch 226/1000 | classify: 2.0514 | voltage: 0.3410 | conc: 0.0011 | consistency: 0.2480 | polarity: 2.4674 | monodec: 0.0008 | rule: 220.0149 | group: 1.9836 | tree: 5.8175 | total: 2.1841
[New] Epoch 227/1000 | classify: 2.0913 | voltage: 0.3503 | conc: 0.0008 | consistency: 0.2490 | polarity: 2.4373 | monodec: 0.0009 | rule: 244.6956 | group: 1.9005 | tree: 5.6855 | total: 2.2364
[New] Epoch 228/1000 | classify: 2.1681 | voltage: 0.3516 | conc: 0.0012 | consistency: 0.2497 | polarity: 2.4895 | monodec: 0.0008 | rule: 223.0997 | group: 1.9849 | tree: 5.7060 | total: 2.3029
[New] Epoch 229/1000 | classify: 1.9156 | voltage: 0.3612 | conc: 0.0009 | consistency: 0.2506 | polarity: 2.4207 | monodec: 0.0007 | rule: 224.5211 | group: 1.9002 | tree: 5.5244 | total: 2.0511
[New] Epoch 230/1000 | classify: 1.9397 | voltage: 0.3589 | conc: 0.0008 | consistency: 0.2513 | polarity: 2.3923 | monodec: 0.0007 | rule: 241.4966 | group: 1.8432 | tree: 5.4889 | total: 2.0835
--- 验证集 [epoch 230] ---
  准确率 (Accuracy):  0.6849
  精确率 (Precision): 0.6475
  召回率 (Recall):    0.6262
  F1 分数 (F1):       0.6117
[New] Epoch 231/1000 | classify: 1.9095 | voltage: 0.3621 | conc: 0.0007 | consistency: 0.2518 | polarity: 2.3272 | monodec: 0.0007 | rule: 229.1486 | group: 1.8067 | tree: 5.1647 | total: 2.0469
[New] Epoch 232/1000 | classify: 1.9507 | voltage: 0.3569 | conc: 0.0012 | consistency: 0.2520 | polarity: 2.4334 | monodec: 0.0007 | rule: 214.5639 | group: 1.9489 | tree: 5.6602 | total: 2.0815
[New] Epoch 233/1000 | classify: 1.9944 | voltage: 0.3607 | conc: 0.0008 | consistency: 0.2524 | polarity: 2.4660 | monodec: 0.0007 | rule: 240.7448 | group: 1.9489 | tree: 5.6154 | total: 2.1380
[New] Epoch 234/1000 | classify: 2.0905 | voltage: 0.3628 | conc: 0.0008 | consistency: 0.2528 | polarity: 2.4617 | monodec: 0.0006 | rule: 244.9562 | group: 1.9374 | tree: 5.8479 | total: 2.2365
[New] Epoch 235/1000 | classify: 2.0384 | voltage: 0.3658 | conc: 0.0010 | consistency: 0.2536 | polarity: 2.4611 | monodec: 0.0006 | rule: 241.9296 | group: 1.9474 | tree: 5.7920 | total: 2.1831
[New] Epoch 236/1000 | classify: 2.0318 | voltage: 0.3780 | conc: 0.0009 | consistency: 0.2544 | polarity: 2.4375 | monodec: 0.0006 | rule: 236.9341 | group: 1.9258 | tree: 5.6650 | total: 2.1744
[New] Epoch 237/1000 | classify: 2.1428 | voltage: 0.3961 | conc: 0.0009 | consistency: 0.2553 | polarity: 2.4681 | monodec: 0.0006 | rule: 210.1087 | group: 2.0298 | tree: 5.7708 | total: 2.2731
[New] Epoch 238/1000 | classify: 1.9088 | voltage: 0.3784 | conc: 0.0009 | consistency: 0.2564 | polarity: 2.4334 | monodec: 0.0005 | rule: 232.7008 | group: 1.9027 | tree: 5.6790 | total: 2.0494
[New] Epoch 239/1000 | classify: 2.0155 | voltage: 0.3737 | conc: 0.0010 | consistency: 0.2564 | polarity: 2.4797 | monodec: 0.0005 | rule: 230.3307 | group: 1.9368 | tree: 5.7993 | total: 2.1549
[New] Epoch 240/1000 | classify: 1.9634 | voltage: 0.3800 | conc: 0.0011 | consistency: 0.2567 | polarity: 2.4137 | monodec: 0.0005 | rule: 219.3844 | group: 1.9060 | tree: 5.6096 | total: 2.0976
--- 验证集 [epoch 240] ---
  准确率 (Accuracy):  0.7740
  精确率 (Precision): 0.7234
  召回率 (Recall):    0.6583
  F1 分数 (F1):       0.6650
[New] Epoch 241/1000 | classify: 1.9941 | voltage: 0.3812 | conc: 0.0011 | consistency: 0.2566 | polarity: 2.4123 | monodec: 0.0005 | rule: 226.4399 | group: 1.9054 | tree: 5.5384 | total: 2.1318
[New] Epoch 242/1000 | classify: 2.1922 | voltage: 0.3984 | conc: 0.0009 | consistency: 0.2564 | polarity: 2.4829 | monodec: 0.0005 | rule: 232.7654 | group: 1.9859 | tree: 5.6426 | total: 2.3338
[New] Epoch 243/1000 | classify: 1.9677 | voltage: 0.3977 | conc: 0.0007 | consistency: 0.2568 | polarity: 2.4244 | monodec: 0.0005 | rule: 205.2606 | group: 1.9225 | tree: 5.6694 | total: 2.0954
[New] Epoch 244/1000 | classify: 2.0419 | voltage: 0.3747 | conc: 0.0008 | consistency: 0.2568 | polarity: 2.4621 | monodec: 0.0005 | rule: 224.3401 | group: 1.9640 | tree: 5.8198 | total: 2.1782
[New] Epoch 245/1000 | classify: 2.1641 | voltage: 0.3866 | conc: 0.0012 | consistency: 0.2572 | polarity: 2.4539 | monodec: 0.0004 | rule: 226.5163 | group: 1.9128 | tree: 5.5827 | total: 2.3022
[New] Epoch 246/1000 | classify: 2.1693 | voltage: 0.3970 | conc: 0.0013 | consistency: 0.2578 | polarity: 2.5851 | monodec: 0.0005 | rule: 252.2130 | group: 2.0403 | tree: 6.0252 | total: 2.3213
[New] Epoch 247/1000 | classify: 1.9083 | voltage: 0.3849 | conc: 0.0007 | consistency: 0.2591 | polarity: 2.3367 | monodec: 0.0003 | rule: 236.2261 | group: 1.8104 | tree: 5.4425 | total: 2.0507
[New] Epoch 248/1000 | classify: 2.1569 | voltage: 0.4071 | conc: 0.0006 | consistency: 0.2597 | polarity: 2.4723 | monodec: 0.0004 | rule: 237.3580 | group: 1.9661 | tree: 5.6759 | total: 2.3011
[New] Epoch 249/1000 | classify: 2.1081 | voltage: 0.4331 | conc: 0.0009 | consistency: 0.2608 | polarity: 2.4613 | monodec: 0.0004 | rule: 214.3439 | group: 1.9561 | tree: 5.5208 | total: 2.2422
[New] Epoch 250/1000 | classify: 2.1423 | voltage: 0.4073 | conc: 0.0010 | consistency: 0.2620 | polarity: 2.4919 | monodec: 0.0003 | rule: 248.6564 | group: 1.9346 | tree: 5.7894 | total: 2.2926
--- 验证集 [epoch 250] ---
  准确率 (Accuracy):  0.8014
  精确率 (Precision): 0.7141
  召回率 (Recall):    0.6973
  F1 分数 (F1):       0.6990
✅ 模型已保存到 /home/kudouzala/Application/ion_detect/output/trained_model_save/exp_new_f_num_tp2/trained_model_epoch_250.pth
📁 损失值已保存到 /home/kudouzala/Application/ion_detect/output/trained_model_save/exp_new_f_num_tp2/training_loss_epoch_250.csv
[New] Epoch 251/1000 | classify: 2.0523 | voltage: 0.4270 | conc: 0.0007 | consistency: 0.2627 | polarity: 2.4312 | monodec: 0.0003 | rule: 210.6313 | group: 1.9111 | tree: 5.5894 | total: 2.1840
[New] Epoch 252/1000 | classify: 2.1526 | voltage: 0.4290 | conc: 0.0007 | consistency: 0.2629 | polarity: 2.4393 | monodec: 0.0003 | rule: 204.9491 | group: 1.9630 | tree: 5.6041 | total: 2.2816
[New] Epoch 253/1000 | classify: 2.1503 | voltage: 0.4196 | conc: 0.0011 | consistency: 0.2636 | polarity: 2.5413 | monodec: 0.0004 | rule: 246.7471 | group: 1.9697 | tree: 5.7440 | total: 2.3002
[New] Epoch 254/1000 | classify: 1.8897 | voltage: 0.4509 | conc: 0.0009 | consistency: 0.2640 | polarity: 2.3905 | monodec: 0.0003 | rule: 225.2084 | group: 1.8754 | tree: 5.4590 | total: 2.0301
[New] Epoch 255/1000 | classify: 2.0764 | voltage: 0.4344 | conc: 0.0011 | consistency: 0.2648 | polarity: 2.4726 | monodec: 0.0003 | rule: 238.0799 | group: 1.9603 | tree: 5.7333 | total: 2.2227
[New] Epoch 256/1000 | classify: 1.9999 | voltage: 0.4537 | conc: 0.0012 | consistency: 0.2660 | polarity: 2.5048 | monodec: 0.0003 | rule: 225.9336 | group: 1.9940 | tree: 5.7260 | total: 2.1413
[New] Epoch 257/1000 | classify: 2.1672 | voltage: 0.4447 | conc: 0.0010 | consistency: 0.2664 | polarity: 2.5321 | monodec: 0.0003 | rule: 251.1086 | group: 1.9963 | tree: 6.1295 | total: 2.3207
[New] Epoch 258/1000 | classify: 2.1700 | voltage: 0.4500 | conc: 0.0010 | consistency: 0.2678 | polarity: 2.4715 | monodec: 0.0003 | rule: 235.3627 | group: 1.9526 | tree: 5.6337 | total: 2.3156
[New] Epoch 259/1000 | classify: 2.3334 | voltage: 0.4906 | conc: 0.0007 | consistency: 0.2692 | polarity: 2.4675 | monodec: 0.0003 | rule: 231.0413 | group: 1.9455 | tree: 5.7986 | total: 2.4787
[New] Epoch 260/1000 | classify: 2.0014 | voltage: 0.4706 | conc: 0.0011 | consistency: 0.2700 | polarity: 2.4505 | monodec: 0.0003 | rule: 234.3650 | group: 1.9498 | tree: 5.7700 | total: 2.1477
--- 验证集 [epoch 260] ---
  准确率 (Accuracy):  0.7945
  精确率 (Precision): 0.7239
  召回率 (Recall):    0.6962
  F1 分数 (F1):       0.6962
[New] Epoch 261/1000 | classify: 2.1441 | voltage: 0.4723 | conc: 0.0010 | consistency: 0.2707 | polarity: 2.4791 | monodec: 0.0003 | rule: 243.2519 | group: 1.9225 | tree: 5.7503 | total: 2.2948
[New] Epoch 262/1000 | classify: 2.0919 | voltage: 0.5004 | conc: 0.0008 | consistency: 0.2714 | polarity: 2.4291 | monodec: 0.0003 | rule: 204.2355 | group: 1.9205 | tree: 5.6640 | total: 2.2243
[New] Epoch 263/1000 | classify: 2.1404 | voltage: 0.4922 | conc: 0.0011 | consistency: 0.2715 | polarity: 2.5289 | monodec: 0.0003 | rule: 223.8701 | group: 1.9768 | tree: 5.8729 | total: 2.2825
[New] Epoch 264/1000 | classify: 2.0742 | voltage: 0.5127 | conc: 0.0006 | consistency: 0.2722 | polarity: 2.4354 | monodec: 0.0003 | rule: 207.6483 | group: 1.9232 | tree: 5.3666 | total: 2.2085
[New] Epoch 265/1000 | classify: 2.1478 | voltage: 0.5046 | conc: 0.0008 | consistency: 0.2736 | polarity: 2.4688 | monodec: 0.0003 | rule: 237.3822 | group: 1.9261 | tree: 5.7535 | total: 2.2970
[New] Epoch 266/1000 | classify: 2.0166 | voltage: 0.5148 | conc: 0.0009 | consistency: 0.2740 | polarity: 2.3980 | monodec: 0.0003 | rule: 219.5171 | group: 1.8577 | tree: 5.4478 | total: 2.1573
[New] Epoch 267/1000 | classify: 2.1202 | voltage: 0.5090 | conc: 0.0006 | consistency: 0.2750 | polarity: 2.4446 | monodec: 0.0002 | rule: 243.1037 | group: 1.8910 | tree: 5.5445 | total: 2.2721
[New] Epoch 268/1000 | classify: 2.0523 | voltage: 0.5284 | conc: 0.0011 | consistency: 0.2760 | polarity: 2.4685 | monodec: 0.0002 | rule: 226.4114 | group: 1.9084 | tree: 5.5420 | total: 2.1974
[New] Epoch 269/1000 | classify: 2.1691 | voltage: 0.5398 | conc: 0.0011 | consistency: 0.2769 | polarity: 2.4900 | monodec: 0.0002 | rule: 231.5461 | group: 1.9103 | tree: 5.6996 | total: 2.3174
[New] Epoch 270/1000 | classify: 2.3830 | voltage: 0.5428 | conc: 0.0009 | consistency: 0.2778 | polarity: 2.4307 | monodec: 0.0002 | rule: 221.8302 | group: 1.8902 | tree: 5.5560 | total: 2.5263
--- 验证集 [epoch 270] ---
  准确率 (Accuracy):  0.7808
  精确率 (Precision): 0.6863
  召回率 (Recall):    0.6447
  F1 分数 (F1):       0.6536
[New] Epoch 271/1000 | classify: 2.1253 | voltage: 0.5505 | conc: 0.0009 | consistency: 0.2784 | polarity: 2.4551 | monodec: 0.0002 | rule: 233.0895 | group: 1.9473 | tree: 5.9859 | total: 2.2749
[New] Epoch 272/1000 | classify: 2.2188 | voltage: 0.5301 | conc: 0.0013 | consistency: 0.2788 | polarity: 2.5344 | monodec: 0.0002 | rule: 235.7642 | group: 1.9921 | tree: 5.9325 | total: 2.3691
[New] Epoch 273/1000 | classify: 2.1429 | voltage: 0.5336 | conc: 0.0012 | consistency: 0.2796 | polarity: 2.4963 | monodec: 0.0002 | rule: 244.7759 | group: 1.9548 | tree: 5.9059 | total: 2.2977
[New] Epoch 274/1000 | classify: 2.3080 | voltage: 0.5708 | conc: 0.0008 | consistency: 0.2801 | polarity: 2.4959 | monodec: 0.0002 | rule: 225.8534 | group: 1.9589 | tree: 5.9751 | total: 2.4549
[New] Epoch 275/1000 | classify: 2.2040 | voltage: 0.5755 | conc: 0.0008 | consistency: 0.2802 | polarity: 2.4745 | monodec: 0.0002 | rule: 224.2258 | group: 1.9851 | tree: 5.8644 | total: 2.3502
[New] Epoch 276/1000 | classify: 2.2150 | voltage: 0.5826 | conc: 0.0009 | consistency: 0.2812 | polarity: 2.4485 | monodec: 0.0002 | rule: 218.0101 | group: 1.9311 | tree: 5.9560 | total: 2.3586
[New] Epoch 277/1000 | classify: 2.1766 | voltage: 0.5853 | conc: 0.0008 | consistency: 0.2827 | polarity: 2.4607 | monodec: 0.0002 | rule: 233.6250 | group: 1.9446 | tree: 5.6759 | total: 2.3279
[New] Epoch 278/1000 | classify: 2.2396 | voltage: 0.5857 | conc: 0.0010 | consistency: 0.2826 | polarity: 2.4473 | monodec: 0.0002 | rule: 239.3624 | group: 1.9350 | tree: 5.7052 | total: 2.3941
[New] Epoch 279/1000 | classify: 2.0648 | voltage: 0.5910 | conc: 0.0008 | consistency: 0.2829 | polarity: 2.3906 | monodec: 0.0002 | rule: 221.3745 | group: 1.8815 | tree: 5.5483 | total: 2.2102
[New] Epoch 280/1000 | classify: 2.1891 | voltage: 0.6091 | conc: 0.0005 | consistency: 0.2839 | polarity: 2.4237 | monodec: 0.0002 | rule: 228.6110 | group: 1.8884 | tree: 5.6836 | total: 2.3387
--- 验证集 [epoch 280] ---
  准确率 (Accuracy):  0.7671
  精确率 (Precision): 0.6773
  召回率 (Recall):    0.6778
  F1 分数 (F1):       0.6711
[New] Epoch 281/1000 | classify: 2.1692 | voltage: 0.5946 | conc: 0.0011 | consistency: 0.2848 | polarity: 2.4693 | monodec: 0.0002 | rule: 242.2783 | group: 1.9454 | tree: 5.7621 | total: 2.3257
[New] Epoch 282/1000 | classify: 2.2696 | voltage: 0.6258 | conc: 0.0012 | consistency: 0.2854 | polarity: 2.5200 | monodec: 0.0002 | rule: 243.7124 | group: 2.0412 | tree: 6.2484 | total: 2.4287
[New] Epoch 283/1000 | classify: 2.0273 | voltage: 0.6243 | conc: 0.0011 | consistency: 0.2859 | polarity: 2.4188 | monodec: 0.0002 | rule: 216.0359 | group: 1.8952 | tree: 5.5841 | total: 2.1721
[New] Epoch 284/1000 | classify: 2.2111 | voltage: 0.6263 | conc: 0.0010 | consistency: 0.2870 | polarity: 2.4566 | monodec: 0.0002 | rule: 230.7799 | group: 1.9484 | tree: 5.5045 | total: 2.3631
[New] Epoch 285/1000 | classify: 2.2083 | voltage: 0.6398 | conc: 0.0009 | consistency: 0.2880 | polarity: 2.4424 | monodec: 0.0002 | rule: 237.1328 | group: 1.9139 | tree: 5.6133 | total: 2.3641
[New] Epoch 286/1000 | classify: 2.1082 | voltage: 0.6626 | conc: 0.0009 | consistency: 0.2890 | polarity: 2.4373 | monodec: 0.0002 | rule: 218.2990 | group: 1.9551 | tree: 5.6188 | total: 2.2559
[New] Epoch 287/1000 | classify: 2.3117 | voltage: 0.6687 | conc: 0.0012 | consistency: 0.2901 | polarity: 2.5850 | monodec: 0.0002 | rule: 213.3753 | group: 2.0792 | tree: 5.9825 | total: 2.4577
[New] Epoch 288/1000 | classify: 2.3245 | voltage: 0.6621 | conc: 0.0009 | consistency: 0.2908 | polarity: 2.4829 | monodec: 0.0002 | rule: 219.6115 | group: 1.9491 | tree: 5.7711 | total: 2.4729
[New] Epoch 289/1000 | classify: 2.2650 | voltage: 0.6727 | conc: 0.0009 | consistency: 0.2923 | polarity: 2.4797 | monodec: 0.0001 | rule: 244.3719 | group: 1.9307 | tree: 5.9803 | total: 2.4263
[New] Epoch 290/1000 | classify: 2.4293 | voltage: 0.7095 | conc: 0.0011 | consistency: 0.2933 | polarity: 2.4993 | monodec: 0.0001 | rule: 210.7947 | group: 1.9592 | tree: 5.6723 | total: 2.5757
--- 验证集 [epoch 290] ---
  准确率 (Accuracy):  0.6986
  精确率 (Precision): 0.6641
  召回率 (Recall):    0.6234
  F1 分数 (F1):       0.6222
[New] Epoch 291/1000 | classify: 2.2170 | voltage: 0.7017 | conc: 0.0011 | consistency: 0.2942 | polarity: 2.4838 | monodec: 0.0001 | rule: 218.3057 | group: 1.9702 | tree: 5.5048 | total: 2.3667
[New] Epoch 292/1000 | classify: 2.1594 | voltage: 0.6906 | conc: 0.0011 | consistency: 0.2947 | polarity: 2.4169 | monodec: 0.0001 | rule: 238.6207 | group: 1.8344 | tree: 5.4560 | total: 2.3185
[New] Epoch 293/1000 | classify: 2.1800 | voltage: 0.7288 | conc: 0.0012 | consistency: 0.2946 | polarity: 2.5067 | monodec: 0.0002 | rule: 217.6977 | group: 1.9964 | tree: 5.8682 | total: 2.3310
[New] Epoch 294/1000 | classify: 2.2068 | voltage: 0.6866 | conc: 0.0007 | consistency: 0.2951 | polarity: 2.4619 | monodec: 0.0001 | rule: 245.9767 | group: 1.9116 | tree: 5.6697 | total: 2.3693
[New] Epoch 295/1000 | classify: 2.3160 | voltage: 0.7509 | conc: 0.0007 | consistency: 0.2959 | polarity: 2.4693 | monodec: 0.0001 | rule: 217.3150 | group: 1.9577 | tree: 5.7626 | total: 2.4674
[New] Epoch 296/1000 | classify: 2.4049 | voltage: 0.7573 | conc: 0.0012 | consistency: 0.2972 | polarity: 2.5727 | monodec: 0.0002 | rule: 220.0557 | group: 2.0775 | tree: 5.9491 | total: 2.5587
[New] Epoch 297/1000 | classify: 2.3573 | voltage: 0.7560 | conc: 0.0009 | consistency: 0.2980 | polarity: 2.4853 | monodec: 0.0001 | rule: 215.3609 | group: 1.9712 | tree: 5.7321 | total: 2.5082
[New] Epoch 298/1000 | classify: 2.1845 | voltage: 0.7648 | conc: 0.0009 | consistency: 0.2987 | polarity: 2.4095 | monodec: 0.0001 | rule: 213.9301 | group: 1.9232 | tree: 5.6319 | total: 2.3350
[New] Epoch 299/1000 | classify: 2.2988 | voltage: 0.7480 | conc: 0.0012 | consistency: 0.2989 | polarity: 2.4942 | monodec: 0.0001 | rule: 225.8538 | group: 1.9106 | tree: 5.5678 | total: 2.4548
[New] Epoch 300/1000 | classify: 2.2431 | voltage: 0.7556 | conc: 0.0010 | consistency: 0.2996 | polarity: 2.4596 | monodec: 0.0001 | rule: 243.9508 | group: 1.8616 | tree: 5.6897 | total: 2.4082
--- 验证集 [epoch 300] ---
  准确率 (Accuracy):  0.6849
  精确率 (Precision): 0.5738
  召回率 (Recall):    0.5481
  F1 分数 (F1):       0.5288
✅ 模型已保存到 /home/kudouzala/Application/ion_detect/output/trained_model_save/exp_new_f_num_tp2/trained_model_epoch_300.pth
📁 损失值已保存到 /home/kudouzala/Application/ion_detect/output/trained_model_save/exp_new_f_num_tp2/training_loss_epoch_300.csv
[New] Epoch 301/1000 | classify: 2.4731 | voltage: 0.7790 | conc: 0.0011 | consistency: 0.3002 | polarity: 2.4806 | monodec: 0.0001 | rule: 236.4437 | group: 1.9251 | tree: 5.7545 | total: 2.6359
[New] Epoch 302/1000 | classify: 2.3214 | voltage: 0.7856 | conc: 0.0012 | consistency: 0.3009 | polarity: 2.4449 | monodec: 0.0001 | rule: 220.1418 | group: 1.9678 | tree: 5.7058 | total: 2.4765
[New] Epoch 303/1000 | classify: 2.1521 | voltage: 0.8191 | conc: 0.0006 | consistency: 0.3010 | polarity: 2.3786 | monodec: 0.0001 | rule: 214.4806 | group: 1.8544 | tree: 5.3667 | total: 2.3051
[New] Epoch 304/1000 | classify: 2.3881 | voltage: 0.8206 | conc: 0.0011 | consistency: 0.3010 | polarity: 2.4843 | monodec: 0.0001 | rule: 216.2529 | group: 1.9894 | tree: 5.8688 | total: 2.5429
[New] Epoch 305/1000 | classify: 2.0298 | voltage: 0.8120 | conc: 0.0010 | consistency: 0.3005 | polarity: 2.4172 | monodec: 0.0001 | rule: 209.6641 | group: 1.9101 | tree: 5.4153 | total: 2.1805
[New] Epoch 306/1000 | classify: 2.3573 | voltage: 0.8141 | conc: 0.0011 | consistency: 0.3008 | polarity: 2.4699 | monodec: 0.0001 | rule: 229.5364 | group: 1.9308 | tree: 5.6851 | total: 2.5184
[New] Epoch 307/1000 | classify: 2.3465 | voltage: 0.8180 | conc: 0.0009 | consistency: 0.3018 | polarity: 2.4715 | monodec: 0.0001 | rule: 230.8234 | group: 1.9442 | tree: 5.6955 | total: 2.5082
[New] Epoch 308/1000 | classify: 2.4525 | voltage: 0.8333 | conc: 0.0010 | consistency: 0.3021 | polarity: 2.5112 | monodec: 0.0001 | rule: 232.6405 | group: 1.9825 | tree: 5.8950 | total: 2.6160
[New] Epoch 309/1000 | classify: 2.3971 | voltage: 0.8312 | conc: 0.0011 | consistency: 0.3021 | polarity: 2.4899 | monodec: 0.0001 | rule: 224.6035 | group: 1.9494 | tree: 5.7071 | total: 2.5565
[New] Epoch 310/1000 | classify: 2.2944 | voltage: 0.8297 | conc: 0.0009 | consistency: 0.3024 | polarity: 2.5216 | monodec: 0.0001 | rule: 225.5618 | group: 1.9995 | tree: 5.9613 | total: 2.4542
--- 验证集 [epoch 310] ---
  准确率 (Accuracy):  0.6918
  精确率 (Precision): 0.5533
  召回率 (Recall):    0.5557
  F1 分数 (F1):       0.5407
[New] Epoch 311/1000 | classify: 2.4508 | voltage: 0.8247 | conc: 0.0012 | consistency: 0.3028 | polarity: 2.5317 | monodec: 0.0001 | rule: 242.6189 | group: 1.9342 | tree: 5.8689 | total: 2.6190
[New] Epoch 312/1000 | classify: 2.2961 | voltage: 0.8381 | conc: 0.0010 | consistency: 0.3034 | polarity: 2.4160 | monodec: 0.0001 | rule: 244.8539 | group: 1.8931 | tree: 5.4616 | total: 2.4657
[New] Epoch 313/1000 | classify: 2.0937 | voltage: 0.8420 | conc: 0.0010 | consistency: 0.3034 | polarity: 2.4045 | monodec: 0.0001 | rule: 229.6776 | group: 1.8435 | tree: 5.5329 | total: 2.2560
[New] Epoch 314/1000 | classify: 2.5299 | voltage: 0.8561 | conc: 0.0010 | consistency: 0.3037 | polarity: 2.5273 | monodec: 0.0001 | rule: 233.2157 | group: 1.9364 | tree: 5.6190 | total: 2.6947
[New] Epoch 315/1000 | classify: 2.2453 | voltage: 0.9003 | conc: 0.0008 | consistency: 0.3041 | polarity: 2.4305 | monodec: 0.0001 | rule: 237.8039 | group: 1.8928 | tree: 5.7086 | total: 2.4144
[New] Epoch 316/1000 | classify: 2.4552 | voltage: 0.8965 | conc: 0.0010 | consistency: 0.3042 | polarity: 2.5262 | monodec: 0.0001 | rule: 219.3092 | group: 2.0424 | tree: 5.9763 | total: 2.6154
[New] Epoch 317/1000 | classify: 2.4174 | voltage: 0.8857 | conc: 0.0006 | consistency: 0.3045 | polarity: 2.4868 | monodec: 0.0001 | rule: 230.0157 | group: 1.9134 | tree: 5.7979 | total: 2.5818
[New] Epoch 318/1000 | classify: 2.3797 | voltage: 0.8743 | conc: 0.0008 | consistency: 0.3056 | polarity: 2.4728 | monodec: 0.0001 | rule: 243.3709 | group: 1.9337 | tree: 5.8556 | total: 2.5504
[New] Epoch 319/1000 | classify: 2.6135 | voltage: 0.9007 | conc: 0.0008 | consistency: 0.3066 | polarity: 2.5292 | monodec: 0.0001 | rule: 231.5937 | group: 1.9666 | tree: 5.8971 | total: 2.7797
[New] Epoch 320/1000 | classify: 2.5374 | voltage: 0.8926 | conc: 0.0009 | consistency: 0.3072 | polarity: 2.4676 | monodec: 0.0001 | rule: 222.2981 | group: 1.9070 | tree: 5.5866 | total: 2.6985
--- 验证集 [epoch 320] ---
  准确率 (Accuracy):  0.7397
  精确率 (Precision): 0.6442
  召回率 (Recall):    0.5876
  F1 分数 (F1):       0.6071
[New] Epoch 321/1000 | classify: 2.3051 | voltage: 0.8956 | conc: 0.0009 | consistency: 0.3072 | polarity: 2.4250 | monodec: 0.0001 | rule: 232.1110 | group: 1.8853 | tree: 5.5147 | total: 2.4713
[New] Epoch 322/1000 | classify: 2.3592 | voltage: 0.9206 | conc: 0.0009 | consistency: 0.3069 | polarity: 2.4297 | monodec: 0.0001 | rule: 231.9413 | group: 1.9081 | tree: 5.9991 | total: 2.5266
[New] Epoch 323/1000 | classify: 2.3461 | voltage: 0.9442 | conc: 0.0009 | consistency: 0.3073 | polarity: 2.4009 | monodec: 0.0001 | rule: 206.0158 | group: 1.8797 | tree: 5.6659 | total: 2.5016
[New] Epoch 324/1000 | classify: 2.4001 | voltage: 0.9279 | conc: 0.0009 | consistency: 0.3074 | polarity: 2.4867 | monodec: 0.0001 | rule: 230.5329 | group: 1.9345 | tree: 5.7858 | total: 2.5672
[New] Epoch 325/1000 | classify: 2.4807 | voltage: 0.9221 | conc: 0.0011 | consistency: 0.3078 | polarity: 2.4977 | monodec: 0.0001 | rule: 236.4365 | group: 1.9218 | tree: 5.6815 | total: 2.6506
[New] Epoch 326/1000 | classify: 2.4553 | voltage: 0.9258 | conc: 0.0008 | consistency: 0.3080 | polarity: 2.4619 | monodec: 0.0001 | rule: 245.8949 | group: 1.9184 | tree: 5.7879 | total: 2.6298
[New] Epoch 327/1000 | classify: 2.3871 | voltage: 0.9238 | conc: 0.0011 | consistency: 0.3081 | polarity: 2.4310 | monodec: 0.0001 | rule: 237.4869 | group: 1.8538 | tree: 5.5289 | total: 2.5575
[New] Epoch 328/1000 | classify: 2.3014 | voltage: 0.9189 | conc: 0.0010 | consistency: 0.3083 | polarity: 2.4104 | monodec: 0.0001 | rule: 233.7733 | group: 1.8484 | tree: 5.4132 | total: 2.4695
[New] Epoch 329/1000 | classify: 2.4491 | voltage: 0.9643 | conc: 0.0008 | consistency: 0.3084 | polarity: 2.4516 | monodec: 0.0001 | rule: 222.2360 | group: 1.9341 | tree: 5.7843 | total: 2.6137
[New] Epoch 330/1000 | classify: 2.6308 | voltage: 0.9747 | conc: 0.0012 | consistency: 0.3086 | polarity: 2.5276 | monodec: 0.0001 | rule: 240.8721 | group: 1.9797 | tree: 5.7543 | total: 2.8057
--- 验证集 [epoch 330] ---
  准确率 (Accuracy):  0.7329
  精确率 (Precision): 0.6694
  召回率 (Recall):    0.6508
  F1 分数 (F1):       0.6369
[New] Epoch 331/1000 | classify: 2.5619 | voltage: 0.9819 | conc: 0.0009 | consistency: 0.3092 | polarity: 2.5285 | monodec: 0.0001 | rule: 232.3205 | group: 2.0031 | tree: 5.6585 | total: 2.7325
[New] Epoch 332/1000 | classify: 2.3499 | voltage: 0.9739 | conc: 0.0009 | consistency: 0.3095 | polarity: 2.4826 | monodec: 0.0001 | rule: 222.3843 | group: 1.9836 | tree: 5.8678 | total: 2.5153
[New] Epoch 333/1000 | classify: 2.5244 | voltage: 0.9620 | conc: 0.0012 | consistency: 0.3089 | polarity: 2.4802 | monodec: 0.0001 | rule: 240.3739 | group: 1.9625 | tree: 5.7143 | total: 2.6983
[New] Epoch 334/1000 | classify: 2.5000 | voltage: 0.9766 | conc: 0.0010 | consistency: 0.3094 | polarity: 2.4876 | monodec: 0.0001 | rule: 235.1932 | group: 1.9800 | tree: 5.9963 | total: 2.6721
[New] Epoch 335/1000 | classify: 2.5292 | voltage: 0.9826 | conc: 0.0012 | consistency: 0.3096 | polarity: 2.5128 | monodec: 0.0001 | rule: 231.2041 | group: 1.9808 | tree: 5.8809 | total: 2.6997
[New] Epoch 336/1000 | classify: 2.5096 | voltage: 1.0042 | conc: 0.0008 | consistency: 0.3099 | polarity: 2.5127 | monodec: 0.0001 | rule: 227.1406 | group: 1.9725 | tree: 5.8161 | total: 2.6787
[New] Epoch 337/1000 | classify: 2.5233 | voltage: 1.0066 | conc: 0.0011 | consistency: 0.3099 | polarity: 2.5020 | monodec: 0.0001 | rule: 244.8893 | group: 1.9596 | tree: 5.7127 | total: 2.7016
[New] Epoch 338/1000 | classify: 2.6471 | voltage: 0.9864 | conc: 0.0010 | consistency: 0.3102 | polarity: 2.5225 | monodec: 0.0001 | rule: 252.9570 | group: 1.9567 | tree: 6.1037 | total: 2.8286
[New] Epoch 339/1000 | classify: 2.3056 | voltage: 0.9994 | conc: 0.0010 | consistency: 0.3112 | polarity: 2.4688 | monodec: 0.0001 | rule: 243.5663 | group: 1.9735 | tree: 5.7213 | total: 2.4828
[New] Epoch 340/1000 | classify: 2.6197 | voltage: 1.0330 | conc: 0.0009 | consistency: 0.3120 | polarity: 2.5290 | monodec: 0.0001 | rule: 231.9663 | group: 2.0115 | tree: 5.7218 | total: 2.7928
--- 验证集 [epoch 340] ---
  准确率 (Accuracy):  0.6233
  精确率 (Precision): 0.5742
  召回率 (Recall):    0.5435
  F1 分数 (F1):       0.5345
[New] Epoch 341/1000 | classify: 2.6577 | voltage: 1.0194 | conc: 0.0008 | consistency: 0.3123 | polarity: 2.4677 | monodec: 0.0001 | rule: 237.5112 | group: 1.9078 | tree: 5.6805 | total: 2.8327
[New] Epoch 342/1000 | classify: 2.5828 | voltage: 1.0558 | conc: 0.0011 | consistency: 0.3125 | polarity: 2.5020 | monodec: 0.0001 | rule: 227.1135 | group: 1.9982 | tree: 5.7207 | total: 2.7548
[New] Epoch 343/1000 | classify: 2.4828 | voltage: 1.0384 | conc: 0.0006 | consistency: 0.3124 | polarity: 2.4101 | monodec: 0.0001 | rule: 219.7062 | group: 1.8861 | tree: 5.2587 | total: 2.6493
[New] Epoch 344/1000 | classify: 2.4972 | voltage: 1.0469 | conc: 0.0011 | consistency: 0.3131 | polarity: 2.4422 | monodec: 0.0001 | rule: 228.0584 | group: 1.9305 | tree: 5.4131 | total: 2.6690
[New] Epoch 345/1000 | classify: 2.6335 | voltage: 1.0372 | conc: 0.0009 | consistency: 0.3139 | polarity: 2.4777 | monodec: 0.0001 | rule: 235.3830 | group: 1.9317 | tree: 5.8034 | total: 2.8086
[New] Epoch 346/1000 | classify: 2.5862 | voltage: 1.0800 | conc: 0.0008 | consistency: 0.3142 | polarity: 2.4667 | monodec: 0.0001 | rule: 224.7059 | group: 1.9459 | tree: 5.8447 | total: 2.7579
[New] Epoch 347/1000 | classify: 2.7548 | voltage: 1.0883 | conc: 0.0007 | consistency: 0.3135 | polarity: 2.4386 | monodec: 0.0001 | rule: 212.4685 | group: 1.9023 | tree: 5.6633 | total: 2.9206
[New] Epoch 348/1000 | classify: 2.5870 | voltage: 1.0668 | conc: 0.0007 | consistency: 0.3135 | polarity: 2.4141 | monodec: 0.0001 | rule: 225.3294 | group: 1.9073 | tree: 5.5559 | total: 2.7581
[New] Epoch 349/1000 | classify: 2.5735 | voltage: 1.0295 | conc: 0.0010 | consistency: 0.3131 | polarity: 2.5048 | monodec: 0.0001 | rule: 257.0615 | group: 1.9476 | tree: 5.6501 | total: 2.7590
[New] Epoch 350/1000 | classify: 2.5138 | voltage: 1.0562 | conc: 0.0008 | consistency: 0.3131 | polarity: 2.3935 | monodec: 0.0001 | rule: 234.2027 | group: 1.8148 | tree: 5.2604 | total: 2.6887
--- 验证集 [epoch 350] ---
  准确率 (Accuracy):  0.6301
  精确率 (Precision): 0.6893
  召回率 (Recall):    0.6424
  F1 分数 (F1):       0.6139
✅ 模型已保存到 /home/kudouzala/Application/ion_detect/output/trained_model_save/exp_new_f_num_tp2/trained_model_epoch_350.pth
📁 损失值已保存到 /home/kudouzala/Application/ion_detect/output/trained_model_save/exp_new_f_num_tp2/training_loss_epoch_350.csv
[New] Epoch 351/1000 | classify: 2.4907 | voltage: 1.0438 | conc: 0.0009 | consistency: 0.3126 | polarity: 2.4029 | monodec: 0.0001 | rule: 236.3091 | group: 1.8247 | tree: 5.5959 | total: 2.6664
[New] Epoch 352/1000 | classify: 2.7601 | voltage: 1.0609 | conc: 0.0009 | consistency: 0.3125 | polarity: 2.4943 | monodec: 0.0001 | rule: 220.9511 | group: 1.9536 | tree: 5.5970 | total: 2.9290
[New] Epoch 353/1000 | classify: 2.5962 | voltage: 1.0455 | conc: 0.0009 | consistency: 0.3122 | polarity: 2.4686 | monodec: 0.0001 | rule: 230.1818 | group: 1.9040 | tree: 5.7735 | total: 2.7689
[New] Epoch 354/1000 | classify: 2.7122 | voltage: 1.0655 | conc: 0.0010 | consistency: 0.3125 | polarity: 2.4495 | monodec: 0.0001 | rule: 227.2264 | group: 1.8514 | tree: 5.7324 | total: 2.8845
[New] Epoch 355/1000 | classify: 2.6469 | voltage: 1.0712 | conc: 0.0010 | consistency: 0.3120 | polarity: 2.4988 | monodec: 0.0001 | rule: 229.4563 | group: 1.9811 | tree: 5.9227 | total: 2.8208
[New] Epoch 356/1000 | classify: 2.5385 | voltage: 1.0653 | conc: 0.0008 | consistency: 0.3126 | polarity: 2.4351 | monodec: 0.0001 | rule: 231.6349 | group: 1.8711 | tree: 5.6641 | total: 2.7128
[New] Epoch 357/1000 | classify: 2.7665 | voltage: 1.0954 | conc: 0.0011 | consistency: 0.3130 | polarity: 2.5160 | monodec: 0.0001 | rule: 214.1047 | group: 2.0338 | tree: 6.1017 | total: 2.9341
[New] Epoch 358/1000 | classify: 2.8947 | voltage: 1.0839 | conc: 0.0012 | consistency: 0.3135 | polarity: 2.5613 | monodec: 0.0001 | rule: 228.6385 | group: 1.9965 | tree: 6.1132 | total: 3.0692
[New] Epoch 359/1000 | classify: 2.4196 | voltage: 1.0832 | conc: 0.0007 | consistency: 0.3130 | polarity: 2.3717 | monodec: 0.0001 | rule: 224.6935 | group: 1.8321 | tree: 5.3532 | total: 2.5910
[New] Epoch 360/1000 | classify: 2.7192 | voltage: 1.1106 | conc: 0.0009 | consistency: 0.3125 | polarity: 2.4366 | monodec: 0.0001 | rule: 212.0629 | group: 1.9203 | tree: 5.6874 | total: 2.8861
--- 验证集 [epoch 360] ---
  准确率 (Accuracy):  0.7123
  精确率 (Precision): 0.6983
  召回率 (Recall):    0.6300
  F1 分数 (F1):       0.6318
[New] Epoch 361/1000 | classify: 2.7021 | voltage: 1.0823 | conc: 0.0008 | consistency: 0.3119 | polarity: 2.4760 | monodec: 0.0001 | rule: 231.5372 | group: 1.9584 | tree: 5.9092 | total: 2.8774
[New] Epoch 362/1000 | classify: 2.6457 | voltage: 1.0936 | conc: 0.0010 | consistency: 0.3121 | polarity: 2.4477 | monodec: 0.0001 | rule: 228.0368 | group: 1.9337 | tree: 5.7380 | total: 2.8199
[New] Epoch 363/1000 | classify: 2.8994 | voltage: 1.0888 | conc: 0.0012 | consistency: 0.3117 | polarity: 2.5527 | monodec: 0.0001 | rule: 229.9212 | group: 2.0103 | tree: 5.9931 | total: 3.0748
[New] Epoch 364/1000 | classify: 2.6946 | voltage: 1.0813 | conc: 0.0012 | consistency: 0.3116 | polarity: 2.4726 | monodec: 0.0001 | rule: 213.3640 | group: 1.9977 | tree: 5.7445 | total: 2.8610
[New] Epoch 365/1000 | classify: 2.6788 | voltage: 1.0867 | conc: 0.0008 | consistency: 0.3119 | polarity: 2.4785 | monodec: 0.0001 | rule: 234.1731 | group: 1.9413 | tree: 6.0264 | total: 2.8556
[New] Epoch 366/1000 | classify: 2.7115 | voltage: 1.0843 | conc: 0.0013 | consistency: 0.3121 | polarity: 2.4837 | monodec: 0.0001 | rule: 227.7166 | group: 1.9781 | tree: 5.7939 | total: 2.8854
[New] Epoch 367/1000 | classify: 2.7627 | voltage: 1.1373 | conc: 0.0012 | consistency: 0.3126 | polarity: 2.4947 | monodec: 0.0001 | rule: 215.9287 | group: 2.0202 | tree: 5.6862 | total: 2.9332
[New] Epoch 368/1000 | classify: 2.9349 | voltage: 1.1092 | conc: 0.0010 | consistency: 0.3132 | polarity: 2.5203 | monodec: 0.0001 | rule: 240.6935 | group: 1.9910 | tree: 5.9289 | total: 3.1163
[New] Epoch 369/1000 | classify: 2.7097 | voltage: 1.1209 | conc: 0.0009 | consistency: 0.3136 | polarity: 2.4490 | monodec: 0.0001 | rule: 240.8761 | group: 1.9572 | tree: 5.8668 | total: 2.8917
[New] Epoch 370/1000 | classify: 2.9701 | voltage: 1.1250 | conc: 0.0010 | consistency: 0.3140 | polarity: 2.5201 | monodec: 0.0001 | rule: 241.7817 | group: 1.9539 | tree: 5.7720 | total: 3.1528
--- 验证集 [epoch 370] ---
  准确率 (Accuracy):  0.6712
  精确率 (Precision): 0.5605
  召回率 (Recall):    0.5393
  F1 分数 (F1):       0.5192
[New] Epoch 371/1000 | classify: 2.6666 | voltage: 1.1302 | conc: 0.0006 | consistency: 0.3146 | polarity: 2.4087 | monodec: 0.0001 | rule: 213.9321 | group: 1.8397 | tree: 5.3127 | total: 2.8349
[New] Epoch 372/1000 | classify: 2.6814 | voltage: 1.1593 | conc: 0.0011 | consistency: 0.3149 | polarity: 2.4436 | monodec: 0.0001 | rule: 214.2685 | group: 1.9245 | tree: 5.6287 | total: 2.8520
[New] Epoch 373/1000 | classify: 2.6701 | voltage: 1.1007 | conc: 0.0008 | consistency: 0.3146 | polarity: 2.4213 | monodec: 0.0001 | rule: 243.7136 | group: 1.8603 | tree: 5.4484 | total: 2.8522
[New] Epoch 374/1000 | classify: 2.8360 | voltage: 1.1324 | conc: 0.0010 | consistency: 0.3147 | polarity: 2.5433 | monodec: 0.0001 | rule: 248.4301 | group: 1.9733 | tree: 5.9045 | total: 3.0224
[New] Epoch 375/1000 | classify: 2.9257 | voltage: 1.1224 | conc: 0.0012 | consistency: 0.3152 | polarity: 2.5954 | monodec: 0.0001 | rule: 251.0996 | group: 2.0151 | tree: 6.2764 | total: 3.1134
[New] Epoch 376/1000 | classify: 2.7443 | voltage: 1.1573 | conc: 0.0008 | consistency: 0.3152 | polarity: 2.4730 | monodec: 0.0001 | rule: 222.4777 | group: 1.9248 | tree: 5.6908 | total: 2.9187
[New] Epoch 377/1000 | classify: 2.6835 | voltage: 1.1420 | conc: 0.0011 | consistency: 0.3146 | polarity: 2.4552 | monodec: 0.0001 | rule: 238.1485 | group: 1.9820 | tree: 6.0100 | total: 2.8654
[New] Epoch 378/1000 | classify: 2.8040 | voltage: 1.1385 | conc: 0.0011 | consistency: 0.3147 | polarity: 2.4870 | monodec: 0.0001 | rule: 248.5114 | group: 1.9349 | tree: 6.0861 | total: 2.9910
[New] Epoch 379/1000 | classify: 2.7363 | voltage: 1.1687 | conc: 0.0011 | consistency: 0.3147 | polarity: 2.4920 | monodec: 0.0001 | rule: 229.1746 | group: 1.9958 | tree: 5.8568 | total: 2.9150
[New] Epoch 380/1000 | classify: 2.7830 | voltage: 1.1486 | conc: 0.0008 | consistency: 0.3145 | polarity: 2.4862 | monodec: 0.0001 | rule: 226.7040 | group: 1.9444 | tree: 5.7566 | total: 2.9591
--- 验证集 [epoch 380] ---
  准确率 (Accuracy):  0.7123
  精确率 (Precision): 0.6679
  召回率 (Recall):    0.5971
  F1 分数 (F1):       0.5909
[New] Epoch 381/1000 | classify: 2.8577 | voltage: 1.1640 | conc: 0.0010 | consistency: 0.3148 | polarity: 2.5284 | monodec: 0.0001 | rule: 220.1213 | group: 2.0132 | tree: 5.6361 | total: 3.0314
[New] Epoch 382/1000 | classify: 2.8971 | voltage: 1.1058 | conc: 0.0010 | consistency: 0.3148 | polarity: 2.5228 | monodec: 0.0001 | rule: 244.5282 | group: 1.9635 | tree: 6.0604 | total: 3.0803
[New] Epoch 383/1000 | classify: 2.7635 | voltage: 1.1597 | conc: 0.0011 | consistency: 0.3151 | polarity: 2.5334 | monodec: 0.0001 | rule: 225.5711 | group: 1.9894 | tree: 5.8324 | total: 2.9399
[New] Epoch 384/1000 | classify: 2.6577 | voltage: 1.1550 | conc: 0.0012 | consistency: 0.3150 | polarity: 2.5022 | monodec: 0.0001 | rule: 220.8453 | group: 1.9150 | tree: 5.8178 | total: 2.8316
[New] Epoch 385/1000 | classify: 2.6385 | voltage: 1.1539 | conc: 0.0009 | consistency: 0.3146 | polarity: 2.4757 | monodec: 0.0001 | rule: 225.7668 | group: 1.9242 | tree: 5.5597 | total: 2.8144
[New] Epoch 386/1000 | classify: 2.6513 | voltage: 1.1648 | conc: 0.0009 | consistency: 0.3146 | polarity: 2.4108 | monodec: 0.0001 | rule: 210.0307 | group: 1.9033 | tree: 5.5562 | total: 2.8198
[New] Epoch 387/1000 | classify: 2.6810 | voltage: 1.1435 | conc: 0.0012 | consistency: 0.3148 | polarity: 2.4725 | monodec: 0.0001 | rule: 231.8742 | group: 1.9077 | tree: 5.7148 | total: 2.8598
[New] Epoch 388/1000 | classify: 2.6001 | voltage: 1.1675 | conc: 0.0010 | consistency: 0.3151 | polarity: 2.4530 | monodec: 0.0001 | rule: 217.4555 | group: 1.9533 | tree: 5.8664 | total: 2.7727
[New] Epoch 389/1000 | classify: 2.7081 | voltage: 1.1879 | conc: 0.0009 | consistency: 0.3152 | polarity: 2.4927 | monodec: 0.0001 | rule: 227.1619 | group: 1.9924 | tree: 5.7892 | total: 2.8865
[New] Epoch 390/1000 | classify: 2.8430 | voltage: 1.1962 | conc: 0.0010 | consistency: 0.3152 | polarity: 2.5025 | monodec: 0.0001 | rule: 214.0279 | group: 2.0079 | tree: 5.7721 | total: 3.0154
--- 验证集 [epoch 390] ---
  准确率 (Accuracy):  0.6712
  精确率 (Precision): 0.5736
  召回率 (Recall):    0.5385
  F1 分数 (F1):       0.5346
[New] Epoch 391/1000 | classify: 2.8578 | voltage: 1.1908 | conc: 0.0012 | consistency: 0.3155 | polarity: 2.5591 | monodec: 0.0000 | rule: 220.0805 | group: 2.0957 | tree: 6.3622 | total: 3.0335
[New] Epoch 392/1000 | classify: 2.8066 | voltage: 1.1821 | conc: 0.0010 | consistency: 0.3160 | polarity: 2.4788 | monodec: 0.0001 | rule: 247.3728 | group: 1.9357 | tree: 5.7583 | total: 2.9949
[New] Epoch 393/1000 | classify: 2.9893 | voltage: 1.2089 | conc: 0.0012 | consistency: 0.3166 | polarity: 2.5858 | monodec: 0.0001 | rule: 252.9086 | group: 2.0653 | tree: 6.1822 | total: 3.1822
[New] Epoch 394/1000 | classify: 3.0115 | voltage: 1.1981 | conc: 0.0012 | consistency: 0.3165 | polarity: 2.5735 | monodec: 0.0001 | rule: 237.6155 | group: 2.0818 | tree: 6.1624 | total: 3.1962
[New] Epoch 395/1000 | classify: 2.9933 | voltage: 1.2182 | conc: 0.0011 | consistency: 0.3171 | polarity: 2.5400 | monodec: 0.0000 | rule: 228.8734 | group: 2.0317 | tree: 5.9256 | total: 3.1743
[New] Epoch 396/1000 | classify: 2.7435 | voltage: 1.2163 | conc: 0.0007 | consistency: 0.3169 | polarity: 2.4771 | monodec: 0.0001 | rule: 227.6013 | group: 1.9210 | tree: 5.7249 | total: 2.9234
[New] Epoch 397/1000 | classify: 2.7583 | voltage: 1.1811 | conc: 0.0008 | consistency: 0.3167 | polarity: 2.4414 | monodec: 0.0001 | rule: 228.3020 | group: 1.9146 | tree: 5.5741 | total: 2.9367
[New] Epoch 398/1000 | classify: 2.9692 | voltage: 1.2138 | conc: 0.0013 | consistency: 0.3168 | polarity: 2.5381 | monodec: 0.0001 | rule: 219.8963 | group: 1.9986 | tree: 5.9361 | total: 3.1457
[New] Epoch 399/1000 | classify: 2.9199 | voltage: 1.2036 | conc: 0.0014 | consistency: 0.3168 | polarity: 2.5833 | monodec: 0.0001 | rule: 238.8554 | group: 2.0383 | tree: 6.0606 | total: 3.1056
[New] Epoch 400/1000 | classify: 2.7205 | voltage: 1.1958 | conc: 0.0011 | consistency: 0.3167 | polarity: 2.4465 | monodec: 0.0001 | rule: 250.6502 | group: 1.9330 | tree: 5.6276 | total: 2.9112
--- 验证集 [epoch 400] ---
  准确率 (Accuracy):  0.7055
  精确率 (Precision): 0.7071
  召回率 (Recall):    0.5983
  F1 分数 (F1):       0.6012
✅ 模型已保存到 /home/kudouzala/Application/ion_detect/output/trained_model_save/exp_new_f_num_tp2/trained_model_epoch_400.pth
📁 损失值已保存到 /home/kudouzala/Application/ion_detect/output/trained_model_save/exp_new_f_num_tp2/training_loss_epoch_400.csv
[New] Epoch 401/1000 | classify: 2.7770 | voltage: 1.2077 | conc: 0.0009 | consistency: 0.3165 | polarity: 2.4307 | monodec: 0.0001 | rule: 224.5841 | group: 1.8824 | tree: 5.3804 | total: 2.9549
[New] Epoch 402/1000 | classify: 2.7271 | voltage: 1.2087 | conc: 0.0009 | consistency: 0.3163 | polarity: 2.4761 | monodec: 0.0001 | rule: 215.2894 | group: 1.9379 | tree: 5.7029 | total: 2.9006
[New] Epoch 403/1000 | classify: 2.7313 | voltage: 1.1963 | conc: 0.0008 | consistency: 0.3163 | polarity: 2.4413 | monodec: 0.0001 | rule: 228.2700 | group: 1.8784 | tree: 5.5453 | total: 2.9105
[New] Epoch 404/1000 | classify: 2.9409 | voltage: 1.2184 | conc: 0.0009 | consistency: 0.3162 | polarity: 2.4967 | monodec: 0.0001 | rule: 237.7686 | group: 1.9887 | tree: 5.7930 | total: 3.1261
[New] Epoch 405/1000 | classify: 2.6876 | voltage: 1.1870 | conc: 0.0008 | consistency: 0.3164 | polarity: 2.4266 | monodec: 0.0001 | rule: 241.2916 | group: 1.9001 | tree: 5.5770 | total: 2.8727
[New] Epoch 406/1000 | classify: 2.7087 | voltage: 1.2073 | conc: 0.0009 | consistency: 0.3152 | polarity: 2.4578 | monodec: 0.0001 | rule: 225.7262 | group: 1.9745 | tree: 5.9273 | total: 2.8875
[New] Epoch 407/1000 | classify: 2.8535 | voltage: 1.1786 | conc: 0.0008 | consistency: 0.3144 | polarity: 2.4876 | monodec: 0.0001 | rule: 237.1376 | group: 1.9590 | tree: 5.7048 | total: 3.0363
[New] Epoch 408/1000 | classify: 2.9888 | voltage: 1.2061 | conc: 0.0010 | consistency: 0.3145 | polarity: 2.4757 | monodec: 0.0001 | rule: 219.6791 | group: 1.9226 | tree: 5.7502 | total: 3.1644
[New] Epoch 409/1000 | classify: 2.7561 | voltage: 1.1841 | conc: 0.0009 | consistency: 0.3145 | polarity: 2.4055 | monodec: 0.0001 | rule: 234.6890 | group: 1.8457 | tree: 5.3713 | total: 2.9379
[New] Epoch 410/1000 | classify: 2.8444 | voltage: 1.2315 | conc: 0.0008 | consistency: 0.3145 | polarity: 2.5015 | monodec: 0.0001 | rule: 210.1852 | group: 2.0063 | tree: 6.0200 | total: 3.0165
--- 验证集 [epoch 410] ---
  准确率 (Accuracy):  0.6849
  精确率 (Precision): 0.4458
  召回率 (Recall):    0.4978
  F1 分数 (F1):       0.4573
[New] Epoch 411/1000 | classify: 2.7030 | voltage: 1.1748 | conc: 0.0008 | consistency: 0.3143 | polarity: 2.4306 | monodec: 0.0001 | rule: 213.9536 | group: 1.9276 | tree: 5.8027 | total: 2.8741
[New] Epoch 412/1000 | classify: 2.7155 | voltage: 1.2018 | conc: 0.0008 | consistency: 0.3141 | polarity: 2.4401 | monodec: 0.0001 | rule: 235.4985 | group: 1.9138 | tree: 5.4018 | total: 2.8984
[New] Epoch 413/1000 | classify: 2.9361 | voltage: 1.1937 | conc: 0.0010 | consistency: 0.3143 | polarity: 2.5524 | monodec: 0.0001 | rule: 250.0741 | group: 2.0643 | tree: 6.4507 | total: 3.1268
[New] Epoch 414/1000 | classify: 2.8218 | voltage: 1.1952 | conc: 0.0009 | consistency: 0.3146 | polarity: 2.4674 | monodec: 0.0000 | rule: 232.3877 | group: 1.9380 | tree: 5.7558 | total: 3.0032
[New] Epoch 415/1000 | classify: 2.7417 | voltage: 1.1733 | conc: 0.0010 | consistency: 0.3151 | polarity: 2.4580 | monodec: 0.0000 | rule: 234.9456 | group: 1.9044 | tree: 5.8617 | total: 2.9233
[New] Epoch 416/1000 | classify: 2.8243 | voltage: 1.1795 | conc: 0.0010 | consistency: 0.3154 | polarity: 2.4782 | monodec: 0.0000 | rule: 240.8317 | group: 1.9109 | tree: 5.7263 | total: 3.0091
[New] Epoch 417/1000 | classify: 2.8460 | voltage: 1.1963 | conc: 0.0010 | consistency: 0.3158 | polarity: 2.4681 | monodec: 0.0000 | rule: 216.2842 | group: 1.9168 | tree: 5.7159 | total: 3.0194
[New] Epoch 418/1000 | classify: 2.8927 | voltage: 1.2103 | conc: 0.0008 | consistency: 0.3154 | polarity: 2.4910 | monodec: 0.0001 | rule: 230.0809 | group: 1.9496 | tree: 5.5995 | total: 3.0735
[New] Epoch 419/1000 | classify: 2.9164 | voltage: 1.2071 | conc: 0.0011 | consistency: 0.3154 | polarity: 2.5218 | monodec: 0.0001 | rule: 235.8803 | group: 1.9700 | tree: 5.7953 | total: 3.1004
[New] Epoch 420/1000 | classify: 2.7450 | voltage: 1.1995 | conc: 0.0008 | consistency: 0.3152 | polarity: 2.4001 | monodec: 0.0001 | rule: 237.6480 | group: 1.8554 | tree: 5.3555 | total: 2.9289
--- 验证集 [epoch 420] ---
  准确率 (Accuracy):  0.6986
  精确率 (Precision): 0.4990
  召回率 (Recall):    0.5503
  F1 分数 (F1):       0.5106
[New] Epoch 421/1000 | classify: 2.8965 | voltage: 1.1632 | conc: 0.0013 | consistency: 0.3152 | polarity: 2.5517 | monodec: 0.0001 | rule: 255.2316 | group: 1.9785 | tree: 5.9191 | total: 3.0882
[New] Epoch 422/1000 | classify: 2.8024 | voltage: 1.2009 | conc: 0.0009 | consistency: 0.3158 | polarity: 2.4580 | monodec: 0.0001 | rule: 221.2085 | group: 1.9405 | tree: 5.5643 | total: 2.9784
[New] Epoch 423/1000 | classify: 2.6931 | voltage: 1.2009 | conc: 0.0012 | consistency: 0.3159 | polarity: 2.4520 | monodec: 0.0001 | rule: 233.8616 | group: 1.9278 | tree: 5.7842 | total: 2.8758
[New] Epoch 424/1000 | classify: 2.7043 | voltage: 1.1977 | conc: 0.0008 | consistency: 0.3155 | polarity: 2.4504 | monodec: 0.0001 | rule: 248.8707 | group: 1.8840 | tree: 5.5659 | total: 2.8938
[New] Epoch 425/1000 | classify: 2.6385 | voltage: 1.2209 | conc: 0.0009 | consistency: 0.3152 | polarity: 2.4097 | monodec: 0.0001 | rule: 224.3912 | group: 1.8832 | tree: 5.3828 | total: 2.8169
[New] Epoch 426/1000 | classify: 2.8490 | voltage: 1.1902 | conc: 0.0009 | consistency: 0.3145 | polarity: 2.4285 | monodec: 0.0001 | rule: 220.6232 | group: 1.8876 | tree: 5.6912 | total: 3.0241
[New] Epoch 427/1000 | classify: 2.8613 | voltage: 1.2071 | conc: 0.0009 | consistency: 0.3146 | polarity: 2.5363 | monodec: 0.0001 | rule: 232.7807 | group: 2.0265 | tree: 6.0957 | total: 3.0437
[New] Epoch 428/1000 | classify: 2.9245 | voltage: 1.2030 | conc: 0.0011 | consistency: 0.3149 | polarity: 2.5273 | monodec: 0.0000 | rule: 240.6750 | group: 1.9727 | tree: 5.8059 | total: 3.1106
[New] Epoch 429/1000 | classify: 2.8279 | voltage: 1.2391 | conc: 0.0011 | consistency: 0.3153 | polarity: 2.4473 | monodec: 0.0001 | rule: 212.8779 | group: 1.9784 | tree: 5.6897 | total: 3.0019
[New] Epoch 430/1000 | classify: 3.0461 | voltage: 1.1927 | conc: 0.0013 | consistency: 0.3157 | polarity: 2.5894 | monodec: 0.0001 | rule: 240.0172 | group: 2.0176 | tree: 5.9526 | total: 3.2317
--- 验证集 [epoch 430] ---
  准确率 (Accuracy):  0.7260
  精确率 (Precision): 0.6519
  召回率 (Recall):    0.6023
  F1 分数 (F1):       0.6056
[New] Epoch 431/1000 | classify: 2.6894 | voltage: 1.2327 | conc: 0.0007 | consistency: 0.3163 | polarity: 2.4234 | monodec: 0.0000 | rule: 223.7287 | group: 1.9059 | tree: 5.8080 | total: 2.8681
[New] Epoch 432/1000 | classify: 2.8973 | voltage: 1.2413 | conc: 0.0007 | consistency: 0.3162 | polarity: 2.4266 | monodec: 0.0000 | rule: 219.6203 | group: 1.8977 | tree: 5.7783 | total: 3.0744
[New] Epoch 433/1000 | classify: 2.9568 | voltage: 1.2564 | conc: 0.0011 | consistency: 0.3168 | polarity: 2.5187 | monodec: 0.0001 | rule: 222.4017 | group: 1.9726 | tree: 5.8602 | total: 3.1365
[New] Epoch 434/1000 | classify: 2.7765 | voltage: 1.1972 | conc: 0.0010 | consistency: 0.3172 | polarity: 2.4685 | monodec: 0.0000 | rule: 256.6299 | group: 1.9091 | tree: 5.7151 | total: 2.9701
[New] Epoch 435/1000 | classify: 3.1301 | voltage: 1.2336 | conc: 0.0012 | consistency: 0.3173 | polarity: 2.5634 | monodec: 0.0001 | rule: 236.0802 | group: 2.0195 | tree: 6.1924 | total: 3.3158
[New] Epoch 436/1000 | classify: 3.0790 | voltage: 1.2473 | conc: 0.0008 | consistency: 0.3176 | polarity: 2.5338 | monodec: 0.0000 | rule: 223.2312 | group: 1.9899 | tree: 6.0777 | total: 3.2585
[New] Epoch 437/1000 | classify: 2.9190 | voltage: 1.2476 | conc: 0.0012 | consistency: 0.3182 | polarity: 2.5147 | monodec: 0.0001 | rule: 242.9062 | group: 2.0023 | tree: 5.7604 | total: 3.1086
[New] Epoch 438/1000 | classify: 3.0334 | voltage: 1.2573 | conc: 0.0010 | consistency: 0.3187 | polarity: 2.4944 | monodec: 0.0000 | rule: 238.1762 | group: 1.9697 | tree: 5.7835 | total: 3.2208
[New] Epoch 439/1000 | classify: 2.9986 | voltage: 1.2488 | conc: 0.0007 | consistency: 0.3182 | polarity: 2.4558 | monodec: 0.0000 | rule: 233.1933 | group: 1.9254 | tree: 5.6767 | total: 3.1828
[New] Epoch 440/1000 | classify: 2.8421 | voltage: 1.2486 | conc: 0.0008 | consistency: 0.3182 | polarity: 2.4364 | monodec: 0.0001 | rule: 221.6081 | group: 1.8910 | tree: 5.6844 | total: 3.0205
--- 验证集 [epoch 440] ---
  准确率 (Accuracy):  0.7260
  精确率 (Precision): 0.6978
  召回率 (Recall):    0.6038
  F1 分数 (F1):       0.5874
[New] Epoch 441/1000 | classify: 2.8451 | voltage: 1.2220 | conc: 0.0012 | consistency: 0.3178 | polarity: 2.4554 | monodec: 0.0001 | rule: 223.9079 | group: 1.9440 | tree: 5.8675 | total: 3.0239
[New] Epoch 442/1000 | classify: 3.0316 | voltage: 1.2666 | conc: 0.0013 | consistency: 0.3179 | polarity: 2.5019 | monodec: 0.0001 | rule: 230.9290 | group: 2.0233 | tree: 5.9811 | total: 3.2163
[New] Epoch 443/1000 | classify: 2.9612 | voltage: 1.2276 | conc: 0.0011 | consistency: 0.3179 | polarity: 2.5122 | monodec: 0.0000 | rule: 240.6152 | group: 1.9625 | tree: 5.9236 | total: 3.1485
[New] Epoch 444/1000 | classify: 2.9129 | voltage: 1.2618 | conc: 0.0008 | consistency: 0.3177 | polarity: 2.4665 | monodec: 0.0001 | rule: 232.4054 | group: 1.9357 | tree: 5.5714 | total: 3.0974
[New] Epoch 445/1000 | classify: 2.9335 | voltage: 1.2699 | conc: 0.0010 | consistency: 0.3182 | polarity: 2.4986 | monodec: 0.0000 | rule: 231.5582 | group: 1.9722 | tree: 5.7765 | total: 3.1182
[New] Epoch 446/1000 | classify: 3.0117 | voltage: 1.2399 | conc: 0.0012 | consistency: 0.3183 | polarity: 2.5438 | monodec: 0.0000 | rule: 244.2831 | group: 1.9878 | tree: 5.8787 | total: 3.2017
[New] Epoch 447/1000 | classify: 3.0431 | voltage: 1.2596 | conc: 0.0009 | consistency: 0.3182 | polarity: 2.4719 | monodec: 0.0000 | rule: 226.7125 | group: 1.9169 | tree: 5.7612 | total: 3.2249
[New] Epoch 448/1000 | classify: 2.9357 | voltage: 1.2489 | conc: 0.0011 | consistency: 0.3177 | polarity: 2.5262 | monodec: 0.0000 | rule: 231.2067 | group: 1.9814 | tree: 5.8205 | total: 3.1194
[New] Epoch 449/1000 | classify: 2.7274 | voltage: 1.2746 | conc: 0.0010 | consistency: 0.3172 | polarity: 2.3889 | monodec: 0.0000 | rule: 203.5255 | group: 1.8998 | tree: 5.4112 | total: 2.8982
[New] Epoch 450/1000 | classify: 2.8839 | voltage: 1.2527 | conc: 0.0012 | consistency: 0.3170 | polarity: 2.4655 | monodec: 0.0000 | rule: 224.9523 | group: 1.9934 | tree: 5.7680 | total: 3.0647
--- 验证集 [epoch 450] ---
  准确率 (Accuracy):  0.6781
  精确率 (Precision): 0.5803
  召回率 (Recall):    0.5452
  F1 分数 (F1):       0.5316
✅ 模型已保存到 /home/kudouzala/Application/ion_detect/output/trained_model_save/exp_new_f_num_tp2/trained_model_epoch_450.pth
📁 损失值已保存到 /home/kudouzala/Application/ion_detect/output/trained_model_save/exp_new_f_num_tp2/training_loss_epoch_450.csv
[New] Epoch 451/1000 | classify: 3.0087 | voltage: 1.2290 | conc: 0.0011 | consistency: 0.3172 | polarity: 2.5023 | monodec: 0.0001 | rule: 221.4136 | group: 1.9738 | tree: 5.6188 | total: 3.1864
[New] Epoch 452/1000 | classify: 2.8955 | voltage: 1.2403 | conc: 0.0010 | consistency: 0.3165 | polarity: 2.4496 | monodec: 0.0000 | rule: 223.9096 | group: 1.9318 | tree: 5.6850 | total: 3.0749
[New] Epoch 453/1000 | classify: 3.1363 | voltage: 1.2442 | conc: 0.0011 | consistency: 0.3166 | polarity: 2.5418 | monodec: 0.0001 | rule: 232.1909 | group: 1.9816 | tree: 5.8177 | total: 3.3202
[New] Epoch 454/1000 | classify: 2.6969 | voltage: 1.2173 | conc: 0.0013 | consistency: 0.3169 | polarity: 2.4575 | monodec: 0.0000 | rule: 226.3323 | group: 1.9156 | tree: 5.8018 | total: 2.8767
[New] Epoch 455/1000 | classify: 2.8589 | voltage: 1.2394 | conc: 0.0010 | consistency: 0.3168 | polarity: 2.4968 | monodec: 0.0000 | rule: 223.7222 | group: 1.9674 | tree: 5.6906 | total: 3.0382
[New] Epoch 456/1000 | classify: 2.8597 | voltage: 1.2511 | conc: 0.0009 | consistency: 0.3167 | polarity: 2.4156 | monodec: 0.0000 | rule: 215.0732 | group: 1.8859 | tree: 5.4237 | total: 3.0350
[New] Epoch 457/1000 | classify: 3.0429 | voltage: 1.2198 | conc: 0.0009 | consistency: 0.3167 | polarity: 2.4869 | monodec: 0.0000 | rule: 239.5983 | group: 1.9010 | tree: 5.4695 | total: 3.2290
[New] Epoch 458/1000 | classify: 2.9259 | voltage: 1.2818 | conc: 0.0008 | consistency: 0.3167 | polarity: 2.4718 | monodec: 0.0000 | rule: 228.5298 | group: 1.9531 | tree: 5.8817 | total: 3.1096
[New] Epoch 459/1000 | classify: 2.6213 | voltage: 1.2631 | conc: 0.0010 | consistency: 0.3161 | polarity: 2.4142 | monodec: 0.0000 | rule: 220.6695 | group: 1.8848 | tree: 5.5720 | total: 2.8001
[New] Epoch 460/1000 | classify: 3.0420 | voltage: 1.2389 | conc: 0.0010 | consistency: 0.3160 | polarity: 2.5261 | monodec: 0.0000 | rule: 233.4055 | group: 1.9945 | tree: 5.8385 | total: 3.2262
--- 验证集 [epoch 460] ---
  准确率 (Accuracy):  0.7055
  精确率 (Precision): 0.5069
  召回率 (Recall):    0.5366
  F1 分数 (F1):       0.5150
[New] Epoch 461/1000 | classify: 2.9497 | voltage: 1.2381 | conc: 0.0008 | consistency: 0.3161 | polarity: 2.4615 | monodec: 0.0000 | rule: 233.4221 | group: 1.9521 | tree: 5.8518 | total: 3.1337
[New] Epoch 462/1000 | classify: 2.8822 | voltage: 1.2463 | conc: 0.0010 | consistency: 0.3165 | polarity: 2.4831 | monodec: 0.0000 | rule: 225.6706 | group: 1.9281 | tree: 5.6823 | total: 3.0627
[New] Epoch 463/1000 | classify: 2.8727 | voltage: 1.2453 | conc: 0.0012 | consistency: 0.3166 | polarity: 2.4526 | monodec: 0.0000 | rule: 239.1218 | group: 1.9113 | tree: 5.6698 | total: 3.0602
[New] Epoch 464/1000 | classify: 3.0455 | voltage: 1.2368 | conc: 0.0009 | consistency: 0.3166 | polarity: 2.4975 | monodec: 0.0000 | rule: 230.4854 | group: 1.9619 | tree: 5.9474 | total: 3.2281
[New] Epoch 465/1000 | classify: 2.9042 | voltage: 1.2662 | conc: 0.0008 | consistency: 0.3171 | polarity: 2.4435 | monodec: 0.0001 | rule: 224.2596 | group: 1.9205 | tree: 5.6242 | total: 3.0849
[New] Epoch 466/1000 | classify: 2.9138 | voltage: 1.2499 | conc: 0.0008 | consistency: 0.3172 | polarity: 2.5085 | monodec: 0.0000 | rule: 216.8648 | group: 1.9737 | tree: 5.8368 | total: 3.0901
[New] Epoch 467/1000 | classify: 2.7906 | voltage: 1.2561 | conc: 0.0009 | consistency: 0.3170 | polarity: 2.4516 | monodec: 0.0000 | rule: 231.1012 | group: 1.9172 | tree: 5.7553 | total: 2.9743
[New] Epoch 468/1000 | classify: 2.9965 | voltage: 1.2699 | conc: 0.0011 | consistency: 0.3176 | polarity: 2.4992 | monodec: 0.0000 | rule: 216.9252 | group: 1.9418 | tree: 5.6195 | total: 3.1740
[New] Epoch 469/1000 | classify: 2.7478 | voltage: 1.2629 | conc: 0.0010 | consistency: 0.3178 | polarity: 2.3977 | monodec: 0.0000 | rule: 215.2330 | group: 1.8840 | tree: 5.5388 | total: 2.9238
[New] Epoch 470/1000 | classify: 3.0270 | voltage: 1.2554 | conc: 0.0010 | consistency: 0.3174 | polarity: 2.5472 | monodec: 0.0000 | rule: 233.7635 | group: 2.0330 | tree: 6.0572 | total: 3.2124
--- 验证集 [epoch 470] ---
  准确率 (Accuracy):  0.6712
  精确率 (Precision): 0.5208
  召回率 (Recall):    0.5520
  F1 分数 (F1):       0.5229
[New] Epoch 471/1000 | classify: 3.1395 | voltage: 1.2889 | conc: 0.0010 | consistency: 0.3181 | polarity: 2.4839 | monodec: 0.0000 | rule: 234.9627 | group: 1.9388 | tree: 5.7565 | total: 3.3269
[New] Epoch 472/1000 | classify: 2.9390 | voltage: 1.2397 | conc: 0.0012 | consistency: 0.3181 | polarity: 2.4426 | monodec: 0.0000 | rule: 252.8665 | group: 1.8554 | tree: 5.7501 | total: 3.1330
[New] Epoch 473/1000 | classify: 2.6987 | voltage: 1.2384 | conc: 0.0008 | consistency: 0.3175 | polarity: 2.3696 | monodec: 0.0000 | rule: 228.6394 | group: 1.8039 | tree: 5.3861 | total: 2.8799
[New] Epoch 474/1000 | classify: 2.7274 | voltage: 1.2632 | conc: 0.0010 | consistency: 0.3170 | polarity: 2.3943 | monodec: 0.0000 | rule: 239.4442 | group: 1.9040 | tree: 5.4904 | total: 2.9156
[New] Epoch 475/1000 | classify: 2.9260 | voltage: 1.2472 | conc: 0.0009 | consistency: 0.3167 | polarity: 2.4550 | monodec: 0.0000 | rule: 222.6070 | group: 1.8862 | tree: 5.5791 | total: 3.1050
[New] Epoch 476/1000 | classify: 2.8624 | voltage: 1.2707 | conc: 0.0009 | consistency: 0.3162 | polarity: 2.4649 | monodec: 0.0000 | rule: 220.1372 | group: 1.9372 | tree: 5.9295 | total: 3.0414
[New] Epoch 477/1000 | classify: 2.9387 | voltage: 1.2365 | conc: 0.0008 | consistency: 0.3164 | polarity: 2.4869 | monodec: 0.0000 | rule: 227.5491 | group: 1.9716 | tree: 5.7143 | total: 3.1196
[New] Epoch 478/1000 | classify: 2.9568 | voltage: 1.2313 | conc: 0.0011 | consistency: 0.3166 | polarity: 2.4877 | monodec: 0.0000 | rule: 246.5571 | group: 1.9387 | tree: 5.8942 | total: 3.1472
[New] Epoch 479/1000 | classify: 2.8556 | voltage: 1.2485 | conc: 0.0012 | consistency: 0.3166 | polarity: 2.4270 | monodec: 0.0000 | rule: 214.9205 | group: 1.9407 | tree: 5.7069 | total: 3.0312
[New] Epoch 480/1000 | classify: 2.9589 | voltage: 1.2603 | conc: 0.0013 | consistency: 0.3168 | polarity: 2.4830 | monodec: 0.0000 | rule: 233.4602 | group: 1.9767 | tree: 5.8465 | total: 3.1445
--- 验证集 [epoch 480] ---
  准确率 (Accuracy):  0.6849
  精确率 (Precision): 0.5923
  召回率 (Recall):    0.5446
  F1 分数 (F1):       0.5430
[New] Epoch 481/1000 | classify: 2.9607 | voltage: 1.2436 | conc: 0.0008 | consistency: 0.3172 | polarity: 2.4486 | monodec: 0.0000 | rule: 251.0658 | group: 1.8972 | tree: 5.6766 | total: 3.1536
[New] Epoch 482/1000 | classify: 2.8542 | voltage: 1.2963 | conc: 0.0008 | consistency: 0.3174 | polarity: 2.4230 | monodec: 0.0000 | rule: 212.1928 | group: 1.8844 | tree: 5.6119 | total: 3.0304
[New] Epoch 483/1000 | classify: 2.8728 | voltage: 1.2511 | conc: 0.0007 | consistency: 0.3175 | polarity: 2.4277 | monodec: 0.0000 | rule: 237.2289 | group: 1.8465 | tree: 5.6621 | total: 3.0592
[New] Epoch 484/1000 | classify: 2.8179 | voltage: 1.2730 | conc: 0.0009 | consistency: 0.3174 | polarity: 2.4473 | monodec: 0.0000 | rule: 231.9268 | group: 1.9175 | tree: 5.8672 | total: 3.0030
[New] Epoch 485/1000 | classify: 2.8276 | voltage: 1.2595 | conc: 0.0007 | consistency: 0.3169 | polarity: 2.4557 | monodec: 0.0000 | rule: 234.8089 | group: 1.9289 | tree: 5.8390 | total: 3.0132
[New] Epoch 486/1000 | classify: 2.8617 | voltage: 1.2560 | conc: 0.0006 | consistency: 0.3169 | polarity: 2.4163 | monodec: 0.0000 | rule: 213.7289 | group: 1.9112 | tree: 5.5169 | total: 3.0364
[New] Epoch 487/1000 | classify: 2.9397 | voltage: 1.2348 | conc: 0.0008 | consistency: 0.3165 | polarity: 2.4610 | monodec: 0.0000 | rule: 231.3629 | group: 1.9238 | tree: 5.7243 | total: 3.1224
[New] Epoch 488/1000 | classify: 2.9581 | voltage: 1.2303 | conc: 0.0009 | consistency: 0.3162 | polarity: 2.5314 | monodec: 0.0000 | rule: 231.0899 | group: 1.9645 | tree: 5.9713 | total: 3.1407
[New] Epoch 489/1000 | classify: 2.8355 | voltage: 1.2292 | conc: 0.0012 | consistency: 0.3162 | polarity: 2.4312 | monodec: 0.0000 | rule: 232.7189 | group: 1.8928 | tree: 5.6808 | total: 3.0189
[New] Epoch 490/1000 | classify: 3.2361 | voltage: 1.2577 | conc: 0.0010 | consistency: 0.3165 | polarity: 2.5538 | monodec: 0.0000 | rule: 241.6003 | group: 2.0058 | tree: 5.9480 | total: 3.4254
--- 验证集 [epoch 490] ---
  准确率 (Accuracy):  0.6781
  精确率 (Precision): 0.6470
  召回率 (Recall):    0.5255
  F1 分数 (F1):       0.5195
[New] Epoch 491/1000 | classify: 2.9153 | voltage: 1.2613 | conc: 0.0008 | consistency: 0.3169 | polarity: 2.4790 | monodec: 0.0000 | rule: 234.6559 | group: 1.9151 | tree: 5.5231 | total: 3.1009
[New] Epoch 492/1000 | classify: 2.8631 | voltage: 1.2529 | conc: 0.0011 | consistency: 0.3167 | polarity: 2.4776 | monodec: 0.0000 | rule: 228.6966 | group: 1.9238 | tree: 5.7252 | total: 3.0457
[New] Epoch 493/1000 | classify: 3.0506 | voltage: 1.2414 | conc: 0.0010 | consistency: 0.3165 | polarity: 2.4621 | monodec: 0.0000 | rule: 241.3526 | group: 1.9089 | tree: 5.7612 | total: 3.2388
[New] Epoch 494/1000 | classify: 3.0493 | voltage: 1.2642 | conc: 0.0012 | consistency: 0.3168 | polarity: 2.5087 | monodec: 0.0000 | rule: 230.2853 | group: 2.0222 | tree: 6.0771 | total: 3.2336
[New] Epoch 495/1000 | classify: 2.9356 | voltage: 1.2269 | conc: 0.0010 | consistency: 0.3166 | polarity: 2.4726 | monodec: 0.0000 | rule: 250.6469 | group: 1.9053 | tree: 5.8149 | total: 3.1277
[New] Epoch 496/1000 | classify: 2.9540 | voltage: 1.2735 | conc: 0.0008 | consistency: 0.3165 | polarity: 2.4821 | monodec: 0.0000 | rule: 214.7181 | group: 1.9405 | tree: 5.6783 | total: 3.1303
[New] Epoch 497/1000 | classify: 2.8358 | voltage: 1.2408 | conc: 0.0007 | consistency: 0.3158 | polarity: 2.3745 | monodec: 0.0000 | rule: 223.6490 | group: 1.8814 | tree: 5.7232 | total: 3.0149
[New] Epoch 498/1000 | classify: 2.7248 | voltage: 1.2641 | conc: 0.0006 | consistency: 0.3150 | polarity: 2.3429 | monodec: 0.0000 | rule: 204.0587 | group: 1.8429 | tree: 5.2231 | total: 2.8948
[New] Epoch 499/1000 | classify: 3.0214 | voltage: 1.2542 | conc: 0.0009 | consistency: 0.3146 | polarity: 2.5253 | monodec: 0.0000 | rule: 231.4242 | group: 2.0273 | tree: 5.9240 | total: 3.2054
[New] Epoch 500/1000 | classify: 2.9695 | voltage: 1.2451 | conc: 0.0011 | consistency: 0.3143 | polarity: 2.5159 | monodec: 0.0000 | rule: 242.6120 | group: 2.0150 | tree: 5.8510 | total: 3.1587
--- 验证集 [epoch 500] ---
  准确率 (Accuracy):  0.7329
  精确率 (Precision): 0.6669
  召回率 (Recall):    0.5945
  F1 分数 (F1):       0.6111
✅ 模型已保存到 /home/kudouzala/Application/ion_detect/output/trained_model_save/exp_new_f_num_tp2/trained_model_epoch_500.pth
📁 损失值已保存到 /home/kudouzala/Application/ion_detect/output/trained_model_save/exp_new_f_num_tp2/training_loss_epoch_500.csv
[New] Epoch 501/1000 | classify: 3.0088 | voltage: 1.2160 | conc: 0.0011 | consistency: 0.3144 | polarity: 2.5171 | monodec: 0.0000 | rule: 224.3067 | group: 1.9847 | tree: 5.7841 | total: 3.1874
[New] Epoch 502/1000 | classify: 3.1852 | voltage: 1.2280 | conc: 0.0013 | consistency: 0.3142 | polarity: 2.5425 | monodec: 0.0000 | rule: 221.7039 | group: 2.0278 | tree: 6.0134 | total: 3.3634
[New] Epoch 503/1000 | classify: 2.9341 | voltage: 1.2140 | conc: 0.0011 | consistency: 0.3145 | polarity: 2.5084 | monodec: 0.0000 | rule: 252.6090 | group: 1.9480 | tree: 5.8536 | total: 3.1267
[New] Epoch 504/1000 | classify: 2.8962 | voltage: 1.2639 | conc: 0.0012 | consistency: 0.3142 | polarity: 2.5278 | monodec: 0.0000 | rule: 219.0255 | group: 2.0980 | tree: 6.1093 | total: 3.0748
[New] Epoch 505/1000 | classify: 2.8775 | voltage: 1.2017 | conc: 0.0012 | consistency: 0.3138 | polarity: 2.4709 | monodec: 0.0000 | rule: 234.5634 | group: 1.9406 | tree: 5.7812 | total: 3.0606
[New] Epoch 506/1000 | classify: 2.9606 | voltage: 1.2308 | conc: 0.0008 | consistency: 0.3132 | polarity: 2.4851 | monodec: 0.0000 | rule: 236.6748 | group: 1.9437 | tree: 5.6774 | total: 3.1457
[New] Epoch 507/1000 | classify: 2.9961 | voltage: 1.1929 | conc: 0.0012 | consistency: 0.3133 | polarity: 2.5023 | monodec: 0.0000 | rule: 238.5337 | group: 1.9517 | tree: 5.7756 | total: 3.1807
[New] Epoch 508/1000 | classify: 2.8297 | voltage: 1.2558 | conc: 0.0005 | consistency: 0.3133 | polarity: 2.4571 | monodec: 0.0000 | rule: 218.2308 | group: 1.9230 | tree: 5.4948 | total: 3.0065
[New] Epoch 509/1000 | classify: 2.7157 | voltage: 1.2175 | conc: 0.0010 | consistency: 0.3130 | polarity: 2.4262 | monodec: 0.0000 | rule: 223.4575 | group: 1.8969 | tree: 5.4529 | total: 2.8936
[New] Epoch 510/1000 | classify: 2.9616 | voltage: 1.2357 | conc: 0.0009 | consistency: 0.3136 | polarity: 2.4741 | monodec: 0.0000 | rule: 222.5861 | group: 1.9709 | tree: 6.0050 | total: 3.1403
--- 验证集 [epoch 510] ---
  准确率 (Accuracy):  0.7192
  精确率 (Precision): 0.5365
  召回率 (Recall):    0.5514
  F1 分数 (F1):       0.5396
[New] Epoch 511/1000 | classify: 2.8972 | voltage: 1.2303 | conc: 0.0010 | consistency: 0.3137 | polarity: 2.4839 | monodec: 0.0000 | rule: 219.2808 | group: 1.9663 | tree: 5.7651 | total: 3.0739
[New] Epoch 512/1000 | classify: 2.8628 | voltage: 1.2029 | conc: 0.0010 | consistency: 0.3137 | polarity: 2.4329 | monodec: 0.0000 | rule: 239.6200 | group: 1.8973 | tree: 5.4686 | total: 3.0482
[New] Epoch 513/1000 | classify: 2.7830 | voltage: 1.1894 | conc: 0.0010 | consistency: 0.3133 | polarity: 2.4719 | monodec: 0.0000 | rule: 253.5538 | group: 1.9125 | tree: 5.5546 | total: 2.9747
[New] Epoch 514/1000 | classify: 3.0430 | voltage: 1.1672 | conc: 0.0011 | consistency: 0.3127 | polarity: 2.5058 | monodec: 0.0000 | rule: 256.5760 | group: 1.9500 | tree: 5.7428 | total: 3.2352
[New] Epoch 515/1000 | classify: 2.7837 | voltage: 1.2145 | conc: 0.0010 | consistency: 0.3128 | polarity: 2.4516 | monodec: 0.0000 | rule: 235.9020 | group: 1.9415 | tree: 6.0187 | total: 2.9680
[New] Epoch 516/1000 | classify: 2.8396 | voltage: 1.1898 | conc: 0.0012 | consistency: 0.3125 | polarity: 2.4715 | monodec: 0.0000 | rule: 223.4878 | group: 1.9862 | tree: 5.8752 | total: 3.0166
[New] Epoch 517/1000 | classify: 2.9468 | voltage: 1.2465 | conc: 0.0011 | consistency: 0.3123 | polarity: 2.5021 | monodec: 0.0000 | rule: 214.0141 | group: 2.0178 | tree: 5.9723 | total: 3.1218
[New] Epoch 518/1000 | classify: 2.8717 | voltage: 1.2024 | conc: 0.0011 | consistency: 0.3124 | polarity: 2.4623 | monodec: 0.0000 | rule: 227.2029 | group: 1.9029 | tree: 5.5194 | total: 3.0509
[New] Epoch 519/1000 | classify: 2.8666 | voltage: 1.1980 | conc: 0.0011 | consistency: 0.3123 | polarity: 2.4823 | monodec: 0.0000 | rule: 238.6852 | group: 1.9643 | tree: 5.7926 | total: 3.0515
[New] Epoch 520/1000 | classify: 2.8958 | voltage: 1.2072 | conc: 0.0011 | consistency: 0.3124 | polarity: 2.5034 | monodec: 0.0000 | rule: 247.9698 | group: 1.9924 | tree: 5.9513 | total: 3.0859
--- 验证集 [epoch 520] ---
  准确率 (Accuracy):  0.6781
  精确率 (Precision): 0.5352
  召回率 (Recall):    0.5699
  F1 分数 (F1):       0.5360
[New] Epoch 521/1000 | classify: 2.7426 | voltage: 1.1934 | conc: 0.0008 | consistency: 0.3125 | polarity: 2.4025 | monodec: 0.0000 | rule: 241.8414 | group: 1.8727 | tree: 5.5786 | total: 2.9284
[New] Epoch 522/1000 | classify: 2.6805 | voltage: 1.1918 | conc: 0.0008 | consistency: 0.3119 | polarity: 2.3755 | monodec: 0.0000 | rule: 218.7865 | group: 1.8558 | tree: 5.5451 | total: 2.8546
[New] Epoch 523/1000 | classify: 2.9937 | voltage: 1.2027 | conc: 0.0010 | consistency: 0.3119 | polarity: 2.4973 | monodec: 0.0000 | rule: 233.8155 | group: 1.9429 | tree: 5.7599 | total: 3.1762
[New] Epoch 524/1000 | classify: 2.9443 | voltage: 1.2079 | conc: 0.0012 | consistency: 0.3117 | polarity: 2.5074 | monodec: 0.0000 | rule: 220.1626 | group: 2.0328 | tree: 5.7511 | total: 3.1205
[New] Epoch 525/1000 | classify: 2.8881 | voltage: 1.1915 | conc: 0.0008 | consistency: 0.3115 | polarity: 2.4516 | monodec: 0.0000 | rule: 238.6719 | group: 1.8782 | tree: 5.5504 | total: 3.0722
[New] Epoch 526/1000 | classify: 2.9431 | voltage: 1.2055 | conc: 0.0013 | consistency: 0.3114 | polarity: 2.4924 | monodec: 0.0000 | rule: 233.0997 | group: 1.9864 | tree: 5.8898 | total: 3.1258
[New] Epoch 527/1000 | classify: 2.9090 | voltage: 1.2036 | conc: 0.0011 | consistency: 0.3116 | polarity: 2.5187 | monodec: 0.0000 | rule: 230.1765 | group: 2.0258 | tree: 5.9036 | total: 3.0900
[New] Epoch 528/1000 | classify: 2.9166 | voltage: 1.1912 | conc: 0.0010 | consistency: 0.3113 | polarity: 2.4672 | monodec: 0.0000 | rule: 223.9307 | group: 1.9488 | tree: 5.6575 | total: 3.0936
[New] Epoch 529/1000 | classify: 2.8137 | voltage: 1.2168 | conc: 0.0008 | consistency: 0.3112 | polarity: 2.4674 | monodec: 0.0000 | rule: 222.7258 | group: 1.8931 | tree: 5.4781 | total: 2.9911
[New] Epoch 530/1000 | classify: 2.8077 | voltage: 1.1797 | conc: 0.0007 | consistency: 0.3110 | polarity: 2.4064 | monodec: 0.0000 | rule: 223.9066 | group: 1.8648 | tree: 5.4160 | total: 2.9836
--- 验证集 [epoch 530] ---
  准确率 (Accuracy):  0.7397
  精确率 (Precision): 0.6777
  召回率 (Recall):    0.6002
  F1 分数 (F1):       0.6176
[New] Epoch 531/1000 | classify: 2.9442 | voltage: 1.1734 | conc: 0.0008 | consistency: 0.3110 | polarity: 2.4627 | monodec: 0.0000 | rule: 245.7682 | group: 1.9061 | tree: 5.6551 | total: 3.1309
[New] Epoch 532/1000 | classify: 2.6611 | voltage: 1.1993 | conc: 0.0010 | consistency: 0.3112 | polarity: 2.4129 | monodec: 0.0000 | rule: 225.9607 | group: 1.8853 | tree: 5.4731 | total: 2.8393
[New] Epoch 533/1000 | classify: 2.7835 | voltage: 1.1669 | conc: 0.0010 | consistency: 0.3112 | polarity: 2.4434 | monodec: 0.0000 | rule: 244.0533 | group: 1.8660 | tree: 5.4506 | total: 2.9692
[New] Epoch 534/1000 | classify: 2.8577 | voltage: 1.1917 | conc: 0.0008 | consistency: 0.3115 | polarity: 2.4288 | monodec: 0.0000 | rule: 221.5901 | group: 1.8618 | tree: 5.4205 | total: 3.0332
[New] Epoch 535/1000 | classify: 3.1790 | voltage: 1.1804 | conc: 0.0010 | consistency: 0.3118 | polarity: 2.5459 | monodec: 0.0000 | rule: 254.1963 | group: 1.9768 | tree: 6.1316 | total: 3.3708
[New] Epoch 536/1000 | classify: 2.9115 | voltage: 1.1989 | conc: 0.0008 | consistency: 0.3121 | polarity: 2.4756 | monodec: 0.0000 | rule: 227.2679 | group: 1.9566 | tree: 5.7383 | total: 3.0904
[New] Epoch 537/1000 | classify: 2.9962 | voltage: 1.1946 | conc: 0.0008 | consistency: 0.3121 | polarity: 2.5100 | monodec: 0.0000 | rule: 224.9939 | group: 1.9118 | tree: 5.8278 | total: 3.1737
[New] Epoch 538/1000 | classify: 2.8221 | voltage: 1.1724 | conc: 0.0008 | consistency: 0.3121 | polarity: 2.4490 | monodec: 0.0000 | rule: 230.9254 | group: 1.8646 | tree: 5.5741 | total: 3.0014
[New] Epoch 539/1000 | classify: 2.8331 | voltage: 1.2033 | conc: 0.0005 | consistency: 0.3120 | polarity: 2.4030 | monodec: 0.0000 | rule: 222.2482 | group: 1.8762 | tree: 5.4809 | total: 3.0092
[New] Epoch 540/1000 | classify: 2.8125 | voltage: 1.2177 | conc: 0.0012 | consistency: 0.3118 | polarity: 2.4834 | monodec: 0.0000 | rule: 211.1106 | group: 1.9761 | tree: 5.5642 | total: 2.9846
--- 验证集 [epoch 540] ---
  准确率 (Accuracy):  0.6712
  精确率 (Precision): 0.6398
  召回率 (Recall):    0.4701
  F1 分数 (F1):       0.4913
[New] Epoch 541/1000 | classify: 2.6475 | voltage: 1.1682 | conc: 0.0008 | consistency: 0.3115 | polarity: 2.4576 | monodec: 0.0000 | rule: 224.8678 | group: 1.9185 | tree: 5.4020 | total: 2.8235
[New] Epoch 542/1000 | classify: 2.9679 | voltage: 1.1660 | conc: 0.0007 | consistency: 0.3116 | polarity: 2.4734 | monodec: 0.0000 | rule: 243.8516 | group: 1.9323 | tree: 5.8858 | total: 3.1534
[New] Epoch 543/1000 | classify: 2.9795 | voltage: 1.1829 | conc: 0.0009 | consistency: 0.3116 | polarity: 2.4788 | monodec: 0.0000 | rule: 228.9994 | group: 1.9242 | tree: 5.8032 | total: 3.1585
[New] Epoch 544/1000 | classify: 2.9587 | voltage: 1.1959 | conc: 0.0011 | consistency: 0.3114 | polarity: 2.5188 | monodec: 0.0000 | rule: 237.7173 | group: 1.9853 | tree: 5.9121 | total: 3.1431
[New] Epoch 545/1000 | classify: 3.0378 | voltage: 1.1902 | conc: 0.0011 | consistency: 0.3117 | polarity: 2.5453 | monodec: 0.0000 | rule: 243.2536 | group: 1.9458 | tree: 5.7610 | total: 3.2246
[New] Epoch 546/1000 | classify: 3.0100 | voltage: 1.1648 | conc: 0.0014 | consistency: 0.3118 | polarity: 2.5305 | monodec: 0.0000 | rule: 259.5108 | group: 2.0272 | tree: 6.3160 | total: 3.2042
[New] Epoch 547/1000 | classify: 2.7932 | voltage: 1.2053 | conc: 0.0009 | consistency: 0.3121 | polarity: 2.4400 | monodec: 0.0000 | rule: 220.8949 | group: 1.9064 | tree: 5.3983 | total: 2.9691
[New] Epoch 548/1000 | classify: 2.8114 | voltage: 1.1785 | conc: 0.0009 | consistency: 0.3122 | polarity: 2.4901 | monodec: 0.0000 | rule: 237.8498 | group: 1.9404 | tree: 5.8941 | total: 2.9948
[New] Epoch 549/1000 | classify: 2.7007 | voltage: 1.1975 | conc: 0.0010 | consistency: 0.3121 | polarity: 2.4541 | monodec: 0.0000 | rule: 227.9759 | group: 1.9318 | tree: 5.7921 | total: 2.8801
[New] Epoch 550/1000 | classify: 2.9367 | voltage: 1.2072 | conc: 0.0011 | consistency: 0.3123 | polarity: 2.4848 | monodec: 0.0000 | rule: 228.3898 | group: 1.9580 | tree: 5.9853 | total: 3.1169
--- 验证集 [epoch 550] ---
  准确率 (Accuracy):  0.7055
  精确率 (Precision): 0.6456
  召回率 (Recall):    0.5347
  F1 分数 (F1):       0.5523
✅ 模型已保存到 /home/kudouzala/Application/ion_detect/output/trained_model_save/exp_new_f_num_tp2/trained_model_epoch_550.pth
📁 损失值已保存到 /home/kudouzala/Application/ion_detect/output/trained_model_save/exp_new_f_num_tp2/training_loss_epoch_550.csv
[New] Epoch 551/1000 | classify: 2.8904 | voltage: 1.1653 | conc: 0.0008 | consistency: 0.3122 | polarity: 2.4338 | monodec: 0.0000 | rule: 244.1150 | group: 1.8907 | tree: 5.7184 | total: 3.0760
[New] Epoch 552/1000 | classify: 2.8049 | voltage: 1.1764 | conc: 0.0008 | consistency: 0.3122 | polarity: 2.4390 | monodec: 0.0000 | rule: 235.6131 | group: 1.8999 | tree: 5.6968 | total: 2.9868
[New] Epoch 553/1000 | classify: 2.8524 | voltage: 1.1739 | conc: 0.0012 | consistency: 0.3123 | polarity: 2.5000 | monodec: 0.0000 | rule: 235.6211 | group: 1.9930 | tree: 5.9239 | total: 3.0348
[New] Epoch 554/1000 | classify: 2.6905 | voltage: 1.1871 | conc: 0.0011 | consistency: 0.3123 | polarity: 2.4289 | monodec: 0.0000 | rule: 223.8605 | group: 1.8809 | tree: 5.6052 | total: 2.8673
[New] Epoch 555/1000 | classify: 2.9525 | voltage: 1.2188 | conc: 0.0008 | consistency: 0.3119 | polarity: 2.4381 | monodec: 0.0000 | rule: 229.8983 | group: 1.9660 | tree: 5.9004 | total: 3.1338
[New] Epoch 556/1000 | classify: 2.9755 | voltage: 1.1900 | conc: 0.0007 | consistency: 0.3119 | polarity: 2.4130 | monodec: 0.0000 | rule: 233.9748 | group: 1.8512 | tree: 5.5196 | total: 3.1570
[New] Epoch 557/1000 | classify: 2.9884 | voltage: 1.1963 | conc: 0.0012 | consistency: 0.3123 | polarity: 2.6577 | monodec: 0.0000 | rule: 232.3398 | group: 2.0997 | tree: 6.1712 | total: 3.1703
[New] Epoch 558/1000 | classify: 2.9554 | voltage: 1.1743 | conc: 0.0013 | consistency: 0.3124 | polarity: 2.5311 | monodec: 0.0000 | rule: 248.4643 | group: 1.9985 | tree: 5.9563 | total: 3.1442
[New] Epoch 559/1000 | classify: 2.7758 | voltage: 1.2372 | conc: 0.0006 | consistency: 0.3125 | polarity: 2.4047 | monodec: 0.0000 | rule: 221.2673 | group: 1.8797 | tree: 5.4002 | total: 2.9532
[New] Epoch 560/1000 | classify: 2.7424 | voltage: 1.2141 | conc: 0.0008 | consistency: 0.3126 | polarity: 2.4299 | monodec: 0.0000 | rule: 223.2322 | group: 1.8886 | tree: 5.4538 | total: 2.9198
--- 验证集 [epoch 560] ---
  准确率 (Accuracy):  0.7192
  精确率 (Precision): 0.6095
  召回率 (Recall):    0.5623
  F1 分数 (F1):       0.5599
[New] Epoch 561/1000 | classify: 2.7182 | voltage: 1.1787 | conc: 0.0012 | consistency: 0.3124 | polarity: 2.4492 | monodec: 0.0000 | rule: 214.7407 | group: 1.9999 | tree: 5.6725 | total: 2.8901
[New] Epoch 562/1000 | classify: 2.7496 | voltage: 1.1805 | conc: 0.0010 | consistency: 0.3126 | polarity: 2.4652 | monodec: 0.0000 | rule: 237.6642 | group: 1.9219 | tree: 5.7119 | total: 2.9329
[New] Epoch 563/1000 | classify: 3.1127 | voltage: 1.2204 | conc: 0.0011 | consistency: 0.3128 | polarity: 2.5768 | monodec: 0.0000 | rule: 218.6978 | group: 2.0548 | tree: 6.1041 | total: 3.2889
[New] Epoch 564/1000 | classify: 2.7265 | voltage: 1.1793 | conc: 0.0008 | consistency: 0.3130 | polarity: 2.4406 | monodec: 0.0000 | rule: 218.9222 | group: 1.8810 | tree: 5.3010 | total: 2.9000
[New] Epoch 565/1000 | classify: 2.9863 | voltage: 1.1869 | conc: 0.0010 | consistency: 0.3130 | polarity: 2.4855 | monodec: 0.0000 | rule: 245.8500 | group: 1.9018 | tree: 5.6041 | total: 3.1740
[New] Epoch 566/1000 | classify: 2.8917 | voltage: 1.2268 | conc: 0.0010 | consistency: 0.3127 | polarity: 2.5202 | monodec: 0.0000 | rule: 234.3008 | group: 2.0417 | tree: 6.0140 | total: 3.0759
[New] Epoch 567/1000 | classify: 2.8788 | voltage: 1.1830 | conc: 0.0013 | consistency: 0.3129 | polarity: 2.4854 | monodec: 0.0000 | rule: 239.4360 | group: 1.9250 | tree: 5.7118 | total: 3.0635
[New] Epoch 568/1000 | classify: 2.8802 | voltage: 1.1959 | conc: 0.0012 | consistency: 0.3127 | polarity: 2.5101 | monodec: 0.0000 | rule: 238.2735 | group: 1.9843 | tree: 5.8588 | total: 3.0650
[New] Epoch 569/1000 | classify: 2.6151 | voltage: 1.1769 | conc: 0.0010 | consistency: 0.3126 | polarity: 2.3733 | monodec: 0.0000 | rule: 217.2723 | group: 1.8189 | tree: 5.3364 | total: 2.7877
[New] Epoch 570/1000 | classify: 2.8337 | voltage: 1.2125 | conc: 0.0006 | consistency: 0.3123 | polarity: 2.4234 | monodec: 0.0000 | rule: 234.9872 | group: 1.8444 | tree: 5.2358 | total: 3.0166
--- 验证集 [epoch 570] ---
  准确率 (Accuracy):  0.6849
  精确率 (Precision): 0.4681
  召回率 (Recall):    0.4867
  F1 分数 (F1):       0.4712
[New] Epoch 571/1000 | classify: 3.0795 | voltage: 1.2015 | conc: 0.0009 | consistency: 0.3121 | polarity: 2.4640 | monodec: 0.0000 | rule: 249.3010 | group: 1.9047 | tree: 5.8060 | total: 3.2697
[New] Epoch 572/1000 | classify: 2.8722 | voltage: 1.2211 | conc: 0.0011 | consistency: 0.3123 | polarity: 2.4951 | monodec: 0.0000 | rule: 212.0303 | group: 2.0091 | tree: 5.8874 | total: 3.0450
[New] Epoch 573/1000 | classify: 2.8536 | voltage: 1.1729 | conc: 0.0010 | consistency: 0.3122 | polarity: 2.4747 | monodec: 0.0000 | rule: 238.5632 | group: 1.9104 | tree: 5.5273 | total: 3.0369
[New] Epoch 574/1000 | classify: 2.7479 | voltage: 1.2205 | conc: 0.0009 | consistency: 0.3119 | polarity: 2.4185 | monodec: 0.0000 | rule: 208.3994 | group: 1.8891 | tree: 5.6457 | total: 2.9184
[New] Epoch 575/1000 | classify: 3.1227 | voltage: 1.1949 | conc: 0.0009 | consistency: 0.3119 | polarity: 2.5606 | monodec: 0.0000 | rule: 254.6273 | group: 1.9974 | tree: 5.8454 | total: 3.3153
[New] Epoch 576/1000 | classify: 3.1300 | voltage: 1.2052 | conc: 0.0012 | consistency: 0.3123 | polarity: 2.5670 | monodec: 0.0000 | rule: 235.2196 | group: 2.0051 | tree: 5.9581 | total: 3.3137
[New] Epoch 577/1000 | classify: 2.8937 | voltage: 1.2152 | conc: 0.0008 | consistency: 0.3121 | polarity: 2.4953 | monodec: 0.0000 | rule: 215.1466 | group: 1.9484 | tree: 5.3204 | total: 3.0671
[New] Epoch 578/1000 | classify: 3.0674 | voltage: 1.1821 | conc: 0.0009 | consistency: 0.3117 | polarity: 2.5248 | monodec: 0.0000 | rule: 208.4169 | group: 1.9732 | tree: 5.6352 | total: 3.2361
[New] Epoch 579/1000 | classify: 2.8982 | voltage: 1.1822 | conc: 0.0010 | consistency: 0.3119 | polarity: 2.5209 | monodec: 0.0000 | rule: 244.1500 | group: 1.9945 | tree: 6.0129 | total: 3.0851
[New] Epoch 580/1000 | classify: 2.8878 | voltage: 1.2263 | conc: 0.0013 | consistency: 0.3122 | polarity: 2.5064 | monodec: 0.0000 | rule: 216.6428 | group: 1.9337 | tree: 5.5773 | total: 3.0631
--- 验证集 [epoch 580] ---
  准确率 (Accuracy):  0.7329
  精确率 (Precision): 0.6830
  召回率 (Recall):    0.5821
  F1 分数 (F1):       0.5893
[New] Epoch 581/1000 | classify: 2.7842 | voltage: 1.2105 | conc: 0.0008 | consistency: 0.3123 | polarity: 2.4459 | monodec: 0.0000 | rule: 223.8024 | group: 1.9392 | tree: 5.6664 | total: 2.9620
[New] Epoch 582/1000 | classify: 2.9684 | voltage: 1.2249 | conc: 0.0009 | consistency: 0.3128 | polarity: 2.5280 | monodec: 0.0000 | rule: 213.2430 | group: 2.0109 | tree: 5.9520 | total: 3.1419
[New] Epoch 583/1000 | classify: 2.7902 | voltage: 1.2144 | conc: 0.0008 | consistency: 0.3131 | polarity: 2.4725 | monodec: 0.0000 | rule: 227.3566 | group: 1.9220 | tree: 5.6377 | total: 2.9699
[New] Epoch 584/1000 | classify: 2.9379 | voltage: 1.2280 | conc: 0.0009 | consistency: 0.3133 | polarity: 2.5127 | monodec: 0.0000 | rule: 223.0850 | group: 2.0110 | tree: 5.8012 | total: 3.1163
[New] Epoch 585/1000 | classify: 2.9118 | voltage: 1.1913 | conc: 0.0008 | consistency: 0.3138 | polarity: 2.5186 | monodec: 0.0000 | rule: 254.6722 | group: 1.9935 | tree: 5.6607 | total: 3.1041
[New] Epoch 586/1000 | classify: 3.0746 | voltage: 1.2406 | conc: 0.0008 | consistency: 0.3140 | polarity: 2.5283 | monodec: 0.0000 | rule: 234.5648 | group: 1.9867 | tree: 5.9846 | total: 3.2593
[New] Epoch 587/1000 | classify: 2.9196 | voltage: 1.2068 | conc: 0.0008 | consistency: 0.3142 | polarity: 2.4774 | monodec: 0.0000 | rule: 215.7626 | group: 1.9325 | tree: 5.5810 | total: 3.0931
[New] Epoch 588/1000 | classify: 3.1310 | voltage: 1.2120 | conc: 0.0012 | consistency: 0.3142 | polarity: 2.5681 | monodec: 0.0000 | rule: 246.1799 | group: 2.0130 | tree: 5.9300 | total: 3.3206
[New] Epoch 589/1000 | classify: 2.9417 | voltage: 1.2350 | conc: 0.0008 | consistency: 0.3142 | polarity: 2.4917 | monodec: 0.0000 | rule: 216.4342 | group: 1.9694 | tree: 5.6648 | total: 3.1170
[New] Epoch 590/1000 | classify: 2.8091 | voltage: 1.2350 | conc: 0.0012 | consistency: 0.3144 | polarity: 2.4921 | monodec: 0.0000 | rule: 221.9573 | group: 1.9626 | tree: 5.9487 | total: 2.9876
--- 验证集 [epoch 590] ---
  准确率 (Accuracy):  0.7192
  精确率 (Precision): 0.6246
  召回率 (Recall):    0.5897
  F1 分数 (F1):       0.5793
[New] Epoch 591/1000 | classify: 2.6336 | voltage: 1.1861 | conc: 0.0009 | consistency: 0.3143 | polarity: 2.4358 | monodec: 0.0000 | rule: 237.4399 | group: 1.9124 | tree: 5.6895 | total: 2.8169
[New] Epoch 592/1000 | classify: 2.8840 | voltage: 1.2109 | conc: 0.0006 | consistency: 0.3141 | polarity: 2.4606 | monodec: 0.0000 | rule: 238.2857 | group: 1.8603 | tree: 5.6539 | total: 3.0687
[New] Epoch 593/1000 | classify: 2.8549 | voltage: 1.2120 | conc: 0.0013 | consistency: 0.3140 | polarity: 2.5314 | monodec: 0.0000 | rule: 233.2405 | group: 1.9156 | tree: 5.8567 | total: 3.0379
[New] Epoch 594/1000 | classify: 2.8534 | voltage: 1.1877 | conc: 0.0010 | consistency: 0.3142 | polarity: 2.4915 | monodec: 0.0000 | rule: 230.8753 | group: 1.9609 | tree: 5.7206 | total: 3.0337
[New] Epoch 595/1000 | classify: 2.9235 | voltage: 1.2297 | conc: 0.0008 | consistency: 0.3145 | polarity: 2.4973 | monodec: 0.0000 | rule: 222.5253 | group: 1.9571 | tree: 5.8559 | total: 3.1016
[New] Epoch 596/1000 | classify: 2.9675 | voltage: 1.2324 | conc: 0.0006 | consistency: 0.3147 | polarity: 2.4876 | monodec: 0.0000 | rule: 229.0973 | group: 1.9713 | tree: 5.5679 | total: 3.1488
[New] Epoch 597/1000 | classify: 2.5949 | voltage: 1.2323 | conc: 0.0007 | consistency: 0.3149 | polarity: 2.4521 | monodec: 0.0000 | rule: 214.7120 | group: 1.9322 | tree: 5.7131 | total: 2.7691
[New] Epoch 598/1000 | classify: 2.9306 | voltage: 1.2435 | conc: 0.0012 | consistency: 0.3152 | polarity: 2.5135 | monodec: 0.0000 | rule: 210.2165 | group: 1.9827 | tree: 5.7705 | total: 3.1036
[New] Epoch 599/1000 | classify: 3.0261 | voltage: 1.2350 | conc: 0.0006 | consistency: 0.3156 | polarity: 2.4985 | monodec: 0.0000 | rule: 237.4558 | group: 1.9938 | tree: 5.6699 | total: 3.2117
[New] Epoch 600/1000 | classify: 2.6879 | voltage: 1.2174 | conc: 0.0011 | consistency: 0.3158 | polarity: 2.4377 | monodec: 0.0000 | rule: 235.0858 | group: 1.8771 | tree: 5.3941 | total: 2.8718
--- 验证集 [epoch 600] ---
  准确率 (Accuracy):  0.6986
  精确率 (Precision): 0.6143
  召回率 (Recall):    0.5561
  F1 分数 (F1):       0.5529
✅ 模型已保存到 /home/kudouzala/Application/ion_detect/output/trained_model_save/exp_new_f_num_tp2/trained_model_epoch_600.pth
📁 损失值已保存到 /home/kudouzala/Application/ion_detect/output/trained_model_save/exp_new_f_num_tp2/training_loss_epoch_600.csv
[New] Epoch 601/1000 | classify: 3.0065 | voltage: 1.2252 | conc: 0.0009 | consistency: 0.3153 | polarity: 2.4862 | monodec: 0.0000 | rule: 231.9771 | group: 1.9064 | tree: 5.5838 | total: 3.1891
[New] Epoch 602/1000 | classify: 2.8433 | voltage: 1.2302 | conc: 0.0011 | consistency: 0.3153 | polarity: 2.5016 | monodec: 0.0000 | rule: 215.5855 | group: 1.9712 | tree: 6.0381 | total: 3.0184
[New] Epoch 603/1000 | classify: 2.8477 | voltage: 1.2340 | conc: 0.0007 | consistency: 0.3153 | polarity: 2.4562 | monodec: 0.0000 | rule: 215.8562 | group: 1.9195 | tree: 5.6110 | total: 3.0225
[New] Epoch 604/1000 | classify: 2.9250 | voltage: 1.2454 | conc: 0.0009 | consistency: 0.3154 | polarity: 2.4919 | monodec: 0.0000 | rule: 242.5380 | group: 1.9617 | tree: 5.6114 | total: 3.1138
[New] Epoch 605/1000 | classify: 2.8360 | voltage: 1.2047 | conc: 0.0007 | consistency: 0.3153 | polarity: 2.4308 | monodec: 0.0000 | rule: 240.2124 | group: 1.8832 | tree: 5.5111 | total: 3.0214
[New] Epoch 606/1000 | classify: 2.8539 | voltage: 1.2142 | conc: 0.0010 | consistency: 0.3152 | polarity: 2.5220 | monodec: 0.0000 | rule: 232.0441 | group: 1.9757 | tree: 5.8292 | total: 3.0363
[New] Epoch 607/1000 | classify: 3.0957 | voltage: 1.2624 | conc: 0.0010 | consistency: 0.3150 | polarity: 2.5824 | monodec: 0.0000 | rule: 233.4870 | group: 2.1020 | tree: 6.2158 | total: 3.2814
[New] Epoch 608/1000 | classify: 2.7411 | voltage: 1.1880 | conc: 0.0013 | consistency: 0.3151 | polarity: 2.4662 | monodec: 0.0000 | rule: 225.7418 | group: 1.9189 | tree: 5.7552 | total: 2.9192
[New] Epoch 609/1000 | classify: 2.8913 | voltage: 1.2192 | conc: 0.0008 | consistency: 0.3151 | polarity: 2.4513 | monodec: 0.0000 | rule: 223.7115 | group: 1.9350 | tree: 5.6633 | total: 3.0694
[New] Epoch 610/1000 | classify: 3.1584 | voltage: 1.2444 | conc: 0.0012 | consistency: 0.3154 | polarity: 2.6448 | monodec: 0.0000 | rule: 242.7318 | group: 2.0844 | tree: 6.1782 | total: 3.3480
--- 验证集 [epoch 610] ---
  准确率 (Accuracy):  0.6986
  精确率 (Precision): 0.6389
  召回率 (Recall):    0.5171
  F1 分数 (F1):       0.5199
[New] Epoch 611/1000 | classify: 2.9824 | voltage: 1.2409 | conc: 0.0008 | consistency: 0.3161 | polarity: 2.5195 | monodec: 0.0000 | rule: 222.7584 | group: 1.9763 | tree: 5.7522 | total: 3.1612
[New] Epoch 612/1000 | classify: 2.7958 | voltage: 1.2637 | conc: 0.0010 | consistency: 0.3161 | polarity: 2.4428 | monodec: 0.0000 | rule: 206.7157 | group: 1.9302 | tree: 5.4372 | total: 2.9677
[New] Epoch 613/1000 | classify: 3.0882 | voltage: 1.2348 | conc: 0.0010 | consistency: 0.3162 | polarity: 2.5539 | monodec: 0.0000 | rule: 238.5529 | group: 2.0012 | tree: 5.9297 | total: 3.2748
[New] Epoch 614/1000 | classify: 2.9895 | voltage: 1.2762 | conc: 0.0009 | consistency: 0.3156 | polarity: 2.5215 | monodec: 0.0000 | rule: 211.6927 | group: 2.0351 | tree: 6.1204 | total: 3.1648
[New] Epoch 615/1000 | classify: 2.8625 | voltage: 1.2274 | conc: 0.0012 | consistency: 0.3155 | polarity: 2.4659 | monodec: 0.0000 | rule: 231.9010 | group: 1.8992 | tree: 5.6692 | total: 3.0454
[New] Epoch 616/1000 | classify: 2.9161 | voltage: 1.2548 | conc: 0.0006 | consistency: 0.3155 | polarity: 2.4408 | monodec: 0.0000 | rule: 217.6901 | group: 1.9166 | tree: 5.6158 | total: 3.0927
[New] Epoch 617/1000 | classify: 2.6842 | voltage: 1.1988 | conc: 0.0009 | consistency: 0.3155 | polarity: 2.3702 | monodec: 0.0000 | rule: 234.6747 | group: 1.8357 | tree: 5.3200 | total: 2.8666
[New] Epoch 618/1000 | classify: 2.7159 | voltage: 1.2339 | conc: 0.0011 | consistency: 0.3156 | polarity: 2.4669 | monodec: 0.0000 | rule: 219.6576 | group: 1.9029 | tree: 5.5599 | total: 2.8928
[New] Epoch 619/1000 | classify: 2.9674 | voltage: 1.2435 | conc: 0.0008 | consistency: 0.3157 | polarity: 2.5281 | monodec: 0.0000 | rule: 234.5593 | group: 1.9999 | tree: 6.0279 | total: 3.1523
[New] Epoch 620/1000 | classify: 2.7616 | voltage: 1.2637 | conc: 0.0007 | consistency: 0.3159 | polarity: 2.4473 | monodec: 0.0000 | rule: 212.0950 | group: 1.9140 | tree: 5.5645 | total: 2.9359
--- 验证集 [epoch 620] ---
  准确率 (Accuracy):  0.6438
  精确率 (Precision): 0.5213
  召回率 (Recall):    0.5699
  F1 分数 (F1):       0.5124
[New] Epoch 621/1000 | classify: 3.0513 | voltage: 1.2358 | conc: 0.0007 | consistency: 0.3163 | polarity: 2.4787 | monodec: 0.0000 | rule: 242.8477 | group: 1.9544 | tree: 5.5840 | total: 3.2396
[New] Epoch 622/1000 | classify: 2.9124 | voltage: 1.2564 | conc: 0.0008 | consistency: 0.3164 | polarity: 2.4987 | monodec: 0.0000 | rule: 242.0907 | group: 1.9071 | tree: 5.5658 | total: 3.1015
[New] Epoch 623/1000 | classify: 2.8647 | voltage: 1.2503 | conc: 0.0013 | consistency: 0.3166 | polarity: 2.4834 | monodec: 0.0000 | rule: 231.4162 | group: 1.9642 | tree: 5.8848 | total: 3.0488
[New] Epoch 624/1000 | classify: 2.8858 | voltage: 1.2554 | conc: 0.0012 | consistency: 0.3167 | polarity: 2.4936 | monodec: 0.0000 | rule: 238.5349 | group: 1.9766 | tree: 5.9077 | total: 3.0736
[New] Epoch 625/1000 | classify: 2.7008 | voltage: 1.2240 | conc: 0.0011 | consistency: 0.3169 | polarity: 2.4428 | monodec: 0.0000 | rule: 244.9800 | group: 1.8787 | tree: 5.3719 | total: 2.8898
[New] Epoch 626/1000 | classify: 2.7412 | voltage: 1.2692 | conc: 0.0012 | consistency: 0.3168 | polarity: 2.4424 | monodec: 0.0000 | rule: 230.2651 | group: 1.9159 | tree: 5.6345 | total: 2.9254
[New] Epoch 627/1000 | classify: 2.9986 | voltage: 1.2450 | conc: 0.0008 | consistency: 0.3169 | polarity: 2.4627 | monodec: 0.0000 | rule: 238.8756 | group: 1.8762 | tree: 5.6828 | total: 3.1855
[New] Epoch 628/1000 | classify: 3.0953 | voltage: 1.2539 | conc: 0.0012 | consistency: 0.3171 | polarity: 2.5189 | monodec: 0.0000 | rule: 239.5694 | group: 1.9750 | tree: 5.7958 | total: 3.2835
[New] Epoch 629/1000 | classify: 2.8620 | voltage: 1.2340 | conc: 0.0010 | consistency: 0.3171 | polarity: 2.4423 | monodec: 0.0000 | rule: 249.1582 | group: 1.8590 | tree: 5.6184 | total: 3.0537
[New] Epoch 630/1000 | classify: 3.0289 | voltage: 1.2635 | conc: 0.0009 | consistency: 0.3168 | polarity: 2.5326 | monodec: 0.0000 | rule: 245.7926 | group: 1.9957 | tree: 5.8851 | total: 3.2205
--- 验证集 [epoch 630] ---
  准确率 (Accuracy):  0.7329
  精确率 (Precision): 0.6925
  召回率 (Recall):    0.5794
  F1 分数 (F1):       0.6079
[New] Epoch 631/1000 | classify: 2.8682 | voltage: 1.2643 | conc: 0.0009 | consistency: 0.3170 | polarity: 2.5081 | monodec: 0.0000 | rule: 222.1435 | group: 2.0142 | tree: 6.0732 | total: 3.0481
[New] Epoch 632/1000 | classify: 2.7411 | voltage: 1.2706 | conc: 0.0009 | consistency: 0.3171 | polarity: 2.4118 | monodec: 0.0000 | rule: 225.3066 | group: 1.8170 | tree: 5.1276 | total: 2.9223
[New] Epoch 633/1000 | classify: 2.8893 | voltage: 1.2578 | conc: 0.0011 | consistency: 0.3170 | polarity: 2.4671 | monodec: 0.0000 | rule: 223.8141 | group: 1.9047 | tree: 5.6952 | total: 3.0696
[New] Epoch 634/1000 | classify: 2.6369 | voltage: 1.1960 | conc: 0.0010 | consistency: 0.3172 | polarity: 2.3867 | monodec: 0.0000 | rule: 242.9320 | group: 1.8186 | tree: 5.2620 | total: 2.8234
[New] Epoch 635/1000 | classify: 2.8212 | voltage: 1.2437 | conc: 0.0010 | consistency: 0.3173 | polarity: 2.5083 | monodec: 0.0000 | rule: 241.1537 | group: 1.9610 | tree: 5.8620 | total: 3.0095
[New] Epoch 636/1000 | classify: 2.7450 | voltage: 1.2412 | conc: 0.0013 | consistency: 0.3173 | polarity: 2.4829 | monodec: 0.0000 | rule: 234.4205 | group: 1.8885 | tree: 5.7150 | total: 2.9300
[New] Epoch 637/1000 | classify: 2.9022 | voltage: 1.2299 | conc: 0.0008 | consistency: 0.3172 | polarity: 2.4826 | monodec: 0.0000 | rule: 254.8591 | group: 1.9265 | tree: 5.7198 | total: 3.0964
[New] Epoch 638/1000 | classify: 2.9629 | voltage: 1.2580 | conc: 0.0008 | consistency: 0.3171 | polarity: 2.5328 | monodec: 0.0000 | rule: 250.9567 | group: 2.0079 | tree: 6.0518 | total: 3.1567
[New] Epoch 639/1000 | classify: 2.8547 | voltage: 1.2725 | conc: 0.0009 | consistency: 0.3171 | polarity: 2.4925 | monodec: 0.0000 | rule: 225.2076 | group: 1.9512 | tree: 5.7631 | total: 3.0363
[New] Epoch 640/1000 | classify: 2.7923 | voltage: 1.2570 | conc: 0.0007 | consistency: 0.3173 | polarity: 2.4171 | monodec: 0.0000 | rule: 229.9138 | group: 1.8265 | tree: 5.5100 | total: 2.9752
--- 验证集 [epoch 640] ---
  准确率 (Accuracy):  0.7055
  精确率 (Precision): 0.6334
  召回率 (Recall):    0.5000
  F1 分数 (F1):       0.5339
[New] Epoch 641/1000 | classify: 3.1216 | voltage: 1.3063 | conc: 0.0007 | consistency: 0.3175 | polarity: 2.5087 | monodec: 0.0000 | rule: 209.7925 | group: 1.9857 | tree: 5.7393 | total: 3.2971
[New] Epoch 642/1000 | classify: 2.9935 | voltage: 1.2956 | conc: 0.0009 | consistency: 0.3178 | polarity: 2.5144 | monodec: 0.0000 | rule: 216.9428 | group: 2.0147 | tree: 5.9511 | total: 3.1723
[New] Epoch 643/1000 | classify: 2.9103 | voltage: 1.2704 | conc: 0.0010 | consistency: 0.3177 | polarity: 2.4627 | monodec: 0.0000 | rule: 234.1740 | group: 1.9409 | tree: 5.7283 | total: 3.0964
[New] Epoch 644/1000 | classify: 2.8148 | voltage: 1.2858 | conc: 0.0010 | consistency: 0.3177 | polarity: 2.4322 | monodec: 0.0000 | rule: 220.7605 | group: 1.9132 | tree: 5.6096 | total: 2.9949
[New] Epoch 645/1000 | classify: 3.1600 | voltage: 1.2751 | conc: 0.0012 | consistency: 0.3176 | polarity: 2.5838 | monodec: 0.0000 | rule: 221.5809 | group: 2.0836 | tree: 6.3132 | total: 3.3407
[New] Epoch 646/1000 | classify: 2.5865 | voltage: 1.2318 | conc: 0.0011 | consistency: 0.3177 | polarity: 2.4119 | monodec: 0.0000 | rule: 225.9724 | group: 1.9068 | tree: 5.7022 | total: 2.7666
[New] Epoch 647/1000 | classify: 2.8055 | voltage: 1.2619 | conc: 0.0010 | consistency: 0.3176 | polarity: 2.5331 | monodec: 0.0000 | rule: 224.6067 | group: 1.9634 | tree: 5.9451 | total: 2.9865
[New] Epoch 648/1000 | classify: 2.8558 | voltage: 1.2884 | conc: 0.0008 | consistency: 0.3175 | polarity: 2.4922 | monodec: 0.0000 | rule: 215.8831 | group: 1.9602 | tree: 5.7548 | total: 3.0334
[New] Epoch 649/1000 | classify: 3.0075 | voltage: 1.2719 | conc: 0.0015 | consistency: 0.3174 | polarity: 2.5630 | monodec: 0.0000 | rule: 224.8377 | group: 2.0392 | tree: 6.0488 | total: 3.1897
[New] Epoch 650/1000 | classify: 2.8856 | voltage: 1.2795 | conc: 0.0009 | consistency: 0.3178 | polarity: 2.4680 | monodec: 0.0000 | rule: 229.8460 | group: 1.9394 | tree: 5.9722 | total: 3.0700
--- 验证集 [epoch 650] ---
  准确率 (Accuracy):  0.6849
  精确率 (Precision): 0.6245
  召回率 (Recall):    0.5729
  F1 分数 (F1):       0.5669
✅ 模型已保存到 /home/kudouzala/Application/ion_detect/output/trained_model_save/exp_new_f_num_tp2/trained_model_epoch_650.pth
📁 损失值已保存到 /home/kudouzala/Application/ion_detect/output/trained_model_save/exp_new_f_num_tp2/training_loss_epoch_650.csv
[New] Epoch 651/1000 | classify: 2.6491 | voltage: 1.2984 | conc: 0.0010 | consistency: 0.3176 | polarity: 2.4115 | monodec: 0.0000 | rule: 217.4938 | group: 1.8990 | tree: 5.6415 | total: 2.8282
[New] Epoch 652/1000 | classify: 2.7086 | voltage: 1.2771 | conc: 0.0011 | consistency: 0.3177 | polarity: 2.4523 | monodec: 0.0000 | rule: 223.7136 | group: 1.9280 | tree: 5.7079 | total: 2.8899
[New] Epoch 653/1000 | classify: 2.7966 | voltage: 1.2924 | conc: 0.0012 | consistency: 0.3175 | polarity: 2.4771 | monodec: 0.0000 | rule: 209.9768 | group: 1.9348 | tree: 5.7427 | total: 2.9719
[New] Epoch 654/1000 | classify: 2.9550 | voltage: 1.2790 | conc: 0.0011 | consistency: 0.3176 | polarity: 2.5079 | monodec: 0.0000 | rule: 241.7256 | group: 1.9562 | tree: 5.9762 | total: 3.1455
[New] Epoch 655/1000 | classify: 2.6714 | voltage: 1.2557 | conc: 0.0010 | consistency: 0.3175 | polarity: 2.4469 | monodec: 0.0000 | rule: 214.2212 | group: 1.8924 | tree: 5.6667 | total: 2.8467
[New] Epoch 656/1000 | classify: 2.8134 | voltage: 1.2370 | conc: 0.0010 | consistency: 0.3176 | polarity: 2.4472 | monodec: 0.0000 | rule: 242.8822 | group: 1.8981 | tree: 5.6489 | total: 3.0021
[New] Epoch 657/1000 | classify: 2.7968 | voltage: 1.2564 | conc: 0.0010 | consistency: 0.3177 | polarity: 2.5539 | monodec: 0.0000 | rule: 224.2510 | group: 2.0819 | tree: 6.1230 | total: 2.9775
[New] Epoch 658/1000 | classify: 2.9335 | voltage: 1.2797 | conc: 0.0010 | consistency: 0.3179 | polarity: 2.5240 | monodec: 0.0000 | rule: 218.9375 | group: 1.9834 | tree: 5.9160 | total: 3.1125
[New] Epoch 659/1000 | classify: 2.9440 | voltage: 1.2823 | conc: 0.0013 | consistency: 0.3180 | polarity: 2.5544 | monodec: 0.0000 | rule: 226.5774 | group: 2.0422 | tree: 6.1916 | total: 3.1275
[New] Epoch 660/1000 | classify: 2.6929 | voltage: 1.2721 | conc: 0.0011 | consistency: 0.3182 | polarity: 2.4786 | monodec: 0.0000 | rule: 239.2809 | group: 1.9811 | tree: 6.0263 | total: 2.8819
--- 验证集 [epoch 660] ---
  准确率 (Accuracy):  0.6986
  精确率 (Precision): 0.5582
  召回率 (Recall):    0.5620
  F1 分数 (F1):       0.5509
[New] Epoch 661/1000 | classify: 3.0350 | voltage: 1.2734 | conc: 0.0010 | consistency: 0.3184 | polarity: 2.4585 | monodec: 0.0000 | rule: 236.3556 | group: 1.9360 | tree: 5.7250 | total: 3.2223
[New] Epoch 662/1000 | classify: 2.7306 | voltage: 1.2723 | conc: 0.0010 | consistency: 0.3186 | polarity: 2.4638 | monodec: 0.0000 | rule: 228.3252 | group: 1.9331 | tree: 5.5278 | total: 2.9138
[New] Epoch 663/1000 | classify: 2.8754 | voltage: 1.3104 | conc: 0.0010 | consistency: 0.3186 | polarity: 2.4938 | monodec: 0.0000 | rule: 210.1682 | group: 1.9600 | tree: 5.6621 | total: 3.0515
[New] Epoch 664/1000 | classify: 2.8601 | voltage: 1.2905 | conc: 0.0010 | consistency: 0.3186 | polarity: 2.4834 | monodec: 0.0000 | rule: 246.3614 | group: 1.9916 | tree: 5.8975 | total: 3.0534
[New] Epoch 665/1000 | classify: 2.6515 | voltage: 1.2494 | conc: 0.0012 | consistency: 0.3189 | polarity: 2.4383 | monodec: 0.0000 | rule: 241.6182 | group: 1.8533 | tree: 5.5231 | total: 2.8404
[New] Epoch 666/1000 | classify: 2.7442 | voltage: 1.3271 | conc: 0.0008 | consistency: 0.3187 | polarity: 2.4882 | monodec: 0.0000 | rule: 216.6325 | group: 1.9461 | tree: 5.7936 | total: 2.9242
[New] Epoch 667/1000 | classify: 2.6542 | voltage: 1.2722 | conc: 0.0012 | consistency: 0.3185 | polarity: 2.4824 | monodec: 0.0000 | rule: 235.9390 | group: 1.9657 | tree: 5.6880 | total: 2.8415
[New] Epoch 668/1000 | classify: 2.7753 | voltage: 1.2751 | conc: 0.0014 | consistency: 0.3184 | polarity: 2.4721 | monodec: 0.0000 | rule: 234.2422 | group: 1.9639 | tree: 5.6936 | total: 2.9620
[New] Epoch 669/1000 | classify: 2.7943 | voltage: 1.2526 | conc: 0.0012 | consistency: 0.3183 | polarity: 2.4618 | monodec: 0.0000 | rule: 234.2397 | group: 1.9291 | tree: 5.9161 | total: 2.9798
[New] Epoch 670/1000 | classify: 2.9019 | voltage: 1.2990 | conc: 0.0006 | consistency: 0.3184 | polarity: 2.4879 | monodec: 0.0000 | rule: 224.2357 | group: 1.9832 | tree: 6.0238 | total: 3.0842
--- 验证集 [epoch 670] ---
  准确率 (Accuracy):  0.7329
  精确率 (Precision): 0.6790
  召回率 (Recall):    0.5794
  F1 分数 (F1):       0.6028
[New] Epoch 671/1000 | classify: 2.7385 | voltage: 1.2998 | conc: 0.0008 | consistency: 0.3186 | polarity: 2.4527 | monodec: 0.0000 | rule: 214.9531 | group: 1.9622 | tree: 5.6032 | total: 2.9162
[New] Epoch 672/1000 | classify: 2.7749 | voltage: 1.3145 | conc: 0.0007 | consistency: 0.3186 | polarity: 2.4273 | monodec: 0.0000 | rule: 219.9270 | group: 1.8713 | tree: 5.4548 | total: 2.9557
[New] Epoch 673/1000 | classify: 2.7168 | voltage: 1.2430 | conc: 0.0011 | consistency: 0.3185 | polarity: 2.4372 | monodec: 0.0000 | rule: 243.3339 | group: 1.8678 | tree: 5.5950 | total: 2.9061
[New] Epoch 674/1000 | classify: 2.9681 | voltage: 1.2808 | conc: 0.0012 | consistency: 0.3186 | polarity: 2.5440 | monodec: 0.0000 | rule: 225.9496 | group: 1.9531 | tree: 5.8815 | total: 3.1509
[New] Epoch 675/1000 | classify: 2.7838 | voltage: 1.2772 | conc: 0.0010 | consistency: 0.3187 | polarity: 2.4527 | monodec: 0.0000 | rule: 235.0018 | group: 1.8664 | tree: 5.4855 | total: 2.9705
[New] Epoch 676/1000 | classify: 2.8529 | voltage: 1.2763 | conc: 0.0010 | consistency: 0.3185 | polarity: 2.4927 | monodec: 0.0000 | rule: 208.6918 | group: 2.0320 | tree: 5.5813 | total: 3.0265
[New] Epoch 677/1000 | classify: 2.7501 | voltage: 1.3076 | conc: 0.0013 | consistency: 0.3182 | polarity: 2.5171 | monodec: 0.0000 | rule: 222.7467 | group: 1.9986 | tree: 5.6828 | total: 2.9327
[New] Epoch 678/1000 | classify: 2.7939 | voltage: 1.2810 | conc: 0.0008 | consistency: 0.3184 | polarity: 2.4471 | monodec: 0.0000 | rule: 238.6347 | group: 1.8768 | tree: 5.4256 | total: 2.9823
[New] Epoch 679/1000 | classify: 3.0539 | voltage: 1.2728 | conc: 0.0014 | consistency: 0.3187 | polarity: 2.5698 | monodec: 0.0000 | rule: 244.2991 | group: 2.0308 | tree: 5.9511 | total: 3.2458
[New] Epoch 680/1000 | classify: 2.7501 | voltage: 1.3160 | conc: 0.0007 | consistency: 0.3189 | polarity: 2.4382 | monodec: 0.0000 | rule: 217.5424 | group: 1.8931 | tree: 5.6580 | total: 2.9297
--- 验证集 [epoch 680] ---
  准确率 (Accuracy):  0.6849
  精确率 (Precision): 0.4835
  召回率 (Recall):    0.4867
  F1 分数 (F1):       0.4565
[New] Epoch 681/1000 | classify: 2.7927 | voltage: 1.2646 | conc: 0.0009 | consistency: 0.3187 | polarity: 2.4730 | monodec: 0.0000 | rule: 242.7551 | group: 1.8848 | tree: 5.6443 | total: 2.9826
[New] Epoch 682/1000 | classify: 2.9290 | voltage: 1.2751 | conc: 0.0008 | consistency: 0.3190 | polarity: 2.5244 | monodec: 0.0000 | rule: 236.6987 | group: 1.9145 | tree: 5.6901 | total: 3.1164
[New] Epoch 683/1000 | classify: 2.7427 | voltage: 1.2858 | conc: 0.0011 | consistency: 0.3192 | polarity: 2.4588 | monodec: 0.0000 | rule: 227.1686 | group: 1.8889 | tree: 5.5029 | total: 2.9260
[New] Epoch 684/1000 | classify: 2.7683 | voltage: 1.3016 | conc: 0.0010 | consistency: 0.3190 | polarity: 2.4527 | monodec: 0.0000 | rule: 212.3997 | group: 1.9748 | tree: 5.4335 | total: 2.9449
[New] Epoch 685/1000 | classify: 2.7682 | voltage: 1.2993 | conc: 0.0012 | consistency: 0.3189 | polarity: 2.4625 | monodec: 0.0000 | rule: 222.3583 | group: 1.9245 | tree: 5.6886 | total: 2.9501
[New] Epoch 686/1000 | classify: 2.7437 | voltage: 1.2967 | conc: 0.0011 | consistency: 0.3190 | polarity: 2.4630 | monodec: 0.0000 | rule: 213.4022 | group: 1.9800 | tree: 5.7523 | total: 2.9209
[New] Epoch 687/1000 | classify: 2.8029 | voltage: 1.2589 | conc: 0.0011 | consistency: 0.3192 | polarity: 2.5191 | monodec: 0.0000 | rule: 245.7108 | group: 1.9569 | tree: 5.9440 | total: 2.9944
[New] Epoch 688/1000 | classify: 2.7969 | voltage: 1.3032 | conc: 0.0010 | consistency: 0.3192 | polarity: 2.5090 | monodec: 0.0000 | rule: 245.0223 | group: 2.0238 | tree: 5.8558 | total: 2.9902
[New] Epoch 689/1000 | classify: 2.5398 | voltage: 1.2994 | conc: 0.0009 | consistency: 0.3193 | polarity: 2.4026 | monodec: 0.0000 | rule: 212.0046 | group: 1.8729 | tree: 5.5800 | total: 2.7160
[New] Epoch 690/1000 | classify: 2.7508 | voltage: 1.3199 | conc: 0.0008 | consistency: 0.3194 | polarity: 2.4431 | monodec: 0.0000 | rule: 211.9613 | group: 1.9520 | tree: 5.5667 | total: 2.9280
--- 验证集 [epoch 690] ---
  准确率 (Accuracy):  0.7397
  精确率 (Precision): 0.6815
  召回率 (Recall):    0.6013
  F1 分数 (F1):       0.6158
[New] Epoch 691/1000 | classify: 2.7826 | voltage: 1.3206 | conc: 0.0010 | consistency: 0.3194 | polarity: 2.4986 | monodec: 0.0000 | rule: 220.3008 | group: 1.9457 | tree: 5.7705 | total: 2.9643
[New] Epoch 692/1000 | classify: 2.7061 | voltage: 1.2881 | conc: 0.0013 | consistency: 0.3194 | polarity: 2.4428 | monodec: 0.0000 | rule: 226.8770 | group: 1.9315 | tree: 5.5511 | total: 2.8896
[New] Epoch 693/1000 | classify: 2.6197 | voltage: 1.3111 | conc: 0.0008 | consistency: 0.3196 | polarity: 2.4485 | monodec: 0.0000 | rule: 217.6259 | group: 1.8806 | tree: 5.5787 | total: 2.7993
[New] Epoch 694/1000 | classify: 2.7538 | voltage: 1.2990 | conc: 0.0009 | consistency: 0.3198 | polarity: 2.4283 | monodec: 0.0000 | rule: 215.4287 | group: 1.8941 | tree: 5.5473 | total: 2.9318
[New] Epoch 695/1000 | classify: 2.9532 | voltage: 1.3080 | conc: 0.0013 | consistency: 0.3200 | polarity: 2.6009 | monodec: 0.0000 | rule: 234.9802 | group: 2.0280 | tree: 6.1070 | total: 3.1422
[New] Epoch 696/1000 | classify: 2.8093 | voltage: 1.2928 | conc: 0.0012 | consistency: 0.3203 | polarity: 2.4645 | monodec: 0.0000 | rule: 229.2810 | group: 1.9430 | tree: 5.8463 | total: 2.9943
[New] Epoch 697/1000 | classify: 2.7668 | voltage: 1.3040 | conc: 0.0010 | consistency: 0.3205 | polarity: 2.4749 | monodec: 0.0000 | rule: 243.9235 | group: 1.8998 | tree: 5.6764 | total: 2.9594
[New] Epoch 698/1000 | classify: 2.9051 | voltage: 1.3249 | conc: 0.0010 | consistency: 0.3206 | polarity: 2.5153 | monodec: 0.0000 | rule: 246.1371 | group: 1.9609 | tree: 5.7922 | total: 3.1000
[New] Epoch 699/1000 | classify: 2.8060 | voltage: 1.3253 | conc: 0.0009 | consistency: 0.3208 | polarity: 2.4798 | monodec: 0.0000 | rule: 233.3626 | group: 1.8986 | tree: 5.5537 | total: 2.9942
[New] Epoch 700/1000 | classify: 2.8786 | voltage: 1.3240 | conc: 0.0007 | consistency: 0.3209 | polarity: 2.4642 | monodec: 0.0000 | rule: 246.7704 | group: 1.9316 | tree: 5.8095 | total: 3.0734
--- 验证集 [epoch 700] ---
  准确率 (Accuracy):  0.7260
  精确率 (Precision): 0.6468
  召回率 (Recall):    0.5764
  F1 分数 (F1):       0.5884
✅ 模型已保存到 /home/kudouzala/Application/ion_detect/output/trained_model_save/exp_new_f_num_tp2/trained_model_epoch_700.pth
📁 损失值已保存到 /home/kudouzala/Application/ion_detect/output/trained_model_save/exp_new_f_num_tp2/training_loss_epoch_700.csv
[New] Epoch 701/1000 | classify: 2.8306 | voltage: 1.3173 | conc: 0.0013 | consistency: 0.3211 | polarity: 2.5507 | monodec: 0.0000 | rule: 231.4508 | group: 2.0213 | tree: 6.0546 | total: 3.0182
[New] Epoch 702/1000 | classify: 2.9065 | voltage: 1.3437 | conc: 0.0008 | consistency: 0.3213 | polarity: 2.5000 | monodec: 0.0000 | rule: 249.6695 | group: 1.9329 | tree: 5.6712 | total: 3.1038
[New] Epoch 703/1000 | classify: 2.9788 | voltage: 1.3347 | conc: 0.0012 | consistency: 0.3215 | polarity: 2.5357 | monodec: 0.0000 | rule: 241.5977 | group: 2.0598 | tree: 6.3230 | total: 3.1724
[New] Epoch 704/1000 | classify: 2.9674 | voltage: 1.3253 | conc: 0.0009 | consistency: 0.3216 | polarity: 2.5254 | monodec: 0.0000 | rule: 235.9293 | group: 2.0097 | tree: 6.0067 | total: 3.1572
[New] Epoch 705/1000 | classify: 2.6574 | voltage: 1.3453 | conc: 0.0010 | consistency: 0.3216 | polarity: 2.4185 | monodec: 0.0000 | rule: 211.9940 | group: 1.9263 | tree: 5.6351 | total: 2.8361
[New] Epoch 706/1000 | classify: 2.5377 | voltage: 1.3430 | conc: 0.0006 | consistency: 0.3217 | polarity: 2.3675 | monodec: 0.0000 | rule: 220.4660 | group: 1.8350 | tree: 5.2109 | total: 2.7198
[New] Epoch 707/1000 | classify: 2.7971 | voltage: 1.3024 | conc: 0.0010 | consistency: 0.3217 | polarity: 2.4840 | monodec: 0.0000 | rule: 253.7200 | group: 1.9263 | tree: 5.8089 | total: 2.9946
[New] Epoch 708/1000 | classify: 2.6266 | voltage: 1.3502 | conc: 0.0009 | consistency: 0.3216 | polarity: 2.4075 | monodec: 0.0000 | rule: 216.2042 | group: 1.8742 | tree: 5.3850 | total: 2.8073
[New] Epoch 709/1000 | classify: 2.9094 | voltage: 1.3010 | conc: 0.0009 | consistency: 0.3217 | polarity: 2.5093 | monodec: 0.0000 | rule: 249.0475 | group: 1.9578 | tree: 6.0306 | total: 3.1046
[New] Epoch 710/1000 | classify: 2.7191 | voltage: 1.3196 | conc: 0.0012 | consistency: 0.3219 | polarity: 2.4793 | monodec: 0.0000 | rule: 244.1506 | group: 1.9301 | tree: 5.8603 | total: 2.9129
--- 验证集 [epoch 710] ---
  准确率 (Accuracy):  0.7192
  精确率 (Precision): 0.6127
  召回率 (Recall):    0.5780
  F1 分数 (F1):       0.5769
[New] Epoch 711/1000 | classify: 2.8381 | voltage: 1.3066 | conc: 0.0011 | consistency: 0.3222 | polarity: 2.5458 | monodec: 0.0000 | rule: 241.0011 | group: 1.9794 | tree: 5.7831 | total: 3.0296
[New] Epoch 712/1000 | classify: 2.6691 | voltage: 1.3362 | conc: 0.0007 | consistency: 0.3224 | polarity: 2.4646 | monodec: 0.0000 | rule: 232.5826 | group: 1.8845 | tree: 5.7055 | total: 2.8574
[New] Epoch 713/1000 | classify: 2.8111 | voltage: 1.3425 | conc: 0.0013 | consistency: 0.3223 | polarity: 2.5095 | monodec: 0.0000 | rule: 225.1083 | group: 2.0481 | tree: 6.0673 | total: 2.9968
[New] Epoch 714/1000 | classify: 2.6884 | voltage: 1.3439 | conc: 0.0009 | consistency: 0.3223 | polarity: 2.3979 | monodec: 0.0000 | rule: 230.9974 | group: 1.8394 | tree: 5.3766 | total: 2.8762
[New] Epoch 715/1000 | classify: 3.0324 | voltage: 1.3573 | conc: 0.0010 | consistency: 0.3225 | polarity: 2.5503 | monodec: 0.0000 | rule: 236.3595 | group: 2.0377 | tree: 6.0579 | total: 3.2242
[New] Epoch 716/1000 | classify: 2.7731 | voltage: 1.3461 | conc: 0.0010 | consistency: 0.3224 | polarity: 2.4738 | monodec: 0.0000 | rule: 214.2788 | group: 1.9779 | tree: 5.7318 | total: 2.9531
[New] Epoch 717/1000 | classify: 2.6950 | voltage: 1.3575 | conc: 0.0009 | consistency: 0.3226 | polarity: 2.4236 | monodec: 0.0000 | rule: 227.3299 | group: 1.8896 | tree: 5.5785 | total: 2.8818
[New] Epoch 718/1000 | classify: 2.6931 | voltage: 1.3540 | conc: 0.0010 | consistency: 0.3225 | polarity: 2.4283 | monodec: 0.0000 | rule: 232.0456 | group: 1.9000 | tree: 5.4829 | total: 2.8822
[New] Epoch 719/1000 | classify: 2.7207 | voltage: 1.3432 | conc: 0.0012 | consistency: 0.3224 | polarity: 2.4531 | monodec: 0.0000 | rule: 227.0384 | group: 1.9369 | tree: 5.8943 | total: 2.9072
[New] Epoch 720/1000 | classify: 2.5567 | voltage: 1.3369 | conc: 0.0008 | consistency: 0.3224 | polarity: 2.4075 | monodec: 0.0000 | rule: 211.6717 | group: 1.8688 | tree: 5.4224 | total: 2.7345
--- 验证集 [epoch 720] ---
  准确率 (Accuracy):  0.7192
  精确率 (Precision): 0.5992
  召回率 (Recall):    0.5572
  F1 分数 (F1):       0.5563
[New] Epoch 721/1000 | classify: 2.7042 | voltage: 1.3316 | conc: 0.0010 | consistency: 0.3223 | polarity: 2.4426 | monodec: 0.0000 | rule: 227.7188 | group: 1.8412 | tree: 5.3966 | total: 2.8899
[New] Epoch 722/1000 | classify: 3.0790 | voltage: 1.3043 | conc: 0.0009 | consistency: 0.3224 | polarity: 2.5544 | monodec: 0.0000 | rule: 252.3083 | group: 1.9686 | tree: 6.0139 | total: 3.2759
[New] Epoch 723/1000 | classify: 2.9668 | voltage: 1.3883 | conc: 0.0009 | consistency: 0.3224 | polarity: 2.5142 | monodec: 0.0000 | rule: 212.6002 | group: 1.9878 | tree: 5.8265 | total: 3.1479
[New] Epoch 724/1000 | classify: 2.9157 | voltage: 1.3661 | conc: 0.0009 | consistency: 0.3226 | polarity: 2.4891 | monodec: 0.0000 | rule: 225.8404 | group: 1.9654 | tree: 5.6603 | total: 3.1023
[New] Epoch 725/1000 | classify: 2.8415 | voltage: 1.3813 | conc: 0.0009 | consistency: 0.3225 | polarity: 2.4633 | monodec: 0.0000 | rule: 202.2308 | group: 1.9300 | tree: 5.6566 | total: 3.0170
[New] Epoch 726/1000 | classify: 2.8942 | voltage: 1.3220 | conc: 0.0012 | consistency: 0.3225 | polarity: 2.5444 | monodec: 0.0000 | rule: 228.7836 | group: 1.9766 | tree: 5.8845 | total: 3.0805
[New] Epoch 727/1000 | classify: 2.7301 | voltage: 1.3329 | conc: 0.0009 | consistency: 0.3224 | polarity: 2.4275 | monodec: 0.0000 | rule: 219.7251 | group: 1.8956 | tree: 5.5400 | total: 2.9118
[New] Epoch 728/1000 | classify: 2.7949 | voltage: 1.3489 | conc: 0.0008 | consistency: 0.3225 | polarity: 2.4836 | monodec: 0.0000 | rule: 244.9852 | group: 1.9427 | tree: 5.4450 | total: 2.9900
[New] Epoch 729/1000 | classify: 2.9471 | voltage: 1.3402 | conc: 0.0006 | consistency: 0.3225 | polarity: 2.4734 | monodec: 0.0000 | rule: 235.3613 | group: 1.9102 | tree: 5.5924 | total: 3.1369
[New] Epoch 730/1000 | classify: 2.8061 | voltage: 1.3704 | conc: 0.0009 | consistency: 0.3226 | polarity: 2.5195 | monodec: 0.0000 | rule: 218.1238 | group: 1.9919 | tree: 5.6738 | total: 2.9891
--- 验证集 [epoch 730] ---
  准确率 (Accuracy):  0.7260
  精确率 (Precision): 0.6383
  召回率 (Recall):    0.5753
  F1 分数 (F1):       0.5816
[New] Epoch 731/1000 | classify: 2.9723 | voltage: 1.3712 | conc: 0.0011 | consistency: 0.3226 | polarity: 2.5196 | monodec: 0.0000 | rule: 218.9720 | group: 1.9692 | tree: 5.7816 | total: 3.1560
[New] Epoch 732/1000 | classify: 2.8690 | voltage: 1.3742 | conc: 0.0009 | consistency: 0.3225 | polarity: 2.4733 | monodec: 0.0000 | rule: 210.0778 | group: 1.9395 | tree: 5.8110 | total: 3.0481
[New] Epoch 733/1000 | classify: 2.8652 | voltage: 1.3452 | conc: 0.0010 | consistency: 0.3226 | polarity: 2.5294 | monodec: 0.0000 | rule: 236.2808 | group: 1.9599 | tree: 5.7208 | total: 3.0562
[New] Epoch 734/1000 | classify: 2.9726 | voltage: 1.3353 | conc: 0.0009 | consistency: 0.3228 | polarity: 2.5400 | monodec: 0.0000 | rule: 243.9777 | group: 1.9956 | tree: 6.2036 | total: 3.1670
[New] Epoch 735/1000 | classify: 2.8969 | voltage: 1.3392 | conc: 0.0007 | consistency: 0.3228 | polarity: 2.5097 | monodec: 0.0000 | rule: 234.9029 | group: 1.9866 | tree: 5.9714 | total: 3.0867
[New] Epoch 736/1000 | classify: 2.9495 | voltage: 1.3934 | conc: 0.0011 | consistency: 0.3229 | polarity: 2.5350 | monodec: 0.0000 | rule: 215.9557 | group: 2.0165 | tree: 6.0486 | total: 3.1330
[New] Epoch 737/1000 | classify: 2.7622 | voltage: 1.3498 | conc: 0.0007 | consistency: 0.3230 | polarity: 2.4793 | monodec: 0.0000 | rule: 236.2587 | group: 1.9443 | tree: 5.9603 | total: 2.9531
[New] Epoch 738/1000 | classify: 2.8251 | voltage: 1.3688 | conc: 0.0009 | consistency: 0.3232 | polarity: 2.4796 | monodec: 0.0000 | rule: 222.1334 | group: 1.9738 | tree: 5.7889 | total: 3.0101
[New] Epoch 739/1000 | classify: 2.8800 | voltage: 1.3611 | conc: 0.0008 | consistency: 0.3232 | polarity: 2.5452 | monodec: 0.0000 | rule: 222.5223 | group: 1.9779 | tree: 5.8588 | total: 3.0647
[New] Epoch 740/1000 | classify: 2.8419 | voltage: 1.3685 | conc: 0.0014 | consistency: 0.3233 | polarity: 2.5761 | monodec: 0.0000 | rule: 219.3313 | group: 2.0726 | tree: 6.0940 | total: 3.0262
--- 验证集 [epoch 740] ---
  准确率 (Accuracy):  0.7055
  精确率 (Precision): 0.5376
  召回率 (Recall):    0.5670
  F1 分数 (F1):       0.5426
[New] Epoch 741/1000 | classify: 2.7312 | voltage: 1.3471 | conc: 0.0010 | consistency: 0.3234 | polarity: 2.4643 | monodec: 0.0000 | rule: 221.8443 | group: 1.9081 | tree: 5.6018 | total: 2.9149
[New] Epoch 742/1000 | classify: 2.7232 | voltage: 1.3371 | conc: 0.0008 | consistency: 0.3233 | polarity: 2.4384 | monodec: 0.0000 | rule: 229.2495 | group: 1.8415 | tree: 5.7768 | total: 2.9099
[New] Epoch 743/1000 | classify: 2.7346 | voltage: 1.3559 | conc: 0.0010 | consistency: 0.3231 | polarity: 2.4176 | monodec: 0.0000 | rule: 236.3793 | group: 1.8745 | tree: 5.5736 | total: 2.9260
[New] Epoch 744/1000 | classify: 2.7050 | voltage: 1.3651 | conc: 0.0009 | consistency: 0.3230 | polarity: 2.4273 | monodec: 0.0000 | rule: 218.3775 | group: 1.9214 | tree: 5.6960 | total: 2.8879
[New] Epoch 745/1000 | classify: 2.6696 | voltage: 1.3210 | conc: 0.0010 | consistency: 0.3230 | polarity: 2.4680 | monodec: 0.0000 | rule: 239.8290 | group: 1.9429 | tree: 5.7199 | total: 2.8611
[New] Epoch 746/1000 | classify: 2.8045 | voltage: 1.3508 | conc: 0.0010 | consistency: 0.3231 | polarity: 2.4989 | monodec: 0.0000 | rule: 228.4221 | group: 1.9611 | tree: 5.7917 | total: 2.9919
[New] Epoch 747/1000 | classify: 2.7568 | voltage: 1.3410 | conc: 0.0013 | consistency: 0.3231 | polarity: 2.4886 | monodec: 0.0000 | rule: 235.3413 | group: 1.9352 | tree: 5.5329 | total: 2.9472
[New] Epoch 748/1000 | classify: 2.9291 | voltage: 1.3691 | conc: 0.0013 | consistency: 0.3230 | polarity: 2.5239 | monodec: 0.0000 | rule: 239.8615 | group: 2.0166 | tree: 5.8823 | total: 3.1234
[New] Epoch 749/1000 | classify: 2.6137 | voltage: 1.3324 | conc: 0.0009 | consistency: 0.3228 | polarity: 2.4423 | monodec: 0.0000 | rule: 245.5673 | group: 1.8972 | tree: 5.5913 | total: 2.8084
[New] Epoch 750/1000 | classify: 2.8783 | voltage: 1.3559 | conc: 0.0009 | consistency: 0.3229 | polarity: 2.5186 | monodec: 0.0000 | rule: 231.9136 | group: 2.0246 | tree: 5.9883 | total: 3.0676
--- 验证集 [epoch 750] ---
  准确率 (Accuracy):  0.7466
  精确率 (Precision): 0.6689
  召回率 (Recall):    0.6170
  F1 分数 (F1):       0.6167
✅ 模型已保存到 /home/kudouzala/Application/ion_detect/output/trained_model_save/exp_new_f_num_tp2/trained_model_epoch_750.pth
📁 损失值已保存到 /home/kudouzala/Application/ion_detect/output/trained_model_save/exp_new_f_num_tp2/training_loss_epoch_750.csv
[New] Epoch 751/1000 | classify: 2.8438 | voltage: 1.3727 | conc: 0.0006 | consistency: 0.3229 | polarity: 2.4530 | monodec: 0.0000 | rule: 212.2484 | group: 1.9590 | tree: 5.6416 | total: 3.0236
[New] Epoch 752/1000 | classify: 2.5912 | voltage: 1.3686 | conc: 0.0009 | consistency: 0.3230 | polarity: 2.4532 | monodec: 0.0000 | rule: 218.5970 | group: 1.8962 | tree: 5.5274 | total: 2.7742
[New] Epoch 753/1000 | classify: 2.8537 | voltage: 1.3607 | conc: 0.0009 | consistency: 0.3230 | polarity: 2.5040 | monodec: 0.0000 | rule: 239.9778 | group: 1.9815 | tree: 6.0126 | total: 3.0473
[New] Epoch 754/1000 | classify: 3.1499 | voltage: 1.3735 | conc: 0.0010 | consistency: 0.3230 | polarity: 2.5853 | monodec: 0.0000 | rule: 213.5795 | group: 2.1003 | tree: 6.2203 | total: 3.3312
[New] Epoch 755/1000 | classify: 2.7882 | voltage: 1.3826 | conc: 0.0012 | consistency: 0.3231 | polarity: 2.5195 | monodec: 0.0000 | rule: 219.6028 | group: 2.0287 | tree: 6.0587 | total: 2.9730
[New] Epoch 756/1000 | classify: 2.7930 | voltage: 1.3435 | conc: 0.0011 | consistency: 0.3233 | polarity: 2.4540 | monodec: 0.0000 | rule: 227.9644 | group: 1.8720 | tree: 5.5640 | total: 2.9796
[New] Epoch 757/1000 | classify: 2.8412 | voltage: 1.3543 | conc: 0.0010 | consistency: 0.3234 | polarity: 2.5050 | monodec: 0.0000 | rule: 245.9873 | group: 1.9554 | tree: 5.7997 | total: 3.0375
[New] Epoch 758/1000 | classify: 2.9076 | voltage: 1.3682 | conc: 0.0010 | consistency: 0.3235 | polarity: 2.5200 | monodec: 0.0000 | rule: 236.3882 | group: 2.0056 | tree: 6.0130 | total: 3.0999
[New] Epoch 759/1000 | classify: 2.7097 | voltage: 1.3754 | conc: 0.0013 | consistency: 0.3235 | polarity: 2.5301 | monodec: 0.0000 | rule: 212.7375 | group: 2.0102 | tree: 6.0316 | total: 2.8909
[New] Epoch 760/1000 | classify: 2.7299 | voltage: 1.3542 | conc: 0.0007 | consistency: 0.3235 | polarity: 2.4336 | monodec: 0.0000 | rule: 235.1395 | group: 1.8335 | tree: 5.3879 | total: 2.9201
--- 验证集 [epoch 760] ---
  准确率 (Accuracy):  0.7192
  精确率 (Precision): 0.6307
  召回率 (Recall):    0.5634
  F1 分数 (F1):       0.5730
[New] Epoch 761/1000 | classify: 2.9267 | voltage: 1.3593 | conc: 0.0007 | consistency: 0.3234 | polarity: 2.4891 | monodec: 0.0000 | rule: 228.3289 | group: 1.9398 | tree: 5.8992 | total: 3.1141
[New] Epoch 762/1000 | classify: 2.9300 | voltage: 1.3370 | conc: 0.0011 | consistency: 0.3236 | polarity: 2.5201 | monodec: 0.0000 | rule: 262.9850 | group: 1.9788 | tree: 5.8261 | total: 3.1340
[New] Epoch 763/1000 | classify: 3.0051 | voltage: 1.3673 | conc: 0.0008 | consistency: 0.3238 | polarity: 2.4900 | monodec: 0.0000 | rule: 222.1515 | group: 1.9497 | tree: 5.6939 | total: 3.1898
[New] Epoch 764/1000 | classify: 2.5999 | voltage: 1.3529 | conc: 0.0011 | consistency: 0.3239 | polarity: 2.3936 | monodec: 0.0000 | rule: 244.6649 | group: 1.8391 | tree: 5.3471 | total: 2.7951
[New] Epoch 765/1000 | classify: 2.9860 | voltage: 1.3697 | conc: 0.0009 | consistency: 0.3240 | polarity: 2.5459 | monodec: 0.0000 | rule: 240.9653 | group: 2.0071 | tree: 5.9756 | total: 3.1805
[New] Epoch 766/1000 | classify: 2.7464 | voltage: 1.3536 | conc: 0.0013 | consistency: 0.3241 | polarity: 2.4596 | monodec: 0.0000 | rule: 238.5169 | group: 1.9186 | tree: 5.7013 | total: 2.9391
[New] Epoch 767/1000 | classify: 2.6575 | voltage: 1.3591 | conc: 0.0011 | consistency: 0.3240 | polarity: 2.4694 | monodec: 0.0000 | rule: 235.2564 | group: 1.9420 | tree: 5.8055 | total: 2.8487
[New] Epoch 768/1000 | classify: 2.8210 | voltage: 1.3723 | conc: 0.0008 | consistency: 0.3240 | polarity: 2.5149 | monodec: 0.0000 | rule: 244.5454 | group: 1.9717 | tree: 5.9899 | total: 3.0173
[New] Epoch 769/1000 | classify: 2.7041 | voltage: 1.3766 | conc: 0.0012 | consistency: 0.3241 | polarity: 2.4897 | monodec: 0.0000 | rule: 230.6847 | group: 1.9506 | tree: 5.7723 | total: 2.8939
[New] Epoch 770/1000 | classify: 2.6680 | voltage: 1.3771 | conc: 0.0007 | consistency: 0.3242 | polarity: 2.4087 | monodec: 0.0000 | rule: 229.7830 | group: 1.8696 | tree: 5.6804 | total: 2.8569
--- 验证集 [epoch 770] ---
  准确率 (Accuracy):  0.6986
  精确率 (Precision): 0.6258
  召回率 (Recall):    0.5314
  F1 分数 (F1):       0.5144
[New] Epoch 771/1000 | classify: 2.7410 | voltage: 1.3653 | conc: 0.0007 | consistency: 0.3243 | polarity: 2.4240 | monodec: 0.0000 | rule: 214.1500 | group: 1.8828 | tree: 5.9266 | total: 2.9216
[New] Epoch 772/1000 | classify: 2.6831 | voltage: 1.3840 | conc: 0.0011 | consistency: 0.3244 | polarity: 2.4596 | monodec: 0.0000 | rule: 209.5551 | group: 1.9413 | tree: 5.7439 | total: 2.8627
[New] Epoch 773/1000 | classify: 2.7351 | voltage: 1.3952 | conc: 0.0013 | consistency: 0.3244 | polarity: 2.5049 | monodec: 0.0000 | rule: 226.6245 | group: 1.9907 | tree: 5.6995 | total: 2.9240
[New] Epoch 774/1000 | classify: 2.7289 | voltage: 1.4010 | conc: 0.0012 | consistency: 0.3244 | polarity: 2.4793 | monodec: 0.0000 | rule: 217.2793 | group: 1.9104 | tree: 5.7071 | total: 2.9132
[New] Epoch 775/1000 | classify: 2.7781 | voltage: 1.3738 | conc: 0.0010 | consistency: 0.3244 | polarity: 2.4996 | monodec: 0.0000 | rule: 222.9695 | group: 1.9649 | tree: 5.8340 | total: 2.9638
[New] Epoch 776/1000 | classify: 2.8562 | voltage: 1.3671 | conc: 0.0009 | consistency: 0.3245 | polarity: 2.4287 | monodec: 0.0000 | rule: 235.5053 | group: 1.9048 | tree: 5.5904 | total: 3.0475
[New] Epoch 777/1000 | classify: 2.8979 | voltage: 1.3642 | conc: 0.0008 | consistency: 0.3246 | polarity: 2.4998 | monodec: 0.0000 | rule: 246.2720 | group: 1.9708 | tree: 5.9135 | total: 3.0946
[New] Epoch 778/1000 | classify: 2.7144 | voltage: 1.3962 | conc: 0.0010 | consistency: 0.3247 | polarity: 2.4289 | monodec: 0.0000 | rule: 226.1442 | group: 1.8683 | tree: 5.4464 | total: 2.9025
[New] Epoch 779/1000 | classify: 2.6636 | voltage: 1.4149 | conc: 0.0008 | consistency: 0.3247 | polarity: 2.4592 | monodec: 0.0000 | rule: 202.3381 | group: 1.9648 | tree: 5.8229 | total: 2.8409
[New] Epoch 780/1000 | classify: 2.8400 | voltage: 1.3948 | conc: 0.0011 | consistency: 0.3246 | polarity: 2.5147 | monodec: 0.0000 | rule: 218.7684 | group: 2.0095 | tree: 5.9924 | total: 3.0249
--- 验证集 [epoch 780] ---
  准确率 (Accuracy):  0.7123
  精确率 (Precision): 0.5942
  召回率 (Recall):    0.5453
  F1 分数 (F1):       0.5472
[New] Epoch 781/1000 | classify: 2.8452 | voltage: 1.3605 | conc: 0.0006 | consistency: 0.3246 | polarity: 2.4942 | monodec: 0.0000 | rule: 248.4064 | group: 1.8972 | tree: 5.6565 | total: 3.0425
[New] Epoch 782/1000 | classify: 2.6535 | voltage: 1.3680 | conc: 0.0008 | consistency: 0.3247 | polarity: 2.4436 | monodec: 0.0000 | rule: 228.0576 | group: 1.8823 | tree: 5.5123 | total: 2.8410
[New] Epoch 783/1000 | classify: 2.7929 | voltage: 1.3986 | conc: 0.0011 | consistency: 0.3247 | polarity: 2.4993 | monodec: 0.0000 | rule: 224.1097 | group: 2.0244 | tree: 5.7801 | total: 2.9806
[New] Epoch 784/1000 | classify: 2.9117 | voltage: 1.4212 | conc: 0.0008 | consistency: 0.3247 | polarity: 2.4993 | monodec: 0.0000 | rule: 212.2353 | group: 2.0155 | tree: 5.8869 | total: 3.0943
[New] Epoch 785/1000 | classify: 3.0008 | voltage: 1.3999 | conc: 0.0010 | consistency: 0.3248 | polarity: 2.5504 | monodec: 0.0000 | rule: 231.7671 | group: 2.0084 | tree: 5.9374 | total: 3.1923
[New] Epoch 786/1000 | classify: 2.6275 | voltage: 1.3842 | conc: 0.0009 | consistency: 0.3248 | polarity: 2.4642 | monodec: 0.0000 | rule: 221.6976 | group: 1.9430 | tree: 5.6894 | total: 2.8130
[New] Epoch 787/1000 | classify: 2.8359 | voltage: 1.3883 | conc: 0.0013 | consistency: 0.3249 | polarity: 2.5149 | monodec: 0.0000 | rule: 227.1460 | group: 1.9917 | tree: 5.7024 | total: 3.0247
[New] Epoch 788/1000 | classify: 2.9021 | voltage: 1.4126 | conc: 0.0010 | consistency: 0.3250 | polarity: 2.5861 | monodec: 0.0000 | rule: 239.1823 | group: 2.0459 | tree: 6.0477 | total: 3.0981
[New] Epoch 789/1000 | classify: 2.7613 | voltage: 1.3548 | conc: 0.0009 | consistency: 0.3250 | polarity: 2.4847 | monodec: 0.0000 | rule: 234.2783 | group: 1.9465 | tree: 5.8036 | total: 2.9516
[New] Epoch 790/1000 | classify: 2.6439 | voltage: 1.3874 | conc: 0.0011 | consistency: 0.3251 | polarity: 2.4186 | monodec: 0.0000 | rule: 232.2119 | group: 1.8908 | tree: 5.3964 | total: 2.8348
--- 验证集 [epoch 790] ---
  准确率 (Accuracy):  0.7260
  精确率 (Precision): 0.6442
  召回率 (Recall):    0.5713
  F1 分数 (F1):       0.5884
[New] Epoch 791/1000 | classify: 3.1446 | voltage: 1.4038 | conc: 0.0013 | consistency: 0.3250 | polarity: 2.5957 | monodec: 0.0000 | rule: 237.6375 | group: 2.0388 | tree: 6.2521 | total: 3.3397
[New] Epoch 792/1000 | classify: 2.9520 | voltage: 1.3646 | conc: 0.0013 | consistency: 0.3251 | polarity: 2.5149 | monodec: 0.0000 | rule: 240.7634 | group: 1.9676 | tree: 5.9166 | total: 3.1465
[New] Epoch 793/1000 | classify: 2.6001 | voltage: 1.3747 | conc: 0.0012 | consistency: 0.3251 | polarity: 2.4643 | monodec: 0.0000 | rule: 221.0281 | group: 1.9149 | tree: 5.6400 | total: 2.7850
[New] Epoch 794/1000 | classify: 2.8950 | voltage: 1.3665 | conc: 0.0012 | consistency: 0.3251 | polarity: 2.5298 | monodec: 0.0000 | rule: 258.2198 | group: 1.9473 | tree: 5.9480 | total: 3.0983
[New] Epoch 795/1000 | classify: 2.6454 | voltage: 1.4226 | conc: 0.0008 | consistency: 0.3251 | polarity: 2.5098 | monodec: 0.0000 | rule: 204.3267 | group: 1.9716 | tree: 5.8627 | total: 2.8240
[New] Epoch 796/1000 | classify: 2.8429 | voltage: 1.3603 | conc: 0.0010 | consistency: 0.3253 | polarity: 2.5051 | monodec: 0.0000 | rule: 243.4737 | group: 1.9243 | tree: 5.7842 | total: 3.0381
[New] Epoch 797/1000 | classify: 2.8405 | voltage: 1.3949 | conc: 0.0010 | consistency: 0.3254 | polarity: 2.4899 | monodec: 0.0000 | rule: 253.3132 | group: 1.9182 | tree: 5.7693 | total: 3.0424
[New] Epoch 798/1000 | classify: 2.7439 | voltage: 1.3923 | conc: 0.0009 | consistency: 0.3254 | polarity: 2.4898 | monodec: 0.0000 | rule: 216.1747 | group: 1.9833 | tree: 5.7874 | total: 2.9271
[New] Epoch 799/1000 | classify: 2.7038 | voltage: 1.4062 | conc: 0.0010 | consistency: 0.3254 | polarity: 2.4592 | monodec: 0.0000 | rule: 222.0889 | group: 1.9327 | tree: 5.5597 | total: 2.8905
[New] Epoch 800/1000 | classify: 2.9612 | voltage: 1.4017 | conc: 0.0012 | consistency: 0.3255 | polarity: 2.5408 | monodec: 0.0000 | rule: 231.9335 | group: 2.0233 | tree: 5.8378 | total: 3.1531
--- 验证集 [epoch 800] ---
  准确率 (Accuracy):  0.7192
  精确率 (Precision): 0.6012
  召回率 (Recall):    0.5572
  F1 分数 (F1):       0.5562
✅ 模型已保存到 /home/kudouzala/Application/ion_detect/output/trained_model_save/exp_new_f_num_tp2/trained_model_epoch_800.pth
📁 损失值已保存到 /home/kudouzala/Application/ion_detect/output/trained_model_save/exp_new_f_num_tp2/training_loss_epoch_800.csv
[New] Epoch 801/1000 | classify: 2.7059 | voltage: 1.4037 | conc: 0.0010 | consistency: 0.3257 | polarity: 2.5158 | monodec: 0.0000 | rule: 234.4306 | group: 1.9989 | tree: 5.9008 | total: 2.8989
[New] Epoch 802/1000 | classify: 2.8083 | voltage: 1.4074 | conc: 0.0009 | consistency: 0.3258 | polarity: 2.4447 | monodec: 0.0000 | rule: 221.6131 | group: 1.8730 | tree: 5.2130 | total: 2.9946
[New] Epoch 803/1000 | classify: 2.9459 | voltage: 1.4054 | conc: 0.0013 | consistency: 0.3258 | polarity: 2.5661 | monodec: 0.0000 | rule: 242.4949 | group: 2.0231 | tree: 5.9787 | total: 3.1434
[New] Epoch 804/1000 | classify: 2.5908 | voltage: 1.3880 | conc: 0.0009 | consistency: 0.3258 | polarity: 2.4647 | monodec: 0.0000 | rule: 223.0596 | group: 1.9010 | tree: 5.5784 | total: 2.7771
[New] Epoch 805/1000 | classify: 2.7714 | voltage: 1.4200 | conc: 0.0010 | consistency: 0.3258 | polarity: 2.4797 | monodec: 0.0000 | rule: 227.8281 | group: 1.9296 | tree: 5.8082 | total: 2.9618
[New] Epoch 806/1000 | classify: 2.7402 | voltage: 1.3845 | conc: 0.0008 | consistency: 0.3259 | polarity: 2.4798 | monodec: 0.0000 | rule: 245.1832 | group: 1.9648 | tree: 5.6283 | total: 2.9373
[New] Epoch 807/1000 | classify: 2.6630 | voltage: 1.4005 | conc: 0.0008 | consistency: 0.3260 | polarity: 2.4444 | monodec: 0.0000 | rule: 221.0717 | group: 1.9188 | tree: 5.7421 | total: 2.8488
[New] Epoch 808/1000 | classify: 2.6467 | voltage: 1.4094 | conc: 0.0006 | consistency: 0.3259 | polarity: 2.4440 | monodec: 0.0000 | rule: 220.9788 | group: 1.9403 | tree: 5.6772 | total: 2.8327
[New] Epoch 809/1000 | classify: 2.7018 | voltage: 1.3894 | conc: 0.0009 | consistency: 0.3260 | polarity: 2.4848 | monodec: 0.0000 | rule: 246.2824 | group: 1.9509 | tree: 5.7149 | total: 2.8997
[New] Epoch 810/1000 | classify: 2.6851 | voltage: 1.4199 | conc: 0.0010 | consistency: 0.3260 | polarity: 2.4339 | monodec: 0.0000 | rule: 223.9886 | group: 1.8844 | tree: 5.7405 | total: 2.8735
--- 验证集 [epoch 810] ---
  准确率 (Accuracy):  0.7260
  精确率 (Precision): 0.6422
  召回率 (Recall):    0.5713
  F1 分数 (F1):       0.5870
[New] Epoch 811/1000 | classify: 2.8598 | voltage: 1.3797 | conc: 0.0009 | consistency: 0.3260 | polarity: 2.4998 | monodec: 0.0000 | rule: 242.3189 | group: 1.9738 | tree: 5.8055 | total: 3.0553
[New] Epoch 812/1000 | classify: 2.8266 | voltage: 1.4057 | conc: 0.0013 | consistency: 0.3260 | polarity: 2.4742 | monodec: 0.0000 | rule: 239.3718 | group: 1.9518 | tree: 5.7570 | total: 3.0225
[New] Epoch 813/1000 | classify: 2.6630 | voltage: 1.3962 | conc: 0.0009 | consistency: 0.3260 | polarity: 2.4690 | monodec: 0.0000 | rule: 225.1829 | group: 1.9116 | tree: 5.8090 | total: 2.8508
[New] Epoch 814/1000 | classify: 2.6548 | voltage: 1.4247 | conc: 0.0012 | consistency: 0.3259 | polarity: 2.4993 | monodec: 0.0000 | rule: 220.7611 | group: 2.0570 | tree: 5.9831 | total: 2.8423
[New] Epoch 815/1000 | classify: 2.6851 | voltage: 1.4063 | conc: 0.0008 | consistency: 0.3259 | polarity: 2.4282 | monodec: 0.0000 | rule: 236.2819 | group: 1.9009 | tree: 5.4981 | total: 2.8787
[New] Epoch 816/1000 | classify: 2.7767 | voltage: 1.3974 | conc: 0.0011 | consistency: 0.3259 | polarity: 2.5041 | monodec: 0.0000 | rule: 232.3062 | group: 1.9357 | tree: 5.5989 | total: 2.9682
[New] Epoch 817/1000 | classify: 2.7603 | voltage: 1.4021 | conc: 0.0010 | consistency: 0.3259 | polarity: 2.4535 | monodec: 0.0000 | rule: 223.5511 | group: 1.9650 | tree: 5.7806 | total: 2.9477
[New] Epoch 818/1000 | classify: 2.5464 | voltage: 1.3872 | conc: 0.0009 | consistency: 0.3259 | polarity: 2.3825 | monodec: 0.0000 | rule: 237.3120 | group: 1.8016 | tree: 5.4056 | total: 2.7395
[New] Epoch 819/1000 | classify: 2.7893 | voltage: 1.3940 | conc: 0.0010 | consistency: 0.3260 | polarity: 2.4588 | monodec: 0.0000 | rule: 225.3153 | group: 1.9456 | tree: 5.7007 | total: 2.9772
[New] Epoch 820/1000 | classify: 2.7409 | voltage: 1.4328 | conc: 0.0008 | consistency: 0.3260 | polarity: 2.4386 | monodec: 0.0000 | rule: 229.2532 | group: 1.9037 | tree: 5.6161 | total: 2.9323
--- 验证集 [epoch 820] ---
  准确率 (Accuracy):  0.7192
  精确率 (Precision): 0.6014
  召回率 (Recall):    0.5623
  F1 分数 (F1):       0.5573
[New] Epoch 821/1000 | classify: 2.7671 | voltage: 1.4194 | conc: 0.0008 | consistency: 0.3260 | polarity: 2.4436 | monodec: 0.0000 | rule: 219.1856 | group: 1.8942 | tree: 5.5059 | total: 2.9529
[New] Epoch 822/1000 | classify: 2.6050 | voltage: 1.3711 | conc: 0.0008 | consistency: 0.3260 | polarity: 2.4234 | monodec: 0.0000 | rule: 235.1989 | group: 1.8551 | tree: 5.5196 | total: 2.7963
[New] Epoch 823/1000 | classify: 2.7109 | voltage: 1.4292 | conc: 0.0005 | consistency: 0.3261 | polarity: 2.4133 | monodec: 0.0000 | rule: 217.0875 | group: 1.8220 | tree: 5.3953 | total: 2.8957
[New] Epoch 824/1000 | classify: 2.5730 | voltage: 1.4095 | conc: 0.0007 | consistency: 0.3260 | polarity: 2.3472 | monodec: 0.0000 | rule: 216.4527 | group: 1.7945 | tree: 5.1704 | total: 2.7565
[New] Epoch 825/1000 | classify: 2.6716 | voltage: 1.3856 | conc: 0.0010 | consistency: 0.3260 | polarity: 2.4333 | monodec: 0.0000 | rule: 256.8921 | group: 1.8690 | tree: 5.5142 | total: 2.8747
[New] Epoch 826/1000 | classify: 2.6031 | voltage: 1.4093 | conc: 0.0012 | consistency: 0.3260 | polarity: 2.4638 | monodec: 0.0000 | rule: 232.5999 | group: 1.9585 | tree: 5.5442 | total: 2.7954
[New] Epoch 827/1000 | classify: 2.7176 | voltage: 1.3854 | conc: 0.0010 | consistency: 0.3260 | polarity: 2.4385 | monodec: 0.0000 | rule: 222.2504 | group: 1.8917 | tree: 5.8232 | total: 2.9036
[New] Epoch 828/1000 | classify: 2.9651 | voltage: 1.4205 | conc: 0.0012 | consistency: 0.3261 | polarity: 2.5958 | monodec: 0.0000 | rule: 220.2609 | group: 2.0574 | tree: 6.0041 | total: 3.1522
[New] Epoch 829/1000 | classify: 2.5806 | voltage: 1.3985 | conc: 0.0005 | consistency: 0.3260 | polarity: 2.3876 | monodec: 0.0000 | rule: 216.8711 | group: 1.8417 | tree: 5.4475 | total: 2.7638
[New] Epoch 830/1000 | classify: 2.8242 | voltage: 1.4228 | conc: 0.0010 | consistency: 0.3259 | polarity: 2.4633 | monodec: 0.0000 | rule: 215.8115 | group: 1.9527 | tree: 5.9281 | total: 3.0088
--- 验证集 [epoch 830] ---
  准确率 (Accuracy):  0.7260
  精确率 (Precision): 0.6324
  召回率 (Recall):    0.5899
  F1 分数 (F1):       0.5858
[New] Epoch 831/1000 | classify: 2.8645 | voltage: 1.4019 | conc: 0.0009 | consistency: 0.3260 | polarity: 2.4991 | monodec: 0.0000 | rule: 224.7284 | group: 1.9184 | tree: 5.4813 | total: 3.0523
[New] Epoch 832/1000 | classify: 2.8921 | voltage: 1.4355 | conc: 0.0008 | consistency: 0.3260 | polarity: 2.5348 | monodec: 0.0000 | rule: 214.6037 | group: 1.9933 | tree: 5.7810 | total: 3.0765
[New] Epoch 833/1000 | classify: 2.9253 | voltage: 1.4317 | conc: 0.0009 | consistency: 0.3260 | polarity: 2.5196 | monodec: 0.0000 | rule: 234.9733 | group: 1.9954 | tree: 5.9432 | total: 3.1199
[New] Epoch 834/1000 | classify: 2.6237 | voltage: 1.4104 | conc: 0.0006 | consistency: 0.3261 | polarity: 2.4284 | monodec: 0.0000 | rule: 208.8766 | group: 1.8753 | tree: 5.7141 | total: 2.8037
[New] Epoch 835/1000 | classify: 2.7792 | voltage: 1.4209 | conc: 0.0012 | consistency: 0.3261 | polarity: 2.5349 | monodec: 0.0000 | rule: 221.9928 | group: 1.9905 | tree: 5.9776 | total: 2.9670
[New] Epoch 836/1000 | classify: 2.7078 | voltage: 1.4148 | conc: 0.0010 | consistency: 0.3261 | polarity: 2.4538 | monodec: 0.0000 | rule: 238.1954 | group: 1.9413 | tree: 5.6735 | total: 2.9030
[New] Epoch 837/1000 | classify: 2.6311 | voltage: 1.3841 | conc: 0.0010 | consistency: 0.3261 | polarity: 2.4640 | monodec: 0.0000 | rule: 235.1947 | group: 1.9119 | tree: 5.7538 | total: 2.8233
[New] Epoch 838/1000 | classify: 3.0070 | voltage: 1.4273 | conc: 0.0015 | consistency: 0.3261 | polarity: 2.6211 | monodec: 0.0000 | rule: 222.3046 | group: 2.1101 | tree: 6.2787 | total: 3.1959
[New] Epoch 839/1000 | classify: 2.9043 | voltage: 1.4044 | conc: 0.0008 | consistency: 0.3262 | polarity: 2.4743 | monodec: 0.0000 | rule: 242.3211 | group: 1.9408 | tree: 5.9403 | total: 3.1011
[New] Epoch 840/1000 | classify: 2.9567 | voltage: 1.3734 | conc: 0.0015 | consistency: 0.3262 | polarity: 2.5555 | monodec: 0.0000 | rule: 260.1207 | group: 2.0081 | tree: 5.9476 | total: 3.1615
--- 验证集 [epoch 840] ---
  准确率 (Accuracy):  0.7260
  精确率 (Precision): 0.6239
  召回率 (Recall):    0.5852
  F1 分数 (F1):       0.5882
[New] Epoch 841/1000 | classify: 2.9677 | voltage: 1.4216 | conc: 0.0011 | consistency: 0.3263 | polarity: 2.5506 | monodec: 0.0000 | rule: 236.0122 | group: 2.0281 | tree: 5.9546 | total: 3.1626
[New] Epoch 842/1000 | classify: 2.7305 | voltage: 1.4074 | conc: 0.0009 | consistency: 0.3264 | polarity: 2.5102 | monodec: 0.0000 | rule: 259.6303 | group: 1.9471 | tree: 5.8597 | total: 2.9361
[New] Epoch 843/1000 | classify: 2.8398 | voltage: 1.4036 | conc: 0.0009 | consistency: 0.3264 | polarity: 2.4645 | monodec: 0.0000 | rule: 243.3396 | group: 1.9405 | tree: 5.6702 | total: 3.0370
[New] Epoch 844/1000 | classify: 2.5609 | voltage: 1.3927 | conc: 0.0006 | consistency: 0.3265 | polarity: 2.3581 | monodec: 0.0000 | rule: 207.6387 | group: 1.8273 | tree: 5.3463 | total: 2.7392
[New] Epoch 845/1000 | classify: 2.9090 | voltage: 1.4294 | conc: 0.0007 | consistency: 0.3266 | polarity: 2.4902 | monodec: 0.0000 | rule: 232.0500 | group: 1.9394 | tree: 5.8175 | total: 3.1017
[New] Epoch 846/1000 | classify: 2.7547 | voltage: 1.4309 | conc: 0.0012 | consistency: 0.3266 | polarity: 2.5155 | monodec: 0.0000 | rule: 242.9737 | group: 1.9472 | tree: 5.4670 | total: 2.9533
[New] Epoch 847/1000 | classify: 2.6600 | voltage: 1.4125 | conc: 0.0009 | consistency: 0.3266 | polarity: 2.4545 | monodec: 0.0000 | rule: 231.4956 | group: 1.9116 | tree: 5.7622 | total: 2.8518
[New] Epoch 848/1000 | classify: 2.6473 | voltage: 1.3998 | conc: 0.0008 | consistency: 0.3266 | polarity: 2.4343 | monodec: 0.0000 | rule: 233.8579 | group: 1.8644 | tree: 5.4516 | total: 2.8393
[New] Epoch 849/1000 | classify: 2.9323 | voltage: 1.4312 | conc: 0.0012 | consistency: 0.3267 | polarity: 2.5306 | monodec: 0.0000 | rule: 223.3493 | group: 1.9826 | tree: 5.8735 | total: 3.1213
[New] Epoch 850/1000 | classify: 2.6843 | voltage: 1.4204 | conc: 0.0011 | consistency: 0.3267 | polarity: 2.4546 | monodec: 0.0000 | rule: 224.1672 | group: 1.9199 | tree: 5.7319 | total: 2.8730
--- 验证集 [epoch 850] ---
  准确率 (Accuracy):  0.7192
  精确率 (Precision): 0.5999
  召回率 (Recall):    0.5572
  F1 分数 (F1):       0.5560
✅ 模型已保存到 /home/kudouzala/Application/ion_detect/output/trained_model_save/exp_new_f_num_tp2/trained_model_epoch_850.pth
📁 损失值已保存到 /home/kudouzala/Application/ion_detect/output/trained_model_save/exp_new_f_num_tp2/training_loss_epoch_850.csv
[New] Epoch 851/1000 | classify: 2.7536 | voltage: 1.4052 | conc: 0.0007 | consistency: 0.3267 | polarity: 2.4494 | monodec: 0.0000 | rule: 236.1019 | group: 1.8617 | tree: 5.4716 | total: 2.9469
[New] Epoch 852/1000 | classify: 2.7093 | voltage: 1.4159 | conc: 0.0011 | consistency: 0.3267 | polarity: 2.4696 | monodec: 0.0000 | rule: 229.1349 | group: 1.8749 | tree: 5.5141 | total: 2.9000
[New] Epoch 853/1000 | classify: 2.7631 | voltage: 1.4202 | conc: 0.0009 | consistency: 0.3268 | polarity: 2.5051 | monodec: 0.0000 | rule: 238.5211 | group: 1.9317 | tree: 5.6375 | total: 2.9587
[New] Epoch 854/1000 | classify: 2.8177 | voltage: 1.4206 | conc: 0.0008 | consistency: 0.3268 | polarity: 2.4493 | monodec: 0.0000 | rule: 238.5739 | group: 1.8976 | tree: 5.6304 | total: 3.0132
[New] Epoch 855/1000 | classify: 2.5714 | voltage: 1.4284 | conc: 0.0009 | consistency: 0.3267 | polarity: 2.3881 | monodec: 0.0000 | rule: 213.0738 | group: 1.8628 | tree: 5.2459 | total: 2.7545
[New] Epoch 856/1000 | classify: 2.9057 | voltage: 1.4642 | conc: 0.0007 | consistency: 0.3267 | polarity: 2.4947 | monodec: 0.0000 | rule: 201.3649 | group: 2.0438 | tree: 5.9065 | total: 3.0850
[New] Epoch 857/1000 | classify: 2.9519 | voltage: 1.4195 | conc: 0.0009 | consistency: 0.3268 | polarity: 2.5555 | monodec: 0.0000 | rule: 240.9905 | group: 2.0143 | tree: 6.2679 | total: 3.1490
[New] Epoch 858/1000 | classify: 2.6707 | voltage: 1.4219 | conc: 0.0009 | consistency: 0.3268 | polarity: 2.4594 | monodec: 0.0000 | rule: 228.0308 | group: 1.9165 | tree: 5.6435 | total: 2.8612
[New] Epoch 859/1000 | classify: 2.6622 | voltage: 1.4277 | conc: 0.0013 | consistency: 0.3269 | polarity: 2.4593 | monodec: 0.0000 | rule: 247.2210 | group: 1.9309 | tree: 5.6905 | total: 2.8630
[New] Epoch 860/1000 | classify: 2.7173 | voltage: 1.4053 | conc: 0.0011 | consistency: 0.3269 | polarity: 2.4898 | monodec: 0.0000 | rule: 242.2677 | group: 1.9442 | tree: 5.9234 | total: 2.9144
--- 验证集 [epoch 860] ---
  准确率 (Accuracy):  0.6986
  精确率 (Precision): 0.6132
  召回率 (Recall):    0.5573
  F1 分数 (F1):       0.5606
[New] Epoch 861/1000 | classify: 2.7315 | voltage: 1.4290 | conc: 0.0010 | consistency: 0.3269 | polarity: 2.4592 | monodec: 0.0000 | rule: 216.2599 | group: 1.8844 | tree: 5.6020 | total: 2.9165
[New] Epoch 862/1000 | classify: 2.7439 | voltage: 1.4469 | conc: 0.0011 | consistency: 0.3269 | polarity: 2.5353 | monodec: 0.0000 | rule: 213.4099 | group: 2.0211 | tree: 5.9441 | total: 2.9287
[New] Epoch 863/1000 | classify: 2.7941 | voltage: 1.4322 | conc: 0.0007 | consistency: 0.3269 | polarity: 2.4644 | monodec: 0.0000 | rule: 245.4030 | group: 1.9102 | tree: 5.7216 | total: 2.9936
[New] Epoch 864/1000 | classify: 2.6519 | voltage: 1.4342 | conc: 0.0010 | consistency: 0.3269 | polarity: 2.4694 | monodec: 0.0000 | rule: 232.3790 | group: 1.9312 | tree: 5.7110 | total: 2.8453
[New] Epoch 865/1000 | classify: 2.6415 | voltage: 1.4277 | conc: 0.0007 | consistency: 0.3269 | polarity: 2.3983 | monodec: 0.0000 | rule: 216.0884 | group: 1.8593 | tree: 5.4394 | total: 2.8260
[New] Epoch 866/1000 | classify: 2.6435 | voltage: 1.4416 | conc: 0.0011 | consistency: 0.3269 | polarity: 2.4438 | monodec: 0.0000 | rule: 232.5473 | group: 1.9531 | tree: 5.7051 | total: 2.8375
[New] Epoch 867/1000 | classify: 2.7615 | voltage: 1.4560 | conc: 0.0012 | consistency: 0.3268 | polarity: 2.4994 | monodec: 0.0000 | rule: 223.5273 | group: 1.9714 | tree: 5.8665 | total: 2.9518
[New] Epoch 868/1000 | classify: 2.7175 | voltage: 1.4287 | conc: 0.0008 | consistency: 0.3268 | polarity: 2.4334 | monodec: 0.0000 | rule: 250.8018 | group: 1.8863 | tree: 5.5201 | total: 2.9195
[New] Epoch 869/1000 | classify: 2.7102 | voltage: 1.4072 | conc: 0.0010 | consistency: 0.3268 | polarity: 2.4892 | monodec: 0.0000 | rule: 243.0476 | group: 1.9396 | tree: 5.6078 | total: 2.9076
[New] Epoch 870/1000 | classify: 2.8462 | voltage: 1.4215 | conc: 0.0008 | consistency: 0.3269 | polarity: 2.4640 | monodec: 0.0000 | rule: 242.5560 | group: 1.9457 | tree: 5.8333 | total: 3.0439
--- 验证集 [epoch 870] ---
  准确率 (Accuracy):  0.7260
  精确率 (Precision): 0.6333
  召回率 (Recall):    0.5702
  F1 分数 (F1):       0.5797
[New] Epoch 871/1000 | classify: 2.8630 | voltage: 1.4644 | conc: 0.0007 | consistency: 0.3269 | polarity: 2.5047 | monodec: 0.0000 | rule: 223.9147 | group: 1.9438 | tree: 5.6497 | total: 3.0533
[New] Epoch 872/1000 | classify: 2.7100 | voltage: 1.4419 | conc: 0.0009 | consistency: 0.3269 | polarity: 2.4641 | monodec: 0.0000 | rule: 233.4909 | group: 1.9415 | tree: 5.7795 | total: 2.9043
[New] Epoch 873/1000 | classify: 2.7881 | voltage: 1.4155 | conc: 0.0007 | consistency: 0.3269 | polarity: 2.4589 | monodec: 0.0000 | rule: 231.1809 | group: 1.8960 | tree: 5.6551 | total: 2.9796
[New] Epoch 874/1000 | classify: 2.7864 | voltage: 1.4434 | conc: 0.0010 | consistency: 0.3269 | polarity: 2.5046 | monodec: 0.0000 | rule: 234.5337 | group: 1.9671 | tree: 5.9667 | total: 2.9814
[New] Epoch 875/1000 | classify: 2.9094 | voltage: 1.4598 | conc: 0.0008 | consistency: 0.3270 | polarity: 2.5149 | monodec: 0.0000 | rule: 232.9907 | group: 1.9647 | tree: 5.7944 | total: 3.1042
[New] Epoch 876/1000 | classify: 2.6597 | voltage: 1.4281 | conc: 0.0008 | consistency: 0.3270 | polarity: 2.4390 | monodec: 0.0000 | rule: 236.9565 | group: 1.8700 | tree: 5.6306 | total: 2.8548
[New] Epoch 877/1000 | classify: 2.5134 | voltage: 1.4091 | conc: 0.0008 | consistency: 0.3270 | polarity: 2.3933 | monodec: 0.0000 | rule: 218.0915 | group: 1.7858 | tree: 5.4622 | total: 2.6979
[New] Epoch 878/1000 | classify: 2.5376 | voltage: 1.4375 | conc: 0.0008 | consistency: 0.3270 | polarity: 2.4033 | monodec: 0.0000 | rule: 230.3391 | group: 1.8466 | tree: 5.5137 | total: 2.7298
[New] Epoch 879/1000 | classify: 2.8193 | voltage: 1.4313 | conc: 0.0014 | consistency: 0.3270 | polarity: 2.5046 | monodec: 0.0000 | rule: 243.0081 | group: 1.9683 | tree: 5.9401 | total: 3.0183
[New] Epoch 880/1000 | classify: 2.7220 | voltage: 1.4361 | conc: 0.0007 | consistency: 0.3270 | polarity: 2.5098 | monodec: 0.0000 | rule: 234.3396 | group: 1.9748 | tree: 5.8827 | total: 2.9163
--- 验证集 [epoch 880] ---
  准确率 (Accuracy):  0.7123
  精确率 (Precision): 0.5976
  召回率 (Recall):    0.5603
  F1 分数 (F1):       0.5547
[New] Epoch 881/1000 | classify: 2.8970 | voltage: 1.4503 | conc: 0.0009 | consistency: 0.3270 | polarity: 2.4946 | monodec: 0.0000 | rule: 219.5958 | group: 1.9196 | tree: 5.7113 | total: 3.0847
[New] Epoch 882/1000 | classify: 2.5158 | voltage: 1.4641 | conc: 0.0010 | consistency: 0.3271 | polarity: 2.4389 | monodec: 0.0000 | rule: 210.2261 | group: 1.8712 | tree: 5.6250 | total: 2.6995
[New] Epoch 883/1000 | classify: 2.7917 | voltage: 1.4269 | conc: 0.0013 | consistency: 0.3270 | polarity: 2.4843 | monodec: 0.0000 | rule: 238.7696 | group: 1.9488 | tree: 5.6435 | total: 2.9882
[New] Epoch 884/1000 | classify: 2.6308 | voltage: 1.4049 | conc: 0.0008 | consistency: 0.3270 | polarity: 2.4134 | monodec: 0.0000 | rule: 245.0226 | group: 1.8786 | tree: 5.4125 | total: 2.8286
[New] Epoch 885/1000 | classify: 2.6070 | voltage: 1.4067 | conc: 0.0007 | consistency: 0.3271 | polarity: 2.4591 | monodec: 0.0000 | rule: 223.9891 | group: 1.9159 | tree: 5.8142 | total: 2.7946
[New] Epoch 886/1000 | classify: 2.6755 | voltage: 1.4378 | conc: 0.0012 | consistency: 0.3271 | polarity: 2.4490 | monodec: 0.0000 | rule: 215.4412 | group: 1.8933 | tree: 5.5938 | total: 2.8607
[New] Epoch 887/1000 | classify: 2.7432 | voltage: 1.4535 | conc: 0.0011 | consistency: 0.3271 | polarity: 2.4692 | monodec: 0.0000 | rule: 232.6769 | group: 1.9609 | tree: 5.7686 | total: 2.9378
[New] Epoch 888/1000 | classify: 2.8647 | voltage: 1.4022 | conc: 0.0011 | consistency: 0.3271 | polarity: 2.5452 | monodec: 0.0000 | rule: 235.1817 | group: 1.9894 | tree: 6.1038 | total: 3.0582
[New] Epoch 889/1000 | classify: 2.6711 | voltage: 1.4226 | conc: 0.0013 | consistency: 0.3271 | polarity: 2.4895 | monodec: 0.0000 | rule: 230.9971 | group: 1.9510 | tree: 5.7569 | total: 2.8635
[New] Epoch 890/1000 | classify: 2.6558 | voltage: 1.4362 | conc: 0.0013 | consistency: 0.3271 | polarity: 2.4946 | monodec: 0.0000 | rule: 224.2380 | group: 1.9518 | tree: 5.8044 | total: 2.8455
--- 验证集 [epoch 890] ---
  准确率 (Accuracy):  0.7192
  精确率 (Precision): 0.6001
  召回率 (Recall):    0.5572
  F1 分数 (F1):       0.5556
[New] Epoch 891/1000 | classify: 2.7480 | voltage: 1.4012 | conc: 0.0011 | consistency: 0.3271 | polarity: 2.5352 | monodec: 0.0000 | rule: 247.5245 | group: 2.0285 | tree: 5.9563 | total: 2.9476
[New] Epoch 892/1000 | classify: 2.8474 | voltage: 1.4357 | conc: 0.0009 | consistency: 0.3271 | polarity: 2.4743 | monodec: 0.0000 | rule: 216.7935 | group: 1.9609 | tree: 5.7548 | total: 3.0330
[New] Epoch 893/1000 | classify: 2.7482 | voltage: 1.4257 | conc: 0.0010 | consistency: 0.3272 | polarity: 2.4694 | monodec: 0.0000 | rule: 225.1027 | group: 1.9298 | tree: 5.6688 | total: 2.9374
[New] Epoch 894/1000 | classify: 2.8205 | voltage: 1.4235 | conc: 0.0010 | consistency: 0.3272 | polarity: 2.5608 | monodec: 0.0000 | rule: 243.1523 | group: 1.9933 | tree: 5.7450 | total: 3.0188
[New] Epoch 895/1000 | classify: 2.6026 | voltage: 1.4332 | conc: 0.0010 | consistency: 0.3273 | polarity: 2.4188 | monodec: 0.0000 | rule: 225.0499 | group: 1.8616 | tree: 5.5574 | total: 2.7922
[New] Epoch 896/1000 | classify: 2.6276 | voltage: 1.4181 | conc: 0.0009 | consistency: 0.3272 | polarity: 2.4390 | monodec: 0.0000 | rule: 238.6298 | group: 1.9354 | tree: 5.7533 | total: 2.8232
[New] Epoch 897/1000 | classify: 2.5158 | voltage: 1.4128 | conc: 0.0009 | consistency: 0.3273 | polarity: 2.3883 | monodec: 0.0000 | rule: 230.0323 | group: 1.8011 | tree: 5.4034 | total: 2.7066
[New] Epoch 898/1000 | classify: 2.5943 | voltage: 1.4439 | conc: 0.0014 | consistency: 0.3272 | polarity: 2.4845 | monodec: 0.0000 | rule: 232.1679 | group: 1.8900 | tree: 5.6698 | total: 2.7885
[New] Epoch 899/1000 | classify: 2.7678 | voltage: 1.4524 | conc: 0.0008 | consistency: 0.3272 | polarity: 2.4439 | monodec: 0.0000 | rule: 215.4234 | group: 1.9472 | tree: 5.7329 | total: 2.9534
[New] Epoch 900/1000 | classify: 2.7504 | voltage: 1.4305 | conc: 0.0011 | consistency: 0.3272 | polarity: 2.4946 | monodec: 0.0000 | rule: 231.9573 | group: 1.9372 | tree: 5.4192 | total: 2.9434
--- 验证集 [epoch 900] ---
  准确率 (Accuracy):  0.7055
  精确率 (Precision): 0.5867
  召回率 (Recall):    0.5334
  F1 分数 (F1):       0.5357
✅ 模型已保存到 /home/kudouzala/Application/ion_detect/output/trained_model_save/exp_new_f_num_tp2/trained_model_epoch_900.pth
📁 损失值已保存到 /home/kudouzala/Application/ion_detect/output/trained_model_save/exp_new_f_num_tp2/training_loss_epoch_900.csv
[New] Epoch 901/1000 | classify: 2.7801 | voltage: 1.4523 | conc: 0.0012 | consistency: 0.3272 | polarity: 2.5350 | monodec: 0.0000 | rule: 218.5651 | group: 2.0130 | tree: 5.8852 | total: 2.9678
[New] Epoch 902/1000 | classify: 2.5177 | voltage: 1.4951 | conc: 0.0007 | consistency: 0.3272 | polarity: 2.3929 | monodec: 0.0000 | rule: 215.5398 | group: 1.8851 | tree: 5.7779 | total: 2.7054
[New] Epoch 903/1000 | classify: 2.7212 | voltage: 1.4043 | conc: 0.0011 | consistency: 0.3272 | polarity: 2.4385 | monodec: 0.0000 | rule: 227.1184 | group: 1.9128 | tree: 5.3423 | total: 2.9104
[New] Epoch 904/1000 | classify: 2.6755 | voltage: 1.4303 | conc: 0.0007 | consistency: 0.3271 | polarity: 2.4740 | monodec: 0.0000 | rule: 231.4273 | group: 1.9351 | tree: 5.7923 | total: 2.8680
[New] Epoch 905/1000 | classify: 3.0461 | voltage: 1.4317 | conc: 0.0011 | consistency: 0.3272 | polarity: 2.6109 | monodec: 0.0000 | rule: 231.1807 | group: 2.0645 | tree: 6.2595 | total: 3.2393
[New] Epoch 906/1000 | classify: 2.5639 | voltage: 1.4076 | conc: 0.0013 | consistency: 0.3272 | polarity: 2.4336 | monodec: 0.0000 | rule: 225.3387 | group: 1.8935 | tree: 5.7003 | total: 2.7527
[New] Epoch 907/1000 | classify: 2.9198 | voltage: 1.4431 | conc: 0.0009 | consistency: 0.3272 | polarity: 2.4691 | monodec: 0.0000 | rule: 231.1034 | group: 1.9713 | tree: 5.7361 | total: 3.1130
[New] Epoch 908/1000 | classify: 2.6286 | voltage: 1.4548 | conc: 0.0009 | consistency: 0.3272 | polarity: 2.4489 | monodec: 0.0000 | rule: 208.8363 | group: 1.9366 | tree: 5.6082 | total: 2.8110
[New] Epoch 909/1000 | classify: 2.7628 | voltage: 1.3868 | conc: 0.0010 | consistency: 0.3272 | polarity: 2.5249 | monodec: 0.0000 | rule: 243.4295 | group: 1.9394 | tree: 5.7674 | total: 2.9594
[New] Epoch 910/1000 | classify: 2.9232 | voltage: 1.4450 | conc: 0.0011 | consistency: 0.3272 | polarity: 2.5756 | monodec: 0.0000 | rule: 232.5286 | group: 2.0662 | tree: 6.1265 | total: 3.1176
--- 验证集 [epoch 910] ---
  准确率 (Accuracy):  0.7055
  精确率 (Precision): 0.6126
  召回率 (Recall):    0.5692
  F1 分数 (F1):       0.5723
[New] Epoch 911/1000 | classify: 2.6744 | voltage: 1.4546 | conc: 0.0009 | consistency: 0.3272 | polarity: 2.4641 | monodec: 0.0000 | rule: 232.9968 | group: 1.9338 | tree: 5.7061 | total: 2.8690
[New] Epoch 912/1000 | classify: 2.5738 | voltage: 1.4453 | conc: 0.0008 | consistency: 0.3273 | polarity: 2.4134 | monodec: 0.0000 | rule: 221.8193 | group: 1.8644 | tree: 5.3321 | total: 2.7620
[New] Epoch 913/1000 | classify: 2.7432 | voltage: 1.4365 | conc: 0.0008 | consistency: 0.3273 | polarity: 2.4540 | monodec: 0.0000 | rule: 246.2616 | group: 1.8858 | tree: 5.4847 | total: 2.9433
[New] Epoch 914/1000 | classify: 2.8482 | voltage: 1.4458 | conc: 0.0010 | consistency: 0.3273 | polarity: 2.5503 | monodec: 0.0000 | rule: 242.9300 | group: 2.0354 | tree: 6.2070 | total: 3.0477
[New] Epoch 915/1000 | classify: 2.8173 | voltage: 1.4482 | conc: 0.0011 | consistency: 0.3273 | polarity: 2.5250 | monodec: 0.0000 | rule: 227.5073 | group: 2.0464 | tree: 6.0824 | total: 3.0093
[New] Epoch 916/1000 | classify: 2.9823 | voltage: 1.4130 | conc: 0.0009 | consistency: 0.3273 | polarity: 2.4997 | monodec: 0.0000 | rule: 240.0504 | group: 1.9353 | tree: 5.8025 | total: 3.1784
[New] Epoch 917/1000 | classify: 2.5552 | voltage: 1.4309 | conc: 0.0008 | consistency: 0.3273 | polarity: 2.4236 | monodec: 0.0000 | rule: 236.8500 | group: 1.8803 | tree: 5.2525 | total: 2.7502
[New] Epoch 918/1000 | classify: 2.5990 | voltage: 1.4523 | conc: 0.0007 | consistency: 0.3273 | polarity: 2.4084 | monodec: 0.0000 | rule: 212.0592 | group: 1.8983 | tree: 5.5867 | total: 2.7827
[New] Epoch 919/1000 | classify: 2.6731 | voltage: 1.4418 | conc: 0.0011 | consistency: 0.3273 | polarity: 2.4793 | monodec: 0.0000 | rule: 233.2074 | group: 1.9356 | tree: 5.7552 | total: 2.8674
[New] Epoch 920/1000 | classify: 2.9609 | voltage: 1.4022 | conc: 0.0009 | consistency: 0.3273 | polarity: 2.5097 | monodec: 0.0000 | rule: 261.6955 | group: 1.9203 | tree: 5.7339 | total: 3.1672
--- 验证集 [epoch 920] ---
  准确率 (Accuracy):  0.7260
  精确率 (Precision): 0.6313
  召回率 (Recall):    0.5702
  F1 分数 (F1):       0.5783
[New] Epoch 921/1000 | classify: 2.6448 | voltage: 1.4371 | conc: 0.0008 | consistency: 0.3273 | polarity: 2.4235 | monodec: 0.0000 | rule: 220.1667 | group: 1.8786 | tree: 5.3517 | total: 2.8318
[New] Epoch 922/1000 | classify: 2.6458 | voltage: 1.4235 | conc: 0.0009 | consistency: 0.3273 | polarity: 2.4895 | monodec: 0.0000 | rule: 232.2796 | group: 1.9072 | tree: 5.4932 | total: 2.8384
[New] Epoch 923/1000 | classify: 2.6430 | voltage: 1.4077 | conc: 0.0012 | consistency: 0.3273 | polarity: 2.4489 | monodec: 0.0000 | rule: 256.7847 | group: 1.9346 | tree: 5.6023 | total: 2.8474
[New] Epoch 924/1000 | classify: 2.7789 | voltage: 1.4276 | conc: 0.0008 | consistency: 0.3273 | polarity: 2.4743 | monodec: 0.0000 | rule: 233.5917 | group: 1.9022 | tree: 5.5489 | total: 2.9723
[New] Epoch 925/1000 | classify: 2.6693 | voltage: 1.4566 | conc: 0.0010 | consistency: 0.3273 | polarity: 2.4946 | monodec: 0.0000 | rule: 219.2100 | group: 1.9568 | tree: 5.5548 | total: 2.8572
[New] Epoch 926/1000 | classify: 2.8099 | voltage: 1.4499 | conc: 0.0009 | consistency: 0.3274 | polarity: 2.4896 | monodec: 0.0000 | rule: 207.9499 | group: 1.9571 | tree: 5.4748 | total: 2.9917
[New] Epoch 927/1000 | classify: 2.8447 | voltage: 1.4077 | conc: 0.0010 | consistency: 0.3274 | polarity: 2.4794 | monodec: 0.0000 | rule: 254.7831 | group: 1.9700 | tree: 5.7977 | total: 3.0480
[New] Epoch 928/1000 | classify: 2.7096 | voltage: 1.4318 | conc: 0.0008 | consistency: 0.3274 | polarity: 2.4693 | monodec: 0.0000 | rule: 237.3704 | group: 1.9014 | tree: 5.5100 | total: 2.9051
[New] Epoch 929/1000 | classify: 2.8962 | voltage: 1.4595 | conc: 0.0007 | consistency: 0.3274 | polarity: 2.5302 | monodec: 0.0000 | rule: 248.0778 | group: 1.9778 | tree: 5.7053 | total: 3.0985
[New] Epoch 930/1000 | classify: 2.8156 | voltage: 1.4318 | conc: 0.0006 | consistency: 0.3274 | polarity: 2.4085 | monodec: 0.0000 | rule: 224.3435 | group: 1.9157 | tree: 5.9010 | total: 3.0046
--- 验证集 [epoch 930] ---
  准确率 (Accuracy):  0.7192
  精确率 (Precision): 0.6001
  召回率 (Recall):    0.5572
  F1 分数 (F1):       0.5556
[New] Epoch 931/1000 | classify: 2.7086 | voltage: 1.4115 | conc: 0.0010 | consistency: 0.3274 | polarity: 2.4237 | monodec: 0.0000 | rule: 252.9672 | group: 1.8775 | tree: 5.4369 | total: 2.9110
[New] Epoch 932/1000 | classify: 2.6476 | voltage: 1.4763 | conc: 0.0009 | consistency: 0.3274 | polarity: 2.4287 | monodec: 0.0000 | rule: 207.7056 | group: 1.8693 | tree: 5.2111 | total: 2.8303
[New] Epoch 933/1000 | classify: 2.7641 | voltage: 1.4333 | conc: 0.0011 | consistency: 0.3274 | polarity: 2.5606 | monodec: 0.0000 | rule: 223.0377 | group: 2.0073 | tree: 6.1412 | total: 2.9532
[New] Epoch 934/1000 | classify: 2.7096 | voltage: 1.4153 | conc: 0.0011 | consistency: 0.3274 | polarity: 2.4845 | monodec: 0.0000 | rule: 217.0737 | group: 1.9544 | tree: 5.8751 | total: 2.8946
[New] Epoch 935/1000 | classify: 2.7698 | voltage: 1.4074 | conc: 0.0013 | consistency: 0.3274 | polarity: 2.5301 | monodec: 0.0000 | rule: 237.0161 | group: 1.9119 | tree: 5.7006 | total: 2.9644
[New] Epoch 936/1000 | classify: 2.5909 | voltage: 1.4289 | conc: 0.0010 | consistency: 0.3274 | polarity: 2.4489 | monodec: 0.0000 | rule: 230.5315 | group: 1.9238 | tree: 5.6913 | total: 2.7830
[New] Epoch 937/1000 | classify: 2.7631 | voltage: 1.4274 | conc: 0.0012 | consistency: 0.3274 | polarity: 2.5249 | monodec: 0.0000 | rule: 238.3261 | group: 1.9822 | tree: 5.8986 | total: 2.9595
[New] Epoch 938/1000 | classify: 2.6996 | voltage: 1.4557 | conc: 0.0009 | consistency: 0.3274 | polarity: 2.4843 | monodec: 0.0000 | rule: 211.1530 | group: 2.0055 | tree: 5.7338 | total: 2.8834
[New] Epoch 939/1000 | classify: 2.5054 | voltage: 1.4532 | conc: 0.0007 | consistency: 0.3274 | polarity: 2.4184 | monodec: 0.0000 | rule: 211.3494 | group: 1.8853 | tree: 5.5256 | total: 2.6889
[New] Epoch 940/1000 | classify: 2.6095 | voltage: 1.4255 | conc: 0.0007 | consistency: 0.3274 | polarity: 2.4387 | monodec: 0.0000 | rule: 220.7091 | group: 1.9285 | tree: 5.5290 | total: 2.7962
--- 验证集 [epoch 940] ---
  准确率 (Accuracy):  0.7260
  精确率 (Precision): 0.6336
  召回率 (Recall):    0.5702
  F1 分数 (F1):       0.5790
[New] Epoch 941/1000 | classify: 2.7759 | voltage: 1.4870 | conc: 0.0008 | consistency: 0.3273 | polarity: 2.5045 | monodec: 0.0000 | rule: 209.5326 | group: 2.0400 | tree: 5.9557 | total: 2.9605
[New] Epoch 942/1000 | classify: 2.6701 | voltage: 1.4393 | conc: 0.0009 | consistency: 0.3273 | polarity: 2.4689 | monodec: 0.0000 | rule: 234.6383 | group: 1.9375 | tree: 5.6949 | total: 2.8647
[New] Epoch 943/1000 | classify: 2.8779 | voltage: 1.4328 | conc: 0.0010 | consistency: 0.3273 | polarity: 2.5196 | monodec: 0.0000 | rule: 244.6826 | group: 1.9489 | tree: 5.7925 | total: 3.0775
[New] Epoch 944/1000 | classify: 2.4297 | voltage: 1.4478 | conc: 0.0007 | consistency: 0.3273 | polarity: 2.3980 | monodec: 0.0000 | rule: 239.1598 | group: 1.8608 | tree: 5.4887 | total: 2.6267
[New] Epoch 945/1000 | classify: 2.7818 | voltage: 1.4497 | conc: 0.0010 | consistency: 0.3273 | polarity: 2.5247 | monodec: 0.0000 | rule: 231.7354 | group: 1.9734 | tree: 5.9920 | total: 2.9757
[New] Epoch 946/1000 | classify: 2.8697 | voltage: 1.4359 | conc: 0.0009 | consistency: 0.3273 | polarity: 2.4892 | monodec: 0.0000 | rule: 252.1471 | group: 1.9350 | tree: 5.7854 | total: 3.0730
[New] Epoch 947/1000 | classify: 2.6698 | voltage: 1.4639 | conc: 0.0007 | consistency: 0.3274 | polarity: 2.4639 | monodec: 0.0000 | rule: 210.5648 | group: 1.9117 | tree: 5.6512 | total: 2.8534
[New] Epoch 948/1000 | classify: 2.6711 | voltage: 1.4179 | conc: 0.0011 | consistency: 0.3274 | polarity: 2.4690 | monodec: 0.0000 | rule: 235.4898 | group: 1.9043 | tree: 5.5702 | total: 2.8652
[New] Epoch 949/1000 | classify: 2.6865 | voltage: 1.4141 | conc: 0.0010 | consistency: 0.3274 | polarity: 2.4791 | monodec: 0.0000 | rule: 250.0515 | group: 1.9266 | tree: 5.7539 | total: 2.8877
[New] Epoch 950/1000 | classify: 2.6386 | voltage: 1.4545 | conc: 0.0006 | consistency: 0.3274 | polarity: 2.4183 | monodec: 0.0000 | rule: 227.3551 | group: 1.8686 | tree: 5.4253 | total: 2.8299
--- 验证集 [epoch 950] ---
  准确率 (Accuracy):  0.7123
  精确率 (Precision): 0.5895
  召回率 (Recall):    0.5453
  F1 分数 (F1):       0.5445
✅ 模型已保存到 /home/kudouzala/Application/ion_detect/output/trained_model_save/exp_new_f_num_tp2/trained_model_epoch_950.pth
📁 损失值已保存到 /home/kudouzala/Application/ion_detect/output/trained_model_save/exp_new_f_num_tp2/training_loss_epoch_950.csv
[New] Epoch 951/1000 | classify: 2.7189 | voltage: 1.4447 | conc: 0.0007 | consistency: 0.3274 | polarity: 2.4792 | monodec: 0.0000 | rule: 223.3483 | group: 1.9335 | tree: 5.7593 | total: 2.9081
[New] Epoch 952/1000 | classify: 2.6091 | voltage: 1.4094 | conc: 0.0009 | consistency: 0.3274 | polarity: 2.4488 | monodec: 0.0000 | rule: 245.1602 | group: 1.9101 | tree: 5.4782 | total: 2.8074
[New] Epoch 953/1000 | classify: 2.8401 | voltage: 1.4229 | conc: 0.0011 | consistency: 0.3274 | polarity: 2.5045 | monodec: 0.0000 | rule: 246.8152 | group: 1.9778 | tree: 5.7527 | total: 3.0403
[New] Epoch 954/1000 | classify: 2.6861 | voltage: 1.4279 | conc: 0.0010 | consistency: 0.3274 | polarity: 2.4944 | monodec: 0.0000 | rule: 242.3475 | group: 2.0116 | tree: 5.9484 | total: 2.8843
[New] Epoch 955/1000 | classify: 2.7188 | voltage: 1.4406 | conc: 0.0014 | consistency: 0.3274 | polarity: 2.5147 | monodec: 0.0000 | rule: 228.0921 | group: 1.9493 | tree: 5.5507 | total: 2.9107
[New] Epoch 956/1000 | classify: 2.7926 | voltage: 1.4138 | conc: 0.0010 | consistency: 0.3274 | polarity: 2.4894 | monodec: 0.0000 | rule: 248.2876 | group: 1.9310 | tree: 5.6116 | total: 2.9928
[New] Epoch 957/1000 | classify: 2.7523 | voltage: 1.4485 | conc: 0.0009 | consistency: 0.3274 | polarity: 2.4641 | monodec: 0.0000 | rule: 211.5500 | group: 1.9184 | tree: 5.8014 | total: 2.9359
[New] Epoch 958/1000 | classify: 2.4959 | voltage: 1.4365 | conc: 0.0007 | consistency: 0.3274 | polarity: 2.4033 | monodec: 0.0000 | rule: 217.3385 | group: 1.8516 | tree: 5.2668 | total: 2.6814
[New] Epoch 959/1000 | classify: 2.5954 | voltage: 1.4257 | conc: 0.0012 | consistency: 0.3274 | polarity: 2.4438 | monodec: 0.0000 | rule: 221.7590 | group: 1.8965 | tree: 5.6389 | total: 2.7831
[New] Epoch 960/1000 | classify: 2.8669 | voltage: 1.4267 | conc: 0.0011 | consistency: 0.3274 | polarity: 2.5147 | monodec: 0.0000 | rule: 224.4970 | group: 2.0346 | tree: 5.9734 | total: 3.0563
--- 验证集 [epoch 960] ---
  准确率 (Accuracy):  0.7192
  精确率 (Precision): 0.6175
  召回率 (Recall):    0.5583
  F1 分数 (F1):       0.5654
[New] Epoch 961/1000 | classify: 2.5591 | voltage: 1.4467 | conc: 0.0007 | consistency: 0.3274 | polarity: 2.4184 | monodec: 0.0000 | rule: 211.3355 | group: 1.9069 | tree: 5.6554 | total: 2.7422
[New] Epoch 962/1000 | classify: 2.9666 | voltage: 1.4308 | conc: 0.0008 | consistency: 0.3274 | polarity: 2.4945 | monodec: 0.0000 | rule: 246.5318 | group: 1.9254 | tree: 5.6740 | total: 3.1666
[New] Epoch 963/1000 | classify: 2.7605 | voltage: 1.4306 | conc: 0.0010 | consistency: 0.3274 | polarity: 2.5148 | monodec: 0.0000 | rule: 247.2175 | group: 1.9712 | tree: 5.9637 | total: 2.9614
[New] Epoch 964/1000 | classify: 2.6405 | voltage: 1.3953 | conc: 0.0012 | consistency: 0.3274 | polarity: 2.5148 | monodec: 0.0000 | rule: 241.3551 | group: 1.9832 | tree: 5.8479 | total: 2.8367
[New] Epoch 965/1000 | classify: 2.8877 | voltage: 1.4726 | conc: 0.0012 | consistency: 0.3274 | polarity: 2.5554 | monodec: 0.0000 | rule: 215.0145 | group: 2.0782 | tree: 6.3952 | total: 3.0749
[New] Epoch 966/1000 | classify: 2.8497 | voltage: 1.4214 | conc: 0.0012 | consistency: 0.3274 | polarity: 2.5757 | monodec: 0.0000 | rule: 241.0072 | group: 2.0219 | tree: 6.2284 | total: 3.0473
[New] Epoch 967/1000 | classify: 2.7334 | voltage: 1.4244 | conc: 0.0010 | consistency: 0.3274 | polarity: 2.4591 | monodec: 0.0000 | rule: 236.0224 | group: 1.9061 | tree: 5.7731 | total: 2.9281
[New] Epoch 968/1000 | classify: 2.8087 | voltage: 1.4478 | conc: 0.0010 | consistency: 0.3274 | polarity: 2.4590 | monodec: 0.0000 | rule: 226.4386 | group: 1.8984 | tree: 5.7174 | total: 2.9998
[New] Epoch 969/1000 | classify: 2.9859 | voltage: 1.4327 | conc: 0.0011 | consistency: 0.3274 | polarity: 2.5908 | monodec: 0.0000 | rule: 248.2175 | group: 2.0504 | tree: 6.2025 | total: 3.1875
[New] Epoch 970/1000 | classify: 2.7641 | voltage: 1.4511 | conc: 0.0008 | consistency: 0.3274 | polarity: 2.4387 | monodec: 0.0000 | rule: 207.8891 | group: 1.8531 | tree: 5.2687 | total: 2.9456
--- 验证集 [epoch 970] ---
  准确率 (Accuracy):  0.7055
  精确率 (Precision): 0.6244
  召回率 (Recall):    0.5692
  F1 分数 (F1):       0.5709
[New] Epoch 971/1000 | classify: 2.6599 | voltage: 1.4307 | conc: 0.0009 | consistency: 0.3274 | polarity: 2.4286 | monodec: 0.0000 | rule: 226.6114 | group: 1.8655 | tree: 5.5040 | total: 2.8500
[New] Epoch 972/1000 | classify: 2.8461 | voltage: 1.4443 | conc: 0.0010 | consistency: 0.3275 | polarity: 2.5148 | monodec: 0.0000 | rule: 222.5011 | group: 1.9401 | tree: 5.6349 | total: 3.0351
[New] Epoch 973/1000 | classify: 2.6596 | voltage: 1.4010 | conc: 0.0009 | consistency: 0.3275 | polarity: 2.3982 | monodec: 0.0000 | rule: 238.6473 | group: 1.8306 | tree: 5.3172 | total: 2.8541
[New] Epoch 974/1000 | classify: 2.8242 | voltage: 1.4618 | conc: 0.0009 | consistency: 0.3275 | polarity: 2.4743 | monodec: 0.0000 | rule: 228.0765 | group: 1.9430 | tree: 5.4742 | total: 3.0166
[New] Epoch 975/1000 | classify: 2.6555 | voltage: 1.4504 | conc: 0.0008 | consistency: 0.3275 | polarity: 2.4033 | monodec: 0.0000 | rule: 211.8908 | group: 1.8555 | tree: 5.5343 | total: 2.8391
[New] Epoch 976/1000 | classify: 2.5969 | voltage: 1.4208 | conc: 0.0009 | consistency: 0.3275 | polarity: 2.4692 | monodec: 0.0000 | rule: 231.3952 | group: 1.9251 | tree: 5.5287 | total: 2.7889
[New] Epoch 977/1000 | classify: 2.8161 | voltage: 1.4683 | conc: 0.0008 | consistency: 0.3275 | polarity: 2.4997 | monodec: 0.0000 | rule: 234.5482 | group: 1.9513 | tree: 5.7783 | total: 3.0121
[New] Epoch 978/1000 | classify: 2.7262 | voltage: 1.4252 | conc: 0.0009 | consistency: 0.3275 | polarity: 2.4845 | monodec: 0.0000 | rule: 237.2315 | group: 1.9513 | tree: 5.9386 | total: 2.9216
[New] Epoch 979/1000 | classify: 2.7994 | voltage: 1.4247 | conc: 0.0013 | consistency: 0.3275 | polarity: 2.5555 | monodec: 0.0000 | rule: 243.3643 | group: 2.0247 | tree: 6.0779 | total: 2.9984
[New] Epoch 980/1000 | classify: 2.8084 | voltage: 1.4401 | conc: 0.0008 | consistency: 0.3275 | polarity: 2.5403 | monodec: 0.0000 | rule: 241.4915 | group: 1.9747 | tree: 5.8826 | total: 3.0066
--- 验证集 [epoch 980] ---
  准确率 (Accuracy):  0.6986
  精确率 (Precision): 0.5870
  召回率 (Recall):    0.5511
  F1 分数 (F1):       0.5447
[New] Epoch 981/1000 | classify: 2.7216 | voltage: 1.4205 | conc: 0.0011 | consistency: 0.3275 | polarity: 2.4743 | monodec: 0.0000 | rule: 245.5985 | group: 1.9140 | tree: 5.8197 | total: 2.9211
[New] Epoch 982/1000 | classify: 2.8152 | voltage: 1.4650 | conc: 0.0010 | consistency: 0.3275 | polarity: 2.5352 | monodec: 0.0000 | rule: 217.3718 | group: 1.9809 | tree: 5.6800 | total: 3.0027
[New] Epoch 983/1000 | classify: 2.5136 | voltage: 1.4318 | conc: 0.0007 | consistency: 0.3275 | polarity: 2.4287 | monodec: 0.0000 | rule: 233.2696 | group: 1.8607 | tree: 5.5070 | total: 2.7069
[New] Epoch 984/1000 | classify: 2.5003 | voltage: 1.4290 | conc: 0.0009 | consistency: 0.3275 | polarity: 2.4185 | monodec: 0.0000 | rule: 216.6840 | group: 1.8971 | tree: 5.4197 | total: 2.6853
[New] Epoch 985/1000 | classify: 2.6837 | voltage: 1.4528 | conc: 0.0010 | consistency: 0.3275 | polarity: 2.5250 | monodec: 0.0000 | rule: 237.7064 | group: 1.9916 | tree: 5.8075 | total: 2.8808
[New] Epoch 986/1000 | classify: 2.6898 | voltage: 1.4403 | conc: 0.0011 | consistency: 0.3275 | polarity: 2.4793 | monodec: 0.0000 | rule: 232.6497 | group: 1.9312 | tree: 5.8081 | total: 2.8838
[New] Epoch 987/1000 | classify: 2.6184 | voltage: 1.4090 | conc: 0.0011 | consistency: 0.3275 | polarity: 2.4337 | monodec: 0.0000 | rule: 247.3840 | group: 1.8516 | tree: 5.4560 | total: 2.8179
[New] Epoch 988/1000 | classify: 2.7094 | voltage: 1.4559 | conc: 0.0007 | consistency: 0.3275 | polarity: 2.4438 | monodec: 0.0000 | rule: 210.7926 | group: 1.8568 | tree: 5.4107 | total: 2.8925
[New] Epoch 989/1000 | classify: 2.9007 | voltage: 1.4298 | conc: 0.0009 | consistency: 0.3275 | polarity: 2.5908 | monodec: 0.0000 | rule: 246.9199 | group: 2.0515 | tree: 6.0806 | total: 3.1014
[New] Epoch 990/1000 | classify: 2.6621 | voltage: 1.4473 | conc: 0.0008 | consistency: 0.3275 | polarity: 2.4793 | monodec: 0.0000 | rule: 233.3224 | group: 1.9224 | tree: 5.7937 | total: 2.8565
--- 验证集 [epoch 990] ---
  准确率 (Accuracy):  0.6918
  精确率 (Precision): 0.6005
  召回率 (Recall):    0.5454
  F1 分数 (F1):       0.5480
[New] Epoch 991/1000 | classify: 2.7278 | voltage: 1.4675 | conc: 0.0011 | consistency: 0.3275 | polarity: 2.5047 | monodec: 0.0000 | rule: 225.0106 | group: 1.9687 | tree: 5.6927 | total: 2.9193
[New] Epoch 992/1000 | classify: 2.7210 | voltage: 1.4224 | conc: 0.0008 | consistency: 0.3275 | polarity: 2.4540 | monodec: 0.0000 | rule: 223.8925 | group: 1.9053 | tree: 5.6912 | total: 2.9093
[New] Epoch 993/1000 | classify: 2.6580 | voltage: 1.4299 | conc: 0.0011 | consistency: 0.3275 | polarity: 2.4743 | monodec: 0.0000 | rule: 214.8231 | group: 1.9459 | tree: 5.5023 | total: 2.8424
[New] Epoch 994/1000 | classify: 2.9476 | voltage: 1.4460 | conc: 0.0010 | consistency: 0.3275 | polarity: 2.5554 | monodec: 0.0000 | rule: 236.2228 | group: 2.0119 | tree: 6.0219 | total: 3.1437
[New] Epoch 995/1000 | classify: 2.7452 | voltage: 1.4269 | conc: 0.0011 | consistency: 0.3275 | polarity: 2.5149 | monodec: 0.0000 | rule: 245.6688 | group: 1.9718 | tree: 5.8041 | total: 2.9450
[New] Epoch 996/1000 | classify: 2.9489 | voltage: 1.4587 | conc: 0.0014 | consistency: 0.3275 | polarity: 2.5149 | monodec: 0.0000 | rule: 226.8232 | group: 1.9895 | tree: 6.0671 | total: 3.1413
[New] Epoch 997/1000 | classify: 2.9631 | voltage: 1.4117 | conc: 0.0012 | consistency: 0.3275 | polarity: 2.5099 | monodec: 0.0000 | rule: 237.5064 | group: 1.9580 | tree: 5.7739 | total: 3.1582
[New] Epoch 998/1000 | classify: 2.7756 | voltage: 1.4459 | conc: 0.0011 | consistency: 0.3275 | polarity: 2.5150 | monodec: 0.0000 | rule: 225.0141 | group: 1.9924 | tree: 5.9257 | total: 2.9661
[New] Epoch 999/1000 | classify: 2.8252 | voltage: 1.4175 | conc: 0.0008 | consistency: 0.3276 | polarity: 2.4897 | monodec: 0.0000 | rule: 232.7321 | group: 1.9064 | tree: 5.4783 | total: 3.0176
[New] Epoch 1000/1000 | classify: 2.6862 | voltage: 1.4139 | conc: 0.0012 | consistency: 0.3276 | polarity: 2.4542 | monodec: 0.0000 | rule: 247.2541 | group: 1.8907 | tree: 5.6689 | total: 2.8861
--- 验证集 [epoch 1000] ---
  准确率 (Accuracy):  0.7123
  精确率 (Precision): 0.5874
  召回率 (Recall):    0.5453
  F1 分数 (F1):       0.5431
✅ 模型已保存到 /home/kudouzala/Application/ion_detect/output/trained_model_save/exp_new_f_num_tp2/trained_model_epoch_1000.pth
📁 损失值已保存到 /home/kudouzala/Application/ion_detect/output/trained_model_save/exp_new_f_num_tp2/training_loss_epoch_1000.csv
✅ 模型已保存到 /home/kudouzala/Application/ion_detect/output/trained_model_save/exp_new_f_num_tp2/trained_model_epoch_final.pth
📁 损失值已保存到 /home/kudouzala/Application/ion_detect/output/trained_model_save/exp_new_f_num_tp2/training_loss_epoch_final.csv
