✅ no_overlap 划分: 测试集 150 个（ion_column 74 个，≤3/10）-> /home/kudouzala/Application/ion_detect/datasets/datasets_for_all_test_no_overlap/exp_new_f，训练集 709 个 -> /home/kudouzala/Application/ion_detect/datasets/datasets_for_all_train_no_overlap/exp_new_f（已排除同前缀且窗口含测试前 3 个时间点的样本）
✅ 当前使用设备: cuda
📂 训练集目录: /home/kudouzala/Application/ion_detect/datasets/datasets_for_all_train_no_overlap/exp_new_f
📂 测试/验证集目录: /home/kudouzala/Application/ion_detect/datasets/datasets_for_all_test_no_overlap/exp_new_f
🧪 experiment: exp_new_f
🚀 进入训练模式 (--train)
Skipping file 20240822_10ppm铜离子污染测试_新版电解槽_ion_column_gamry_[56, 58, 60, 62].xlsx: impedance points 54 < 63
Skipping file 20240822_10ppm铜离子污染测试_新版电解槽_ion_column_gamry_[36, 38, 40, 42].xlsx: impedance points 54 < 63
Skipping file 20240822_10ppm铜离子污染测试_新版电解槽_ion_column_gamry_[34, 36, 38, 40].xlsx: impedance points 54 < 63
[LEAK-CHECK] overlap(train, val) = 0
[DEBUG] data_folder = /home/kudouzala/Application/ion_detect/datasets/datasets_for_all_train_no_overlap/exp_new_f
[DEBUG] base_train.file_names[:10] =
   20241107_0.1ppm钙离子污染及恢复测试_新版电解槽_ion_firecloud_[14, 16, 18, 20].xlsx
   20240910_10ppm钙离子污染测试_新版电解槽_ion_column_gamry_[2, 4, 6, 8].xlsx
   20241006_2ppm铬离子污染测试_旧版电解槽_ion_firecloud_[22, 24, 26, 28].xlsx
   20241117_2ppm钠离子污染及恢复测试40摄氏度_新版电解槽_ion_gamry_[22, 24, 26, 28].xlsx
   20241227_10ppm铜离子污染及恢复测试_旧版电解槽_ion_gamry_[4, 6, 8, 10].xlsx
   20241003_2ppm镍离子污染测试_新版电解槽_ion_gamry_[20, 22, 24, 26].xlsx
   20241112_2ppm钠离子污染和恢复测试80摄氏度_新版电解槽_ion_column_renew_H2SO4_gamry_[14, 16, 18, 20].xlsx
   20240910_10ppm钙离子污染测试_新版电解槽_ion_gamry_[2, 4, 6, 8].xlsx
   20241213_2ppm钠离子污染及恢复测试_新版电解槽_ion_column_renew_H2SO4_gamry_[12, 14, 16, 18].xlsx
   20241010_2ppm钠离子污染测试_新版电解槽_ion_firecloud_[28, 30, 32, 34].xlsx
[DEBUG] exist check (first 10):
   /home/kudouzala/Application/ion_detect/datasets/datasets_for_all_train_no_overlap/exp_new_f/20241107_0.1ppm钙离子污染及恢复测试_新版电解槽_ion_firecloud_[14, 16, 18, 20].xlsx exists= True
   /home/kudouzala/Application/ion_detect/datasets/datasets_for_all_train_no_overlap/exp_new_f/20240910_10ppm钙离子污染测试_新版电解槽_ion_column_gamry_[2, 4, 6, 8].xlsx exists= True
   /home/kudouzala/Application/ion_detect/datasets/datasets_for_all_train_no_overlap/exp_new_f/20241006_2ppm铬离子污染测试_旧版电解槽_ion_firecloud_[22, 24, 26, 28].xlsx exists= True
   /home/kudouzala/Application/ion_detect/datasets/datasets_for_all_train_no_overlap/exp_new_f/20241117_2ppm钠离子污染及恢复测试40摄氏度_新版电解槽_ion_gamry_[22, 24, 26, 28].xlsx exists= True
   /home/kudouzala/Application/ion_detect/datasets/datasets_for_all_train_no_overlap/exp_new_f/20241227_10ppm铜离子污染及恢复测试_旧版电解槽_ion_gamry_[4, 6, 8, 10].xlsx exists= True
   /home/kudouzala/Application/ion_detect/datasets/datasets_for_all_train_no_overlap/exp_new_f/20241003_2ppm镍离子污染测试_新版电解槽_ion_gamry_[20, 22, 24, 26].xlsx exists= True
   /home/kudouzala/Application/ion_detect/datasets/datasets_for_all_train_no_overlap/exp_new_f/20241112_2ppm钠离子污染和恢复测试80摄氏度_新版电解槽_ion_column_renew_H2SO4_gamry_[14, 16, 18, 20].xlsx exists= True
   /home/kudouzala/Application/ion_detect/datasets/datasets_for_all_train_no_overlap/exp_new_f/20240910_10ppm钙离子污染测试_新版电解槽_ion_gamry_[2, 4, 6, 8].xlsx exists= True
   /home/kudouzala/Application/ion_detect/datasets/datasets_for_all_train_no_overlap/exp_new_f/20241213_2ppm钠离子污染及恢复测试_新版电解槽_ion_column_renew_H2SO4_gamry_[12, 14, 16, 18].xlsx exists= True
   /home/kudouzala/Application/ion_detect/datasets/datasets_for_all_train_no_overlap/exp_new_f/20241010_2ppm钠离子污染测试_新版电解槽_ion_firecloud_[28, 30, 32, 34].xlsx exists= True
Skipping file 20240822_10ppm铜离子污染测试_新版电解槽_ion_column_gamry_[28, 30, 32, 34].xlsx: impedance points 54 < 63
Skipping file 20240822_10ppm铜离子污染测试_新版电解槽_ion_column_gamry_[50, 52, 54, 56].xlsx: impedance points 54 < 63
Skipping file 20240822_10ppm铜离子污染测试_新版电解槽_ion_column_gamry_[24, 26, 28, 30].xlsx: impedance points 54 < 63
Skipping file 20240822_10ppm铜离子污染测试_新版电解槽_ion_column_gamry_[44, 46, 48, 50].xlsx: impedance points 54 < 63

[PairDataset][Example pairs] (show up to 50)
  [1] A(idx=431) 20241107_0.1ppm钙离子污染及恢复测试_新版电解槽_ion_firecloud_[0, 2, 4, 6].xlsx  times=[0, 2, 4, 6]
      → B(idx=253) 20241107_0.1ppm钙离子污染及恢复测试_新版电解槽_ion_firecloud_[4, 6, 8, 10].xlsx  times=[4, 6, 8, 10]  dummy=False
  [2] A(idx=678) 20241107_0.1ppm钙离子污染及恢复测试_新版电解槽_ion_firecloud_[2, 4, 6, 8].xlsx  times=[2, 4, 6, 8]
      → B(idx=484) 20241107_0.1ppm钙离子污染及恢复测试_新版电解槽_ion_firecloud_[6, 8, 10, 12].xlsx  times=[6, 8, 10, 12]  dummy=False
  [3] A(idx=253) 20241107_0.1ppm钙离子污染及恢复测试_新版电解槽_ion_firecloud_[4, 6, 8, 10].xlsx  times=[4, 6, 8, 10]
      → B(idx=481) 20241107_0.1ppm钙离子污染及恢复测试_新版电解槽_ion_firecloud_[8, 10, 12, 14].xlsx  times=[8, 10, 12, 14]  dummy=False
  [4] A(idx=484) 20241107_0.1ppm钙离子污染及恢复测试_新版电解槽_ion_firecloud_[6, 8, 10, 12].xlsx  times=[6, 8, 10, 12]
      → B(idx=547) 20241107_0.1ppm钙离子污染及恢复测试_新版电解槽_ion_firecloud_[10, 12, 14, 16].xlsx  times=[10, 12, 14, 16]  dummy=False
  [5] A(idx=481) 20241107_0.1ppm钙离子污染及恢复测试_新版电解槽_ion_firecloud_[8, 10, 12, 14].xlsx  times=[8, 10, 12, 14]
      → B(idx=138) 20241107_0.1ppm钙离子污染及恢复测试_新版电解槽_ion_firecloud_[12, 14, 16, 18].xlsx  times=[12, 14, 16, 18]  dummy=False
  [6] A(idx=547) 20241107_0.1ppm钙离子污染及恢复测试_新版电解槽_ion_firecloud_[10, 12, 14, 16].xlsx  times=[10, 12, 14, 16]
      → B(idx=0) 20241107_0.1ppm钙离子污染及恢复测试_新版电解槽_ion_firecloud_[14, 16, 18, 20].xlsx  times=[14, 16, 18, 20]  dummy=False
  [7] A(idx=138) 20241107_0.1ppm钙离子污染及恢复测试_新版电解槽_ion_firecloud_[12, 14, 16, 18].xlsx  times=[12, 14, 16, 18]
      → B(idx=52) 20241107_0.1ppm钙离子污染及恢复测试_新版电解槽_ion_firecloud_[16, 18, 20, 22].xlsx  times=[16, 18, 20, 22]  dummy=False
  [8] A(idx=0) 20241107_0.1ppm钙离子污染及恢复测试_新版电解槽_ion_firecloud_[14, 16, 18, 20].xlsx  times=[14, 16, 18, 20]
      → B(idx=436) 20241107_0.1ppm钙离子污染及恢复测试_新版电解槽_ion_firecloud_[18, 20, 22, 24].xlsx  times=[18, 20, 22, 24]  dummy=False
  [9] A(idx=52) 20241107_0.1ppm钙离子污染及恢复测试_新版电解槽_ion_firecloud_[16, 18, 20, 22].xlsx  times=[16, 18, 20, 22]
      → B(idx=352) 20241107_0.1ppm钙离子污染及恢复测试_新版电解槽_ion_firecloud_[20, 22, 24, 26].xlsx  times=[20, 22, 24, 26]  dummy=False
  [10] A(idx=436) 20241107_0.1ppm钙离子污染及恢复测试_新版电解槽_ion_firecloud_[18, 20, 22, 24].xlsx  times=[18, 20, 22, 24]
      → B(idx=436) 20241107_0.1ppm钙离子污染及恢复测试_新版电解槽_ion_firecloud_[18, 20, 22, 24].xlsx  times=[18, 20, 22, 24]  dummy=True
  [11] A(idx=352) 20241107_0.1ppm钙离子污染及恢复测试_新版电解槽_ion_firecloud_[20, 22, 24, 26].xlsx  times=[20, 22, 24, 26]
      → B(idx=352) 20241107_0.1ppm钙离子污染及恢复测试_新版电解槽_ion_firecloud_[20, 22, 24, 26].xlsx  times=[20, 22, 24, 26]  dummy=True
  [12] A(idx=377) 20241107_0.1ppm钙离子污染及恢复测试_新版电解槽_ion_firecloud_[34, 36, 38, 40].xlsx  times=[34, 36, 38, 40]
      → B(idx=134) 20241107_0.1ppm钙离子污染及恢复测试_新版电解槽_ion_firecloud_[38, 40, 42, 44].xlsx  times=[38, 40, 42, 44]  dummy=False
  [13] A(idx=67) 20241107_0.1ppm钙离子污染及恢复测试_新版电解槽_ion_firecloud_[36, 38, 40, 42].xlsx  times=[36, 38, 40, 42]
      → B(idx=329) 20241107_0.1ppm钙离子污染及恢复测试_新版电解槽_ion_firecloud_[40, 42, 44, 46].xlsx  times=[40, 42, 44, 46]  dummy=False
  [14] A(idx=134) 20241107_0.1ppm钙离子污染及恢复测试_新版电解槽_ion_firecloud_[38, 40, 42, 44].xlsx  times=[38, 40, 42, 44]
      → B(idx=134) 20241107_0.1ppm钙离子污染及恢复测试_新版电解槽_ion_firecloud_[38, 40, 42, 44].xlsx  times=[38, 40, 42, 44]  dummy=True
  [15] A(idx=329) 20241107_0.1ppm钙离子污染及恢复测试_新版电解槽_ion_firecloud_[40, 42, 44, 46].xlsx  times=[40, 42, 44, 46]
      → B(idx=329) 20241107_0.1ppm钙离子污染及恢复测试_新版电解槽_ion_firecloud_[40, 42, 44, 46].xlsx  times=[40, 42, 44, 46]  dummy=True
  [16] A(idx=478) 20240910_10ppm钙离子污染测试_新版电解槽_ion_column_gamry_[0, 2, 4, 6].xlsx  times=[0, 2, 4, 6]
      → B(idx=540) 20240910_10ppm钙离子污染测试_新版电解槽_ion_column_gamry_[4, 6, 8, 10].xlsx  times=[4, 6, 8, 10]  dummy=False
  [17] A(idx=1) 20240910_10ppm钙离子污染测试_新版电解槽_ion_column_gamry_[2, 4, 6, 8].xlsx  times=[2, 4, 6, 8]
      → B(idx=516) 20240910_10ppm钙离子污染测试_新版电解槽_ion_column_gamry_[6, 8, 10, 12].xlsx  times=[6, 8, 10, 12]  dummy=False
  [18] A(idx=540) 20240910_10ppm钙离子污染测试_新版电解槽_ion_column_gamry_[4, 6, 8, 10].xlsx  times=[4, 6, 8, 10]
      → B(idx=413) 20240910_10ppm钙离子污染测试_新版电解槽_ion_column_gamry_[8, 10, 12, 14].xlsx  times=[8, 10, 12, 14]  dummy=False
  [19] A(idx=516) 20240910_10ppm钙离子污染测试_新版电解槽_ion_column_gamry_[6, 8, 10, 12].xlsx  times=[6, 8, 10, 12]
      → B(idx=410) 20240910_10ppm钙离子污染测试_新版电解槽_ion_column_gamry_[10, 12, 14, 16].xlsx  times=[10, 12, 14, 16]  dummy=False
  [20] A(idx=413) 20240910_10ppm钙离子污染测试_新版电解槽_ion_column_gamry_[8, 10, 12, 14].xlsx  times=[8, 10, 12, 14]
      → B(idx=156) 20240910_10ppm钙离子污染测试_新版电解槽_ion_column_gamry_[12, 14, 16, 18].xlsx  times=[12, 14, 16, 18]  dummy=False
  [21] A(idx=410) 20240910_10ppm钙离子污染测试_新版电解槽_ion_column_gamry_[10, 12, 14, 16].xlsx  times=[10, 12, 14, 16]
      → B(idx=366) 20240910_10ppm钙离子污染测试_新版电解槽_ion_column_gamry_[14, 16, 18, 20].xlsx  times=[14, 16, 18, 20]  dummy=False
  [22] A(idx=156) 20240910_10ppm钙离子污染测试_新版电解槽_ion_column_gamry_[12, 14, 16, 18].xlsx  times=[12, 14, 16, 18]
      → B(idx=156) 20240910_10ppm钙离子污染测试_新版电解槽_ion_column_gamry_[12, 14, 16, 18].xlsx  times=[12, 14, 16, 18]  dummy=True
  [23] A(idx=366) 20240910_10ppm钙离子污染测试_新版电解槽_ion_column_gamry_[14, 16, 18, 20].xlsx  times=[14, 16, 18, 20]
      → B(idx=366) 20240910_10ppm钙离子污染测试_新版电解槽_ion_column_gamry_[14, 16, 18, 20].xlsx  times=[14, 16, 18, 20]  dummy=True
  [24] A(idx=94) 20241006_2ppm铬离子污染测试_旧版电解槽_ion_firecloud_[0, 2, 4, 6].xlsx  times=[0, 2, 4, 6]
      → B(idx=94) 20241006_2ppm铬离子污染测试_旧版电解槽_ion_firecloud_[0, 2, 4, 6].xlsx  times=[0, 2, 4, 6]  dummy=True
  [25] A(idx=550) 20241006_2ppm铬离子污染测试_旧版电解槽_ion_firecloud_[2, 4, 6, 8].xlsx  times=[2, 4, 6, 8]
      → B(idx=550) 20241006_2ppm铬离子污染测试_旧版电解槽_ion_firecloud_[2, 4, 6, 8].xlsx  times=[2, 4, 6, 8]  dummy=True
  [26] A(idx=538) 20241006_2ppm铬离子污染测试_旧版电解槽_ion_firecloud_[16, 18, 20, 22].xlsx  times=[16, 18, 20, 22]
      → B(idx=430) 20241006_2ppm铬离子污染测试_旧版电解槽_ion_firecloud_[20, 22, 24, 26].xlsx  times=[20, 22, 24, 26]  dummy=False
  [27] A(idx=32) 20241006_2ppm铬离子污染测试_旧版电解槽_ion_firecloud_[18, 20, 22, 24].xlsx  times=[18, 20, 22, 24]
      → B(idx=2) 20241006_2ppm铬离子污染测试_旧版电解槽_ion_firecloud_[22, 24, 26, 28].xlsx  times=[22, 24, 26, 28]  dummy=False
  [28] A(idx=430) 20241006_2ppm铬离子污染测试_旧版电解槽_ion_firecloud_[20, 22, 24, 26].xlsx  times=[20, 22, 24, 26]
      → B(idx=87) 20241006_2ppm铬离子污染测试_旧版电解槽_ion_firecloud_[24, 26, 28, 30].xlsx  times=[24, 26, 28, 30]  dummy=False
  [29] A(idx=2) 20241006_2ppm铬离子污染测试_旧版电解槽_ion_firecloud_[22, 24, 26, 28].xlsx  times=[22, 24, 26, 28]
      → B(idx=260) 20241006_2ppm铬离子污染测试_旧版电解槽_ion_firecloud_[26, 28, 30, 32].xlsx  times=[26, 28, 30, 32]  dummy=False
  [30] A(idx=87) 20241006_2ppm铬离子污染测试_旧版电解槽_ion_firecloud_[24, 26, 28, 30].xlsx  times=[24, 26, 28, 30]
      → B(idx=569) 20241006_2ppm铬离子污染测试_旧版电解槽_ion_firecloud_[28, 30, 32, 34].xlsx  times=[28, 30, 32, 34]  dummy=False
  [31] A(idx=260) 20241006_2ppm铬离子污染测试_旧版电解槽_ion_firecloud_[26, 28, 30, 32].xlsx  times=[26, 28, 30, 32]
      → B(idx=255) 20241006_2ppm铬离子污染测试_旧版电解槽_ion_firecloud_[30, 32, 34, 36].xlsx  times=[30, 32, 34, 36]  dummy=False
  [32] A(idx=569) 20241006_2ppm铬离子污染测试_旧版电解槽_ion_firecloud_[28, 30, 32, 34].xlsx  times=[28, 30, 32, 34]
      → B(idx=576) 20241006_2ppm铬离子污染测试_旧版电解槽_ion_firecloud_[32, 34, 36, 38].xlsx  times=[32, 34, 36, 38]  dummy=False
  [33] A(idx=255) 20241006_2ppm铬离子污染测试_旧版电解槽_ion_firecloud_[30, 32, 34, 36].xlsx  times=[30, 32, 34, 36]
      → B(idx=269) 20241006_2ppm铬离子污染测试_旧版电解槽_ion_firecloud_[34, 36, 38, 40].xlsx  times=[34, 36, 38, 40]  dummy=False
  [34] A(idx=576) 20241006_2ppm铬离子污染测试_旧版电解槽_ion_firecloud_[32, 34, 36, 38].xlsx  times=[32, 34, 36, 38]
      → B(idx=96) 20241006_2ppm铬离子污染测试_旧版电解槽_ion_firecloud_[36, 38, 40, 42].xlsx  times=[36, 38, 40, 42]  dummy=False
  [35] A(idx=269) 20241006_2ppm铬离子污染测试_旧版电解槽_ion_firecloud_[34, 36, 38, 40].xlsx  times=[34, 36, 38, 40]
      → B(idx=683) 20241006_2ppm铬离子污染测试_旧版电解槽_ion_firecloud_[38, 40, 42, 44].xlsx  times=[38, 40, 42, 44]  dummy=False
  [36] A(idx=96) 20241006_2ppm铬离子污染测试_旧版电解槽_ion_firecloud_[36, 38, 40, 42].xlsx  times=[36, 38, 40, 42]
      → B(idx=114) 20241006_2ppm铬离子污染测试_旧版电解槽_ion_firecloud_[40, 42, 44, 46].xlsx  times=[40, 42, 44, 46]  dummy=False
  [37] A(idx=683) 20241006_2ppm铬离子污染测试_旧版电解槽_ion_firecloud_[38, 40, 42, 44].xlsx  times=[38, 40, 42, 44]
      → B(idx=434) 20241006_2ppm铬离子污染测试_旧版电解槽_ion_firecloud_[42, 44, 46, 48].xlsx  times=[42, 44, 46, 48]  dummy=False
  [38] A(idx=114) 20241006_2ppm铬离子污染测试_旧版电解槽_ion_firecloud_[40, 42, 44, 46].xlsx  times=[40, 42, 44, 46]
      → B(idx=84) 20241006_2ppm铬离子污染测试_旧版电解槽_ion_firecloud_[44, 46, 48, 50].xlsx  times=[44, 46, 48, 50]  dummy=False
  [39] A(idx=434) 20241006_2ppm铬离子污染测试_旧版电解槽_ion_firecloud_[42, 44, 46, 48].xlsx  times=[42, 44, 46, 48]
      → B(idx=565) 20241006_2ppm铬离子污染测试_旧版电解槽_ion_firecloud_[46, 48, 50, 52].xlsx  times=[46, 48, 50, 52]  dummy=False
  [40] A(idx=84) 20241006_2ppm铬离子污染测试_旧版电解槽_ion_firecloud_[44, 46, 48, 50].xlsx  times=[44, 46, 48, 50]
      → B(idx=84) 20241006_2ppm铬离子污染测试_旧版电解槽_ion_firecloud_[44, 46, 48, 50].xlsx  times=[44, 46, 48, 50]  dummy=True
  [41] A(idx=565) 20241006_2ppm铬离子污染测试_旧版电解槽_ion_firecloud_[46, 48, 50, 52].xlsx  times=[46, 48, 50, 52]
      → B(idx=565) 20241006_2ppm铬离子污染测试_旧版电解槽_ion_firecloud_[46, 48, 50, 52].xlsx  times=[46, 48, 50, 52]  dummy=True
  [42] A(idx=45) 20241117_2ppm钠离子污染及恢复测试40摄氏度_新版电解槽_ion_gamry_[14, 16, 18, 20].xlsx  times=[14, 16, 18, 20]
      → B(idx=523) 20241117_2ppm钠离子污染及恢复测试40摄氏度_新版电解槽_ion_gamry_[18, 20, 22, 24].xlsx  times=[18, 20, 22, 24]  dummy=False
  [43] A(idx=564) 20241117_2ppm钠离子污染及恢复测试40摄氏度_新版电解槽_ion_gamry_[16, 18, 20, 22].xlsx  times=[16, 18, 20, 22]
      → B(idx=154) 20241117_2ppm钠离子污染及恢复测试40摄氏度_新版电解槽_ion_gamry_[20, 22, 24, 26].xlsx  times=[20, 22, 24, 26]  dummy=False
  [44] A(idx=523) 20241117_2ppm钠离子污染及恢复测试40摄氏度_新版电解槽_ion_gamry_[18, 20, 22, 24].xlsx  times=[18, 20, 22, 24]
      → B(idx=3) 20241117_2ppm钠离子污染及恢复测试40摄氏度_新版电解槽_ion_gamry_[22, 24, 26, 28].xlsx  times=[22, 24, 26, 28]  dummy=False
  [45] A(idx=154) 20241117_2ppm钠离子污染及恢复测试40摄氏度_新版电解槽_ion_gamry_[20, 22, 24, 26].xlsx  times=[20, 22, 24, 26]
      → B(idx=449) 20241117_2ppm钠离子污染及恢复测试40摄氏度_新版电解槽_ion_gamry_[24, 26, 28, 30].xlsx  times=[24, 26, 28, 30]  dummy=False
  [46] A(idx=3) 20241117_2ppm钠离子污染及恢复测试40摄氏度_新版电解槽_ion_gamry_[22, 24, 26, 28].xlsx  times=[22, 24, 26, 28]
      → B(idx=34) 20241117_2ppm钠离子污染及恢复测试40摄氏度_新版电解槽_ion_gamry_[26, 28, 30, 32].xlsx  times=[26, 28, 30, 32]  dummy=False
  [47] A(idx=449) 20241117_2ppm钠离子污染及恢复测试40摄氏度_新版电解槽_ion_gamry_[24, 26, 28, 30].xlsx  times=[24, 26, 28, 30]
      → B(idx=323) 20241117_2ppm钠离子污染及恢复测试40摄氏度_新版电解槽_ion_gamry_[28, 30, 32, 34].xlsx  times=[28, 30, 32, 34]  dummy=False
  [48] A(idx=34) 20241117_2ppm钠离子污染及恢复测试40摄氏度_新版电解槽_ion_gamry_[26, 28, 30, 32].xlsx  times=[26, 28, 30, 32]
      → B(idx=659) 20241117_2ppm钠离子污染及恢复测试40摄氏度_新版电解槽_ion_gamry_[30, 32, 34, 36].xlsx  times=[30, 32, 34, 36]  dummy=False
  [49] A(idx=323) 20241117_2ppm钠离子污染及恢复测试40摄氏度_新版电解槽_ion_gamry_[28, 30, 32, 34].xlsx  times=[28, 30, 32, 34]
      → B(idx=579) 20241117_2ppm钠离子污染及恢复测试40摄氏度_新版电解槽_ion_gamry_[32, 34, 36, 38].xlsx  times=[32, 34, 36, 38]  dummy=False
  [50] A(idx=659) 20241117_2ppm钠离子污染及恢复测试40摄氏度_新版电解槽_ion_gamry_[30, 32, 34, 36].xlsx  times=[30, 32, 34, 36]
      → B(idx=350) 20241117_2ppm钠离子污染及恢复测试40摄氏度_新版电解槽_ion_gamry_[34, 36, 38, 40].xlsx  times=[34, 36, 38, 40]  dummy=False

[PairDataset][Summary]
- total files:        706
- parsed OK:          706
- regex fail:         0
- parse times fail:   0
- empty times:        0
- total pairs:        706  (keep_unpaired=self)
- distinct prefixes:  96
- prefixes coverage (first few):
  [1] 20241107_0.1ppm钙离子污染及恢复测试_新版电解槽_ion_firecloud_[* -> windows=15, adj_pairs=9/14
  [2] 20240910_10ppm钙离子污染测试_新版电解槽_ion_column_gamry_[* -> windows=8, adj_pairs=5/7
  [3] 20241006_2ppm铬离子污染测试_旧版电解槽_ion_firecloud_[* -> windows=18, adj_pairs=13/17
  [4] 20241117_2ppm钠离子污染及恢复测试40摄氏度_新版电解槽_ion_gamry_[* -> windows=13, adj_pairs=10/12
  [5] 20241227_10ppm铜离子污染及恢复测试_旧版电解槽_ion_gamry_[* -> windows=15, adj_pairs=10/14
  [6] 20241003_2ppm镍离子污染测试_新版电解槽_ion_gamry_[* -> windows=7, adj_pairs=1/6
  [7] 20241112_2ppm钠离子污染和恢复测试80摄氏度_新版电解槽_ion_column_renew_H2SO4_gamry_[* -> windows=13, adj_pairs=10/12
  [8] 20240910_10ppm钙离子污染测试_新版电解槽_ion_gamry_[* -> windows=10, adj_pairs=2/9
  [9] 20241213_2ppm钠离子污染及恢复测试_新版电解槽_ion_column_renew_H2SO4_gamry_[* -> windows=7, adj_pairs=4/6
  [10] 20241010_2ppm钠离子污染测试_新版电解槽_ion_firecloud_[* -> windows=8, adj_pairs=2/7
- unadjacent gaps samples: 253 (showing first 0)

[PairDataset][Explain] focus_prefix_contains='20240915_2ppm铜离子污染测试_旧版电解槽_ion_firecloud_'
  - PREFIX: 20240915_2ppm铜离子污染测试_旧版电解槽_ion_firecloud_[* windows=11
    windows (sorted by first,last):
      · 20240915_2ppm铜离子污染测试_旧版电解槽_ion_firecloud_[0, 2, 4, 6].xlsx  -> times=[0, 2, 4, 6]  first=0 last=6
      · 20240915_2ppm铜离子污染测试_旧版电解槽_ion_firecloud_[2, 4, 6, 8].xlsx  -> times=[2, 4, 6, 8]  first=2 last=8
      · 20240915_2ppm铜离子污染测试_旧版电解槽_ion_firecloud_[4, 6, 8, 10].xlsx  -> times=[4, 6, 8, 10]  first=4 last=10
      · 20240915_2ppm铜离子污染测试_旧版电解槽_ion_firecloud_[6, 8, 10, 12].xlsx  -> times=[6, 8, 10, 12]  first=6 last=12
      · 20240915_2ppm铜离子污染测试_旧版电解槽_ion_firecloud_[8, 10, 12, 14].xlsx  -> times=[8, 10, 12, 14]  first=8 last=14
      · 20240915_2ppm铜离子污染测试_旧版电解槽_ion_firecloud_[10, 12, 14, 16].xlsx  -> times=[10, 12, 14, 16]  first=10 last=16
      · 20240915_2ppm铜离子污染测试_旧版电解槽_ion_firecloud_[12, 14, 16, 18].xlsx  -> times=[12, 14, 16, 18]  first=12 last=18
      · 20240915_2ppm铜离子污染测试_旧版电解槽_ion_firecloud_[14, 16, 18, 20].xlsx  -> times=[14, 16, 18, 20]  first=14 last=20
      · 20240915_2ppm铜离子污染测试_旧版电解槽_ion_firecloud_[16, 18, 20, 22].xlsx  -> times=[16, 18, 20, 22]  first=16 last=22
      · 20240915_2ppm铜离子污染测试_旧版电解槽_ion_firecloud_[18, 20, 22, 24].xlsx  -> times=[18, 20, 22, 24]  first=18 last=24
      · 20240915_2ppm铜离子污染测试_旧版电解槽_ion_firecloud_[20, 22, 24, 26].xlsx  -> times=[20, 22, 24, 26]  first=20 last=26
      MISS: 6 -> 2   (20240915_2ppm铜离子污染测试_旧版电解槽_ion_firecloud_[0, 2, 4, 6].xlsx  →  20240915_2ppm铜离子污染测试_旧版电解槽_ion_firecloud_[2, 4, 6, 8].xlsx)
      MISS: 8 -> 4   (20240915_2ppm铜离子污染测试_旧版电解槽_ion_firecloud_[2, 4, 6, 8].xlsx  →  20240915_2ppm铜离子污染测试_旧版电解槽_ion_firecloud_[4, 6, 8, 10].xlsx)
      MISS: 10 -> 6   (20240915_2ppm铜离子污染测试_旧版电解槽_ion_firecloud_[4, 6, 8, 10].xlsx  →  20240915_2ppm铜离子污染测试_旧版电解槽_ion_firecloud_[6, 8, 10, 12].xlsx)
      MISS: 12 -> 8   (20240915_2ppm铜离子污染测试_旧版电解槽_ion_firecloud_[6, 8, 10, 12].xlsx  →  20240915_2ppm铜离子污染测试_旧版电解槽_ion_firecloud_[8, 10, 12, 14].xlsx)
      MISS: 14 -> 10   (20240915_2ppm铜离子污染测试_旧版电解槽_ion_firecloud_[8, 10, 12, 14].xlsx  →  20240915_2ppm铜离子污染测试_旧版电解槽_ion_firecloud_[10, 12, 14, 16].xlsx)
      MISS: 16 -> 12   (20240915_2ppm铜离子污染测试_旧版电解槽_ion_firecloud_[10, 12, 14, 16].xlsx  →  20240915_2ppm铜离子污染测试_旧版电解槽_ion_firecloud_[12, 14, 16, 18].xlsx)
      MISS: 18 -> 14   (20240915_2ppm铜离子污染测试_旧版电解槽_ion_firecloud_[12, 14, 16, 18].xlsx  →  20240915_2ppm铜离子污染测试_旧版电解槽_ion_firecloud_[14, 16, 18, 20].xlsx)
      MISS: 20 -> 16   (20240915_2ppm铜离子污染测试_旧版电解槽_ion_firecloud_[14, 16, 18, 20].xlsx  →  20240915_2ppm铜离子污染测试_旧版电解槽_ion_firecloud_[16, 18, 20, 22].xlsx)
      MISS: 22 -> 18   (20240915_2ppm铜离子污染测试_旧版电解槽_ion_firecloud_[16, 18, 20, 22].xlsx  →  20240915_2ppm铜离子污染测试_旧版电解槽_ion_firecloud_[18, 20, 22, 24].xlsx)
      MISS: 24 -> 20   (20240915_2ppm铜离子污染测试_旧版电解槽_ion_firecloud_[18, 20, 22, 24].xlsx  →  20240915_2ppm铜离子污染测试_旧版电解槽_ion_firecloud_[20, 22, 24, 26].xlsx)

[PairDataset][Example pairs] (show up to 50)
  [1] A(idx=0) 20240918_2ppm钙离子污染测试_新版电解槽_ion_gamry_[10, 12, 14, 16].xlsx  times=[10, 12, 14, 16]
      → B(idx=92) 20240918_2ppm钙离子污染测试_新版电解槽_ion_gamry_[14, 16, 18, 20].xlsx  times=[14, 16, 18, 20]  dummy=False
  [2] A(idx=92) 20240918_2ppm钙离子污染测试_新版电解槽_ion_gamry_[14, 16, 18, 20].xlsx  times=[14, 16, 18, 20]
      → B(idx=92) 20240918_2ppm钙离子污染测试_新版电解槽_ion_gamry_[14, 16, 18, 20].xlsx  times=[14, 16, 18, 20]  dummy=True
  [3] A(idx=1) 20241028_2ppm钠离子污染和恢复测试_旧版电解槽_ion_column_renew_H2SO4_gamry_[2, 4, 6, 8].xlsx  times=[2, 4, 6, 8]
      → B(idx=1) 20241028_2ppm钠离子污染和恢复测试_旧版电解槽_ion_column_renew_H2SO4_gamry_[2, 4, 6, 8].xlsx  times=[2, 4, 6, 8]  dummy=True
  [4] A(idx=94) 20241028_2ppm钠离子污染和恢复测试_旧版电解槽_ion_column_renew_H2SO4_gamry_[4, 6, 8, 10].xlsx  times=[4, 6, 8, 10]
      → B(idx=94) 20241028_2ppm钠离子污染和恢复测试_旧版电解槽_ion_column_renew_H2SO4_gamry_[4, 6, 8, 10].xlsx  times=[4, 6, 8, 10]  dummy=True
  [5] A(idx=125) 20241010_2ppm钠离子污染测试_新版电解槽_ion_column_firecloud_[6, 8, 10, 12].xlsx  times=[6, 8, 10, 12]
      → B(idx=125) 20241010_2ppm钠离子污染测试_新版电解槽_ion_column_firecloud_[6, 8, 10, 12].xlsx  times=[6, 8, 10, 12]  dummy=True
  [6] A(idx=2) 20241010_2ppm钠离子污染测试_新版电解槽_ion_column_firecloud_[8, 10, 12, 14].xlsx  times=[8, 10, 12, 14]
      → B(idx=2) 20241010_2ppm钠离子污染测试_新版电解槽_ion_column_firecloud_[8, 10, 12, 14].xlsx  times=[8, 10, 12, 14]  dummy=True
  [7] A(idx=20) 20241101_2ppm铜离子污染和恢复测试_旧版电解槽_ion_firecloud_[0, 2, 4, 6].xlsx  times=[0, 2, 4, 6]
      → B(idx=20) 20241101_2ppm铜离子污染和恢复测试_旧版电解槽_ion_firecloud_[0, 2, 4, 6].xlsx  times=[0, 2, 4, 6]  dummy=True
  [8] A(idx=3) 20241101_2ppm铜离子污染和恢复测试_旧版电解槽_ion_firecloud_[10, 12, 14, 16].xlsx  times=[10, 12, 14, 16]
      → B(idx=3) 20241101_2ppm铜离子污染和恢复测试_旧版电解槽_ion_firecloud_[10, 12, 14, 16].xlsx  times=[10, 12, 14, 16]  dummy=True
  [9] A(idx=31) 20241101_2ppm铜离子污染和恢复测试_旧版电解槽_ion_firecloud_[20, 22, 24, 26].xlsx  times=[20, 22, 24, 26]
      → B(idx=31) 20241101_2ppm铜离子污染和恢复测试_旧版电解槽_ion_firecloud_[20, 22, 24, 26].xlsx  times=[20, 22, 24, 26]  dummy=True
  [10] A(idx=48) 20240831_10ppm镍离子污染测试_新版电解槽_ion_gamry_[0, 2, 4, 6].xlsx  times=[0, 2, 4, 6]
      → B(idx=41) 20240831_10ppm镍离子污染测试_新版电解槽_ion_gamry_[4, 6, 8, 10].xlsx  times=[4, 6, 8, 10]  dummy=False
  [11] A(idx=41) 20240831_10ppm镍离子污染测试_新版电解槽_ion_gamry_[4, 6, 8, 10].xlsx  times=[4, 6, 8, 10]
      → B(idx=41) 20240831_10ppm镍离子污染测试_新版电解槽_ion_gamry_[4, 6, 8, 10].xlsx  times=[4, 6, 8, 10]  dummy=True
  [12] A(idx=139) 20240831_10ppm镍离子污染测试_新版电解槽_ion_gamry_[16, 18, 20, 22].xlsx  times=[16, 18, 20, 22]
      → B(idx=139) 20240831_10ppm镍离子污染测试_新版电解槽_ion_gamry_[16, 18, 20, 22].xlsx  times=[16, 18, 20, 22]  dummy=True
  [13] A(idx=4) 20240831_10ppm镍离子污染测试_新版电解槽_ion_gamry_[18, 20, 22, 24].xlsx  times=[18, 20, 22, 24]
      → B(idx=4) 20240831_10ppm镍离子污染测试_新版电解槽_ion_gamry_[18, 20, 22, 24].xlsx  times=[18, 20, 22, 24]  dummy=True
  [14] A(idx=5) 20241122_2ppm铜离子污染及恢复测试40摄氏度_新版电解槽_ion_column_renew_H2SO4_gamry_[14, 16, 18, 20].xlsx  times=[14, 16, 18, 20]
      → B(idx=5) 20241122_2ppm铜离子污染及恢复测试40摄氏度_新版电解槽_ion_column_renew_H2SO4_gamry_[14, 16, 18, 20].xlsx  times=[14, 16, 18, 20]  dummy=True
  [15] A(idx=93) 20241010_2ppm钠离子污染测试_新版电解槽_ion_firecloud_[4, 6, 8, 10].xlsx  times=[4, 6, 8, 10]
      → B(idx=93) 20241010_2ppm钠离子污染测试_新版电解槽_ion_firecloud_[4, 6, 8, 10].xlsx  times=[4, 6, 8, 10]  dummy=True
  [16] A(idx=104) 20241010_2ppm钠离子污染测试_新版电解槽_ion_firecloud_[12, 14, 16, 18].xlsx  times=[12, 14, 16, 18]
      → B(idx=135) 20241010_2ppm钠离子污染测试_新版电解槽_ion_firecloud_[16, 18, 20, 22].xlsx  times=[16, 18, 20, 22]  dummy=False
  [17] A(idx=135) 20241010_2ppm钠离子污染测试_新版电解槽_ion_firecloud_[16, 18, 20, 22].xlsx  times=[16, 18, 20, 22]
      → B(idx=135) 20241010_2ppm钠离子污染测试_新版电解槽_ion_firecloud_[16, 18, 20, 22].xlsx  times=[16, 18, 20, 22]  dummy=True
  [18] A(idx=6) 20241010_2ppm钠离子污染测试_新版电解槽_ion_firecloud_[36, 38, 40, 42].xlsx  times=[36, 38, 40, 42]
      → B(idx=6) 20241010_2ppm钠离子污染测试_新版电解槽_ion_firecloud_[36, 38, 40, 42].xlsx  times=[36, 38, 40, 42]  dummy=True
  [19] A(idx=55) 20241029_2ppm铁离子污染和恢复测试_新版电解槽_ion_firecloud_[26, 28, 30, 32].xlsx  times=[26, 28, 30, 32]
      → B(idx=7) 20241029_2ppm铁离子污染和恢复测试_新版电解槽_ion_firecloud_[30, 32, 34, 36].xlsx  times=[30, 32, 34, 36]  dummy=False
  [20] A(idx=7) 20241029_2ppm铁离子污染和恢复测试_新版电解槽_ion_firecloud_[30, 32, 34, 36].xlsx  times=[30, 32, 34, 36]
      → B(idx=141) 20241029_2ppm铁离子污染和恢复测试_新版电解槽_ion_firecloud_[34, 36, 38, 40].xlsx  times=[34, 36, 38, 40]  dummy=False
  [21] A(idx=141) 20241029_2ppm铁离子污染和恢复测试_新版电解槽_ion_firecloud_[34, 36, 38, 40].xlsx  times=[34, 36, 38, 40]
      → B(idx=141) 20241029_2ppm铁离子污染和恢复测试_新版电解槽_ion_firecloud_[34, 36, 38, 40].xlsx  times=[34, 36, 38, 40]  dummy=True
  [22] A(idx=47) 20241029_2ppm铁离子污染和恢复测试_新版电解槽_ion_firecloud_[46, 48, 50, 52].xlsx  times=[46, 48, 50, 52]
      → B(idx=47) 20241029_2ppm铁离子污染和恢复测试_新版电解槽_ion_firecloud_[46, 48, 50, 52].xlsx  times=[46, 48, 50, 52]  dummy=True
  [23] A(idx=8) 20241227_10ppm铜离子污染及恢复测试_旧版电解槽_ion_column_renew_H2SO4_gamry_[8, 10, 12, 14].xlsx  times=[8, 10, 12, 14]
      → B(idx=8) 20241227_10ppm铜离子污染及恢复测试_旧版电解槽_ion_column_renew_H2SO4_gamry_[8, 10, 12, 14].xlsx  times=[8, 10, 12, 14]  dummy=True
  [24] A(idx=88) 20241227_10ppm铜离子污染及恢复测试_旧版电解槽_ion_column_renew_H2SO4_gamry_[24, 26, 28, 30].xlsx  times=[24, 26, 28, 30]
      → B(idx=88) 20241227_10ppm铜离子污染及恢复测试_旧版电解槽_ion_column_renew_H2SO4_gamry_[24, 26, 28, 30].xlsx  times=[24, 26, 28, 30]  dummy=True
  [25] A(idx=134) 20241227_10ppm铜离子污染及恢复测试_旧版电解槽_ion_column_renew_H2SO4_gamry_[26, 28, 30, 32].xlsx  times=[26, 28, 30, 32]
      → B(idx=134) 20241227_10ppm铜离子污染及恢复测试_旧版电解槽_ion_column_renew_H2SO4_gamry_[26, 28, 30, 32].xlsx  times=[26, 28, 30, 32]  dummy=True
  [26] A(idx=27) 20241017_2ppm铬离子污染和恢复测试_新版电解槽_ion_gamry_[0, 2, 4, 6].xlsx  times=[0, 2, 4, 6]
      → B(idx=27) 20241017_2ppm铬离子污染和恢复测试_新版电解槽_ion_gamry_[0, 2, 4, 6].xlsx  times=[0, 2, 4, 6]  dummy=True
  [27] A(idx=9) 20241017_2ppm铬离子污染和恢复测试_新版电解槽_ion_gamry_[20, 22, 24, 26].xlsx  times=[20, 22, 24, 26]
      → B(idx=9) 20241017_2ppm铬离子污染和恢复测试_新版电解槽_ion_gamry_[20, 22, 24, 26].xlsx  times=[20, 22, 24, 26]  dummy=True
  [28] A(idx=10) 20241024_2ppm铁离子污染和恢复测试_新版电解槽_ion_column_renew_H2SO4_firecloud_[12, 14, 16, 18].xlsx  times=[12, 14, 16, 18]
      → B(idx=10) 20241024_2ppm铁离子污染和恢复测试_新版电解槽_ion_column_renew_H2SO4_firecloud_[12, 14, 16, 18].xlsx  times=[12, 14, 16, 18]  dummy=True
  [29] A(idx=136) 20241024_2ppm铁离子污染和恢复测试_新版电解槽_ion_column_renew_H2SO4_firecloud_[18, 20, 22, 24].xlsx  times=[18, 20, 22, 24]
      → B(idx=136) 20241024_2ppm铁离子污染和恢复测试_新版电解槽_ion_column_renew_H2SO4_firecloud_[18, 20, 22, 24].xlsx  times=[18, 20, 22, 24]  dummy=True
  [30] A(idx=11) 20241117_2ppm钠离子污染及恢复测试10mlmin_旧版电解槽_ion_gamry_[2, 4, 6, 8].xlsx  times=[2, 4, 6, 8]
      → B(idx=11) 20241117_2ppm钠离子污染及恢复测试10mlmin_旧版电解槽_ion_gamry_[2, 4, 6, 8].xlsx  times=[2, 4, 6, 8]  dummy=True
  [31] A(idx=140) 20241117_2ppm钠离子污染及恢复测试10mlmin_旧版电解槽_ion_gamry_[10, 12, 14, 16].xlsx  times=[10, 12, 14, 16]
      → B(idx=140) 20241117_2ppm钠离子污染及恢复测试10mlmin_旧版电解槽_ion_gamry_[10, 12, 14, 16].xlsx  times=[10, 12, 14, 16]  dummy=True
  [32] A(idx=78) 20241117_2ppm钠离子污染及恢复测试10mlmin_旧版电解槽_ion_gamry_[30, 32, 34, 36].xlsx  times=[30, 32, 34, 36]
      → B(idx=78) 20241117_2ppm钠离子污染及恢复测试10mlmin_旧版电解槽_ion_gamry_[30, 32, 34, 36].xlsx  times=[30, 32, 34, 36]  dummy=True
  [33] A(idx=138) 20241211_2ppm铜离子污染及恢复测试80摄氏度_旧版电解槽_ion_gamry_[28, 30, 32, 34].xlsx  times=[28, 30, 32, 34]
      → B(idx=12) 20241211_2ppm铜离子污染及恢复测试80摄氏度_旧版电解槽_ion_gamry_[32, 34, 36, 38].xlsx  times=[32, 34, 36, 38]  dummy=False
  [34] A(idx=12) 20241211_2ppm铜离子污染及恢复测试80摄氏度_旧版电解槽_ion_gamry_[32, 34, 36, 38].xlsx  times=[32, 34, 36, 38]
      → B(idx=12) 20241211_2ppm铜离子污染及恢复测试80摄氏度_旧版电解槽_ion_gamry_[32, 34, 36, 38].xlsx  times=[32, 34, 36, 38]  dummy=True
  [35] A(idx=108) 20241211_2ppm铜离子污染及恢复测试80摄氏度_旧版电解槽_ion_gamry_[38, 40, 42, 44].xlsx  times=[38, 40, 42, 44]
      → B(idx=108) 20241211_2ppm铜离子污染及恢复测试80摄氏度_旧版电解槽_ion_gamry_[38, 40, 42, 44].xlsx  times=[38, 40, 42, 44]  dummy=True
  [36] A(idx=143) 20241213_2ppm钠离子污染及恢复测试_新版电解槽_ion_gamry_[0, 2, 4, 6].xlsx  times=[0, 2, 4, 6]
      → B(idx=143) 20241213_2ppm钠离子污染及恢复测试_新版电解槽_ion_gamry_[0, 2, 4, 6].xlsx  times=[0, 2, 4, 6]  dummy=True
  [37] A(idx=70) 20241213_2ppm钠离子污染及恢复测试_新版电解槽_ion_gamry_[2, 4, 6, 8].xlsx  times=[2, 4, 6, 8]
      → B(idx=70) 20241213_2ppm钠离子污染及恢复测试_新版电解槽_ion_gamry_[2, 4, 6, 8].xlsx  times=[2, 4, 6, 8]  dummy=True
  [38] A(idx=13) 20241213_2ppm钠离子污染及恢复测试_新版电解槽_ion_gamry_[22, 24, 26, 28].xlsx  times=[22, 24, 26, 28]
      → B(idx=13) 20241213_2ppm钠离子污染及恢复测试_新版电解槽_ion_gamry_[22, 24, 26, 28].xlsx  times=[22, 24, 26, 28]  dummy=True
  [39] A(idx=14) 20240822_10ppm铜离子污染测试_新版电解槽_ion_gamry_[10, 12, 14, 16].xlsx  times=[10, 12, 14, 16]
      → B(idx=14) 20240822_10ppm铜离子污染测试_新版电解槽_ion_gamry_[10, 12, 14, 16].xlsx  times=[10, 12, 14, 16]  dummy=True
  [40] A(idx=51) 20241112_2ppm钠离子污染和恢复测试80摄氏度_新版电解槽_ion_gamry_[28, 30, 32, 34].xlsx  times=[28, 30, 32, 34]
      → B(idx=51) 20241112_2ppm钠离子污染和恢复测试80摄氏度_新版电解槽_ion_gamry_[28, 30, 32, 34].xlsx  times=[28, 30, 32, 34]  dummy=True
  [41] A(idx=126) 20241112_2ppm钠离子污染和恢复测试80摄氏度_新版电解槽_ion_gamry_[34, 36, 38, 40].xlsx  times=[34, 36, 38, 40]
      → B(idx=126) 20241112_2ppm钠离子污染和恢复测试80摄氏度_新版电解槽_ion_gamry_[34, 36, 38, 40].xlsx  times=[34, 36, 38, 40]  dummy=True
  [42] A(idx=15) 20241112_2ppm钠离子污染和恢复测试80摄氏度_新版电解槽_ion_gamry_[36, 38, 40, 42].xlsx  times=[36, 38, 40, 42]
      → B(idx=15) 20241112_2ppm钠离子污染和恢复测试80摄氏度_新版电解槽_ion_gamry_[36, 38, 40, 42].xlsx  times=[36, 38, 40, 42]  dummy=True
  [43] A(idx=16) 20240831_10ppm镍离子污染测试_新版电解槽_ion_column_gamry_[0, 2, 4, 6].xlsx  times=[0, 2, 4, 6]
      → B(idx=16) 20240831_10ppm镍离子污染测试_新版电解槽_ion_column_gamry_[0, 2, 4, 6].xlsx  times=[0, 2, 4, 6]  dummy=True
  [44] A(idx=17) 20241112_2ppm镍离子污染及恢复测试_旧版电解槽_ion_column_gamry_[12, 14, 16, 18].xlsx  times=[12, 14, 16, 18]
      → B(idx=17) 20241112_2ppm镍离子污染及恢复测试_旧版电解槽_ion_column_gamry_[12, 14, 16, 18].xlsx  times=[12, 14, 16, 18]  dummy=True
  [45] A(idx=18) 20241013_2ppm铝离子污染测试_新版电解槽_ion_column_firecloud_[8, 10, 12, 14].xlsx  times=[8, 10, 12, 14]
      → B(idx=18) 20241013_2ppm铝离子污染测试_新版电解槽_ion_column_firecloud_[8, 10, 12, 14].xlsx  times=[8, 10, 12, 14]  dummy=True
  [46] A(idx=90) 20241013_2ppm铝离子污染测试_新版电解槽_ion_column_firecloud_[16, 18, 20, 22].xlsx  times=[16, 18, 20, 22]
      → B(idx=90) 20241013_2ppm铝离子污染测试_新版电解槽_ion_column_firecloud_[16, 18, 20, 22].xlsx  times=[16, 18, 20, 22]  dummy=True
  [47] A(idx=19) 20241024_2ppm铁离子污染和恢复测试_新版电解槽_ion_column_firecloud_[2, 4, 6, 8].xlsx  times=[2, 4, 6, 8]
      → B(idx=19) 20241024_2ppm铁离子污染和恢复测试_新版电解槽_ion_column_firecloud_[2, 4, 6, 8].xlsx  times=[2, 4, 6, 8]  dummy=True
  [48] A(idx=56) 20241024_2ppm铁离子污染和恢复测试_新版电解槽_ion_column_firecloud_[10, 12, 14, 16].xlsx  times=[10, 12, 14, 16]
      → B(idx=56) 20241024_2ppm铁离子污染和恢复测试_新版电解槽_ion_column_firecloud_[10, 12, 14, 16].xlsx  times=[10, 12, 14, 16]  dummy=True
  [49] A(idx=67) 20241024_2ppm铁离子污染和恢复测试_新版电解槽_ion_column_firecloud_[18, 20, 22, 24].xlsx  times=[18, 20, 22, 24]
      → B(idx=67) 20241024_2ppm铁离子污染和恢复测试_新版电解槽_ion_column_firecloud_[18, 20, 22, 24].xlsx  times=[18, 20, 22, 24]  dummy=True
  [50] A(idx=21) 20240918_2ppm钙离子污染测试_新版电解槽_ion_column_gamry_[2, 4, 6, 8].xlsx  times=[2, 4, 6, 8]
      → B(idx=21) 20240918_2ppm钙离子污染测试_新版电解槽_ion_column_gamry_[2, 4, 6, 8].xlsx  times=[2, 4, 6, 8]  dummy=True

[PairDataset][Summary]
- total files:        146
- parsed OK:          146
- regex fail:         0
- parse times fail:   0
- empty times:        0
- total pairs:        146  (keep_unpaired=self)
- distinct prefixes:  77
- prefixes coverage (first few):
  [1] 20240918_2ppm钙离子污染测试_新版电解槽_ion_gamry_[* -> windows=2, adj_pairs=0/1
  [2] 20241028_2ppm钠离子污染和恢复测试_旧版电解槽_ion_column_renew_H2SO4_gamry_[* -> windows=2, adj_pairs=0/1
  [3] 20241010_2ppm钠离子污染测试_新版电解槽_ion_column_firecloud_[* -> windows=2, adj_pairs=0/1
  [4] 20241101_2ppm铜离子污染和恢复测试_旧版电解槽_ion_firecloud_[* -> windows=3, adj_pairs=0/2
  [5] 20240831_10ppm镍离子污染测试_新版电解槽_ion_gamry_[* -> windows=4, adj_pairs=0/3
  [6] 20241122_2ppm铜离子污染及恢复测试40摄氏度_新版电解槽_ion_column_renew_H2SO4_gamry_[* -> windows=1, adj_pairs=0/0
  [7] 20241010_2ppm钠离子污染测试_新版电解槽_ion_firecloud_[* -> windows=4, adj_pairs=0/3
  [8] 20241029_2ppm铁离子污染和恢复测试_新版电解槽_ion_firecloud_[* -> windows=4, adj_pairs=0/3
  [9] 20241227_10ppm铜离子污染及恢复测试_旧版电解槽_ion_column_renew_H2SO4_gamry_[* -> windows=3, adj_pairs=0/2
  [10] 20241017_2ppm铬离子污染和恢复测试_新版电解槽_ion_gamry_[* -> windows=2, adj_pairs=0/1
- unadjacent gaps samples: 131 (showing first 0)
num base train samples: 706
num base val   samples: 146
num pair train samples: 706
num pair val   samples: 146
dummy_mask[0] = False
🧩 新模型: 400,403 参数 (400,403 可训练)
📝 TensorBoard 日志目录: /home/kudouzala/Application/ion_detect/output/tensorboard/exp_new_f
🔥 Warmup: 100 epochs (LR × 0.01 → 1.0)
📈 Cosine Annealing LR 调度 (T_max=900)
[New] Epoch 1/1000 | classify: 5.0233 | voltage: 6.7406 | conc: 0.0008 | consistency: 0.5186 | polarity: 1.9065 | monodec: 0.0954 | rule: 212.5310 | group: 2.3349 | tree: 5.8102 | total: 5.4721
[New] Epoch 2/1000 | classify: 4.3694 | voltage: 6.5170 | conc: 0.0007 | consistency: 0.4896 | polarity: 1.8839 | monodec: 0.0794 | rule: 222.1194 | group: 2.2649 | tree: 5.7766 | total: 4.8117
[New] Epoch 3/1000 | classify: 4.1513 | voltage: 6.1700 | conc: 0.0007 | consistency: 0.5112 | polarity: 1.9041 | monodec: 0.0891 | rule: 216.3803 | group: 2.2778 | tree: 5.7913 | total: 4.5734
[New] Epoch 4/1000 | classify: 3.8538 | voltage: 5.8036 | conc: 0.0006 | consistency: 0.4996 | polarity: 1.9076 | monodec: 0.0980 | rule: 235.3741 | group: 2.0087 | tree: 5.3474 | total: 4.2666
[New] Epoch 5/1000 | classify: 3.8196 | voltage: 5.2619 | conc: 0.0004 | consistency: 0.5091 | polarity: 1.9935 | monodec: 0.0881 | rule: 222.3311 | group: 2.0631 | tree: 5.4572 | total: 4.1988
[New] Epoch 6/1000 | classify: 3.6760 | voltage: 4.8695 | conc: 0.0007 | consistency: 0.4938 | polarity: 2.2125 | monodec: 0.0928 | rule: 239.8144 | group: 2.2562 | tree: 5.4362 | total: 4.0446
[New] Epoch 7/1000 | classify: 3.5770 | voltage: 4.5652 | conc: 0.0008 | consistency: 0.4738 | polarity: 2.2778 | monodec: 0.0802 | rule: 238.9196 | group: 2.1256 | tree: 5.7670 | total: 3.9302
[New] Epoch 8/1000 | classify: 3.3597 | voltage: 4.2225 | conc: 0.0006 | consistency: 0.4858 | polarity: 2.3721 | monodec: 0.0889 | rule: 225.9425 | group: 2.2385 | tree: 5.6924 | total: 3.6891
[New] Epoch 9/1000 | classify: 3.3853 | voltage: 3.9412 | conc: 0.0004 | consistency: 0.4691 | polarity: 2.3627 | monodec: 0.0856 | rule: 219.8949 | group: 2.1125 | tree: 5.2530 | total: 3.6972
[New] Epoch 10/1000 | classify: 3.2978 | voltage: 3.5467 | conc: 0.0005 | consistency: 0.4659 | polarity: 2.3465 | monodec: 0.0767 | rule: 236.5326 | group: 2.0675 | tree: 5.3372 | total: 3.5984
--- 验证集 [epoch 10] ---
  准确率 (Accuracy):  0.6096
  精确率 (Precision): 0.2680
  召回率 (Recall):    0.3447
  F1 分数 (F1):       0.2976
✅ 模型已保存到 /home/kudouzala/Application/ion_detect/output/trained_model_save/exp_new_f/trained_model_epoch_best.pth
  🏆 新最佳 F1=0.2976，已保存 best 模型
[New] Epoch 11/1000 | classify: 3.5039 | voltage: 3.3310 | conc: 0.0007 | consistency: 0.4569 | polarity: 2.4289 | monodec: 0.0839 | rule: 245.7819 | group: 2.1210 | tree: 5.8356 | total: 3.7988
[New] Epoch 12/1000 | classify: 3.1459 | voltage: 3.1090 | conc: 0.0009 | consistency: 0.4523 | polarity: 2.3342 | monodec: 0.0838 | rule: 220.4988 | group: 2.0357 | tree: 5.7077 | total: 3.4171
[New] Epoch 13/1000 | classify: 3.4852 | voltage: 2.8268 | conc: 0.0003 | consistency: 0.4459 | polarity: 2.3541 | monodec: 0.0825 | rule: 230.1595 | group: 2.0456 | tree: 5.4017 | total: 3.7464
[New] Epoch 14/1000 | classify: 3.3792 | voltage: 2.5855 | conc: 0.0009 | consistency: 0.4207 | polarity: 2.4118 | monodec: 0.0716 | rule: 248.9566 | group: 2.0974 | tree: 5.5976 | total: 3.6385
[New] Epoch 15/1000 | classify: 3.3121 | voltage: 2.4498 | conc: 0.0008 | consistency: 0.4286 | polarity: 2.4982 | monodec: 0.0861 | rule: 218.9957 | group: 2.1040 | tree: 5.5468 | total: 3.5494
[New] Epoch 16/1000 | classify: 3.2958 | voltage: 2.0984 | conc: 0.0006 | consistency: 0.4143 | polarity: 2.4849 | monodec: 0.0749 | rule: 253.6856 | group: 1.8894 | tree: 5.4161 | total: 3.5326
[New] Epoch 17/1000 | classify: 3.2764 | voltage: 1.9967 | conc: 0.0009 | consistency: 0.4075 | polarity: 2.3899 | monodec: 0.0721 | rule: 214.0789 | group: 2.1424 | tree: 5.7796 | total: 3.4888
[New] Epoch 18/1000 | classify: 3.2173 | voltage: 1.8173 | conc: 0.0009 | consistency: 0.4012 | polarity: 2.5520 | monodec: 0.0705 | rule: 234.6127 | group: 1.9605 | tree: 5.6256 | total: 3.4309
[New] Epoch 19/1000 | classify: 2.9381 | voltage: 1.7384 | conc: 0.0004 | consistency: 0.3957 | polarity: 2.3786 | monodec: 0.0726 | rule: 214.4592 | group: 1.8701 | tree: 5.2179 | total: 3.1369
[New] Epoch 20/1000 | classify: 3.0810 | voltage: 1.5430 | conc: 0.0007 | consistency: 0.3829 | polarity: 2.4321 | monodec: 0.0662 | rule: 224.3068 | group: 1.9412 | tree: 5.4442 | total: 3.2754
--- 验证集 [epoch 20] ---
  准确率 (Accuracy):  0.5548
  精确率 (Precision): 0.2685
  召回率 (Recall):    0.3291
  F1 分数 (F1):       0.2787
[New] Epoch 21/1000 | classify: 3.1505 | voltage: 1.4281 | conc: 0.0005 | consistency: 0.3873 | polarity: 2.5687 | monodec: 0.0739 | rule: 215.1291 | group: 1.9490 | tree: 5.4948 | total: 3.3345
[New] Epoch 22/1000 | classify: 3.0462 | voltage: 1.3380 | conc: 0.0003 | consistency: 0.3707 | polarity: 2.7421 | monodec: 0.0674 | rule: 204.0087 | group: 1.9521 | tree: 5.4837 | total: 3.2200
[New] Epoch 23/1000 | classify: 3.1061 | voltage: 1.2242 | conc: 0.0005 | consistency: 0.3709 | polarity: 2.7241 | monodec: 0.0708 | rule: 221.8691 | group: 1.8777 | tree: 5.3016 | total: 3.2830
[New] Epoch 24/1000 | classify: 3.1868 | voltage: 1.1408 | conc: 0.0005 | consistency: 0.3701 | polarity: 2.7086 | monodec: 0.0744 | rule: 226.9532 | group: 1.9466 | tree: 5.5591 | total: 3.3624
[New] Epoch 25/1000 | classify: 3.0322 | voltage: 1.0951 | conc: 0.0003 | consistency: 0.3532 | polarity: 2.7979 | monodec: 0.0688 | rule: 231.4245 | group: 1.8409 | tree: 5.3284 | total: 3.2073
[New] Epoch 26/1000 | classify: 2.9986 | voltage: 1.0580 | conc: 0.0006 | consistency: 0.3604 | polarity: 2.9110 | monodec: 0.0795 | rule: 211.7146 | group: 1.9271 | tree: 5.2813 | total: 3.1624
[New] Epoch 27/1000 | classify: 2.7722 | voltage: 0.9483 | conc: 0.0006 | consistency: 0.3319 | polarity: 2.7761 | monodec: 0.0636 | rule: 215.0069 | group: 1.7864 | tree: 5.0661 | total: 2.9320
[New] Epoch 28/1000 | classify: 3.0639 | voltage: 0.8961 | conc: 0.0005 | consistency: 0.3348 | polarity: 2.8403 | monodec: 0.0608 | rule: 245.6955 | group: 1.8648 | tree: 5.5328 | total: 3.2365
[New] Epoch 29/1000 | classify: 2.9713 | voltage: 0.8120 | conc: 0.0007 | consistency: 0.3349 | polarity: 3.0486 | monodec: 0.0689 | rule: 244.7053 | group: 1.7968 | tree: 5.4946 | total: 3.1394
[New] Epoch 30/1000 | classify: 3.0679 | voltage: 0.7916 | conc: 0.0008 | consistency: 0.3265 | polarity: 3.0053 | monodec: 0.0642 | rule: 223.4343 | group: 1.9821 | tree: 5.4055 | total: 3.2245
--- 验证集 [epoch 30] ---
  准确率 (Accuracy):  0.6849
  精确率 (Precision): 0.6125
  召回率 (Recall):    0.5516
  F1 分数 (F1):       0.5346
✅ 模型已保存到 /home/kudouzala/Application/ion_detect/output/trained_model_save/exp_new_f/trained_model_epoch_best.pth
  🏆 新最佳 F1=0.5346，已保存 best 模型
[New] Epoch 31/1000 | classify: 2.9441 | voltage: 0.7441 | conc: 0.0005 | consistency: 0.3292 | polarity: 3.0120 | monodec: 0.0687 | rule: 232.4610 | group: 1.7983 | tree: 5.2466 | total: 3.1024
[New] Epoch 32/1000 | classify: 2.9376 | voltage: 0.7016 | conc: 0.0006 | consistency: 0.3222 | polarity: 3.1130 | monodec: 0.0645 | rule: 229.1514 | group: 1.8418 | tree: 5.5905 | total: 3.0924
[New] Epoch 33/1000 | classify: 2.7384 | voltage: 0.6582 | conc: 0.0008 | consistency: 0.3221 | polarity: 2.9831 | monodec: 0.0701 | rule: 227.8343 | group: 1.8134 | tree: 5.2392 | total: 2.8903
[New] Epoch 34/1000 | classify: 2.7020 | voltage: 0.6213 | conc: 0.0005 | consistency: 0.3240 | polarity: 2.9177 | monodec: 0.0688 | rule: 209.2034 | group: 1.7924 | tree: 5.5263 | total: 2.8426
[New] Epoch 35/1000 | classify: 2.9805 | voltage: 0.5949 | conc: 0.0006 | consistency: 0.3102 | polarity: 3.0574 | monodec: 0.0658 | rule: 214.3576 | group: 1.8283 | tree: 5.4540 | total: 3.1224
[New] Epoch 36/1000 | classify: 2.5047 | voltage: 0.5510 | conc: 0.0008 | consistency: 0.3138 | polarity: 2.9775 | monodec: 0.0663 | rule: 199.5411 | group: 1.8285 | tree: 5.2089 | total: 2.6371
[New] Epoch 37/1000 | classify: 2.6982 | voltage: 0.5386 | conc: 0.0007 | consistency: 0.3160 | polarity: 3.0345 | monodec: 0.0674 | rule: 210.1471 | group: 1.7908 | tree: 5.2755 | total: 2.8352
[New] Epoch 38/1000 | classify: 2.7160 | voltage: 0.5370 | conc: 0.0004 | consistency: 0.3022 | polarity: 2.9715 | monodec: 0.0575 | rule: 217.4560 | group: 1.7842 | tree: 5.2319 | total: 2.8563
[New] Epoch 39/1000 | classify: 2.7450 | voltage: 0.4920 | conc: 0.0007 | consistency: 0.3055 | polarity: 3.4283 | monodec: 0.0652 | rule: 233.5111 | group: 1.7620 | tree: 4.9090 | total: 2.8912
[New] Epoch 40/1000 | classify: 2.6884 | voltage: 0.4637 | conc: 0.0006 | consistency: 0.2943 | polarity: 3.3213 | monodec: 0.0625 | rule: 214.6109 | group: 1.8450 | tree: 5.3600 | total: 2.8239
--- 验证集 [epoch 40] ---
  准确率 (Accuracy):  0.6849
  精确率 (Precision): 0.5096
  召回率 (Recall):    0.5114
  F1 分数 (F1):       0.4945
[New] Epoch 41/1000 | classify: 2.6257 | voltage: 0.4225 | conc: 0.0007 | consistency: 0.3153 | polarity: 3.3802 | monodec: 0.0711 | rule: 201.4289 | group: 1.8292 | tree: 5.4592 | total: 2.7527
[New] Epoch 42/1000 | classify: 2.6442 | voltage: 0.3993 | conc: 0.0007 | consistency: 0.2994 | polarity: 3.4426 | monodec: 0.0676 | rule: 217.6145 | group: 1.8016 | tree: 5.3851 | total: 2.7782
[New] Epoch 43/1000 | classify: 2.6786 | voltage: 0.3936 | conc: 0.0005 | consistency: 0.2890 | polarity: 3.4707 | monodec: 0.0618 | rule: 197.0209 | group: 1.7727 | tree: 5.0941 | total: 2.8016
[New] Epoch 44/1000 | classify: 2.7596 | voltage: 0.3498 | conc: 0.0005 | consistency: 0.2964 | polarity: 3.6041 | monodec: 0.0684 | rule: 238.8048 | group: 1.8055 | tree: 5.6030 | total: 2.9016
[New] Epoch 45/1000 | classify: 2.6746 | voltage: 0.3204 | conc: 0.0009 | consistency: 0.2830 | polarity: 3.6242 | monodec: 0.0581 | rule: 209.8180 | group: 1.7338 | tree: 5.2335 | total: 2.8007
[New] Epoch 46/1000 | classify: 2.6647 | voltage: 0.3339 | conc: 0.0004 | consistency: 0.2795 | polarity: 3.5753 | monodec: 0.0621 | rule: 227.8536 | group: 1.7388 | tree: 5.2061 | total: 2.8001
[New] Epoch 47/1000 | classify: 2.8100 | voltage: 0.3118 | conc: 0.0006 | consistency: 0.2885 | polarity: 3.2672 | monodec: 0.0659 | rule: 212.1878 | group: 1.7955 | tree: 5.3640 | total: 2.9367
[New] Epoch 48/1000 | classify: 2.5965 | voltage: 0.3104 | conc: 0.0006 | consistency: 0.2870 | polarity: 3.6310 | monodec: 0.0649 | rule: 216.2770 | group: 1.8125 | tree: 5.0946 | total: 2.7251
[New] Epoch 49/1000 | classify: 2.5700 | voltage: 0.2988 | conc: 0.0006 | consistency: 0.2662 | polarity: 3.6041 | monodec: 0.0549 | rule: 225.9951 | group: 1.7451 | tree: 5.2488 | total: 2.7029
[New] Epoch 50/1000 | classify: 2.6857 | voltage: 0.2790 | conc: 0.0005 | consistency: 0.3012 | polarity: 3.5845 | monodec: 0.0775 | rule: 218.8691 | group: 1.7848 | tree: 5.1828 | total: 2.8139
--- 验证集 [epoch 50] ---
  准确率 (Accuracy):  0.7192
  精确率 (Precision): 0.5121
  召回率 (Recall):    0.5490
  F1 分数 (F1):       0.5163
✅ 模型已保存到 /home/kudouzala/Application/ion_detect/output/trained_model_save/exp_new_f/trained_model_epoch_50.pth
📁 损失值已保存到 /home/kudouzala/Application/ion_detect/output/trained_model_save/exp_new_f/training_loss_epoch_50.csv
[New] Epoch 51/1000 | classify: 2.4917 | voltage: 0.2665 | conc: 0.0005 | consistency: 0.2870 | polarity: 3.4480 | monodec: 0.0653 | rule: 224.6908 | group: 1.6728 | tree: 5.0705 | total: 2.6221
[New] Epoch 52/1000 | classify: 2.4561 | voltage: 0.2637 | conc: 0.0005 | consistency: 0.2762 | polarity: 3.4084 | monodec: 0.0603 | rule: 189.6438 | group: 1.6918 | tree: 5.0547 | total: 2.5688
[New] Epoch 53/1000 | classify: 2.2616 | voltage: 0.2404 | conc: 0.0004 | consistency: 0.2770 | polarity: 3.3837 | monodec: 0.0601 | rule: 217.4103 | group: 1.6042 | tree: 4.7504 | total: 2.3867
[New] Epoch 54/1000 | classify: 2.4233 | voltage: 0.2490 | conc: 0.0007 | consistency: 0.2893 | polarity: 3.3344 | monodec: 0.0663 | rule: 234.1888 | group: 1.6652 | tree: 4.9690 | total: 2.5577
[New] Epoch 55/1000 | classify: 2.4501 | voltage: 0.2510 | conc: 0.0004 | consistency: 0.2779 | polarity: 3.3489 | monodec: 0.0593 | rule: 185.4799 | group: 1.6384 | tree: 4.9631 | total: 2.5600
[New] Epoch 56/1000 | classify: 2.4320 | voltage: 0.2464 | conc: 0.0006 | consistency: 0.2747 | polarity: 3.5280 | monodec: 0.0614 | rule: 212.2998 | group: 1.7043 | tree: 5.0758 | total: 2.5553
[New] Epoch 57/1000 | classify: 2.6245 | voltage: 0.2257 | conc: 0.0006 | consistency: 0.2802 | polarity: 3.6869 | monodec: 0.0659 | rule: 249.6988 | group: 1.7057 | tree: 5.1525 | total: 2.7656
[New] Epoch 58/1000 | classify: 2.5049 | voltage: 0.2327 | conc: 0.0005 | consistency: 0.2813 | polarity: 3.5131 | monodec: 0.0701 | rule: 240.4180 | group: 1.6278 | tree: 4.8636 | total: 2.6413
[New] Epoch 59/1000 | classify: 2.5254 | voltage: 0.2265 | conc: 0.0006 | consistency: 0.2740 | polarity: 3.7594 | monodec: 0.0667 | rule: 218.0273 | group: 1.7075 | tree: 5.2571 | total: 2.6507
[New] Epoch 60/1000 | classify: 2.4119 | voltage: 0.2296 | conc: 0.0006 | consistency: 0.2814 | polarity: 3.8273 | monodec: 0.0675 | rule: 215.9306 | group: 1.6829 | tree: 4.9847 | total: 2.5362
--- 验证集 [epoch 60] ---
  准确率 (Accuracy):  0.6986
  精确率 (Precision): 0.5781
  召回率 (Recall):    0.5626
  F1 分数 (F1):       0.5346
✅ 模型已保存到 /home/kudouzala/Application/ion_detect/output/trained_model_save/exp_new_f/trained_model_epoch_best.pth
  🏆 新最佳 F1=0.5346，已保存 best 模型
[New] Epoch 61/1000 | classify: 2.1879 | voltage: 0.2390 | conc: 0.0006 | consistency: 0.2709 | polarity: 3.6915 | monodec: 0.0649 | rule: 202.1542 | group: 1.6603 | tree: 5.0172 | total: 2.3058
[New] Epoch 62/1000 | classify: 2.4578 | voltage: 0.2208 | conc: 0.0004 | consistency: 0.2684 | polarity: 3.7290 | monodec: 0.0676 | rule: 236.5919 | group: 1.6839 | tree: 5.1985 | total: 2.5919
[New] Epoch 63/1000 | classify: 2.2253 | voltage: 0.2285 | conc: 0.0006 | consistency: 0.2644 | polarity: 3.5965 | monodec: 0.0569 | rule: 238.5794 | group: 1.6572 | tree: 5.0877 | total: 2.3609
[New] Epoch 64/1000 | classify: 2.1891 | voltage: 0.2305 | conc: 0.0007 | consistency: 0.2720 | polarity: 3.8131 | monodec: 0.0631 | rule: 242.0485 | group: 1.7081 | tree: 5.2477 | total: 2.3268
[New] Epoch 65/1000 | classify: 2.4321 | voltage: 0.2360 | conc: 0.0004 | consistency: 0.2628 | polarity: 3.6185 | monodec: 0.0618 | rule: 218.6214 | group: 1.6873 | tree: 5.1903 | total: 2.5579
[New] Epoch 66/1000 | classify: 2.3657 | voltage: 0.2415 | conc: 0.0008 | consistency: 0.2648 | polarity: 3.6312 | monodec: 0.0583 | rule: 197.8534 | group: 1.6899 | tree: 5.1853 | total: 2.4818
[New] Epoch 67/1000 | classify: 2.3558 | voltage: 0.2100 | conc: 0.0004 | consistency: 0.2781 | polarity: 3.7690 | monodec: 0.0625 | rule: 226.7458 | group: 1.6238 | tree: 4.9201 | total: 2.4842
[New] Epoch 68/1000 | classify: 2.1652 | voltage: 0.2048 | conc: 0.0003 | consistency: 0.2674 | polarity: 3.5612 | monodec: 0.0551 | rule: 231.5114 | group: 1.6082 | tree: 4.9367 | total: 2.2957
[New] Epoch 69/1000 | classify: 2.5153 | voltage: 0.2158 | conc: 0.0004 | consistency: 0.2704 | polarity: 3.7177 | monodec: 0.0564 | rule: 215.5370 | group: 1.7460 | tree: 5.2627 | total: 2.6387
[New] Epoch 70/1000 | classify: 2.2524 | voltage: 0.2133 | conc: 0.0006 | consistency: 0.2800 | polarity: 3.6948 | monodec: 0.0638 | rule: 217.0565 | group: 1.7482 | tree: 5.3950 | total: 2.3767
--- 验证集 [epoch 70] ---
  准确率 (Accuracy):  0.7740
  精确率 (Precision): 0.6901
  召回率 (Recall):    0.6357
  F1 分数 (F1):       0.6512
✅ 模型已保存到 /home/kudouzala/Application/ion_detect/output/trained_model_save/exp_new_f/trained_model_epoch_best.pth
  🏆 新最佳 F1=0.6512，已保存 best 模型
[New] Epoch 71/1000 | classify: 2.1264 | voltage: 0.2103 | conc: 0.0003 | consistency: 0.2638 | polarity: 3.5226 | monodec: 0.0564 | rule: 235.2072 | group: 1.6267 | tree: 4.9535 | total: 2.2590
[New] Epoch 72/1000 | classify: 2.2416 | voltage: 0.3326 | conc: 0.0005 | consistency: 0.2700 | polarity: 3.7173 | monodec: 0.0585 | rule: 205.3141 | group: 1.6139 | tree: 4.8675 | total: 2.3656
[New] Epoch 73/1000 | classify: 2.1834 | voltage: 0.3150 | conc: 0.0007 | consistency: 0.2685 | polarity: 3.8037 | monodec: 0.0573 | rule: 220.5308 | group: 1.7020 | tree: 5.2286 | total: 2.3145
[New] Epoch 74/1000 | classify: 2.1092 | voltage: 0.2496 | conc: 0.0004 | consistency: 0.2525 | polarity: 3.6437 | monodec: 0.0473 | rule: 222.1317 | group: 1.6931 | tree: 5.3077 | total: 2.2375
[New] Epoch 75/1000 | classify: 2.2042 | voltage: 0.2430 | conc: 0.0006 | consistency: 0.2649 | polarity: 3.7255 | monodec: 0.0618 | rule: 203.4527 | group: 1.6663 | tree: 5.0762 | total: 2.3229
[New] Epoch 76/1000 | classify: 2.1871 | voltage: 0.2397 | conc: 0.0007 | consistency: 0.2687 | polarity: 3.7746 | monodec: 0.0686 | rule: 230.0938 | group: 1.6820 | tree: 5.0024 | total: 2.3191
[New] Epoch 77/1000 | classify: 2.0715 | voltage: 0.2218 | conc: 0.0005 | consistency: 0.2639 | polarity: 3.7983 | monodec: 0.0576 | rule: 221.3263 | group: 1.6680 | tree: 4.8316 | total: 2.1979
[New] Epoch 78/1000 | classify: 1.9776 | voltage: 0.2233 | conc: 0.0005 | consistency: 0.2645 | polarity: 3.6665 | monodec: 0.0571 | rule: 203.9420 | group: 1.5995 | tree: 4.7533 | total: 2.0953
[New] Epoch 79/1000 | classify: 2.2094 | voltage: 0.2076 | conc: 0.0007 | consistency: 0.2454 | polarity: 3.7980 | monodec: 0.0527 | rule: 215.4856 | group: 1.7196 | tree: 5.2313 | total: 2.3326
[New] Epoch 80/1000 | classify: 1.9795 | voltage: 0.2029 | conc: 0.0006 | consistency: 0.2441 | polarity: 3.6198 | monodec: 0.0513 | rule: 197.4762 | group: 1.5836 | tree: 4.6127 | total: 2.0929
--- 验证集 [epoch 80] ---
  准确率 (Accuracy):  0.7123
  精确率 (Precision): 0.5962
  召回率 (Recall):    0.5789
  F1 分数 (F1):       0.5641
[New] Epoch 81/1000 | classify: 1.9909 | voltage: 0.1907 | conc: 0.0006 | consistency: 0.2502 | polarity: 3.5648 | monodec: 0.0538 | rule: 217.4331 | group: 1.6160 | tree: 4.7450 | total: 2.1138
[New] Epoch 82/1000 | classify: 1.9762 | voltage: 0.1758 | conc: 0.0005 | consistency: 0.2329 | polarity: 3.5087 | monodec: 0.0442 | rule: 221.9498 | group: 1.6218 | tree: 4.8455 | total: 2.1006
[New] Epoch 83/1000 | classify: 2.0777 | voltage: 0.1772 | conc: 0.0008 | consistency: 0.2512 | polarity: 3.5831 | monodec: 0.0545 | rule: 241.4661 | group: 1.6640 | tree: 5.2433 | total: 2.2124
[New] Epoch 84/1000 | classify: 2.1851 | voltage: 0.1974 | conc: 0.0009 | consistency: 0.2315 | polarity: 3.6267 | monodec: 0.0469 | rule: 217.5390 | group: 1.7098 | tree: 5.1214 | total: 2.3090
[New] Epoch 85/1000 | classify: 2.2899 | voltage: 0.2002 | conc: 0.0004 | consistency: 0.2341 | polarity: 3.5486 | monodec: 0.0471 | rule: 222.2698 | group: 1.6956 | tree: 5.1234 | total: 2.4157
[New] Epoch 86/1000 | classify: 2.0673 | voltage: 0.2066 | conc: 0.0004 | consistency: 0.2538 | polarity: 3.2435 | monodec: 0.0548 | rule: 223.5651 | group: 1.5785 | tree: 4.6429 | total: 2.1937
[New] Epoch 87/1000 | classify: 1.9928 | voltage: 0.2082 | conc: 0.0005 | consistency: 0.2373 | polarity: 3.3182 | monodec: 0.0455 | rule: 235.1796 | group: 1.6558 | tree: 4.9725 | total: 2.1255
[New] Epoch 88/1000 | classify: 2.1494 | voltage: 0.1870 | conc: 0.0006 | consistency: 0.2377 | polarity: 3.4721 | monodec: 0.0447 | rule: 249.5101 | group: 1.6870 | tree: 5.2696 | total: 2.2884
[New] Epoch 89/1000 | classify: 1.7711 | voltage: 0.1919 | conc: 0.0006 | consistency: 0.2375 | polarity: 3.1188 | monodec: 0.0427 | rule: 239.6513 | group: 1.5032 | tree: 4.3249 | total: 1.9049
[New] Epoch 90/1000 | classify: 1.9578 | voltage: 0.2021 | conc: 0.0005 | consistency: 0.2396 | polarity: 3.2121 | monodec: 0.0477 | rule: 232.3330 | group: 1.6246 | tree: 4.9086 | total: 2.0887
--- 验证集 [epoch 90] ---
  准确率 (Accuracy):  0.7123
  精确率 (Precision): 0.6200
  召回率 (Recall):    0.6340
  F1 分数 (F1):       0.6108
[New] Epoch 91/1000 | classify: 2.0707 | voltage: 0.1997 | conc: 0.0007 | consistency: 0.2346 | polarity: 3.3193 | monodec: 0.0459 | rule: 233.0899 | group: 1.7086 | tree: 5.4083 | total: 2.2023
[New] Epoch 92/1000 | classify: 2.0813 | voltage: 0.2020 | conc: 0.0006 | consistency: 0.2339 | polarity: 3.3804 | monodec: 0.0475 | rule: 200.2125 | group: 1.7204 | tree: 5.3657 | total: 2.1965
[New] Epoch 93/1000 | classify: 2.0951 | voltage: 0.1890 | conc: 0.0007 | consistency: 0.2480 | polarity: 3.3184 | monodec: 0.0526 | rule: 211.2543 | group: 1.7292 | tree: 5.3040 | total: 2.2152
[New] Epoch 94/1000 | classify: 1.8844 | voltage: 0.2080 | conc: 0.0006 | consistency: 0.2435 | polarity: 3.2578 | monodec: 0.0484 | rule: 222.6460 | group: 1.7414 | tree: 5.1511 | total: 2.0111
[New] Epoch 95/1000 | classify: 1.7858 | voltage: 0.1964 | conc: 0.0003 | consistency: 0.2403 | polarity: 3.0314 | monodec: 0.0453 | rule: 217.0854 | group: 1.5352 | tree: 4.7064 | total: 1.9083
[New] Epoch 96/1000 | classify: 1.8585 | voltage: 0.1826 | conc: 0.0006 | consistency: 0.2331 | polarity: 3.1310 | monodec: 0.0452 | rule: 210.8735 | group: 1.6167 | tree: 4.9734 | total: 1.9777
[New] Epoch 97/1000 | classify: 1.8382 | voltage: 0.1888 | conc: 0.0006 | consistency: 0.2304 | polarity: 3.0426 | monodec: 0.0406 | rule: 220.8487 | group: 1.6062 | tree: 4.7689 | total: 1.9625
[New] Epoch 98/1000 | classify: 1.9219 | voltage: 0.2032 | conc: 0.0006 | consistency: 0.2269 | polarity: 3.1840 | monodec: 0.0389 | rule: 232.5512 | group: 1.7563 | tree: 5.1079 | total: 2.0531
[New] Epoch 99/1000 | classify: 1.9211 | voltage: 0.2019 | conc: 0.0006 | consistency: 0.2257 | polarity: 3.0543 | monodec: 0.0439 | rule: 198.7423 | group: 1.6498 | tree: 4.9449 | total: 2.0352
[New] Epoch 100/1000 | classify: 2.1252 | voltage: 0.2033 | conc: 0.0008 | consistency: 0.2352 | polarity: 3.1609 | monodec: 0.0450 | rule: 225.5451 | group: 1.7549 | tree: 5.4527 | total: 2.2533
--- 验证集 [epoch 100] ---
  准确率 (Accuracy):  0.7603
  精确率 (Precision): 0.6827
  召回率 (Recall):    0.6157
  F1 分数 (F1):       0.6363
✅ 模型已保存到 /home/kudouzala/Application/ion_detect/output/trained_model_save/exp_new_f/trained_model_epoch_100.pth
📁 损失值已保存到 /home/kudouzala/Application/ion_detect/output/trained_model_save/exp_new_f/training_loss_epoch_100.csv
[New] Epoch 101/1000 | classify: 1.7171 | voltage: 0.2044 | conc: 0.0005 | consistency: 0.2235 | polarity: 2.9435 | monodec: 0.0397 | rule: 221.4661 | group: 1.5668 | tree: 4.6763 | total: 1.8424
[New] Epoch 102/1000 | classify: 1.8814 | voltage: 0.1902 | conc: 0.0005 | consistency: 0.2140 | polarity: 2.8942 | monodec: 0.0331 | rule: 217.8765 | group: 1.5899 | tree: 4.8285 | total: 2.0043
[New] Epoch 103/1000 | classify: 1.9694 | voltage: 0.2053 | conc: 0.0006 | consistency: 0.2188 | polarity: 2.9356 | monodec: 0.0376 | rule: 220.0560 | group: 1.6107 | tree: 4.7393 | total: 2.0942
[New] Epoch 104/1000 | classify: 1.7400 | voltage: 0.1948 | conc: 0.0006 | consistency: 0.2197 | polarity: 2.9658 | monodec: 0.0389 | rule: 225.6576 | group: 1.7059 | tree: 5.0265 | total: 1.8673
[New] Epoch 105/1000 | classify: 1.7488 | voltage: 0.1913 | conc: 0.0005 | consistency: 0.2185 | polarity: 2.8130 | monodec: 0.0336 | rule: 222.0143 | group: 1.6141 | tree: 4.9620 | total: 1.8739
[New] Epoch 106/1000 | classify: 1.8741 | voltage: 0.1795 | conc: 0.0007 | consistency: 0.2274 | polarity: 2.9953 | monodec: 0.0398 | rule: 223.9891 | group: 1.7376 | tree: 5.3118 | total: 2.0000
[New] Epoch 107/1000 | classify: 1.7773 | voltage: 0.1899 | conc: 0.0006 | consistency: 0.2200 | polarity: 2.8591 | monodec: 0.0335 | rule: 216.7840 | group: 1.6475 | tree: 5.0490 | total: 1.8998
[New] Epoch 108/1000 | classify: 1.8894 | voltage: 0.2022 | conc: 0.0004 | consistency: 0.2118 | polarity: 2.8732 | monodec: 0.0336 | rule: 232.1019 | group: 1.7317 | tree: 5.1595 | total: 2.0201
[New] Epoch 109/1000 | classify: 1.5952 | voltage: 0.1983 | conc: 0.0005 | consistency: 0.2118 | polarity: 2.6358 | monodec: 0.0331 | rule: 191.1854 | group: 1.6119 | tree: 4.6311 | total: 1.7050
[New] Epoch 110/1000 | classify: 1.9043 | voltage: 0.1856 | conc: 0.0005 | consistency: 0.2074 | polarity: 2.7971 | monodec: 0.0332 | rule: 204.4768 | group: 1.6940 | tree: 4.9980 | total: 2.0203
--- 验证集 [epoch 110] ---
  准确率 (Accuracy):  0.7808
  精确率 (Precision): 0.7241
  召回率 (Recall):    0.6960
  F1 分数 (F1):       0.6925
✅ 模型已保存到 /home/kudouzala/Application/ion_detect/output/trained_model_save/exp_new_f/trained_model_epoch_best.pth
  🏆 新最佳 F1=0.6925，已保存 best 模型
[New] Epoch 111/1000 | classify: 1.8738 | voltage: 0.1826 | conc: 0.0008 | consistency: 0.2153 | polarity: 2.8224 | monodec: 0.0372 | rule: 228.9180 | group: 1.7230 | tree: 5.3842 | total: 2.0025
[New] Epoch 112/1000 | classify: 1.6981 | voltage: 0.1910 | conc: 0.0006 | consistency: 0.2058 | polarity: 2.7003 | monodec: 0.0299 | rule: 211.9182 | group: 1.6333 | tree: 4.9070 | total: 1.8181
[New] Epoch 113/1000 | classify: 1.6092 | voltage: 0.1860 | conc: 0.0008 | consistency: 0.2082 | polarity: 2.6399 | monodec: 0.0304 | rule: 242.3506 | group: 1.6759 | tree: 4.9482 | total: 1.7445
[New] Epoch 114/1000 | classify: 1.6341 | voltage: 0.1850 | conc: 0.0003 | consistency: 0.2046 | polarity: 2.5511 | monodec: 0.0301 | rule: 208.5510 | group: 1.5858 | tree: 4.6834 | total: 1.7517
[New] Epoch 115/1000 | classify: 1.6530 | voltage: 0.1778 | conc: 0.0006 | consistency: 0.2140 | polarity: 2.5762 | monodec: 0.0360 | rule: 235.2766 | group: 1.6640 | tree: 5.0152 | total: 1.7841
[New] Epoch 116/1000 | classify: 1.8228 | voltage: 0.1750 | conc: 0.0007 | consistency: 0.2096 | polarity: 2.6326 | monodec: 0.0327 | rule: 231.5994 | group: 1.6826 | tree: 5.0362 | total: 1.9520
[New] Epoch 117/1000 | classify: 1.5879 | voltage: 0.1823 | conc: 0.0004 | consistency: 0.2053 | polarity: 2.5396 | monodec: 0.0305 | rule: 210.9757 | group: 1.6486 | tree: 4.8311 | total: 1.7068
[New] Epoch 118/1000 | classify: 1.7762 | voltage: 0.1650 | conc: 0.0005 | consistency: 0.2012 | polarity: 2.6684 | monodec: 0.0314 | rule: 226.8078 | group: 1.6851 | tree: 5.0862 | total: 1.9024
[New] Epoch 119/1000 | classify: 1.6160 | voltage: 0.1783 | conc: 0.0007 | consistency: 0.2069 | polarity: 2.5074 | monodec: 0.0296 | rule: 221.8532 | group: 1.6294 | tree: 5.0171 | total: 1.7405
[New] Epoch 120/1000 | classify: 1.6644 | voltage: 0.1855 | conc: 0.0004 | consistency: 0.2003 | polarity: 2.5512 | monodec: 0.0267 | rule: 232.7387 | group: 1.7094 | tree: 5.1824 | total: 1.7945
--- 验证集 [epoch 120] ---
  准确率 (Accuracy):  0.8014
  精确率 (Precision): 0.7282
  召回率 (Recall):    0.7066
  F1 分数 (F1):       0.7135
✅ 模型已保存到 /home/kudouzala/Application/ion_detect/output/trained_model_save/exp_new_f/trained_model_epoch_best.pth
  🏆 新最佳 F1=0.7135，已保存 best 模型
[New] Epoch 121/1000 | classify: 1.6458 | voltage: 0.1849 | conc: 0.0005 | consistency: 0.2037 | polarity: 2.4755 | monodec: 0.0278 | rule: 207.8853 | group: 1.6332 | tree: 5.0530 | total: 1.7635
[New] Epoch 122/1000 | classify: 1.6652 | voltage: 0.1958 | conc: 0.0009 | consistency: 0.2052 | polarity: 2.5738 | monodec: 0.0316 | rule: 220.1465 | group: 1.7506 | tree: 5.2319 | total: 1.7901
[New] Epoch 123/1000 | classify: 1.7115 | voltage: 0.1978 | conc: 0.0006 | consistency: 0.2009 | polarity: 2.5636 | monodec: 0.0279 | rule: 222.0602 | group: 1.6873 | tree: 5.0686 | total: 1.8371
[New] Epoch 124/1000 | classify: 1.5745 | voltage: 0.1962 | conc: 0.0006 | consistency: 0.2038 | polarity: 2.4374 | monodec: 0.0245 | rule: 208.4276 | group: 1.6666 | tree: 4.9298 | total: 1.6930
[New] Epoch 125/1000 | classify: 1.4507 | voltage: 0.1798 | conc: 0.0005 | consistency: 0.2007 | polarity: 2.4593 | monodec: 0.0260 | rule: 216.0216 | group: 1.6238 | tree: 4.8391 | total: 1.5721
[New] Epoch 126/1000 | classify: 1.6189 | voltage: 0.1845 | conc: 0.0007 | consistency: 0.1977 | polarity: 2.4829 | monodec: 0.0268 | rule: 212.7380 | group: 1.6758 | tree: 4.8722 | total: 1.7391
[New] Epoch 127/1000 | classify: 1.6953 | voltage: 0.1887 | conc: 0.0004 | consistency: 0.1951 | polarity: 2.3363 | monodec: 0.0261 | rule: 189.5849 | group: 1.6062 | tree: 4.6172 | total: 1.8037
[New] Epoch 128/1000 | classify: 1.5457 | voltage: 0.1873 | conc: 0.0009 | consistency: 0.2051 | polarity: 2.4409 | monodec: 0.0260 | rule: 247.9013 | group: 1.7058 | tree: 5.2449 | total: 1.6840
[New] Epoch 129/1000 | classify: 1.5645 | voltage: 0.1835 | conc: 0.0006 | consistency: 0.2054 | polarity: 2.3415 | monodec: 0.0248 | rule: 206.0448 | group: 1.6487 | tree: 4.9662 | total: 1.6811
[New] Epoch 130/1000 | classify: 1.6006 | voltage: 0.1803 | conc: 0.0004 | consistency: 0.1939 | polarity: 2.3456 | monodec: 0.0203 | rule: 208.4845 | group: 1.6444 | tree: 4.7503 | total: 1.7180
--- 验证集 [epoch 130] ---
  准确率 (Accuracy):  0.7877
  精确率 (Precision): 0.7097
  召回率 (Recall):    0.6756
  F1 分数 (F1):       0.6723
[New] Epoch 131/1000 | classify: 1.7175 | voltage: 0.1941 | conc: 0.0007 | consistency: 0.1989 | polarity: 2.3714 | monodec: 0.0207 | rule: 215.8839 | group: 1.6636 | tree: 5.1187 | total: 1.8399
[New] Epoch 132/1000 | classify: 1.6496 | voltage: 0.1987 | conc: 0.0004 | consistency: 0.1999 | polarity: 2.4142 | monodec: 0.0249 | rule: 226.7624 | group: 1.7347 | tree: 5.1583 | total: 1.7773
[New] Epoch 133/1000 | classify: 1.5956 | voltage: 0.1804 | conc: 0.0006 | consistency: 0.1997 | polarity: 2.3583 | monodec: 0.0209 | rule: 241.3218 | group: 1.7267 | tree: 5.1874 | total: 1.7300
[New] Epoch 134/1000 | classify: 1.6335 | voltage: 0.1854 | conc: 0.0006 | consistency: 0.2035 | polarity: 2.2910 | monodec: 0.0230 | rule: 219.8161 | group: 1.6320 | tree: 4.8649 | total: 1.7572
[New] Epoch 135/1000 | classify: 1.5771 | voltage: 0.1827 | conc: 0.0007 | consistency: 0.2010 | polarity: 2.3562 | monodec: 0.0229 | rule: 220.9802 | group: 1.6651 | tree: 4.9088 | total: 1.7012
[New] Epoch 136/1000 | classify: 1.5692 | voltage: 0.1917 | conc: 0.0008 | consistency: 0.2046 | polarity: 2.3901 | monodec: 0.0232 | rule: 228.3438 | group: 1.6993 | tree: 5.1865 | total: 1.6979
[New] Epoch 137/1000 | classify: 1.5277 | voltage: 0.1975 | conc: 0.0004 | consistency: 0.2021 | polarity: 2.3052 | monodec: 0.0210 | rule: 210.0197 | group: 1.6449 | tree: 4.8914 | total: 1.6468
[New] Epoch 138/1000 | classify: 1.2604 | voltage: 0.1762 | conc: 0.0008 | consistency: 0.1977 | polarity: 2.2819 | monodec: 0.0190 | rule: 217.7100 | group: 1.6734 | tree: 4.8783 | total: 1.3828
[New] Epoch 139/1000 | classify: 1.4806 | voltage: 0.1838 | conc: 0.0005 | consistency: 0.1922 | polarity: 2.2434 | monodec: 0.0185 | rule: 201.8832 | group: 1.6207 | tree: 4.8327 | total: 1.5949
[New] Epoch 140/1000 | classify: 1.6864 | voltage: 0.1761 | conc: 0.0011 | consistency: 0.2000 | polarity: 2.4452 | monodec: 0.0231 | rule: 246.8142 | group: 1.7778 | tree: 5.3891 | total: 1.8238
--- 验证集 [epoch 140] ---
  准确率 (Accuracy):  0.8288
  精确率 (Precision): 0.7723
  召回率 (Recall):    0.7353
  F1 分数 (F1):       0.7472
✅ 模型已保存到 /home/kudouzala/Application/ion_detect/output/trained_model_save/exp_new_f/trained_model_epoch_best.pth
  🏆 新最佳 F1=0.7472，已保存 best 模型
[New] Epoch 141/1000 | classify: 1.5951 | voltage: 0.1768 | conc: 0.0008 | consistency: 0.1968 | polarity: 2.3691 | monodec: 0.0176 | rule: 219.2893 | group: 1.7748 | tree: 5.1575 | total: 1.7184
[New] Epoch 142/1000 | classify: 1.3931 | voltage: 0.1760 | conc: 0.0007 | consistency: 0.1946 | polarity: 2.2899 | monodec: 0.0198 | rule: 216.1789 | group: 1.6395 | tree: 4.8102 | total: 1.5145
[New] Epoch 143/1000 | classify: 1.6171 | voltage: 0.1612 | conc: 0.0007 | consistency: 0.1961 | polarity: 2.4199 | monodec: 0.0204 | rule: 242.6440 | group: 1.7994 | tree: 5.4582 | total: 1.7514
[New] Epoch 144/1000 | classify: 1.5771 | voltage: 0.1801 | conc: 0.0006 | consistency: 0.1949 | polarity: 2.3264 | monodec: 0.0199 | rule: 211.0732 | group: 1.7193 | tree: 5.1594 | total: 1.6962
[New] Epoch 145/1000 | classify: 1.3755 | voltage: 0.1767 | conc: 0.0005 | consistency: 0.1985 | polarity: 2.2466 | monodec: 0.0177 | rule: 224.9456 | group: 1.6210 | tree: 4.9103 | total: 1.5011
[New] Epoch 146/1000 | classify: 1.5321 | voltage: 0.1710 | conc: 0.0005 | consistency: 0.1941 | polarity: 2.2799 | monodec: 0.0172 | rule: 231.2360 | group: 1.6840 | tree: 4.9629 | total: 1.6607
[New] Epoch 147/1000 | classify: 1.4847 | voltage: 0.1735 | conc: 0.0006 | consistency: 0.1890 | polarity: 2.3211 | monodec: 0.0131 | rule: 237.3308 | group: 1.7276 | tree: 5.1470 | total: 1.6166
[New] Epoch 148/1000 | classify: 1.3311 | voltage: 0.1885 | conc: 0.0004 | consistency: 0.1924 | polarity: 2.1739 | monodec: 0.0137 | rule: 220.2781 | group: 1.6079 | tree: 4.6857 | total: 1.4547
[New] Epoch 149/1000 | classify: 1.5199 | voltage: 0.1812 | conc: 0.0005 | consistency: 0.1968 | polarity: 2.2193 | monodec: 0.0167 | rule: 216.8715 | group: 1.6890 | tree: 4.9620 | total: 1.6418
[New] Epoch 150/1000 | classify: 1.4401 | voltage: 0.1902 | conc: 0.0006 | consistency: 0.1973 | polarity: 2.1948 | monodec: 0.0158 | rule: 230.0651 | group: 1.6763 | tree: 5.1413 | total: 1.5693
--- 验证集 [epoch 150] ---
  准确率 (Accuracy):  0.8151
  精确率 (Precision): 0.7824
  召回率 (Recall):    0.7103
  F1 分数 (F1):       0.7325
✅ 模型已保存到 /home/kudouzala/Application/ion_detect/output/trained_model_save/exp_new_f/trained_model_epoch_150.pth
📁 损失值已保存到 /home/kudouzala/Application/ion_detect/output/trained_model_save/exp_new_f/training_loss_epoch_150.csv
[New] Epoch 151/1000 | classify: 1.4734 | voltage: 0.1856 | conc: 0.0006 | consistency: 0.1972 | polarity: 2.2056 | monodec: 0.0138 | rule: 236.5659 | group: 1.6840 | tree: 4.8851 | total: 1.6054
[New] Epoch 152/1000 | classify: 1.3722 | voltage: 0.1807 | conc: 0.0009 | consistency: 0.1974 | polarity: 2.2652 | monodec: 0.0151 | rule: 229.4250 | group: 1.7080 | tree: 5.1001 | total: 1.5008
[New] Epoch 153/1000 | classify: 1.4516 | voltage: 0.1730 | conc: 0.0008 | consistency: 0.1996 | polarity: 2.3337 | monodec: 0.0143 | rule: 261.6794 | group: 1.7771 | tree: 5.4547 | total: 1.5961
[New] Epoch 154/1000 | classify: 1.4890 | voltage: 0.1977 | conc: 0.0006 | consistency: 0.1943 | polarity: 2.2388 | monodec: 0.0122 | rule: 210.9261 | group: 1.7249 | tree: 5.2328 | total: 1.6090
[New] Epoch 155/1000 | classify: 1.4569 | voltage: 0.1876 | conc: 0.0004 | consistency: 0.1960 | polarity: 2.1718 | monodec: 0.0139 | rule: 218.2208 | group: 1.5651 | tree: 4.7092 | total: 1.5795
[New] Epoch 156/1000 | classify: 1.5567 | voltage: 0.1937 | conc: 0.0007 | consistency: 0.1964 | polarity: 2.2225 | monodec: 0.0123 | rule: 226.5022 | group: 1.7341 | tree: 4.8176 | total: 1.6841
[New] Epoch 157/1000 | classify: 1.3593 | voltage: 0.1854 | conc: 0.0007 | consistency: 0.1979 | polarity: 2.2025 | monodec: 0.0138 | rule: 213.5603 | group: 1.7065 | tree: 4.9007 | total: 1.4799
[New] Epoch 158/1000 | classify: 1.5697 | voltage: 0.1827 | conc: 0.0008 | consistency: 0.1979 | polarity: 2.2434 | monodec: 0.0132 | rule: 242.3331 | group: 1.7137 | tree: 4.9548 | total: 1.7047
[New] Epoch 159/1000 | classify: 1.5324 | voltage: 0.2010 | conc: 0.0007 | consistency: 0.1983 | polarity: 2.3224 | monodec: 0.0145 | rule: 202.7376 | group: 1.8381 | tree: 5.2542 | total: 1.6486
[New] Epoch 160/1000 | classify: 1.5303 | voltage: 0.1934 | conc: 0.0006 | consistency: 0.1973 | polarity: 2.2801 | monodec: 0.0114 | rule: 209.9701 | group: 1.7288 | tree: 4.9268 | total: 1.6495
--- 验证集 [epoch 160] ---
  准确率 (Accuracy):  0.8151
  精确率 (Precision): 0.7659
  召回率 (Recall):    0.6850
  F1 分数 (F1):       0.7152
[New] Epoch 161/1000 | classify: 1.3003 | voltage: 0.1980 | conc: 0.0002 | consistency: 0.2010 | polarity: 2.1964 | monodec: 0.0122 | rule: 227.9906 | group: 1.6972 | tree: 5.1384 | total: 1.4283
[New] Epoch 162/1000 | classify: 1.3443 | voltage: 0.1824 | conc: 0.0005 | consistency: 0.1942 | polarity: 2.2108 | monodec: 0.0123 | rule: 215.7290 | group: 1.7038 | tree: 4.9844 | total: 1.4656
[New] Epoch 163/1000 | classify: 1.2762 | voltage: 0.1770 | conc: 0.0005 | consistency: 0.1928 | polarity: 2.1520 | monodec: 0.0116 | rule: 206.1903 | group: 1.6401 | tree: 4.8315 | total: 1.3924
[New] Epoch 164/1000 | classify: 1.5706 | voltage: 0.1912 | conc: 0.0006 | consistency: 0.1946 | polarity: 2.1959 | monodec: 0.0115 | rule: 236.7144 | group: 1.6568 | tree: 5.0043 | total: 1.7029
[New] Epoch 165/1000 | classify: 1.4608 | voltage: 0.1974 | conc: 0.0005 | consistency: 0.1938 | polarity: 2.2436 | monodec: 0.0125 | rule: 225.1560 | group: 1.6926 | tree: 4.9531 | total: 1.5876
[New] Epoch 166/1000 | classify: 1.4753 | voltage: 0.1854 | conc: 0.0007 | consistency: 0.1972 | polarity: 2.2995 | monodec: 0.0114 | rule: 222.7738 | group: 1.7755 | tree: 5.1496 | total: 1.6008
[New] Epoch 167/1000 | classify: 1.4156 | voltage: 0.1938 | conc: 0.0007 | consistency: 0.1984 | polarity: 2.2356 | monodec: 0.0102 | rule: 227.5859 | group: 1.7258 | tree: 5.1098 | total: 1.5438
[New] Epoch 168/1000 | classify: 1.3513 | voltage: 0.1897 | conc: 0.0008 | consistency: 0.1972 | polarity: 2.2712 | monodec: 0.0106 | rule: 247.8585 | group: 1.7147 | tree: 5.1144 | total: 1.4895
[New] Epoch 169/1000 | classify: 1.5137 | voltage: 0.1809 | conc: 0.0007 | consistency: 0.1975 | polarity: 2.2559 | monodec: 0.0095 | rule: 239.9024 | group: 1.7797 | tree: 5.2135 | total: 1.6475
[New] Epoch 170/1000 | classify: 1.5443 | voltage: 0.1986 | conc: 0.0005 | consistency: 0.1952 | polarity: 2.2415 | monodec: 0.0085 | rule: 222.9866 | group: 1.7383 | tree: 5.0792 | total: 1.6701
--- 验证集 [epoch 170] ---
  准确率 (Accuracy):  0.8356
  精确率 (Precision): 0.8044
  召回率 (Recall):    0.7275
  F1 分数 (F1):       0.7542
✅ 模型已保存到 /home/kudouzala/Application/ion_detect/output/trained_model_save/exp_new_f/trained_model_epoch_best.pth
  🏆 新最佳 F1=0.7542，已保存 best 模型
[New] Epoch 171/1000 | classify: 1.4555 | voltage: 0.1839 | conc: 0.0007 | consistency: 0.1977 | polarity: 2.2447 | monodec: 0.0101 | rule: 218.7686 | group: 1.7743 | tree: 5.2032 | total: 1.5788
[New] Epoch 172/1000 | classify: 1.4657 | voltage: 0.1974 | conc: 0.0008 | consistency: 0.1945 | polarity: 2.2134 | monodec: 0.0082 | rule: 231.1453 | group: 1.7252 | tree: 5.0134 | total: 1.5959
[New] Epoch 173/1000 | classify: 1.6348 | voltage: 0.1959 | conc: 0.0007 | consistency: 0.1931 | polarity: 2.2665 | monodec: 0.0091 | rule: 194.1488 | group: 1.8089 | tree: 5.1892 | total: 1.7464
[New] Epoch 174/1000 | classify: 1.5562 | voltage: 0.2013 | conc: 0.0008 | consistency: 0.1964 | polarity: 2.2877 | monodec: 0.0086 | rule: 214.9756 | group: 1.7700 | tree: 4.9597 | total: 1.6785
[New] Epoch 175/1000 | classify: 1.5000 | voltage: 0.1892 | conc: 0.0005 | consistency: 0.1981 | polarity: 2.1954 | monodec: 0.0084 | rule: 221.7467 | group: 1.7415 | tree: 4.7665 | total: 1.6247
[New] Epoch 176/1000 | classify: 1.3284 | voltage: 0.1874 | conc: 0.0009 | consistency: 0.1983 | polarity: 2.2196 | monodec: 0.0081 | rule: 223.6525 | group: 1.7452 | tree: 5.0526 | total: 1.4545
[New] Epoch 177/1000 | classify: 1.5206 | voltage: 0.1898 | conc: 0.0004 | consistency: 0.1974 | polarity: 2.2466 | monodec: 0.0080 | rule: 224.0240 | group: 1.7014 | tree: 4.9993 | total: 1.6464
[New] Epoch 178/1000 | classify: 1.4520 | voltage: 0.2056 | conc: 0.0006 | consistency: 0.1956 | polarity: 2.2970 | monodec: 0.0077 | rule: 209.7977 | group: 1.8256 | tree: 5.2248 | total: 1.5719
[New] Epoch 179/1000 | classify: 1.3139 | voltage: 0.1891 | conc: 0.0006 | consistency: 0.1996 | polarity: 2.1619 | monodec: 0.0081 | rule: 224.6570 | group: 1.6681 | tree: 4.8616 | total: 1.4400
[New] Epoch 180/1000 | classify: 1.5573 | voltage: 0.2048 | conc: 0.0007 | consistency: 0.1968 | polarity: 2.2632 | monodec: 0.0081 | rule: 224.0031 | group: 1.7932 | tree: 5.2702 | total: 1.6843
--- 验证集 [epoch 180] ---
  准确率 (Accuracy):  0.8425
  精确率 (Precision): 0.8023
  召回率 (Recall):    0.7283
  F1 分数 (F1):       0.7568
✅ 模型已保存到 /home/kudouzala/Application/ion_detect/output/trained_model_save/exp_new_f/trained_model_epoch_best.pth
  🏆 新最佳 F1=0.7568，已保存 best 模型
[New] Epoch 181/1000 | classify: 1.3891 | voltage: 0.1963 | conc: 0.0009 | consistency: 0.2005 | polarity: 2.2634 | monodec: 0.0075 | rule: 250.0678 | group: 1.7274 | tree: 5.1430 | total: 1.5289
[New] Epoch 182/1000 | classify: 1.4066 | voltage: 0.1843 | conc: 0.0008 | consistency: 0.1997 | polarity: 2.3122 | monodec: 0.0069 | rule: 211.7622 | group: 1.7944 | tree: 5.0829 | total: 1.5265
[New] Epoch 183/1000 | classify: 1.3272 | voltage: 0.2052 | conc: 0.0006 | consistency: 0.1990 | polarity: 2.1897 | monodec: 0.0062 | rule: 219.5969 | group: 1.7068 | tree: 5.0580 | total: 1.4518
[New] Epoch 184/1000 | classify: 1.3688 | voltage: 0.1797 | conc: 0.0006 | consistency: 0.1982 | polarity: 2.2094 | monodec: 0.0065 | rule: 221.4378 | group: 1.6997 | tree: 4.9312 | total: 1.4930
[New] Epoch 185/1000 | classify: 1.3396 | voltage: 0.1853 | conc: 0.0007 | consistency: 0.1983 | polarity: 2.2661 | monodec: 0.0076 | rule: 233.8368 | group: 1.8056 | tree: 5.3539 | total: 1.4705
[New] Epoch 186/1000 | classify: 1.4384 | voltage: 0.1883 | conc: 0.0004 | consistency: 0.1954 | polarity: 2.3042 | monodec: 0.0067 | rule: 242.3645 | group: 1.8428 | tree: 5.4679 | total: 1.5736
[New] Epoch 187/1000 | classify: 1.4057 | voltage: 0.2091 | conc: 0.0005 | consistency: 0.1975 | polarity: 2.1654 | monodec: 0.0068 | rule: 232.2096 | group: 1.6663 | tree: 4.8661 | total: 1.5366
[New] Epoch 188/1000 | classify: 1.4129 | voltage: 0.1870 | conc: 0.0006 | consistency: 0.1975 | polarity: 2.2162 | monodec: 0.0057 | rule: 246.0785 | group: 1.7183 | tree: 4.9287 | total: 1.5498
[New] Epoch 189/1000 | classify: 1.3980 | voltage: 0.2193 | conc: 0.0005 | consistency: 0.1982 | polarity: 2.1937 | monodec: 0.0047 | rule: 206.0687 | group: 1.7317 | tree: 5.2660 | total: 1.5165
[New] Epoch 190/1000 | classify: 1.3843 | voltage: 0.1927 | conc: 0.0008 | consistency: 0.2009 | polarity: 2.2711 | monodec: 0.0048 | rule: 230.9665 | group: 1.8085 | tree: 5.4352 | total: 1.5144
--- 验证集 [epoch 190] ---
  准确率 (Accuracy):  0.8219
  精确率 (Precision): 0.7582
  召回率 (Recall):    0.7487
  F1 分数 (F1):       0.7466
[New] Epoch 191/1000 | classify: 1.4674 | voltage: 0.1858 | conc: 0.0006 | consistency: 0.2011 | polarity: 2.2636 | monodec: 0.0050 | rule: 228.9190 | group: 1.7649 | tree: 5.2040 | total: 1.5958
[New] Epoch 192/1000 | classify: 1.4216 | voltage: 0.2007 | conc: 0.0005 | consistency: 0.1990 | polarity: 2.2332 | monodec: 0.0052 | rule: 245.6036 | group: 1.7556 | tree: 5.0698 | total: 1.5589
[New] Epoch 193/1000 | classify: 1.4266 | voltage: 0.1984 | conc: 0.0006 | consistency: 0.2011 | polarity: 2.2261 | monodec: 0.0049 | rule: 218.1747 | group: 1.7649 | tree: 5.2792 | total: 1.5502
[New] Epoch 194/1000 | classify: 1.4427 | voltage: 0.1997 | conc: 0.0006 | consistency: 0.1991 | polarity: 2.2786 | monodec: 0.0044 | rule: 230.9931 | group: 1.8332 | tree: 5.3340 | total: 1.5729
[New] Epoch 195/1000 | classify: 1.4420 | voltage: 0.1921 | conc: 0.0007 | consistency: 0.2008 | polarity: 2.2458 | monodec: 0.0054 | rule: 215.5741 | group: 1.7576 | tree: 5.2922 | total: 1.5642
[New] Epoch 196/1000 | classify: 1.4730 | voltage: 0.1859 | conc: 0.0007 | consistency: 0.2008 | polarity: 2.2329 | monodec: 0.0046 | rule: 222.9845 | group: 1.7245 | tree: 5.0887 | total: 1.5984
[New] Epoch 197/1000 | classify: 1.4290 | voltage: 0.1936 | conc: 0.0008 | consistency: 0.2018 | polarity: 2.2584 | monodec: 0.0043 | rule: 227.0355 | group: 1.7739 | tree: 5.0500 | total: 1.5570
[New] Epoch 198/1000 | classify: 1.3915 | voltage: 0.1868 | conc: 0.0005 | consistency: 0.2007 | polarity: 2.2783 | monodec: 0.0038 | rule: 225.2122 | group: 1.8196 | tree: 5.2488 | total: 1.5181
[New] Epoch 199/1000 | classify: 1.4612 | voltage: 0.2024 | conc: 0.0007 | consistency: 0.2001 | polarity: 2.2597 | monodec: 0.0045 | rule: 225.4124 | group: 1.7701 | tree: 5.3084 | total: 1.5889
[New] Epoch 200/1000 | classify: 1.4116 | voltage: 0.2056 | conc: 0.0005 | consistency: 0.2024 | polarity: 2.2353 | monodec: 0.0041 | rule: 206.3920 | group: 1.7890 | tree: 5.0771 | total: 1.5296
--- 验证集 [epoch 200] ---
  准确率 (Accuracy):  0.8425
  精确率 (Precision): 0.8129
  召回率 (Recall):    0.7343
  F1 分数 (F1):       0.7617
✅ 模型已保存到 /home/kudouzala/Application/ion_detect/output/trained_model_save/exp_new_f/trained_model_epoch_best.pth
  🏆 新最佳 F1=0.7617，已保存 best 模型
✅ 模型已保存到 /home/kudouzala/Application/ion_detect/output/trained_model_save/exp_new_f/trained_model_epoch_200.pth
📁 损失值已保存到 /home/kudouzala/Application/ion_detect/output/trained_model_save/exp_new_f/training_loss_epoch_200.csv
[New] Epoch 201/1000 | classify: 1.4396 | voltage: 0.1873 | conc: 0.0007 | consistency: 0.2034 | polarity: 2.1803 | monodec: 0.0040 | rule: 246.0853 | group: 1.6918 | tree: 5.0296 | total: 1.5766
[New] Epoch 202/1000 | classify: 1.5396 | voltage: 0.2103 | conc: 0.0004 | consistency: 0.2008 | polarity: 2.2569 | monodec: 0.0036 | rule: 221.2097 | group: 1.7739 | tree: 5.0658 | total: 1.6651
[New] Epoch 203/1000 | classify: 1.3071 | voltage: 0.2308 | conc: 0.0003 | consistency: 0.2024 | polarity: 2.1482 | monodec: 0.0032 | rule: 224.5255 | group: 1.6805 | tree: 4.7127 | total: 1.4350
[New] Epoch 204/1000 | classify: 1.4731 | voltage: 0.2059 | conc: 0.0008 | consistency: 0.2028 | polarity: 2.2604 | monodec: 0.0032 | rule: 202.4237 | group: 1.8881 | tree: 5.1808 | total: 1.5895
[New] Epoch 205/1000 | classify: 1.3072 | voltage: 0.2053 | conc: 0.0007 | consistency: 0.2027 | polarity: 2.2524 | monodec: 0.0035 | rule: 205.3775 | group: 1.7731 | tree: 5.1763 | total: 1.4248
[New] Epoch 206/1000 | classify: 1.4364 | voltage: 0.2103 | conc: 0.0009 | consistency: 0.2043 | polarity: 2.2752 | monodec: 0.0032 | rule: 236.1934 | group: 1.7833 | tree: 5.2471 | total: 1.5699
[New] Epoch 207/1000 | classify: 1.3727 | voltage: 0.2225 | conc: 0.0005 | consistency: 0.2041 | polarity: 2.1775 | monodec: 0.0026 | rule: 225.8000 | group: 1.7051 | tree: 5.0689 | total: 1.5011
[New] Epoch 208/1000 | classify: 1.4269 | voltage: 0.2117 | conc: 0.0005 | consistency: 0.2047 | polarity: 2.2701 | monodec: 0.0029 | rule: 207.6590 | group: 1.8171 | tree: 5.3621 | total: 1.5459
[New] Epoch 209/1000 | classify: 1.3995 | voltage: 0.2077 | conc: 0.0004 | consistency: 0.2023 | polarity: 2.2273 | monodec: 0.0032 | rule: 219.8914 | group: 1.7525 | tree: 5.1469 | total: 1.5242
[New] Epoch 210/1000 | classify: 1.4106 | voltage: 0.2089 | conc: 0.0005 | consistency: 0.2061 | polarity: 2.2275 | monodec: 0.0028 | rule: 212.0574 | group: 1.7332 | tree: 5.0672 | total: 1.5315
--- 验证集 [epoch 210] ---
  准确率 (Accuracy):  0.8356
  精确率 (Precision): 0.7793
  召回率 (Recall):    0.7533
  F1 分数 (F1):       0.7614
[New] Epoch 211/1000 | classify: 1.3304 | voltage: 0.1981 | conc: 0.0007 | consistency: 0.2057 | polarity: 2.2561 | monodec: 0.0027 | rule: 242.3448 | group: 1.7537 | tree: 5.1250 | total: 1.4662
[New] Epoch 212/1000 | classify: 1.5014 | voltage: 0.2126 | conc: 0.0007 | consistency: 0.2038 | polarity: 2.2917 | monodec: 0.0025 | rule: 229.0616 | group: 1.8140 | tree: 5.2303 | total: 1.6313
[New] Epoch 213/1000 | classify: 1.4042 | voltage: 0.2084 | conc: 0.0006 | consistency: 0.2078 | polarity: 2.3005 | monodec: 0.0026 | rule: 218.3341 | group: 1.7651 | tree: 5.2471 | total: 1.5284
[New] Epoch 214/1000 | classify: 1.3733 | voltage: 0.2063 | conc: 0.0008 | consistency: 0.2080 | polarity: 2.2752 | monodec: 0.0021 | rule: 244.6472 | group: 1.8030 | tree: 5.1112 | total: 1.5108
[New] Epoch 215/1000 | classify: 1.4025 | voltage: 0.2137 | conc: 0.0007 | consistency: 0.2085 | polarity: 2.2448 | monodec: 0.0024 | rule: 236.8324 | group: 1.7206 | tree: 5.2162 | total: 1.5363
[New] Epoch 216/1000 | classify: 1.4336 | voltage: 0.2040 | conc: 0.0006 | consistency: 0.2063 | polarity: 2.2194 | monodec: 0.0026 | rule: 237.1662 | group: 1.6996 | tree: 4.8648 | total: 1.5668
[New] Epoch 217/1000 | classify: 1.3082 | voltage: 0.2101 | conc: 0.0004 | consistency: 0.2062 | polarity: 2.2309 | monodec: 0.0022 | rule: 218.3254 | group: 1.6712 | tree: 4.9471 | total: 1.4322
[New] Epoch 218/1000 | classify: 1.5105 | voltage: 0.2077 | conc: 0.0006 | consistency: 0.2083 | polarity: 2.3109 | monodec: 0.0025 | rule: 227.1144 | group: 1.7489 | tree: 5.2345 | total: 1.6391
[New] Epoch 219/1000 | classify: 1.4372 | voltage: 0.2114 | conc: 0.0007 | consistency: 0.2090 | polarity: 2.3039 | monodec: 0.0018 | rule: 216.5998 | group: 1.8004 | tree: 5.3975 | total: 1.5610
[New] Epoch 220/1000 | classify: 1.2843 | voltage: 0.2190 | conc: 0.0005 | consistency: 0.2087 | polarity: 2.2167 | monodec: 0.0019 | rule: 202.1377 | group: 1.6962 | tree: 4.8096 | total: 1.4007
--- 验证集 [epoch 220] ---
  准确率 (Accuracy):  0.8151
  精确率 (Precision): 0.7688
  召回率 (Recall):    0.6991
  F1 分数 (F1):       0.7160
[New] Epoch 221/1000 | classify: 1.3452 | voltage: 0.2082 | conc: 0.0007 | consistency: 0.2095 | polarity: 2.2828 | monodec: 0.0021 | rule: 233.1102 | group: 1.7667 | tree: 5.0937 | total: 1.4769
[New] Epoch 222/1000 | classify: 1.5168 | voltage: 0.2131 | conc: 0.0007 | consistency: 0.2110 | polarity: 2.3628 | monodec: 0.0020 | rule: 237.3936 | group: 1.8252 | tree: 5.3858 | total: 1.6511
[New] Epoch 223/1000 | classify: 1.2865 | voltage: 0.2319 | conc: 0.0007 | consistency: 0.2119 | polarity: 2.2140 | monodec: 0.0018 | rule: 229.5174 | group: 1.6779 | tree: 5.0553 | total: 1.4175
[New] Epoch 224/1000 | classify: 1.4117 | voltage: 0.2078 | conc: 0.0005 | consistency: 0.2121 | polarity: 2.2363 | monodec: 0.0016 | rule: 217.9631 | group: 1.7099 | tree: 4.9978 | total: 1.5355
[New] Epoch 225/1000 | classify: 1.3473 | voltage: 0.2183 | conc: 0.0008 | consistency: 0.2117 | polarity: 2.3314 | monodec: 0.0015 | rule: 210.3852 | group: 1.7647 | tree: 5.1375 | total: 1.4682
[New] Epoch 226/1000 | classify: 1.4171 | voltage: 0.2113 | conc: 0.0006 | consistency: 0.2114 | polarity: 2.2290 | monodec: 0.0016 | rule: 220.4002 | group: 1.7164 | tree: 5.0755 | total: 1.5424
[New] Epoch 227/1000 | classify: 1.5302 | voltage: 0.2230 | conc: 0.0007 | consistency: 0.2121 | polarity: 2.2964 | monodec: 0.0014 | rule: 215.4290 | group: 1.7763 | tree: 5.2332 | total: 1.6538
[New] Epoch 228/1000 | classify: 1.5976 | voltage: 0.2333 | conc: 0.0006 | consistency: 0.2135 | polarity: 2.3437 | monodec: 0.0013 | rule: 227.2956 | group: 1.8183 | tree: 5.5224 | total: 1.7278
[New] Epoch 229/1000 | classify: 1.3435 | voltage: 0.2411 | conc: 0.0007 | consistency: 0.2142 | polarity: 2.3469 | monodec: 0.0014 | rule: 214.6420 | group: 1.8352 | tree: 5.3408 | total: 1.4678
[New] Epoch 230/1000 | classify: 1.3229 | voltage: 0.2187 | conc: 0.0008 | consistency: 0.2149 | polarity: 2.3359 | monodec: 0.0014 | rule: 228.9992 | group: 1.8124 | tree: 5.1808 | total: 1.4532
--- 验证集 [epoch 230] ---
  准确率 (Accuracy):  0.8082
  精确率 (Precision): 0.7699
  召回率 (Recall):    0.6904
  F1 分数 (F1):       0.7023
[New] Epoch 231/1000 | classify: 1.5410 | voltage: 0.2313 | conc: 0.0007 | consistency: 0.2152 | polarity: 2.3126 | monodec: 0.0014 | rule: 234.7473 | group: 1.8105 | tree: 5.0855 | total: 1.6747
[New] Epoch 232/1000 | classify: 1.4729 | voltage: 0.2254 | conc: 0.0007 | consistency: 0.2164 | polarity: 2.3573 | monodec: 0.0014 | rule: 244.9736 | group: 1.7996 | tree: 5.0337 | total: 1.6114
[New] Epoch 233/1000 | classify: 1.4559 | voltage: 0.2293 | conc: 0.0007 | consistency: 0.2163 | polarity: 2.2491 | monodec: 0.0012 | rule: 215.1259 | group: 1.7277 | tree: 5.0614 | total: 1.5796
[New] Epoch 234/1000 | classify: 1.3774 | voltage: 0.2383 | conc: 0.0006 | consistency: 0.2170 | polarity: 2.3056 | monodec: 0.0012 | rule: 205.6128 | group: 1.7560 | tree: 5.1216 | total: 1.4968
[New] Epoch 235/1000 | classify: 1.3073 | voltage: 0.2307 | conc: 0.0007 | consistency: 0.2158 | polarity: 2.2920 | monodec: 0.0011 | rule: 220.7830 | group: 1.7334 | tree: 4.9122 | total: 1.4338
[New] Epoch 236/1000 | classify: 1.3353 | voltage: 0.2136 | conc: 0.0006 | consistency: 0.2162 | polarity: 2.3386 | monodec: 0.0010 | rule: 258.7432 | group: 1.8314 | tree: 5.4589 | total: 1.4802
[New] Epoch 237/1000 | classify: 1.4665 | voltage: 0.2232 | conc: 0.0007 | consistency: 0.2128 | polarity: 2.3990 | monodec: 0.0011 | rule: 232.1907 | group: 1.8657 | tree: 5.4378 | total: 1.5988
[New] Epoch 238/1000 | classify: 1.3613 | voltage: 0.2226 | conc: 0.0006 | consistency: 0.2166 | polarity: 2.2992 | monodec: 0.0013 | rule: 232.1576 | group: 1.7373 | tree: 4.9212 | total: 1.4931
[New] Epoch 239/1000 | classify: 1.4590 | voltage: 0.2203 | conc: 0.0005 | consistency: 0.2173 | polarity: 2.3069 | monodec: 0.0009 | rule: 209.6488 | group: 1.7057 | tree: 4.9943 | total: 1.5793
[New] Epoch 240/1000 | classify: 1.4226 | voltage: 0.2279 | conc: 0.0007 | consistency: 0.2178 | polarity: 2.3308 | monodec: 0.0010 | rule: 228.9289 | group: 1.7752 | tree: 5.0006 | total: 1.5531
--- 验证集 [epoch 240] ---
  准确率 (Accuracy):  0.8082
  精确率 (Precision): 0.7531
  召回率 (Recall):    0.7584
  F1 分数 (F1):       0.7493
[New] Epoch 241/1000 | classify: 1.4656 | voltage: 0.2444 | conc: 0.0007 | consistency: 0.2160 | polarity: 2.4135 | monodec: 0.0011 | rule: 234.3593 | group: 1.8221 | tree: 4.9396 | total: 1.5997
[New] Epoch 242/1000 | classify: 1.3698 | voltage: 0.2467 | conc: 0.0004 | consistency: 0.2186 | polarity: 2.2524 | monodec: 0.0011 | rule: 231.3416 | group: 1.7058 | tree: 4.9084 | total: 1.5021
[New] Epoch 243/1000 | classify: 1.3800 | voltage: 0.2270 | conc: 0.0005 | consistency: 0.2186 | polarity: 2.3127 | monodec: 0.0010 | rule: 219.2407 | group: 1.7706 | tree: 5.2197 | total: 1.5055
[New] Epoch 244/1000 | classify: 1.2679 | voltage: 0.2445 | conc: 0.0006 | consistency: 0.2182 | polarity: 2.2584 | monodec: 0.0009 | rule: 226.5882 | group: 1.7390 | tree: 4.8172 | total: 1.3979
[New] Epoch 245/1000 | classify: 1.5065 | voltage: 0.2326 | conc: 0.0005 | consistency: 0.2188 | polarity: 2.3526 | monodec: 0.0009 | rule: 207.9026 | group: 1.8408 | tree: 5.4656 | total: 1.6268
[New] Epoch 246/1000 | classify: 1.4717 | voltage: 0.2261 | conc: 0.0006 | consistency: 0.2200 | polarity: 2.3446 | monodec: 0.0008 | rule: 231.3547 | group: 1.8131 | tree: 5.1960 | total: 1.6034
[New] Epoch 247/1000 | classify: 1.4572 | voltage: 0.2465 | conc: 0.0004 | consistency: 0.2213 | polarity: 2.3757 | monodec: 0.0008 | rule: 243.1155 | group: 1.8144 | tree: 5.4682 | total: 1.5957
[New] Epoch 248/1000 | classify: 1.5793 | voltage: 0.2555 | conc: 0.0005 | consistency: 0.2223 | polarity: 2.3678 | monodec: 0.0008 | rule: 222.8461 | group: 1.7619 | tree: 5.2034 | total: 1.7080
[New] Epoch 249/1000 | classify: 1.3941 | voltage: 0.2488 | conc: 0.0008 | consistency: 0.2208 | polarity: 2.3333 | monodec: 0.0007 | rule: 236.2764 | group: 1.7864 | tree: 5.1563 | total: 1.5296
[New] Epoch 250/1000 | classify: 1.4595 | voltage: 0.2432 | conc: 0.0007 | consistency: 0.2246 | polarity: 2.3743 | monodec: 0.0008 | rule: 225.6467 | group: 1.8126 | tree: 5.4502 | total: 1.5894
--- 验证集 [epoch 250] ---
  准确率 (Accuracy):  0.8219
  精确率 (Precision): 0.7340
  召回率 (Recall):    0.7052
  F1 分数 (F1):       0.7142
✅ 模型已保存到 /home/kudouzala/Application/ion_detect/output/trained_model_save/exp_new_f/trained_model_epoch_250.pth
📁 损失值已保存到 /home/kudouzala/Application/ion_detect/output/trained_model_save/exp_new_f/training_loss_epoch_250.csv
[New] Epoch 251/1000 | classify: 1.3739 | voltage: 0.2629 | conc: 0.0005 | consistency: 0.2254 | polarity: 2.3927 | monodec: 0.0006 | rule: 221.4063 | group: 1.8319 | tree: 5.3473 | total: 1.5024
[New] Epoch 252/1000 | classify: 1.3995 | voltage: 0.2677 | conc: 0.0005 | consistency: 0.2264 | polarity: 2.3301 | monodec: 0.0007 | rule: 228.6166 | group: 1.7805 | tree: 5.2610 | total: 1.5318
[New] Epoch 253/1000 | classify: 1.3689 | voltage: 0.2615 | conc: 0.0009 | consistency: 0.2270 | polarity: 2.3865 | monodec: 0.0006 | rule: 235.0132 | group: 1.8138 | tree: 5.2248 | total: 1.5044
[New] Epoch 254/1000 | classify: 1.3855 | voltage: 0.2631 | conc: 0.0005 | consistency: 0.2267 | polarity: 2.2977 | monodec: 0.0006 | rule: 223.9584 | group: 1.7528 | tree: 5.0951 | total: 1.5151
[New] Epoch 255/1000 | classify: 1.4738 | voltage: 0.2643 | conc: 0.0007 | consistency: 0.2275 | polarity: 2.3648 | monodec: 0.0006 | rule: 228.7461 | group: 1.7713 | tree: 5.0840 | total: 1.6062
[New] Epoch 256/1000 | classify: 1.5550 | voltage: 0.2778 | conc: 0.0007 | consistency: 0.2248 | polarity: 2.3754 | monodec: 0.0007 | rule: 225.7060 | group: 1.7834 | tree: 5.1490 | total: 1.6865
[New] Epoch 257/1000 | classify: 1.3942 | voltage: 0.2513 | conc: 0.0008 | consistency: 0.2283 | polarity: 2.3610 | monodec: 0.0006 | rule: 267.3307 | group: 1.7375 | tree: 5.1929 | total: 1.5453
[New] Epoch 258/1000 | classify: 1.3705 | voltage: 0.2739 | conc: 0.0008 | consistency: 0.2288 | polarity: 2.3389 | monodec: 0.0006 | rule: 221.6284 | group: 1.7482 | tree: 5.0107 | total: 1.4997
[New] Epoch 259/1000 | classify: 1.3721 | voltage: 0.2696 | conc: 0.0009 | consistency: 0.2293 | polarity: 2.3501 | monodec: 0.0006 | rule: 231.0765 | group: 1.7501 | tree: 5.0543 | total: 1.5060
[New] Epoch 260/1000 | classify: 1.4835 | voltage: 0.2722 | conc: 0.0006 | consistency: 0.2307 | polarity: 2.3203 | monodec: 0.0005 | rule: 203.0107 | group: 1.7223 | tree: 5.0033 | total: 1.6032
--- 验证集 [epoch 260] ---
  准确率 (Accuracy):  0.8288
  精确率 (Precision): 0.7814
  召回率 (Recall):    0.7341
  F1 分数 (F1):       0.7483
[New] Epoch 261/1000 | classify: 1.2815 | voltage: 0.2684 | conc: 0.0011 | consistency: 0.2313 | polarity: 2.3764 | monodec: 0.0005 | rule: 226.4159 | group: 1.8256 | tree: 5.2982 | total: 1.4133
[New] Epoch 262/1000 | classify: 1.3879 | voltage: 0.2804 | conc: 0.0007 | consistency: 0.2320 | polarity: 2.3344 | monodec: 0.0005 | rule: 219.3396 | group: 1.7440 | tree: 5.1383 | total: 1.5164
[New] Epoch 263/1000 | classify: 1.4166 | voltage: 0.2777 | conc: 0.0008 | consistency: 0.2326 | polarity: 2.2976 | monodec: 0.0004 | rule: 216.7653 | group: 1.6737 | tree: 4.8949 | total: 1.5435
[New] Epoch 264/1000 | classify: 1.4904 | voltage: 0.2791 | conc: 0.0004 | consistency: 0.2337 | polarity: 2.3703 | monodec: 0.0006 | rule: 217.5144 | group: 1.7755 | tree: 5.2596 | total: 1.6176
[New] Epoch 265/1000 | classify: 1.3401 | voltage: 0.2783 | conc: 0.0007 | consistency: 0.2348 | polarity: 2.3449 | monodec: 0.0004 | rule: 233.7005 | group: 1.7881 | tree: 5.3475 | total: 1.4757
[New] Epoch 266/1000 | classify: 1.3043 | voltage: 0.2937 | conc: 0.0005 | consistency: 0.2354 | polarity: 2.3071 | monodec: 0.0004 | rule: 216.4981 | group: 1.7337 | tree: 5.2381 | total: 1.4318
[New] Epoch 267/1000 | classify: 1.9696 | voltage: 0.2769 | conc: 0.0011 | consistency: 0.2357 | polarity: 2.3704 | monodec: 0.0006 | rule: 225.3175 | group: 1.7926 | tree: 5.2960 | total: 2.1014
[New] Epoch 268/1000 | classify: 1.4659 | voltage: 0.3036 | conc: 0.0004 | consistency: 0.2371 | polarity: 2.2963 | monodec: 0.0003 | rule: 206.0751 | group: 1.7141 | tree: 4.9477 | total: 1.5885
[New] Epoch 269/1000 | classify: 1.4391 | voltage: 0.3042 | conc: 0.0005 | consistency: 0.2379 | polarity: 2.2968 | monodec: 0.0003 | rule: 231.1741 | group: 1.7527 | tree: 5.2557 | total: 1.5745
[New] Epoch 270/1000 | classify: 1.3466 | voltage: 0.3032 | conc: 0.0008 | consistency: 0.2389 | polarity: 2.3628 | monodec: 0.0003 | rule: 220.8585 | group: 1.7810 | tree: 5.4388 | total: 1.4771
--- 验证集 [epoch 270] ---
  准确率 (Accuracy):  0.7945
  精确率 (Precision): 0.7426
  召回率 (Recall):    0.7521
  F1 分数 (F1):       0.7357
[New] Epoch 271/1000 | classify: 1.6491 | voltage: 0.2996 | conc: 0.0007 | consistency: 0.2396 | polarity: 2.4352 | monodec: 0.0003 | rule: 226.7163 | group: 1.7722 | tree: 5.3000 | total: 1.7823
[New] Epoch 272/1000 | classify: 1.5013 | voltage: 0.2992 | conc: 0.0007 | consistency: 0.2403 | polarity: 2.3599 | monodec: 0.0003 | rule: 225.6943 | group: 1.7763 | tree: 5.4044 | total: 1.6340
[New] Epoch 273/1000 | classify: 1.6055 | voltage: 0.3111 | conc: 0.0008 | consistency: 0.2409 | polarity: 2.4413 | monodec: 0.0003 | rule: 230.5518 | group: 1.8634 | tree: 5.3924 | total: 1.7413
[New] Epoch 274/1000 | classify: 1.4695 | voltage: 0.2993 | conc: 0.0007 | consistency: 0.2420 | polarity: 2.3439 | monodec: 0.0003 | rule: 221.6124 | group: 1.7461 | tree: 5.0599 | total: 1.5999
[New] Epoch 275/1000 | classify: 1.3558 | voltage: 0.3195 | conc: 0.0005 | consistency: 0.2432 | polarity: 2.3171 | monodec: 0.0002 | rule: 241.0340 | group: 1.7438 | tree: 5.3192 | total: 1.4970
[New] Epoch 276/1000 | classify: 1.4438 | voltage: 0.3220 | conc: 0.0006 | consistency: 0.2438 | polarity: 2.2846 | monodec: 0.0003 | rule: 223.9904 | group: 1.6704 | tree: 5.0048 | total: 1.5765
[New] Epoch 277/1000 | classify: 1.3250 | voltage: 0.3267 | conc: 0.0007 | consistency: 0.2443 | polarity: 2.3561 | monodec: 0.0003 | rule: 242.8891 | group: 1.7912 | tree: 5.0118 | total: 1.4675
[New] Epoch 278/1000 | classify: 1.4909 | voltage: 0.3254 | conc: 0.0008 | consistency: 0.2454 | polarity: 2.3787 | monodec: 0.0002 | rule: 228.6843 | group: 1.7644 | tree: 5.1283 | total: 1.6264
[New] Epoch 279/1000 | classify: 1.5865 | voltage: 0.3508 | conc: 0.0006 | consistency: 0.2467 | polarity: 2.4131 | monodec: 0.0003 | rule: 209.6787 | group: 1.8162 | tree: 5.2000 | total: 1.7137
[New] Epoch 280/1000 | classify: 1.5163 | voltage: 0.3373 | conc: 0.0009 | consistency: 0.2468 | polarity: 2.4350 | monodec: 0.0003 | rule: 215.8223 | group: 1.8803 | tree: 5.4024 | total: 1.6463
--- 验证集 [epoch 280] ---
  准确率 (Accuracy):  0.8151
  精确率 (Precision): 0.8038
  召回率 (Recall):    0.6849
  F1 分数 (F1):       0.6840
[New] Epoch 281/1000 | classify: 1.5370 | voltage: 0.3379 | conc: 0.0005 | consistency: 0.2471 | polarity: 2.3622 | monodec: 0.0002 | rule: 213.5224 | group: 1.7923 | tree: 5.3147 | total: 1.6653
[New] Epoch 282/1000 | classify: 1.4182 | voltage: 0.3547 | conc: 0.0006 | consistency: 0.2482 | polarity: 2.3792 | monodec: 0.0002 | rule: 232.8623 | group: 1.7864 | tree: 5.4011 | total: 1.5572
[New] Epoch 283/1000 | classify: 1.5564 | voltage: 0.3428 | conc: 0.0008 | consistency: 0.2493 | polarity: 2.3831 | monodec: 0.0002 | rule: 232.0813 | group: 1.7660 | tree: 4.9840 | total: 1.6943
[New] Epoch 284/1000 | classify: 1.5916 | voltage: 0.3681 | conc: 0.0007 | consistency: 0.2503 | polarity: 2.3718 | monodec: 0.0002 | rule: 215.4184 | group: 1.7637 | tree: 5.1479 | total: 1.7225
[New] Epoch 285/1000 | classify: 1.5150 | voltage: 0.3668 | conc: 0.0005 | consistency: 0.2511 | polarity: 2.3623 | monodec: 0.0002 | rule: 216.3883 | group: 1.7436 | tree: 4.9537 | total: 1.6460
[New] Epoch 286/1000 | classify: 1.5153 | voltage: 0.3721 | conc: 0.0008 | consistency: 0.2524 | polarity: 2.3859 | monodec: 0.0002 | rule: 217.7020 | group: 1.7812 | tree: 5.2043 | total: 1.6476
[New] Epoch 287/1000 | classify: 1.4073 | voltage: 0.3704 | conc: 0.0011 | consistency: 0.2503 | polarity: 2.4308 | monodec: 0.0002 | rule: 239.3075 | group: 1.7967 | tree: 5.4741 | total: 1.5508
[New] Epoch 288/1000 | classify: 1.3863 | voltage: 0.3683 | conc: 0.0005 | consistency: 0.2545 | polarity: 2.3546 | monodec: 0.0002 | rule: 231.6761 | group: 1.7365 | tree: 5.2458 | total: 1.5252
[New] Epoch 289/1000 | classify: 1.5465 | voltage: 0.3753 | conc: 0.0006 | consistency: 0.2549 | polarity: 2.3380 | monodec: 0.0002 | rule: 219.4594 | group: 1.7608 | tree: 5.2600 | total: 1.6797
[New] Epoch 290/1000 | classify: 1.4359 | voltage: 0.3697 | conc: 0.0008 | consistency: 0.2560 | polarity: 2.4274 | monodec: 0.0002 | rule: 237.9864 | group: 1.8665 | tree: 5.5436 | total: 1.5785
--- 验证集 [epoch 290] ---
  准确率 (Accuracy):  0.8151
  精确率 (Precision): 0.8189
  召回率 (Recall):    0.7347
  F1 分数 (F1):       0.7472
[New] Epoch 291/1000 | classify: 1.4377 | voltage: 0.3870 | conc: 0.0006 | consistency: 0.2571 | polarity: 2.3665 | monodec: 0.0002 | rule: 222.0175 | group: 1.7974 | tree: 5.1339 | total: 1.5727
[New] Epoch 292/1000 | classify: 1.4705 | voltage: 0.4010 | conc: 0.0007 | consistency: 0.2580 | polarity: 2.3788 | monodec: 0.0002 | rule: 217.3946 | group: 1.7625 | tree: 4.9205 | total: 1.6039
[New] Epoch 293/1000 | classify: 1.4878 | voltage: 0.3958 | conc: 0.0005 | consistency: 0.2591 | polarity: 2.3961 | monodec: 0.0002 | rule: 238.7105 | group: 1.7994 | tree: 5.3884 | total: 1.6317
[New] Epoch 294/1000 | classify: 1.5850 | voltage: 0.4032 | conc: 0.0005 | consistency: 0.2577 | polarity: 2.3643 | monodec: 0.0002 | rule: 236.9875 | group: 1.7307 | tree: 5.0607 | total: 1.7282
[New] Epoch 295/1000 | classify: 1.5051 | voltage: 0.4088 | conc: 0.0006 | consistency: 0.2586 | polarity: 2.3321 | monodec: 0.0002 | rule: 219.2309 | group: 1.7195 | tree: 4.9288 | total: 1.6397
[New] Epoch 296/1000 | classify: 1.6616 | voltage: 0.4350 | conc: 0.0008 | consistency: 0.2599 | polarity: 2.4268 | monodec: 0.0002 | rule: 235.2953 | group: 1.8115 | tree: 5.3074 | total: 1.8060
[New] Epoch 297/1000 | classify: 1.6157 | voltage: 0.4388 | conc: 0.0006 | consistency: 0.2643 | polarity: 2.3450 | monodec: 0.0001 | rule: 215.1929 | group: 1.8148 | tree: 5.3933 | total: 1.7501
[New] Epoch 298/1000 | classify: 1.4235 | voltage: 0.4308 | conc: 0.0007 | consistency: 0.2653 | polarity: 2.3344 | monodec: 0.0001 | rule: 226.3010 | group: 1.7500 | tree: 4.9684 | total: 1.5628
[New] Epoch 299/1000 | classify: 1.4501 | voltage: 0.4464 | conc: 0.0009 | consistency: 0.2662 | polarity: 2.3841 | monodec: 0.0001 | rule: 215.9540 | group: 1.7980 | tree: 5.0290 | total: 1.5853
[New] Epoch 300/1000 | classify: 1.5736 | voltage: 0.4641 | conc: 0.0008 | consistency: 0.2641 | polarity: 2.3902 | monodec: 0.0001 | rule: 219.8671 | group: 1.7961 | tree: 5.1360 | total: 1.7116
--- 验证集 [epoch 300] ---
  准确率 (Accuracy):  0.7671
  精确率 (Precision): 0.6161
  召回率 (Recall):    0.6048
  F1 分数 (F1):       0.6041
✅ 模型已保存到 /home/kudouzala/Application/ion_detect/output/trained_model_save/exp_new_f/trained_model_epoch_300.pth
📁 损失值已保存到 /home/kudouzala/Application/ion_detect/output/trained_model_save/exp_new_f/training_loss_epoch_300.csv
[New] Epoch 301/1000 | classify: 1.5446 | voltage: 0.4384 | conc: 0.0009 | consistency: 0.2680 | polarity: 2.4005 | monodec: 0.0001 | rule: 242.8472 | group: 1.7911 | tree: 5.3358 | total: 1.6930
[New] Epoch 302/1000 | classify: 1.4705 | voltage: 0.4495 | conc: 0.0006 | consistency: 0.2694 | polarity: 2.3733 | monodec: 0.0001 | rule: 227.6630 | group: 1.7664 | tree: 5.2312 | total: 1.6115
[New] Epoch 303/1000 | classify: 1.6540 | voltage: 0.4654 | conc: 0.0010 | consistency: 0.2702 | polarity: 2.4186 | monodec: 0.0001 | rule: 239.7997 | group: 1.8041 | tree: 5.1906 | total: 1.8023
[New] Epoch 304/1000 | classify: 1.4727 | voltage: 0.4802 | conc: 0.0006 | consistency: 0.2709 | polarity: 2.3575 | monodec: 0.0001 | rule: 229.0511 | group: 1.7382 | tree: 5.0233 | total: 1.6158
[New] Epoch 305/1000 | classify: 1.5993 | voltage: 0.4913 | conc: 0.0008 | consistency: 0.2718 | polarity: 2.3910 | monodec: 0.0001 | rule: 214.4156 | group: 1.8282 | tree: 5.4009 | total: 1.7361
[New] Epoch 306/1000 | classify: 1.4210 | voltage: 0.5000 | conc: 0.0007 | consistency: 0.2732 | polarity: 2.3200 | monodec: 0.0001 | rule: 224.9371 | group: 1.7196 | tree: 4.8630 | total: 1.5631
[New] Epoch 307/1000 | classify: 1.5406 | voltage: 0.5036 | conc: 0.0005 | consistency: 0.2742 | polarity: 2.3205 | monodec: 0.0001 | rule: 229.0980 | group: 1.7288 | tree: 4.9559 | total: 1.6847
[New] Epoch 308/1000 | classify: 1.6856 | voltage: 0.5292 | conc: 0.0009 | consistency: 0.2756 | polarity: 2.4277 | monodec: 0.0001 | rule: 240.7401 | group: 1.7933 | tree: 5.3726 | total: 1.8375
[New] Epoch 309/1000 | classify: 1.4732 | voltage: 0.5140 | conc: 0.0007 | consistency: 0.2768 | polarity: 2.3555 | monodec: 0.0001 | rule: 232.5128 | group: 1.7558 | tree: 5.1121 | total: 1.6199
[New] Epoch 310/1000 | classify: 1.7183 | voltage: 0.5174 | conc: 0.0007 | consistency: 0.2777 | polarity: 2.4001 | monodec: 0.0001 | rule: 222.8825 | group: 1.7359 | tree: 5.1039 | total: 1.8604
--- 验证集 [epoch 310] ---
  准确率 (Accuracy):  0.7945
  精确率 (Precision): 0.7488
  召回率 (Recall):    0.6522
  F1 分数 (F1):       0.6517
[New] Epoch 311/1000 | classify: 1.7320 | voltage: 0.5575 | conc: 0.0008 | consistency: 0.2793 | polarity: 2.3956 | monodec: 0.0001 | rule: 205.3177 | group: 1.7940 | tree: 5.1289 | total: 1.8674
[New] Epoch 312/1000 | classify: 1.4691 | voltage: 0.5306 | conc: 0.0006 | consistency: 0.2778 | polarity: 2.3525 | monodec: 0.0001 | rule: 252.1298 | group: 1.7365 | tree: 4.9098 | total: 1.6262
[New] Epoch 313/1000 | classify: 1.6390 | voltage: 0.5664 | conc: 0.0006 | consistency: 0.2821 | polarity: 2.3528 | monodec: 0.0001 | rule: 238.0692 | group: 1.7525 | tree: 5.0471 | total: 1.7909
[New] Epoch 314/1000 | classify: 1.5893 | voltage: 0.5585 | conc: 0.0004 | consistency: 0.2835 | polarity: 2.3808 | monodec: 0.0001 | rule: 245.0748 | group: 1.7162 | tree: 5.0576 | total: 1.7442
[New] Epoch 315/1000 | classify: 1.6991 | voltage: 0.5750 | conc: 0.0007 | consistency: 0.2847 | polarity: 2.3925 | monodec: 0.0001 | rule: 231.7237 | group: 1.7580 | tree: 5.3092 | total: 1.8486
[New] Epoch 316/1000 | classify: 1.5643 | voltage: 0.5637 | conc: 0.0006 | consistency: 0.2860 | polarity: 2.3870 | monodec: 0.0001 | rule: 240.5037 | group: 1.7809 | tree: 5.5627 | total: 1.7177
[New] Epoch 317/1000 | classify: 1.6181 | voltage: 0.5772 | conc: 0.0006 | consistency: 0.2866 | polarity: 2.3585 | monodec: 0.0001 | rule: 235.5902 | group: 1.7081 | tree: 5.0937 | total: 1.7694
[New] Epoch 318/1000 | classify: 1.6603 | voltage: 0.5977 | conc: 0.0010 | consistency: 0.2878 | polarity: 2.4033 | monodec: 0.0001 | rule: 243.1980 | group: 1.8095 | tree: 5.4268 | total: 1.8170
[New] Epoch 319/1000 | classify: 1.6404 | voltage: 0.5966 | conc: 0.0010 | consistency: 0.2852 | polarity: 2.4373 | monodec: 0.0001 | rule: 247.8548 | group: 1.7793 | tree: 5.4524 | total: 1.7994
[New] Epoch 320/1000 | classify: 1.7370 | voltage: 0.6310 | conc: 0.0004 | consistency: 0.2864 | polarity: 2.3817 | monodec: 0.0001 | rule: 232.0049 | group: 1.7917 | tree: 5.3876 | total: 1.8892
--- 验证集 [epoch 320] ---
  准确率 (Accuracy):  0.8219
  精确率 (Precision): 0.8070
  召回率 (Recall):    0.7403
  F1 分数 (F1):       0.7506
[New] Epoch 321/1000 | classify: 1.6153 | voltage: 0.6260 | conc: 0.0005 | consistency: 0.2905 | polarity: 2.3375 | monodec: 0.0001 | rule: 220.1493 | group: 1.7203 | tree: 5.0301 | total: 1.7611
[New] Epoch 322/1000 | classify: 1.7395 | voltage: 0.6323 | conc: 0.0005 | consistency: 0.2915 | polarity: 2.4493 | monodec: 0.0001 | rule: 231.6077 | group: 1.8343 | tree: 5.4986 | total: 1.8917
[New] Epoch 323/1000 | classify: 1.5945 | voltage: 0.6374 | conc: 0.0006 | consistency: 0.2922 | polarity: 2.4048 | monodec: 0.0001 | rule: 224.0492 | group: 1.7892 | tree: 5.0451 | total: 1.7431
[New] Epoch 324/1000 | classify: 1.4702 | voltage: 0.6423 | conc: 0.0007 | consistency: 0.2890 | polarity: 2.3540 | monodec: 0.0001 | rule: 225.0820 | group: 1.7824 | tree: 5.1841 | total: 1.6196
[New] Epoch 325/1000 | classify: 1.7892 | voltage: 0.6381 | conc: 0.0006 | consistency: 0.2920 | polarity: 2.3636 | monodec: 0.0001 | rule: 234.4626 | group: 1.7299 | tree: 5.0619 | total: 1.9429
[New] Epoch 326/1000 | classify: 1.8316 | voltage: 0.6621 | conc: 0.0012 | consistency: 0.2930 | polarity: 2.4201 | monodec: 0.0001 | rule: 220.1176 | group: 1.8582 | tree: 5.4591 | total: 1.9803
[New] Epoch 327/1000 | classify: 1.6856 | voltage: 0.6775 | conc: 0.0005 | consistency: 0.2940 | polarity: 2.3437 | monodec: 0.0001 | rule: 221.0544 | group: 1.7422 | tree: 5.1420 | total: 1.8346
[New] Epoch 328/1000 | classify: 1.8672 | voltage: 0.6817 | conc: 0.0007 | consistency: 0.2950 | polarity: 2.4392 | monodec: 0.0001 | rule: 235.7690 | group: 1.7655 | tree: 5.1422 | total: 2.0239
[New] Epoch 329/1000 | classify: 1.8272 | voltage: 0.6610 | conc: 0.0010 | consistency: 0.2964 | polarity: 2.4291 | monodec: 0.0001 | rule: 237.5288 | group: 1.7923 | tree: 5.2923 | total: 1.9842
[New] Epoch 330/1000 | classify: 1.5970 | voltage: 0.7122 | conc: 0.0007 | consistency: 0.2974 | polarity: 2.3295 | monodec: 0.0001 | rule: 208.8822 | group: 1.7289 | tree: 5.0467 | total: 1.7418
--- 验证集 [epoch 330] ---
  准确率 (Accuracy):  0.7808
  精确率 (Precision): 0.7657
  召回率 (Recall):    0.6807
  F1 分数 (F1):       0.6534
[New] Epoch 331/1000 | classify: 1.6504 | voltage: 0.7194 | conc: 0.0007 | consistency: 0.2982 | polarity: 2.3740 | monodec: 0.0001 | rule: 217.8140 | group: 1.7706 | tree: 5.1990 | total: 1.8002
[New] Epoch 332/1000 | classify: 1.7634 | voltage: 0.7462 | conc: 0.0006 | consistency: 0.2989 | polarity: 2.3406 | monodec: 0.0001 | rule: 206.7258 | group: 1.7185 | tree: 5.0022 | total: 1.9086
[New] Epoch 333/1000 | classify: 1.8603 | voltage: 0.7212 | conc: 0.0008 | consistency: 0.3003 | polarity: 2.3914 | monodec: 0.0001 | rule: 245.4828 | group: 1.7761 | tree: 5.2966 | total: 2.0241
[New] Epoch 334/1000 | classify: 1.8381 | voltage: 0.7242 | conc: 0.0004 | consistency: 0.3013 | polarity: 2.3695 | monodec: 0.0001 | rule: 234.0916 | group: 1.7233 | tree: 5.2534 | total: 1.9959
[New] Epoch 335/1000 | classify: 1.6496 | voltage: 0.7323 | conc: 0.0011 | consistency: 0.3019 | polarity: 2.3970 | monodec: 0.0001 | rule: 207.2034 | group: 1.7940 | tree: 5.2416 | total: 1.7950
[New] Epoch 336/1000 | classify: 1.7340 | voltage: 0.7694 | conc: 0.0006 | consistency: 0.3027 | polarity: 2.3246 | monodec: 0.0001 | rule: 213.0759 | group: 1.6961 | tree: 4.8834 | total: 1.8835
[New] Epoch 337/1000 | classify: 1.9298 | voltage: 0.7928 | conc: 0.0004 | consistency: 0.3035 | polarity: 2.3917 | monodec: 0.0001 | rule: 222.9566 | group: 1.7973 | tree: 5.2041 | total: 2.0855
[New] Epoch 338/1000 | classify: 1.9654 | voltage: 0.7707 | conc: 0.0010 | consistency: 0.3046 | polarity: 2.4925 | monodec: 0.0001 | rule: 229.8018 | group: 1.8622 | tree: 5.5773 | total: 2.1242
[New] Epoch 339/1000 | classify: 1.7964 | voltage: 0.7909 | conc: 0.0006 | consistency: 0.3056 | polarity: 2.3590 | monodec: 0.0001 | rule: 215.6049 | group: 1.6972 | tree: 5.0173 | total: 1.9483
[New] Epoch 340/1000 | classify: 1.8991 | voltage: 0.8001 | conc: 0.0006 | consistency: 0.3060 | polarity: 2.3591 | monodec: 0.0001 | rule: 238.7552 | group: 1.7354 | tree: 5.2199 | total: 2.0632
--- 验证集 [epoch 340] ---
  准确率 (Accuracy):  0.8082
  精确率 (Precision): 0.7689
  召回率 (Recall):    0.6697
  F1 分数 (F1):       0.6984
[New] Epoch 341/1000 | classify: 1.9634 | voltage: 0.8262 | conc: 0.0007 | consistency: 0.3065 | polarity: 2.4482 | monodec: 0.0001 | rule: 219.3155 | group: 1.8560 | tree: 5.4259 | total: 2.1193
[New] Epoch 342/1000 | classify: 1.8239 | voltage: 0.8214 | conc: 0.0007 | consistency: 0.3069 | polarity: 2.4148 | monodec: 0.0001 | rule: 217.8533 | group: 1.8081 | tree: 5.2268 | total: 1.9787
[New] Epoch 343/1000 | classify: 1.7020 | voltage: 0.8129 | conc: 0.0008 | consistency: 0.3074 | polarity: 2.3308 | monodec: 0.0001 | rule: 231.1726 | group: 1.7279 | tree: 4.9222 | total: 1.8629
[New] Epoch 344/1000 | classify: 1.9128 | voltage: 0.8465 | conc: 0.0005 | consistency: 0.3082 | polarity: 2.3872 | monodec: 0.0001 | rule: 210.7155 | group: 1.7161 | tree: 5.0966 | total: 2.0651
[New] Epoch 345/1000 | classify: 2.0274 | voltage: 0.8033 | conc: 0.0007 | consistency: 0.3093 | polarity: 2.3987 | monodec: 0.0000 | rule: 276.6668 | group: 1.7588 | tree: 5.0308 | total: 2.2107
[New] Epoch 346/1000 | classify: 1.8604 | voltage: 0.8197 | conc: 0.0010 | consistency: 0.3100 | polarity: 2.3994 | monodec: 0.0000 | rule: 265.6494 | group: 1.7814 | tree: 5.0676 | total: 2.0393
[New] Epoch 347/1000 | classify: 1.6684 | voltage: 0.8753 | conc: 0.0007 | consistency: 0.3102 | polarity: 2.3544 | monodec: 0.0000 | rule: 196.4934 | group: 1.7111 | tree: 4.9005 | total: 1.8150
[New] Epoch 348/1000 | classify: 1.9511 | voltage: 0.8442 | conc: 0.0005 | consistency: 0.3101 | polarity: 2.3593 | monodec: 0.0001 | rule: 234.4835 | group: 1.7082 | tree: 5.0817 | total: 2.1151
[New] Epoch 349/1000 | classify: 1.8874 | voltage: 0.8716 | conc: 0.0006 | consistency: 0.3108 | polarity: 2.4042 | monodec: 0.0000 | rule: 248.9412 | group: 1.7458 | tree: 5.1669 | total: 2.0602
[New] Epoch 350/1000 | classify: 1.8212 | voltage: 0.8712 | conc: 0.0006 | consistency: 0.3079 | polarity: 2.3543 | monodec: 0.0000 | rule: 232.8444 | group: 1.6618 | tree: 5.0675 | total: 1.9858
--- 验证集 [epoch 350] ---
  准确率 (Accuracy):  0.8151
  精确率 (Precision): 0.8150
  召回率 (Recall):    0.7093
  F1 分数 (F1):       0.7398
✅ 模型已保存到 /home/kudouzala/Application/ion_detect/output/trained_model_save/exp_new_f/trained_model_epoch_350.pth
📁 损失值已保存到 /home/kudouzala/Application/ion_detect/output/trained_model_save/exp_new_f/training_loss_epoch_350.csv
[New] Epoch 351/1000 | classify: 2.0652 | voltage: 0.8952 | conc: 0.0009 | consistency: 0.3113 | polarity: 2.4547 | monodec: 0.0001 | rule: 211.9733 | group: 1.7929 | tree: 5.2564 | total: 2.2210
[New] Epoch 352/1000 | classify: 1.9893 | voltage: 0.8865 | conc: 0.0007 | consistency: 0.3121 | polarity: 2.3599 | monodec: 0.0000 | rule: 238.8986 | group: 1.7196 | tree: 4.9730 | total: 2.1578
[New] Epoch 353/1000 | classify: 1.9909 | voltage: 0.9104 | conc: 0.0005 | consistency: 0.3131 | polarity: 2.3890 | monodec: 0.0000 | rule: 240.2234 | group: 1.7385 | tree: 5.1050 | total: 2.1610
[New] Epoch 354/1000 | classify: 1.9773 | voltage: 0.9080 | conc: 0.0006 | consistency: 0.3134 | polarity: 2.3839 | monodec: 0.0000 | rule: 223.2863 | group: 1.7338 | tree: 5.1255 | total: 2.1390
[New] Epoch 355/1000 | classify: 1.9879 | voltage: 0.9520 | conc: 0.0006 | consistency: 0.3131 | polarity: 2.3996 | monodec: 0.0000 | rule: 207.4945 | group: 1.7700 | tree: 5.0349 | total: 2.1438
[New] Epoch 356/1000 | classify: 2.1081 | voltage: 0.8922 | conc: 0.0006 | consistency: 0.3139 | polarity: 2.4109 | monodec: 0.0000 | rule: 232.8274 | group: 1.7467 | tree: 5.1479 | total: 2.2739
[New] Epoch 357/1000 | classify: 2.1265 | voltage: 0.9365 | conc: 0.0007 | consistency: 0.3110 | polarity: 2.3560 | monodec: 0.0000 | rule: 213.1426 | group: 1.6963 | tree: 5.0934 | total: 2.2846
[New] Epoch 358/1000 | classify: 1.9695 | voltage: 0.9026 | conc: 0.0006 | consistency: 0.3136 | polarity: 2.3500 | monodec: 0.0000 | rule: 250.4322 | group: 1.7595 | tree: 5.1541 | total: 2.1445
[New] Epoch 359/1000 | classify: 2.0217 | voltage: 0.9387 | conc: 0.0009 | consistency: 0.3140 | polarity: 2.4501 | monodec: 0.0000 | rule: 231.8122 | group: 1.8116 | tree: 5.2819 | total: 2.1897
[New] Epoch 360/1000 | classify: 2.0015 | voltage: 0.9561 | conc: 0.0008 | consistency: 0.3110 | polarity: 2.4116 | monodec: 0.0000 | rule: 236.2372 | group: 1.8244 | tree: 5.3894 | total: 2.1725
--- 验证集 [epoch 360] ---
  准确率 (Accuracy):  0.7877
  精确率 (Precision): 0.7710
  召回率 (Recall):    0.6672
  F1 分数 (F1):       0.6576
[New] Epoch 361/1000 | classify: 2.0245 | voltage: 0.9694 | conc: 0.0009 | consistency: 0.3117 | polarity: 2.4349 | monodec: 0.0000 | rule: 218.0057 | group: 1.7887 | tree: 5.2825 | total: 2.1870
[New] Epoch 362/1000 | classify: 2.1551 | voltage: 0.9592 | conc: 0.0007 | consistency: 0.3159 | polarity: 2.4241 | monodec: 0.0000 | rule: 244.9392 | group: 1.7655 | tree: 5.2935 | total: 2.3304
[New] Epoch 363/1000 | classify: 2.0776 | voltage: 0.9474 | conc: 0.0008 | consistency: 0.3158 | polarity: 2.3849 | monodec: 0.0000 | rule: 223.2218 | group: 1.7372 | tree: 5.1704 | total: 2.2415
[New] Epoch 364/1000 | classify: 2.0440 | voltage: 0.9813 | conc: 0.0006 | consistency: 0.3126 | polarity: 2.2952 | monodec: 0.0000 | rule: 221.6698 | group: 1.6826 | tree: 4.8963 | total: 2.2084
[New] Epoch 365/1000 | classify: 2.1974 | voltage: 0.9830 | conc: 0.0008 | consistency: 0.3164 | polarity: 2.4518 | monodec: 0.0000 | rule: 231.9236 | group: 1.7879 | tree: 5.0779 | total: 2.3674
[New] Epoch 366/1000 | classify: 1.9723 | voltage: 0.9797 | conc: 0.0008 | consistency: 0.3162 | polarity: 2.3679 | monodec: 0.0000 | rule: 234.0506 | group: 1.7762 | tree: 4.9245 | total: 2.1430
[New] Epoch 367/1000 | classify: 2.0845 | voltage: 0.9928 | conc: 0.0009 | consistency: 0.3167 | polarity: 2.4292 | monodec: 0.0000 | rule: 240.6106 | group: 1.8042 | tree: 5.4091 | total: 2.2596
[New] Epoch 368/1000 | classify: 2.0792 | voltage: 1.0252 | conc: 0.0007 | consistency: 0.3134 | polarity: 2.4130 | monodec: 0.0000 | rule: 200.2298 | group: 1.7797 | tree: 5.2484 | total: 2.2354
[New] Epoch 369/1000 | classify: 2.1786 | voltage: 1.0196 | conc: 0.0007 | consistency: 0.3171 | polarity: 2.3625 | monodec: 0.0000 | rule: 229.2759 | group: 1.7130 | tree: 4.9897 | total: 2.3489
[New] Epoch 370/1000 | classify: 2.3737 | voltage: 1.0472 | conc: 0.0005 | consistency: 0.3142 | polarity: 2.4468 | monodec: 0.0000 | rule: 217.0812 | group: 1.7771 | tree: 5.1053 | total: 2.5391
--- 验证集 [epoch 370] ---
  准确率 (Accuracy):  0.7877
  精确率 (Precision): 0.7587
  召回率 (Recall):    0.6356
  F1 分数 (F1):       0.6362
[New] Epoch 371/1000 | classify: 2.1518 | voltage: 1.0211 | conc: 0.0007 | consistency: 0.3186 | polarity: 2.3969 | monodec: 0.0000 | rule: 223.8544 | group: 1.7780 | tree: 5.1870 | total: 2.3197
[New] Epoch 372/1000 | classify: 1.9993 | voltage: 1.0271 | conc: 0.0004 | consistency: 0.3186 | polarity: 2.3244 | monodec: 0.0000 | rule: 215.3214 | group: 1.6867 | tree: 4.8644 | total: 2.1626
[New] Epoch 373/1000 | classify: 1.7910 | voltage: 1.0417 | conc: 0.0006 | consistency: 0.3176 | polarity: 2.2959 | monodec: 0.0000 | rule: 207.8912 | group: 1.7120 | tree: 4.9454 | total: 1.9516
[New] Epoch 374/1000 | classify: 2.2031 | voltage: 1.0220 | conc: 0.0006 | consistency: 0.3175 | polarity: 2.3567 | monodec: 0.0000 | rule: 221.9850 | group: 1.7204 | tree: 5.0398 | total: 2.3698
[New] Epoch 375/1000 | classify: 2.2997 | voltage: 1.0463 | conc: 0.0012 | consistency: 0.3181 | polarity: 2.5082 | monodec: 0.0000 | rule: 244.1162 | group: 1.8724 | tree: 5.4191 | total: 2.4795
[New] Epoch 376/1000 | classify: 2.1898 | voltage: 1.0477 | conc: 0.0007 | consistency: 0.3186 | polarity: 2.3802 | monodec: 0.0000 | rule: 208.8701 | group: 1.7897 | tree: 5.0861 | total: 2.3514
[New] Epoch 377/1000 | classify: 2.3783 | voltage: 1.0525 | conc: 0.0006 | consistency: 0.3191 | polarity: 2.3974 | monodec: 0.0000 | rule: 208.9123 | group: 1.7867 | tree: 5.1908 | total: 2.5402
[New] Epoch 378/1000 | classify: 2.0413 | voltage: 1.0819 | conc: 0.0006 | consistency: 0.3154 | polarity: 2.3303 | monodec: 0.0000 | rule: 194.7814 | group: 1.6425 | tree: 5.0112 | total: 2.1974
[New] Epoch 379/1000 | classify: 2.2334 | voltage: 1.0772 | conc: 0.0008 | consistency: 0.3187 | polarity: 2.4418 | monodec: 0.0000 | rule: 239.3567 | group: 1.8097 | tree: 5.2057 | total: 2.4119
[New] Epoch 380/1000 | classify: 2.0407 | voltage: 1.0832 | conc: 0.0007 | consistency: 0.3115 | polarity: 2.4025 | monodec: 0.0000 | rule: 219.9780 | group: 1.7664 | tree: 5.1482 | total: 2.2096
--- 验证集 [epoch 380] ---
  准确率 (Accuracy):  0.7534
  精确率 (Precision): 0.7653
  召回率 (Recall):    0.6472
  F1 分数 (F1):       0.6331
[New] Epoch 381/1000 | classify: 2.0234 | voltage: 1.0668 | conc: 0.0006 | consistency: 0.3147 | polarity: 2.4136 | monodec: 0.0000 | rule: 215.6133 | group: 1.7566 | tree: 5.0213 | total: 2.1891
[New] Epoch 382/1000 | classify: 2.0681 | voltage: 1.0287 | conc: 0.0008 | consistency: 0.3185 | polarity: 2.3465 | monodec: 0.0000 | rule: 261.9684 | group: 1.6977 | tree: 5.0443 | total: 2.2554
[New] Epoch 383/1000 | classify: 2.1290 | voltage: 1.0514 | conc: 0.0007 | consistency: 0.3187 | polarity: 2.3972 | monodec: 0.0000 | rule: 231.9695 | group: 1.7782 | tree: 5.3801 | total: 2.3024
[New] Epoch 384/1000 | classify: 2.3161 | voltage: 1.0712 | conc: 0.0009 | consistency: 0.3191 | polarity: 2.4537 | monodec: 0.0000 | rule: 226.2805 | group: 1.7987 | tree: 5.3494 | total: 2.4880
[New] Epoch 385/1000 | classify: 2.0188 | voltage: 1.0772 | conc: 0.0007 | consistency: 0.3196 | polarity: 2.3925 | monodec: 0.0000 | rule: 233.7500 | group: 1.7591 | tree: 5.3364 | total: 2.1944
[New] Epoch 386/1000 | classify: 2.0521 | voltage: 1.0764 | conc: 0.0007 | consistency: 0.3197 | polarity: 2.4039 | monodec: 0.0000 | rule: 231.9372 | group: 1.8302 | tree: 5.4234 | total: 2.2269
[New] Epoch 387/1000 | classify: 1.8842 | voltage: 1.1034 | conc: 0.0008 | consistency: 0.3195 | polarity: 2.3367 | monodec: 0.0000 | rule: 212.4687 | group: 1.7067 | tree: 4.9226 | total: 2.0503
[New] Epoch 388/1000 | classify: 2.3139 | voltage: 1.0627 | conc: 0.0007 | consistency: 0.3153 | polarity: 2.4822 | monodec: 0.0000 | rule: 260.8377 | group: 1.8341 | tree: 5.3901 | total: 2.5024
[New] Epoch 389/1000 | classify: 2.1246 | voltage: 1.0828 | conc: 0.0004 | consistency: 0.3194 | polarity: 2.3701 | monodec: 0.0000 | rule: 230.1590 | group: 1.7642 | tree: 5.0434 | total: 2.2983
[New] Epoch 390/1000 | classify: 2.1579 | voltage: 1.1214 | conc: 0.0006 | consistency: 0.3199 | polarity: 2.3482 | monodec: 0.0000 | rule: 231.2489 | group: 1.7502 | tree: 5.1473 | total: 2.3342
--- 验证集 [epoch 390] ---
  准确率 (Accuracy):  0.7877
  精确率 (Precision): 0.7941
  召回率 (Recall):    0.6486
  F1 分数 (F1):       0.6693
[New] Epoch 391/1000 | classify: 2.1775 | voltage: 1.1064 | conc: 0.0007 | consistency: 0.3199 | polarity: 2.3764 | monodec: 0.0000 | rule: 222.6891 | group: 1.7485 | tree: 5.1667 | total: 2.3489
[New] Epoch 392/1000 | classify: 2.3035 | voltage: 1.0936 | conc: 0.0007 | consistency: 0.3203 | polarity: 2.4154 | monodec: 0.0000 | rule: 243.9440 | group: 1.7139 | tree: 5.0233 | total: 2.4848
[New] Epoch 393/1000 | classify: 1.9087 | voltage: 1.1096 | conc: 0.0005 | consistency: 0.3201 | polarity: 2.2925 | monodec: 0.0000 | rule: 240.5805 | group: 1.6550 | tree: 4.8720 | total: 2.0889
[New] Epoch 394/1000 | classify: 2.1261 | voltage: 1.1145 | conc: 0.0012 | consistency: 0.3200 | polarity: 2.4434 | monodec: 0.0000 | rule: 220.3363 | group: 1.8269 | tree: 5.2262 | total: 2.2974
[New] Epoch 395/1000 | classify: 2.2744 | voltage: 1.1100 | conc: 0.0011 | consistency: 0.3169 | polarity: 2.4547 | monodec: 0.0000 | rule: 252.7375 | group: 1.8197 | tree: 5.4383 | total: 2.4617
[New] Epoch 396/1000 | classify: 2.2381 | voltage: 1.1441 | conc: 0.0007 | consistency: 0.3211 | polarity: 2.4158 | monodec: 0.0000 | rule: 217.5746 | group: 1.8188 | tree: 5.2583 | total: 2.4090
[New] Epoch 397/1000 | classify: 2.2259 | voltage: 1.1361 | conc: 0.0008 | consistency: 0.3211 | polarity: 2.4275 | monodec: 0.0000 | rule: 220.2907 | group: 1.8773 | tree: 5.2133 | total: 2.3978
[New] Epoch 398/1000 | classify: 2.3447 | voltage: 1.1181 | conc: 0.0009 | consistency: 0.3213 | polarity: 2.4832 | monodec: 0.0000 | rule: 245.9215 | group: 1.8348 | tree: 5.4021 | total: 2.5287
[New] Epoch 399/1000 | classify: 2.1864 | voltage: 1.1550 | conc: 0.0010 | consistency: 0.3178 | polarity: 2.4163 | monodec: 0.0000 | rule: 231.3487 | group: 1.7972 | tree: 5.2315 | total: 2.3650
[New] Epoch 400/1000 | classify: 2.2333 | voltage: 1.1640 | conc: 0.0007 | consistency: 0.3177 | polarity: 2.3938 | monodec: 0.0000 | rule: 216.6695 | group: 1.7599 | tree: 5.0286 | total: 2.4046
--- 验证集 [epoch 400] ---
  准确率 (Accuracy):  0.7808
  精确率 (Precision): 0.7948
  召回率 (Recall):    0.6652
  F1 分数 (F1):       0.6634
✅ 模型已保存到 /home/kudouzala/Application/ion_detect/output/trained_model_save/exp_new_f/trained_model_epoch_400.pth
📁 损失值已保存到 /home/kudouzala/Application/ion_detect/output/trained_model_save/exp_new_f/training_loss_epoch_400.csv
[New] Epoch 401/1000 | classify: 2.2464 | voltage: 1.1527 | conc: 0.0008 | consistency: 0.3175 | polarity: 2.3882 | monodec: 0.0000 | rule: 209.7978 | group: 1.7311 | tree: 5.0830 | total: 2.4137
[New] Epoch 402/1000 | classify: 2.2570 | voltage: 1.1112 | conc: 0.0006 | consistency: 0.3214 | polarity: 2.3994 | monodec: 0.0000 | rule: 259.5081 | group: 1.7418 | tree: 5.0779 | total: 2.4470
[New] Epoch 403/1000 | classify: 2.3400 | voltage: 1.1492 | conc: 0.0007 | consistency: 0.3215 | polarity: 2.4275 | monodec: 0.0000 | rule: 230.6561 | group: 1.7858 | tree: 5.2261 | total: 2.5177
[New] Epoch 404/1000 | classify: 2.2056 | voltage: 1.1802 | conc: 0.0006 | consistency: 0.3210 | polarity: 2.4110 | monodec: 0.0000 | rule: 217.6616 | group: 1.8426 | tree: 5.3359 | total: 2.3782
[New] Epoch 405/1000 | classify: 2.2333 | voltage: 1.1507 | conc: 0.0010 | consistency: 0.3211 | polarity: 2.4161 | monodec: 0.0000 | rule: 239.6643 | group: 1.8008 | tree: 5.4212 | total: 2.4159
[New] Epoch 406/1000 | classify: 2.1382 | voltage: 1.1550 | conc: 0.0006 | consistency: 0.3210 | polarity: 2.3155 | monodec: 0.0000 | rule: 212.0690 | group: 1.6935 | tree: 4.9006 | total: 2.3065
[New] Epoch 407/1000 | classify: 2.3393 | voltage: 1.1707 | conc: 0.0005 | consistency: 0.3172 | polarity: 2.4220 | monodec: 0.0000 | rule: 243.0636 | group: 1.7885 | tree: 5.3125 | total: 2.5241
[New] Epoch 408/1000 | classify: 2.3428 | voltage: 1.1817 | conc: 0.0009 | consistency: 0.3209 | polarity: 2.4503 | monodec: 0.0000 | rule: 228.6117 | group: 1.8508 | tree: 5.3669 | total: 2.5213
[New] Epoch 409/1000 | classify: 2.3392 | voltage: 1.1730 | conc: 0.0008 | consistency: 0.3209 | polarity: 2.4335 | monodec: 0.0000 | rule: 237.1935 | group: 1.8199 | tree: 5.3406 | total: 2.5215
[New] Epoch 410/1000 | classify: 2.3178 | voltage: 1.2143 | conc: 0.0006 | consistency: 0.3207 | polarity: 2.3720 | monodec: 0.0000 | rule: 216.5100 | group: 1.8061 | tree: 5.0874 | total: 2.4915
--- 验证集 [epoch 410] ---
  准确率 (Accuracy):  0.7808
  精确率 (Precision): 0.7870
  召回率 (Recall):    0.6429
  F1 分数 (F1):       0.6679
[New] Epoch 411/1000 | classify: 2.2553 | voltage: 1.1597 | conc: 0.0008 | consistency: 0.3209 | polarity: 2.4283 | monodec: 0.0000 | rule: 228.0856 | group: 1.8108 | tree: 5.3359 | total: 2.4324
[New] Epoch 412/1000 | classify: 2.2218 | voltage: 1.1725 | conc: 0.0008 | consistency: 0.3204 | polarity: 2.4061 | monodec: 0.0000 | rule: 217.7646 | group: 1.8258 | tree: 5.1953 | total: 2.3942
[New] Epoch 413/1000 | classify: 2.2479 | voltage: 1.1625 | conc: 0.0009 | consistency: 0.3204 | polarity: 2.4226 | monodec: 0.0000 | rule: 239.6265 | group: 1.7946 | tree: 5.2485 | total: 2.4309
[New] Epoch 414/1000 | classify: 2.2928 | voltage: 1.1886 | conc: 0.0006 | consistency: 0.3204 | polarity: 2.4062 | monodec: 0.0000 | rule: 219.5978 | group: 1.7791 | tree: 5.1335 | total: 2.4667
[New] Epoch 415/1000 | classify: 2.2501 | voltage: 1.1603 | conc: 0.0007 | consistency: 0.3205 | polarity: 2.3670 | monodec: 0.0000 | rule: 248.0439 | group: 1.7322 | tree: 5.2229 | total: 2.4369
[New] Epoch 416/1000 | classify: 2.3400 | voltage: 1.2011 | conc: 0.0009 | consistency: 0.3125 | polarity: 2.5016 | monodec: 0.0000 | rule: 210.5035 | group: 1.8449 | tree: 5.4735 | total: 2.5105
[New] Epoch 417/1000 | classify: 2.2758 | voltage: 1.1480 | conc: 0.0009 | consistency: 0.3158 | polarity: 2.4226 | monodec: 0.0000 | rule: 234.9275 | group: 1.7859 | tree: 5.3246 | total: 2.4558
[New] Epoch 418/1000 | classify: 2.3316 | voltage: 1.2080 | conc: 0.0005 | consistency: 0.3194 | polarity: 2.4007 | monodec: 0.0000 | rule: 219.8497 | group: 1.7310 | tree: 5.1767 | total: 2.5065
[New] Epoch 419/1000 | classify: 2.2484 | voltage: 1.1569 | conc: 0.0005 | consistency: 0.3185 | polarity: 2.3670 | monodec: 0.0000 | rule: 231.4904 | group: 1.7409 | tree: 5.0117 | total: 2.4265
[New] Epoch 420/1000 | classify: 2.0406 | voltage: 1.1985 | conc: 0.0005 | consistency: 0.3144 | polarity: 2.3221 | monodec: 0.0000 | rule: 205.2633 | group: 1.6974 | tree: 4.8797 | total: 2.2075
--- 验证集 [epoch 420] ---
  准确率 (Accuracy):  0.6849
  精确率 (Precision): 0.5839
  召回率 (Recall):    0.5624
  F1 分数 (F1):       0.5240
[New] Epoch 421/1000 | classify: 2.2112 | voltage: 1.1373 | conc: 0.0008 | consistency: 0.3101 | polarity: 2.3721 | monodec: 0.0000 | rule: 233.9445 | group: 1.7166 | tree: 5.0500 | total: 2.3899
[New] Epoch 422/1000 | classify: 2.2606 | voltage: 1.1703 | conc: 0.0007 | consistency: 0.3177 | polarity: 2.4114 | monodec: 0.0000 | rule: 210.2243 | group: 1.7507 | tree: 4.9357 | total: 2.4289
[New] Epoch 423/1000 | classify: 2.0961 | voltage: 1.1462 | conc: 0.0010 | consistency: 0.3177 | polarity: 2.4399 | monodec: 0.0000 | rule: 232.5883 | group: 1.8057 | tree: 5.1024 | total: 2.2749
[New] Epoch 424/1000 | classify: 2.3287 | voltage: 1.1562 | conc: 0.0008 | consistency: 0.3182 | polarity: 2.4117 | monodec: 0.0000 | rule: 242.0153 | group: 1.7806 | tree: 5.3149 | total: 2.5125
[New] Epoch 425/1000 | classify: 2.2048 | voltage: 1.1948 | conc: 0.0006 | consistency: 0.3188 | polarity: 2.3732 | monodec: 0.0000 | rule: 212.5105 | group: 1.7773 | tree: 5.2663 | total: 2.3756
[New] Epoch 426/1000 | classify: 2.2290 | voltage: 1.1731 | conc: 0.0006 | consistency: 0.3188 | polarity: 2.3454 | monodec: 0.0000 | rule: 232.0461 | group: 1.6946 | tree: 4.9453 | total: 2.4082
[New] Epoch 427/1000 | classify: 2.0852 | voltage: 1.1577 | conc: 0.0010 | consistency: 0.3187 | polarity: 2.4070 | monodec: 0.0000 | rule: 232.3304 | group: 1.7469 | tree: 5.1124 | total: 2.2643
[New] Epoch 428/1000 | classify: 2.3784 | voltage: 1.1733 | conc: 0.0008 | consistency: 0.3150 | polarity: 2.4181 | monodec: 0.0000 | rule: 228.2944 | group: 1.8102 | tree: 5.3408 | total: 2.5563
[New] Epoch 429/1000 | classify: 2.1715 | voltage: 1.1806 | conc: 0.0007 | consistency: 0.3185 | polarity: 2.3681 | monodec: 0.0000 | rule: 221.7477 | group: 1.7129 | tree: 4.9669 | total: 2.3460
[New] Epoch 430/1000 | classify: 2.1878 | voltage: 1.1654 | conc: 0.0005 | consistency: 0.3181 | polarity: 2.3563 | monodec: 0.0000 | rule: 222.9311 | group: 1.7388 | tree: 4.9360 | total: 2.3620
--- 验证集 [epoch 430] ---
  准确率 (Accuracy):  0.6781
  精确率 (Precision): 0.5017
  召回率 (Recall):    0.4417
  F1 分数 (F1):       0.4412
[New] Epoch 431/1000 | classify: 2.2650 | voltage: 1.1851 | conc: 0.0006 | consistency: 0.3103 | polarity: 2.3570 | monodec: 0.0000 | rule: 223.0544 | group: 1.7107 | tree: 4.9672 | total: 2.4404
[New] Epoch 432/1000 | classify: 2.1916 | voltage: 1.1939 | conc: 0.0006 | consistency: 0.3176 | polarity: 2.3675 | monodec: 0.0000 | rule: 235.6421 | group: 1.8130 | tree: 5.0655 | total: 2.3737
[New] Epoch 433/1000 | classify: 2.4134 | voltage: 1.1739 | conc: 0.0007 | consistency: 0.3175 | polarity: 2.4130 | monodec: 0.0000 | rule: 215.4231 | group: 1.8246 | tree: 5.3301 | total: 2.5847
[New] Epoch 434/1000 | classify: 2.1764 | voltage: 1.1320 | conc: 0.0008 | consistency: 0.3173 | polarity: 2.4240 | monodec: 0.0000 | rule: 238.3615 | group: 1.7745 | tree: 5.3675 | total: 2.3573
[New] Epoch 435/1000 | classify: 2.3146 | voltage: 1.2024 | conc: 0.0005 | consistency: 0.3172 | polarity: 2.4183 | monodec: 0.0000 | rule: 220.0012 | group: 1.7479 | tree: 5.0336 | total: 2.4893
[New] Epoch 436/1000 | classify: 2.3837 | voltage: 1.1850 | conc: 0.0006 | consistency: 0.3175 | polarity: 2.4240 | monodec: 0.0000 | rule: 254.9065 | group: 1.8313 | tree: 5.2501 | total: 2.5752
[New] Epoch 437/1000 | classify: 2.2480 | voltage: 1.1721 | conc: 0.0010 | consistency: 0.3178 | polarity: 2.4186 | monodec: 0.0000 | rule: 244.5125 | group: 1.8241 | tree: 5.0763 | total: 2.4340
[New] Epoch 438/1000 | classify: 2.3115 | voltage: 1.1586 | conc: 0.0010 | consistency: 0.3107 | polarity: 2.4358 | monodec: 0.0000 | rule: 233.7327 | group: 1.8244 | tree: 5.4679 | total: 2.4916
[New] Epoch 439/1000 | classify: 2.1712 | voltage: 1.2069 | conc: 0.0007 | consistency: 0.3178 | polarity: 2.3797 | monodec: 0.0000 | rule: 230.8169 | group: 1.7588 | tree: 4.9813 | total: 2.3517
[New] Epoch 440/1000 | classify: 2.3489 | voltage: 1.1817 | conc: 0.0008 | consistency: 0.3177 | polarity: 2.4525 | monodec: 0.0000 | rule: 243.6237 | group: 1.8236 | tree: 5.4253 | total: 2.5348
--- 验证集 [epoch 440] ---
  准确率 (Accuracy):  0.7123
  精确率 (Precision): 0.5720
  召回率 (Recall):    0.5730
  F1 分数 (F1):       0.5547
[New] Epoch 441/1000 | classify: 2.2282 | voltage: 1.1824 | conc: 0.0007 | consistency: 0.3179 | polarity: 2.3909 | monodec: 0.0000 | rule: 212.8517 | group: 1.8008 | tree: 4.9876 | total: 2.3985
[New] Epoch 442/1000 | classify: 2.4773 | voltage: 1.2014 | conc: 0.0006 | consistency: 0.3146 | polarity: 2.4806 | monodec: 0.0000 | rule: 235.8731 | group: 1.8942 | tree: 5.5163 | total: 2.6603
[New] Epoch 443/1000 | classify: 2.1874 | voltage: 1.2092 | conc: 0.0006 | consistency: 0.3185 | polarity: 2.3743 | monodec: 0.0000 | rule: 215.8145 | group: 1.7710 | tree: 5.3277 | total: 2.3605
[New] Epoch 444/1000 | classify: 2.2939 | voltage: 1.1976 | conc: 0.0009 | consistency: 0.3184 | polarity: 2.4025 | monodec: 0.0000 | rule: 219.2557 | group: 1.7902 | tree: 5.1205 | total: 2.4684
[New] Epoch 445/1000 | classify: 2.3842 | voltage: 1.2336 | conc: 0.0005 | consistency: 0.3185 | polarity: 2.3968 | monodec: 0.0000 | rule: 221.5409 | group: 1.7383 | tree: 5.0526 | total: 2.5612
[New] Epoch 446/1000 | classify: 2.1720 | voltage: 1.2180 | conc: 0.0007 | consistency: 0.3145 | polarity: 2.3524 | monodec: 0.0000 | rule: 201.3733 | group: 1.7415 | tree: 4.9981 | total: 2.3383
[New] Epoch 447/1000 | classify: 2.3461 | voltage: 1.2031 | conc: 0.0007 | consistency: 0.3178 | polarity: 2.4022 | monodec: 0.0000 | rule: 221.4211 | group: 1.7967 | tree: 5.1367 | total: 2.5218
[New] Epoch 448/1000 | classify: 2.0441 | voltage: 1.1723 | conc: 0.0006 | consistency: 0.3181 | polarity: 2.3183 | monodec: 0.0000 | rule: 232.9473 | group: 1.6875 | tree: 4.8792 | total: 2.2237
[New] Epoch 449/1000 | classify: 2.2335 | voltage: 1.1905 | conc: 0.0008 | consistency: 0.3177 | polarity: 2.3913 | monodec: 0.0000 | rule: 234.4796 | group: 1.7242 | tree: 5.2248 | total: 2.4153
[New] Epoch 450/1000 | classify: 2.5248 | voltage: 1.1953 | conc: 0.0008 | consistency: 0.3177 | polarity: 2.4754 | monodec: 0.0000 | rule: 239.1202 | group: 1.8292 | tree: 5.3493 | total: 2.7092
--- 验证集 [epoch 450] ---
  准确率 (Accuracy):  0.7329
  精确率 (Precision): 0.5855
  召回率 (Recall):    0.5607
  F1 分数 (F1):       0.5552
✅ 模型已保存到 /home/kudouzala/Application/ion_detect/output/trained_model_save/exp_new_f/trained_model_epoch_450.pth
📁 损失值已保存到 /home/kudouzala/Application/ion_detect/output/trained_model_save/exp_new_f/training_loss_epoch_450.csv
[New] Epoch 451/1000 | classify: 2.2883 | voltage: 1.1786 | conc: 0.0008 | consistency: 0.3179 | polarity: 2.4025 | monodec: 0.0000 | rule: 228.6327 | group: 1.7195 | tree: 4.8685 | total: 2.4663
[New] Epoch 452/1000 | classify: 2.2586 | voltage: 1.1696 | conc: 0.0006 | consistency: 0.3140 | polarity: 2.3747 | monodec: 0.0000 | rule: 236.0548 | group: 1.7981 | tree: 5.2005 | total: 2.4399
[New] Epoch 453/1000 | classify: 2.3292 | voltage: 1.2065 | conc: 0.0005 | consistency: 0.3179 | polarity: 2.3520 | monodec: 0.0000 | rule: 227.5474 | group: 1.7455 | tree: 5.0435 | total: 2.5079
[New] Epoch 454/1000 | classify: 2.1813 | voltage: 1.2197 | conc: 0.0004 | consistency: 0.3176 | polarity: 2.2965 | monodec: 0.0000 | rule: 213.0815 | group: 1.6845 | tree: 4.6702 | total: 2.3530
[New] Epoch 455/1000 | classify: 2.0242 | voltage: 1.2098 | conc: 0.0006 | consistency: 0.3168 | polarity: 2.3526 | monodec: 0.0000 | rule: 209.4747 | group: 1.7545 | tree: 4.8046 | total: 2.1940
[New] Epoch 456/1000 | classify: 2.2491 | voltage: 1.1893 | conc: 0.0006 | consistency: 0.3161 | polarity: 2.3804 | monodec: 0.0000 | rule: 199.9326 | group: 1.6669 | tree: 5.0696 | total: 2.4132
[New] Epoch 457/1000 | classify: 2.2646 | voltage: 1.1948 | conc: 0.0007 | consistency: 0.3159 | polarity: 2.3858 | monodec: 0.0000 | rule: 233.8429 | group: 1.7674 | tree: 5.2133 | total: 2.4460
[New] Epoch 458/1000 | classify: 2.3424 | voltage: 1.1977 | conc: 0.0006 | consistency: 0.3162 | polarity: 2.4474 | monodec: 0.0000 | rule: 237.3366 | group: 1.8303 | tree: 5.4730 | total: 2.5259
[New] Epoch 459/1000 | classify: 2.3669 | voltage: 1.1974 | conc: 0.0006 | consistency: 0.3163 | polarity: 2.4141 | monodec: 0.0000 | rule: 234.8139 | group: 1.7938 | tree: 5.1855 | total: 2.5490
[New] Epoch 460/1000 | classify: 2.4821 | voltage: 1.2009 | conc: 0.0006 | consistency: 0.3165 | polarity: 2.4253 | monodec: 0.0000 | rule: 235.9551 | group: 1.8422 | tree: 5.1632 | total: 2.6649
--- 验证集 [epoch 460] ---
  准确率 (Accuracy):  0.6164
  精确率 (Precision): 0.5739
  召回率 (Recall):    0.5318
  F1 分数 (F1):       0.4605
[New] Epoch 461/1000 | classify: 2.1005 | voltage: 1.2012 | conc: 0.0006 | consistency: 0.3134 | polarity: 2.3413 | monodec: 0.0000 | rule: 207.1077 | group: 1.6963 | tree: 4.9562 | total: 2.2687
[New] Epoch 462/1000 | classify: 2.2175 | voltage: 1.2012 | conc: 0.0006 | consistency: 0.3168 | polarity: 2.3415 | monodec: 0.0000 | rule: 230.4329 | group: 1.7237 | tree: 4.8797 | total: 2.3973
[New] Epoch 463/1000 | classify: 2.1374 | voltage: 1.1907 | conc: 0.0005 | consistency: 0.3167 | polarity: 2.3135 | monodec: 0.0000 | rule: 197.7704 | group: 1.6820 | tree: 4.8550 | total: 2.3002
[New] Epoch 464/1000 | classify: 2.4436 | voltage: 1.1999 | conc: 0.0006 | consistency: 0.3133 | polarity: 2.4199 | monodec: 0.0000 | rule: 221.1327 | group: 1.7891 | tree: 5.1274 | total: 2.6189
[New] Epoch 465/1000 | classify: 2.0603 | voltage: 1.2205 | conc: 0.0006 | consistency: 0.3172 | polarity: 2.3528 | monodec: 0.0000 | rule: 236.0895 | group: 1.7240 | tree: 4.9337 | total: 2.2439
[New] Epoch 466/1000 | classify: 2.1478 | voltage: 1.1861 | conc: 0.0008 | consistency: 0.3168 | polarity: 2.3979 | monodec: 0.0000 | rule: 231.7469 | group: 1.7764 | tree: 5.0736 | total: 2.3279
[New] Epoch 467/1000 | classify: 2.2408 | voltage: 1.2021 | conc: 0.0007 | consistency: 0.3170 | polarity: 2.4144 | monodec: 0.0000 | rule: 237.2635 | group: 1.7688 | tree: 5.0316 | total: 2.4243
[New] Epoch 468/1000 | classify: 2.3898 | voltage: 1.2243 | conc: 0.0009 | consistency: 0.3173 | polarity: 2.4874 | monodec: 0.0000 | rule: 211.8615 | group: 1.8491 | tree: 5.4588 | total: 2.5621
[New] Epoch 469/1000 | classify: 2.3864 | voltage: 1.1934 | conc: 0.0008 | consistency: 0.3175 | polarity: 2.4258 | monodec: 0.0000 | rule: 234.6421 | group: 1.7559 | tree: 5.1688 | total: 2.5683
[New] Epoch 470/1000 | classify: 2.3841 | voltage: 1.2082 | conc: 0.0010 | consistency: 0.3179 | polarity: 2.4818 | monodec: 0.0000 | rule: 240.7752 | group: 1.8235 | tree: 5.5830 | total: 2.5703
--- 验证集 [epoch 470] ---
  准确率 (Accuracy):  0.7192
  精确率 (Precision): 0.5726
  召回率 (Recall):    0.5462
  F1 分数 (F1):       0.5409
[New] Epoch 471/1000 | classify: 2.3190 | voltage: 1.2370 | conc: 0.0009 | consistency: 0.3179 | polarity: 2.4484 | monodec: 0.0000 | rule: 232.4285 | group: 1.8284 | tree: 5.2964 | total: 2.5022
[New] Epoch 472/1000 | classify: 2.1463 | voltage: 1.2141 | conc: 0.0012 | consistency: 0.3146 | polarity: 2.3922 | monodec: 0.0000 | rule: 230.0122 | group: 1.7893 | tree: 5.2598 | total: 2.3273
[New] Epoch 473/1000 | classify: 2.2176 | voltage: 1.2084 | conc: 0.0008 | consistency: 0.3181 | polarity: 2.3754 | monodec: 0.0000 | rule: 217.6772 | group: 1.7635 | tree: 5.2267 | total: 2.3918
[New] Epoch 474/1000 | classify: 2.3439 | voltage: 1.1961 | conc: 0.0007 | consistency: 0.3180 | polarity: 2.4260 | monodec: 0.0000 | rule: 227.0642 | group: 1.7685 | tree: 5.1405 | total: 2.5221
[New] Epoch 475/1000 | classify: 2.4283 | voltage: 1.2537 | conc: 0.0005 | consistency: 0.3183 | polarity: 2.4091 | monodec: 0.0000 | rule: 238.6387 | group: 1.8031 | tree: 5.3826 | total: 2.6151
[New] Epoch 476/1000 | classify: 2.2754 | voltage: 1.2241 | conc: 0.0008 | consistency: 0.3182 | polarity: 2.4036 | monodec: 0.0000 | rule: 213.6342 | group: 1.7316 | tree: 4.7763 | total: 2.4481
[New] Epoch 477/1000 | classify: 2.2296 | voltage: 1.2138 | conc: 0.0008 | consistency: 0.3146 | polarity: 2.4149 | monodec: 0.0000 | rule: 213.6451 | group: 1.8293 | tree: 5.2786 | total: 2.4022
[New] Epoch 478/1000 | classify: 2.1199 | voltage: 1.2333 | conc: 0.0006 | consistency: 0.3178 | polarity: 2.3701 | monodec: 0.0000 | rule: 211.7479 | group: 1.7324 | tree: 5.0034 | total: 2.2920
[New] Epoch 479/1000 | classify: 2.0842 | voltage: 1.2038 | conc: 0.0007 | consistency: 0.3176 | polarity: 2.3701 | monodec: 0.0000 | rule: 247.4947 | group: 1.7487 | tree: 4.9073 | total: 2.2729
[New] Epoch 480/1000 | classify: 2.1523 | voltage: 1.2124 | conc: 0.0007 | consistency: 0.3176 | polarity: 2.3586 | monodec: 0.0000 | rule: 232.1988 | group: 1.6929 | tree: 4.9149 | total: 2.3337
--- 验证集 [epoch 480] ---
  准确率 (Accuracy):  0.7260
  精确率 (Precision): 0.6050
  召回率 (Recall):    0.5787
  F1 分数 (F1):       0.5450
[New] Epoch 481/1000 | classify: 2.2527 | voltage: 1.2226 | conc: 0.0005 | consistency: 0.3177 | polarity: 2.3981 | monodec: 0.0000 | rule: 220.2856 | group: 1.7956 | tree: 4.9391 | total: 2.4286
[New] Epoch 482/1000 | classify: 2.3923 | voltage: 1.2230 | conc: 0.0007 | consistency: 0.3177 | polarity: 2.4149 | monodec: 0.0000 | rule: 224.5648 | group: 1.7869 | tree: 5.3341 | total: 2.5706
[New] Epoch 483/1000 | classify: 2.4265 | voltage: 1.2103 | conc: 0.0006 | consistency: 0.3179 | polarity: 2.4430 | monodec: 0.0000 | rule: 228.7798 | group: 1.8238 | tree: 5.4754 | total: 2.6063
[New] Epoch 484/1000 | classify: 2.3965 | voltage: 1.2300 | conc: 0.0010 | consistency: 0.3182 | polarity: 2.4655 | monodec: 0.0000 | rule: 226.3886 | group: 1.8596 | tree: 5.3708 | total: 2.5765
[New] Epoch 485/1000 | classify: 2.2871 | voltage: 1.2136 | conc: 0.0008 | consistency: 0.3183 | polarity: 2.3983 | monodec: 0.0000 | rule: 227.5088 | group: 1.7634 | tree: 5.1662 | total: 2.4665
[New] Epoch 486/1000 | classify: 2.2308 | voltage: 1.2320 | conc: 0.0009 | consistency: 0.3183 | polarity: 2.4039 | monodec: 0.0000 | rule: 228.9753 | group: 1.8145 | tree: 5.1520 | total: 2.4119
[New] Epoch 487/1000 | classify: 2.3427 | voltage: 1.2234 | conc: 0.0007 | consistency: 0.3187 | polarity: 2.4430 | monodec: 0.0000 | rule: 245.8647 | group: 1.7827 | tree: 5.1077 | total: 2.5316
[New] Epoch 488/1000 | classify: 2.3626 | voltage: 1.2407 | conc: 0.0006 | consistency: 0.3191 | polarity: 2.4486 | monodec: 0.0000 | rule: 232.1326 | group: 1.8166 | tree: 5.4131 | total: 2.5456
[New] Epoch 489/1000 | classify: 2.2912 | voltage: 1.2440 | conc: 0.0006 | consistency: 0.3158 | polarity: 2.3534 | monodec: 0.0000 | rule: 227.3923 | group: 1.7195 | tree: 5.0457 | total: 2.4717
[New] Epoch 490/1000 | classify: 2.1691 | voltage: 1.2223 | conc: 0.0005 | consistency: 0.3156 | polarity: 2.3647 | monodec: 0.0000 | rule: 232.5013 | group: 1.7406 | tree: 4.8969 | total: 2.3509
--- 验证集 [epoch 490] ---
  准确率 (Accuracy):  0.7123
  精确率 (Precision): 0.5286
  召回率 (Recall):    0.5726
  F1 分数 (F1):       0.5400
[New] Epoch 491/1000 | classify: 2.2392 | voltage: 1.2232 | conc: 0.0010 | consistency: 0.3155 | polarity: 2.4881 | monodec: 0.0000 | rule: 234.6011 | group: 1.8419 | tree: 5.2555 | total: 2.4229
[New] Epoch 492/1000 | classify: 2.3029 | voltage: 1.2281 | conc: 0.0007 | consistency: 0.3189 | polarity: 2.3812 | monodec: 0.0000 | rule: 226.5923 | group: 1.7622 | tree: 5.1270 | total: 2.4823
[New] Epoch 493/1000 | classify: 2.1497 | voltage: 1.2487 | conc: 0.0008 | consistency: 0.3189 | polarity: 2.3926 | monodec: 0.0000 | rule: 229.3288 | group: 1.7734 | tree: 5.0502 | total: 2.3316
[New] Epoch 494/1000 | classify: 2.2687 | voltage: 1.2389 | conc: 0.0006 | consistency: 0.3184 | polarity: 2.3479 | monodec: 0.0000 | rule: 238.6899 | group: 1.6821 | tree: 5.0036 | total: 2.4545
[New] Epoch 495/1000 | classify: 2.1757 | voltage: 1.2308 | conc: 0.0008 | consistency: 0.3182 | polarity: 2.3868 | monodec: 0.0000 | rule: 223.5430 | group: 1.7448 | tree: 5.1233 | total: 2.3539
[New] Epoch 496/1000 | classify: 2.4649 | voltage: 1.2077 | conc: 0.0009 | consistency: 0.3180 | polarity: 2.5050 | monodec: 0.0000 | rule: 241.8570 | group: 1.8257 | tree: 5.5116 | total: 2.6515
[New] Epoch 497/1000 | classify: 2.3084 | voltage: 1.2439 | conc: 0.0007 | consistency: 0.3181 | polarity: 2.4093 | monodec: 0.0000 | rule: 211.7547 | group: 1.7719 | tree: 5.1261 | total: 2.4812
[New] Epoch 498/1000 | classify: 2.1660 | voltage: 1.2195 | conc: 0.0006 | consistency: 0.3145 | polarity: 2.3250 | monodec: 0.0000 | rule: 235.0726 | group: 1.6919 | tree: 5.0269 | total: 2.3491
[New] Epoch 499/1000 | classify: 2.3204 | voltage: 1.2307 | conc: 0.0007 | consistency: 0.3183 | polarity: 2.4429 | monodec: 0.0000 | rule: 220.3606 | group: 1.7788 | tree: 5.2739 | total: 2.4970
[New] Epoch 500/1000 | classify: 2.1716 | voltage: 1.2474 | conc: 0.0006 | consistency: 0.3185 | polarity: 2.4375 | monodec: 0.0000 | rule: 236.0354 | group: 1.7844 | tree: 5.1460 | total: 2.3568
--- 验证集 [epoch 500] ---
  准确率 (Accuracy):  0.6849
  精确率 (Precision): 0.5846
  召回率 (Recall):    0.5519
  F1 分数 (F1):       0.4888
✅ 模型已保存到 /home/kudouzala/Application/ion_detect/output/trained_model_save/exp_new_f/trained_model_epoch_500.pth
📁 损失值已保存到 /home/kudouzala/Application/ion_detect/output/trained_model_save/exp_new_f/training_loss_epoch_500.csv
[New] Epoch 501/1000 | classify: 2.2263 | voltage: 1.2387 | conc: 0.0005 | consistency: 0.3184 | polarity: 2.3532 | monodec: 0.0000 | rule: 230.1263 | group: 1.7391 | tree: 5.0614 | total: 2.4078
[New] Epoch 502/1000 | classify: 2.1374 | voltage: 1.2054 | conc: 0.0005 | consistency: 0.3147 | polarity: 2.2915 | monodec: 0.0000 | rule: 238.3016 | group: 1.6643 | tree: 5.0223 | total: 2.3212
[New] Epoch 503/1000 | classify: 2.3466 | voltage: 1.2211 | conc: 0.0004 | consistency: 0.3181 | polarity: 2.4150 | monodec: 0.0000 | rule: 233.9525 | group: 1.7870 | tree: 5.2081 | total: 2.5292
[New] Epoch 504/1000 | classify: 2.3338 | voltage: 1.2255 | conc: 0.0005 | consistency: 0.3184 | polarity: 2.3811 | monodec: 0.0000 | rule: 220.4044 | group: 1.7341 | tree: 4.9402 | total: 2.5097
[New] Epoch 505/1000 | classify: 2.3515 | voltage: 1.2441 | conc: 0.0004 | consistency: 0.3186 | polarity: 2.3869 | monodec: 0.0000 | rule: 209.0757 | group: 1.7594 | tree: 5.2411 | total: 2.5227
[New] Epoch 506/1000 | classify: 2.2520 | voltage: 1.2414 | conc: 0.0008 | consistency: 0.3189 | polarity: 2.4262 | monodec: 0.0000 | rule: 224.3309 | group: 1.8416 | tree: 5.3194 | total: 2.4313
[New] Epoch 507/1000 | classify: 2.3437 | voltage: 1.2705 | conc: 0.0007 | consistency: 0.3192 | polarity: 2.3869 | monodec: 0.0000 | rule: 228.0198 | group: 1.7721 | tree: 4.8902 | total: 2.5259
[New] Epoch 508/1000 | classify: 2.5318 | voltage: 1.2734 | conc: 0.0005 | consistency: 0.3196 | polarity: 2.4373 | monodec: 0.0000 | rule: 223.7555 | group: 1.8233 | tree: 5.4005 | total: 2.7121
[New] Epoch 509/1000 | classify: 2.2482 | voltage: 1.2215 | conc: 0.0007 | consistency: 0.3200 | polarity: 2.4207 | monodec: 0.0000 | rule: 250.2601 | group: 1.7668 | tree: 5.0868 | total: 2.4392
[New] Epoch 510/1000 | classify: 2.1946 | voltage: 1.2366 | conc: 0.0006 | consistency: 0.3199 | polarity: 2.3870 | monodec: 0.0000 | rule: 250.8216 | group: 1.7726 | tree: 5.1564 | total: 2.3866
--- 验证集 [epoch 510] ---
  准确率 (Accuracy):  0.7260
  精确率 (Precision): 0.5575
  召回率 (Recall):    0.5590
  F1 分数 (F1):       0.5322
[New] Epoch 511/1000 | classify: 2.2697 | voltage: 1.2966 | conc: 0.0006 | consistency: 0.3126 | polarity: 2.3533 | monodec: 0.0000 | rule: 220.8808 | group: 1.7007 | tree: 5.1426 | total: 2.4497
[New] Epoch 512/1000 | classify: 2.1690 | voltage: 1.2467 | conc: 0.0006 | consistency: 0.3195 | polarity: 2.3253 | monodec: 0.0000 | rule: 228.8274 | group: 1.7046 | tree: 4.9639 | total: 2.3502
[New] Epoch 513/1000 | classify: 2.2783 | voltage: 1.1983 | conc: 0.0009 | consistency: 0.3194 | polarity: 2.4542 | monodec: 0.0000 | rule: 249.5958 | group: 1.7836 | tree: 5.3313 | total: 2.4682
[New] Epoch 514/1000 | classify: 2.1108 | voltage: 1.2470 | conc: 0.0006 | consistency: 0.3196 | polarity: 2.3305 | monodec: 0.0000 | rule: 223.1840 | group: 1.7242 | tree: 4.9019 | total: 2.2892
[New] Epoch 515/1000 | classify: 2.3868 | voltage: 1.2443 | conc: 0.0006 | consistency: 0.3162 | polarity: 2.3869 | monodec: 0.0000 | rule: 219.5506 | group: 1.7491 | tree: 5.0700 | total: 2.5634
[New] Epoch 516/1000 | classify: 2.2046 | voltage: 1.2517 | conc: 0.0005 | consistency: 0.3198 | polarity: 2.3308 | monodec: 0.0000 | rule: 206.4834 | group: 1.7522 | tree: 5.1528 | total: 2.3750
[New] Epoch 517/1000 | classify: 2.3294 | voltage: 1.2468 | conc: 0.0007 | consistency: 0.3200 | polarity: 2.3757 | monodec: 0.0000 | rule: 234.8081 | group: 1.7645 | tree: 5.4156 | total: 2.5142
[New] Epoch 518/1000 | classify: 2.3339 | voltage: 1.2660 | conc: 0.0007 | consistency: 0.3200 | polarity: 2.4486 | monodec: 0.0000 | rule: 226.2649 | group: 1.8352 | tree: 5.3845 | total: 2.5152
[New] Epoch 519/1000 | classify: 2.4148 | voltage: 1.2605 | conc: 0.0009 | consistency: 0.3197 | polarity: 2.4937 | monodec: 0.0000 | rule: 225.2584 | group: 1.8461 | tree: 5.5406 | total: 2.5957
[New] Epoch 520/1000 | classify: 2.2428 | voltage: 1.2583 | conc: 0.0008 | consistency: 0.3200 | polarity: 2.3979 | monodec: 0.0000 | rule: 229.6431 | group: 1.7545 | tree: 5.3889 | total: 2.4255
--- 验证集 [epoch 520] ---
  准确率 (Accuracy):  0.7260
  精确率 (Precision): 0.5696
  召回率 (Recall):    0.5447
  F1 分数 (F1):       0.5274
[New] Epoch 521/1000 | classify: 2.2094 | voltage: 1.2687 | conc: 0.0008 | consistency: 0.3204 | polarity: 2.3866 | monodec: 0.0000 | rule: 212.7427 | group: 1.7910 | tree: 5.2981 | total: 2.3842
[New] Epoch 522/1000 | classify: 2.2890 | voltage: 1.2964 | conc: 0.0008 | consistency: 0.3205 | polarity: 2.4149 | monodec: 0.0000 | rule: 206.6776 | group: 1.7923 | tree: 5.1719 | total: 2.4621
[New] Epoch 523/1000 | classify: 2.4089 | voltage: 1.2658 | conc: 0.0007 | consistency: 0.3207 | polarity: 2.4147 | monodec: 0.0000 | rule: 243.5271 | group: 1.7331 | tree: 5.1525 | total: 2.5987
[New] Epoch 524/1000 | classify: 2.2910 | voltage: 1.2540 | conc: 0.0007 | consistency: 0.3206 | polarity: 2.3587 | monodec: 0.0000 | rule: 237.1523 | group: 1.7138 | tree: 4.9352 | total: 2.4769
[New] Epoch 525/1000 | classify: 2.2908 | voltage: 1.2631 | conc: 0.0008 | consistency: 0.3173 | polarity: 2.4260 | monodec: 0.0000 | rule: 234.0239 | group: 1.8048 | tree: 5.2468 | total: 2.4759
[New] Epoch 526/1000 | classify: 2.3651 | voltage: 1.2673 | conc: 0.0008 | consistency: 0.3213 | polarity: 2.4428 | monodec: 0.0000 | rule: 231.5683 | group: 1.8256 | tree: 5.5901 | total: 2.5493
[New] Epoch 527/1000 | classify: 2.4019 | voltage: 1.2981 | conc: 0.0010 | consistency: 0.3215 | polarity: 2.4598 | monodec: 0.0000 | rule: 230.9879 | group: 1.8725 | tree: 5.3644 | total: 2.5876
[New] Epoch 528/1000 | classify: 2.2265 | voltage: 1.3018 | conc: 0.0007 | consistency: 0.3218 | polarity: 2.3980 | monodec: 0.0000 | rule: 224.8532 | group: 1.7679 | tree: 5.2237 | total: 2.4088
[New] Epoch 529/1000 | classify: 2.3171 | voltage: 1.2713 | conc: 0.0008 | consistency: 0.3219 | polarity: 2.4149 | monodec: 0.0000 | rule: 226.3564 | group: 1.7800 | tree: 5.2422 | total: 2.4988
[New] Epoch 530/1000 | classify: 2.2136 | voltage: 1.2490 | conc: 0.0007 | consistency: 0.3217 | polarity: 2.3924 | monodec: 0.0000 | rule: 239.5117 | group: 1.7192 | tree: 5.2246 | total: 2.4006
--- 验证集 [epoch 530] ---
  准确率 (Accuracy):  0.7055
  精确率 (Precision): 0.5272
  召回率 (Recall):    0.5012
  F1 分数 (F1):       0.4998
[New] Epoch 531/1000 | classify: 2.3925 | voltage: 1.2804 | conc: 0.0008 | consistency: 0.3217 | polarity: 2.4932 | monodec: 0.0000 | rule: 234.8660 | group: 1.8556 | tree: 5.4646 | total: 2.5791
[New] Epoch 532/1000 | classify: 2.2284 | voltage: 1.2735 | conc: 0.0008 | consistency: 0.3216 | polarity: 2.3867 | monodec: 0.0000 | rule: 221.5289 | group: 1.7863 | tree: 5.3282 | total: 2.4078
[New] Epoch 533/1000 | classify: 2.1903 | voltage: 1.2858 | conc: 0.0006 | consistency: 0.3216 | polarity: 2.3752 | monodec: 0.0000 | rule: 246.5142 | group: 1.7062 | tree: 5.0530 | total: 2.3825
[New] Epoch 534/1000 | classify: 2.3767 | voltage: 1.3139 | conc: 0.0009 | consistency: 0.3217 | polarity: 2.4426 | monodec: 0.0000 | rule: 207.6583 | group: 1.8238 | tree: 5.2898 | total: 2.5514
[New] Epoch 535/1000 | classify: 2.3436 | voltage: 1.3057 | conc: 0.0005 | consistency: 0.3217 | polarity: 2.3697 | monodec: 0.0000 | rule: 228.0097 | group: 1.7481 | tree: 4.9925 | total: 2.5273
[New] Epoch 536/1000 | classify: 2.2281 | voltage: 1.2913 | conc: 0.0007 | consistency: 0.3182 | polarity: 2.3584 | monodec: 0.0000 | rule: 220.1737 | group: 1.6779 | tree: 5.0294 | total: 2.4074
[New] Epoch 537/1000 | classify: 2.2547 | voltage: 1.3178 | conc: 0.0007 | consistency: 0.3219 | polarity: 2.4425 | monodec: 0.0000 | rule: 218.5706 | group: 1.7629 | tree: 5.1421 | total: 2.4347
[New] Epoch 538/1000 | classify: 2.2790 | voltage: 1.2639 | conc: 0.0008 | consistency: 0.3217 | polarity: 2.4090 | monodec: 0.0000 | rule: 236.6112 | group: 1.7624 | tree: 5.1536 | total: 2.4654
[New] Epoch 539/1000 | classify: 2.3142 | voltage: 1.3023 | conc: 0.0008 | consistency: 0.3182 | polarity: 2.4256 | monodec: 0.0000 | rule: 215.5233 | group: 1.7981 | tree: 5.1306 | total: 2.4920
[New] Epoch 540/1000 | classify: 2.2626 | voltage: 1.3164 | conc: 0.0007 | consistency: 0.3220 | polarity: 2.4033 | monodec: 0.0000 | rule: 218.9837 | group: 1.8155 | tree: 5.2787 | total: 2.4428
--- 验证集 [epoch 540] ---
  准确率 (Accuracy):  0.7192
  精确率 (Precision): 0.5362
  召回率 (Recall):    0.5668
  F1 分数 (F1):       0.5354
[New] Epoch 541/1000 | classify: 2.2875 | voltage: 1.2895 | conc: 0.0008 | consistency: 0.3223 | polarity: 2.4089 | monodec: 0.0000 | rule: 222.1417 | group: 1.7665 | tree: 5.1048 | total: 2.4679
[New] Epoch 542/1000 | classify: 2.3782 | voltage: 1.2892 | conc: 0.0008 | consistency: 0.3227 | polarity: 2.4257 | monodec: 0.0000 | rule: 224.3364 | group: 1.7395 | tree: 5.1089 | total: 2.5597
[New] Epoch 543/1000 | classify: 2.2475 | voltage: 1.3063 | conc: 0.0007 | consistency: 0.3232 | polarity: 2.3472 | monodec: 0.0000 | rule: 223.8982 | group: 1.6961 | tree: 5.0058 | total: 2.4294
[New] Epoch 544/1000 | classify: 2.3980 | voltage: 1.3311 | conc: 0.0005 | consistency: 0.3236 | polarity: 2.3865 | monodec: 0.0000 | rule: 233.1168 | group: 1.7793 | tree: 5.2301 | total: 2.5858
[New] Epoch 545/1000 | classify: 2.1904 | voltage: 1.3020 | conc: 0.0007 | consistency: 0.3237 | polarity: 2.3866 | monodec: 0.0000 | rule: 241.7139 | group: 1.7736 | tree: 5.1425 | total: 2.3812
[New] Epoch 546/1000 | classify: 2.4699 | voltage: 1.3288 | conc: 0.0009 | consistency: 0.3239 | polarity: 2.4707 | monodec: 0.0000 | rule: 237.4175 | group: 1.8221 | tree: 5.1974 | total: 2.6600
[New] Epoch 547/1000 | classify: 2.5627 | voltage: 1.3014 | conc: 0.0009 | consistency: 0.3245 | polarity: 2.4481 | monodec: 0.0000 | rule: 234.0638 | group: 1.8114 | tree: 5.2101 | total: 2.7498
[New] Epoch 548/1000 | classify: 2.2552 | voltage: 1.3549 | conc: 0.0008 | consistency: 0.3250 | polarity: 2.3528 | monodec: 0.0000 | rule: 229.6453 | group: 1.7566 | tree: 4.8869 | total: 2.4425
[New] Epoch 549/1000 | classify: 2.5000 | voltage: 1.3439 | conc: 0.0005 | consistency: 0.3253 | polarity: 2.4370 | monodec: 0.0000 | rule: 236.7554 | group: 1.8166 | tree: 5.2453 | total: 2.6903
[New] Epoch 550/1000 | classify: 2.2577 | voltage: 1.3339 | conc: 0.0006 | consistency: 0.3219 | polarity: 2.4145 | monodec: 0.0000 | rule: 232.8817 | group: 1.8214 | tree: 5.3685 | total: 2.4457
--- 验证集 [epoch 550] ---
  准确率 (Accuracy):  0.7534
  精确率 (Precision): 0.6047
  召回率 (Recall):    0.5917
  F1 分数 (F1):       0.5843
✅ 模型已保存到 /home/kudouzala/Application/ion_detect/output/trained_model_save/exp_new_f/trained_model_epoch_550.pth
📁 损失值已保存到 /home/kudouzala/Application/ion_detect/output/trained_model_save/exp_new_f/training_loss_epoch_550.csv
[New] Epoch 551/1000 | classify: 2.3666 | voltage: 1.3350 | conc: 0.0005 | consistency: 0.3255 | polarity: 2.4201 | monodec: 0.0000 | rule: 234.2477 | group: 1.7575 | tree: 5.2243 | total: 2.5551
[New] Epoch 552/1000 | classify: 2.2651 | voltage: 1.3359 | conc: 0.0005 | consistency: 0.3216 | polarity: 2.3751 | monodec: 0.0000 | rule: 228.5461 | group: 1.7250 | tree: 5.0224 | total: 2.4508
[New] Epoch 553/1000 | classify: 2.1634 | voltage: 1.3301 | conc: 0.0007 | consistency: 0.3248 | polarity: 2.3357 | monodec: 0.0000 | rule: 220.3214 | group: 1.7289 | tree: 4.8200 | total: 2.3446
[New] Epoch 554/1000 | classify: 2.5088 | voltage: 1.3610 | conc: 0.0009 | consistency: 0.3212 | polarity: 2.4029 | monodec: 0.0000 | rule: 228.0004 | group: 1.7853 | tree: 5.4564 | total: 2.6959
[New] Epoch 555/1000 | classify: 2.3348 | voltage: 1.3450 | conc: 0.0007 | consistency: 0.3248 | polarity: 2.3861 | monodec: 0.0000 | rule: 234.5165 | group: 1.7246 | tree: 4.9868 | total: 2.5240
[New] Epoch 556/1000 | classify: 2.2248 | voltage: 1.3248 | conc: 0.0007 | consistency: 0.3249 | polarity: 2.3749 | monodec: 0.0000 | rule: 222.8333 | group: 1.7568 | tree: 5.1209 | total: 2.4073
[New] Epoch 557/1000 | classify: 2.3147 | voltage: 1.3536 | conc: 0.0007 | consistency: 0.3248 | polarity: 2.3636 | monodec: 0.0000 | rule: 214.4581 | group: 1.7311 | tree: 4.9887 | total: 2.4943
[New] Epoch 558/1000 | classify: 2.3284 | voltage: 1.3339 | conc: 0.0005 | consistency: 0.3250 | polarity: 2.3636 | monodec: 0.0000 | rule: 243.9034 | group: 1.7235 | tree: 5.1384 | total: 2.5216
[New] Epoch 559/1000 | classify: 2.3462 | voltage: 1.3466 | conc: 0.0005 | consistency: 0.3247 | polarity: 2.3637 | monodec: 0.0000 | rule: 213.6500 | group: 1.7168 | tree: 5.0408 | total: 2.5248
[New] Epoch 560/1000 | classify: 2.0859 | voltage: 1.3398 | conc: 0.0009 | consistency: 0.3242 | polarity: 2.3692 | monodec: 0.0000 | rule: 215.6557 | group: 1.7422 | tree: 5.0542 | total: 2.2656
--- 验证集 [epoch 560] ---
  准确率 (Accuracy):  0.6849
  精确率 (Precision): 0.5717
  召回率 (Recall):    0.4758
  F1 分数 (F1):       0.4467
[New] Epoch 561/1000 | classify: 2.4402 | voltage: 1.3060 | conc: 0.0004 | consistency: 0.3240 | polarity: 2.4139 | monodec: 0.0000 | rule: 224.7507 | group: 1.7341 | tree: 5.1378 | total: 2.6224
[New] Epoch 562/1000 | classify: 2.4320 | voltage: 1.3108 | conc: 0.0007 | consistency: 0.3239 | polarity: 2.4083 | monodec: 0.0000 | rule: 249.9611 | group: 1.7541 | tree: 5.3136 | total: 2.6274
[New] Epoch 563/1000 | classify: 2.5065 | voltage: 1.3391 | conc: 0.0008 | consistency: 0.3204 | polarity: 2.4250 | monodec: 0.0000 | rule: 225.9008 | group: 1.7956 | tree: 5.2646 | total: 2.6914
[New] Epoch 564/1000 | classify: 2.2524 | voltage: 1.3642 | conc: 0.0004 | consistency: 0.3242 | polarity: 2.3802 | monodec: 0.0000 | rule: 208.3200 | group: 1.7460 | tree: 5.1446 | total: 2.4293
[New] Epoch 565/1000 | classify: 2.1897 | voltage: 1.3344 | conc: 0.0005 | consistency: 0.3208 | polarity: 2.2848 | monodec: 0.0000 | rule: 219.5191 | group: 1.6585 | tree: 4.8034 | total: 2.3706
[New] Epoch 566/1000 | classify: 2.1841 | voltage: 1.3356 | conc: 0.0005 | consistency: 0.3245 | polarity: 2.3017 | monodec: 0.0000 | rule: 213.0764 | group: 1.6595 | tree: 5.0019 | total: 2.3618
[New] Epoch 567/1000 | classify: 2.1349 | voltage: 1.3327 | conc: 0.0009 | consistency: 0.3244 | polarity: 2.3411 | monodec: 0.0000 | rule: 223.1374 | group: 1.7314 | tree: 4.9850 | total: 2.3180
[New] Epoch 568/1000 | classify: 2.2490 | voltage: 1.3555 | conc: 0.0005 | consistency: 0.3241 | polarity: 2.3803 | monodec: 0.0000 | rule: 218.3675 | group: 1.7646 | tree: 5.2217 | total: 2.4306
[New] Epoch 569/1000 | classify: 2.4758 | voltage: 1.2999 | conc: 0.0011 | consistency: 0.3242 | polarity: 2.4530 | monodec: 0.0000 | rule: 249.1888 | group: 1.8342 | tree: 5.5389 | total: 2.6708
[New] Epoch 570/1000 | classify: 2.4831 | voltage: 1.3134 | conc: 0.0009 | consistency: 0.3241 | polarity: 2.4250 | monodec: 0.0000 | rule: 248.0973 | group: 1.7815 | tree: 5.1448 | total: 2.6778
--- 验证集 [epoch 570] ---
  准确率 (Accuracy):  0.6986
  精确率 (Precision): 0.5101
  召回率 (Recall):    0.5505
  F1 分数 (F1):       0.5190
[New] Epoch 571/1000 | classify: 2.3924 | voltage: 1.3725 | conc: 0.0006 | consistency: 0.3245 | polarity: 2.3800 | monodec: 0.0000 | rule: 239.1150 | group: 1.7394 | tree: 4.9567 | total: 2.5852
[New] Epoch 572/1000 | classify: 2.4386 | voltage: 1.3213 | conc: 0.0010 | consistency: 0.3244 | polarity: 2.4363 | monodec: 0.0000 | rule: 229.5959 | group: 1.8064 | tree: 5.2278 | total: 2.6246
[New] Epoch 573/1000 | classify: 2.2727 | voltage: 1.3320 | conc: 0.0008 | consistency: 0.3245 | polarity: 2.4026 | monodec: 0.0000 | rule: 229.9272 | group: 1.7382 | tree: 4.9401 | total: 2.4591
[New] Epoch 574/1000 | classify: 2.2838 | voltage: 1.3353 | conc: 0.0009 | consistency: 0.3207 | polarity: 2.4531 | monodec: 0.0000 | rule: 242.9804 | group: 1.8191 | tree: 5.3516 | total: 2.4772
[New] Epoch 575/1000 | classify: 2.3533 | voltage: 1.3714 | conc: 0.0005 | consistency: 0.3243 | polarity: 2.3576 | monodec: 0.0000 | rule: 207.1951 | group: 1.7517 | tree: 5.2172 | total: 2.5300
[New] Epoch 576/1000 | classify: 2.3857 | voltage: 1.3380 | conc: 0.0005 | consistency: 0.3208 | polarity: 2.3744 | monodec: 0.0000 | rule: 229.8169 | group: 1.7415 | tree: 5.2156 | total: 2.5722
[New] Epoch 577/1000 | classify: 2.2441 | voltage: 1.3286 | conc: 0.0010 | consistency: 0.3245 | polarity: 2.4306 | monodec: 0.0000 | rule: 223.7669 | group: 1.8235 | tree: 5.2031 | total: 2.4276
[New] Epoch 578/1000 | classify: 2.4558 | voltage: 1.3743 | conc: 0.0007 | consistency: 0.3206 | polarity: 2.4024 | monodec: 0.0000 | rule: 215.1064 | group: 1.7913 | tree: 5.2562 | total: 2.6369
[New] Epoch 579/1000 | classify: 2.2556 | voltage: 1.3540 | conc: 0.0007 | consistency: 0.3242 | polarity: 2.3463 | monodec: 0.0000 | rule: 218.2699 | group: 1.7608 | tree: 5.0699 | total: 2.4373
[New] Epoch 580/1000 | classify: 2.3904 | voltage: 1.3522 | conc: 0.0006 | consistency: 0.3202 | polarity: 2.4079 | monodec: 0.0000 | rule: 220.4463 | group: 1.7355 | tree: 4.8486 | total: 2.5727
--- 验证集 [epoch 580] ---
  准确率 (Accuracy):  0.7397
  精确率 (Precision): 0.5894
  召回率 (Recall):    0.5619
  F1 分数 (F1):       0.5623
[New] Epoch 581/1000 | classify: 2.2634 | voltage: 1.3164 | conc: 0.0009 | consistency: 0.3201 | polarity: 2.4191 | monodec: 0.0000 | rule: 241.4538 | group: 1.7524 | tree: 5.0491 | total: 2.4549
[New] Epoch 582/1000 | classify: 2.2114 | voltage: 1.3702 | conc: 0.0007 | consistency: 0.3237 | polarity: 2.4022 | monodec: 0.0000 | rule: 220.3039 | group: 1.7539 | tree: 5.1083 | total: 2.3948
[New] Epoch 583/1000 | classify: 2.3742 | voltage: 1.3467 | conc: 0.0005 | consistency: 0.3237 | polarity: 2.3853 | monodec: 0.0000 | rule: 238.5442 | group: 1.7249 | tree: 5.1241 | total: 2.5654
[New] Epoch 584/1000 | classify: 2.4358 | voltage: 1.3432 | conc: 0.0009 | consistency: 0.3202 | polarity: 2.4359 | monodec: 0.0000 | rule: 229.9715 | group: 1.8078 | tree: 5.4381 | total: 2.6232
[New] Epoch 585/1000 | classify: 2.3206 | voltage: 1.3414 | conc: 0.0008 | consistency: 0.3203 | polarity: 2.3854 | monodec: 0.0000 | rule: 234.4342 | group: 1.7205 | tree: 5.1168 | total: 2.5098
[New] Epoch 586/1000 | classify: 2.2319 | voltage: 1.3553 | conc: 0.0007 | consistency: 0.3239 | polarity: 2.4079 | monodec: 0.0000 | rule: 217.2294 | group: 1.7526 | tree: 4.9469 | total: 2.4130
[New] Epoch 587/1000 | classify: 2.3315 | voltage: 1.3258 | conc: 0.0009 | consistency: 0.3239 | polarity: 2.3797 | monodec: 0.0000 | rule: 246.2043 | group: 1.7572 | tree: 5.1160 | total: 2.5259
[New] Epoch 588/1000 | classify: 2.1825 | voltage: 1.3655 | conc: 0.0006 | consistency: 0.3242 | polarity: 2.3349 | monodec: 0.0000 | rule: 213.8952 | group: 1.7382 | tree: 4.8632 | total: 2.3622
[New] Epoch 589/1000 | classify: 2.5095 | voltage: 1.3769 | conc: 0.0010 | consistency: 0.3245 | polarity: 2.4528 | monodec: 0.0000 | rule: 219.5937 | group: 1.8100 | tree: 5.3228 | total: 2.6933
[New] Epoch 590/1000 | classify: 2.2845 | voltage: 1.3309 | conc: 0.0006 | consistency: 0.3248 | polarity: 2.3630 | monodec: 0.0000 | rule: 227.7581 | group: 1.7135 | tree: 4.9686 | total: 2.4695
--- 验证集 [epoch 590] ---
  准确率 (Accuracy):  0.7192
  精确率 (Precision): 0.5242
  召回率 (Recall):    0.5471
  F1 分数 (F1):       0.5295
[New] Epoch 591/1000 | classify: 2.3056 | voltage: 1.3788 | conc: 0.0005 | consistency: 0.3247 | polarity: 2.3574 | monodec: 0.0000 | rule: 229.7218 | group: 1.7584 | tree: 5.1402 | total: 2.4940
[New] Epoch 592/1000 | classify: 2.1960 | voltage: 1.3156 | conc: 0.0004 | consistency: 0.3248 | polarity: 2.3013 | monodec: 0.0000 | rule: 239.3278 | group: 1.6666 | tree: 4.9905 | total: 2.3858
[New] Epoch 593/1000 | classify: 2.4166 | voltage: 1.3616 | conc: 0.0006 | consistency: 0.3248 | polarity: 2.3965 | monodec: 0.0000 | rule: 226.5945 | group: 1.8028 | tree: 5.2345 | total: 2.6028
[New] Epoch 594/1000 | classify: 2.4861 | voltage: 1.3878 | conc: 0.0006 | consistency: 0.3253 | polarity: 2.4191 | monodec: 0.0000 | rule: 233.8830 | group: 1.8084 | tree: 5.0909 | total: 2.6772
[New] Epoch 595/1000 | classify: 2.2605 | voltage: 1.4022 | conc: 0.0008 | consistency: 0.3255 | polarity: 2.4079 | monodec: 0.0000 | rule: 224.5047 | group: 1.7875 | tree: 5.1982 | total: 2.4478
[New] Epoch 596/1000 | classify: 2.3482 | voltage: 1.3798 | conc: 0.0012 | consistency: 0.3186 | polarity: 2.4697 | monodec: 0.0000 | rule: 222.6966 | group: 1.8520 | tree: 5.3378 | total: 2.5339
[New] Epoch 597/1000 | classify: 2.2634 | voltage: 1.4040 | conc: 0.0005 | consistency: 0.3259 | polarity: 2.3743 | monodec: 0.0000 | rule: 202.9706 | group: 1.7718 | tree: 5.3299 | total: 2.4398
[New] Epoch 598/1000 | classify: 2.3536 | voltage: 1.3575 | conc: 0.0006 | consistency: 0.3260 | polarity: 2.4079 | monodec: 0.0000 | rule: 234.9381 | group: 1.7711 | tree: 5.0467 | total: 2.5435
[New] Epoch 599/1000 | classify: 2.1095 | voltage: 1.3736 | conc: 0.0007 | consistency: 0.3259 | polarity: 2.3068 | monodec: 0.0000 | rule: 217.1469 | group: 1.6690 | tree: 4.8552 | total: 2.2914
[New] Epoch 600/1000 | classify: 2.1410 | voltage: 1.4038 | conc: 0.0008 | consistency: 0.3224 | polarity: 2.3517 | monodec: 0.0000 | rule: 213.2352 | group: 1.7374 | tree: 4.9646 | total: 2.3225
--- 验证集 [epoch 600] ---
  准确率 (Accuracy):  0.6438
  精确率 (Precision): 0.4360
  召回率 (Recall):    0.5202
  F1 分数 (F1):       0.4447
✅ 模型已保存到 /home/kudouzala/Application/ion_detect/output/trained_model_save/exp_new_f/trained_model_epoch_600.pth
📁 损失值已保存到 /home/kudouzala/Application/ion_detect/output/trained_model_save/exp_new_f/training_loss_epoch_600.csv
[New] Epoch 601/1000 | classify: 2.4198 | voltage: 1.3951 | conc: 0.0011 | consistency: 0.3261 | polarity: 2.4415 | monodec: 0.0000 | rule: 215.0964 | group: 1.7829 | tree: 5.4157 | total: 2.6024
[New] Epoch 602/1000 | classify: 2.4263 | voltage: 1.3961 | conc: 0.0006 | consistency: 0.3263 | polarity: 2.3741 | monodec: 0.0000 | rule: 228.7663 | group: 1.7819 | tree: 5.1404 | total: 2.6152
[New] Epoch 603/1000 | classify: 2.1145 | voltage: 1.3744 | conc: 0.0009 | consistency: 0.3265 | polarity: 2.4078 | monodec: 0.0000 | rule: 218.5981 | group: 1.7783 | tree: 5.3998 | total: 2.2977
[New] Epoch 604/1000 | classify: 2.4687 | voltage: 1.3345 | conc: 0.0009 | consistency: 0.3227 | polarity: 2.4582 | monodec: 0.0000 | rule: 236.4158 | group: 1.7977 | tree: 5.1730 | total: 2.6587
[New] Epoch 605/1000 | classify: 2.4719 | voltage: 1.4023 | conc: 0.0005 | consistency: 0.3228 | polarity: 2.4132 | monodec: 0.0000 | rule: 233.0128 | group: 1.7416 | tree: 5.0601 | total: 2.6631
[New] Epoch 606/1000 | classify: 2.3733 | voltage: 1.3826 | conc: 0.0005 | consistency: 0.3270 | polarity: 2.3179 | monodec: 0.0000 | rule: 217.7905 | group: 1.6826 | tree: 4.9810 | total: 2.5558
[New] Epoch 607/1000 | classify: 2.2662 | voltage: 1.4005 | conc: 0.0005 | consistency: 0.3272 | polarity: 2.3349 | monodec: 0.0000 | rule: 239.1483 | group: 1.6873 | tree: 4.9851 | total: 2.4603
[New] Epoch 608/1000 | classify: 2.2209 | voltage: 1.3835 | conc: 0.0009 | consistency: 0.3271 | polarity: 2.4190 | monodec: 0.0000 | rule: 225.4178 | group: 1.7967 | tree: 4.9403 | total: 2.4077
[New] Epoch 609/1000 | classify: 2.3234 | voltage: 1.4102 | conc: 0.0007 | consistency: 0.3273 | polarity: 2.3628 | monodec: 0.0000 | rule: 234.5742 | group: 1.7650 | tree: 5.2195 | total: 2.5160
[New] Epoch 610/1000 | classify: 2.3586 | voltage: 1.4057 | conc: 0.0008 | consistency: 0.3241 | polarity: 2.4582 | monodec: 0.0000 | rule: 224.4174 | group: 1.8696 | tree: 5.2953 | total: 2.5462
--- 验证集 [epoch 610] ---
  准确率 (Accuracy):  0.7329
  精确率 (Precision): 0.5641
  召回率 (Recall):    0.5658
  F1 分数 (F1):       0.5407
[New] Epoch 611/1000 | classify: 2.3748 | voltage: 1.4174 | conc: 0.0007 | consistency: 0.3278 | polarity: 2.4470 | monodec: 0.0000 | rule: 234.8401 | group: 1.8159 | tree: 5.4961 | total: 2.5681
[New] Epoch 612/1000 | classify: 2.1811 | voltage: 1.4226 | conc: 0.0009 | consistency: 0.3278 | polarity: 2.3684 | monodec: 0.0000 | rule: 211.2851 | group: 1.7782 | tree: 5.0212 | total: 2.3628
[New] Epoch 613/1000 | classify: 2.2903 | voltage: 1.4103 | conc: 0.0007 | consistency: 0.3277 | polarity: 2.3627 | monodec: 0.0000 | rule: 231.7992 | group: 1.7322 | tree: 5.3715 | total: 2.4815
[New] Epoch 614/1000 | classify: 2.5176 | voltage: 1.4269 | conc: 0.0009 | consistency: 0.3278 | polarity: 2.4749 | monodec: 0.0000 | rule: 215.8807 | group: 1.8406 | tree: 5.3178 | total: 2.7020
[New] Epoch 615/1000 | classify: 2.0879 | voltage: 1.4272 | conc: 0.0008 | consistency: 0.3278 | polarity: 2.3851 | monodec: 0.0000 | rule: 206.0801 | group: 1.6934 | tree: 4.6429 | total: 2.2670
[New] Epoch 616/1000 | classify: 2.4008 | voltage: 1.4135 | conc: 0.0005 | consistency: 0.3273 | polarity: 2.3851 | monodec: 0.0000 | rule: 232.2403 | group: 1.7610 | tree: 5.0903 | total: 2.5922
[New] Epoch 617/1000 | classify: 2.3375 | voltage: 1.4068 | conc: 0.0010 | consistency: 0.3272 | polarity: 2.4298 | monodec: 0.0000 | rule: 210.4498 | group: 1.8338 | tree: 5.1469 | total: 2.5182
[New] Epoch 618/1000 | classify: 2.4222 | voltage: 1.4050 | conc: 0.0009 | consistency: 0.3271 | polarity: 2.4467 | monodec: 0.0000 | rule: 222.5489 | group: 1.7971 | tree: 5.4663 | total: 2.6089
[New] Epoch 619/1000 | classify: 2.4872 | voltage: 1.4074 | conc: 0.0010 | consistency: 0.3272 | polarity: 2.4971 | monodec: 0.0000 | rule: 225.8235 | group: 1.8685 | tree: 5.4388 | total: 2.6758
[New] Epoch 620/1000 | classify: 2.3277 | voltage: 1.4096 | conc: 0.0005 | consistency: 0.3274 | polarity: 2.3961 | monodec: 0.0000 | rule: 226.7880 | group: 1.7532 | tree: 5.1085 | total: 2.5162
--- 验证集 [epoch 620] ---
  准确率 (Accuracy):  0.7260
  精确率 (Precision): 0.5308
  召回率 (Recall):    0.5361
  F1 分数 (F1):       0.5239
[New] Epoch 621/1000 | classify: 2.1947 | voltage: 1.4469 | conc: 0.0007 | consistency: 0.3274 | polarity: 2.3400 | monodec: 0.0000 | rule: 201.8534 | group: 1.7490 | tree: 5.1863 | total: 2.3728
[New] Epoch 622/1000 | classify: 2.4760 | voltage: 1.4194 | conc: 0.0008 | consistency: 0.3275 | polarity: 2.4410 | monodec: 0.0000 | rule: 230.8667 | group: 1.7796 | tree: 5.2272 | total: 2.6674
[New] Epoch 623/1000 | classify: 2.3662 | voltage: 1.4093 | conc: 0.0009 | consistency: 0.3238 | polarity: 2.3849 | monodec: 0.0000 | rule: 221.7952 | group: 1.7564 | tree: 5.1073 | total: 2.5525
[New] Epoch 624/1000 | classify: 2.2292 | voltage: 1.4214 | conc: 0.0006 | consistency: 0.3276 | polarity: 2.3231 | monodec: 0.0000 | rule: 229.8149 | group: 1.7012 | tree: 4.9550 | total: 2.4197
[New] Epoch 625/1000 | classify: 2.3717 | voltage: 1.4194 | conc: 0.0008 | consistency: 0.3241 | polarity: 2.4634 | monodec: 0.0000 | rule: 228.5987 | group: 1.8231 | tree: 5.1126 | total: 2.5620
[New] Epoch 626/1000 | classify: 2.3842 | voltage: 1.4386 | conc: 0.0011 | consistency: 0.3280 | polarity: 2.4803 | monodec: 0.0000 | rule: 217.8844 | group: 1.8072 | tree: 5.3350 | total: 2.5704
[New] Epoch 627/1000 | classify: 2.4101 | voltage: 1.4402 | conc: 0.0009 | consistency: 0.3278 | polarity: 2.3849 | monodec: 0.0000 | rule: 221.4205 | group: 1.7541 | tree: 5.0172 | total: 2.5978
[New] Epoch 628/1000 | classify: 2.2520 | voltage: 1.4014 | conc: 0.0012 | consistency: 0.3278 | polarity: 2.4633 | monodec: 0.0000 | rule: 217.4848 | group: 1.8630 | tree: 5.5189 | total: 2.4364
[New] Epoch 629/1000 | classify: 2.2790 | voltage: 1.4043 | conc: 0.0009 | consistency: 0.3279 | polarity: 2.3904 | monodec: 0.0000 | rule: 243.1657 | group: 1.7692 | tree: 5.3299 | total: 2.4759
[New] Epoch 630/1000 | classify: 2.4382 | voltage: 1.4060 | conc: 0.0006 | consistency: 0.3280 | polarity: 2.4129 | monodec: 0.0000 | rule: 219.7465 | group: 1.7812 | tree: 5.4837 | total: 2.6233
--- 验证集 [epoch 630] ---
  准确率 (Accuracy):  0.7260
  精确率 (Precision): 0.5051
  召回率 (Recall):    0.5488
  F1 分数 (F1):       0.5051
[New] Epoch 631/1000 | classify: 2.2091 | voltage: 1.4224 | conc: 0.0007 | consistency: 0.3279 | polarity: 2.2894 | monodec: 0.0000 | rule: 221.7179 | group: 1.6818 | tree: 4.8990 | total: 2.3957
[New] Epoch 632/1000 | classify: 2.4043 | voltage: 1.4164 | conc: 0.0010 | consistency: 0.3277 | polarity: 2.4632 | monodec: 0.0000 | rule: 219.6514 | group: 1.8772 | tree: 5.4189 | total: 2.5902
[New] Epoch 633/1000 | classify: 2.2057 | voltage: 1.4163 | conc: 0.0007 | consistency: 0.3276 | polarity: 2.3622 | monodec: 0.0000 | rule: 227.6717 | group: 1.7527 | tree: 4.9728 | total: 2.3951
[New] Epoch 634/1000 | classify: 2.3664 | voltage: 1.4003 | conc: 0.0010 | consistency: 0.3273 | polarity: 2.4182 | monodec: 0.0000 | rule: 245.9011 | group: 1.7918 | tree: 5.4891 | total: 2.5646
[New] Epoch 635/1000 | classify: 2.3093 | voltage: 1.3941 | conc: 0.0006 | consistency: 0.3274 | polarity: 2.3901 | monodec: 0.0000 | rule: 242.9927 | group: 1.7416 | tree: 5.1174 | total: 2.5051
[New] Epoch 636/1000 | classify: 2.3539 | voltage: 1.4181 | conc: 0.0006 | consistency: 0.3274 | polarity: 2.4070 | monodec: 0.0000 | rule: 230.3963 | group: 1.7669 | tree: 5.1415 | total: 2.5446
[New] Epoch 637/1000 | classify: 2.3537 | voltage: 1.4082 | conc: 0.0009 | consistency: 0.3277 | polarity: 2.4014 | monodec: 0.0000 | rule: 241.0005 | group: 1.8093 | tree: 5.2846 | total: 2.5497
[New] Epoch 638/1000 | classify: 2.4433 | voltage: 1.4359 | conc: 0.0011 | consistency: 0.3278 | polarity: 2.4856 | monodec: 0.0000 | rule: 228.6797 | group: 1.8752 | tree: 5.4352 | total: 2.6348
[New] Epoch 639/1000 | classify: 2.1731 | voltage: 1.4526 | conc: 0.0004 | consistency: 0.3279 | polarity: 2.3230 | monodec: 0.0000 | rule: 222.4250 | group: 1.6723 | tree: 4.9552 | total: 2.3614
[New] Epoch 640/1000 | classify: 2.4643 | voltage: 1.3962 | conc: 0.0010 | consistency: 0.3279 | polarity: 2.4912 | monodec: 0.0000 | rule: 239.1907 | group: 1.8513 | tree: 5.3431 | total: 2.6590
--- 验证集 [epoch 640] ---
  准确率 (Accuracy):  0.6027
  精确率 (Precision): 0.4716
  召回率 (Recall):    0.4891
  F1 分数 (F1):       0.4365
[New] Epoch 641/1000 | classify: 2.2601 | voltage: 1.4199 | conc: 0.0009 | consistency: 0.3245 | polarity: 2.3790 | monodec: 0.0000 | rule: 222.7899 | group: 1.7991 | tree: 4.9821 | total: 2.4474
[New] Epoch 642/1000 | classify: 2.3725 | voltage: 1.4296 | conc: 0.0006 | consistency: 0.3282 | polarity: 2.4127 | monodec: 0.0000 | rule: 224.3316 | group: 1.7551 | tree: 5.2393 | total: 2.5609
[New] Epoch 643/1000 | classify: 2.3366 | voltage: 1.3821 | conc: 0.0007 | consistency: 0.3283 | polarity: 2.3734 | monodec: 0.0000 | rule: 232.3116 | group: 1.7286 | tree: 5.1432 | total: 2.5266
[New] Epoch 644/1000 | classify: 2.1598 | voltage: 1.4392 | conc: 0.0006 | consistency: 0.3281 | polarity: 2.2836 | monodec: 0.0000 | rule: 213.1115 | group: 1.6708 | tree: 4.8290 | total: 2.3428
[New] Epoch 645/1000 | classify: 2.3578 | voltage: 1.4177 | conc: 0.0007 | consistency: 0.3280 | polarity: 2.4350 | monodec: 0.0000 | rule: 226.7467 | group: 1.7804 | tree: 5.3664 | total: 2.5469
[New] Epoch 646/1000 | classify: 2.2012 | voltage: 1.4506 | conc: 0.0004 | consistency: 0.3282 | polarity: 2.3397 | monodec: 0.0000 | rule: 203.1274 | group: 1.6924 | tree: 4.7008 | total: 2.3795
[New] Epoch 647/1000 | classify: 2.1923 | voltage: 1.4232 | conc: 0.0010 | consistency: 0.3281 | polarity: 2.3677 | monodec: 0.0000 | rule: 235.0783 | group: 1.7329 | tree: 5.1206 | total: 2.3860
[New] Epoch 648/1000 | classify: 2.3517 | voltage: 1.4484 | conc: 0.0007 | consistency: 0.3282 | polarity: 2.4575 | monodec: 0.0000 | rule: 207.8620 | group: 1.8486 | tree: 5.4936 | total: 2.5331
[New] Epoch 649/1000 | classify: 2.2523 | voltage: 1.4310 | conc: 0.0008 | consistency: 0.3246 | polarity: 2.3902 | monodec: 0.0000 | rule: 229.5622 | group: 1.8088 | tree: 5.1709 | total: 2.4436
[New] Epoch 650/1000 | classify: 2.3421 | voltage: 1.4690 | conc: 0.0008 | consistency: 0.3283 | polarity: 2.4462 | monodec: 0.0000 | rule: 210.2088 | group: 1.8286 | tree: 5.5052 | total: 2.5258
--- 验证集 [epoch 650] ---
  准确率 (Accuracy):  0.7260
  精确率 (Precision): 0.7443
  召回率 (Recall):    0.5863
  F1 分数 (F1):       0.5762
✅ 模型已保存到 /home/kudouzala/Application/ion_detect/output/trained_model_save/exp_new_f/trained_model_epoch_650.pth
📁 损失值已保存到 /home/kudouzala/Application/ion_detect/output/trained_model_save/exp_new_f/training_loss_epoch_650.csv
[New] Epoch 651/1000 | classify: 2.3801 | voltage: 1.4405 | conc: 0.0008 | consistency: 0.3283 | polarity: 2.4687 | monodec: 0.0000 | rule: 233.7513 | group: 1.8502 | tree: 5.3664 | total: 2.5741
[New] Epoch 652/1000 | classify: 2.4317 | voltage: 1.4156 | conc: 0.0008 | consistency: 0.3285 | polarity: 2.3901 | monodec: 0.0000 | rule: 244.4903 | group: 1.7393 | tree: 5.0936 | total: 2.6296
[New] Epoch 653/1000 | classify: 2.2863 | voltage: 1.4220 | conc: 0.0007 | consistency: 0.3284 | polarity: 2.4350 | monodec: 0.0000 | rule: 229.2091 | group: 1.7887 | tree: 5.2011 | total: 2.4768
[New] Epoch 654/1000 | classify: 2.2708 | voltage: 1.4484 | conc: 0.0005 | consistency: 0.3250 | polarity: 2.3284 | monodec: 0.0000 | rule: 207.4798 | group: 1.7327 | tree: 4.8009 | total: 2.4514
[New] Epoch 655/1000 | classify: 2.2659 | voltage: 1.4526 | conc: 0.0009 | consistency: 0.3251 | polarity: 2.4070 | monodec: 0.0000 | rule: 209.9698 | group: 1.7830 | tree: 5.3294 | total: 2.4486
[New] Epoch 656/1000 | classify: 2.4328 | voltage: 1.4385 | conc: 0.0009 | consistency: 0.3289 | polarity: 2.4855 | monodec: 0.0000 | rule: 227.6850 | group: 1.8711 | tree: 5.2329 | total: 2.6237
[New] Epoch 657/1000 | classify: 2.1814 | voltage: 1.4257 | conc: 0.0008 | consistency: 0.3290 | polarity: 2.3677 | monodec: 0.0000 | rule: 232.3894 | group: 1.7096 | tree: 5.2088 | total: 2.3738
[New] Epoch 658/1000 | classify: 2.3250 | voltage: 1.4266 | conc: 0.0007 | consistency: 0.3291 | polarity: 2.3733 | monodec: 0.0000 | rule: 237.6397 | group: 1.7766 | tree: 5.2352 | total: 2.5200
[New] Epoch 659/1000 | classify: 2.1963 | voltage: 1.4158 | conc: 0.0009 | consistency: 0.3292 | polarity: 2.3901 | monodec: 0.0000 | rule: 234.4901 | group: 1.7372 | tree: 5.0969 | total: 2.3893
[New] Epoch 660/1000 | classify: 2.4053 | voltage: 1.4794 | conc: 0.0009 | consistency: 0.3293 | polarity: 2.4630 | monodec: 0.0000 | rule: 219.2699 | group: 1.8212 | tree: 5.4295 | total: 2.5941
--- 验证集 [epoch 660] ---
  准确率 (Accuracy):  0.7397
  精确率 (Precision): 0.7625
  召回率 (Recall):    0.5989
  F1 分数 (F1):       0.5806
[New] Epoch 661/1000 | classify: 2.3580 | voltage: 1.4444 | conc: 0.0008 | consistency: 0.3252 | polarity: 2.4237 | monodec: 0.0000 | rule: 218.8188 | group: 1.8075 | tree: 5.1760 | total: 2.5446
[New] Epoch 662/1000 | classify: 2.4246 | voltage: 1.4448 | conc: 0.0009 | consistency: 0.3290 | polarity: 2.4573 | monodec: 0.0000 | rule: 231.8101 | group: 1.7703 | tree: 5.1066 | total: 2.6178
[New] Epoch 663/1000 | classify: 2.4586 | voltage: 1.4556 | conc: 0.0008 | consistency: 0.3289 | polarity: 2.4460 | monodec: 0.0000 | rule: 213.4151 | group: 1.8575 | tree: 5.4639 | total: 2.6432
[New] Epoch 664/1000 | classify: 2.2540 | voltage: 1.4608 | conc: 0.0005 | consistency: 0.3251 | polarity: 2.3170 | monodec: 0.0000 | rule: 207.7093 | group: 1.7126 | tree: 5.2104 | total: 2.4354
[New] Epoch 665/1000 | classify: 2.4554 | voltage: 1.4238 | conc: 0.0004 | consistency: 0.3250 | polarity: 2.4235 | monodec: 0.0000 | rule: 242.1139 | group: 1.7602 | tree: 5.0959 | total: 2.6522
[New] Epoch 666/1000 | classify: 2.3191 | voltage: 1.4371 | conc: 0.0010 | consistency: 0.3252 | polarity: 2.4011 | monodec: 0.0000 | rule: 226.7771 | group: 1.7601 | tree: 5.3261 | total: 2.5095
[New] Epoch 667/1000 | classify: 2.2296 | voltage: 1.4503 | conc: 0.0008 | consistency: 0.3289 | polarity: 2.3730 | monodec: 0.0000 | rule: 215.7060 | group: 1.7645 | tree: 5.2271 | total: 2.4149
[New] Epoch 668/1000 | classify: 2.3840 | voltage: 1.4247 | conc: 0.0009 | consistency: 0.3290 | polarity: 2.4403 | monodec: 0.0000 | rule: 237.3970 | group: 1.8423 | tree: 5.2217 | total: 2.5790
[New] Epoch 669/1000 | classify: 2.1950 | voltage: 1.4571 | conc: 0.0006 | consistency: 0.3291 | polarity: 2.4123 | monodec: 0.0000 | rule: 221.8083 | group: 1.7771 | tree: 5.2662 | total: 2.3835
[New] Epoch 670/1000 | classify: 2.6520 | voltage: 1.4502 | conc: 0.0007 | consistency: 0.3254 | polarity: 2.4796 | monodec: 0.0000 | rule: 212.4430 | group: 1.8592 | tree: 5.2784 | total: 2.8357
--- 验证集 [epoch 670] ---
  准确率 (Accuracy):  0.6918
  精确率 (Precision): 0.4005
  召回率 (Recall):    0.4923
  F1 分数 (F1):       0.4391
[New] Epoch 671/1000 | classify: 2.3493 | voltage: 1.4514 | conc: 0.0008 | consistency: 0.3254 | polarity: 2.4347 | monodec: 0.0000 | rule: 215.0960 | group: 1.7617 | tree: 5.2961 | total: 2.5344
[New] Epoch 672/1000 | classify: 2.3115 | voltage: 1.4400 | conc: 0.0006 | consistency: 0.3292 | polarity: 2.4179 | monodec: 0.0000 | rule: 239.7910 | group: 1.7870 | tree: 5.3701 | total: 2.5083
[New] Epoch 673/1000 | classify: 1.9925 | voltage: 1.4422 | conc: 0.0006 | consistency: 0.3292 | polarity: 2.2776 | monodec: 0.0000 | rule: 196.3579 | group: 1.6532 | tree: 4.8829 | total: 2.1673
[New] Epoch 674/1000 | classify: 2.6016 | voltage: 1.4430 | conc: 0.0007 | consistency: 0.3290 | polarity: 2.4907 | monodec: 0.0000 | rule: 243.1357 | group: 1.8118 | tree: 5.2172 | total: 2.8001
[New] Epoch 675/1000 | classify: 2.3782 | voltage: 1.4412 | conc: 0.0010 | consistency: 0.3293 | polarity: 2.4402 | monodec: 0.0000 | rule: 226.1174 | group: 1.7636 | tree: 5.1571 | total: 2.5684
[New] Epoch 676/1000 | classify: 2.2976 | voltage: 1.4720 | conc: 0.0007 | consistency: 0.3294 | polarity: 2.3786 | monodec: 0.0000 | rule: 208.2055 | group: 1.7082 | tree: 5.0232 | total: 2.4800
[New] Epoch 677/1000 | classify: 2.4554 | voltage: 1.4646 | conc: 0.0007 | consistency: 0.3295 | polarity: 2.4291 | monodec: 0.0000 | rule: 220.0292 | group: 1.8486 | tree: 5.5885 | total: 2.6438
[New] Epoch 678/1000 | classify: 2.2542 | voltage: 1.4420 | conc: 0.0004 | consistency: 0.3257 | polarity: 2.3561 | monodec: 0.0000 | rule: 231.4325 | group: 1.6881 | tree: 4.9755 | total: 2.4464
[New] Epoch 679/1000 | classify: 2.1947 | voltage: 1.4620 | conc: 0.0008 | consistency: 0.3293 | polarity: 2.3729 | monodec: 0.0000 | rule: 199.6842 | group: 1.7377 | tree: 5.1574 | total: 2.3725
[New] Epoch 680/1000 | classify: 2.0669 | voltage: 1.4610 | conc: 0.0004 | consistency: 0.3290 | polarity: 2.2999 | monodec: 0.0000 | rule: 223.0616 | group: 1.6921 | tree: 4.6378 | total: 2.2556
--- 验证集 [epoch 680] ---
  准确率 (Accuracy):  0.7260
  精确率 (Precision): 0.5338
  召回率 (Recall):    0.5420
  F1 分数 (F1):       0.5268
[New] Epoch 681/1000 | classify: 2.1876 | voltage: 1.4516 | conc: 0.0005 | consistency: 0.3253 | polarity: 2.4288 | monodec: 0.0000 | rule: 207.2869 | group: 1.7694 | tree: 5.0824 | total: 2.3684
[New] Epoch 682/1000 | classify: 2.3438 | voltage: 1.4400 | conc: 0.0008 | consistency: 0.3289 | polarity: 2.4119 | monodec: 0.0000 | rule: 234.2425 | group: 1.7581 | tree: 5.0798 | total: 2.5377
[New] Epoch 683/1000 | classify: 2.4219 | voltage: 1.4687 | conc: 0.0009 | consistency: 0.3290 | polarity: 2.4456 | monodec: 0.0000 | rule: 228.3231 | group: 1.7878 | tree: 5.3204 | total: 2.6146
[New] Epoch 684/1000 | classify: 2.3526 | voltage: 1.4459 | conc: 0.0009 | consistency: 0.3292 | polarity: 2.4120 | monodec: 0.0000 | rule: 224.4736 | group: 1.7931 | tree: 5.3577 | total: 2.5423
[New] Epoch 685/1000 | classify: 2.2339 | voltage: 1.4560 | conc: 0.0009 | consistency: 0.3258 | polarity: 2.4234 | monodec: 0.0000 | rule: 235.7289 | group: 1.8129 | tree: 5.1324 | total: 2.4296
[New] Epoch 686/1000 | classify: 2.2891 | voltage: 1.4794 | conc: 0.0005 | consistency: 0.3294 | polarity: 2.3560 | monodec: 0.0000 | rule: 228.3139 | group: 1.7400 | tree: 4.9021 | total: 2.4817
[New] Epoch 687/1000 | classify: 2.4417 | voltage: 1.4400 | conc: 0.0007 | consistency: 0.3295 | polarity: 2.4514 | monodec: 0.0000 | rule: 228.1677 | group: 1.7603 | tree: 5.3225 | total: 2.6327
[New] Epoch 688/1000 | classify: 2.2791 | voltage: 1.4427 | conc: 0.0006 | consistency: 0.3223 | polarity: 2.3785 | monodec: 0.0000 | rule: 237.4154 | group: 1.7025 | tree: 4.8605 | total: 2.4745
[New] Epoch 689/1000 | classify: 2.3834 | voltage: 1.4493 | conc: 0.0010 | consistency: 0.3295 | polarity: 2.4738 | monodec: 0.0000 | rule: 227.9133 | group: 1.8464 | tree: 5.2712 | total: 2.5751
[New] Epoch 690/1000 | classify: 2.2309 | voltage: 1.4309 | conc: 0.0008 | consistency: 0.3295 | polarity: 2.3952 | monodec: 0.0000 | rule: 237.3958 | group: 1.8066 | tree: 5.3643 | total: 2.4261
--- 验证集 [epoch 690] ---
  准确率 (Accuracy):  0.7260
  精确率 (Precision): 0.5334
  召回率 (Recall):    0.5519
  F1 分数 (F1):       0.5323
[New] Epoch 691/1000 | classify: 2.2628 | voltage: 1.4546 | conc: 0.0006 | consistency: 0.3294 | polarity: 2.3895 | monodec: 0.0000 | rule: 224.6789 | group: 1.7519 | tree: 5.0152 | total: 2.4525
[New] Epoch 692/1000 | classify: 2.2829 | voltage: 1.4150 | conc: 0.0007 | consistency: 0.3294 | polarity: 2.3334 | monodec: 0.0000 | rule: 252.8109 | group: 1.6761 | tree: 5.0684 | total: 2.4847
[New] Epoch 693/1000 | classify: 2.3070 | voltage: 1.4602 | conc: 0.0007 | consistency: 0.3294 | polarity: 2.3951 | monodec: 0.0000 | rule: 244.6087 | group: 1.7769 | tree: 5.1429 | total: 2.5072
[New] Epoch 694/1000 | classify: 2.2890 | voltage: 1.4842 | conc: 0.0006 | consistency: 0.3296 | polarity: 2.3559 | monodec: 0.0000 | rule: 215.4594 | group: 1.8420 | tree: 5.1728 | total: 2.4757
[New] Epoch 695/1000 | classify: 2.2620 | voltage: 1.4557 | conc: 0.0006 | consistency: 0.3294 | polarity: 2.3558 | monodec: 0.0000 | rule: 236.3023 | group: 1.7144 | tree: 4.9944 | total: 2.4575
[New] Epoch 696/1000 | classify: 2.2735 | voltage: 1.4572 | conc: 0.0007 | consistency: 0.3295 | polarity: 2.3614 | monodec: 0.0000 | rule: 239.4360 | group: 1.7354 | tree: 5.0163 | total: 2.4708
[New] Epoch 697/1000 | classify: 2.5212 | voltage: 1.4573 | conc: 0.0010 | consistency: 0.3296 | polarity: 2.4344 | monodec: 0.0000 | rule: 234.8480 | group: 1.8164 | tree: 5.4207 | total: 2.7168
[New] Epoch 698/1000 | classify: 2.3254 | voltage: 1.4712 | conc: 0.0009 | consistency: 0.3297 | polarity: 2.4400 | monodec: 0.0000 | rule: 236.4573 | group: 1.8322 | tree: 5.4744 | total: 2.5224
[New] Epoch 699/1000 | classify: 2.3963 | voltage: 1.4618 | conc: 0.0008 | consistency: 0.3298 | polarity: 2.3896 | monodec: 0.0000 | rule: 229.6622 | group: 1.7557 | tree: 5.0854 | total: 2.5890
[New] Epoch 700/1000 | classify: 2.4408 | voltage: 1.4913 | conc: 0.0008 | consistency: 0.3262 | polarity: 2.4793 | monodec: 0.0000 | rule: 231.9629 | group: 1.7925 | tree: 5.3259 | total: 2.6364
--- 验证集 [epoch 700] ---
  准确率 (Accuracy):  0.7329
  精确率 (Precision): 0.5305
  召回率 (Recall):    0.5757
  F1 分数 (F1):       0.5454
✅ 模型已保存到 /home/kudouzala/Application/ion_detect/output/trained_model_save/exp_new_f/trained_model_epoch_700.pth
📁 损失值已保存到 /home/kudouzala/Application/ion_detect/output/trained_model_save/exp_new_f/training_loss_epoch_700.csv
[New] Epoch 701/1000 | classify: 2.3460 | voltage: 1.4871 | conc: 0.0005 | consistency: 0.3299 | polarity: 2.4344 | monodec: 0.0000 | rule: 222.4887 | group: 1.7796 | tree: 5.0519 | total: 2.5362
[New] Epoch 702/1000 | classify: 2.0815 | voltage: 1.4320 | conc: 0.0007 | consistency: 0.3299 | polarity: 2.2997 | monodec: 0.0000 | rule: 240.2426 | group: 1.6862 | tree: 4.9866 | total: 2.2779
[New] Epoch 703/1000 | classify: 2.3967 | voltage: 1.4528 | conc: 0.0007 | consistency: 0.3298 | polarity: 2.4006 | monodec: 0.0000 | rule: 231.3334 | group: 1.7343 | tree: 5.1376 | total: 2.5898
[New] Epoch 704/1000 | classify: 2.2800 | voltage: 1.4564 | conc: 0.0008 | consistency: 0.3298 | polarity: 2.4062 | monodec: 0.0000 | rule: 233.4204 | group: 1.7690 | tree: 5.2039 | total: 2.4745
[New] Epoch 705/1000 | classify: 2.2771 | voltage: 1.4567 | conc: 0.0007 | consistency: 0.3262 | polarity: 2.4455 | monodec: 0.0000 | rule: 223.0591 | group: 1.7865 | tree: 5.2735 | total: 2.4664
[New] Epoch 706/1000 | classify: 2.4091 | voltage: 1.4285 | conc: 0.0009 | consistency: 0.3301 | polarity: 2.4848 | monodec: 0.0000 | rule: 248.3986 | group: 1.8044 | tree: 5.2584 | total: 2.6098
[New] Epoch 707/1000 | classify: 2.3739 | voltage: 1.4401 | conc: 0.0007 | consistency: 0.3303 | polarity: 2.4288 | monodec: 0.0000 | rule: 237.2185 | group: 1.7585 | tree: 5.3588 | total: 2.5694
[New] Epoch 708/1000 | classify: 2.3969 | voltage: 1.4768 | conc: 0.0008 | consistency: 0.3304 | polarity: 2.4400 | monodec: 0.0000 | rule: 215.8376 | group: 1.7899 | tree: 5.1822 | total: 2.5836
[New] Epoch 709/1000 | classify: 2.2971 | voltage: 1.4795 | conc: 0.0007 | consistency: 0.3305 | polarity: 2.3671 | monodec: 0.0000 | rule: 226.8953 | group: 1.7471 | tree: 5.2200 | total: 2.4894
[New] Epoch 710/1000 | classify: 2.2741 | voltage: 1.4721 | conc: 0.0007 | consistency: 0.3302 | polarity: 2.3670 | monodec: 0.0000 | rule: 244.9312 | group: 1.7178 | tree: 5.0794 | total: 2.4750
--- 验证集 [epoch 710] ---
  准确率 (Accuracy):  0.6986
  精确率 (Precision): 0.7310
  召回率 (Recall):    0.5672
  F1 分数 (F1):       0.5426
[New] Epoch 711/1000 | classify: 2.4543 | voltage: 1.4480 | conc: 0.0007 | consistency: 0.3303 | polarity: 2.4230 | monodec: 0.0000 | rule: 255.1775 | group: 1.7451 | tree: 5.1769 | total: 2.6590
[New] Epoch 712/1000 | classify: 2.3492 | voltage: 1.5067 | conc: 0.0006 | consistency: 0.3304 | polarity: 2.3838 | monodec: 0.0000 | rule: 217.5363 | group: 1.7974 | tree: 5.1201 | total: 2.5380
[New] Epoch 713/1000 | classify: 2.2955 | voltage: 1.4832 | conc: 0.0011 | consistency: 0.3305 | polarity: 2.4736 | monodec: 0.0000 | rule: 218.6976 | group: 1.8443 | tree: 5.4906 | total: 2.4844
[New] Epoch 714/1000 | classify: 2.4152 | voltage: 1.4091 | conc: 0.0007 | consistency: 0.3307 | polarity: 2.4063 | monodec: 0.0000 | rule: 248.5345 | group: 1.7730 | tree: 5.0615 | total: 2.6147
[New] Epoch 715/1000 | classify: 2.2229 | voltage: 1.4713 | conc: 0.0006 | consistency: 0.3271 | polarity: 2.3390 | monodec: 0.0000 | rule: 212.7394 | group: 1.7124 | tree: 4.9319 | total: 2.4073
[New] Epoch 716/1000 | classify: 2.3622 | voltage: 1.4905 | conc: 0.0007 | consistency: 0.3309 | polarity: 2.4007 | monodec: 0.0000 | rule: 227.5359 | group: 1.7605 | tree: 5.2701 | total: 2.5553
[New] Epoch 717/1000 | classify: 2.4557 | voltage: 1.4677 | conc: 0.0008 | consistency: 0.3274 | polarity: 2.4401 | monodec: 0.0000 | rule: 241.8283 | group: 1.7972 | tree: 5.2182 | total: 2.6549
[New] Epoch 718/1000 | classify: 2.2641 | voltage: 1.4766 | conc: 0.0007 | consistency: 0.3313 | polarity: 2.3896 | monodec: 0.0000 | rule: 242.7653 | group: 1.7573 | tree: 5.4080 | total: 2.4642
[New] Epoch 719/1000 | classify: 2.3021 | voltage: 1.4779 | conc: 0.0009 | consistency: 0.3277 | polarity: 2.4513 | monodec: 0.0000 | rule: 234.3781 | group: 1.8589 | tree: 5.3486 | total: 2.4984
[New] Epoch 720/1000 | classify: 2.3316 | voltage: 1.4952 | conc: 0.0009 | consistency: 0.3314 | polarity: 2.4007 | monodec: 0.0000 | rule: 207.7748 | group: 1.7595 | tree: 5.0224 | total: 2.5152
--- 验证集 [epoch 720] ---
  准确率 (Accuracy):  0.7123
  精确率 (Precision): 0.7031
  召回率 (Recall):    0.5404
  F1 分数 (F1):       0.5156
[New] Epoch 721/1000 | classify: 2.3373 | voltage: 1.4900 | conc: 0.0007 | consistency: 0.3316 | polarity: 2.4288 | monodec: 0.0000 | rule: 219.2209 | group: 1.8264 | tree: 5.3324 | total: 2.5263
[New] Epoch 722/1000 | classify: 2.2173 | voltage: 1.5635 | conc: 0.0005 | consistency: 0.3317 | polarity: 2.3895 | monodec: 0.0000 | rule: 192.9428 | group: 1.7764 | tree: 5.0353 | total: 2.3966
[New] Epoch 723/1000 | classify: 2.2079 | voltage: 1.4803 | conc: 0.0005 | consistency: 0.3278 | polarity: 2.3334 | monodec: 0.0000 | rule: 238.9476 | group: 1.6953 | tree: 5.1351 | total: 2.4060
[New] Epoch 724/1000 | classify: 2.3383 | voltage: 1.4773 | conc: 0.0008 | consistency: 0.3318 | polarity: 2.4343 | monodec: 0.0000 | rule: 239.7307 | group: 1.7921 | tree: 5.3887 | total: 2.5371
[New] Epoch 725/1000 | classify: 2.1731 | voltage: 1.4982 | conc: 0.0005 | consistency: 0.3319 | polarity: 2.3502 | monodec: 0.0000 | rule: 245.8899 | group: 1.7360 | tree: 5.0955 | total: 2.3755
[New] Epoch 726/1000 | classify: 2.2840 | voltage: 1.4836 | conc: 0.0008 | consistency: 0.3319 | polarity: 2.3950 | monodec: 0.0000 | rule: 242.4567 | group: 1.7610 | tree: 4.9638 | total: 2.4842
[New] Epoch 727/1000 | classify: 2.2286 | voltage: 1.4911 | conc: 0.0007 | consistency: 0.3319 | polarity: 2.4006 | monodec: 0.0000 | rule: 231.1755 | group: 1.8156 | tree: 5.1957 | total: 2.4236
[New] Epoch 728/1000 | classify: 2.2209 | voltage: 1.5162 | conc: 0.0009 | consistency: 0.3317 | polarity: 2.4005 | monodec: 0.0000 | rule: 205.0617 | group: 1.7611 | tree: 5.0845 | total: 2.4042
[New] Epoch 729/1000 | classify: 2.3432 | voltage: 1.5071 | conc: 0.0003 | consistency: 0.3279 | polarity: 2.3443 | monodec: 0.0000 | rule: 224.2345 | group: 1.6773 | tree: 4.7180 | total: 2.5349
[New] Epoch 730/1000 | classify: 2.2844 | voltage: 1.4616 | conc: 0.0005 | consistency: 0.3316 | polarity: 2.3836 | monodec: 0.0000 | rule: 250.3074 | group: 1.7415 | tree: 5.2251 | total: 2.4872
--- 验证集 [epoch 730] ---
  准确率 (Accuracy):  0.7123
  精确率 (Precision): 0.4989
  召回率 (Recall):    0.5400
  F1 分数 (F1):       0.4891
[New] Epoch 731/1000 | classify: 2.2004 | voltage: 1.5201 | conc: 0.0006 | consistency: 0.3317 | polarity: 2.3724 | monodec: 0.0000 | rule: 222.4419 | group: 1.7022 | tree: 4.8929 | total: 2.3922
[New] Epoch 732/1000 | classify: 2.2496 | voltage: 1.4963 | conc: 0.0007 | consistency: 0.3317 | polarity: 2.3892 | monodec: 0.0000 | rule: 220.8900 | group: 1.7864 | tree: 5.0771 | total: 2.4397
[New] Epoch 733/1000 | classify: 2.1583 | voltage: 1.4963 | conc: 0.0008 | consistency: 0.3317 | polarity: 2.3780 | monodec: 0.0000 | rule: 230.7946 | group: 1.8141 | tree: 5.2322 | total: 2.3535
[New] Epoch 734/1000 | classify: 2.2377 | voltage: 1.4642 | conc: 0.0006 | consistency: 0.3316 | polarity: 2.3835 | monodec: 0.0000 | rule: 256.1150 | group: 1.7462 | tree: 5.1747 | total: 2.4437
[New] Epoch 735/1000 | classify: 2.2277 | voltage: 1.4958 | conc: 0.0013 | consistency: 0.3315 | polarity: 2.4396 | monodec: 0.0000 | rule: 233.2529 | group: 1.7864 | tree: 5.2518 | total: 2.4245
[New] Epoch 736/1000 | classify: 2.3976 | voltage: 1.4823 | conc: 0.0007 | consistency: 0.3316 | polarity: 2.4171 | monodec: 0.0000 | rule: 237.9147 | group: 1.8032 | tree: 5.0644 | total: 2.5954
[New] Epoch 737/1000 | classify: 2.4100 | voltage: 1.5096 | conc: 0.0007 | consistency: 0.3318 | polarity: 2.4060 | monodec: 0.0000 | rule: 224.8145 | group: 1.7821 | tree: 5.2694 | total: 2.6028
[New] Epoch 738/1000 | classify: 2.1654 | voltage: 1.5276 | conc: 0.0006 | consistency: 0.3281 | polarity: 2.3387 | monodec: 0.0000 | rule: 231.7525 | group: 1.7242 | tree: 5.0055 | total: 2.3623
[New] Epoch 739/1000 | classify: 2.1219 | voltage: 1.4913 | conc: 0.0004 | consistency: 0.3317 | polarity: 2.2994 | monodec: 0.0000 | rule: 218.1537 | group: 1.6731 | tree: 4.9056 | total: 2.3099
[New] Epoch 740/1000 | classify: 2.4321 | voltage: 1.4882 | conc: 0.0009 | consistency: 0.3316 | polarity: 2.4507 | monodec: 0.0000 | rule: 245.2940 | group: 1.8697 | tree: 5.2765 | total: 2.6342
--- 验证集 [epoch 740] ---
  准确率 (Accuracy):  0.7329
  精确率 (Precision): 0.6059
  召回率 (Recall):    0.5808
  F1 分数 (F1):       0.5606
[New] Epoch 741/1000 | classify: 2.2423 | voltage: 1.5018 | conc: 0.0011 | consistency: 0.3317 | polarity: 2.4059 | monodec: 0.0000 | rule: 229.3339 | group: 1.8103 | tree: 5.1231 | total: 2.4372
[New] Epoch 742/1000 | classify: 2.0998 | voltage: 1.5334 | conc: 0.0007 | consistency: 0.3318 | polarity: 2.3499 | monodec: 0.0000 | rule: 200.3782 | group: 1.7595 | tree: 5.1040 | total: 2.2814
[New] Epoch 743/1000 | classify: 2.4207 | voltage: 1.4845 | conc: 0.0007 | consistency: 0.3320 | polarity: 2.4004 | monodec: 0.0000 | rule: 232.5495 | group: 1.7671 | tree: 5.4225 | total: 2.6161
[New] Epoch 744/1000 | classify: 2.2988 | voltage: 1.5209 | conc: 0.0008 | consistency: 0.3320 | polarity: 2.4116 | monodec: 0.0000 | rule: 211.5631 | group: 1.7871 | tree: 5.3221 | total: 2.4856
[New] Epoch 745/1000 | classify: 2.2058 | voltage: 1.5191 | conc: 0.0007 | consistency: 0.3321 | polarity: 2.4116 | monodec: 0.0000 | rule: 219.1083 | group: 1.7967 | tree: 5.0892 | total: 2.3961
[New] Epoch 746/1000 | classify: 2.2753 | voltage: 1.5105 | conc: 0.0006 | consistency: 0.3321 | polarity: 2.3611 | monodec: 0.0000 | rule: 226.0634 | group: 1.7313 | tree: 5.0659 | total: 2.4685
[New] Epoch 747/1000 | classify: 2.4796 | voltage: 1.5222 | conc: 0.0008 | consistency: 0.3322 | polarity: 2.4733 | monodec: 0.0000 | rule: 225.7136 | group: 1.8597 | tree: 5.3345 | total: 2.6736
[New] Epoch 748/1000 | classify: 2.2148 | voltage: 1.5003 | conc: 0.0005 | consistency: 0.3324 | polarity: 2.3332 | monodec: 0.0000 | rule: 233.5314 | group: 1.6880 | tree: 5.0818 | total: 2.4111
[New] Epoch 749/1000 | classify: 2.3812 | voltage: 1.5199 | conc: 0.0006 | consistency: 0.3287 | polarity: 2.4285 | monodec: 0.0000 | rule: 231.3152 | group: 1.7862 | tree: 5.3694 | total: 2.5777
[New] Epoch 750/1000 | classify: 2.2279 | voltage: 1.4925 | conc: 0.0006 | consistency: 0.3287 | polarity: 2.4173 | monodec: 0.0000 | rule: 237.8607 | group: 1.8286 | tree: 5.4275 | total: 2.4263
--- 验证集 [epoch 750] ---
  准确率 (Accuracy):  0.7397
  精确率 (Precision): 0.5980
  召回率 (Recall):    0.5876
  F1 分数 (F1):       0.5794
✅ 模型已保存到 /home/kudouzala/Application/ion_detect/output/trained_model_save/exp_new_f/trained_model_epoch_750.pth
📁 损失值已保存到 /home/kudouzala/Application/ion_detect/output/trained_model_save/exp_new_f/training_loss_epoch_750.csv
[New] Epoch 751/1000 | classify: 2.3217 | voltage: 1.5291 | conc: 0.0005 | consistency: 0.3325 | polarity: 2.4060 | monodec: 0.0000 | rule: 218.2322 | group: 1.8024 | tree: 5.1977 | total: 2.5120
[New] Epoch 752/1000 | classify: 2.3320 | voltage: 1.5744 | conc: 0.0005 | consistency: 0.3325 | polarity: 2.3611 | monodec: 0.0000 | rule: 212.5167 | group: 1.6920 | tree: 4.9368 | total: 2.5214
[New] Epoch 753/1000 | classify: 2.2132 | voltage: 1.4509 | conc: 0.0008 | consistency: 0.3324 | polarity: 2.2993 | monodec: 0.0000 | rule: 237.1696 | group: 1.6447 | tree: 4.8577 | total: 2.4090
[New] Epoch 754/1000 | classify: 2.3595 | voltage: 1.4821 | conc: 0.0007 | consistency: 0.3323 | polarity: 2.3834 | monodec: 0.0000 | rule: 232.9416 | group: 1.7473 | tree: 5.4117 | total: 2.5549
[New] Epoch 755/1000 | classify: 2.4275 | voltage: 1.5475 | conc: 0.0008 | consistency: 0.3324 | polarity: 2.5012 | monodec: 0.0000 | rule: 203.8215 | group: 1.8687 | tree: 5.6654 | total: 2.6120
[New] Epoch 756/1000 | classify: 2.1846 | voltage: 1.5110 | conc: 0.0005 | consistency: 0.3324 | polarity: 2.3273 | monodec: 0.0000 | rule: 222.2019 | group: 1.7070 | tree: 5.1704 | total: 2.3758
[New] Epoch 757/1000 | classify: 2.3877 | voltage: 1.5294 | conc: 0.0006 | consistency: 0.3286 | polarity: 2.3834 | monodec: 0.0000 | rule: 228.2148 | group: 1.7671 | tree: 5.1567 | total: 2.5829
[New] Epoch 758/1000 | classify: 2.3475 | voltage: 1.4916 | conc: 0.0005 | consistency: 0.3324 | polarity: 2.3666 | monodec: 0.0000 | rule: 236.9148 | group: 1.7496 | tree: 5.0967 | total: 2.5451
[New] Epoch 759/1000 | classify: 2.2958 | voltage: 1.5102 | conc: 0.0008 | consistency: 0.3325 | polarity: 2.4058 | monodec: 0.0000 | rule: 213.7415 | group: 1.7855 | tree: 5.2196 | total: 2.4832
[New] Epoch 760/1000 | classify: 2.1395 | voltage: 1.4836 | conc: 0.0006 | consistency: 0.3324 | polarity: 2.3329 | monodec: 0.0000 | rule: 237.0903 | group: 1.7542 | tree: 4.9067 | total: 2.3367
--- 验证集 [epoch 760] ---
  准确率 (Accuracy):  0.7329
  精确率 (Precision): 0.5935
  召回率 (Recall):    0.5539
  F1 分数 (F1):       0.5479
[New] Epoch 761/1000 | classify: 2.3220 | voltage: 1.5121 | conc: 0.0007 | consistency: 0.3325 | polarity: 2.4114 | monodec: 0.0000 | rule: 221.7035 | group: 1.7468 | tree: 5.0086 | total: 2.5131
[New] Epoch 762/1000 | classify: 2.2760 | voltage: 1.5012 | conc: 0.0005 | consistency: 0.3286 | polarity: 2.3945 | monodec: 0.0000 | rule: 219.8633 | group: 1.7730 | tree: 5.2130 | total: 2.4657
[New] Epoch 763/1000 | classify: 2.3167 | voltage: 1.4900 | conc: 0.0006 | consistency: 0.3323 | polarity: 2.3721 | monodec: 0.0000 | rule: 237.0773 | group: 1.7639 | tree: 5.1093 | total: 2.5144
[New] Epoch 764/1000 | classify: 2.2184 | voltage: 1.4977 | conc: 0.0007 | consistency: 0.3323 | polarity: 2.3384 | monodec: 0.0000 | rule: 232.9138 | group: 1.6882 | tree: 4.9148 | total: 2.4144
[New] Epoch 765/1000 | classify: 2.1952 | voltage: 1.5332 | conc: 0.0007 | consistency: 0.3323 | polarity: 2.3833 | monodec: 0.0000 | rule: 224.6114 | group: 1.7427 | tree: 5.0735 | total: 2.3890
[New] Epoch 766/1000 | classify: 2.2524 | voltage: 1.5340 | conc: 0.0009 | consistency: 0.3286 | polarity: 2.4057 | monodec: 0.0000 | rule: 226.6562 | group: 1.7676 | tree: 5.3557 | total: 2.4476
[New] Epoch 767/1000 | classify: 2.1897 | voltage: 1.5462 | conc: 0.0007 | consistency: 0.3324 | polarity: 2.3665 | monodec: 0.0000 | rule: 210.5402 | group: 1.7583 | tree: 5.0476 | total: 2.3770
[New] Epoch 768/1000 | classify: 1.9413 | voltage: 1.4824 | conc: 0.0009 | consistency: 0.3286 | polarity: 2.2823 | monodec: 0.0000 | rule: 227.1336 | group: 1.6264 | tree: 4.6328 | total: 2.1336
[New] Epoch 769/1000 | classify: 2.0968 | voltage: 1.5469 | conc: 0.0008 | consistency: 0.3323 | polarity: 2.3832 | monodec: 0.0000 | rule: 198.9276 | group: 1.7303 | tree: 5.0685 | total: 2.2785
[New] Epoch 770/1000 | classify: 2.2825 | voltage: 1.5078 | conc: 0.0005 | consistency: 0.3324 | polarity: 2.3721 | monodec: 0.0000 | rule: 228.6669 | group: 1.7636 | tree: 5.3735 | total: 2.4769
--- 验证集 [epoch 770] ---
  准确率 (Accuracy):  0.7397
  精确率 (Precision): 0.5701
  召回率 (Recall):    0.5658
  F1 分数 (F1):       0.5556
[New] Epoch 771/1000 | classify: 2.2112 | voltage: 1.4879 | conc: 0.0010 | consistency: 0.3286 | polarity: 2.4393 | monodec: 0.0000 | rule: 228.0156 | group: 1.7717 | tree: 5.2452 | total: 2.4048
[New] Epoch 772/1000 | classify: 2.1434 | voltage: 1.4823 | conc: 0.0008 | consistency: 0.3324 | polarity: 2.3889 | monodec: 0.0000 | rule: 250.7151 | group: 1.7428 | tree: 5.0818 | total: 2.3478
[New] Epoch 773/1000 | classify: 2.3345 | voltage: 1.5180 | conc: 0.0009 | consistency: 0.3325 | polarity: 2.4618 | monodec: 0.0000 | rule: 237.4609 | group: 1.8207 | tree: 5.3862 | total: 2.5343
[New] Epoch 774/1000 | classify: 2.2366 | voltage: 1.5267 | conc: 0.0006 | consistency: 0.3288 | polarity: 2.3945 | monodec: 0.0000 | rule: 219.3970 | group: 1.7606 | tree: 5.0593 | total: 2.4274
[New] Epoch 775/1000 | classify: 2.3606 | voltage: 1.4953 | conc: 0.0007 | consistency: 0.3326 | polarity: 2.4282 | monodec: 0.0000 | rule: 257.9788 | group: 1.7982 | tree: 5.2884 | total: 2.5692
[New] Epoch 776/1000 | classify: 2.4061 | voltage: 1.5074 | conc: 0.0007 | consistency: 0.3327 | polarity: 2.3834 | monodec: 0.0000 | rule: 245.9299 | group: 1.7454 | tree: 5.1542 | total: 2.6092
[New] Epoch 777/1000 | classify: 2.2288 | voltage: 1.5436 | conc: 0.0006 | consistency: 0.3329 | polarity: 2.3946 | monodec: 0.0000 | rule: 226.6657 | group: 1.8043 | tree: 5.2600 | total: 2.4241
[New] Epoch 778/1000 | classify: 2.3573 | voltage: 1.5134 | conc: 0.0007 | consistency: 0.3328 | polarity: 2.4395 | monodec: 0.0000 | rule: 247.2531 | group: 1.8945 | tree: 5.4826 | total: 2.5617
[New] Epoch 779/1000 | classify: 2.3536 | voltage: 1.5253 | conc: 0.0006 | consistency: 0.3330 | polarity: 2.4059 | monodec: 0.0000 | rule: 229.6233 | group: 1.7782 | tree: 5.0967 | total: 2.5493
[New] Epoch 780/1000 | classify: 2.4902 | voltage: 1.5416 | conc: 0.0006 | consistency: 0.3332 | polarity: 2.4452 | monodec: 0.0000 | rule: 242.7352 | group: 1.8348 | tree: 5.3395 | total: 2.6935
--- 验证集 [epoch 780] ---
  准确率 (Accuracy):  0.7397
  精确率 (Precision): 0.5529
  召回率 (Recall):    0.5876
  F1 分数 (F1):       0.5502
[New] Epoch 781/1000 | classify: 2.1904 | voltage: 1.5753 | conc: 0.0007 | consistency: 0.3333 | polarity: 2.3443 | monodec: 0.0000 | rule: 232.0163 | group: 1.7905 | tree: 5.0098 | total: 2.3899
[New] Epoch 782/1000 | classify: 2.1867 | voltage: 1.5471 | conc: 0.0010 | consistency: 0.3333 | polarity: 2.4115 | monodec: 0.0000 | rule: 205.8332 | group: 1.8197 | tree: 5.2027 | total: 2.3721
[New] Epoch 783/1000 | classify: 2.5069 | voltage: 1.5244 | conc: 0.0008 | consistency: 0.3295 | polarity: 2.4283 | monodec: 0.0000 | rule: 224.4818 | group: 1.8224 | tree: 5.2265 | total: 2.7003
[New] Epoch 784/1000 | classify: 2.1277 | voltage: 1.5578 | conc: 0.0005 | consistency: 0.3333 | polarity: 2.3610 | monodec: 0.0000 | rule: 213.9919 | group: 1.7331 | tree: 5.0364 | total: 2.3172
[New] Epoch 785/1000 | classify: 2.4702 | voltage: 1.5512 | conc: 0.0006 | consistency: 0.3332 | polarity: 2.4450 | monodec: 0.0000 | rule: 242.0737 | group: 1.8176 | tree: 5.2736 | total: 2.6736
[New] Epoch 786/1000 | classify: 2.2243 | voltage: 1.5591 | conc: 0.0005 | consistency: 0.3295 | polarity: 2.3553 | monodec: 0.0000 | rule: 225.3667 | group: 1.7470 | tree: 4.9353 | total: 2.4194
[New] Epoch 787/1000 | classify: 2.2862 | voltage: 1.5129 | conc: 0.0007 | consistency: 0.3331 | polarity: 2.4225 | monodec: 0.0000 | rule: 234.0640 | group: 1.7727 | tree: 5.2824 | total: 2.4838
[New] Epoch 788/1000 | classify: 2.2508 | voltage: 1.5298 | conc: 0.0006 | consistency: 0.3293 | polarity: 2.4000 | monodec: 0.0000 | rule: 218.5799 | group: 1.7347 | tree: 5.2250 | total: 2.4414
[New] Epoch 789/1000 | classify: 2.3901 | voltage: 1.5116 | conc: 0.0008 | consistency: 0.3294 | polarity: 2.4113 | monodec: 0.0000 | rule: 236.1392 | group: 1.7711 | tree: 5.1243 | total: 2.5886
[New] Epoch 790/1000 | classify: 2.3792 | voltage: 1.5201 | conc: 0.0009 | consistency: 0.3332 | polarity: 2.4561 | monodec: 0.0000 | rule: 211.2244 | group: 1.7999 | tree: 5.3307 | total: 2.5660
--- 验证集 [epoch 790] ---
  准确率 (Accuracy):  0.7466
  精确率 (Precision): 0.6010
  召回率 (Recall):    0.6094
  F1 分数 (F1):       0.5896
[New] Epoch 791/1000 | classify: 2.2585 | voltage: 1.5371 | conc: 0.0005 | consistency: 0.3332 | polarity: 2.3889 | monodec: 0.0000 | rule: 226.0844 | group: 1.7636 | tree: 5.0814 | total: 2.4530
[New] Epoch 792/1000 | classify: 2.1239 | voltage: 1.5453 | conc: 0.0008 | consistency: 0.3333 | polarity: 2.3665 | monodec: 0.0000 | rule: 224.9159 | group: 1.7449 | tree: 5.1175 | total: 2.3185
[New] Epoch 793/1000 | classify: 2.1970 | voltage: 1.5300 | conc: 0.0008 | consistency: 0.3334 | polarity: 2.4057 | monodec: 0.0000 | rule: 229.1583 | group: 1.8120 | tree: 5.4109 | total: 2.3932
[New] Epoch 794/1000 | classify: 2.3718 | voltage: 1.5307 | conc: 0.0007 | consistency: 0.3334 | polarity: 2.4674 | monodec: 0.0000 | rule: 228.7897 | group: 1.8600 | tree: 5.4624 | total: 2.5677
[New] Epoch 795/1000 | classify: 2.3999 | voltage: 1.5316 | conc: 0.0006 | consistency: 0.3335 | polarity: 2.4394 | monodec: 0.0000 | rule: 225.0670 | group: 1.7972 | tree: 5.1203 | total: 2.5937
[New] Epoch 796/1000 | classify: 2.3569 | voltage: 1.5318 | conc: 0.0008 | consistency: 0.3335 | polarity: 2.4394 | monodec: 0.0000 | rule: 223.9771 | group: 1.7528 | tree: 5.1332 | total: 2.5503
[New] Epoch 797/1000 | classify: 2.2841 | voltage: 1.5678 | conc: 0.0008 | consistency: 0.3336 | polarity: 2.4338 | monodec: 0.0000 | rule: 209.9084 | group: 1.8122 | tree: 5.0790 | total: 2.4724
[New] Epoch 798/1000 | classify: 2.1620 | voltage: 1.5317 | conc: 0.0005 | consistency: 0.3336 | polarity: 2.3217 | monodec: 0.0000 | rule: 236.2397 | group: 1.6992 | tree: 5.0307 | total: 2.3613
[New] Epoch 799/1000 | classify: 2.1535 | voltage: 1.5482 | conc: 0.0005 | consistency: 0.3336 | polarity: 2.3272 | monodec: 0.0000 | rule: 203.0000 | group: 1.6668 | tree: 4.7747 | total: 2.3367
[New] Epoch 800/1000 | classify: 2.3423 | voltage: 1.5502 | conc: 0.0006 | consistency: 0.3336 | polarity: 2.3777 | monodec: 0.0000 | rule: 214.0266 | group: 1.7117 | tree: 5.0616 | total: 2.5314
--- 验证集 [epoch 800] ---
  准确率 (Accuracy):  0.7397
  精确率 (Precision): 0.7471
  召回率 (Recall):    0.5768
  F1 分数 (F1):       0.5804
✅ 模型已保存到 /home/kudouzala/Application/ion_detect/output/trained_model_save/exp_new_f/trained_model_epoch_800.pth
📁 损失值已保存到 /home/kudouzala/Application/ion_detect/output/trained_model_save/exp_new_f/training_loss_epoch_800.csv
[New] Epoch 801/1000 | classify: 2.4592 | voltage: 1.5381 | conc: 0.0006 | consistency: 0.3299 | polarity: 2.4338 | monodec: 0.0000 | rule: 248.9257 | group: 1.7580 | tree: 5.1773 | total: 2.6653
[New] Epoch 802/1000 | classify: 2.2307 | voltage: 1.5348 | conc: 0.0007 | consistency: 0.3300 | polarity: 2.4226 | monodec: 0.0000 | rule: 232.2879 | group: 1.7700 | tree: 5.1603 | total: 2.4283
[New] Epoch 803/1000 | classify: 2.3250 | voltage: 1.5177 | conc: 0.0008 | consistency: 0.3338 | polarity: 2.4058 | monodec: 0.0000 | rule: 248.6373 | group: 1.7807 | tree: 5.3040 | total: 2.5302
[New] Epoch 804/1000 | classify: 2.2471 | voltage: 1.5599 | conc: 0.0008 | consistency: 0.3339 | polarity: 2.4002 | monodec: 0.0000 | rule: 221.7150 | group: 1.8240 | tree: 5.3669 | total: 2.4410
[New] Epoch 805/1000 | classify: 2.2291 | voltage: 1.5494 | conc: 0.0008 | consistency: 0.3339 | polarity: 2.4114 | monodec: 0.0000 | rule: 224.0767 | group: 1.7981 | tree: 5.1073 | total: 2.4235
[New] Epoch 806/1000 | classify: 2.3238 | voltage: 1.5218 | conc: 0.0008 | consistency: 0.3302 | polarity: 2.4282 | monodec: 0.0000 | rule: 238.5890 | group: 1.7893 | tree: 5.2907 | total: 2.5242
[New] Epoch 807/1000 | classify: 2.2082 | voltage: 1.5263 | conc: 0.0008 | consistency: 0.3340 | polarity: 2.3946 | monodec: 0.0000 | rule: 209.1548 | group: 1.7907 | tree: 5.2031 | total: 2.3940
[New] Epoch 808/1000 | classify: 2.2894 | voltage: 1.5528 | conc: 0.0009 | consistency: 0.3303 | polarity: 2.3946 | monodec: 0.0000 | rule: 220.0876 | group: 1.7809 | tree: 5.2566 | total: 2.4822
[New] Epoch 809/1000 | classify: 2.3644 | voltage: 1.5278 | conc: 0.0010 | consistency: 0.3341 | polarity: 2.4563 | monodec: 0.0000 | rule: 239.1753 | group: 1.8877 | tree: 5.4433 | total: 2.5658
[New] Epoch 810/1000 | classify: 2.3526 | voltage: 1.5824 | conc: 0.0004 | consistency: 0.3343 | polarity: 2.3666 | monodec: 0.0000 | rule: 232.4032 | group: 1.7124 | tree: 4.9077 | total: 2.5523
--- 验证集 [epoch 810] ---
  准确率 (Accuracy):  0.7192
  精确率 (Precision): 0.5435
  召回率 (Recall):    0.5767
  F1 分数 (F1):       0.5340
[New] Epoch 811/1000 | classify: 2.3304 | voltage: 1.5518 | conc: 0.0004 | consistency: 0.3306 | polarity: 2.4171 | monodec: 0.0000 | rule: 229.6187 | group: 1.7971 | tree: 5.3585 | total: 2.5274
[New] Epoch 812/1000 | classify: 2.1298 | voltage: 1.5848 | conc: 0.0004 | consistency: 0.3344 | polarity: 2.2937 | monodec: 0.0000 | rule: 217.3867 | group: 1.6892 | tree: 4.8164 | total: 2.3220
[New] Epoch 813/1000 | classify: 2.1587 | voltage: 1.5651 | conc: 0.0005 | consistency: 0.3345 | polarity: 2.3666 | monodec: 0.0000 | rule: 220.3431 | group: 1.7271 | tree: 5.0181 | total: 2.3517
[New] Epoch 814/1000 | classify: 2.2805 | voltage: 1.5578 | conc: 0.0004 | consistency: 0.3345 | polarity: 2.3891 | monodec: 0.0000 | rule: 243.2819 | group: 1.7554 | tree: 5.1587 | total: 2.4845
[New] Epoch 815/1000 | classify: 2.4144 | voltage: 1.5611 | conc: 0.0009 | consistency: 0.3346 | polarity: 2.4620 | monodec: 0.0000 | rule: 227.7125 | group: 1.8053 | tree: 5.2994 | total: 2.6114
[New] Epoch 816/1000 | classify: 2.4768 | voltage: 1.5481 | conc: 0.0006 | consistency: 0.3346 | polarity: 2.4059 | monodec: 0.0000 | rule: 241.5207 | group: 1.7829 | tree: 5.0427 | total: 2.6797
[New] Epoch 817/1000 | classify: 2.3829 | voltage: 1.5778 | conc: 0.0004 | consistency: 0.3310 | polarity: 2.3722 | monodec: 0.0000 | rule: 237.9406 | group: 1.7112 | tree: 5.0464 | total: 2.5852
[New] Epoch 818/1000 | classify: 2.3683 | voltage: 1.6129 | conc: 0.0009 | consistency: 0.3348 | polarity: 2.4508 | monodec: 0.0000 | rule: 221.5909 | group: 1.8372 | tree: 5.4546 | total: 2.5649
[New] Epoch 819/1000 | classify: 2.2281 | voltage: 1.5787 | conc: 0.0006 | consistency: 0.3350 | polarity: 2.3499 | monodec: 0.0000 | rule: 229.9163 | group: 1.7038 | tree: 4.9605 | total: 2.4265
[New] Epoch 820/1000 | classify: 2.2529 | voltage: 1.5790 | conc: 0.0006 | consistency: 0.3350 | polarity: 2.3611 | monodec: 0.0000 | rule: 216.7476 | group: 1.7487 | tree: 5.0723 | total: 2.4448
--- 验证集 [epoch 820] ---
  准确率 (Accuracy):  0.7397
  精确率 (Precision): 0.5570
  召回率 (Recall):    0.5757
  F1 分数 (F1):       0.5540
[New] Epoch 821/1000 | classify: 2.3570 | voltage: 1.5946 | conc: 0.0006 | consistency: 0.3351 | polarity: 2.4396 | monodec: 0.0000 | rule: 223.0435 | group: 1.8062 | tree: 5.2744 | total: 2.5530
[New] Epoch 822/1000 | classify: 2.2950 | voltage: 1.5376 | conc: 0.0010 | consistency: 0.3315 | polarity: 2.4396 | monodec: 0.0000 | rule: 230.0305 | group: 1.7801 | tree: 5.4435 | total: 2.4922
[New] Epoch 823/1000 | classify: 2.4224 | voltage: 1.5418 | conc: 0.0007 | consistency: 0.3353 | polarity: 2.4228 | monodec: 0.0000 | rule: 226.2661 | group: 1.7891 | tree: 5.3568 | total: 2.6175
[New] Epoch 824/1000 | classify: 2.2761 | voltage: 1.5415 | conc: 0.0008 | consistency: 0.3355 | polarity: 2.4284 | monodec: 0.0000 | rule: 226.3619 | group: 1.8087 | tree: 5.4965 | total: 2.4714
[New] Epoch 825/1000 | classify: 2.3045 | voltage: 1.5507 | conc: 0.0008 | consistency: 0.3355 | polarity: 2.3835 | monodec: 0.0000 | rule: 228.6746 | group: 1.7677 | tree: 5.2265 | total: 2.5013
[New] Epoch 826/1000 | classify: 2.2244 | voltage: 1.5871 | conc: 0.0005 | consistency: 0.3355 | polarity: 2.3723 | monodec: 0.0000 | rule: 219.8158 | group: 1.7171 | tree: 5.1327 | total: 2.4183
[New] Epoch 827/1000 | classify: 2.3271 | voltage: 1.5708 | conc: 0.0006 | consistency: 0.3356 | polarity: 2.3667 | monodec: 0.0000 | rule: 232.1954 | group: 1.7055 | tree: 4.9365 | total: 2.5263
[New] Epoch 828/1000 | classify: 2.3125 | voltage: 1.5528 | conc: 0.0007 | consistency: 0.3357 | polarity: 2.4284 | monodec: 0.0000 | rule: 229.5803 | group: 1.7889 | tree: 5.2946 | total: 2.5098
[New] Epoch 829/1000 | classify: 2.3521 | voltage: 1.5782 | conc: 0.0006 | consistency: 0.3320 | polarity: 2.4452 | monodec: 0.0000 | rule: 230.9478 | group: 1.8292 | tree: 5.4288 | total: 2.5514
[New] Epoch 830/1000 | classify: 2.1115 | voltage: 1.5473 | conc: 0.0006 | consistency: 0.3282 | polarity: 2.3218 | monodec: 0.0000 | rule: 245.2390 | group: 1.6796 | tree: 4.8378 | total: 2.3160
--- 验证集 [epoch 830] ---
  准确率 (Accuracy):  0.7192
  精确率 (Precision): 0.5158
  召回率 (Recall):    0.5400
  F1 分数 (F1):       0.5137
[New] Epoch 831/1000 | classify: 2.3565 | voltage: 1.6020 | conc: 0.0010 | consistency: 0.3357 | polarity: 2.3946 | monodec: 0.0000 | rule: 219.3536 | group: 1.7741 | tree: 4.9572 | total: 2.5512
[New] Epoch 832/1000 | classify: 2.2560 | voltage: 1.5877 | conc: 0.0011 | consistency: 0.3358 | polarity: 2.4227 | monodec: 0.0000 | rule: 216.1147 | group: 1.7730 | tree: 5.1502 | total: 2.4486
[New] Epoch 833/1000 | classify: 2.2963 | voltage: 1.5829 | conc: 0.0009 | consistency: 0.3321 | polarity: 2.4058 | monodec: 0.0000 | rule: 217.7950 | group: 1.7969 | tree: 5.1477 | total: 2.4894
[New] Epoch 834/1000 | classify: 2.1358 | voltage: 1.5697 | conc: 0.0006 | consistency: 0.3358 | polarity: 2.3329 | monodec: 0.0000 | rule: 224.6091 | group: 1.7447 | tree: 5.0666 | total: 2.3313
[New] Epoch 835/1000 | classify: 2.2859 | voltage: 1.5620 | conc: 0.0005 | consistency: 0.3320 | polarity: 2.3946 | monodec: 0.0000 | rule: 219.4488 | group: 1.7267 | tree: 4.9912 | total: 2.4782
[New] Epoch 836/1000 | classify: 2.1897 | voltage: 1.5846 | conc: 0.0007 | consistency: 0.3321 | polarity: 2.3777 | monodec: 0.0000 | rule: 228.2471 | group: 1.7542 | tree: 5.0579 | total: 2.3878
[New] Epoch 837/1000 | classify: 2.2417 | voltage: 1.5564 | conc: 0.0008 | consistency: 0.3359 | polarity: 2.4114 | monodec: 0.0000 | rule: 228.0529 | group: 1.7660 | tree: 5.0674 | total: 2.4384
[New] Epoch 838/1000 | classify: 2.2763 | voltage: 1.6241 | conc: 0.0007 | consistency: 0.3322 | polarity: 2.4787 | monodec: 0.0000 | rule: 216.4296 | group: 1.8980 | tree: 5.3015 | total: 2.4707
[New] Epoch 839/1000 | classify: 2.2366 | voltage: 1.5466 | conc: 0.0006 | consistency: 0.3360 | polarity: 2.3553 | monodec: 0.0000 | rule: 249.0384 | group: 1.7094 | tree: 5.0193 | total: 2.4430
[New] Epoch 840/1000 | classify: 2.4004 | voltage: 1.6056 | conc: 0.0007 | consistency: 0.3322 | polarity: 2.4001 | monodec: 0.0000 | rule: 213.9554 | group: 1.7933 | tree: 5.1164 | total: 2.5925
--- 验证集 [epoch 840] ---
  准确率 (Accuracy):  0.7466
  精确率 (Precision): 0.5611
  召回率 (Recall):    0.5995
  F1 分数 (F1):       0.5744
[New] Epoch 841/1000 | classify: 2.2867 | voltage: 1.5953 | conc: 0.0006 | consistency: 0.3360 | polarity: 2.4170 | monodec: 0.0000 | rule: 242.4864 | group: 1.8481 | tree: 5.2855 | total: 2.4925
[New] Epoch 842/1000 | classify: 2.2599 | voltage: 1.5609 | conc: 0.0008 | consistency: 0.3362 | polarity: 2.4451 | monodec: 0.0000 | rule: 226.7797 | group: 1.7752 | tree: 5.2007 | total: 2.4563
[New] Epoch 843/1000 | classify: 2.3508 | voltage: 1.5744 | conc: 0.0008 | consistency: 0.3363 | polarity: 2.4283 | monodec: 0.0000 | rule: 228.9047 | group: 1.8390 | tree: 5.3140 | total: 2.5490
[New] Epoch 844/1000 | classify: 2.3203 | voltage: 1.5866 | conc: 0.0008 | consistency: 0.3362 | polarity: 2.4114 | monodec: 0.0000 | rule: 237.0609 | group: 1.8018 | tree: 5.2711 | total: 2.5232
[New] Epoch 845/1000 | classify: 2.3213 | voltage: 1.5829 | conc: 0.0008 | consistency: 0.3361 | polarity: 2.4898 | monodec: 0.0000 | rule: 227.1732 | group: 1.8426 | tree: 5.3902 | total: 2.5191
[New] Epoch 846/1000 | classify: 2.3499 | voltage: 1.5634 | conc: 0.0006 | consistency: 0.3362 | polarity: 2.4113 | monodec: 0.0000 | rule: 232.0755 | group: 1.7904 | tree: 5.1966 | total: 2.5489
[New] Epoch 847/1000 | classify: 2.2130 | voltage: 1.5745 | conc: 0.0006 | consistency: 0.3362 | polarity: 2.3664 | monodec: 0.0000 | rule: 229.8419 | group: 1.7186 | tree: 5.1530 | total: 2.4114
[New] Epoch 848/1000 | classify: 2.1465 | voltage: 1.5870 | conc: 0.0005 | consistency: 0.3362 | polarity: 2.3496 | monodec: 0.0000 | rule: 234.0929 | group: 1.7089 | tree: 5.0444 | total: 2.3475
[New] Epoch 849/1000 | classify: 2.4362 | voltage: 1.5773 | conc: 0.0007 | consistency: 0.3362 | polarity: 2.4393 | monodec: 0.0000 | rule: 231.1462 | group: 1.8223 | tree: 5.3904 | total: 2.6356
[New] Epoch 850/1000 | classify: 2.2084 | voltage: 1.5629 | conc: 0.0011 | consistency: 0.3362 | polarity: 2.4225 | monodec: 0.0000 | rule: 251.9486 | group: 1.7875 | tree: 5.3121 | total: 2.4178
--- 验证集 [epoch 850] ---
  准确率 (Accuracy):  0.7397
  精确率 (Precision): 0.5371
  召回率 (Recall):    0.5777
  F1 分数 (F1):       0.5494
✅ 模型已保存到 /home/kudouzala/Application/ion_detect/output/trained_model_save/exp_new_f/trained_model_epoch_850.pth
📁 损失值已保存到 /home/kudouzala/Application/ion_detect/output/trained_model_save/exp_new_f/training_loss_epoch_850.csv
[New] Epoch 851/1000 | classify: 2.0959 | voltage: 1.5710 | conc: 0.0007 | consistency: 0.3362 | polarity: 2.3103 | monodec: 0.0000 | rule: 219.6099 | group: 1.7080 | tree: 5.1044 | total: 2.2891
[New] Epoch 852/1000 | classify: 2.1585 | voltage: 1.5746 | conc: 0.0009 | consistency: 0.3362 | polarity: 2.4112 | monodec: 0.0000 | rule: 232.7210 | group: 1.7911 | tree: 5.2772 | total: 2.3587
[New] Epoch 853/1000 | classify: 2.3020 | voltage: 1.5838 | conc: 0.0009 | consistency: 0.3362 | polarity: 2.4336 | monodec: 0.0000 | rule: 219.7688 | group: 1.8070 | tree: 5.1505 | total: 2.4962
[New] Epoch 854/1000 | classify: 2.2510 | voltage: 1.5884 | conc: 0.0006 | consistency: 0.3362 | polarity: 2.3944 | monodec: 0.0000 | rule: 228.7234 | group: 1.7452 | tree: 5.1236 | total: 2.4495
[New] Epoch 855/1000 | classify: 2.2517 | voltage: 1.5834 | conc: 0.0008 | consistency: 0.3325 | polarity: 2.4393 | monodec: 0.0000 | rule: 212.4136 | group: 1.8270 | tree: 5.4813 | total: 2.4422
[New] Epoch 856/1000 | classify: 2.2712 | voltage: 1.5410 | conc: 0.0007 | consistency: 0.3363 | polarity: 2.3720 | monodec: 0.0000 | rule: 235.9620 | group: 1.7842 | tree: 5.3542 | total: 2.4711
[New] Epoch 857/1000 | classify: 2.4862 | voltage: 1.5743 | conc: 0.0008 | consistency: 0.3364 | polarity: 2.5066 | monodec: 0.0000 | rule: 223.0438 | group: 1.8444 | tree: 5.2952 | total: 2.6815
[New] Epoch 858/1000 | classify: 2.2561 | voltage: 1.5777 | conc: 0.0006 | consistency: 0.3364 | polarity: 2.4000 | monodec: 0.0000 | rule: 233.7987 | group: 1.8055 | tree: 5.4208 | total: 2.4567
[New] Epoch 859/1000 | classify: 2.1974 | voltage: 1.5828 | conc: 0.0006 | consistency: 0.3365 | polarity: 2.4225 | monodec: 0.0000 | rule: 223.1784 | group: 1.7987 | tree: 5.1241 | total: 2.3929
[New] Epoch 860/1000 | classify: 2.2317 | voltage: 1.6053 | conc: 0.0007 | consistency: 0.3365 | polarity: 2.4169 | monodec: 0.0000 | rule: 226.4107 | group: 1.7970 | tree: 5.0537 | total: 2.4299
--- 验证集 [epoch 860] ---
  准确率 (Accuracy):  0.7192
  精确率 (Precision): 0.5260
  召回率 (Recall):    0.5400
  F1 分数 (F1):       0.5244
[New] Epoch 861/1000 | classify: 2.5594 | voltage: 1.5703 | conc: 0.0006 | consistency: 0.3365 | polarity: 2.4618 | monodec: 0.0000 | rule: 214.6203 | group: 1.7827 | tree: 5.4636 | total: 2.7501
[New] Epoch 862/1000 | classify: 2.1667 | voltage: 1.6025 | conc: 0.0006 | consistency: 0.3366 | polarity: 2.3664 | monodec: 0.0000 | rule: 215.2114 | group: 1.7418 | tree: 5.0941 | total: 2.3591
[New] Epoch 863/1000 | classify: 2.2213 | voltage: 1.5815 | conc: 0.0007 | consistency: 0.3366 | polarity: 2.3384 | monodec: 0.0000 | rule: 238.1592 | group: 1.7132 | tree: 5.1880 | total: 2.4242
[New] Epoch 864/1000 | classify: 2.2826 | voltage: 1.6187 | conc: 0.0006 | consistency: 0.3367 | polarity: 2.3945 | monodec: 0.0000 | rule: 215.8609 | group: 1.7755 | tree: 5.1678 | total: 2.4762
[New] Epoch 865/1000 | classify: 2.3701 | voltage: 1.5931 | conc: 0.0007 | consistency: 0.3367 | polarity: 2.4618 | monodec: 0.0000 | rule: 222.0805 | group: 1.8505 | tree: 5.4674 | total: 2.5657
[New] Epoch 866/1000 | classify: 2.1301 | voltage: 1.5828 | conc: 0.0006 | consistency: 0.3368 | polarity: 2.3384 | monodec: 0.0000 | rule: 205.9020 | group: 1.7124 | tree: 4.8518 | total: 2.3167
[New] Epoch 867/1000 | classify: 2.2431 | voltage: 1.6067 | conc: 0.0006 | consistency: 0.3368 | polarity: 2.3777 | monodec: 0.0000 | rule: 216.6320 | group: 1.7020 | tree: 5.1155 | total: 2.4364
[New] Epoch 868/1000 | classify: 2.1513 | voltage: 1.5782 | conc: 0.0004 | consistency: 0.3368 | polarity: 2.3384 | monodec: 0.0000 | rule: 230.5563 | group: 1.6956 | tree: 5.0247 | total: 2.3499
[New] Epoch 869/1000 | classify: 2.2468 | voltage: 1.5828 | conc: 0.0006 | consistency: 0.3368 | polarity: 2.3720 | monodec: 0.0000 | rule: 213.5521 | group: 1.7452 | tree: 5.1900 | total: 2.4374
[New] Epoch 870/1000 | classify: 2.2988 | voltage: 1.5948 | conc: 0.0008 | consistency: 0.3330 | polarity: 2.4281 | monodec: 0.0000 | rule: 213.9608 | group: 1.7910 | tree: 5.0871 | total: 2.4904
--- 验证集 [epoch 870] ---
  准确率 (Accuracy):  0.7534
  精确率 (Precision): 0.5907
  召回率 (Recall):    0.6114
  F1 分数 (F1):       0.5864
[New] Epoch 871/1000 | classify: 2.3970 | voltage: 1.5848 | conc: 0.0009 | consistency: 0.3330 | polarity: 2.4617 | monodec: 0.0000 | rule: 229.5778 | group: 1.7937 | tree: 5.2928 | total: 2.5961
[New] Epoch 872/1000 | classify: 2.3527 | voltage: 1.6228 | conc: 0.0008 | consistency: 0.3368 | polarity: 2.4393 | monodec: 0.0000 | rule: 210.1242 | group: 1.8318 | tree: 5.2089 | total: 2.5438
[New] Epoch 873/1000 | classify: 2.0738 | voltage: 1.5915 | conc: 0.0005 | consistency: 0.3330 | polarity: 2.3103 | monodec: 0.0000 | rule: 221.1867 | group: 1.6758 | tree: 4.8884 | total: 2.2684
[New] Epoch 874/1000 | classify: 2.2727 | voltage: 1.6350 | conc: 0.0006 | consistency: 0.3368 | polarity: 2.4505 | monodec: 0.0000 | rule: 205.8506 | group: 1.7928 | tree: 5.3024 | total: 2.4622
[New] Epoch 875/1000 | classify: 2.3690 | voltage: 1.5745 | conc: 0.0007 | consistency: 0.3331 | polarity: 2.4841 | monodec: 0.0000 | rule: 239.7396 | group: 1.8363 | tree: 5.4362 | total: 2.5726
[New] Epoch 876/1000 | classify: 2.3067 | voltage: 1.5781 | conc: 0.0009 | consistency: 0.3369 | polarity: 2.4449 | monodec: 0.0000 | rule: 226.0568 | group: 1.8228 | tree: 5.1304 | total: 2.5036
[New] Epoch 877/1000 | classify: 2.1034 | voltage: 1.6145 | conc: 0.0008 | consistency: 0.3369 | polarity: 2.3552 | monodec: 0.0000 | rule: 231.0664 | group: 1.7711 | tree: 5.0431 | total: 2.3044
[New] Epoch 878/1000 | classify: 2.2585 | voltage: 1.6250 | conc: 0.0009 | consistency: 0.3369 | polarity: 2.4224 | monodec: 0.0000 | rule: 212.0797 | group: 1.8025 | tree: 5.1221 | total: 2.4508
[New] Epoch 879/1000 | classify: 2.3142 | voltage: 1.5689 | conc: 0.0007 | consistency: 0.3370 | polarity: 2.4337 | monodec: 0.0000 | rule: 240.4300 | group: 1.7428 | tree: 5.2587 | total: 2.5176
[New] Epoch 880/1000 | classify: 2.2819 | voltage: 1.5916 | conc: 0.0007 | consistency: 0.3370 | polarity: 2.3888 | monodec: 0.0000 | rule: 231.4443 | group: 1.8097 | tree: 5.3220 | total: 2.4821
--- 验证集 [epoch 880] ---
  准确率 (Accuracy):  0.7329
  精确率 (Precision): 0.5392
  召回率 (Recall):    0.5638
  F1 分数 (F1):       0.5340
[New] Epoch 881/1000 | classify: 2.2267 | voltage: 1.5539 | conc: 0.0009 | consistency: 0.3333 | polarity: 2.4505 | monodec: 0.0000 | rule: 251.7480 | group: 1.7924 | tree: 5.2858 | total: 2.4354
[New] Epoch 882/1000 | classify: 2.2564 | voltage: 1.5989 | conc: 0.0004 | consistency: 0.3371 | polarity: 2.3664 | monodec: 0.0000 | rule: 221.9608 | group: 1.7570 | tree: 5.1119 | total: 2.4518
[New] Epoch 883/1000 | classify: 2.2745 | voltage: 1.6209 | conc: 0.0006 | consistency: 0.3371 | polarity: 2.4449 | monodec: 0.0000 | rule: 216.0618 | group: 1.8566 | tree: 5.3180 | total: 2.4684
[New] Epoch 884/1000 | classify: 2.4465 | voltage: 1.6338 | conc: 0.0007 | consistency: 0.3334 | polarity: 2.4169 | monodec: 0.0000 | rule: 209.9509 | group: 1.8068 | tree: 4.9676 | total: 2.6380
[New] Epoch 885/1000 | classify: 2.2859 | voltage: 1.6049 | conc: 0.0010 | consistency: 0.3371 | polarity: 2.4449 | monodec: 0.0000 | rule: 231.3963 | group: 1.7908 | tree: 5.1760 | total: 2.4870
[New] Epoch 886/1000 | classify: 2.2864 | voltage: 1.5771 | conc: 0.0006 | consistency: 0.3372 | polarity: 2.3944 | monodec: 0.0000 | rule: 232.7827 | group: 1.7621 | tree: 5.3159 | total: 2.4865
[New] Epoch 887/1000 | classify: 2.3027 | voltage: 1.5999 | conc: 0.0006 | consistency: 0.3372 | polarity: 2.3832 | monodec: 0.0000 | rule: 226.0931 | group: 1.7372 | tree: 5.0424 | total: 2.5003
[New] Epoch 888/1000 | classify: 2.2347 | voltage: 1.6053 | conc: 0.0006 | consistency: 0.3372 | polarity: 2.3664 | monodec: 0.0000 | rule: 210.7353 | group: 1.6887 | tree: 4.9574 | total: 2.4249
[New] Epoch 889/1000 | classify: 2.3713 | voltage: 1.6098 | conc: 0.0006 | consistency: 0.3372 | polarity: 2.4169 | monodec: 0.0000 | rule: 226.3158 | group: 1.7686 | tree: 4.9711 | total: 2.5696
[New] Epoch 890/1000 | classify: 2.3564 | voltage: 1.6514 | conc: 0.0007 | consistency: 0.3373 | polarity: 2.3832 | monodec: 0.0000 | rule: 209.8501 | group: 1.7650 | tree: 5.2967 | total: 2.5487
--- 验证集 [epoch 890] ---
  准确率 (Accuracy):  0.7329
  精确率 (Precision): 0.5480
  召回率 (Recall):    0.5638
  F1 分数 (F1):       0.5454
[New] Epoch 891/1000 | classify: 2.2992 | voltage: 1.6088 | conc: 0.0003 | consistency: 0.3373 | polarity: 2.3440 | monodec: 0.0000 | rule: 223.4275 | group: 1.7268 | tree: 5.0959 | total: 2.4957
[New] Epoch 892/1000 | classify: 2.2821 | voltage: 1.5643 | conc: 0.0006 | consistency: 0.3373 | polarity: 2.4001 | monodec: 0.0000 | rule: 231.2310 | group: 1.7586 | tree: 5.3101 | total: 2.4808
[New] Epoch 893/1000 | classify: 2.1734 | voltage: 1.5777 | conc: 0.0006 | consistency: 0.3373 | polarity: 2.3888 | monodec: 0.0000 | rule: 230.1147 | group: 1.7174 | tree: 5.0691 | total: 2.3720
[New] Epoch 894/1000 | classify: 2.2227 | voltage: 1.6291 | conc: 0.0008 | consistency: 0.3373 | polarity: 2.4168 | monodec: 0.0000 | rule: 198.5869 | group: 1.8058 | tree: 5.1663 | total: 2.4083
[New] Epoch 895/1000 | classify: 2.2564 | voltage: 1.6284 | conc: 0.0006 | consistency: 0.3373 | polarity: 2.3215 | monodec: 0.0000 | rule: 214.1618 | group: 1.7109 | tree: 5.0370 | total: 2.4495
[New] Epoch 896/1000 | classify: 2.2243 | voltage: 1.6251 | conc: 0.0004 | consistency: 0.3335 | polarity: 2.3552 | monodec: 0.0000 | rule: 224.8199 | group: 1.7116 | tree: 5.0250 | total: 2.4224
[New] Epoch 897/1000 | classify: 2.1956 | voltage: 1.6077 | conc: 0.0006 | consistency: 0.3373 | polarity: 2.3663 | monodec: 0.0000 | rule: 206.1381 | group: 1.6966 | tree: 5.1683 | total: 2.3837
[New] Epoch 898/1000 | classify: 2.2469 | voltage: 1.5943 | conc: 0.0008 | consistency: 0.3373 | polarity: 2.4224 | monodec: 0.0000 | rule: 225.2385 | group: 1.7731 | tree: 5.1777 | total: 2.4442
[New] Epoch 899/1000 | classify: 2.3581 | voltage: 1.6120 | conc: 0.0007 | consistency: 0.3373 | polarity: 2.4112 | monodec: 0.0000 | rule: 217.1904 | group: 1.8245 | tree: 5.3632 | total: 2.5522
[New] Epoch 900/1000 | classify: 2.2712 | voltage: 1.6200 | conc: 0.0006 | consistency: 0.3373 | polarity: 2.4448 | monodec: 0.0000 | rule: 217.0702 | group: 1.8207 | tree: 5.4183 | total: 2.4656
--- 验证集 [epoch 900] ---
  准确率 (Accuracy):  0.7466
  精确率 (Precision): 0.5831
  召回率 (Recall):    0.6046
  F1 分数 (F1):       0.5773
✅ 模型已保存到 /home/kudouzala/Application/ion_detect/output/trained_model_save/exp_new_f/trained_model_epoch_900.pth
📁 损失值已保存到 /home/kudouzala/Application/ion_detect/output/trained_model_save/exp_new_f/training_loss_epoch_900.csv
[New] Epoch 901/1000 | classify: 2.2389 | voltage: 1.5884 | conc: 0.0006 | consistency: 0.3373 | polarity: 2.3551 | monodec: 0.0000 | rule: 242.7390 | group: 1.7749 | tree: 5.2270 | total: 2.4444
[New] Epoch 902/1000 | classify: 2.3052 | voltage: 1.5641 | conc: 0.0006 | consistency: 0.3336 | polarity: 2.4056 | monodec: 0.0000 | rule: 240.2740 | group: 1.7642 | tree: 5.0757 | total: 2.5083
[New] Epoch 903/1000 | classify: 2.3588 | voltage: 1.5671 | conc: 0.0008 | consistency: 0.3374 | polarity: 2.4617 | monodec: 0.0000 | rule: 224.7521 | group: 1.7800 | tree: 5.3184 | total: 2.5545
[New] Epoch 904/1000 | classify: 2.2438 | voltage: 1.6065 | conc: 0.0009 | consistency: 0.3374 | polarity: 2.4112 | monodec: 0.0000 | rule: 222.4478 | group: 1.8221 | tree: 5.3216 | total: 2.4405
[New] Epoch 905/1000 | classify: 2.2710 | voltage: 1.5944 | conc: 0.0007 | consistency: 0.3374 | polarity: 2.4112 | monodec: 0.0000 | rule: 232.3476 | group: 1.7933 | tree: 5.2315 | total: 2.4718
[New] Epoch 906/1000 | classify: 2.2115 | voltage: 1.6053 | conc: 0.0006 | consistency: 0.3336 | polarity: 2.3495 | monodec: 0.0000 | rule: 217.7584 | group: 1.7212 | tree: 5.1205 | total: 2.4053
[New] Epoch 907/1000 | classify: 2.2399 | voltage: 1.5794 | conc: 0.0006 | consistency: 0.3374 | polarity: 2.3607 | monodec: 0.0000 | rule: 241.0568 | group: 1.7185 | tree: 5.2368 | total: 2.4441
[New] Epoch 908/1000 | classify: 2.4230 | voltage: 1.6200 | conc: 0.0009 | consistency: 0.3374 | polarity: 2.4168 | monodec: 0.0000 | rule: 224.6302 | group: 1.7910 | tree: 5.2558 | total: 2.6214
[New] Epoch 909/1000 | classify: 2.1659 | voltage: 1.6059 | conc: 0.0005 | consistency: 0.3374 | polarity: 2.3271 | monodec: 0.0000 | rule: 221.8859 | group: 1.6903 | tree: 4.8526 | total: 2.3615
[New] Epoch 910/1000 | classify: 2.4026 | voltage: 1.6015 | conc: 0.0008 | consistency: 0.3336 | polarity: 2.4561 | monodec: 0.0000 | rule: 239.0514 | group: 1.7704 | tree: 5.2097 | total: 2.6072
--- 验证集 [epoch 910] ---
  准确率 (Accuracy):  0.7192
  精确率 (Precision): 0.5199
  召回率 (Recall):    0.5400
  F1 分数 (F1):       0.5234
[New] Epoch 911/1000 | classify: 2.2806 | voltage: 1.6280 | conc: 0.0005 | consistency: 0.3375 | polarity: 2.4112 | monodec: 0.0000 | rule: 213.5041 | group: 1.7526 | tree: 5.1090 | total: 2.4733
[New] Epoch 912/1000 | classify: 2.0864 | voltage: 1.6005 | conc: 0.0007 | consistency: 0.3375 | polarity: 2.3327 | monodec: 0.0000 | rule: 216.2243 | group: 1.7315 | tree: 5.0644 | total: 2.2794
[New] Epoch 913/1000 | classify: 2.3441 | voltage: 1.5860 | conc: 0.0006 | consistency: 0.3337 | polarity: 2.4168 | monodec: 0.0000 | rule: 243.8594 | group: 1.7451 | tree: 5.2356 | total: 2.5501
[New] Epoch 914/1000 | classify: 2.2349 | voltage: 1.5908 | conc: 0.0007 | consistency: 0.3337 | polarity: 2.3832 | monodec: 0.0000 | rule: 244.5485 | group: 1.7477 | tree: 5.1554 | total: 2.4414
[New] Epoch 915/1000 | classify: 2.2158 | voltage: 1.6217 | conc: 0.0005 | consistency: 0.3375 | polarity: 2.3495 | monodec: 0.0000 | rule: 223.0358 | group: 1.7354 | tree: 5.1225 | total: 2.4130
[New] Epoch 916/1000 | classify: 2.2395 | voltage: 1.5892 | conc: 0.0009 | consistency: 0.3337 | polarity: 2.4056 | monodec: 0.0000 | rule: 225.5461 | group: 1.7911 | tree: 5.4110 | total: 2.4369
[New] Epoch 917/1000 | classify: 2.2477 | voltage: 1.6024 | conc: 0.0006 | consistency: 0.3375 | polarity: 2.3944 | monodec: 0.0000 | rule: 234.1309 | group: 1.7702 | tree: 5.1406 | total: 2.4496
[New] Epoch 918/1000 | classify: 2.1803 | voltage: 1.6466 | conc: 0.0007 | consistency: 0.3375 | polarity: 2.3607 | monodec: 0.0000 | rule: 212.4805 | group: 1.7264 | tree: 5.1352 | total: 2.3736
[New] Epoch 919/1000 | classify: 2.1883 | voltage: 1.6374 | conc: 0.0007 | consistency: 0.3375 | polarity: 2.3887 | monodec: 0.0000 | rule: 220.5045 | group: 1.7314 | tree: 5.1159 | total: 2.3852
[New] Epoch 920/1000 | classify: 2.2424 | voltage: 1.6319 | conc: 0.0006 | consistency: 0.3375 | polarity: 2.4055 | monodec: 0.0000 | rule: 222.2113 | group: 1.7449 | tree: 5.1689 | total: 2.4398
--- 验证集 [epoch 920] ---
  准确率 (Accuracy):  0.7397
  精确率 (Precision): 0.5647
  召回率 (Recall):    0.5876
  F1 分数 (F1):       0.5607
[New] Epoch 921/1000 | classify: 2.1708 | voltage: 1.6170 | conc: 0.0006 | consistency: 0.3375 | polarity: 2.3439 | monodec: 0.0000 | rule: 206.4769 | group: 1.6868 | tree: 4.9912 | total: 2.3595
[New] Epoch 922/1000 | classify: 2.1861 | voltage: 1.5996 | conc: 0.0008 | consistency: 0.3375 | polarity: 2.3999 | monodec: 0.0000 | rule: 236.0179 | group: 1.7352 | tree: 5.0830 | total: 2.3889
[New] Epoch 923/1000 | classify: 2.3150 | voltage: 1.5621 | conc: 0.0009 | consistency: 0.3375 | polarity: 2.4784 | monodec: 0.0000 | rule: 240.6534 | group: 1.8379 | tree: 5.3274 | total: 2.5185
[New] Epoch 924/1000 | classify: 2.2279 | voltage: 1.6533 | conc: 0.0005 | consistency: 0.3375 | polarity: 2.3943 | monodec: 0.0000 | rule: 204.1395 | group: 1.7591 | tree: 5.1032 | total: 2.4173
[New] Epoch 925/1000 | classify: 2.3450 | voltage: 1.6142 | conc: 0.0011 | consistency: 0.3375 | polarity: 2.4672 | monodec: 0.0000 | rule: 225.2225 | group: 1.8326 | tree: 5.2928 | total: 2.5436
[New] Epoch 926/1000 | classify: 2.4337 | voltage: 1.6106 | conc: 0.0007 | consistency: 0.3375 | polarity: 2.4280 | monodec: 0.0000 | rule: 219.8299 | group: 1.8063 | tree: 5.1905 | total: 2.6290
[New] Epoch 927/1000 | classify: 2.3208 | voltage: 1.6177 | conc: 0.0007 | consistency: 0.3338 | polarity: 2.4224 | monodec: 0.0000 | rule: 228.7667 | group: 1.8059 | tree: 5.3109 | total: 2.5209
[New] Epoch 928/1000 | classify: 2.2919 | voltage: 1.5903 | conc: 0.0005 | consistency: 0.3338 | polarity: 2.4112 | monodec: 0.0000 | rule: 225.4170 | group: 1.7723 | tree: 5.2542 | total: 2.4888
[New] Epoch 929/1000 | classify: 2.3920 | voltage: 1.5713 | conc: 0.0007 | consistency: 0.3376 | polarity: 2.4504 | monodec: 0.0000 | rule: 247.0271 | group: 1.7773 | tree: 5.2522 | total: 2.5989
[New] Epoch 930/1000 | classify: 2.2607 | voltage: 1.5988 | conc: 0.0008 | consistency: 0.3376 | polarity: 2.4560 | monodec: 0.0000 | rule: 243.1941 | group: 1.9328 | tree: 5.4521 | total: 2.4674
--- 验证集 [epoch 930] ---
  准确率 (Accuracy):  0.7329
  精确率 (Precision): 0.5405
  召回率 (Recall):    0.5757
  F1 分数 (F1):       0.5535
[New] Epoch 931/1000 | classify: 2.2264 | voltage: 1.6346 | conc: 0.0007 | consistency: 0.3376 | polarity: 2.4000 | monodec: 0.0000 | rule: 227.6618 | group: 1.7866 | tree: 4.9809 | total: 2.4267
[New] Epoch 932/1000 | classify: 2.2871 | voltage: 1.5722 | conc: 0.0008 | consistency: 0.3376 | polarity: 2.4224 | monodec: 0.0000 | rule: 243.6025 | group: 1.7800 | tree: 5.2686 | total: 2.4925
[New] Epoch 933/1000 | classify: 2.2313 | voltage: 1.5968 | conc: 0.0008 | consistency: 0.3376 | polarity: 2.3775 | monodec: 0.0000 | rule: 247.4330 | group: 1.7678 | tree: 5.1702 | total: 2.4398
[New] Epoch 934/1000 | classify: 2.2753 | voltage: 1.6109 | conc: 0.0007 | consistency: 0.3339 | polarity: 2.3607 | monodec: 0.0000 | rule: 214.8142 | group: 1.7310 | tree: 5.0486 | total: 2.4679
[New] Epoch 935/1000 | classify: 2.3000 | voltage: 1.5820 | conc: 0.0005 | consistency: 0.3376 | polarity: 2.3270 | monodec: 0.0000 | rule: 243.6267 | group: 1.7418 | tree: 5.0099 | total: 2.5055
[New] Epoch 936/1000 | classify: 2.2092 | voltage: 1.6240 | conc: 0.0006 | consistency: 0.3377 | polarity: 2.3663 | monodec: 0.0000 | rule: 227.9128 | group: 1.7781 | tree: 5.0318 | total: 2.4090
[New] Epoch 937/1000 | classify: 2.0605 | voltage: 1.6604 | conc: 0.0008 | consistency: 0.3377 | polarity: 2.3158 | monodec: 0.0000 | rule: 192.8289 | group: 1.6751 | tree: 5.1742 | total: 2.2448
[New] Epoch 938/1000 | classify: 2.1871 | voltage: 1.6391 | conc: 0.0005 | consistency: 0.3376 | polarity: 2.4280 | monodec: 0.0000 | rule: 215.2349 | group: 1.7887 | tree: 5.2052 | total: 2.3814
[New] Epoch 939/1000 | classify: 2.2898 | voltage: 1.6099 | conc: 0.0006 | consistency: 0.3377 | polarity: 2.3102 | monodec: 0.0000 | rule: 230.1130 | group: 1.7030 | tree: 4.8555 | total: 2.4899
[New] Epoch 940/1000 | classify: 2.4151 | voltage: 1.6079 | conc: 0.0007 | consistency: 0.3339 | polarity: 2.4504 | monodec: 0.0000 | rule: 235.2890 | group: 1.7820 | tree: 5.4003 | total: 2.6181
--- 验证集 [epoch 940] ---
  准确率 (Accuracy):  0.7466
  精确率 (Precision): 0.5650
  召回率 (Recall):    0.5876
  F1 分数 (F1):       0.5638
[New] Epoch 941/1000 | classify: 2.2665 | voltage: 1.6001 | conc: 0.0007 | consistency: 0.3377 | polarity: 2.4000 | monodec: 0.0000 | rule: 237.8086 | group: 1.7872 | tree: 5.2299 | total: 2.4703
[New] Epoch 942/1000 | classify: 2.4432 | voltage: 1.6078 | conc: 0.0010 | consistency: 0.3377 | polarity: 2.4448 | monodec: 0.0000 | rule: 237.1000 | group: 1.8116 | tree: 5.3003 | total: 2.6474
[New] Epoch 943/1000 | classify: 2.1433 | voltage: 1.6638 | conc: 0.0011 | consistency: 0.3378 | polarity: 2.3832 | monodec: 0.0000 | rule: 198.4728 | group: 1.8217 | tree: 5.2939 | total: 2.3311
[New] Epoch 944/1000 | classify: 2.0022 | voltage: 1.5924 | conc: 0.0004 | consistency: 0.3377 | polarity: 2.2766 | monodec: 0.0000 | rule: 206.1790 | group: 1.6543 | tree: 4.5996 | total: 2.1891
[New] Epoch 945/1000 | classify: 2.3949 | voltage: 1.6104 | conc: 0.0006 | consistency: 0.3340 | polarity: 2.4112 | monodec: 0.0000 | rule: 235.6986 | group: 1.7527 | tree: 5.1189 | total: 2.5980
[New] Epoch 946/1000 | classify: 2.2600 | voltage: 1.6104 | conc: 0.0010 | consistency: 0.3378 | polarity: 2.4056 | monodec: 0.0000 | rule: 227.9558 | group: 1.7878 | tree: 5.4258 | total: 2.4598
[New] Epoch 947/1000 | classify: 2.3222 | voltage: 1.6155 | conc: 0.0009 | consistency: 0.3378 | polarity: 2.4392 | monodec: 0.0000 | rule: 217.5804 | group: 1.8322 | tree: 5.3797 | total: 2.5169
[New] Epoch 948/1000 | classify: 2.2649 | voltage: 1.5936 | conc: 0.0008 | consistency: 0.3378 | polarity: 2.4504 | monodec: 0.0000 | rule: 259.9135 | group: 1.8613 | tree: 5.4020 | total: 2.4796
[New] Epoch 949/1000 | classify: 2.2953 | voltage: 1.5801 | conc: 0.0005 | consistency: 0.3378 | polarity: 2.3831 | monodec: 0.0000 | rule: 231.0993 | group: 1.7163 | tree: 4.9794 | total: 2.4943
[New] Epoch 950/1000 | classify: 2.2355 | voltage: 1.6397 | conc: 0.0004 | consistency: 0.3378 | polarity: 2.3551 | monodec: 0.0000 | rule: 223.1669 | group: 1.7362 | tree: 4.7670 | total: 2.4334
--- 验证集 [epoch 950] ---
  准确率 (Accuracy):  0.7603
  精确率 (Precision): 0.5983
  召回率 (Recall):    0.6233
  F1 分数 (F1):       0.5990
✅ 模型已保存到 /home/kudouzala/Application/ion_detect/output/trained_model_save/exp_new_f/trained_model_epoch_950.pth
📁 损失值已保存到 /home/kudouzala/Application/ion_detect/output/trained_model_save/exp_new_f/training_loss_epoch_950.csv
[New] Epoch 951/1000 | classify: 2.1324 | voltage: 1.6042 | conc: 0.0007 | consistency: 0.3378 | polarity: 2.3832 | monodec: 0.0000 | rule: 207.3954 | group: 1.7442 | tree: 4.8942 | total: 2.3209
[New] Epoch 952/1000 | classify: 2.3996 | voltage: 1.6353 | conc: 0.0007 | consistency: 0.3378 | polarity: 2.4112 | monodec: 0.0000 | rule: 211.1040 | group: 1.7907 | tree: 5.3209 | total: 2.5919
[New] Epoch 953/1000 | classify: 2.3057 | voltage: 1.5958 | conc: 0.0006 | consistency: 0.3378 | polarity: 2.4336 | monodec: 0.0000 | rule: 236.8418 | group: 1.7883 | tree: 5.2061 | total: 2.5087
[New] Epoch 954/1000 | classify: 2.3206 | voltage: 1.5976 | conc: 0.0007 | consistency: 0.3341 | polarity: 2.3888 | monodec: 0.0000 | rule: 235.4766 | group: 1.7532 | tree: 5.1621 | total: 2.5230
[New] Epoch 955/1000 | classify: 2.4060 | voltage: 1.6355 | conc: 0.0008 | consistency: 0.3379 | polarity: 2.4392 | monodec: 0.0000 | rule: 228.2364 | group: 1.8112 | tree: 5.4884 | total: 2.6069
[New] Epoch 956/1000 | classify: 1.9835 | voltage: 1.6138 | conc: 0.0007 | consistency: 0.3379 | polarity: 2.2934 | monodec: 0.0000 | rule: 205.2106 | group: 1.6780 | tree: 4.7526 | total: 2.1713
[New] Epoch 957/1000 | classify: 2.1919 | voltage: 1.6211 | conc: 0.0005 | consistency: 0.3379 | polarity: 2.3832 | monodec: 0.0000 | rule: 224.8985 | group: 1.7549 | tree: 5.1060 | total: 2.3900
[New] Epoch 958/1000 | classify: 2.2043 | voltage: 1.6246 | conc: 0.0008 | consistency: 0.3379 | polarity: 2.3551 | monodec: 0.0000 | rule: 222.5931 | group: 1.7752 | tree: 5.2587 | total: 2.4017
[New] Epoch 959/1000 | classify: 2.2580 | voltage: 1.6076 | conc: 0.0008 | consistency: 0.3379 | polarity: 2.4280 | monodec: 0.0000 | rule: 236.1193 | group: 1.7930 | tree: 5.5122 | total: 2.4615
[New] Epoch 960/1000 | classify: 2.3542 | voltage: 1.6164 | conc: 0.0007 | consistency: 0.3379 | polarity: 2.3776 | monodec: 0.0000 | rule: 209.2181 | group: 1.7514 | tree: 5.2188 | total: 2.5445
--- 验证集 [epoch 960] ---
  准确率 (Accuracy):  0.7397
  精确率 (Precision): 0.5557
  召回率 (Recall):    0.5757
  F1 分数 (F1):       0.5542
[New] Epoch 961/1000 | classify: 2.1908 | voltage: 1.6156 | conc: 0.0006 | consistency: 0.3379 | polarity: 2.3719 | monodec: 0.0000 | rule: 218.5064 | group: 1.7585 | tree: 5.2057 | total: 2.3856
[New] Epoch 962/1000 | classify: 2.2532 | voltage: 1.5934 | conc: 0.0005 | consistency: 0.3303 | polarity: 2.3719 | monodec: 0.0000 | rule: 247.7585 | group: 1.7591 | tree: 5.0605 | total: 2.4614
[New] Epoch 963/1000 | classify: 2.1647 | voltage: 1.6391 | conc: 0.0006 | consistency: 0.3379 | polarity: 2.3103 | monodec: 0.0000 | rule: 210.9063 | group: 1.7049 | tree: 4.8616 | total: 2.3566
[New] Epoch 964/1000 | classify: 2.2593 | voltage: 1.5869 | conc: 0.0008 | consistency: 0.3379 | polarity: 2.3551 | monodec: 0.0000 | rule: 222.0199 | group: 1.7619 | tree: 5.3204 | total: 2.4546
[New] Epoch 965/1000 | classify: 2.2088 | voltage: 1.6253 | conc: 0.0005 | consistency: 0.3379 | polarity: 2.3327 | monodec: 0.0000 | rule: 225.9878 | group: 1.7008 | tree: 4.9221 | total: 2.4075
[New] Epoch 966/1000 | classify: 2.1841 | voltage: 1.5828 | conc: 0.0005 | consistency: 0.3379 | polarity: 2.3551 | monodec: 0.0000 | rule: 247.2888 | group: 1.6865 | tree: 5.0427 | total: 2.3914
[New] Epoch 967/1000 | classify: 2.1971 | voltage: 1.6369 | conc: 0.0008 | consistency: 0.3379 | polarity: 2.3944 | monodec: 0.0000 | rule: 201.7265 | group: 1.7929 | tree: 4.9966 | total: 2.3847
[New] Epoch 968/1000 | classify: 2.4643 | voltage: 1.6059 | conc: 0.0007 | consistency: 0.3379 | polarity: 2.4561 | monodec: 0.0000 | rule: 227.3569 | group: 1.8620 | tree: 5.4443 | total: 2.6633
[New] Epoch 969/1000 | classify: 2.2848 | voltage: 1.6465 | conc: 0.0009 | consistency: 0.3379 | polarity: 2.4056 | monodec: 0.0000 | rule: 224.7152 | group: 1.7352 | tree: 5.0826 | total: 2.4844
[New] Epoch 970/1000 | classify: 2.4056 | voltage: 1.6514 | conc: 0.0004 | consistency: 0.3379 | polarity: 2.4112 | monodec: 0.0000 | rule: 222.2898 | group: 1.7584 | tree: 5.3288 | total: 2.6039
--- 验证集 [epoch 970] ---
  准确率 (Accuracy):  0.7466
  精确率 (Precision): 0.5639
  召回率 (Recall):    0.5876
  F1 分数 (F1):       0.5624
[New] Epoch 971/1000 | classify: 2.3481 | voltage: 1.6012 | conc: 0.0006 | consistency: 0.3341 | polarity: 2.3775 | monodec: 0.0000 | rule: 245.4867 | group: 1.7520 | tree: 5.1843 | total: 2.5556
[New] Epoch 972/1000 | classify: 2.1744 | voltage: 1.6181 | conc: 0.0006 | consistency: 0.3380 | polarity: 2.3383 | monodec: 0.0000 | rule: 225.5081 | group: 1.7322 | tree: 4.9575 | total: 2.3726
[New] Epoch 973/1000 | classify: 2.1986 | voltage: 1.6195 | conc: 0.0006 | consistency: 0.3380 | polarity: 2.3663 | monodec: 0.0000 | rule: 235.8538 | group: 1.7420 | tree: 5.0990 | total: 2.4022
[New] Epoch 974/1000 | classify: 2.1676 | voltage: 1.6285 | conc: 0.0009 | consistency: 0.3380 | polarity: 2.4168 | monodec: 0.0000 | rule: 216.4614 | group: 1.7745 | tree: 4.9999 | total: 2.3622
[New] Epoch 975/1000 | classify: 2.0505 | voltage: 1.6250 | conc: 0.0008 | consistency: 0.3380 | polarity: 2.3495 | monodec: 0.0000 | rule: 227.8162 | group: 1.7383 | tree: 5.0986 | total: 2.2506
[New] Epoch 976/1000 | classify: 2.2297 | voltage: 1.5870 | conc: 0.0005 | consistency: 0.3380 | polarity: 2.3719 | monodec: 0.0000 | rule: 251.2171 | group: 1.7012 | tree: 5.0879 | total: 2.4392
[New] Epoch 977/1000 | classify: 2.1415 | voltage: 1.6434 | conc: 0.0005 | consistency: 0.3379 | polarity: 2.3327 | monodec: 0.0000 | rule: 195.8625 | group: 1.7204 | tree: 4.9986 | total: 2.3261
[New] Epoch 978/1000 | classify: 2.1515 | voltage: 1.6174 | conc: 0.0006 | consistency: 0.3380 | polarity: 2.3439 | monodec: 0.0000 | rule: 239.7924 | group: 1.7138 | tree: 5.2467 | total: 2.3570
[New] Epoch 979/1000 | classify: 2.2073 | voltage: 1.5857 | conc: 0.0005 | consistency: 0.3380 | polarity: 2.3439 | monodec: 0.0000 | rule: 225.6897 | group: 1.6632 | tree: 4.9502 | total: 2.4039
[New] Epoch 980/1000 | classify: 2.2155 | voltage: 1.6128 | conc: 0.0008 | consistency: 0.3379 | polarity: 2.4112 | monodec: 0.0000 | rule: 220.3037 | group: 1.8048 | tree: 5.2183 | total: 2.4112
--- 验证集 [epoch 980] ---
  准确率 (Accuracy):  0.7466
  精确率 (Precision): 0.5650
  召回率 (Recall):    0.5876
  F1 分数 (F1):       0.5638
[New] Epoch 981/1000 | classify: 2.1061 | voltage: 1.6162 | conc: 0.0007 | consistency: 0.3342 | polarity: 2.3383 | monodec: 0.0000 | rule: 225.6354 | group: 1.6975 | tree: 4.8642 | total: 2.3043
[New] Epoch 982/1000 | classify: 2.3367 | voltage: 1.6131 | conc: 0.0006 | consistency: 0.3380 | polarity: 2.4336 | monodec: 0.0000 | rule: 229.9597 | group: 1.7980 | tree: 5.3669 | total: 2.5371
[New] Epoch 983/1000 | classify: 2.1592 | voltage: 1.6434 | conc: 0.0004 | consistency: 0.3380 | polarity: 2.3158 | monodec: 0.0000 | rule: 206.8133 | group: 1.6935 | tree: 4.8460 | total: 2.3492
[New] Epoch 984/1000 | classify: 2.2767 | voltage: 1.6203 | conc: 0.0006 | consistency: 0.3380 | polarity: 2.3943 | monodec: 0.0000 | rule: 224.9504 | group: 1.7553 | tree: 5.2780 | total: 2.4750
[New] Epoch 985/1000 | classify: 2.1810 | voltage: 1.6402 | conc: 0.0007 | consistency: 0.3342 | polarity: 2.3663 | monodec: 0.0000 | rule: 200.0640 | group: 1.7645 | tree: 5.2632 | total: 2.3678
[New] Epoch 986/1000 | classify: 2.2113 | voltage: 1.6220 | conc: 0.0009 | consistency: 0.3380 | polarity: 2.3663 | monodec: 0.0000 | rule: 227.6790 | group: 1.7736 | tree: 5.1242 | total: 2.4112
[New] Epoch 987/1000 | classify: 2.1496 | voltage: 1.6150 | conc: 0.0006 | consistency: 0.3380 | polarity: 2.3663 | monodec: 0.0000 | rule: 228.1072 | group: 1.7414 | tree: 5.0357 | total: 2.3490
[New] Epoch 988/1000 | classify: 2.1259 | voltage: 1.5734 | conc: 0.0006 | consistency: 0.3342 | polarity: 2.2878 | monodec: 0.0000 | rule: 216.2500 | group: 1.6709 | tree: 4.9731 | total: 2.3173
[New] Epoch 989/1000 | classify: 2.1866 | voltage: 1.5938 | conc: 0.0007 | consistency: 0.3380 | polarity: 2.3607 | monodec: 0.0000 | rule: 223.5231 | group: 1.7307 | tree: 5.1241 | total: 2.3829
[New] Epoch 990/1000 | classify: 2.1988 | voltage: 1.6438 | conc: 0.0009 | consistency: 0.3379 | polarity: 2.4336 | monodec: 0.0000 | rule: 209.2114 | group: 1.7752 | tree: 5.1529 | total: 2.3906
--- 验证集 [epoch 990] ---
  准确率 (Accuracy):  0.7466
  精确率 (Precision): 0.5740
  召回率 (Recall):    0.5876
  F1 分数 (F1):       0.5658
[New] Epoch 991/1000 | classify: 2.1843 | voltage: 1.6224 | conc: 0.0005 | consistency: 0.3379 | polarity: 2.4560 | monodec: 0.0000 | rule: 229.1486 | group: 1.7938 | tree: 5.2525 | total: 2.3847
[New] Epoch 992/1000 | classify: 2.3181 | voltage: 1.6378 | conc: 0.0006 | consistency: 0.3379 | polarity: 2.3719 | monodec: 0.0000 | rule: 210.3621 | group: 1.7389 | tree: 5.0575 | total: 2.5097
[New] Epoch 993/1000 | classify: 2.2561 | voltage: 1.6626 | conc: 0.0006 | consistency: 0.3379 | polarity: 2.3551 | monodec: 0.0000 | rule: 217.5042 | group: 1.7338 | tree: 5.0082 | total: 2.4526
[New] Epoch 994/1000 | classify: 2.3169 | voltage: 1.6244 | conc: 0.0006 | consistency: 0.3380 | polarity: 2.4055 | monodec: 0.0000 | rule: 231.8600 | group: 1.7647 | tree: 5.3420 | total: 2.5188
[New] Epoch 995/1000 | classify: 2.3399 | voltage: 1.6373 | conc: 0.0006 | consistency: 0.3380 | polarity: 2.4055 | monodec: 0.0000 | rule: 226.0376 | group: 1.7457 | tree: 5.2020 | total: 2.5396
[New] Epoch 996/1000 | classify: 1.9790 | voltage: 1.6480 | conc: 0.0005 | consistency: 0.3342 | polarity: 2.3270 | monodec: 0.0000 | rule: 207.7839 | group: 1.7754 | tree: 5.1213 | total: 2.1699
[New] Epoch 997/1000 | classify: 2.1506 | voltage: 1.5772 | conc: 0.0007 | consistency: 0.3380 | polarity: 2.3775 | monodec: 0.0000 | rule: 249.0671 | group: 1.7281 | tree: 5.0118 | total: 2.3587
[New] Epoch 998/1000 | classify: 2.0764 | voltage: 1.6162 | conc: 0.0007 | consistency: 0.3342 | polarity: 2.3775 | monodec: 0.0000 | rule: 214.8802 | group: 1.7797 | tree: 5.0282 | total: 2.2694
[New] Epoch 999/1000 | classify: 2.2540 | voltage: 1.6021 | conc: 0.0005 | consistency: 0.3380 | polarity: 2.3551 | monodec: 0.0000 | rule: 219.6841 | group: 1.7344 | tree: 5.0427 | total: 2.4485
[New] Epoch 1000/1000 | classify: 2.2518 | voltage: 1.6120 | conc: 0.0006 | consistency: 0.3342 | polarity: 2.3887 | monodec: 0.0000 | rule: 234.6357 | group: 1.7442 | tree: 5.0584 | total: 2.4543
--- 验证集 [epoch 1000] ---
  准确率 (Accuracy):  0.7466
  精确率 (Precision): 0.5740
  召回率 (Recall):    0.5876
  F1 分数 (F1):       0.5658
✅ 模型已保存到 /home/kudouzala/Application/ion_detect/output/trained_model_save/exp_new_f/trained_model_epoch_1000.pth
📁 损失值已保存到 /home/kudouzala/Application/ion_detect/output/trained_model_save/exp_new_f/training_loss_epoch_1000.csv
✅ 模型已保存到 /home/kudouzala/Application/ion_detect/output/trained_model_save/exp_new_f/trained_model_epoch_final.pth
📁 损失值已保存到 /home/kudouzala/Application/ion_detect/output/trained_model_save/exp_new_f/training_loss_epoch_final.csv
