✅ no_overlap 划分: 测试集 150 个（ion_column 74 个，≤3/10）-> /home/kudouzala/Application/ion_detect/datasets/datasets_for_all_test_no_overlap/exp_new_c，训练集 709 个 -> /home/kudouzala/Application/ion_detect/datasets/datasets_for_all_train_no_overlap/exp_new_c（已排除同前缀且窗口含测试前 3 个时间点的样本）
✅ 当前使用设备: cuda
📂 训练集目录: /home/kudouzala/Application/ion_detect/datasets/datasets_for_all_train_no_overlap/exp_new_c
📂 测试/验证集目录: /home/kudouzala/Application/ion_detect/datasets/datasets_for_all_test_no_overlap/exp_new_c
🧪 experiment: exp_new_c
🚀 进入训练模式 (--train)
Skipping file 20240822_10ppm铜离子污染测试_新版电解槽_ion_column_gamry_[56, 58, 60, 62].xlsx: impedance points 54 < 63
Skipping file 20240822_10ppm铜离子污染测试_新版电解槽_ion_column_gamry_[36, 38, 40, 42].xlsx: impedance points 54 < 63
Skipping file 20240822_10ppm铜离子污染测试_新版电解槽_ion_column_gamry_[34, 36, 38, 40].xlsx: impedance points 54 < 63
[LEAK-CHECK] overlap(train, val) = 0
[DEBUG] data_folder = /home/kudouzala/Application/ion_detect/datasets/datasets_for_all_train_no_overlap/exp_new_c
[DEBUG] base_train.file_names[:10] =
   20241107_0.1ppm钙离子污染及恢复测试_新版电解槽_ion_firecloud_[14, 16, 18, 20].xlsx
   20240910_10ppm钙离子污染测试_新版电解槽_ion_column_gamry_[2, 4, 6, 8].xlsx
   20241006_2ppm铬离子污染测试_旧版电解槽_ion_firecloud_[22, 24, 26, 28].xlsx
   20241117_2ppm钠离子污染及恢复测试40摄氏度_新版电解槽_ion_gamry_[22, 24, 26, 28].xlsx
   20241227_10ppm铜离子污染及恢复测试_旧版电解槽_ion_gamry_[4, 6, 8, 10].xlsx
   20241003_2ppm镍离子污染测试_新版电解槽_ion_gamry_[20, 22, 24, 26].xlsx
   20241112_2ppm钠离子污染和恢复测试80摄氏度_新版电解槽_ion_column_renew_H2SO4_gamry_[14, 16, 18, 20].xlsx
   20240910_10ppm钙离子污染测试_新版电解槽_ion_gamry_[2, 4, 6, 8].xlsx
   20241213_2ppm钠离子污染及恢复测试_新版电解槽_ion_column_renew_H2SO4_gamry_[12, 14, 16, 18].xlsx
   20241010_2ppm钠离子污染测试_新版电解槽_ion_firecloud_[28, 30, 32, 34].xlsx
[DEBUG] exist check (first 10):
   /home/kudouzala/Application/ion_detect/datasets/datasets_for_all_train_no_overlap/exp_new_c/20241107_0.1ppm钙离子污染及恢复测试_新版电解槽_ion_firecloud_[14, 16, 18, 20].xlsx exists= True
   /home/kudouzala/Application/ion_detect/datasets/datasets_for_all_train_no_overlap/exp_new_c/20240910_10ppm钙离子污染测试_新版电解槽_ion_column_gamry_[2, 4, 6, 8].xlsx exists= True
   /home/kudouzala/Application/ion_detect/datasets/datasets_for_all_train_no_overlap/exp_new_c/20241006_2ppm铬离子污染测试_旧版电解槽_ion_firecloud_[22, 24, 26, 28].xlsx exists= True
   /home/kudouzala/Application/ion_detect/datasets/datasets_for_all_train_no_overlap/exp_new_c/20241117_2ppm钠离子污染及恢复测试40摄氏度_新版电解槽_ion_gamry_[22, 24, 26, 28].xlsx exists= True
   /home/kudouzala/Application/ion_detect/datasets/datasets_for_all_train_no_overlap/exp_new_c/20241227_10ppm铜离子污染及恢复测试_旧版电解槽_ion_gamry_[4, 6, 8, 10].xlsx exists= True
   /home/kudouzala/Application/ion_detect/datasets/datasets_for_all_train_no_overlap/exp_new_c/20241003_2ppm镍离子污染测试_新版电解槽_ion_gamry_[20, 22, 24, 26].xlsx exists= True
   /home/kudouzala/Application/ion_detect/datasets/datasets_for_all_train_no_overlap/exp_new_c/20241112_2ppm钠离子污染和恢复测试80摄氏度_新版电解槽_ion_column_renew_H2SO4_gamry_[14, 16, 18, 20].xlsx exists= True
   /home/kudouzala/Application/ion_detect/datasets/datasets_for_all_train_no_overlap/exp_new_c/20240910_10ppm钙离子污染测试_新版电解槽_ion_gamry_[2, 4, 6, 8].xlsx exists= True
   /home/kudouzala/Application/ion_detect/datasets/datasets_for_all_train_no_overlap/exp_new_c/20241213_2ppm钠离子污染及恢复测试_新版电解槽_ion_column_renew_H2SO4_gamry_[12, 14, 16, 18].xlsx exists= True
   /home/kudouzala/Application/ion_detect/datasets/datasets_for_all_train_no_overlap/exp_new_c/20241010_2ppm钠离子污染测试_新版电解槽_ion_firecloud_[28, 30, 32, 34].xlsx exists= True
Skipping file 20240822_10ppm铜离子污染测试_新版电解槽_ion_column_gamry_[28, 30, 32, 34].xlsx: impedance points 54 < 63
Skipping file 20240822_10ppm铜离子污染测试_新版电解槽_ion_column_gamry_[50, 52, 54, 56].xlsx: impedance points 54 < 63
Skipping file 20240822_10ppm铜离子污染测试_新版电解槽_ion_column_gamry_[24, 26, 28, 30].xlsx: impedance points 54 < 63
Skipping file 20240822_10ppm铜离子污染测试_新版电解槽_ion_column_gamry_[44, 46, 48, 50].xlsx: impedance points 54 < 63

[PairDataset][Example pairs] (show up to 50)
  [1] A(idx=431) 20241107_0.1ppm钙离子污染及恢复测试_新版电解槽_ion_firecloud_[0, 2, 4, 6].xlsx  times=[0, 2, 4, 6]
      → B(idx=253) 20241107_0.1ppm钙离子污染及恢复测试_新版电解槽_ion_firecloud_[4, 6, 8, 10].xlsx  times=[4, 6, 8, 10]  dummy=False
  [2] A(idx=678) 20241107_0.1ppm钙离子污染及恢复测试_新版电解槽_ion_firecloud_[2, 4, 6, 8].xlsx  times=[2, 4, 6, 8]
      → B(idx=484) 20241107_0.1ppm钙离子污染及恢复测试_新版电解槽_ion_firecloud_[6, 8, 10, 12].xlsx  times=[6, 8, 10, 12]  dummy=False
  [3] A(idx=253) 20241107_0.1ppm钙离子污染及恢复测试_新版电解槽_ion_firecloud_[4, 6, 8, 10].xlsx  times=[4, 6, 8, 10]
      → B(idx=481) 20241107_0.1ppm钙离子污染及恢复测试_新版电解槽_ion_firecloud_[8, 10, 12, 14].xlsx  times=[8, 10, 12, 14]  dummy=False
  [4] A(idx=484) 20241107_0.1ppm钙离子污染及恢复测试_新版电解槽_ion_firecloud_[6, 8, 10, 12].xlsx  times=[6, 8, 10, 12]
      → B(idx=547) 20241107_0.1ppm钙离子污染及恢复测试_新版电解槽_ion_firecloud_[10, 12, 14, 16].xlsx  times=[10, 12, 14, 16]  dummy=False
  [5] A(idx=481) 20241107_0.1ppm钙离子污染及恢复测试_新版电解槽_ion_firecloud_[8, 10, 12, 14].xlsx  times=[8, 10, 12, 14]
      → B(idx=138) 20241107_0.1ppm钙离子污染及恢复测试_新版电解槽_ion_firecloud_[12, 14, 16, 18].xlsx  times=[12, 14, 16, 18]  dummy=False
  [6] A(idx=547) 20241107_0.1ppm钙离子污染及恢复测试_新版电解槽_ion_firecloud_[10, 12, 14, 16].xlsx  times=[10, 12, 14, 16]
      → B(idx=0) 20241107_0.1ppm钙离子污染及恢复测试_新版电解槽_ion_firecloud_[14, 16, 18, 20].xlsx  times=[14, 16, 18, 20]  dummy=False
  [7] A(idx=138) 20241107_0.1ppm钙离子污染及恢复测试_新版电解槽_ion_firecloud_[12, 14, 16, 18].xlsx  times=[12, 14, 16, 18]
      → B(idx=52) 20241107_0.1ppm钙离子污染及恢复测试_新版电解槽_ion_firecloud_[16, 18, 20, 22].xlsx  times=[16, 18, 20, 22]  dummy=False
  [8] A(idx=0) 20241107_0.1ppm钙离子污染及恢复测试_新版电解槽_ion_firecloud_[14, 16, 18, 20].xlsx  times=[14, 16, 18, 20]
      → B(idx=436) 20241107_0.1ppm钙离子污染及恢复测试_新版电解槽_ion_firecloud_[18, 20, 22, 24].xlsx  times=[18, 20, 22, 24]  dummy=False
  [9] A(idx=52) 20241107_0.1ppm钙离子污染及恢复测试_新版电解槽_ion_firecloud_[16, 18, 20, 22].xlsx  times=[16, 18, 20, 22]
      → B(idx=352) 20241107_0.1ppm钙离子污染及恢复测试_新版电解槽_ion_firecloud_[20, 22, 24, 26].xlsx  times=[20, 22, 24, 26]  dummy=False
  [10] A(idx=436) 20241107_0.1ppm钙离子污染及恢复测试_新版电解槽_ion_firecloud_[18, 20, 22, 24].xlsx  times=[18, 20, 22, 24]
      → B(idx=436) 20241107_0.1ppm钙离子污染及恢复测试_新版电解槽_ion_firecloud_[18, 20, 22, 24].xlsx  times=[18, 20, 22, 24]  dummy=True
  [11] A(idx=352) 20241107_0.1ppm钙离子污染及恢复测试_新版电解槽_ion_firecloud_[20, 22, 24, 26].xlsx  times=[20, 22, 24, 26]
      → B(idx=352) 20241107_0.1ppm钙离子污染及恢复测试_新版电解槽_ion_firecloud_[20, 22, 24, 26].xlsx  times=[20, 22, 24, 26]  dummy=True
  [12] A(idx=377) 20241107_0.1ppm钙离子污染及恢复测试_新版电解槽_ion_firecloud_[34, 36, 38, 40].xlsx  times=[34, 36, 38, 40]
      → B(idx=134) 20241107_0.1ppm钙离子污染及恢复测试_新版电解槽_ion_firecloud_[38, 40, 42, 44].xlsx  times=[38, 40, 42, 44]  dummy=False
  [13] A(idx=67) 20241107_0.1ppm钙离子污染及恢复测试_新版电解槽_ion_firecloud_[36, 38, 40, 42].xlsx  times=[36, 38, 40, 42]
      → B(idx=329) 20241107_0.1ppm钙离子污染及恢复测试_新版电解槽_ion_firecloud_[40, 42, 44, 46].xlsx  times=[40, 42, 44, 46]  dummy=False
  [14] A(idx=134) 20241107_0.1ppm钙离子污染及恢复测试_新版电解槽_ion_firecloud_[38, 40, 42, 44].xlsx  times=[38, 40, 42, 44]
      → B(idx=134) 20241107_0.1ppm钙离子污染及恢复测试_新版电解槽_ion_firecloud_[38, 40, 42, 44].xlsx  times=[38, 40, 42, 44]  dummy=True
  [15] A(idx=329) 20241107_0.1ppm钙离子污染及恢复测试_新版电解槽_ion_firecloud_[40, 42, 44, 46].xlsx  times=[40, 42, 44, 46]
      → B(idx=329) 20241107_0.1ppm钙离子污染及恢复测试_新版电解槽_ion_firecloud_[40, 42, 44, 46].xlsx  times=[40, 42, 44, 46]  dummy=True
  [16] A(idx=478) 20240910_10ppm钙离子污染测试_新版电解槽_ion_column_gamry_[0, 2, 4, 6].xlsx  times=[0, 2, 4, 6]
      → B(idx=540) 20240910_10ppm钙离子污染测试_新版电解槽_ion_column_gamry_[4, 6, 8, 10].xlsx  times=[4, 6, 8, 10]  dummy=False
  [17] A(idx=1) 20240910_10ppm钙离子污染测试_新版电解槽_ion_column_gamry_[2, 4, 6, 8].xlsx  times=[2, 4, 6, 8]
      → B(idx=516) 20240910_10ppm钙离子污染测试_新版电解槽_ion_column_gamry_[6, 8, 10, 12].xlsx  times=[6, 8, 10, 12]  dummy=False
  [18] A(idx=540) 20240910_10ppm钙离子污染测试_新版电解槽_ion_column_gamry_[4, 6, 8, 10].xlsx  times=[4, 6, 8, 10]
      → B(idx=413) 20240910_10ppm钙离子污染测试_新版电解槽_ion_column_gamry_[8, 10, 12, 14].xlsx  times=[8, 10, 12, 14]  dummy=False
  [19] A(idx=516) 20240910_10ppm钙离子污染测试_新版电解槽_ion_column_gamry_[6, 8, 10, 12].xlsx  times=[6, 8, 10, 12]
      → B(idx=410) 20240910_10ppm钙离子污染测试_新版电解槽_ion_column_gamry_[10, 12, 14, 16].xlsx  times=[10, 12, 14, 16]  dummy=False
  [20] A(idx=413) 20240910_10ppm钙离子污染测试_新版电解槽_ion_column_gamry_[8, 10, 12, 14].xlsx  times=[8, 10, 12, 14]
      → B(idx=156) 20240910_10ppm钙离子污染测试_新版电解槽_ion_column_gamry_[12, 14, 16, 18].xlsx  times=[12, 14, 16, 18]  dummy=False
  [21] A(idx=410) 20240910_10ppm钙离子污染测试_新版电解槽_ion_column_gamry_[10, 12, 14, 16].xlsx  times=[10, 12, 14, 16]
      → B(idx=366) 20240910_10ppm钙离子污染测试_新版电解槽_ion_column_gamry_[14, 16, 18, 20].xlsx  times=[14, 16, 18, 20]  dummy=False
  [22] A(idx=156) 20240910_10ppm钙离子污染测试_新版电解槽_ion_column_gamry_[12, 14, 16, 18].xlsx  times=[12, 14, 16, 18]
      → B(idx=156) 20240910_10ppm钙离子污染测试_新版电解槽_ion_column_gamry_[12, 14, 16, 18].xlsx  times=[12, 14, 16, 18]  dummy=True
  [23] A(idx=366) 20240910_10ppm钙离子污染测试_新版电解槽_ion_column_gamry_[14, 16, 18, 20].xlsx  times=[14, 16, 18, 20]
      → B(idx=366) 20240910_10ppm钙离子污染测试_新版电解槽_ion_column_gamry_[14, 16, 18, 20].xlsx  times=[14, 16, 18, 20]  dummy=True
  [24] A(idx=94) 20241006_2ppm铬离子污染测试_旧版电解槽_ion_firecloud_[0, 2, 4, 6].xlsx  times=[0, 2, 4, 6]
      → B(idx=94) 20241006_2ppm铬离子污染测试_旧版电解槽_ion_firecloud_[0, 2, 4, 6].xlsx  times=[0, 2, 4, 6]  dummy=True
  [25] A(idx=550) 20241006_2ppm铬离子污染测试_旧版电解槽_ion_firecloud_[2, 4, 6, 8].xlsx  times=[2, 4, 6, 8]
      → B(idx=550) 20241006_2ppm铬离子污染测试_旧版电解槽_ion_firecloud_[2, 4, 6, 8].xlsx  times=[2, 4, 6, 8]  dummy=True
  [26] A(idx=538) 20241006_2ppm铬离子污染测试_旧版电解槽_ion_firecloud_[16, 18, 20, 22].xlsx  times=[16, 18, 20, 22]
      → B(idx=430) 20241006_2ppm铬离子污染测试_旧版电解槽_ion_firecloud_[20, 22, 24, 26].xlsx  times=[20, 22, 24, 26]  dummy=False
  [27] A(idx=32) 20241006_2ppm铬离子污染测试_旧版电解槽_ion_firecloud_[18, 20, 22, 24].xlsx  times=[18, 20, 22, 24]
      → B(idx=2) 20241006_2ppm铬离子污染测试_旧版电解槽_ion_firecloud_[22, 24, 26, 28].xlsx  times=[22, 24, 26, 28]  dummy=False
  [28] A(idx=430) 20241006_2ppm铬离子污染测试_旧版电解槽_ion_firecloud_[20, 22, 24, 26].xlsx  times=[20, 22, 24, 26]
      → B(idx=87) 20241006_2ppm铬离子污染测试_旧版电解槽_ion_firecloud_[24, 26, 28, 30].xlsx  times=[24, 26, 28, 30]  dummy=False
  [29] A(idx=2) 20241006_2ppm铬离子污染测试_旧版电解槽_ion_firecloud_[22, 24, 26, 28].xlsx  times=[22, 24, 26, 28]
      → B(idx=260) 20241006_2ppm铬离子污染测试_旧版电解槽_ion_firecloud_[26, 28, 30, 32].xlsx  times=[26, 28, 30, 32]  dummy=False
  [30] A(idx=87) 20241006_2ppm铬离子污染测试_旧版电解槽_ion_firecloud_[24, 26, 28, 30].xlsx  times=[24, 26, 28, 30]
      → B(idx=569) 20241006_2ppm铬离子污染测试_旧版电解槽_ion_firecloud_[28, 30, 32, 34].xlsx  times=[28, 30, 32, 34]  dummy=False
  [31] A(idx=260) 20241006_2ppm铬离子污染测试_旧版电解槽_ion_firecloud_[26, 28, 30, 32].xlsx  times=[26, 28, 30, 32]
      → B(idx=255) 20241006_2ppm铬离子污染测试_旧版电解槽_ion_firecloud_[30, 32, 34, 36].xlsx  times=[30, 32, 34, 36]  dummy=False
  [32] A(idx=569) 20241006_2ppm铬离子污染测试_旧版电解槽_ion_firecloud_[28, 30, 32, 34].xlsx  times=[28, 30, 32, 34]
      → B(idx=576) 20241006_2ppm铬离子污染测试_旧版电解槽_ion_firecloud_[32, 34, 36, 38].xlsx  times=[32, 34, 36, 38]  dummy=False
  [33] A(idx=255) 20241006_2ppm铬离子污染测试_旧版电解槽_ion_firecloud_[30, 32, 34, 36].xlsx  times=[30, 32, 34, 36]
      → B(idx=269) 20241006_2ppm铬离子污染测试_旧版电解槽_ion_firecloud_[34, 36, 38, 40].xlsx  times=[34, 36, 38, 40]  dummy=False
  [34] A(idx=576) 20241006_2ppm铬离子污染测试_旧版电解槽_ion_firecloud_[32, 34, 36, 38].xlsx  times=[32, 34, 36, 38]
      → B(idx=96) 20241006_2ppm铬离子污染测试_旧版电解槽_ion_firecloud_[36, 38, 40, 42].xlsx  times=[36, 38, 40, 42]  dummy=False
  [35] A(idx=269) 20241006_2ppm铬离子污染测试_旧版电解槽_ion_firecloud_[34, 36, 38, 40].xlsx  times=[34, 36, 38, 40]
      → B(idx=683) 20241006_2ppm铬离子污染测试_旧版电解槽_ion_firecloud_[38, 40, 42, 44].xlsx  times=[38, 40, 42, 44]  dummy=False
  [36] A(idx=96) 20241006_2ppm铬离子污染测试_旧版电解槽_ion_firecloud_[36, 38, 40, 42].xlsx  times=[36, 38, 40, 42]
      → B(idx=114) 20241006_2ppm铬离子污染测试_旧版电解槽_ion_firecloud_[40, 42, 44, 46].xlsx  times=[40, 42, 44, 46]  dummy=False
  [37] A(idx=683) 20241006_2ppm铬离子污染测试_旧版电解槽_ion_firecloud_[38, 40, 42, 44].xlsx  times=[38, 40, 42, 44]
      → B(idx=434) 20241006_2ppm铬离子污染测试_旧版电解槽_ion_firecloud_[42, 44, 46, 48].xlsx  times=[42, 44, 46, 48]  dummy=False
  [38] A(idx=114) 20241006_2ppm铬离子污染测试_旧版电解槽_ion_firecloud_[40, 42, 44, 46].xlsx  times=[40, 42, 44, 46]
      → B(idx=84) 20241006_2ppm铬离子污染测试_旧版电解槽_ion_firecloud_[44, 46, 48, 50].xlsx  times=[44, 46, 48, 50]  dummy=False
  [39] A(idx=434) 20241006_2ppm铬离子污染测试_旧版电解槽_ion_firecloud_[42, 44, 46, 48].xlsx  times=[42, 44, 46, 48]
      → B(idx=565) 20241006_2ppm铬离子污染测试_旧版电解槽_ion_firecloud_[46, 48, 50, 52].xlsx  times=[46, 48, 50, 52]  dummy=False
  [40] A(idx=84) 20241006_2ppm铬离子污染测试_旧版电解槽_ion_firecloud_[44, 46, 48, 50].xlsx  times=[44, 46, 48, 50]
      → B(idx=84) 20241006_2ppm铬离子污染测试_旧版电解槽_ion_firecloud_[44, 46, 48, 50].xlsx  times=[44, 46, 48, 50]  dummy=True
  [41] A(idx=565) 20241006_2ppm铬离子污染测试_旧版电解槽_ion_firecloud_[46, 48, 50, 52].xlsx  times=[46, 48, 50, 52]
      → B(idx=565) 20241006_2ppm铬离子污染测试_旧版电解槽_ion_firecloud_[46, 48, 50, 52].xlsx  times=[46, 48, 50, 52]  dummy=True
  [42] A(idx=45) 20241117_2ppm钠离子污染及恢复测试40摄氏度_新版电解槽_ion_gamry_[14, 16, 18, 20].xlsx  times=[14, 16, 18, 20]
      → B(idx=523) 20241117_2ppm钠离子污染及恢复测试40摄氏度_新版电解槽_ion_gamry_[18, 20, 22, 24].xlsx  times=[18, 20, 22, 24]  dummy=False
  [43] A(idx=564) 20241117_2ppm钠离子污染及恢复测试40摄氏度_新版电解槽_ion_gamry_[16, 18, 20, 22].xlsx  times=[16, 18, 20, 22]
      → B(idx=154) 20241117_2ppm钠离子污染及恢复测试40摄氏度_新版电解槽_ion_gamry_[20, 22, 24, 26].xlsx  times=[20, 22, 24, 26]  dummy=False
  [44] A(idx=523) 20241117_2ppm钠离子污染及恢复测试40摄氏度_新版电解槽_ion_gamry_[18, 20, 22, 24].xlsx  times=[18, 20, 22, 24]
      → B(idx=3) 20241117_2ppm钠离子污染及恢复测试40摄氏度_新版电解槽_ion_gamry_[22, 24, 26, 28].xlsx  times=[22, 24, 26, 28]  dummy=False
  [45] A(idx=154) 20241117_2ppm钠离子污染及恢复测试40摄氏度_新版电解槽_ion_gamry_[20, 22, 24, 26].xlsx  times=[20, 22, 24, 26]
      → B(idx=449) 20241117_2ppm钠离子污染及恢复测试40摄氏度_新版电解槽_ion_gamry_[24, 26, 28, 30].xlsx  times=[24, 26, 28, 30]  dummy=False
  [46] A(idx=3) 20241117_2ppm钠离子污染及恢复测试40摄氏度_新版电解槽_ion_gamry_[22, 24, 26, 28].xlsx  times=[22, 24, 26, 28]
      → B(idx=34) 20241117_2ppm钠离子污染及恢复测试40摄氏度_新版电解槽_ion_gamry_[26, 28, 30, 32].xlsx  times=[26, 28, 30, 32]  dummy=False
  [47] A(idx=449) 20241117_2ppm钠离子污染及恢复测试40摄氏度_新版电解槽_ion_gamry_[24, 26, 28, 30].xlsx  times=[24, 26, 28, 30]
      → B(idx=323) 20241117_2ppm钠离子污染及恢复测试40摄氏度_新版电解槽_ion_gamry_[28, 30, 32, 34].xlsx  times=[28, 30, 32, 34]  dummy=False
  [48] A(idx=34) 20241117_2ppm钠离子污染及恢复测试40摄氏度_新版电解槽_ion_gamry_[26, 28, 30, 32].xlsx  times=[26, 28, 30, 32]
      → B(idx=659) 20241117_2ppm钠离子污染及恢复测试40摄氏度_新版电解槽_ion_gamry_[30, 32, 34, 36].xlsx  times=[30, 32, 34, 36]  dummy=False
  [49] A(idx=323) 20241117_2ppm钠离子污染及恢复测试40摄氏度_新版电解槽_ion_gamry_[28, 30, 32, 34].xlsx  times=[28, 30, 32, 34]
      → B(idx=579) 20241117_2ppm钠离子污染及恢复测试40摄氏度_新版电解槽_ion_gamry_[32, 34, 36, 38].xlsx  times=[32, 34, 36, 38]  dummy=False
  [50] A(idx=659) 20241117_2ppm钠离子污染及恢复测试40摄氏度_新版电解槽_ion_gamry_[30, 32, 34, 36].xlsx  times=[30, 32, 34, 36]
      → B(idx=350) 20241117_2ppm钠离子污染及恢复测试40摄氏度_新版电解槽_ion_gamry_[34, 36, 38, 40].xlsx  times=[34, 36, 38, 40]  dummy=False

[PairDataset][Summary]
- total files:        706
- parsed OK:          706
- regex fail:         0
- parse times fail:   0
- empty times:        0
- total pairs:        706  (keep_unpaired=self)
- distinct prefixes:  96
- prefixes coverage (first few):
  [1] 20241107_0.1ppm钙离子污染及恢复测试_新版电解槽_ion_firecloud_[* -> windows=15, adj_pairs=9/14
  [2] 20240910_10ppm钙离子污染测试_新版电解槽_ion_column_gamry_[* -> windows=8, adj_pairs=5/7
  [3] 20241006_2ppm铬离子污染测试_旧版电解槽_ion_firecloud_[* -> windows=18, adj_pairs=13/17
  [4] 20241117_2ppm钠离子污染及恢复测试40摄氏度_新版电解槽_ion_gamry_[* -> windows=13, adj_pairs=10/12
  [5] 20241227_10ppm铜离子污染及恢复测试_旧版电解槽_ion_gamry_[* -> windows=15, adj_pairs=10/14
  [6] 20241003_2ppm镍离子污染测试_新版电解槽_ion_gamry_[* -> windows=7, adj_pairs=1/6
  [7] 20241112_2ppm钠离子污染和恢复测试80摄氏度_新版电解槽_ion_column_renew_H2SO4_gamry_[* -> windows=13, adj_pairs=10/12
  [8] 20240910_10ppm钙离子污染测试_新版电解槽_ion_gamry_[* -> windows=10, adj_pairs=2/9
  [9] 20241213_2ppm钠离子污染及恢复测试_新版电解槽_ion_column_renew_H2SO4_gamry_[* -> windows=7, adj_pairs=4/6
  [10] 20241010_2ppm钠离子污染测试_新版电解槽_ion_firecloud_[* -> windows=8, adj_pairs=2/7
- unadjacent gaps samples: 253 (showing first 0)

[PairDataset][Explain] focus_prefix_contains='20240915_2ppm铜离子污染测试_旧版电解槽_ion_firecloud_'
  - PREFIX: 20240915_2ppm铜离子污染测试_旧版电解槽_ion_firecloud_[* windows=11
    windows (sorted by first,last):
      · 20240915_2ppm铜离子污染测试_旧版电解槽_ion_firecloud_[0, 2, 4, 6].xlsx  -> times=[0, 2, 4, 6]  first=0 last=6
      · 20240915_2ppm铜离子污染测试_旧版电解槽_ion_firecloud_[2, 4, 6, 8].xlsx  -> times=[2, 4, 6, 8]  first=2 last=8
      · 20240915_2ppm铜离子污染测试_旧版电解槽_ion_firecloud_[4, 6, 8, 10].xlsx  -> times=[4, 6, 8, 10]  first=4 last=10
      · 20240915_2ppm铜离子污染测试_旧版电解槽_ion_firecloud_[6, 8, 10, 12].xlsx  -> times=[6, 8, 10, 12]  first=6 last=12
      · 20240915_2ppm铜离子污染测试_旧版电解槽_ion_firecloud_[8, 10, 12, 14].xlsx  -> times=[8, 10, 12, 14]  first=8 last=14
      · 20240915_2ppm铜离子污染测试_旧版电解槽_ion_firecloud_[10, 12, 14, 16].xlsx  -> times=[10, 12, 14, 16]  first=10 last=16
      · 20240915_2ppm铜离子污染测试_旧版电解槽_ion_firecloud_[12, 14, 16, 18].xlsx  -> times=[12, 14, 16, 18]  first=12 last=18
      · 20240915_2ppm铜离子污染测试_旧版电解槽_ion_firecloud_[14, 16, 18, 20].xlsx  -> times=[14, 16, 18, 20]  first=14 last=20
      · 20240915_2ppm铜离子污染测试_旧版电解槽_ion_firecloud_[16, 18, 20, 22].xlsx  -> times=[16, 18, 20, 22]  first=16 last=22
      · 20240915_2ppm铜离子污染测试_旧版电解槽_ion_firecloud_[18, 20, 22, 24].xlsx  -> times=[18, 20, 22, 24]  first=18 last=24
      · 20240915_2ppm铜离子污染测试_旧版电解槽_ion_firecloud_[20, 22, 24, 26].xlsx  -> times=[20, 22, 24, 26]  first=20 last=26
      MISS: 6 -> 2   (20240915_2ppm铜离子污染测试_旧版电解槽_ion_firecloud_[0, 2, 4, 6].xlsx  →  20240915_2ppm铜离子污染测试_旧版电解槽_ion_firecloud_[2, 4, 6, 8].xlsx)
      MISS: 8 -> 4   (20240915_2ppm铜离子污染测试_旧版电解槽_ion_firecloud_[2, 4, 6, 8].xlsx  →  20240915_2ppm铜离子污染测试_旧版电解槽_ion_firecloud_[4, 6, 8, 10].xlsx)
      MISS: 10 -> 6   (20240915_2ppm铜离子污染测试_旧版电解槽_ion_firecloud_[4, 6, 8, 10].xlsx  →  20240915_2ppm铜离子污染测试_旧版电解槽_ion_firecloud_[6, 8, 10, 12].xlsx)
      MISS: 12 -> 8   (20240915_2ppm铜离子污染测试_旧版电解槽_ion_firecloud_[6, 8, 10, 12].xlsx  →  20240915_2ppm铜离子污染测试_旧版电解槽_ion_firecloud_[8, 10, 12, 14].xlsx)
      MISS: 14 -> 10   (20240915_2ppm铜离子污染测试_旧版电解槽_ion_firecloud_[8, 10, 12, 14].xlsx  →  20240915_2ppm铜离子污染测试_旧版电解槽_ion_firecloud_[10, 12, 14, 16].xlsx)
      MISS: 16 -> 12   (20240915_2ppm铜离子污染测试_旧版电解槽_ion_firecloud_[10, 12, 14, 16].xlsx  →  20240915_2ppm铜离子污染测试_旧版电解槽_ion_firecloud_[12, 14, 16, 18].xlsx)
      MISS: 18 -> 14   (20240915_2ppm铜离子污染测试_旧版电解槽_ion_firecloud_[12, 14, 16, 18].xlsx  →  20240915_2ppm铜离子污染测试_旧版电解槽_ion_firecloud_[14, 16, 18, 20].xlsx)
      MISS: 20 -> 16   (20240915_2ppm铜离子污染测试_旧版电解槽_ion_firecloud_[14, 16, 18, 20].xlsx  →  20240915_2ppm铜离子污染测试_旧版电解槽_ion_firecloud_[16, 18, 20, 22].xlsx)
      MISS: 22 -> 18   (20240915_2ppm铜离子污染测试_旧版电解槽_ion_firecloud_[16, 18, 20, 22].xlsx  →  20240915_2ppm铜离子污染测试_旧版电解槽_ion_firecloud_[18, 20, 22, 24].xlsx)
      MISS: 24 -> 20   (20240915_2ppm铜离子污染测试_旧版电解槽_ion_firecloud_[18, 20, 22, 24].xlsx  →  20240915_2ppm铜离子污染测试_旧版电解槽_ion_firecloud_[20, 22, 24, 26].xlsx)

[PairDataset][Example pairs] (show up to 50)
  [1] A(idx=0) 20240918_2ppm钙离子污染测试_新版电解槽_ion_gamry_[10, 12, 14, 16].xlsx  times=[10, 12, 14, 16]
      → B(idx=92) 20240918_2ppm钙离子污染测试_新版电解槽_ion_gamry_[14, 16, 18, 20].xlsx  times=[14, 16, 18, 20]  dummy=False
  [2] A(idx=92) 20240918_2ppm钙离子污染测试_新版电解槽_ion_gamry_[14, 16, 18, 20].xlsx  times=[14, 16, 18, 20]
      → B(idx=92) 20240918_2ppm钙离子污染测试_新版电解槽_ion_gamry_[14, 16, 18, 20].xlsx  times=[14, 16, 18, 20]  dummy=True
  [3] A(idx=1) 20241028_2ppm钠离子污染和恢复测试_旧版电解槽_ion_column_renew_H2SO4_gamry_[2, 4, 6, 8].xlsx  times=[2, 4, 6, 8]
      → B(idx=1) 20241028_2ppm钠离子污染和恢复测试_旧版电解槽_ion_column_renew_H2SO4_gamry_[2, 4, 6, 8].xlsx  times=[2, 4, 6, 8]  dummy=True
  [4] A(idx=94) 20241028_2ppm钠离子污染和恢复测试_旧版电解槽_ion_column_renew_H2SO4_gamry_[4, 6, 8, 10].xlsx  times=[4, 6, 8, 10]
      → B(idx=94) 20241028_2ppm钠离子污染和恢复测试_旧版电解槽_ion_column_renew_H2SO4_gamry_[4, 6, 8, 10].xlsx  times=[4, 6, 8, 10]  dummy=True
  [5] A(idx=125) 20241010_2ppm钠离子污染测试_新版电解槽_ion_column_firecloud_[6, 8, 10, 12].xlsx  times=[6, 8, 10, 12]
      → B(idx=125) 20241010_2ppm钠离子污染测试_新版电解槽_ion_column_firecloud_[6, 8, 10, 12].xlsx  times=[6, 8, 10, 12]  dummy=True
  [6] A(idx=2) 20241010_2ppm钠离子污染测试_新版电解槽_ion_column_firecloud_[8, 10, 12, 14].xlsx  times=[8, 10, 12, 14]
      → B(idx=2) 20241010_2ppm钠离子污染测试_新版电解槽_ion_column_firecloud_[8, 10, 12, 14].xlsx  times=[8, 10, 12, 14]  dummy=True
  [7] A(idx=20) 20241101_2ppm铜离子污染和恢复测试_旧版电解槽_ion_firecloud_[0, 2, 4, 6].xlsx  times=[0, 2, 4, 6]
      → B(idx=20) 20241101_2ppm铜离子污染和恢复测试_旧版电解槽_ion_firecloud_[0, 2, 4, 6].xlsx  times=[0, 2, 4, 6]  dummy=True
  [8] A(idx=3) 20241101_2ppm铜离子污染和恢复测试_旧版电解槽_ion_firecloud_[10, 12, 14, 16].xlsx  times=[10, 12, 14, 16]
      → B(idx=3) 20241101_2ppm铜离子污染和恢复测试_旧版电解槽_ion_firecloud_[10, 12, 14, 16].xlsx  times=[10, 12, 14, 16]  dummy=True
  [9] A(idx=31) 20241101_2ppm铜离子污染和恢复测试_旧版电解槽_ion_firecloud_[20, 22, 24, 26].xlsx  times=[20, 22, 24, 26]
      → B(idx=31) 20241101_2ppm铜离子污染和恢复测试_旧版电解槽_ion_firecloud_[20, 22, 24, 26].xlsx  times=[20, 22, 24, 26]  dummy=True
  [10] A(idx=48) 20240831_10ppm镍离子污染测试_新版电解槽_ion_gamry_[0, 2, 4, 6].xlsx  times=[0, 2, 4, 6]
      → B(idx=41) 20240831_10ppm镍离子污染测试_新版电解槽_ion_gamry_[4, 6, 8, 10].xlsx  times=[4, 6, 8, 10]  dummy=False
  [11] A(idx=41) 20240831_10ppm镍离子污染测试_新版电解槽_ion_gamry_[4, 6, 8, 10].xlsx  times=[4, 6, 8, 10]
      → B(idx=41) 20240831_10ppm镍离子污染测试_新版电解槽_ion_gamry_[4, 6, 8, 10].xlsx  times=[4, 6, 8, 10]  dummy=True
  [12] A(idx=139) 20240831_10ppm镍离子污染测试_新版电解槽_ion_gamry_[16, 18, 20, 22].xlsx  times=[16, 18, 20, 22]
      → B(idx=139) 20240831_10ppm镍离子污染测试_新版电解槽_ion_gamry_[16, 18, 20, 22].xlsx  times=[16, 18, 20, 22]  dummy=True
  [13] A(idx=4) 20240831_10ppm镍离子污染测试_新版电解槽_ion_gamry_[18, 20, 22, 24].xlsx  times=[18, 20, 22, 24]
      → B(idx=4) 20240831_10ppm镍离子污染测试_新版电解槽_ion_gamry_[18, 20, 22, 24].xlsx  times=[18, 20, 22, 24]  dummy=True
  [14] A(idx=5) 20241122_2ppm铜离子污染及恢复测试40摄氏度_新版电解槽_ion_column_renew_H2SO4_gamry_[14, 16, 18, 20].xlsx  times=[14, 16, 18, 20]
      → B(idx=5) 20241122_2ppm铜离子污染及恢复测试40摄氏度_新版电解槽_ion_column_renew_H2SO4_gamry_[14, 16, 18, 20].xlsx  times=[14, 16, 18, 20]  dummy=True
  [15] A(idx=93) 20241010_2ppm钠离子污染测试_新版电解槽_ion_firecloud_[4, 6, 8, 10].xlsx  times=[4, 6, 8, 10]
      → B(idx=93) 20241010_2ppm钠离子污染测试_新版电解槽_ion_firecloud_[4, 6, 8, 10].xlsx  times=[4, 6, 8, 10]  dummy=True
  [16] A(idx=104) 20241010_2ppm钠离子污染测试_新版电解槽_ion_firecloud_[12, 14, 16, 18].xlsx  times=[12, 14, 16, 18]
      → B(idx=135) 20241010_2ppm钠离子污染测试_新版电解槽_ion_firecloud_[16, 18, 20, 22].xlsx  times=[16, 18, 20, 22]  dummy=False
  [17] A(idx=135) 20241010_2ppm钠离子污染测试_新版电解槽_ion_firecloud_[16, 18, 20, 22].xlsx  times=[16, 18, 20, 22]
      → B(idx=135) 20241010_2ppm钠离子污染测试_新版电解槽_ion_firecloud_[16, 18, 20, 22].xlsx  times=[16, 18, 20, 22]  dummy=True
  [18] A(idx=6) 20241010_2ppm钠离子污染测试_新版电解槽_ion_firecloud_[36, 38, 40, 42].xlsx  times=[36, 38, 40, 42]
      → B(idx=6) 20241010_2ppm钠离子污染测试_新版电解槽_ion_firecloud_[36, 38, 40, 42].xlsx  times=[36, 38, 40, 42]  dummy=True
  [19] A(idx=55) 20241029_2ppm铁离子污染和恢复测试_新版电解槽_ion_firecloud_[26, 28, 30, 32].xlsx  times=[26, 28, 30, 32]
      → B(idx=7) 20241029_2ppm铁离子污染和恢复测试_新版电解槽_ion_firecloud_[30, 32, 34, 36].xlsx  times=[30, 32, 34, 36]  dummy=False
  [20] A(idx=7) 20241029_2ppm铁离子污染和恢复测试_新版电解槽_ion_firecloud_[30, 32, 34, 36].xlsx  times=[30, 32, 34, 36]
      → B(idx=141) 20241029_2ppm铁离子污染和恢复测试_新版电解槽_ion_firecloud_[34, 36, 38, 40].xlsx  times=[34, 36, 38, 40]  dummy=False
  [21] A(idx=141) 20241029_2ppm铁离子污染和恢复测试_新版电解槽_ion_firecloud_[34, 36, 38, 40].xlsx  times=[34, 36, 38, 40]
      → B(idx=141) 20241029_2ppm铁离子污染和恢复测试_新版电解槽_ion_firecloud_[34, 36, 38, 40].xlsx  times=[34, 36, 38, 40]  dummy=True
  [22] A(idx=47) 20241029_2ppm铁离子污染和恢复测试_新版电解槽_ion_firecloud_[46, 48, 50, 52].xlsx  times=[46, 48, 50, 52]
      → B(idx=47) 20241029_2ppm铁离子污染和恢复测试_新版电解槽_ion_firecloud_[46, 48, 50, 52].xlsx  times=[46, 48, 50, 52]  dummy=True
  [23] A(idx=8) 20241227_10ppm铜离子污染及恢复测试_旧版电解槽_ion_column_renew_H2SO4_gamry_[8, 10, 12, 14].xlsx  times=[8, 10, 12, 14]
      → B(idx=8) 20241227_10ppm铜离子污染及恢复测试_旧版电解槽_ion_column_renew_H2SO4_gamry_[8, 10, 12, 14].xlsx  times=[8, 10, 12, 14]  dummy=True
  [24] A(idx=88) 20241227_10ppm铜离子污染及恢复测试_旧版电解槽_ion_column_renew_H2SO4_gamry_[24, 26, 28, 30].xlsx  times=[24, 26, 28, 30]
      → B(idx=88) 20241227_10ppm铜离子污染及恢复测试_旧版电解槽_ion_column_renew_H2SO4_gamry_[24, 26, 28, 30].xlsx  times=[24, 26, 28, 30]  dummy=True
  [25] A(idx=134) 20241227_10ppm铜离子污染及恢复测试_旧版电解槽_ion_column_renew_H2SO4_gamry_[26, 28, 30, 32].xlsx  times=[26, 28, 30, 32]
      → B(idx=134) 20241227_10ppm铜离子污染及恢复测试_旧版电解槽_ion_column_renew_H2SO4_gamry_[26, 28, 30, 32].xlsx  times=[26, 28, 30, 32]  dummy=True
  [26] A(idx=27) 20241017_2ppm铬离子污染和恢复测试_新版电解槽_ion_gamry_[0, 2, 4, 6].xlsx  times=[0, 2, 4, 6]
      → B(idx=27) 20241017_2ppm铬离子污染和恢复测试_新版电解槽_ion_gamry_[0, 2, 4, 6].xlsx  times=[0, 2, 4, 6]  dummy=True
  [27] A(idx=9) 20241017_2ppm铬离子污染和恢复测试_新版电解槽_ion_gamry_[20, 22, 24, 26].xlsx  times=[20, 22, 24, 26]
      → B(idx=9) 20241017_2ppm铬离子污染和恢复测试_新版电解槽_ion_gamry_[20, 22, 24, 26].xlsx  times=[20, 22, 24, 26]  dummy=True
  [28] A(idx=10) 20241024_2ppm铁离子污染和恢复测试_新版电解槽_ion_column_renew_H2SO4_firecloud_[12, 14, 16, 18].xlsx  times=[12, 14, 16, 18]
      → B(idx=10) 20241024_2ppm铁离子污染和恢复测试_新版电解槽_ion_column_renew_H2SO4_firecloud_[12, 14, 16, 18].xlsx  times=[12, 14, 16, 18]  dummy=True
  [29] A(idx=136) 20241024_2ppm铁离子污染和恢复测试_新版电解槽_ion_column_renew_H2SO4_firecloud_[18, 20, 22, 24].xlsx  times=[18, 20, 22, 24]
      → B(idx=136) 20241024_2ppm铁离子污染和恢复测试_新版电解槽_ion_column_renew_H2SO4_firecloud_[18, 20, 22, 24].xlsx  times=[18, 20, 22, 24]  dummy=True
  [30] A(idx=11) 20241117_2ppm钠离子污染及恢复测试10mlmin_旧版电解槽_ion_gamry_[2, 4, 6, 8].xlsx  times=[2, 4, 6, 8]
      → B(idx=11) 20241117_2ppm钠离子污染及恢复测试10mlmin_旧版电解槽_ion_gamry_[2, 4, 6, 8].xlsx  times=[2, 4, 6, 8]  dummy=True
  [31] A(idx=140) 20241117_2ppm钠离子污染及恢复测试10mlmin_旧版电解槽_ion_gamry_[10, 12, 14, 16].xlsx  times=[10, 12, 14, 16]
      → B(idx=140) 20241117_2ppm钠离子污染及恢复测试10mlmin_旧版电解槽_ion_gamry_[10, 12, 14, 16].xlsx  times=[10, 12, 14, 16]  dummy=True
  [32] A(idx=78) 20241117_2ppm钠离子污染及恢复测试10mlmin_旧版电解槽_ion_gamry_[30, 32, 34, 36].xlsx  times=[30, 32, 34, 36]
      → B(idx=78) 20241117_2ppm钠离子污染及恢复测试10mlmin_旧版电解槽_ion_gamry_[30, 32, 34, 36].xlsx  times=[30, 32, 34, 36]  dummy=True
  [33] A(idx=138) 20241211_2ppm铜离子污染及恢复测试80摄氏度_旧版电解槽_ion_gamry_[28, 30, 32, 34].xlsx  times=[28, 30, 32, 34]
      → B(idx=12) 20241211_2ppm铜离子污染及恢复测试80摄氏度_旧版电解槽_ion_gamry_[32, 34, 36, 38].xlsx  times=[32, 34, 36, 38]  dummy=False
  [34] A(idx=12) 20241211_2ppm铜离子污染及恢复测试80摄氏度_旧版电解槽_ion_gamry_[32, 34, 36, 38].xlsx  times=[32, 34, 36, 38]
      → B(idx=12) 20241211_2ppm铜离子污染及恢复测试80摄氏度_旧版电解槽_ion_gamry_[32, 34, 36, 38].xlsx  times=[32, 34, 36, 38]  dummy=True
  [35] A(idx=108) 20241211_2ppm铜离子污染及恢复测试80摄氏度_旧版电解槽_ion_gamry_[38, 40, 42, 44].xlsx  times=[38, 40, 42, 44]
      → B(idx=108) 20241211_2ppm铜离子污染及恢复测试80摄氏度_旧版电解槽_ion_gamry_[38, 40, 42, 44].xlsx  times=[38, 40, 42, 44]  dummy=True
  [36] A(idx=143) 20241213_2ppm钠离子污染及恢复测试_新版电解槽_ion_gamry_[0, 2, 4, 6].xlsx  times=[0, 2, 4, 6]
      → B(idx=143) 20241213_2ppm钠离子污染及恢复测试_新版电解槽_ion_gamry_[0, 2, 4, 6].xlsx  times=[0, 2, 4, 6]  dummy=True
  [37] A(idx=70) 20241213_2ppm钠离子污染及恢复测试_新版电解槽_ion_gamry_[2, 4, 6, 8].xlsx  times=[2, 4, 6, 8]
      → B(idx=70) 20241213_2ppm钠离子污染及恢复测试_新版电解槽_ion_gamry_[2, 4, 6, 8].xlsx  times=[2, 4, 6, 8]  dummy=True
  [38] A(idx=13) 20241213_2ppm钠离子污染及恢复测试_新版电解槽_ion_gamry_[22, 24, 26, 28].xlsx  times=[22, 24, 26, 28]
      → B(idx=13) 20241213_2ppm钠离子污染及恢复测试_新版电解槽_ion_gamry_[22, 24, 26, 28].xlsx  times=[22, 24, 26, 28]  dummy=True
  [39] A(idx=14) 20240822_10ppm铜离子污染测试_新版电解槽_ion_gamry_[10, 12, 14, 16].xlsx  times=[10, 12, 14, 16]
      → B(idx=14) 20240822_10ppm铜离子污染测试_新版电解槽_ion_gamry_[10, 12, 14, 16].xlsx  times=[10, 12, 14, 16]  dummy=True
  [40] A(idx=51) 20241112_2ppm钠离子污染和恢复测试80摄氏度_新版电解槽_ion_gamry_[28, 30, 32, 34].xlsx  times=[28, 30, 32, 34]
      → B(idx=51) 20241112_2ppm钠离子污染和恢复测试80摄氏度_新版电解槽_ion_gamry_[28, 30, 32, 34].xlsx  times=[28, 30, 32, 34]  dummy=True
  [41] A(idx=126) 20241112_2ppm钠离子污染和恢复测试80摄氏度_新版电解槽_ion_gamry_[34, 36, 38, 40].xlsx  times=[34, 36, 38, 40]
      → B(idx=126) 20241112_2ppm钠离子污染和恢复测试80摄氏度_新版电解槽_ion_gamry_[34, 36, 38, 40].xlsx  times=[34, 36, 38, 40]  dummy=True
  [42] A(idx=15) 20241112_2ppm钠离子污染和恢复测试80摄氏度_新版电解槽_ion_gamry_[36, 38, 40, 42].xlsx  times=[36, 38, 40, 42]
      → B(idx=15) 20241112_2ppm钠离子污染和恢复测试80摄氏度_新版电解槽_ion_gamry_[36, 38, 40, 42].xlsx  times=[36, 38, 40, 42]  dummy=True
  [43] A(idx=16) 20240831_10ppm镍离子污染测试_新版电解槽_ion_column_gamry_[0, 2, 4, 6].xlsx  times=[0, 2, 4, 6]
      → B(idx=16) 20240831_10ppm镍离子污染测试_新版电解槽_ion_column_gamry_[0, 2, 4, 6].xlsx  times=[0, 2, 4, 6]  dummy=True
  [44] A(idx=17) 20241112_2ppm镍离子污染及恢复测试_旧版电解槽_ion_column_gamry_[12, 14, 16, 18].xlsx  times=[12, 14, 16, 18]
      → B(idx=17) 20241112_2ppm镍离子污染及恢复测试_旧版电解槽_ion_column_gamry_[12, 14, 16, 18].xlsx  times=[12, 14, 16, 18]  dummy=True
  [45] A(idx=18) 20241013_2ppm铝离子污染测试_新版电解槽_ion_column_firecloud_[8, 10, 12, 14].xlsx  times=[8, 10, 12, 14]
      → B(idx=18) 20241013_2ppm铝离子污染测试_新版电解槽_ion_column_firecloud_[8, 10, 12, 14].xlsx  times=[8, 10, 12, 14]  dummy=True
  [46] A(idx=90) 20241013_2ppm铝离子污染测试_新版电解槽_ion_column_firecloud_[16, 18, 20, 22].xlsx  times=[16, 18, 20, 22]
      → B(idx=90) 20241013_2ppm铝离子污染测试_新版电解槽_ion_column_firecloud_[16, 18, 20, 22].xlsx  times=[16, 18, 20, 22]  dummy=True
  [47] A(idx=19) 20241024_2ppm铁离子污染和恢复测试_新版电解槽_ion_column_firecloud_[2, 4, 6, 8].xlsx  times=[2, 4, 6, 8]
      → B(idx=19) 20241024_2ppm铁离子污染和恢复测试_新版电解槽_ion_column_firecloud_[2, 4, 6, 8].xlsx  times=[2, 4, 6, 8]  dummy=True
  [48] A(idx=56) 20241024_2ppm铁离子污染和恢复测试_新版电解槽_ion_column_firecloud_[10, 12, 14, 16].xlsx  times=[10, 12, 14, 16]
      → B(idx=56) 20241024_2ppm铁离子污染和恢复测试_新版电解槽_ion_column_firecloud_[10, 12, 14, 16].xlsx  times=[10, 12, 14, 16]  dummy=True
  [49] A(idx=67) 20241024_2ppm铁离子污染和恢复测试_新版电解槽_ion_column_firecloud_[18, 20, 22, 24].xlsx  times=[18, 20, 22, 24]
      → B(idx=67) 20241024_2ppm铁离子污染和恢复测试_新版电解槽_ion_column_firecloud_[18, 20, 22, 24].xlsx  times=[18, 20, 22, 24]  dummy=True
  [50] A(idx=21) 20240918_2ppm钙离子污染测试_新版电解槽_ion_column_gamry_[2, 4, 6, 8].xlsx  times=[2, 4, 6, 8]
      → B(idx=21) 20240918_2ppm钙离子污染测试_新版电解槽_ion_column_gamry_[2, 4, 6, 8].xlsx  times=[2, 4, 6, 8]  dummy=True

[PairDataset][Summary]
- total files:        146
- parsed OK:          146
- regex fail:         0
- parse times fail:   0
- empty times:        0
- total pairs:        146  (keep_unpaired=self)
- distinct prefixes:  77
- prefixes coverage (first few):
  [1] 20240918_2ppm钙离子污染测试_新版电解槽_ion_gamry_[* -> windows=2, adj_pairs=0/1
  [2] 20241028_2ppm钠离子污染和恢复测试_旧版电解槽_ion_column_renew_H2SO4_gamry_[* -> windows=2, adj_pairs=0/1
  [3] 20241010_2ppm钠离子污染测试_新版电解槽_ion_column_firecloud_[* -> windows=2, adj_pairs=0/1
  [4] 20241101_2ppm铜离子污染和恢复测试_旧版电解槽_ion_firecloud_[* -> windows=3, adj_pairs=0/2
  [5] 20240831_10ppm镍离子污染测试_新版电解槽_ion_gamry_[* -> windows=4, adj_pairs=0/3
  [6] 20241122_2ppm铜离子污染及恢复测试40摄氏度_新版电解槽_ion_column_renew_H2SO4_gamry_[* -> windows=1, adj_pairs=0/0
  [7] 20241010_2ppm钠离子污染测试_新版电解槽_ion_firecloud_[* -> windows=4, adj_pairs=0/3
  [8] 20241029_2ppm铁离子污染和恢复测试_新版电解槽_ion_firecloud_[* -> windows=4, adj_pairs=0/3
  [9] 20241227_10ppm铜离子污染及恢复测试_旧版电解槽_ion_column_renew_H2SO4_gamry_[* -> windows=3, adj_pairs=0/2
  [10] 20241017_2ppm铬离子污染和恢复测试_新版电解槽_ion_gamry_[* -> windows=2, adj_pairs=0/1
- unadjacent gaps samples: 131 (showing first 0)
num base train samples: 706
num base val   samples: 146
num pair train samples: 706
num pair val   samples: 146
dummy_mask[0] = False
🧩 新模型: 248,576 参数 (248,576 可训练)
📝 TensorBoard 日志目录: /home/kudouzala/Application/ion_detect/output/tensorboard/exp_new_c
🔥 Warmup: 100 epochs (LR × 0.01 → 1.0)
📈 Cosine Annealing LR 调度 (T_max=900)
[New] Epoch 1/1000 | classify: 5.1208 | total: 5.1208
[New] Epoch 2/1000 | classify: 4.7832 | total: 4.7832
[New] Epoch 3/1000 | classify: 4.7755 | total: 4.7755
[New] Epoch 4/1000 | classify: 4.4243 | total: 4.4243
[New] Epoch 5/1000 | classify: 4.1015 | total: 4.1015
[New] Epoch 6/1000 | classify: 4.3508 | total: 4.3508
[New] Epoch 7/1000 | classify: 3.9866 | total: 3.9866
[New] Epoch 8/1000 | classify: 3.7658 | total: 3.7658
[New] Epoch 9/1000 | classify: 3.5588 | total: 3.5588
[New] Epoch 10/1000 | classify: 3.5559 | total: 3.5559
--- 验证集 [epoch 10] ---
  准确率 (Accuracy):  0.6027
  精确率 (Precision): 0.1569
  召回率 (Recall):    0.2653
  F1 分数 (F1):       0.1960
✅ 模型已保存到 /home/kudouzala/Application/ion_detect/output/trained_model_save/exp_new_c/trained_model_epoch_best.pth
  🏆 新最佳 F1=0.1960，已保存 best 模型
[New] Epoch 11/1000 | classify: 3.4223 | total: 3.4223
[New] Epoch 12/1000 | classify: 3.3687 | total: 3.3687
[New] Epoch 13/1000 | classify: 3.2720 | total: 3.2720
[New] Epoch 14/1000 | classify: 3.4801 | total: 3.4801
[New] Epoch 15/1000 | classify: 3.0733 | total: 3.0733
[New] Epoch 16/1000 | classify: 3.1234 | total: 3.1234
[New] Epoch 17/1000 | classify: 2.9997 | total: 2.9997
[New] Epoch 18/1000 | classify: 3.2167 | total: 3.2167
[New] Epoch 19/1000 | classify: 2.9633 | total: 2.9633
[New] Epoch 20/1000 | classify: 3.0697 | total: 3.0697
--- 验证集 [epoch 20] ---
  准确率 (Accuracy):  0.6438
  精确率 (Precision): 0.2466
  召回率 (Recall):    0.3711
  F1 分数 (F1):       0.2896
✅ 模型已保存到 /home/kudouzala/Application/ion_detect/output/trained_model_save/exp_new_c/trained_model_epoch_best.pth
  🏆 新最佳 F1=0.2896，已保存 best 模型
[New] Epoch 21/1000 | classify: 3.0496 | total: 3.0496
[New] Epoch 22/1000 | classify: 3.1886 | total: 3.1886
[New] Epoch 23/1000 | classify: 2.9761 | total: 2.9761
[New] Epoch 24/1000 | classify: 2.9719 | total: 2.9719
[New] Epoch 25/1000 | classify: 3.2065 | total: 3.2065
[New] Epoch 26/1000 | classify: 2.7157 | total: 2.7157
[New] Epoch 27/1000 | classify: 2.8694 | total: 2.8694
[New] Epoch 28/1000 | classify: 2.7123 | total: 2.7123
[New] Epoch 29/1000 | classify: 2.8227 | total: 2.8227
[New] Epoch 30/1000 | classify: 2.7920 | total: 2.7920
--- 验证集 [epoch 30] ---
  准确率 (Accuracy):  0.6370
  精确率 (Precision): 0.4034
  召回率 (Recall):    0.4187
  F1 分数 (F1):       0.3717
✅ 模型已保存到 /home/kudouzala/Application/ion_detect/output/trained_model_save/exp_new_c/trained_model_epoch_best.pth
  🏆 新最佳 F1=0.3717，已保存 best 模型
[New] Epoch 31/1000 | classify: 2.8417 | total: 2.8417
[New] Epoch 32/1000 | classify: 2.9086 | total: 2.9086
[New] Epoch 33/1000 | classify: 3.2071 | total: 3.2071
[New] Epoch 34/1000 | classify: 2.8742 | total: 2.8742
[New] Epoch 35/1000 | classify: 2.9560 | total: 2.9560
[New] Epoch 36/1000 | classify: 2.6553 | total: 2.6553
[New] Epoch 37/1000 | classify: 2.6462 | total: 2.6462
[New] Epoch 38/1000 | classify: 2.7627 | total: 2.7627
[New] Epoch 39/1000 | classify: 2.8300 | total: 2.8300
[New] Epoch 40/1000 | classify: 2.8197 | total: 2.8197
--- 验证集 [epoch 40] ---
  准确率 (Accuracy):  0.6233
  精确率 (Precision): 0.3306
  召回率 (Recall):    0.3881
  F1 分数 (F1):       0.3488
[New] Epoch 41/1000 | classify: 2.9183 | total: 2.9183
[New] Epoch 42/1000 | classify: 2.8192 | total: 2.8192
[New] Epoch 43/1000 | classify: 2.5984 | total: 2.5984
[New] Epoch 44/1000 | classify: 2.7762 | total: 2.7762
[New] Epoch 45/1000 | classify: 2.6160 | total: 2.6160
[New] Epoch 46/1000 | classify: 2.4432 | total: 2.4432
[New] Epoch 47/1000 | classify: 2.4859 | total: 2.4859
[New] Epoch 48/1000 | classify: 2.3368 | total: 2.3368
[New] Epoch 49/1000 | classify: 2.4154 | total: 2.4154
[New] Epoch 50/1000 | classify: 2.4430 | total: 2.4430
--- 验证集 [epoch 50] ---
  准确率 (Accuracy):  0.6986
  精确率 (Precision): 0.4755
  召回率 (Recall):    0.5080
  F1 分数 (F1):       0.4761
✅ 模型已保存到 /home/kudouzala/Application/ion_detect/output/trained_model_save/exp_new_c/trained_model_epoch_best.pth
  🏆 新最佳 F1=0.4761，已保存 best 模型
✅ 模型已保存到 /home/kudouzala/Application/ion_detect/output/trained_model_save/exp_new_c/trained_model_epoch_50.pth
📁 损失值已保存到 /home/kudouzala/Application/ion_detect/output/trained_model_save/exp_new_c/training_loss_epoch_50.csv
[New] Epoch 51/1000 | classify: 2.3007 | total: 2.3007
[New] Epoch 52/1000 | classify: 2.3644 | total: 2.3644
[New] Epoch 53/1000 | classify: 2.3086 | total: 2.3086
[New] Epoch 54/1000 | classify: 2.1043 | total: 2.1043
[New] Epoch 55/1000 | classify: 2.1131 | total: 2.1131
[New] Epoch 56/1000 | classify: 2.1800 | total: 2.1800
[New] Epoch 57/1000 | classify: 2.1097 | total: 2.1097
[New] Epoch 58/1000 | classify: 2.1234 | total: 2.1234
[New] Epoch 59/1000 | classify: 2.3086 | total: 2.3086
[New] Epoch 60/1000 | classify: 1.9515 | total: 1.9515
--- 验证集 [epoch 60] ---
  准确率 (Accuracy):  0.7397
  精确率 (Precision): 0.6489
  召回率 (Recall):    0.5922
  F1 分数 (F1):       0.5817
✅ 模型已保存到 /home/kudouzala/Application/ion_detect/output/trained_model_save/exp_new_c/trained_model_epoch_best.pth
  🏆 新最佳 F1=0.5817，已保存 best 模型
[New] Epoch 61/1000 | classify: 1.9849 | total: 1.9849
[New] Epoch 62/1000 | classify: 1.7701 | total: 1.7701
[New] Epoch 63/1000 | classify: 1.8116 | total: 1.8116
[New] Epoch 64/1000 | classify: 1.9758 | total: 1.9758
[New] Epoch 65/1000 | classify: 1.8331 | total: 1.8331
[New] Epoch 66/1000 | classify: 1.7269 | total: 1.7269
[New] Epoch 67/1000 | classify: 1.7757 | total: 1.7757
[New] Epoch 68/1000 | classify: 1.8522 | total: 1.8522
[New] Epoch 69/1000 | classify: 1.7194 | total: 1.7194
[New] Epoch 70/1000 | classify: 1.8091 | total: 1.8091
--- 验证集 [epoch 70] ---
  准确率 (Accuracy):  0.7329
  精确率 (Precision): 0.7006
  召回率 (Recall):    0.5767
  F1 分数 (F1):       0.5851
✅ 模型已保存到 /home/kudouzala/Application/ion_detect/output/trained_model_save/exp_new_c/trained_model_epoch_best.pth
  🏆 新最佳 F1=0.5851，已保存 best 模型
[New] Epoch 71/1000 | classify: 1.6674 | total: 1.6674
[New] Epoch 72/1000 | classify: 1.5844 | total: 1.5844
[New] Epoch 73/1000 | classify: 1.7515 | total: 1.7515
[New] Epoch 74/1000 | classify: 1.7093 | total: 1.7093
[New] Epoch 75/1000 | classify: 1.5931 | total: 1.5931
[New] Epoch 76/1000 | classify: 1.5049 | total: 1.5049
[New] Epoch 77/1000 | classify: 1.4143 | total: 1.4143
[New] Epoch 78/1000 | classify: 1.4614 | total: 1.4614
[New] Epoch 79/1000 | classify: 1.4622 | total: 1.4622
[New] Epoch 80/1000 | classify: 1.4565 | total: 1.4565
--- 验证集 [epoch 80] ---
  准确率 (Accuracy):  0.7260
  精确率 (Precision): 0.6415
  召回率 (Recall):    0.5754
  F1 分数 (F1):       0.5834
[New] Epoch 81/1000 | classify: 1.5235 | total: 1.5235
[New] Epoch 82/1000 | classify: 1.5927 | total: 1.5927
[New] Epoch 83/1000 | classify: 1.4443 | total: 1.4443
[New] Epoch 84/1000 | classify: 1.3458 | total: 1.3458
[New] Epoch 85/1000 | classify: 1.4386 | total: 1.4386
[New] Epoch 86/1000 | classify: 1.3056 | total: 1.3056
[New] Epoch 87/1000 | classify: 1.1946 | total: 1.1946
[New] Epoch 88/1000 | classify: 1.4262 | total: 1.4262
[New] Epoch 89/1000 | classify: 1.2806 | total: 1.2806
[New] Epoch 90/1000 | classify: 1.3348 | total: 1.3348
--- 验证集 [epoch 90] ---
  准确率 (Accuracy):  0.7534
  精确率 (Precision): 0.6548
  召回率 (Recall):    0.6167
  F1 分数 (F1):       0.6169
✅ 模型已保存到 /home/kudouzala/Application/ion_detect/output/trained_model_save/exp_new_c/trained_model_epoch_best.pth
  🏆 新最佳 F1=0.6169，已保存 best 模型
[New] Epoch 91/1000 | classify: 1.2324 | total: 1.2324
[New] Epoch 92/1000 | classify: 1.2653 | total: 1.2653
[New] Epoch 93/1000 | classify: 1.3144 | total: 1.3144
[New] Epoch 94/1000 | classify: 1.1587 | total: 1.1587
[New] Epoch 95/1000 | classify: 1.3499 | total: 1.3499
[New] Epoch 96/1000 | classify: 1.3430 | total: 1.3430
[New] Epoch 97/1000 | classify: 1.2534 | total: 1.2534
[New] Epoch 98/1000 | classify: 1.3527 | total: 1.3527
[New] Epoch 99/1000 | classify: 1.1033 | total: 1.1033
[New] Epoch 100/1000 | classify: 1.3356 | total: 1.3356
--- 验证集 [epoch 100] ---
  准确率 (Accuracy):  0.7329
  精确率 (Precision): 0.6604
  召回率 (Recall):    0.6287
  F1 分数 (F1):       0.6227
✅ 模型已保存到 /home/kudouzala/Application/ion_detect/output/trained_model_save/exp_new_c/trained_model_epoch_best.pth
  🏆 新最佳 F1=0.6227，已保存 best 模型
✅ 模型已保存到 /home/kudouzala/Application/ion_detect/output/trained_model_save/exp_new_c/trained_model_epoch_100.pth
📁 损失值已保存到 /home/kudouzala/Application/ion_detect/output/trained_model_save/exp_new_c/training_loss_epoch_100.csv
[New] Epoch 101/1000 | classify: 1.1561 | total: 1.1561
[New] Epoch 102/1000 | classify: 1.2230 | total: 1.2230
[New] Epoch 103/1000 | classify: 1.1605 | total: 1.1605
[New] Epoch 104/1000 | classify: 1.2335 | total: 1.2335
[New] Epoch 105/1000 | classify: 1.2093 | total: 1.2093
[New] Epoch 106/1000 | classify: 1.1661 | total: 1.1661
[New] Epoch 107/1000 | classify: 1.2775 | total: 1.2775
[New] Epoch 108/1000 | classify: 1.2540 | total: 1.2540
[New] Epoch 109/1000 | classify: 1.2174 | total: 1.2174
[New] Epoch 110/1000 | classify: 0.9468 | total: 0.9468
--- 验证集 [epoch 110] ---
  准确率 (Accuracy):  0.7260
  精确率 (Precision): 0.6151
  召回率 (Recall):    0.5609
  F1 分数 (F1):       0.5710
[New] Epoch 111/1000 | classify: 1.4115 | total: 1.4115
[New] Epoch 112/1000 | classify: 1.1517 | total: 1.1517
[New] Epoch 113/1000 | classify: 0.9950 | total: 0.9950
[New] Epoch 114/1000 | classify: 1.2221 | total: 1.2221
[New] Epoch 115/1000 | classify: 1.2380 | total: 1.2380
[New] Epoch 116/1000 | classify: 1.2081 | total: 1.2081
[New] Epoch 117/1000 | classify: 1.2097 | total: 1.2097
[New] Epoch 118/1000 | classify: 1.0648 | total: 1.0648
[New] Epoch 119/1000 | classify: 1.1227 | total: 1.1227
[New] Epoch 120/1000 | classify: 1.0928 | total: 1.0928
--- 验证集 [epoch 120] ---
  准确率 (Accuracy):  0.7329
  精确率 (Precision): 0.6813
  召回率 (Recall):    0.6056
  F1 分数 (F1):       0.6198
[New] Epoch 121/1000 | classify: 1.1811 | total: 1.1811
[New] Epoch 122/1000 | classify: 1.1200 | total: 1.1200
[New] Epoch 123/1000 | classify: 1.1431 | total: 1.1431
[New] Epoch 124/1000 | classify: 1.2738 | total: 1.2738
[New] Epoch 125/1000 | classify: 1.1376 | total: 1.1376
[New] Epoch 126/1000 | classify: 0.9879 | total: 0.9879
[New] Epoch 127/1000 | classify: 1.1004 | total: 1.1004
[New] Epoch 128/1000 | classify: 0.9443 | total: 0.9443
[New] Epoch 129/1000 | classify: 1.0893 | total: 1.0893
[New] Epoch 130/1000 | classify: 1.0618 | total: 1.0618
--- 验证集 [epoch 130] ---
  准确率 (Accuracy):  0.7671
  精确率 (Precision): 0.6496
  召回率 (Recall):    0.6420
  F1 分数 (F1):       0.6377
✅ 模型已保存到 /home/kudouzala/Application/ion_detect/output/trained_model_save/exp_new_c/trained_model_epoch_best.pth
  🏆 新最佳 F1=0.6377，已保存 best 模型
[New] Epoch 131/1000 | classify: 1.0248 | total: 1.0248
[New] Epoch 132/1000 | classify: 1.2086 | total: 1.2086
[New] Epoch 133/1000 | classify: 1.0992 | total: 1.0992
[New] Epoch 134/1000 | classify: 0.9967 | total: 0.9967
[New] Epoch 135/1000 | classify: 0.9935 | total: 0.9935
[New] Epoch 136/1000 | classify: 1.1144 | total: 1.1144
[New] Epoch 137/1000 | classify: 1.1707 | total: 1.1707
[New] Epoch 138/1000 | classify: 1.1074 | total: 1.1074
[New] Epoch 139/1000 | classify: 1.1681 | total: 1.1681
[New] Epoch 140/1000 | classify: 1.1373 | total: 1.1373
--- 验证集 [epoch 140] ---
  准确率 (Accuracy):  0.7603
  精确率 (Precision): 0.6481
  召回率 (Recall):    0.6498
  F1 分数 (F1):       0.6464
✅ 模型已保存到 /home/kudouzala/Application/ion_detect/output/trained_model_save/exp_new_c/trained_model_epoch_best.pth
  🏆 新最佳 F1=0.6464，已保存 best 模型
[New] Epoch 141/1000 | classify: 0.9912 | total: 0.9912
[New] Epoch 142/1000 | classify: 0.9266 | total: 0.9266
[New] Epoch 143/1000 | classify: 1.0471 | total: 1.0471
[New] Epoch 144/1000 | classify: 1.0735 | total: 1.0735
[New] Epoch 145/1000 | classify: 1.0220 | total: 1.0220
[New] Epoch 146/1000 | classify: 1.1104 | total: 1.1104
[New] Epoch 147/1000 | classify: 1.2159 | total: 1.2159
[New] Epoch 148/1000 | classify: 1.2167 | total: 1.2167
[New] Epoch 149/1000 | classify: 0.9746 | total: 0.9746
[New] Epoch 150/1000 | classify: 1.0917 | total: 1.0917
--- 验证集 [epoch 150] ---
  准确率 (Accuracy):  0.7534
  精确率 (Precision): 0.6615
  召回率 (Recall):    0.6122
  F1 分数 (F1):       0.6226
✅ 模型已保存到 /home/kudouzala/Application/ion_detect/output/trained_model_save/exp_new_c/trained_model_epoch_150.pth
📁 损失值已保存到 /home/kudouzala/Application/ion_detect/output/trained_model_save/exp_new_c/training_loss_epoch_150.csv
[New] Epoch 151/1000 | classify: 1.0241 | total: 1.0241
[New] Epoch 152/1000 | classify: 0.8723 | total: 0.8723
[New] Epoch 153/1000 | classify: 0.9549 | total: 0.9549
[New] Epoch 154/1000 | classify: 1.0869 | total: 1.0869
[New] Epoch 155/1000 | classify: 1.0274 | total: 1.0274
[New] Epoch 156/1000 | classify: 1.0306 | total: 1.0306
[New] Epoch 157/1000 | classify: 1.0159 | total: 1.0159
[New] Epoch 158/1000 | classify: 0.9263 | total: 0.9263
[New] Epoch 159/1000 | classify: 1.1067 | total: 1.1067
[New] Epoch 160/1000 | classify: 1.0296 | total: 1.0296
--- 验证集 [epoch 160] ---
  准确率 (Accuracy):  0.7671
  精确率 (Precision): 0.6535
  召回率 (Recall):    0.6251
  F1 分数 (F1):       0.6356
[New] Epoch 161/1000 | classify: 1.1699 | total: 1.1699
[New] Epoch 162/1000 | classify: 0.8634 | total: 0.8634
[New] Epoch 163/1000 | classify: 1.0050 | total: 1.0050
[New] Epoch 164/1000 | classify: 1.1167 | total: 1.1167
[New] Epoch 165/1000 | classify: 1.0377 | total: 1.0377
[New] Epoch 166/1000 | classify: 0.8861 | total: 0.8861
[New] Epoch 167/1000 | classify: 1.0988 | total: 1.0988
[New] Epoch 168/1000 | classify: 0.9282 | total: 0.9282
[New] Epoch 169/1000 | classify: 0.9816 | total: 0.9816
[New] Epoch 170/1000 | classify: 0.9717 | total: 0.9717
--- 验证集 [epoch 170] ---
  准确率 (Accuracy):  0.7877
  精确率 (Precision): 0.6812
  召回率 (Recall):    0.6530
  F1 分数 (F1):       0.6621
✅ 模型已保存到 /home/kudouzala/Application/ion_detect/output/trained_model_save/exp_new_c/trained_model_epoch_best.pth
  🏆 新最佳 F1=0.6621，已保存 best 模型
[New] Epoch 171/1000 | classify: 0.9853 | total: 0.9853
[New] Epoch 172/1000 | classify: 0.7902 | total: 0.7902
[New] Epoch 173/1000 | classify: 1.1146 | total: 1.1146
[New] Epoch 174/1000 | classify: 0.9935 | total: 0.9935
[New] Epoch 175/1000 | classify: 0.8692 | total: 0.8692
[New] Epoch 176/1000 | classify: 0.9948 | total: 0.9948
[New] Epoch 177/1000 | classify: 0.8931 | total: 0.8931
[New] Epoch 178/1000 | classify: 0.9859 | total: 0.9859
[New] Epoch 179/1000 | classify: 1.2103 | total: 1.2103
[New] Epoch 180/1000 | classify: 0.8292 | total: 0.8292
--- 验证集 [epoch 180] ---
  准确率 (Accuracy):  0.7740
  精确率 (Precision): 0.7170
  召回率 (Recall):    0.6221
  F1 分数 (F1):       0.6518
[New] Epoch 181/1000 | classify: 0.9029 | total: 0.9029
[New] Epoch 182/1000 | classify: 0.8448 | total: 0.8448
[New] Epoch 183/1000 | classify: 0.9120 | total: 0.9120
[New] Epoch 184/1000 | classify: 1.1479 | total: 1.1479
[New] Epoch 185/1000 | classify: 0.8591 | total: 0.8591
[New] Epoch 186/1000 | classify: 0.8375 | total: 0.8375
[New] Epoch 187/1000 | classify: 1.1747 | total: 1.1747
[New] Epoch 188/1000 | classify: 0.7938 | total: 0.7938
[New] Epoch 189/1000 | classify: 0.9442 | total: 0.9442
[New] Epoch 190/1000 | classify: 1.0846 | total: 1.0846
--- 验证集 [epoch 190] ---
  准确率 (Accuracy):  0.6096
  精确率 (Precision): 0.5647
  召回率 (Recall):    0.5801
  F1 分数 (F1):       0.5266
[New] Epoch 191/1000 | classify: 0.8907 | total: 0.8907
[New] Epoch 192/1000 | classify: 0.9041 | total: 0.9041
[New] Epoch 193/1000 | classify: 0.9897 | total: 0.9897
[New] Epoch 194/1000 | classify: 0.9539 | total: 0.9539
[New] Epoch 195/1000 | classify: 0.9062 | total: 0.9062
[New] Epoch 196/1000 | classify: 0.9269 | total: 0.9269
[New] Epoch 197/1000 | classify: 0.8098 | total: 0.8098
[New] Epoch 198/1000 | classify: 0.8571 | total: 0.8571
[New] Epoch 199/1000 | classify: 0.9550 | total: 0.9550
[New] Epoch 200/1000 | classify: 0.8306 | total: 0.8306
--- 验证集 [epoch 200] ---
  准确率 (Accuracy):  0.7671
  精确率 (Precision): 0.6893
  召回率 (Recall):    0.6129
  F1 分数 (F1):       0.6268
✅ 模型已保存到 /home/kudouzala/Application/ion_detect/output/trained_model_save/exp_new_c/trained_model_epoch_200.pth
📁 损失值已保存到 /home/kudouzala/Application/ion_detect/output/trained_model_save/exp_new_c/training_loss_epoch_200.csv
[New] Epoch 201/1000 | classify: 0.8842 | total: 0.8842
[New] Epoch 202/1000 | classify: 0.8202 | total: 0.8202
[New] Epoch 203/1000 | classify: 0.9869 | total: 0.9869
[New] Epoch 204/1000 | classify: 0.7535 | total: 0.7535
[New] Epoch 205/1000 | classify: 1.0843 | total: 1.0843
[New] Epoch 206/1000 | classify: 1.0074 | total: 1.0074
[New] Epoch 207/1000 | classify: 0.9485 | total: 0.9485
[New] Epoch 208/1000 | classify: 0.8099 | total: 0.8099
[New] Epoch 209/1000 | classify: 0.8429 | total: 0.8429
[New] Epoch 210/1000 | classify: 1.1067 | total: 1.1067
--- 验证集 [epoch 210] ---
  准确率 (Accuracy):  0.7534
  精确率 (Precision): 0.6925
  召回率 (Recall):    0.6657
  F1 分数 (F1):       0.6650
✅ 模型已保存到 /home/kudouzala/Application/ion_detect/output/trained_model_save/exp_new_c/trained_model_epoch_best.pth
  🏆 新最佳 F1=0.6650，已保存 best 模型
[New] Epoch 211/1000 | classify: 0.9691 | total: 0.9691
[New] Epoch 212/1000 | classify: 0.8615 | total: 0.8615
[New] Epoch 213/1000 | classify: 0.7718 | total: 0.7718
[New] Epoch 214/1000 | classify: 0.8605 | total: 0.8605
[New] Epoch 215/1000 | classify: 0.9062 | total: 0.9062
[New] Epoch 216/1000 | classify: 0.8726 | total: 0.8726
[New] Epoch 217/1000 | classify: 0.9312 | total: 0.9312
[New] Epoch 218/1000 | classify: 0.7482 | total: 0.7482
[New] Epoch 219/1000 | classify: 0.9160 | total: 0.9160
[New] Epoch 220/1000 | classify: 0.7979 | total: 0.7979
--- 验证集 [epoch 220] ---
  准确率 (Accuracy):  0.8014
  精确率 (Precision): 0.6997
  召回率 (Recall):    0.6938
  F1 分数 (F1):       0.6932
✅ 模型已保存到 /home/kudouzala/Application/ion_detect/output/trained_model_save/exp_new_c/trained_model_epoch_best.pth
  🏆 新最佳 F1=0.6932，已保存 best 模型
[New] Epoch 221/1000 | classify: 0.9004 | total: 0.9004
[New] Epoch 222/1000 | classify: 0.6561 | total: 0.6561
[New] Epoch 223/1000 | classify: 0.8746 | total: 0.8746
[New] Epoch 224/1000 | classify: 1.0125 | total: 1.0125
[New] Epoch 225/1000 | classify: 0.8910 | total: 0.8910
[New] Epoch 226/1000 | classify: 0.7823 | total: 0.7823
[New] Epoch 227/1000 | classify: 0.8478 | total: 0.8478
[New] Epoch 228/1000 | classify: 0.9184 | total: 0.9184
[New] Epoch 229/1000 | classify: 0.8223 | total: 0.8223
[New] Epoch 230/1000 | classify: 0.8107 | total: 0.8107
--- 验证集 [epoch 230] ---
  准确率 (Accuracy):  0.7945
  精确率 (Precision): 0.7019
  召回率 (Recall):    0.7015
  F1 分数 (F1):       0.7005
✅ 模型已保存到 /home/kudouzala/Application/ion_detect/output/trained_model_save/exp_new_c/trained_model_epoch_best.pth
  🏆 新最佳 F1=0.7005，已保存 best 模型
[New] Epoch 231/1000 | classify: 0.6381 | total: 0.6381
[New] Epoch 232/1000 | classify: 0.9313 | total: 0.9313
[New] Epoch 233/1000 | classify: 0.9378 | total: 0.9378
[New] Epoch 234/1000 | classify: 0.7296 | total: 0.7296
[New] Epoch 235/1000 | classify: 0.9615 | total: 0.9615
[New] Epoch 236/1000 | classify: 0.9848 | total: 0.9848
[New] Epoch 237/1000 | classify: 0.7326 | total: 0.7326
[New] Epoch 238/1000 | classify: 0.8892 | total: 0.8892
[New] Epoch 239/1000 | classify: 0.9149 | total: 0.9149
[New] Epoch 240/1000 | classify: 0.7867 | total: 0.7867
--- 验证集 [epoch 240] ---
  准确率 (Accuracy):  0.7603
  精确率 (Precision): 0.6516
  召回率 (Recall):    0.6022
  F1 分数 (F1):       0.6177
[New] Epoch 241/1000 | classify: 0.9027 | total: 0.9027
[New] Epoch 242/1000 | classify: 0.9664 | total: 0.9664
[New] Epoch 243/1000 | classify: 0.7549 | total: 0.7549
[New] Epoch 244/1000 | classify: 0.8557 | total: 0.8557
[New] Epoch 245/1000 | classify: 0.9179 | total: 0.9179
[New] Epoch 246/1000 | classify: 0.8802 | total: 0.8802
[New] Epoch 247/1000 | classify: 0.6876 | total: 0.6876
[New] Epoch 248/1000 | classify: 0.9352 | total: 0.9352
[New] Epoch 249/1000 | classify: 0.9191 | total: 0.9191
[New] Epoch 250/1000 | classify: 0.8223 | total: 0.8223
--- 验证集 [epoch 250] ---
  准确率 (Accuracy):  0.7740
  精确率 (Precision): 0.6990
  召回率 (Recall):    0.6648
  F1 分数 (F1):       0.6686
✅ 模型已保存到 /home/kudouzala/Application/ion_detect/output/trained_model_save/exp_new_c/trained_model_epoch_250.pth
📁 损失值已保存到 /home/kudouzala/Application/ion_detect/output/trained_model_save/exp_new_c/training_loss_epoch_250.csv
[New] Epoch 251/1000 | classify: 0.6195 | total: 0.6195
[New] Epoch 252/1000 | classify: 0.7907 | total: 0.7907
[New] Epoch 253/1000 | classify: 0.7674 | total: 0.7674
[New] Epoch 254/1000 | classify: 0.7998 | total: 0.7998
[New] Epoch 255/1000 | classify: 0.8584 | total: 0.8584
[New] Epoch 256/1000 | classify: 0.8381 | total: 0.8381
[New] Epoch 257/1000 | classify: 0.8830 | total: 0.8830
[New] Epoch 258/1000 | classify: 0.7324 | total: 0.7324
[New] Epoch 259/1000 | classify: 0.8099 | total: 0.8099
[New] Epoch 260/1000 | classify: 0.7526 | total: 0.7526
--- 验证集 [epoch 260] ---
  准确率 (Accuracy):  0.7877
  精确率 (Precision): 0.6706
  召回率 (Recall):    0.6459
  F1 分数 (F1):       0.6540
[New] Epoch 261/1000 | classify: 0.6958 | total: 0.6958
[New] Epoch 262/1000 | classify: 0.7804 | total: 0.7804
[New] Epoch 263/1000 | classify: 0.9913 | total: 0.9913
[New] Epoch 264/1000 | classify: 0.7102 | total: 0.7102
[New] Epoch 265/1000 | classify: 0.8292 | total: 0.8292
[New] Epoch 266/1000 | classify: 0.7305 | total: 0.7305
[New] Epoch 267/1000 | classify: 0.8258 | total: 0.8258
[New] Epoch 268/1000 | classify: 0.8939 | total: 0.8939
[New] Epoch 269/1000 | classify: 0.8645 | total: 0.8645
[New] Epoch 270/1000 | classify: 0.8896 | total: 0.8896
--- 验证集 [epoch 270] ---
  准确率 (Accuracy):  0.6918
  精确率 (Precision): 0.6228
  召回率 (Recall):    0.6299
  F1 分数 (F1):       0.6019
[New] Epoch 271/1000 | classify: 0.8801 | total: 0.8801
[New] Epoch 272/1000 | classify: 0.8613 | total: 0.8613
[New] Epoch 273/1000 | classify: 0.7187 | total: 0.7187
[New] Epoch 274/1000 | classify: 0.9112 | total: 0.9112
[New] Epoch 275/1000 | classify: 0.8514 | total: 0.8514
[New] Epoch 276/1000 | classify: 0.9259 | total: 0.9259
[New] Epoch 277/1000 | classify: 0.8384 | total: 0.8384
[New] Epoch 278/1000 | classify: 0.6431 | total: 0.6431
[New] Epoch 279/1000 | classify: 1.0780 | total: 1.0780
[New] Epoch 280/1000 | classify: 0.8052 | total: 0.8052
--- 验证集 [epoch 280] ---
  准确率 (Accuracy):  0.7740
  精确率 (Precision): 0.6757
  召回率 (Recall):    0.6260
  F1 分数 (F1):       0.6412
[New] Epoch 281/1000 | classify: 0.8345 | total: 0.8345
[New] Epoch 282/1000 | classify: 0.8262 | total: 0.8262
[New] Epoch 283/1000 | classify: 0.9017 | total: 0.9017
[New] Epoch 284/1000 | classify: 0.6389 | total: 0.6389
[New] Epoch 285/1000 | classify: 0.7691 | total: 0.7691
[New] Epoch 286/1000 | classify: 0.8942 | total: 0.8942
[New] Epoch 287/1000 | classify: 0.7452 | total: 0.7452
[New] Epoch 288/1000 | classify: 0.7627 | total: 0.7627
[New] Epoch 289/1000 | classify: 0.9100 | total: 0.9100
[New] Epoch 290/1000 | classify: 0.8633 | total: 0.8633
--- 验证集 [epoch 290] ---
  准确率 (Accuracy):  0.7945
  精确率 (Precision): 0.6941
  召回率 (Recall):    0.6993
  F1 分数 (F1):       0.6923
[New] Epoch 291/1000 | classify: 0.8109 | total: 0.8109
[New] Epoch 292/1000 | classify: 0.8041 | total: 0.8041
[New] Epoch 293/1000 | classify: 0.8258 | total: 0.8258
[New] Epoch 294/1000 | classify: 0.8059 | total: 0.8059
[New] Epoch 295/1000 | classify: 0.7827 | total: 0.7827
[New] Epoch 296/1000 | classify: 0.6662 | total: 0.6662
[New] Epoch 297/1000 | classify: 0.8671 | total: 0.8671
[New] Epoch 298/1000 | classify: 0.6769 | total: 0.6769
[New] Epoch 299/1000 | classify: 0.7611 | total: 0.7611
[New] Epoch 300/1000 | classify: 0.8065 | total: 0.8065
--- 验证集 [epoch 300] ---
  准确率 (Accuracy):  0.7671
  精确率 (Precision): 0.7382
  召回率 (Recall):    0.6694
  F1 分数 (F1):       0.6762
✅ 模型已保存到 /home/kudouzala/Application/ion_detect/output/trained_model_save/exp_new_c/trained_model_epoch_300.pth
📁 损失值已保存到 /home/kudouzala/Application/ion_detect/output/trained_model_save/exp_new_c/training_loss_epoch_300.csv
[New] Epoch 301/1000 | classify: 0.7397 | total: 0.7397
[New] Epoch 302/1000 | classify: 0.6186 | total: 0.6186
[New] Epoch 303/1000 | classify: 0.7244 | total: 0.7244
[New] Epoch 304/1000 | classify: 1.0302 | total: 1.0302
[New] Epoch 305/1000 | classify: 0.7238 | total: 0.7238
[New] Epoch 306/1000 | classify: 0.9062 | total: 0.9062
[New] Epoch 307/1000 | classify: 0.7117 | total: 0.7117
[New] Epoch 308/1000 | classify: 0.7630 | total: 0.7630
[New] Epoch 309/1000 | classify: 0.7127 | total: 0.7127
[New] Epoch 310/1000 | classify: 0.7744 | total: 0.7744
--- 验证集 [epoch 310] ---
  准确率 (Accuracy):  0.7740
  精确率 (Precision): 0.6702
  召回率 (Recall):    0.6291
  F1 分数 (F1):       0.6446
[New] Epoch 311/1000 | classify: 0.8663 | total: 0.8663
[New] Epoch 312/1000 | classify: 0.7921 | total: 0.7921
[New] Epoch 313/1000 | classify: 0.6979 | total: 0.6979
[New] Epoch 314/1000 | classify: 1.0166 | total: 1.0166
[New] Epoch 315/1000 | classify: 0.8488 | total: 0.8488
[New] Epoch 316/1000 | classify: 1.0682 | total: 1.0682
[New] Epoch 317/1000 | classify: 0.7744 | total: 0.7744
[New] Epoch 318/1000 | classify: 0.8002 | total: 0.8002
[New] Epoch 319/1000 | classify: 0.7029 | total: 0.7029
[New] Epoch 320/1000 | classify: 0.8727 | total: 0.8727
--- 验证集 [epoch 320] ---
  准确率 (Accuracy):  0.7945
  精确率 (Precision): 0.7032
  召回率 (Recall):    0.6637
  F1 分数 (F1):       0.6806
[New] Epoch 321/1000 | classify: 0.8277 | total: 0.8277
[New] Epoch 322/1000 | classify: 0.7759 | total: 0.7759
[New] Epoch 323/1000 | classify: 0.8831 | total: 0.8831
[New] Epoch 324/1000 | classify: 0.9708 | total: 0.9708
[New] Epoch 325/1000 | classify: 0.8433 | total: 0.8433
[New] Epoch 326/1000 | classify: 0.8368 | total: 0.8368
[New] Epoch 327/1000 | classify: 0.7317 | total: 0.7317
[New] Epoch 328/1000 | classify: 0.8107 | total: 0.8107
[New] Epoch 329/1000 | classify: 0.7340 | total: 0.7340
[New] Epoch 330/1000 | classify: 0.7570 | total: 0.7570
--- 验证集 [epoch 330] ---
  准确率 (Accuracy):  0.7808
  精确率 (Precision): 0.6742
  召回率 (Recall):    0.6924
  F1 分数 (F1):       0.6721
[New] Epoch 331/1000 | classify: 0.8950 | total: 0.8950
[New] Epoch 332/1000 | classify: 0.6478 | total: 0.6478
[New] Epoch 333/1000 | classify: 0.8374 | total: 0.8374
[New] Epoch 334/1000 | classify: 0.9077 | total: 0.9077
[New] Epoch 335/1000 | classify: 0.9485 | total: 0.9485
[New] Epoch 336/1000 | classify: 0.9654 | total: 0.9654
[New] Epoch 337/1000 | classify: 0.8788 | total: 0.8788
[New] Epoch 338/1000 | classify: 0.8256 | total: 0.8256
[New] Epoch 339/1000 | classify: 0.8133 | total: 0.8133
[New] Epoch 340/1000 | classify: 0.8857 | total: 0.8857
--- 验证集 [epoch 340] ---
  准确率 (Accuracy):  0.7808
  精确率 (Precision): 0.6689
  召回率 (Recall):    0.6399
  F1 分数 (F1):       0.6514
[New] Epoch 341/1000 | classify: 0.8622 | total: 0.8622
[New] Epoch 342/1000 | classify: 0.8668 | total: 0.8668
[New] Epoch 343/1000 | classify: 0.8583 | total: 0.8583
[New] Epoch 344/1000 | classify: 0.7394 | total: 0.7394
[New] Epoch 345/1000 | classify: 0.8507 | total: 0.8507
[New] Epoch 346/1000 | classify: 0.7283 | total: 0.7283
[New] Epoch 347/1000 | classify: 0.5313 | total: 0.5313
[New] Epoch 348/1000 | classify: 0.8903 | total: 0.8903
[New] Epoch 349/1000 | classify: 0.8415 | total: 0.8415
[New] Epoch 350/1000 | classify: 0.7618 | total: 0.7618
--- 验证集 [epoch 350] ---
  准确率 (Accuracy):  0.8014
  精确率 (Precision): 0.7351
  召回率 (Recall):    0.6670
  F1 分数 (F1):       0.6874
✅ 模型已保存到 /home/kudouzala/Application/ion_detect/output/trained_model_save/exp_new_c/trained_model_epoch_350.pth
📁 损失值已保存到 /home/kudouzala/Application/ion_detect/output/trained_model_save/exp_new_c/training_loss_epoch_350.csv
[New] Epoch 351/1000 | classify: 0.6658 | total: 0.6658
[New] Epoch 352/1000 | classify: 0.9197 | total: 0.9197
[New] Epoch 353/1000 | classify: 0.7666 | total: 0.7666
[New] Epoch 354/1000 | classify: 0.8255 | total: 0.8255
[New] Epoch 355/1000 | classify: 0.8948 | total: 0.8948
[New] Epoch 356/1000 | classify: 0.6827 | total: 0.6827
[New] Epoch 357/1000 | classify: 0.6884 | total: 0.6884
[New] Epoch 358/1000 | classify: 0.7929 | total: 0.7929
[New] Epoch 359/1000 | classify: 0.8977 | total: 0.8977
[New] Epoch 360/1000 | classify: 0.7190 | total: 0.7190
--- 验证集 [epoch 360] ---
  准确率 (Accuracy):  0.7740
  精确率 (Precision): 0.6896
  召回率 (Recall):    0.6726
  F1 分数 (F1):       0.6702
[New] Epoch 361/1000 | classify: 0.8133 | total: 0.8133
[New] Epoch 362/1000 | classify: 0.8027 | total: 0.8027
[New] Epoch 363/1000 | classify: 0.7367 | total: 0.7367
[New] Epoch 364/1000 | classify: 0.7314 | total: 0.7314
[New] Epoch 365/1000 | classify: 0.6031 | total: 0.6031
[New] Epoch 366/1000 | classify: 0.9645 | total: 0.9645
[New] Epoch 367/1000 | classify: 0.7637 | total: 0.7637
[New] Epoch 368/1000 | classify: 0.8745 | total: 0.8745
[New] Epoch 369/1000 | classify: 0.7037 | total: 0.7037
[New] Epoch 370/1000 | classify: 0.6086 | total: 0.6086
--- 验证集 [epoch 370] ---
  准确率 (Accuracy):  0.7877
  精确率 (Precision): 0.7032
  召回率 (Recall):    0.6716
  F1 分数 (F1):       0.6849
[New] Epoch 371/1000 | classify: 0.7816 | total: 0.7816
[New] Epoch 372/1000 | classify: 0.8172 | total: 0.8172
[New] Epoch 373/1000 | classify: 0.7087 | total: 0.7087
[New] Epoch 374/1000 | classify: 0.7730 | total: 0.7730
[New] Epoch 375/1000 | classify: 0.7135 | total: 0.7135
[New] Epoch 376/1000 | classify: 0.7514 | total: 0.7514
[New] Epoch 377/1000 | classify: 0.7758 | total: 0.7758
[New] Epoch 378/1000 | classify: 0.8978 | total: 0.8978
[New] Epoch 379/1000 | classify: 0.6738 | total: 0.6738
[New] Epoch 380/1000 | classify: 0.7367 | total: 0.7367
--- 验证集 [epoch 380] ---
  准确率 (Accuracy):  0.7671
  精确率 (Precision): 0.7052
  召回率 (Recall):    0.6646
  F1 分数 (F1):       0.6661
[New] Epoch 381/1000 | classify: 0.5174 | total: 0.5174
[New] Epoch 382/1000 | classify: 0.8339 | total: 0.8339
[New] Epoch 383/1000 | classify: 0.8360 | total: 0.8360
[New] Epoch 384/1000 | classify: 0.7022 | total: 0.7022
[New] Epoch 385/1000 | classify: 0.7719 | total: 0.7719
[New] Epoch 386/1000 | classify: 0.7245 | total: 0.7245
[New] Epoch 387/1000 | classify: 0.8859 | total: 0.8859
[New] Epoch 388/1000 | classify: 0.8013 | total: 0.8013
[New] Epoch 389/1000 | classify: 0.6384 | total: 0.6384
[New] Epoch 390/1000 | classify: 0.7746 | total: 0.7746
--- 验证集 [epoch 390] ---
  准确率 (Accuracy):  0.8014
  精确率 (Precision): 0.7686
  召回率 (Recall):    0.7052
  F1 分数 (F1):       0.7156
✅ 模型已保存到 /home/kudouzala/Application/ion_detect/output/trained_model_save/exp_new_c/trained_model_epoch_best.pth
  🏆 新最佳 F1=0.7156，已保存 best 模型
[New] Epoch 391/1000 | classify: 0.7648 | total: 0.7648
[New] Epoch 392/1000 | classify: 0.8806 | total: 0.8806
[New] Epoch 393/1000 | classify: 0.7429 | total: 0.7429
[New] Epoch 394/1000 | classify: 0.8216 | total: 0.8216
[New] Epoch 395/1000 | classify: 0.7383 | total: 0.7383
[New] Epoch 396/1000 | classify: 0.8169 | total: 0.8169
[New] Epoch 397/1000 | classify: 0.7163 | total: 0.7163
[New] Epoch 398/1000 | classify: 0.7355 | total: 0.7355
[New] Epoch 399/1000 | classify: 0.8348 | total: 0.8348
[New] Epoch 400/1000 | classify: 0.8804 | total: 0.8804
--- 验证集 [epoch 400] ---
  准确率 (Accuracy):  0.7808
  精确率 (Precision): 0.6705
  召回率 (Recall):    0.6352
  F1 分数 (F1):       0.6398
✅ 模型已保存到 /home/kudouzala/Application/ion_detect/output/trained_model_save/exp_new_c/trained_model_epoch_400.pth
📁 损失值已保存到 /home/kudouzala/Application/ion_detect/output/trained_model_save/exp_new_c/training_loss_epoch_400.csv
[New] Epoch 401/1000 | classify: 0.7183 | total: 0.7183
[New] Epoch 402/1000 | classify: 0.8685 | total: 0.8685
[New] Epoch 403/1000 | classify: 0.8181 | total: 0.8181
[New] Epoch 404/1000 | classify: 0.7705 | total: 0.7705
[New] Epoch 405/1000 | classify: 0.7540 | total: 0.7540
[New] Epoch 406/1000 | classify: 0.7560 | total: 0.7560
[New] Epoch 407/1000 | classify: 0.7194 | total: 0.7194
[New] Epoch 408/1000 | classify: 0.7014 | total: 0.7014
[New] Epoch 409/1000 | classify: 0.8265 | total: 0.8265
[New] Epoch 410/1000 | classify: 0.5683 | total: 0.5683
--- 验证集 [epoch 410] ---
  准确率 (Accuracy):  0.8082
  精确率 (Precision): 0.7392
  召回率 (Recall):    0.7085
  F1 分数 (F1):       0.7142
[New] Epoch 411/1000 | classify: 0.6302 | total: 0.6302
[New] Epoch 412/1000 | classify: 0.8655 | total: 0.8655
[New] Epoch 413/1000 | classify: 0.7507 | total: 0.7507
[New] Epoch 414/1000 | classify: 0.7250 | total: 0.7250
[New] Epoch 415/1000 | classify: 0.8324 | total: 0.8324
[New] Epoch 416/1000 | classify: 0.6444 | total: 0.6444
[New] Epoch 417/1000 | classify: 0.7097 | total: 0.7097
[New] Epoch 418/1000 | classify: 0.9483 | total: 0.9483
[New] Epoch 419/1000 | classify: 0.7518 | total: 0.7518
[New] Epoch 420/1000 | classify: 0.6040 | total: 0.6040
--- 验证集 [epoch 420] ---
  准确率 (Accuracy):  0.8014
  精确率 (Precision): 0.7139
  召回率 (Recall):    0.6610
  F1 分数 (F1):       0.6801
[New] Epoch 421/1000 | classify: 0.7747 | total: 0.7747
[New] Epoch 422/1000 | classify: 0.7167 | total: 0.7167
[New] Epoch 423/1000 | classify: 0.7688 | total: 0.7688
[New] Epoch 424/1000 | classify: 0.8554 | total: 0.8554
[New] Epoch 425/1000 | classify: 0.7395 | total: 0.7395
[New] Epoch 426/1000 | classify: 0.6981 | total: 0.6981
[New] Epoch 427/1000 | classify: 0.6871 | total: 0.6871
[New] Epoch 428/1000 | classify: 0.7512 | total: 0.7512
[New] Epoch 429/1000 | classify: 0.6875 | total: 0.6875
[New] Epoch 430/1000 | classify: 0.8162 | total: 0.8162
--- 验证集 [epoch 430] ---
  准确率 (Accuracy):  0.7877
  精确率 (Precision): 0.7138
  召回率 (Recall):    0.6360
  F1 分数 (F1):       0.6519
[New] Epoch 431/1000 | classify: 0.8138 | total: 0.8138
[New] Epoch 432/1000 | classify: 0.6165 | total: 0.6165
[New] Epoch 433/1000 | classify: 0.6124 | total: 0.6124
[New] Epoch 434/1000 | classify: 0.8122 | total: 0.8122
[New] Epoch 435/1000 | classify: 0.7126 | total: 0.7126
[New] Epoch 436/1000 | classify: 0.7027 | total: 0.7027
[New] Epoch 437/1000 | classify: 0.7627 | total: 0.7627
[New] Epoch 438/1000 | classify: 0.8336 | total: 0.8336
[New] Epoch 439/1000 | classify: 0.6445 | total: 0.6445
[New] Epoch 440/1000 | classify: 0.8004 | total: 0.8004
--- 验证集 [epoch 440] ---
  准确率 (Accuracy):  0.8082
  精确率 (Precision): 0.7332
  召回率 (Recall):    0.6876
  F1 分数 (F1):       0.7019
[New] Epoch 441/1000 | classify: 0.6527 | total: 0.6527
[New] Epoch 442/1000 | classify: 0.7721 | total: 0.7721
[New] Epoch 443/1000 | classify: 0.7263 | total: 0.7263
[New] Epoch 444/1000 | classify: 0.6620 | total: 0.6620
[New] Epoch 445/1000 | classify: 0.7544 | total: 0.7544
[New] Epoch 446/1000 | classify: 0.8116 | total: 0.8116
[New] Epoch 447/1000 | classify: 0.8449 | total: 0.8449
[New] Epoch 448/1000 | classify: 0.9969 | total: 0.9969
[New] Epoch 449/1000 | classify: 0.8237 | total: 0.8237
[New] Epoch 450/1000 | classify: 0.8225 | total: 0.8225
--- 验证集 [epoch 450] ---
  准确率 (Accuracy):  0.8014
  精确率 (Precision): 0.7162
  召回率 (Recall):    0.6551
  F1 分数 (F1):       0.6797
✅ 模型已保存到 /home/kudouzala/Application/ion_detect/output/trained_model_save/exp_new_c/trained_model_epoch_450.pth
📁 损失值已保存到 /home/kudouzala/Application/ion_detect/output/trained_model_save/exp_new_c/training_loss_epoch_450.csv
[New] Epoch 451/1000 | classify: 0.7795 | total: 0.7795
[New] Epoch 452/1000 | classify: 0.7369 | total: 0.7369
[New] Epoch 453/1000 | classify: 0.6196 | total: 0.6196
[New] Epoch 454/1000 | classify: 0.7357 | total: 0.7357
[New] Epoch 455/1000 | classify: 0.6647 | total: 0.6647
[New] Epoch 456/1000 | classify: 0.5627 | total: 0.5627
[New] Epoch 457/1000 | classify: 0.7742 | total: 0.7742
[New] Epoch 458/1000 | classify: 0.8536 | total: 0.8536
[New] Epoch 459/1000 | classify: 0.7860 | total: 0.7860
[New] Epoch 460/1000 | classify: 0.6503 | total: 0.6503
--- 验证集 [epoch 460] ---
  准确率 (Accuracy):  0.8288
  精确率 (Precision): 0.7923
  召回率 (Recall):    0.7265
  F1 分数 (F1):       0.7426
✅ 模型已保存到 /home/kudouzala/Application/ion_detect/output/trained_model_save/exp_new_c/trained_model_epoch_best.pth
  🏆 新最佳 F1=0.7426，已保存 best 模型
[New] Epoch 461/1000 | classify: 0.7380 | total: 0.7380
[New] Epoch 462/1000 | classify: 0.8629 | total: 0.8629
[New] Epoch 463/1000 | classify: 0.7329 | total: 0.7329
[New] Epoch 464/1000 | classify: 0.8097 | total: 0.8097
[New] Epoch 465/1000 | classify: 0.8247 | total: 0.8247
[New] Epoch 466/1000 | classify: 0.7688 | total: 0.7688
[New] Epoch 467/1000 | classify: 0.7460 | total: 0.7460
[New] Epoch 468/1000 | classify: 0.6990 | total: 0.6990
[New] Epoch 469/1000 | classify: 0.8894 | total: 0.8894
[New] Epoch 470/1000 | classify: 0.7846 | total: 0.7846
--- 验证集 [epoch 470] ---
  准确率 (Accuracy):  0.7877
  精确率 (Precision): 0.6981
  召回率 (Recall):    0.6787
  F1 分数 (F1):       0.6821
[New] Epoch 471/1000 | classify: 0.8656 | total: 0.8656
[New] Epoch 472/1000 | classify: 0.9067 | total: 0.9067
[New] Epoch 473/1000 | classify: 0.7230 | total: 0.7230
[New] Epoch 474/1000 | classify: 0.6465 | total: 0.6465
[New] Epoch 475/1000 | classify: 0.7039 | total: 0.7039
[New] Epoch 476/1000 | classify: 0.7681 | total: 0.7681
[New] Epoch 477/1000 | classify: 0.6138 | total: 0.6138
[New] Epoch 478/1000 | classify: 0.8187 | total: 0.8187
[New] Epoch 479/1000 | classify: 0.7666 | total: 0.7666
[New] Epoch 480/1000 | classify: 0.6603 | total: 0.6603
--- 验证集 [epoch 480] ---
  准确率 (Accuracy):  0.7534
  精确率 (Precision): 0.6572
  召回率 (Recall):    0.7008
  F1 分数 (F1):       0.6662
[New] Epoch 481/1000 | classify: 0.7518 | total: 0.7518
[New] Epoch 482/1000 | classify: 0.7754 | total: 0.7754
[New] Epoch 483/1000 | classify: 0.7088 | total: 0.7088
[New] Epoch 484/1000 | classify: 0.7352 | total: 0.7352
[New] Epoch 485/1000 | classify: 0.6426 | total: 0.6426
[New] Epoch 486/1000 | classify: 0.9608 | total: 0.9608
[New] Epoch 487/1000 | classify: 0.7329 | total: 0.7329
[New] Epoch 488/1000 | classify: 0.7683 | total: 0.7683
[New] Epoch 489/1000 | classify: 0.6716 | total: 0.6716
[New] Epoch 490/1000 | classify: 0.6109 | total: 0.6109
--- 验证集 [epoch 490] ---
  准确率 (Accuracy):  0.7945
  精确率 (Precision): 0.7401
  召回率 (Recall):    0.6981
  F1 分数 (F1):       0.7017
[New] Epoch 491/1000 | classify: 0.8009 | total: 0.8009
[New] Epoch 492/1000 | classify: 0.6604 | total: 0.6604
[New] Epoch 493/1000 | classify: 0.8035 | total: 0.8035
[New] Epoch 494/1000 | classify: 0.6846 | total: 0.6846
[New] Epoch 495/1000 | classify: 0.7609 | total: 0.7609
[New] Epoch 496/1000 | classify: 0.5798 | total: 0.5798
[New] Epoch 497/1000 | classify: 0.8298 | total: 0.8298
[New] Epoch 498/1000 | classify: 0.6134 | total: 0.6134
[New] Epoch 499/1000 | classify: 0.8566 | total: 0.8566
[New] Epoch 500/1000 | classify: 0.6235 | total: 0.6235
--- 验证集 [epoch 500] ---
  准确率 (Accuracy):  0.7945
  精确率 (Precision): 0.7361
  召回率 (Recall):    0.6709
  F1 分数 (F1):       0.6886
✅ 模型已保存到 /home/kudouzala/Application/ion_detect/output/trained_model_save/exp_new_c/trained_model_epoch_500.pth
📁 损失值已保存到 /home/kudouzala/Application/ion_detect/output/trained_model_save/exp_new_c/training_loss_epoch_500.csv
[New] Epoch 501/1000 | classify: 0.6953 | total: 0.6953
[New] Epoch 502/1000 | classify: 0.6282 | total: 0.6282
[New] Epoch 503/1000 | classify: 0.6897 | total: 0.6897
[New] Epoch 504/1000 | classify: 0.8015 | total: 0.8015
[New] Epoch 505/1000 | classify: 0.8436 | total: 0.8436
[New] Epoch 506/1000 | classify: 0.7701 | total: 0.7701
[New] Epoch 507/1000 | classify: 0.7684 | total: 0.7684
[New] Epoch 508/1000 | classify: 0.7209 | total: 0.7209
[New] Epoch 509/1000 | classify: 0.6354 | total: 0.6354
[New] Epoch 510/1000 | classify: 0.8240 | total: 0.8240
--- 验证集 [epoch 510] ---
  准确率 (Accuracy):  0.8014
  精确率 (Precision): 0.7100
  召回率 (Recall):    0.7211
  F1 分数 (F1):       0.7085
[New] Epoch 511/1000 | classify: 0.6422 | total: 0.6422
[New] Epoch 512/1000 | classify: 0.6603 | total: 0.6603
[New] Epoch 513/1000 | classify: 0.5684 | total: 0.5684
[New] Epoch 514/1000 | classify: 0.8888 | total: 0.8888
[New] Epoch 515/1000 | classify: 0.6423 | total: 0.6423
[New] Epoch 516/1000 | classify: 0.6242 | total: 0.6242
[New] Epoch 517/1000 | classify: 0.9303 | total: 0.9303
[New] Epoch 518/1000 | classify: 0.7368 | total: 0.7368
[New] Epoch 519/1000 | classify: 0.6540 | total: 0.6540
[New] Epoch 520/1000 | classify: 0.7569 | total: 0.7569
--- 验证集 [epoch 520] ---
  准确率 (Accuracy):  0.7945
  精确率 (Precision): 0.7177
  召回率 (Recall):    0.6610
  F1 分数 (F1):       0.6749
[New] Epoch 521/1000 | classify: 0.5251 | total: 0.5251
[New] Epoch 522/1000 | classify: 0.8329 | total: 0.8329
[New] Epoch 523/1000 | classify: 0.7220 | total: 0.7220
[New] Epoch 524/1000 | classify: 0.8171 | total: 0.8171
[New] Epoch 525/1000 | classify: 0.7106 | total: 0.7106
[New] Epoch 526/1000 | classify: 0.6355 | total: 0.6355
[New] Epoch 527/1000 | classify: 0.8075 | total: 0.8075
[New] Epoch 528/1000 | classify: 0.7250 | total: 0.7250
[New] Epoch 529/1000 | classify: 0.7489 | total: 0.7489
[New] Epoch 530/1000 | classify: 0.9201 | total: 0.9201
--- 验证集 [epoch 530] ---
  准确率 (Accuracy):  0.7877
  精确率 (Precision): 0.6953
  召回率 (Recall):    0.7012
  F1 分数 (F1):       0.6871
[New] Epoch 531/1000 | classify: 0.7330 | total: 0.7330
[New] Epoch 532/1000 | classify: 0.5341 | total: 0.5341
[New] Epoch 533/1000 | classify: 0.6525 | total: 0.6525
[New] Epoch 534/1000 | classify: 0.7932 | total: 0.7932
[New] Epoch 535/1000 | classify: 0.6735 | total: 0.6735
[New] Epoch 536/1000 | classify: 0.7851 | total: 0.7851
[New] Epoch 537/1000 | classify: 0.8121 | total: 0.8121
[New] Epoch 538/1000 | classify: 0.7727 | total: 0.7727
[New] Epoch 539/1000 | classify: 0.7409 | total: 0.7409
[New] Epoch 540/1000 | classify: 0.6935 | total: 0.6935
--- 验证集 [epoch 540] ---
  准确率 (Accuracy):  0.8014
  精确率 (Precision): 0.7248
  召回率 (Recall):    0.6986
  F1 分数 (F1):       0.6933
[New] Epoch 541/1000 | classify: 0.7277 | total: 0.7277
[New] Epoch 542/1000 | classify: 0.7124 | total: 0.7124
[New] Epoch 543/1000 | classify: 0.7682 | total: 0.7682
[New] Epoch 544/1000 | classify: 0.8746 | total: 0.8746
[New] Epoch 545/1000 | classify: 0.6705 | total: 0.6705
[New] Epoch 546/1000 | classify: 0.6839 | total: 0.6839
[New] Epoch 547/1000 | classify: 0.7672 | total: 0.7672
[New] Epoch 548/1000 | classify: 0.6173 | total: 0.6173
[New] Epoch 549/1000 | classify: 0.8529 | total: 0.8529
[New] Epoch 550/1000 | classify: 0.6169 | total: 0.6169
--- 验证集 [epoch 550] ---
  准确率 (Accuracy):  0.8082
  精确率 (Precision): 0.7624
  召回率 (Recall):    0.6857
  F1 分数 (F1):       0.7006
✅ 模型已保存到 /home/kudouzala/Application/ion_detect/output/trained_model_save/exp_new_c/trained_model_epoch_550.pth
📁 损失值已保存到 /home/kudouzala/Application/ion_detect/output/trained_model_save/exp_new_c/training_loss_epoch_550.csv
[New] Epoch 551/1000 | classify: 0.6711 | total: 0.6711
[New] Epoch 552/1000 | classify: 0.9013 | total: 0.9013
[New] Epoch 553/1000 | classify: 0.6941 | total: 0.6941
[New] Epoch 554/1000 | classify: 0.6027 | total: 0.6027
[New] Epoch 555/1000 | classify: 0.7884 | total: 0.7884
[New] Epoch 556/1000 | classify: 0.7342 | total: 0.7342
[New] Epoch 557/1000 | classify: 0.7440 | total: 0.7440
[New] Epoch 558/1000 | classify: 0.7961 | total: 0.7961
[New] Epoch 559/1000 | classify: 0.6947 | total: 0.6947
[New] Epoch 560/1000 | classify: 0.5345 | total: 0.5345
--- 验证集 [epoch 560] ---
  准确率 (Accuracy):  0.7945
  精确率 (Precision): 0.7466
  召回率 (Recall):    0.6816
  F1 分数 (F1):       0.6902
[New] Epoch 561/1000 | classify: 0.6430 | total: 0.6430
[New] Epoch 562/1000 | classify: 0.7190 | total: 0.7190
[New] Epoch 563/1000 | classify: 0.7258 | total: 0.7258
[New] Epoch 564/1000 | classify: 0.8335 | total: 0.8335
[New] Epoch 565/1000 | classify: 0.8332 | total: 0.8332
[New] Epoch 566/1000 | classify: 0.6100 | total: 0.6100
[New] Epoch 567/1000 | classify: 0.6594 | total: 0.6594
[New] Epoch 568/1000 | classify: 0.8597 | total: 0.8597
[New] Epoch 569/1000 | classify: 0.7001 | total: 0.7001
[New] Epoch 570/1000 | classify: 0.7891 | total: 0.7891
--- 验证集 [epoch 570] ---
  准确率 (Accuracy):  0.7603
  精确率 (Precision): 0.6560
  召回率 (Recall):    0.7099
  F1 分数 (F1):       0.6746
[New] Epoch 571/1000 | classify: 0.9281 | total: 0.9281
[New] Epoch 572/1000 | classify: 0.8300 | total: 0.8300
[New] Epoch 573/1000 | classify: 0.5645 | total: 0.5645
[New] Epoch 574/1000 | classify: 0.7265 | total: 0.7265
[New] Epoch 575/1000 | classify: 0.7548 | total: 0.7548
[New] Epoch 576/1000 | classify: 0.6817 | total: 0.6817
[New] Epoch 577/1000 | classify: 0.6852 | total: 0.6852
[New] Epoch 578/1000 | classify: 0.6945 | total: 0.6945
[New] Epoch 579/1000 | classify: 0.5464 | total: 0.5464
[New] Epoch 580/1000 | classify: 0.6097 | total: 0.6097
--- 验证集 [epoch 580] ---
  准确率 (Accuracy):  0.8082
  精确率 (Precision): 0.7965
  召回率 (Recall):    0.6836
  F1 分数 (F1):       0.7138
[New] Epoch 581/1000 | classify: 0.8397 | total: 0.8397
[New] Epoch 582/1000 | classify: 0.7812 | total: 0.7812
[New] Epoch 583/1000 | classify: 0.6506 | total: 0.6506
[New] Epoch 584/1000 | classify: 0.6760 | total: 0.6760
[New] Epoch 585/1000 | classify: 0.7534 | total: 0.7534
[New] Epoch 586/1000 | classify: 0.6956 | total: 0.6956
[New] Epoch 587/1000 | classify: 0.8128 | total: 0.8128
[New] Epoch 588/1000 | classify: 0.8361 | total: 0.8361
[New] Epoch 589/1000 | classify: 0.7201 | total: 0.7201
[New] Epoch 590/1000 | classify: 0.7222 | total: 0.7222
--- 验证集 [epoch 590] ---
  准确率 (Accuracy):  0.7671
  精确率 (Precision): 0.7067
  召回率 (Recall):    0.6200
  F1 分数 (F1):       0.6444
[New] Epoch 591/1000 | classify: 0.8167 | total: 0.8167
[New] Epoch 592/1000 | classify: 0.6624 | total: 0.6624
[New] Epoch 593/1000 | classify: 0.8075 | total: 0.8075
[New] Epoch 594/1000 | classify: 0.5523 | total: 0.5523
[New] Epoch 595/1000 | classify: 0.6788 | total: 0.6788
[New] Epoch 596/1000 | classify: 0.7778 | total: 0.7778
[New] Epoch 597/1000 | classify: 0.6677 | total: 0.6677
[New] Epoch 598/1000 | classify: 0.7829 | total: 0.7829
[New] Epoch 599/1000 | classify: 0.6998 | total: 0.6998
[New] Epoch 600/1000 | classify: 0.7138 | total: 0.7138
--- 验证集 [epoch 600] ---
  准确率 (Accuracy):  0.7603
  精确率 (Precision): 0.6613
  召回率 (Recall):    0.6327
  F1 分数 (F1):       0.6429
✅ 模型已保存到 /home/kudouzala/Application/ion_detect/output/trained_model_save/exp_new_c/trained_model_epoch_600.pth
📁 损失值已保存到 /home/kudouzala/Application/ion_detect/output/trained_model_save/exp_new_c/training_loss_epoch_600.csv
[New] Epoch 601/1000 | classify: 0.7272 | total: 0.7272
[New] Epoch 602/1000 | classify: 0.7335 | total: 0.7335
[New] Epoch 603/1000 | classify: 0.8362 | total: 0.8362
[New] Epoch 604/1000 | classify: 0.7170 | total: 0.7170
[New] Epoch 605/1000 | classify: 0.6105 | total: 0.6105
[New] Epoch 606/1000 | classify: 0.7820 | total: 0.7820
[New] Epoch 607/1000 | classify: 0.7347 | total: 0.7347
[New] Epoch 608/1000 | classify: 0.7455 | total: 0.7455
[New] Epoch 609/1000 | classify: 0.6705 | total: 0.6705
[New] Epoch 610/1000 | classify: 0.6491 | total: 0.6491
--- 验证集 [epoch 610] ---
  准确率 (Accuracy):  0.7945
  精确率 (Precision): 0.7138
  召回率 (Recall):    0.7211
  F1 分数 (F1):       0.7001
[New] Epoch 611/1000 | classify: 0.6901 | total: 0.6901
[New] Epoch 612/1000 | classify: 0.8773 | total: 0.8773
[New] Epoch 613/1000 | classify: 0.7527 | total: 0.7527
[New] Epoch 614/1000 | classify: 0.6035 | total: 0.6035
[New] Epoch 615/1000 | classify: 0.6268 | total: 0.6268
[New] Epoch 616/1000 | classify: 0.6512 | total: 0.6512
[New] Epoch 617/1000 | classify: 0.7426 | total: 0.7426
[New] Epoch 618/1000 | classify: 0.8261 | total: 0.8261
[New] Epoch 619/1000 | classify: 0.8206 | total: 0.8206
[New] Epoch 620/1000 | classify: 0.7311 | total: 0.7311
--- 验证集 [epoch 620] ---
  准确率 (Accuracy):  0.7603
  精确率 (Precision): 0.6624
  召回率 (Recall):    0.6634
  F1 分数 (F1):       0.6555
[New] Epoch 621/1000 | classify: 0.9162 | total: 0.9162
[New] Epoch 622/1000 | classify: 0.6630 | total: 0.6630
[New] Epoch 623/1000 | classify: 0.7364 | total: 0.7364
[New] Epoch 624/1000 | classify: 0.5615 | total: 0.5615
[New] Epoch 625/1000 | classify: 0.7860 | total: 0.7860
[New] Epoch 626/1000 | classify: 0.7263 | total: 0.7263
[New] Epoch 627/1000 | classify: 0.6395 | total: 0.6395
[New] Epoch 628/1000 | classify: 0.5490 | total: 0.5490
[New] Epoch 629/1000 | classify: 0.7609 | total: 0.7609
[New] Epoch 630/1000 | classify: 0.7029 | total: 0.7029
--- 验证集 [epoch 630] ---
  准确率 (Accuracy):  0.7740
  精确率 (Precision): 0.6902
  召回率 (Recall):    0.6549
  F1 分数 (F1):       0.6616
[New] Epoch 631/1000 | classify: 0.6348 | total: 0.6348
[New] Epoch 632/1000 | classify: 0.5951 | total: 0.5951
[New] Epoch 633/1000 | classify: 0.7627 | total: 0.7627
[New] Epoch 634/1000 | classify: 0.8171 | total: 0.8171
[New] Epoch 635/1000 | classify: 0.7362 | total: 0.7362
[New] Epoch 636/1000 | classify: 0.6521 | total: 0.6521
[New] Epoch 637/1000 | classify: 0.6564 | total: 0.6564
[New] Epoch 638/1000 | classify: 0.7042 | total: 0.7042
[New] Epoch 639/1000 | classify: 0.4840 | total: 0.4840
[New] Epoch 640/1000 | classify: 0.6700 | total: 0.6700
--- 验证集 [epoch 640] ---
  准确率 (Accuracy):  0.7397
  精确率 (Precision): 0.6235
  召回率 (Recall):    0.5900
  F1 分数 (F1):       0.5955
[New] Epoch 641/1000 | classify: 0.6909 | total: 0.6909
[New] Epoch 642/1000 | classify: 0.8405 | total: 0.8405
[New] Epoch 643/1000 | classify: 0.6281 | total: 0.6281
[New] Epoch 644/1000 | classify: 0.7894 | total: 0.7894
[New] Epoch 645/1000 | classify: 0.6390 | total: 0.6390
[New] Epoch 646/1000 | classify: 0.6580 | total: 0.6580
[New] Epoch 647/1000 | classify: 0.6625 | total: 0.6625
[New] Epoch 648/1000 | classify: 0.8019 | total: 0.8019
[New] Epoch 649/1000 | classify: 0.9312 | total: 0.9312
[New] Epoch 650/1000 | classify: 0.7114 | total: 0.7114
--- 验证集 [epoch 650] ---
  准确率 (Accuracy):  0.7808
  精确率 (Precision): 0.6897
  召回率 (Recall):    0.6903
  F1 分数 (F1):       0.6861
✅ 模型已保存到 /home/kudouzala/Application/ion_detect/output/trained_model_save/exp_new_c/trained_model_epoch_650.pth
📁 损失值已保存到 /home/kudouzala/Application/ion_detect/output/trained_model_save/exp_new_c/training_loss_epoch_650.csv
[New] Epoch 651/1000 | classify: 0.9222 | total: 0.9222
[New] Epoch 652/1000 | classify: 0.6683 | total: 0.6683
[New] Epoch 653/1000 | classify: 0.6786 | total: 0.6786
[New] Epoch 654/1000 | classify: 0.7011 | total: 0.7011
[New] Epoch 655/1000 | classify: 0.6696 | total: 0.6696
[New] Epoch 656/1000 | classify: 0.6719 | total: 0.6719
[New] Epoch 657/1000 | classify: 0.6039 | total: 0.6039
[New] Epoch 658/1000 | classify: 0.8739 | total: 0.8739
[New] Epoch 659/1000 | classify: 0.8629 | total: 0.8629
[New] Epoch 660/1000 | classify: 0.5961 | total: 0.5961
--- 验证集 [epoch 660] ---
  准确率 (Accuracy):  0.7671
  精确率 (Precision): 0.6698
  召回率 (Recall):    0.6932
  F1 分数 (F1):       0.6688
[New] Epoch 661/1000 | classify: 0.6890 | total: 0.6890
[New] Epoch 662/1000 | classify: 0.8210 | total: 0.8210
[New] Epoch 663/1000 | classify: 0.6540 | total: 0.6540
[New] Epoch 664/1000 | classify: 0.7893 | total: 0.7893
[New] Epoch 665/1000 | classify: 0.5415 | total: 0.5415
[New] Epoch 666/1000 | classify: 0.8835 | total: 0.8835
[New] Epoch 667/1000 | classify: 0.6594 | total: 0.6594
[New] Epoch 668/1000 | classify: 0.8080 | total: 0.8080
[New] Epoch 669/1000 | classify: 0.7368 | total: 0.7368
[New] Epoch 670/1000 | classify: 0.7167 | total: 0.7167
--- 验证集 [epoch 670] ---
  准确率 (Accuracy):  0.7671
  精确率 (Precision): 0.7041
  召回率 (Recall):    0.6238
  F1 分数 (F1):       0.6330
[New] Epoch 671/1000 | classify: 0.7265 | total: 0.7265
[New] Epoch 672/1000 | classify: 0.8266 | total: 0.8266
[New] Epoch 673/1000 | classify: 0.7099 | total: 0.7099
[New] Epoch 674/1000 | classify: 0.7717 | total: 0.7717
[New] Epoch 675/1000 | classify: 0.7104 | total: 0.7104
[New] Epoch 676/1000 | classify: 0.6166 | total: 0.6166
[New] Epoch 677/1000 | classify: 0.6776 | total: 0.6776
[New] Epoch 678/1000 | classify: 0.7227 | total: 0.7227
[New] Epoch 679/1000 | classify: 0.7292 | total: 0.7292
[New] Epoch 680/1000 | classify: 0.7907 | total: 0.7907
--- 验证集 [epoch 680] ---
  准确率 (Accuracy):  0.7603
  精确率 (Precision): 0.6578
  召回率 (Recall):    0.6654
  F1 分数 (F1):       0.6578
[New] Epoch 681/1000 | classify: 0.6399 | total: 0.6399
[New] Epoch 682/1000 | classify: 0.7784 | total: 0.7784
[New] Epoch 683/1000 | classify: 0.6640 | total: 0.6640
[New] Epoch 684/1000 | classify: 0.5797 | total: 0.5797
[New] Epoch 685/1000 | classify: 0.6788 | total: 0.6788
[New] Epoch 686/1000 | classify: 0.7766 | total: 0.7766
[New] Epoch 687/1000 | classify: 0.6181 | total: 0.6181
[New] Epoch 688/1000 | classify: 0.7155 | total: 0.7155
[New] Epoch 689/1000 | classify: 0.7968 | total: 0.7968
[New] Epoch 690/1000 | classify: 0.6246 | total: 0.6246
--- 验证集 [epoch 690] ---
  准确率 (Accuracy):  0.7603
  精确率 (Precision): 0.6484
  召回率 (Recall):    0.6448
  F1 分数 (F1):       0.6439
[New] Epoch 691/1000 | classify: 0.6738 | total: 0.6738
[New] Epoch 692/1000 | classify: 0.7990 | total: 0.7990
[New] Epoch 693/1000 | classify: 0.7139 | total: 0.7139
[New] Epoch 694/1000 | classify: 0.7892 | total: 0.7892
[New] Epoch 695/1000 | classify: 0.5221 | total: 0.5221
[New] Epoch 696/1000 | classify: 0.8049 | total: 0.8049
[New] Epoch 697/1000 | classify: 0.6338 | total: 0.6338
[New] Epoch 698/1000 | classify: 0.8468 | total: 0.8468
[New] Epoch 699/1000 | classify: 0.7573 | total: 0.7573
[New] Epoch 700/1000 | classify: 0.6551 | total: 0.6551
--- 验证集 [epoch 700] ---
  准确率 (Accuracy):  0.7603
  精确率 (Precision): 0.6842
  召回率 (Recall):    0.6733
  F1 分数 (F1):       0.6706
✅ 模型已保存到 /home/kudouzala/Application/ion_detect/output/trained_model_save/exp_new_c/trained_model_epoch_700.pth
📁 损失值已保存到 /home/kudouzala/Application/ion_detect/output/trained_model_save/exp_new_c/training_loss_epoch_700.csv
[New] Epoch 701/1000 | classify: 0.7659 | total: 0.7659
[New] Epoch 702/1000 | classify: 0.8133 | total: 0.8133
[New] Epoch 703/1000 | classify: 0.7868 | total: 0.7868
[New] Epoch 704/1000 | classify: 0.5968 | total: 0.5968
[New] Epoch 705/1000 | classify: 0.6413 | total: 0.6413
[New] Epoch 706/1000 | classify: 0.6542 | total: 0.6542
[New] Epoch 707/1000 | classify: 0.6671 | total: 0.6671
[New] Epoch 708/1000 | classify: 0.6932 | total: 0.6932
[New] Epoch 709/1000 | classify: 0.6318 | total: 0.6318
[New] Epoch 710/1000 | classify: 0.7954 | total: 0.7954
--- 验证集 [epoch 710] ---
  准确率 (Accuracy):  0.7534
  精确率 (Precision): 0.6315
  召回率 (Recall):    0.6110
  F1 分数 (F1):       0.6191
[New] Epoch 711/1000 | classify: 0.5779 | total: 0.5779
[New] Epoch 712/1000 | classify: 0.8001 | total: 0.8001
[New] Epoch 713/1000 | classify: 0.7508 | total: 0.7508
[New] Epoch 714/1000 | classify: 0.6801 | total: 0.6801
[New] Epoch 715/1000 | classify: 0.6168 | total: 0.6168
[New] Epoch 716/1000 | classify: 0.6753 | total: 0.6753
[New] Epoch 717/1000 | classify: 0.7012 | total: 0.7012
[New] Epoch 718/1000 | classify: 0.6060 | total: 0.6060
[New] Epoch 719/1000 | classify: 0.7230 | total: 0.7230
[New] Epoch 720/1000 | classify: 0.7190 | total: 0.7190
--- 验证集 [epoch 720] ---
  准确率 (Accuracy):  0.7603
  精确率 (Precision): 0.6702
  召回率 (Recall):    0.6141
  F1 分数 (F1):       0.6291
[New] Epoch 721/1000 | classify: 0.8684 | total: 0.8684
[New] Epoch 722/1000 | classify: 0.6148 | total: 0.6148
[New] Epoch 723/1000 | classify: 0.6498 | total: 0.6498
[New] Epoch 724/1000 | classify: 0.6340 | total: 0.6340
[New] Epoch 725/1000 | classify: 0.7553 | total: 0.7553
[New] Epoch 726/1000 | classify: 0.7659 | total: 0.7659
[New] Epoch 727/1000 | classify: 0.7746 | total: 0.7746
[New] Epoch 728/1000 | classify: 0.6874 | total: 0.6874
[New] Epoch 729/1000 | classify: 0.6110 | total: 0.6110
[New] Epoch 730/1000 | classify: 0.6903 | total: 0.6903
--- 验证集 [epoch 730] ---
  准确率 (Accuracy):  0.7877
  精确率 (Precision): 0.7016
  召回率 (Recall):    0.6754
  F1 分数 (F1):       0.6679
[New] Epoch 731/1000 | classify: 0.6799 | total: 0.6799
[New] Epoch 732/1000 | classify: 0.6294 | total: 0.6294
[New] Epoch 733/1000 | classify: 0.7115 | total: 0.7115
[New] Epoch 734/1000 | classify: 0.6077 | total: 0.6077
[New] Epoch 735/1000 | classify: 0.5605 | total: 0.5605
[New] Epoch 736/1000 | classify: 0.7303 | total: 0.7303
[New] Epoch 737/1000 | classify: 0.6236 | total: 0.6236
[New] Epoch 738/1000 | classify: 0.7067 | total: 0.7067
[New] Epoch 739/1000 | classify: 0.6487 | total: 0.6487
[New] Epoch 740/1000 | classify: 0.6182 | total: 0.6182
--- 验证集 [epoch 740] ---
  准确率 (Accuracy):  0.7808
  精确率 (Precision): 0.7008
  召回率 (Recall):    0.6666
  F1 分数 (F1):       0.6671
[New] Epoch 741/1000 | classify: 0.5959 | total: 0.5959
[New] Epoch 742/1000 | classify: 0.8590 | total: 0.8590
[New] Epoch 743/1000 | classify: 0.5239 | total: 0.5239
[New] Epoch 744/1000 | classify: 0.6521 | total: 0.6521
[New] Epoch 745/1000 | classify: 0.7230 | total: 0.7230
[New] Epoch 746/1000 | classify: 0.5909 | total: 0.5909
[New] Epoch 747/1000 | classify: 0.7019 | total: 0.7019
[New] Epoch 748/1000 | classify: 0.7141 | total: 0.7141
[New] Epoch 749/1000 | classify: 0.7028 | total: 0.7028
[New] Epoch 750/1000 | classify: 0.7891 | total: 0.7891
--- 验证集 [epoch 750] ---
  准确率 (Accuracy):  0.7603
  精确率 (Precision): 0.6470
  召回率 (Recall):    0.6179
  F1 分数 (F1):       0.6246
✅ 模型已保存到 /home/kudouzala/Application/ion_detect/output/trained_model_save/exp_new_c/trained_model_epoch_750.pth
📁 损失值已保存到 /home/kudouzala/Application/ion_detect/output/trained_model_save/exp_new_c/training_loss_epoch_750.csv
[New] Epoch 751/1000 | classify: 0.6871 | total: 0.6871
[New] Epoch 752/1000 | classify: 0.7408 | total: 0.7408
[New] Epoch 753/1000 | classify: 0.6812 | total: 0.6812
[New] Epoch 754/1000 | classify: 0.6226 | total: 0.6226
[New] Epoch 755/1000 | classify: 0.8351 | total: 0.8351
[New] Epoch 756/1000 | classify: 0.7494 | total: 0.7494
[New] Epoch 757/1000 | classify: 0.7216 | total: 0.7216
[New] Epoch 758/1000 | classify: 0.7595 | total: 0.7595
[New] Epoch 759/1000 | classify: 0.6493 | total: 0.6493
[New] Epoch 760/1000 | classify: 0.5991 | total: 0.5991
--- 验证集 [epoch 760] ---
  准确率 (Accuracy):  0.7329
  精确率 (Precision): 0.6190
  召回率 (Recall):    0.6235
  F1 分数 (F1):       0.6185
[New] Epoch 761/1000 | classify: 0.5840 | total: 0.5840
[New] Epoch 762/1000 | classify: 0.5574 | total: 0.5574
[New] Epoch 763/1000 | classify: 0.8156 | total: 0.8156
[New] Epoch 764/1000 | classify: 0.6852 | total: 0.6852
[New] Epoch 765/1000 | classify: 0.7662 | total: 0.7662
[New] Epoch 766/1000 | classify: 0.5683 | total: 0.5683
[New] Epoch 767/1000 | classify: 0.5818 | total: 0.5818
[New] Epoch 768/1000 | classify: 0.6080 | total: 0.6080
[New] Epoch 769/1000 | classify: 0.7030 | total: 0.7030
[New] Epoch 770/1000 | classify: 0.8290 | total: 0.8290
--- 验证集 [epoch 770] ---
  准确率 (Accuracy):  0.7808
  精确率 (Precision): 0.6614
  召回率 (Recall):    0.6705
  F1 分数 (F1):       0.6598
[New] Epoch 771/1000 | classify: 0.7153 | total: 0.7153
[New] Epoch 772/1000 | classify: 0.6085 | total: 0.6085
[New] Epoch 773/1000 | classify: 0.6284 | total: 0.6284
[New] Epoch 774/1000 | classify: 0.7301 | total: 0.7301
[New] Epoch 775/1000 | classify: 0.6090 | total: 0.6090
[New] Epoch 776/1000 | classify: 0.6479 | total: 0.6479
[New] Epoch 777/1000 | classify: 0.9339 | total: 0.9339
[New] Epoch 778/1000 | classify: 0.7112 | total: 0.7112
[New] Epoch 779/1000 | classify: 0.7113 | total: 0.7113
[New] Epoch 780/1000 | classify: 0.6381 | total: 0.6381
--- 验证集 [epoch 780] ---
  准确率 (Accuracy):  0.7740
  精确率 (Precision): 0.6601
  召回率 (Recall):    0.6526
  F1 分数 (F1):       0.6491
[New] Epoch 781/1000 | classify: 0.6882 | total: 0.6882
[New] Epoch 782/1000 | classify: 0.7857 | total: 0.7857
[New] Epoch 783/1000 | classify: 0.6149 | total: 0.6149
[New] Epoch 784/1000 | classify: 0.6032 | total: 0.6032
[New] Epoch 785/1000 | classify: 0.7211 | total: 0.7211
[New] Epoch 786/1000 | classify: 0.6411 | total: 0.6411
[New] Epoch 787/1000 | classify: 0.7965 | total: 0.7965
[New] Epoch 788/1000 | classify: 0.6861 | total: 0.6861
[New] Epoch 789/1000 | classify: 0.5831 | total: 0.5831
[New] Epoch 790/1000 | classify: 0.6342 | total: 0.6342
--- 验证集 [epoch 790] ---
  准确率 (Accuracy):  0.7671
  精确率 (Precision): 0.6509
  召回率 (Recall):    0.6396
  F1 分数 (F1):       0.6334
[New] Epoch 791/1000 | classify: 0.6087 | total: 0.6087
[New] Epoch 792/1000 | classify: 0.6010 | total: 0.6010
[New] Epoch 793/1000 | classify: 0.7071 | total: 0.7071
[New] Epoch 794/1000 | classify: 0.5716 | total: 0.5716
[New] Epoch 795/1000 | classify: 0.6725 | total: 0.6725
[New] Epoch 796/1000 | classify: 0.6844 | total: 0.6844
[New] Epoch 797/1000 | classify: 0.5945 | total: 0.5945
[New] Epoch 798/1000 | classify: 0.6747 | total: 0.6747
[New] Epoch 799/1000 | classify: 0.7662 | total: 0.7662
[New] Epoch 800/1000 | classify: 0.6764 | total: 0.6764
--- 验证集 [epoch 800] ---
  准确率 (Accuracy):  0.7740
  精确率 (Precision): 0.6613
  召回率 (Recall):    0.6515
  F1 分数 (F1):       0.6507
✅ 模型已保存到 /home/kudouzala/Application/ion_detect/output/trained_model_save/exp_new_c/trained_model_epoch_800.pth
📁 损失值已保存到 /home/kudouzala/Application/ion_detect/output/trained_model_save/exp_new_c/training_loss_epoch_800.csv
[New] Epoch 801/1000 | classify: 0.6850 | total: 0.6850
[New] Epoch 802/1000 | classify: 0.6429 | total: 0.6429
[New] Epoch 803/1000 | classify: 0.6820 | total: 0.6820
[New] Epoch 804/1000 | classify: 0.6460 | total: 0.6460
[New] Epoch 805/1000 | classify: 0.6668 | total: 0.6668
[New] Epoch 806/1000 | classify: 0.6445 | total: 0.6445
[New] Epoch 807/1000 | classify: 0.5927 | total: 0.5927
[New] Epoch 808/1000 | classify: 0.6467 | total: 0.6467
[New] Epoch 809/1000 | classify: 0.6836 | total: 0.6836
[New] Epoch 810/1000 | classify: 0.5427 | total: 0.5427
--- 验证集 [epoch 810] ---
  准确率 (Accuracy):  0.7671
  精确率 (Precision): 0.6652
  召回率 (Recall):    0.6456
  F1 分数 (F1):       0.6447
[New] Epoch 811/1000 | classify: 0.7052 | total: 0.7052
[New] Epoch 812/1000 | classify: 0.6296 | total: 0.6296
[New] Epoch 813/1000 | classify: 0.4920 | total: 0.4920
[New] Epoch 814/1000 | classify: 0.6080 | total: 0.6080
[New] Epoch 815/1000 | classify: 0.6776 | total: 0.6776
[New] Epoch 816/1000 | classify: 0.7125 | total: 0.7125
[New] Epoch 817/1000 | classify: 0.5491 | total: 0.5491
[New] Epoch 818/1000 | classify: 0.6929 | total: 0.6929
[New] Epoch 819/1000 | classify: 0.7103 | total: 0.7103
[New] Epoch 820/1000 | classify: 0.6238 | total: 0.6238
--- 验证集 [epoch 820] ---
  准确率 (Accuracy):  0.7397
  精确率 (Precision): 0.6263
  召回率 (Recall):    0.6058
  F1 分数 (F1):       0.6110
[New] Epoch 821/1000 | classify: 0.6750 | total: 0.6750
[New] Epoch 822/1000 | classify: 0.5498 | total: 0.5498
[New] Epoch 823/1000 | classify: 0.6655 | total: 0.6655
[New] Epoch 824/1000 | classify: 0.9809 | total: 0.9809
[New] Epoch 825/1000 | classify: 0.6583 | total: 0.6583
[New] Epoch 826/1000 | classify: 0.6275 | total: 0.6275
[New] Epoch 827/1000 | classify: 0.6725 | total: 0.6725
[New] Epoch 828/1000 | classify: 0.5232 | total: 0.5232
[New] Epoch 829/1000 | classify: 0.8295 | total: 0.8295
[New] Epoch 830/1000 | classify: 0.6978 | total: 0.6978
--- 验证集 [epoch 830] ---
  准确率 (Accuracy):  0.7603
  精确率 (Precision): 0.6554
  召回率 (Recall):    0.6218
  F1 分数 (F1):       0.6327
[New] Epoch 831/1000 | classify: 0.7179 | total: 0.7179
[New] Epoch 832/1000 | classify: 0.7065 | total: 0.7065
[New] Epoch 833/1000 | classify: 0.5241 | total: 0.5241
[New] Epoch 834/1000 | classify: 0.7305 | total: 0.7305
[New] Epoch 835/1000 | classify: 0.7094 | total: 0.7094
[New] Epoch 836/1000 | classify: 0.6475 | total: 0.6475
[New] Epoch 837/1000 | classify: 0.6417 | total: 0.6417
[New] Epoch 838/1000 | classify: 0.5211 | total: 0.5211
[New] Epoch 839/1000 | classify: 0.6246 | total: 0.6246
[New] Epoch 840/1000 | classify: 0.7402 | total: 0.7402
--- 验证集 [epoch 840] ---
  准确率 (Accuracy):  0.7534
  精确率 (Precision): 0.6494
  召回率 (Recall):    0.6000
  F1 分数 (F1):       0.6148
[New] Epoch 841/1000 | classify: 0.7231 | total: 0.7231
[New] Epoch 842/1000 | classify: 0.6199 | total: 0.6199
[New] Epoch 843/1000 | classify: 0.6883 | total: 0.6883
[New] Epoch 844/1000 | classify: 0.6491 | total: 0.6491
[New] Epoch 845/1000 | classify: 0.7095 | total: 0.7095
[New] Epoch 846/1000 | classify: 0.8059 | total: 0.8059
[New] Epoch 847/1000 | classify: 0.7225 | total: 0.7225
[New] Epoch 848/1000 | classify: 0.6904 | total: 0.6904
[New] Epoch 849/1000 | classify: 0.6099 | total: 0.6099
[New] Epoch 850/1000 | classify: 0.7070 | total: 0.7070
--- 验证集 [epoch 850] ---
  准确率 (Accuracy):  0.7671
  精确率 (Precision): 0.6471
  召回率 (Recall):    0.6396
  F1 分数 (F1):       0.6404
✅ 模型已保存到 /home/kudouzala/Application/ion_detect/output/trained_model_save/exp_new_c/trained_model_epoch_850.pth
📁 损失值已保存到 /home/kudouzala/Application/ion_detect/output/trained_model_save/exp_new_c/training_loss_epoch_850.csv
[New] Epoch 851/1000 | classify: 0.5332 | total: 0.5332
[New] Epoch 852/1000 | classify: 0.7281 | total: 0.7281
[New] Epoch 853/1000 | classify: 0.5828 | total: 0.5828
[New] Epoch 854/1000 | classify: 0.6351 | total: 0.6351
[New] Epoch 855/1000 | classify: 0.5387 | total: 0.5387
[New] Epoch 856/1000 | classify: 0.7258 | total: 0.7258
[New] Epoch 857/1000 | classify: 0.8265 | total: 0.8265
[New] Epoch 858/1000 | classify: 0.6255 | total: 0.6255
[New] Epoch 859/1000 | classify: 0.6625 | total: 0.6625
[New] Epoch 860/1000 | classify: 0.7378 | total: 0.7378
--- 验证集 [epoch 860] ---
  准确率 (Accuracy):  0.7671
  精确率 (Precision): 0.6567
  召回率 (Recall):    0.6467
  F1 分数 (F1):       0.6450
[New] Epoch 861/1000 | classify: 0.6451 | total: 0.6451
[New] Epoch 862/1000 | classify: 0.5919 | total: 0.5919
[New] Epoch 863/1000 | classify: 0.6570 | total: 0.6570
[New] Epoch 864/1000 | classify: 0.6092 | total: 0.6092
[New] Epoch 865/1000 | classify: 0.5305 | total: 0.5305
[New] Epoch 866/1000 | classify: 0.7055 | total: 0.7055
[New] Epoch 867/1000 | classify: 0.4855 | total: 0.4855
[New] Epoch 868/1000 | classify: 0.7991 | total: 0.7991
[New] Epoch 869/1000 | classify: 0.5417 | total: 0.5417
[New] Epoch 870/1000 | classify: 0.7407 | total: 0.7407
--- 验证集 [epoch 870] ---
  准确率 (Accuracy):  0.7603
  精确率 (Precision): 0.6312
  召回率 (Recall):    0.6218
  F1 分数 (F1):       0.6238
[New] Epoch 871/1000 | classify: 0.5854 | total: 0.5854
[New] Epoch 872/1000 | classify: 0.6513 | total: 0.6513
[New] Epoch 873/1000 | classify: 0.7309 | total: 0.7309
[New] Epoch 874/1000 | classify: 0.5800 | total: 0.5800
[New] Epoch 875/1000 | classify: 0.6589 | total: 0.6589
[New] Epoch 876/1000 | classify: 0.6704 | total: 0.6704
[New] Epoch 877/1000 | classify: 0.7150 | total: 0.7150
[New] Epoch 878/1000 | classify: 0.6110 | total: 0.6110
[New] Epoch 879/1000 | classify: 0.6829 | total: 0.6829
[New] Epoch 880/1000 | classify: 0.6336 | total: 0.6336
--- 验证集 [epoch 880] ---
  准确率 (Accuracy):  0.7740
  精确率 (Precision): 0.6734
  召回率 (Recall):    0.6378
  F1 分数 (F1):       0.6440
[New] Epoch 881/1000 | classify: 0.5766 | total: 0.5766
[New] Epoch 882/1000 | classify: 0.6666 | total: 0.6666
[New] Epoch 883/1000 | classify: 0.6009 | total: 0.6009
[New] Epoch 884/1000 | classify: 0.6644 | total: 0.6644
[New] Epoch 885/1000 | classify: 0.6182 | total: 0.6182
[New] Epoch 886/1000 | classify: 0.6750 | total: 0.6750
[New] Epoch 887/1000 | classify: 0.5684 | total: 0.5684
[New] Epoch 888/1000 | classify: 0.6444 | total: 0.6444
[New] Epoch 889/1000 | classify: 0.5017 | total: 0.5017
[New] Epoch 890/1000 | classify: 0.7472 | total: 0.7472
--- 验证集 [epoch 890] ---
  准确率 (Accuracy):  0.7534
  精确率 (Precision): 0.6330
  召回率 (Recall):    0.6000
  F1 分数 (F1):       0.6112
[New] Epoch 891/1000 | classify: 0.6008 | total: 0.6008
[New] Epoch 892/1000 | classify: 0.6377 | total: 0.6377
[New] Epoch 893/1000 | classify: 0.6247 | total: 0.6247
[New] Epoch 894/1000 | classify: 0.5982 | total: 0.5982
[New] Epoch 895/1000 | classify: 0.7912 | total: 0.7912
[New] Epoch 896/1000 | classify: 0.5923 | total: 0.5923
[New] Epoch 897/1000 | classify: 0.6432 | total: 0.6432
[New] Epoch 898/1000 | classify: 0.9586 | total: 0.9586
[New] Epoch 899/1000 | classify: 0.7917 | total: 0.7917
[New] Epoch 900/1000 | classify: 0.5421 | total: 0.5421
--- 验证集 [epoch 900] ---
  准确率 (Accuracy):  0.7466
  精确率 (Precision): 0.6262
  召回率 (Recall):    0.5980
  F1 分数 (F1):       0.6087
✅ 模型已保存到 /home/kudouzala/Application/ion_detect/output/trained_model_save/exp_new_c/trained_model_epoch_900.pth
📁 损失值已保存到 /home/kudouzala/Application/ion_detect/output/trained_model_save/exp_new_c/training_loss_epoch_900.csv
[New] Epoch 901/1000 | classify: 0.6515 | total: 0.6515
[New] Epoch 902/1000 | classify: 0.6264 | total: 0.6264
[New] Epoch 903/1000 | classify: 0.5133 | total: 0.5133
[New] Epoch 904/1000 | classify: 0.5986 | total: 0.5986
[New] Epoch 905/1000 | classify: 0.6461 | total: 0.6461
[New] Epoch 906/1000 | classify: 0.7993 | total: 0.7993
[New] Epoch 907/1000 | classify: 0.5845 | total: 0.5845
[New] Epoch 908/1000 | classify: 0.7068 | total: 0.7068
[New] Epoch 909/1000 | classify: 0.6107 | total: 0.6107
[New] Epoch 910/1000 | classify: 0.7921 | total: 0.7921
--- 验证集 [epoch 910] ---
  准确率 (Accuracy):  0.7397
  精确率 (Precision): 0.6172
  召回率 (Recall):    0.5861
  F1 分数 (F1):       0.5992
[New] Epoch 911/1000 | classify: 0.7006 | total: 0.7006
[New] Epoch 912/1000 | classify: 0.7553 | total: 0.7553
[New] Epoch 913/1000 | classify: 0.6596 | total: 0.6596
[New] Epoch 914/1000 | classify: 0.6119 | total: 0.6119
[New] Epoch 915/1000 | classify: 0.5880 | total: 0.5880
[New] Epoch 916/1000 | classify: 0.5434 | total: 0.5434
[New] Epoch 917/1000 | classify: 0.5177 | total: 0.5177
[New] Epoch 918/1000 | classify: 0.5592 | total: 0.5592
[New] Epoch 919/1000 | classify: 0.6287 | total: 0.6287
[New] Epoch 920/1000 | classify: 0.5296 | total: 0.5296
--- 验证集 [epoch 920] ---
  准确率 (Accuracy):  0.7534
  精确率 (Precision): 0.6467
  召回率 (Recall):    0.6099
  F1 分数 (F1):       0.6187
[New] Epoch 921/1000 | classify: 0.6724 | total: 0.6724
[New] Epoch 922/1000 | classify: 0.5476 | total: 0.5476
[New] Epoch 923/1000 | classify: 0.5549 | total: 0.5549
[New] Epoch 924/1000 | classify: 0.6362 | total: 0.6362
[New] Epoch 925/1000 | classify: 0.7528 | total: 0.7528
[New] Epoch 926/1000 | classify: 0.6486 | total: 0.6486
[New] Epoch 927/1000 | classify: 0.6293 | total: 0.6293
[New] Epoch 928/1000 | classify: 0.6534 | total: 0.6534
[New] Epoch 929/1000 | classify: 0.6925 | total: 0.6925
[New] Epoch 930/1000 | classify: 0.5001 | total: 0.5001
--- 验证集 [epoch 930] ---
  准确率 (Accuracy):  0.7671
  精确率 (Precision): 0.6589
  召回率 (Recall):    0.6337
  F1 分数 (F1):       0.6357
[New] Epoch 931/1000 | classify: 0.5674 | total: 0.5674
[New] Epoch 932/1000 | classify: 0.5934 | total: 0.5934
[New] Epoch 933/1000 | classify: 0.6984 | total: 0.6984
[New] Epoch 934/1000 | classify: 0.6405 | total: 0.6405
[New] Epoch 935/1000 | classify: 0.5021 | total: 0.5021
[New] Epoch 936/1000 | classify: 0.6045 | total: 0.6045
[New] Epoch 937/1000 | classify: 0.5166 | total: 0.5166
[New] Epoch 938/1000 | classify: 0.5448 | total: 0.5448
[New] Epoch 939/1000 | classify: 0.5492 | total: 0.5492
[New] Epoch 940/1000 | classify: 0.7112 | total: 0.7112
--- 验证集 [epoch 940] ---
  准确率 (Accuracy):  0.7466
  精确率 (Precision): 0.6269
  召回率 (Recall):    0.5980
  F1 分数 (F1):       0.6069
[New] Epoch 941/1000 | classify: 0.7068 | total: 0.7068
[New] Epoch 942/1000 | classify: 0.4256 | total: 0.4256
[New] Epoch 943/1000 | classify: 0.6834 | total: 0.6834
[New] Epoch 944/1000 | classify: 0.6003 | total: 0.6003
[New] Epoch 945/1000 | classify: 0.8060 | total: 0.8060
[New] Epoch 946/1000 | classify: 0.7103 | total: 0.7103
[New] Epoch 947/1000 | classify: 0.7301 | total: 0.7301
[New] Epoch 948/1000 | classify: 0.6029 | total: 0.6029
[New] Epoch 949/1000 | classify: 0.5566 | total: 0.5566
[New] Epoch 950/1000 | classify: 0.5805 | total: 0.5805
--- 验证集 [epoch 950] ---
  准确率 (Accuracy):  0.7466
  精确率 (Precision): 0.6356
  召回率 (Recall):    0.5980
  F1 分数 (F1):       0.6072
✅ 模型已保存到 /home/kudouzala/Application/ion_detect/output/trained_model_save/exp_new_c/trained_model_epoch_950.pth
📁 损失值已保存到 /home/kudouzala/Application/ion_detect/output/trained_model_save/exp_new_c/training_loss_epoch_950.csv
[New] Epoch 951/1000 | classify: 0.8284 | total: 0.8284
[New] Epoch 952/1000 | classify: 0.6261 | total: 0.6261
[New] Epoch 953/1000 | classify: 0.7036 | total: 0.7036
[New] Epoch 954/1000 | classify: 0.6485 | total: 0.6485
[New] Epoch 955/1000 | classify: 0.6238 | total: 0.6238
[New] Epoch 956/1000 | classify: 0.7406 | total: 0.7406
[New] Epoch 957/1000 | classify: 0.7041 | total: 0.7041
[New] Epoch 958/1000 | classify: 0.5672 | total: 0.5672
[New] Epoch 959/1000 | classify: 0.6464 | total: 0.6464
[New] Epoch 960/1000 | classify: 0.7374 | total: 0.7374
--- 验证集 [epoch 960] ---
  准确率 (Accuracy):  0.7671
  精确率 (Precision): 0.6652
  召回率 (Recall):    0.6456
  F1 分数 (F1):       0.6447
[New] Epoch 961/1000 | classify: 0.6417 | total: 0.6417
[New] Epoch 962/1000 | classify: 0.6340 | total: 0.6340
[New] Epoch 963/1000 | classify: 0.5669 | total: 0.5669
[New] Epoch 964/1000 | classify: 0.6630 | total: 0.6630
[New] Epoch 965/1000 | classify: 0.5942 | total: 0.5942
[New] Epoch 966/1000 | classify: 0.7283 | total: 0.7283
[New] Epoch 967/1000 | classify: 0.5490 | total: 0.5490
[New] Epoch 968/1000 | classify: 0.7782 | total: 0.7782
[New] Epoch 969/1000 | classify: 0.5409 | total: 0.5409
[New] Epoch 970/1000 | classify: 0.6280 | total: 0.6280
--- 验证集 [epoch 970] ---
  准确率 (Accuracy):  0.7534
  精确率 (Precision): 0.6412
  召回率 (Recall):    0.6099
  F1 分数 (F1):       0.6165
[New] Epoch 971/1000 | classify: 0.5749 | total: 0.5749
[New] Epoch 972/1000 | classify: 0.4877 | total: 0.4877
[New] Epoch 973/1000 | classify: 0.5885 | total: 0.5885
[New] Epoch 974/1000 | classify: 0.6066 | total: 0.6066
[New] Epoch 975/1000 | classify: 0.6679 | total: 0.6679
[New] Epoch 976/1000 | classify: 0.6499 | total: 0.6499
[New] Epoch 977/1000 | classify: 0.5537 | total: 0.5537
[New] Epoch 978/1000 | classify: 0.5094 | total: 0.5094
[New] Epoch 979/1000 | classify: 0.5294 | total: 0.5294
[New] Epoch 980/1000 | classify: 0.6673 | total: 0.6673
--- 验证集 [epoch 980] ---
  准确率 (Accuracy):  0.7534
  精确率 (Precision): 0.6214
  召回率 (Recall):    0.6099
  F1 分数 (F1):       0.6136
[New] Epoch 981/1000 | classify: 0.6740 | total: 0.6740
[New] Epoch 982/1000 | classify: 0.4534 | total: 0.4534
[New] Epoch 983/1000 | classify: 0.6700 | total: 0.6700
[New] Epoch 984/1000 | classify: 0.6222 | total: 0.6222
[New] Epoch 985/1000 | classify: 0.5292 | total: 0.5292
[New] Epoch 986/1000 | classify: 0.4200 | total: 0.4200
[New] Epoch 987/1000 | classify: 0.7405 | total: 0.7405
[New] Epoch 988/1000 | classify: 0.7130 | total: 0.7130
[New] Epoch 989/1000 | classify: 0.7087 | total: 0.7087
[New] Epoch 990/1000 | classify: 0.5500 | total: 0.5500
--- 验证集 [epoch 990] ---
  准确率 (Accuracy):  0.7466
  精确率 (Precision): 0.6356
  召回率 (Recall):    0.5980
  F1 分数 (F1):       0.6072
[New] Epoch 991/1000 | classify: 0.6698 | total: 0.6698
[New] Epoch 992/1000 | classify: 0.6284 | total: 0.6284
[New] Epoch 993/1000 | classify: 0.6801 | total: 0.6801
[New] Epoch 994/1000 | classify: 0.6288 | total: 0.6288
[New] Epoch 995/1000 | classify: 0.7888 | total: 0.7888
[New] Epoch 996/1000 | classify: 0.5719 | total: 0.5719
[New] Epoch 997/1000 | classify: 0.7428 | total: 0.7428
[New] Epoch 998/1000 | classify: 0.5899 | total: 0.5899
[New] Epoch 999/1000 | classify: 0.5031 | total: 0.5031
[New] Epoch 1000/1000 | classify: 0.6646 | total: 0.6646
--- 验证集 [epoch 1000] ---
  准确率 (Accuracy):  0.7466
  精确率 (Precision): 0.6215
  召回率 (Recall):    0.5980
  F1 分数 (F1):       0.6048
✅ 模型已保存到 /home/kudouzala/Application/ion_detect/output/trained_model_save/exp_new_c/trained_model_epoch_1000.pth
📁 损失值已保存到 /home/kudouzala/Application/ion_detect/output/trained_model_save/exp_new_c/training_loss_epoch_1000.csv
✅ 模型已保存到 /home/kudouzala/Application/ion_detect/output/trained_model_save/exp_new_c/trained_model_epoch_final.pth
📁 损失值已保存到 /home/kudouzala/Application/ion_detect/output/trained_model_save/exp_new_c/training_loss_epoch_final.csv
