✅ no_overlap 划分: 测试集 150 个（ion_column 74 个，≤3/10）-> /home/kudouzala/Application/ion_detect/datasets/datasets_for_all_test_no_overlap/exp_new_b_num_tp2，训练集 789 个 -> /home/kudouzala/Application/ion_detect/datasets/datasets_for_all_train_no_overlap/exp_new_b_num_tp2（已排除同前缀且窗口含测试前 2 个时间点的样本）
✅ 当前使用设备: cuda
📂 训练集目录: /home/kudouzala/Application/ion_detect/datasets/datasets_for_all_train_no_overlap/exp_new_b_num_tp2
📂 测试/验证集目录: /home/kudouzala/Application/ion_detect/datasets/datasets_for_all_test_no_overlap/exp_new_b_num_tp2
🧪 experiment: exp_new_b_num_tp2
🚀 进入训练模式 (--train)
Skipping file 20240822_10ppm铜离子污染测试_新版电解槽_ion_column_gamry_[54, 56, 58, 60].xlsx: impedance points 54 < 63
Skipping file 20240822_10ppm铜离子污染测试_新版电解槽_ion_column_gamry_[32, 34, 36, 38].xlsx: impedance points 54 < 63
Skipping file 20240822_10ppm铜离子污染测试_新版电解槽_ion_column_gamry_[56, 58, 60, 62].xlsx: impedance points 54 < 63
Skipping file 20240822_10ppm铜离子污染测试_新版电解槽_ion_column_gamry_[36, 38, 40, 42].xlsx: impedance points 54 < 63
Skipping file 20240822_10ppm铜离子污染测试_新版电解槽_ion_column_gamry_[34, 36, 38, 40].xlsx: impedance points 54 < 63
[LEAK-CHECK] overlap(train, val) = 0
[DEBUG] data_folder = /home/kudouzala/Application/ion_detect/datasets/datasets_for_all_train_no_overlap/exp_new_b_num_tp2
[DEBUG] base_train.file_names[:10] =
   20241107_0.1ppm钙离子污染及恢复测试_新版电解槽_ion_firecloud_[14, 16, 18, 20].xlsx
   20240910_10ppm钙离子污染测试_新版电解槽_ion_column_gamry_[2, 4, 6, 8].xlsx
   20241006_2ppm铬离子污染测试_旧版电解槽_ion_firecloud_[22, 24, 26, 28].xlsx
   20241117_2ppm钠离子污染及恢复测试40摄氏度_新版电解槽_ion_gamry_[22, 24, 26, 28].xlsx
   20241227_10ppm铜离子污染及恢复测试_旧版电解槽_ion_gamry_[4, 6, 8, 10].xlsx
   20241003_2ppm镍离子污染测试_新版电解槽_ion_gamry_[20, 22, 24, 26].xlsx
   20241112_2ppm钠离子污染和恢复测试80摄氏度_新版电解槽_ion_column_renew_H2SO4_gamry_[14, 16, 18, 20].xlsx
   20240910_10ppm钙离子污染测试_新版电解槽_ion_gamry_[2, 4, 6, 8].xlsx
   20241213_2ppm钠离子污染及恢复测试_新版电解槽_ion_column_renew_H2SO4_gamry_[12, 14, 16, 18].xlsx
   20241010_2ppm钠离子污染测试_新版电解槽_ion_firecloud_[28, 30, 32, 34].xlsx
[DEBUG] exist check (first 10):
   /home/kudouzala/Application/ion_detect/datasets/datasets_for_all_train_no_overlap/exp_new_b_num_tp2/20241107_0.1ppm钙离子污染及恢复测试_新版电解槽_ion_firecloud_[14, 16, 18, 20].xlsx exists= True
   /home/kudouzala/Application/ion_detect/datasets/datasets_for_all_train_no_overlap/exp_new_b_num_tp2/20240910_10ppm钙离子污染测试_新版电解槽_ion_column_gamry_[2, 4, 6, 8].xlsx exists= True
   /home/kudouzala/Application/ion_detect/datasets/datasets_for_all_train_no_overlap/exp_new_b_num_tp2/20241006_2ppm铬离子污染测试_旧版电解槽_ion_firecloud_[22, 24, 26, 28].xlsx exists= True
   /home/kudouzala/Application/ion_detect/datasets/datasets_for_all_train_no_overlap/exp_new_b_num_tp2/20241117_2ppm钠离子污染及恢复测试40摄氏度_新版电解槽_ion_gamry_[22, 24, 26, 28].xlsx exists= True
   /home/kudouzala/Application/ion_detect/datasets/datasets_for_all_train_no_overlap/exp_new_b_num_tp2/20241227_10ppm铜离子污染及恢复测试_旧版电解槽_ion_gamry_[4, 6, 8, 10].xlsx exists= True
   /home/kudouzala/Application/ion_detect/datasets/datasets_for_all_train_no_overlap/exp_new_b_num_tp2/20241003_2ppm镍离子污染测试_新版电解槽_ion_gamry_[20, 22, 24, 26].xlsx exists= True
   /home/kudouzala/Application/ion_detect/datasets/datasets_for_all_train_no_overlap/exp_new_b_num_tp2/20241112_2ppm钠离子污染和恢复测试80摄氏度_新版电解槽_ion_column_renew_H2SO4_gamry_[14, 16, 18, 20].xlsx exists= True
   /home/kudouzala/Application/ion_detect/datasets/datasets_for_all_train_no_overlap/exp_new_b_num_tp2/20240910_10ppm钙离子污染测试_新版电解槽_ion_gamry_[2, 4, 6, 8].xlsx exists= True
   /home/kudouzala/Application/ion_detect/datasets/datasets_for_all_train_no_overlap/exp_new_b_num_tp2/20241213_2ppm钠离子污染及恢复测试_新版电解槽_ion_column_renew_H2SO4_gamry_[12, 14, 16, 18].xlsx exists= True
   /home/kudouzala/Application/ion_detect/datasets/datasets_for_all_train_no_overlap/exp_new_b_num_tp2/20241010_2ppm钠离子污染测试_新版电解槽_ion_firecloud_[28, 30, 32, 34].xlsx exists= True
Skipping file 20240822_10ppm铜离子污染测试_新版电解槽_ion_column_gamry_[28, 30, 32, 34].xlsx: impedance points 54 < 63
Skipping file 20240822_10ppm铜离子污染测试_新版电解槽_ion_column_gamry_[50, 52, 54, 56].xlsx: impedance points 54 < 63
Skipping file 20240822_10ppm铜离子污染测试_新版电解槽_ion_column_gamry_[24, 26, 28, 30].xlsx: impedance points 54 < 63
Skipping file 20240822_10ppm铜离子污染测试_新版电解槽_ion_column_gamry_[44, 46, 48, 50].xlsx: impedance points 54 < 63

[PairDataset][Example pairs] (show up to 50)
  [1] A(idx=474) 20241107_0.1ppm钙离子污染及恢复测试_新版电解槽_ion_firecloud_[0, 2, 4, 6].xlsx  times=[0, 2, 4, 6]
      → B(idx=753) 20241107_0.1ppm钙离子污染及恢复测试_新版电解槽_ion_firecloud_[2, 4, 6, 8].xlsx  times=[2, 4, 6, 8]  dummy=False
  [2] A(idx=753) 20241107_0.1ppm钙离子污染及恢复测试_新版电解槽_ion_firecloud_[2, 4, 6, 8].xlsx  times=[2, 4, 6, 8]
      → B(idx=279) 20241107_0.1ppm钙离子污染及恢复测试_新版电解槽_ion_firecloud_[4, 6, 8, 10].xlsx  times=[4, 6, 8, 10]  dummy=False
  [3] A(idx=279) 20241107_0.1ppm钙离子污染及恢复测试_新版电解槽_ion_firecloud_[4, 6, 8, 10].xlsx  times=[4, 6, 8, 10]
      → B(idx=535) 20241107_0.1ppm钙离子污染及恢复测试_新版电解槽_ion_firecloud_[6, 8, 10, 12].xlsx  times=[6, 8, 10, 12]  dummy=False
  [4] A(idx=535) 20241107_0.1ppm钙离子污染及恢复测试_新版电解槽_ion_firecloud_[6, 8, 10, 12].xlsx  times=[6, 8, 10, 12]
      → B(idx=531) 20241107_0.1ppm钙离子污染及恢复测试_新版电解槽_ion_firecloud_[8, 10, 12, 14].xlsx  times=[8, 10, 12, 14]  dummy=False
  [5] A(idx=531) 20241107_0.1ppm钙离子污染及恢复测试_新版电解槽_ion_firecloud_[8, 10, 12, 14].xlsx  times=[8, 10, 12, 14]
      → B(idx=601) 20241107_0.1ppm钙离子污染及恢复测试_新版电解槽_ion_firecloud_[10, 12, 14, 16].xlsx  times=[10, 12, 14, 16]  dummy=False
  [6] A(idx=601) 20241107_0.1ppm钙离子污染及恢复测试_新版电解槽_ion_firecloud_[10, 12, 14, 16].xlsx  times=[10, 12, 14, 16]
      → B(idx=151) 20241107_0.1ppm钙离子污染及恢复测试_新版电解槽_ion_firecloud_[12, 14, 16, 18].xlsx  times=[12, 14, 16, 18]  dummy=False
  [7] A(idx=151) 20241107_0.1ppm钙离子污染及恢复测试_新版电解槽_ion_firecloud_[12, 14, 16, 18].xlsx  times=[12, 14, 16, 18]
      → B(idx=0) 20241107_0.1ppm钙离子污染及恢复测试_新版电解槽_ion_firecloud_[14, 16, 18, 20].xlsx  times=[14, 16, 18, 20]  dummy=False
  [8] A(idx=0) 20241107_0.1ppm钙离子污染及恢复测试_新版电解槽_ion_firecloud_[14, 16, 18, 20].xlsx  times=[14, 16, 18, 20]
      → B(idx=59) 20241107_0.1ppm钙离子污染及恢复测试_新版电解槽_ion_firecloud_[16, 18, 20, 22].xlsx  times=[16, 18, 20, 22]  dummy=False
  [9] A(idx=59) 20241107_0.1ppm钙离子污染及恢复测试_新版电解槽_ion_firecloud_[16, 18, 20, 22].xlsx  times=[16, 18, 20, 22]
      → B(idx=479) 20241107_0.1ppm钙离子污染及恢复测试_新版电解槽_ion_firecloud_[18, 20, 22, 24].xlsx  times=[18, 20, 22, 24]  dummy=False
  [10] A(idx=479) 20241107_0.1ppm钙离子污染及恢复测试_新版电解槽_ion_firecloud_[18, 20, 22, 24].xlsx  times=[18, 20, 22, 24]
      → B(idx=387) 20241107_0.1ppm钙离子污染及恢复测试_新版电解槽_ion_firecloud_[20, 22, 24, 26].xlsx  times=[20, 22, 24, 26]  dummy=False
  [11] A(idx=387) 20241107_0.1ppm钙离子污染及恢复测试_新版电解槽_ion_firecloud_[20, 22, 24, 26].xlsx  times=[20, 22, 24, 26]
      → B(idx=387) 20241107_0.1ppm钙离子污染及恢复测试_新版电解槽_ion_firecloud_[20, 22, 24, 26].xlsx  times=[20, 22, 24, 26]  dummy=True
  [12] A(idx=111) 20241107_0.1ppm钙离子污染及恢复测试_新版电解槽_ion_firecloud_[32, 34, 36, 38].xlsx  times=[32, 34, 36, 38]
      → B(idx=414) 20241107_0.1ppm钙离子污染及恢复测试_新版电解槽_ion_firecloud_[34, 36, 38, 40].xlsx  times=[34, 36, 38, 40]  dummy=False
  [13] A(idx=414) 20241107_0.1ppm钙离子污染及恢复测试_新版电解槽_ion_firecloud_[34, 36, 38, 40].xlsx  times=[34, 36, 38, 40]
      → B(idx=75) 20241107_0.1ppm钙离子污染及恢复测试_新版电解槽_ion_firecloud_[36, 38, 40, 42].xlsx  times=[36, 38, 40, 42]  dummy=False
  [14] A(idx=75) 20241107_0.1ppm钙离子污染及恢复测试_新版电解槽_ion_firecloud_[36, 38, 40, 42].xlsx  times=[36, 38, 40, 42]
      → B(idx=145) 20241107_0.1ppm钙离子污染及恢复测试_新版电解槽_ion_firecloud_[38, 40, 42, 44].xlsx  times=[38, 40, 42, 44]  dummy=False
  [15] A(idx=145) 20241107_0.1ppm钙离子污染及恢复测试_新版电解槽_ion_firecloud_[38, 40, 42, 44].xlsx  times=[38, 40, 42, 44]
      → B(idx=363) 20241107_0.1ppm钙离子污染及恢复测试_新版电解槽_ion_firecloud_[40, 42, 44, 46].xlsx  times=[40, 42, 44, 46]  dummy=False
  [16] A(idx=363) 20241107_0.1ppm钙离子污染及恢复测试_新版电解槽_ion_firecloud_[40, 42, 44, 46].xlsx  times=[40, 42, 44, 46]
      → B(idx=363) 20241107_0.1ppm钙离子污染及恢复测试_新版电解槽_ion_firecloud_[40, 42, 44, 46].xlsx  times=[40, 42, 44, 46]  dummy=True
  [17] A(idx=527) 20240910_10ppm钙离子污染测试_新版电解槽_ion_column_gamry_[0, 2, 4, 6].xlsx  times=[0, 2, 4, 6]
      → B(idx=1) 20240910_10ppm钙离子污染测试_新版电解槽_ion_column_gamry_[2, 4, 6, 8].xlsx  times=[2, 4, 6, 8]  dummy=False
  [18] A(idx=1) 20240910_10ppm钙离子污染测试_新版电解槽_ion_column_gamry_[2, 4, 6, 8].xlsx  times=[2, 4, 6, 8]
      → B(idx=594) 20240910_10ppm钙离子污染测试_新版电解槽_ion_column_gamry_[4, 6, 8, 10].xlsx  times=[4, 6, 8, 10]  dummy=False
  [19] A(idx=594) 20240910_10ppm钙离子污染测试_新版电解槽_ion_column_gamry_[4, 6, 8, 10].xlsx  times=[4, 6, 8, 10]
      → B(idx=570) 20240910_10ppm钙离子污染测试_新版电解槽_ion_column_gamry_[6, 8, 10, 12].xlsx  times=[6, 8, 10, 12]  dummy=False
  [20] A(idx=570) 20240910_10ppm钙离子污染测试_新版电解槽_ion_column_gamry_[6, 8, 10, 12].xlsx  times=[6, 8, 10, 12]
      → B(idx=453) 20240910_10ppm钙离子污染测试_新版电解槽_ion_column_gamry_[8, 10, 12, 14].xlsx  times=[8, 10, 12, 14]  dummy=False
  [21] A(idx=453) 20240910_10ppm钙离子污染测试_新版电解槽_ion_column_gamry_[8, 10, 12, 14].xlsx  times=[8, 10, 12, 14]
      → B(idx=450) 20240910_10ppm钙离子污染测试_新版电解槽_ion_column_gamry_[10, 12, 14, 16].xlsx  times=[10, 12, 14, 16]  dummy=False
  [22] A(idx=450) 20240910_10ppm钙离子污染测试_新版电解槽_ion_column_gamry_[10, 12, 14, 16].xlsx  times=[10, 12, 14, 16]
      → B(idx=170) 20240910_10ppm钙离子污染测试_新版电解槽_ion_column_gamry_[12, 14, 16, 18].xlsx  times=[12, 14, 16, 18]  dummy=False
  [23] A(idx=170) 20240910_10ppm钙离子污染测试_新版电解槽_ion_column_gamry_[12, 14, 16, 18].xlsx  times=[12, 14, 16, 18]
      → B(idx=402) 20240910_10ppm钙离子污染测试_新版电解槽_ion_column_gamry_[14, 16, 18, 20].xlsx  times=[14, 16, 18, 20]  dummy=False
  [24] A(idx=402) 20240910_10ppm钙离子污染测试_新版电解槽_ion_column_gamry_[14, 16, 18, 20].xlsx  times=[14, 16, 18, 20]
      → B(idx=402) 20240910_10ppm钙离子污染测试_新版电解槽_ion_column_gamry_[14, 16, 18, 20].xlsx  times=[14, 16, 18, 20]  dummy=True
  [25] A(idx=103) 20241006_2ppm铬离子污染测试_旧版电解槽_ion_firecloud_[0, 2, 4, 6].xlsx  times=[0, 2, 4, 6]
      → B(idx=604) 20241006_2ppm铬离子污染测试_旧版电解槽_ion_firecloud_[2, 4, 6, 8].xlsx  times=[2, 4, 6, 8]  dummy=False
  [26] A(idx=604) 20241006_2ppm铬离子污染测试_旧版电解槽_ion_firecloud_[2, 4, 6, 8].xlsx  times=[2, 4, 6, 8]
      → B(idx=604) 20241006_2ppm铬离子污染测试_旧版电解槽_ion_firecloud_[2, 4, 6, 8].xlsx  times=[2, 4, 6, 8]  dummy=True
  [27] A(idx=649) 20241006_2ppm铬离子污染测试_旧版电解槽_ion_firecloud_[14, 16, 18, 20].xlsx  times=[14, 16, 18, 20]
      → B(idx=592) 20241006_2ppm铬离子污染测试_旧版电解槽_ion_firecloud_[16, 18, 20, 22].xlsx  times=[16, 18, 20, 22]  dummy=False
  [28] A(idx=592) 20241006_2ppm铬离子污染测试_旧版电解槽_ion_firecloud_[16, 18, 20, 22].xlsx  times=[16, 18, 20, 22]
      → B(idx=37) 20241006_2ppm铬离子污染测试_旧版电解槽_ion_firecloud_[18, 20, 22, 24].xlsx  times=[18, 20, 22, 24]  dummy=False
  [29] A(idx=37) 20241006_2ppm铬离子污染测试_旧版电解槽_ion_firecloud_[18, 20, 22, 24].xlsx  times=[18, 20, 22, 24]
      → B(idx=472) 20241006_2ppm铬离子污染测试_旧版电解槽_ion_firecloud_[20, 22, 24, 26].xlsx  times=[20, 22, 24, 26]  dummy=False
  [30] A(idx=472) 20241006_2ppm铬离子污染测试_旧版电解槽_ion_firecloud_[20, 22, 24, 26].xlsx  times=[20, 22, 24, 26]
      → B(idx=2) 20241006_2ppm铬离子污染测试_旧版电解槽_ion_firecloud_[22, 24, 26, 28].xlsx  times=[22, 24, 26, 28]  dummy=False
  [31] A(idx=2) 20241006_2ppm铬离子污染测试_旧版电解槽_ion_firecloud_[22, 24, 26, 28].xlsx  times=[22, 24, 26, 28]
      → B(idx=96) 20241006_2ppm铬离子污染测试_旧版电解槽_ion_firecloud_[24, 26, 28, 30].xlsx  times=[24, 26, 28, 30]  dummy=False
  [32] A(idx=96) 20241006_2ppm铬离子污染测试_旧版电解槽_ion_firecloud_[24, 26, 28, 30].xlsx  times=[24, 26, 28, 30]
      → B(idx=287) 20241006_2ppm铬离子污染测试_旧版电解槽_ion_firecloud_[26, 28, 30, 32].xlsx  times=[26, 28, 30, 32]  dummy=False
  [33] A(idx=287) 20241006_2ppm铬离子污染测试_旧版电解槽_ion_firecloud_[26, 28, 30, 32].xlsx  times=[26, 28, 30, 32]
      → B(idx=627) 20241006_2ppm铬离子污染测试_旧版电解槽_ion_firecloud_[28, 30, 32, 34].xlsx  times=[28, 30, 32, 34]  dummy=False
  [34] A(idx=627) 20241006_2ppm铬离子污染测试_旧版电解槽_ion_firecloud_[28, 30, 32, 34].xlsx  times=[28, 30, 32, 34]
      → B(idx=281) 20241006_2ppm铬离子污染测试_旧版电解槽_ion_firecloud_[30, 32, 34, 36].xlsx  times=[30, 32, 34, 36]  dummy=False
  [35] A(idx=281) 20241006_2ppm铬离子污染测试_旧版电解槽_ion_firecloud_[30, 32, 34, 36].xlsx  times=[30, 32, 34, 36]
      → B(idx=637) 20241006_2ppm铬离子污染测试_旧版电解槽_ion_firecloud_[32, 34, 36, 38].xlsx  times=[32, 34, 36, 38]  dummy=False
  [36] A(idx=637) 20241006_2ppm铬离子污染测试_旧版电解槽_ion_firecloud_[32, 34, 36, 38].xlsx  times=[32, 34, 36, 38]
      → B(idx=296) 20241006_2ppm铬离子污染测试_旧版电解槽_ion_firecloud_[34, 36, 38, 40].xlsx  times=[34, 36, 38, 40]  dummy=False
  [37] A(idx=296) 20241006_2ppm铬离子污染测试_旧版电解槽_ion_firecloud_[34, 36, 38, 40].xlsx  times=[34, 36, 38, 40]
      → B(idx=105) 20241006_2ppm铬离子污染测试_旧版电解槽_ion_firecloud_[36, 38, 40, 42].xlsx  times=[36, 38, 40, 42]  dummy=False
  [38] A(idx=105) 20241006_2ppm铬离子污染测试_旧版电解槽_ion_firecloud_[36, 38, 40, 42].xlsx  times=[36, 38, 40, 42]
      → B(idx=758) 20241006_2ppm铬离子污染测试_旧版电解槽_ion_firecloud_[38, 40, 42, 44].xlsx  times=[38, 40, 42, 44]  dummy=False
  [39] A(idx=758) 20241006_2ppm铬离子污染测试_旧版电解槽_ion_firecloud_[38, 40, 42, 44].xlsx  times=[38, 40, 42, 44]
      → B(idx=124) 20241006_2ppm铬离子污染测试_旧版电解槽_ion_firecloud_[40, 42, 44, 46].xlsx  times=[40, 42, 44, 46]  dummy=False
  [40] A(idx=124) 20241006_2ppm铬离子污染测试_旧版电解槽_ion_firecloud_[40, 42, 44, 46].xlsx  times=[40, 42, 44, 46]
      → B(idx=477) 20241006_2ppm铬离子污染测试_旧版电解槽_ion_firecloud_[42, 44, 46, 48].xlsx  times=[42, 44, 46, 48]  dummy=False
  [41] A(idx=477) 20241006_2ppm铬离子污染测试_旧版电解槽_ion_firecloud_[42, 44, 46, 48].xlsx  times=[42, 44, 46, 48]
      → B(idx=93) 20241006_2ppm铬离子污染测试_旧版电解槽_ion_firecloud_[44, 46, 48, 50].xlsx  times=[44, 46, 48, 50]  dummy=False
  [42] A(idx=93) 20241006_2ppm铬离子污染测试_旧版电解槽_ion_firecloud_[44, 46, 48, 50].xlsx  times=[44, 46, 48, 50]
      → B(idx=623) 20241006_2ppm铬离子污染测试_旧版电解槽_ion_firecloud_[46, 48, 50, 52].xlsx  times=[46, 48, 50, 52]  dummy=False
  [43] A(idx=623) 20241006_2ppm铬离子污染测试_旧版电解槽_ion_firecloud_[46, 48, 50, 52].xlsx  times=[46, 48, 50, 52]
      → B(idx=623) 20241006_2ppm铬离子污染测试_旧版电解槽_ion_firecloud_[46, 48, 50, 52].xlsx  times=[46, 48, 50, 52]  dummy=True
  [44] A(idx=628) 20241117_2ppm钠离子污染及恢复测试40摄氏度_新版电解槽_ion_gamry_[12, 14, 16, 18].xlsx  times=[12, 14, 16, 18]
      → B(idx=51) 20241117_2ppm钠离子污染及恢复测试40摄氏度_新版电解槽_ion_gamry_[14, 16, 18, 20].xlsx  times=[14, 16, 18, 20]  dummy=False
  [45] A(idx=51) 20241117_2ppm钠离子污染及恢复测试40摄氏度_新版电解槽_ion_gamry_[14, 16, 18, 20].xlsx  times=[14, 16, 18, 20]
      → B(idx=622) 20241117_2ppm钠离子污染及恢复测试40摄氏度_新版电解槽_ion_gamry_[16, 18, 20, 22].xlsx  times=[16, 18, 20, 22]  dummy=False
  [46] A(idx=622) 20241117_2ppm钠离子污染及恢复测试40摄氏度_新版电解槽_ion_gamry_[16, 18, 20, 22].xlsx  times=[16, 18, 20, 22]
      → B(idx=577) 20241117_2ppm钠离子污染及恢复测试40摄氏度_新版电解槽_ion_gamry_[18, 20, 22, 24].xlsx  times=[18, 20, 22, 24]  dummy=False
  [47] A(idx=577) 20241117_2ppm钠离子污染及恢复测试40摄氏度_新版电解槽_ion_gamry_[18, 20, 22, 24].xlsx  times=[18, 20, 22, 24]
      → B(idx=168) 20241117_2ppm钠离子污染及恢复测试40摄氏度_新版电解槽_ion_gamry_[20, 22, 24, 26].xlsx  times=[20, 22, 24, 26]  dummy=False
  [48] A(idx=168) 20241117_2ppm钠离子污染及恢复测试40摄氏度_新版电解槽_ion_gamry_[20, 22, 24, 26].xlsx  times=[20, 22, 24, 26]
      → B(idx=3) 20241117_2ppm钠离子污染及恢复测试40摄氏度_新版电解槽_ion_gamry_[22, 24, 26, 28].xlsx  times=[22, 24, 26, 28]  dummy=False
  [49] A(idx=3) 20241117_2ppm钠离子污染及恢复测试40摄氏度_新版电解槽_ion_gamry_[22, 24, 26, 28].xlsx  times=[22, 24, 26, 28]
      → B(idx=496) 20241117_2ppm钠离子污染及恢复测试40摄氏度_新版电解槽_ion_gamry_[24, 26, 28, 30].xlsx  times=[24, 26, 28, 30]  dummy=False
  [50] A(idx=496) 20241117_2ppm钠离子污染及恢复测试40摄氏度_新版电解槽_ion_gamry_[24, 26, 28, 30].xlsx  times=[24, 26, 28, 30]
      → B(idx=39) 20241117_2ppm钠离子污染及恢复测试40摄氏度_新版电解槽_ion_gamry_[26, 28, 30, 32].xlsx  times=[26, 28, 30, 32]  dummy=False

[PairDataset][Summary]
- total files:        784
- parsed OK:          784
- regex fail:         0
- parse times fail:   0
- empty times:        0
- total pairs:        784  (keep_unpaired=self)
- distinct prefixes:  97
- prefixes coverage (first few):
  [1] 20241107_0.1ppm钙离子污染及恢复测试_新版电解槽_ion_firecloud_[* -> windows=16, adj_pairs=10/15
  [2] 20240910_10ppm钙离子污染测试_新版电解槽_ion_column_gamry_[* -> windows=8, adj_pairs=5/7
  [3] 20241006_2ppm铬离子污染测试_旧版电解槽_ion_firecloud_[* -> windows=19, adj_pairs=14/18
  [4] 20241117_2ppm钠离子污染及恢复测试40摄氏度_新版电解槽_ion_gamry_[* -> windows=14, adj_pairs=11/13
  [5] 20241227_10ppm铜离子污染及恢复测试_旧版电解槽_ion_gamry_[* -> windows=16, adj_pairs=10/15
  [6] 20241003_2ppm镍离子污染测试_新版电解槽_ion_gamry_[* -> windows=9, adj_pairs=2/8
  [7] 20241112_2ppm钠离子污染和恢复测试80摄氏度_新版电解槽_ion_column_renew_H2SO4_gamry_[* -> windows=14, adj_pairs=11/13
  [8] 20240910_10ppm钙离子污染测试_新版电解槽_ion_gamry_[* -> windows=12, adj_pairs=3/11
  [9] 20241213_2ppm钠离子污染及恢复测试_新版电解槽_ion_column_renew_H2SO4_gamry_[* -> windows=7, adj_pairs=4/6
  [10] 20241010_2ppm钠离子污染测试_新版电解槽_ion_firecloud_[* -> windows=10, adj_pairs=4/9
- unadjacent gaps samples: 143 (showing first 0)

[PairDataset][Explain] focus_prefix_contains='20240915_2ppm铜离子污染测试_旧版电解槽_ion_firecloud_'
  - PREFIX: 20240915_2ppm铜离子污染测试_旧版电解槽_ion_firecloud_[* windows=11
    windows (sorted by first,last):
      · 20240915_2ppm铜离子污染测试_旧版电解槽_ion_firecloud_[0, 2, 4, 6].xlsx  -> times=[0, 2, 4, 6]  first=0 last=6
      · 20240915_2ppm铜离子污染测试_旧版电解槽_ion_firecloud_[2, 4, 6, 8].xlsx  -> times=[2, 4, 6, 8]  first=2 last=8
      · 20240915_2ppm铜离子污染测试_旧版电解槽_ion_firecloud_[4, 6, 8, 10].xlsx  -> times=[4, 6, 8, 10]  first=4 last=10
      · 20240915_2ppm铜离子污染测试_旧版电解槽_ion_firecloud_[6, 8, 10, 12].xlsx  -> times=[6, 8, 10, 12]  first=6 last=12
      · 20240915_2ppm铜离子污染测试_旧版电解槽_ion_firecloud_[8, 10, 12, 14].xlsx  -> times=[8, 10, 12, 14]  first=8 last=14
      · 20240915_2ppm铜离子污染测试_旧版电解槽_ion_firecloud_[10, 12, 14, 16].xlsx  -> times=[10, 12, 14, 16]  first=10 last=16
      · 20240915_2ppm铜离子污染测试_旧版电解槽_ion_firecloud_[12, 14, 16, 18].xlsx  -> times=[12, 14, 16, 18]  first=12 last=18
      · 20240915_2ppm铜离子污染测试_旧版电解槽_ion_firecloud_[14, 16, 18, 20].xlsx  -> times=[14, 16, 18, 20]  first=14 last=20
      · 20240915_2ppm铜离子污染测试_旧版电解槽_ion_firecloud_[16, 18, 20, 22].xlsx  -> times=[16, 18, 20, 22]  first=16 last=22
      · 20240915_2ppm铜离子污染测试_旧版电解槽_ion_firecloud_[18, 20, 22, 24].xlsx  -> times=[18, 20, 22, 24]  first=18 last=24
      · 20240915_2ppm铜离子污染测试_旧版电解槽_ion_firecloud_[20, 22, 24, 26].xlsx  -> times=[20, 22, 24, 26]  first=20 last=26
      MISS: 6 -> 2   (20240915_2ppm铜离子污染测试_旧版电解槽_ion_firecloud_[0, 2, 4, 6].xlsx  →  20240915_2ppm铜离子污染测试_旧版电解槽_ion_firecloud_[2, 4, 6, 8].xlsx)
      MISS: 8 -> 4   (20240915_2ppm铜离子污染测试_旧版电解槽_ion_firecloud_[2, 4, 6, 8].xlsx  →  20240915_2ppm铜离子污染测试_旧版电解槽_ion_firecloud_[4, 6, 8, 10].xlsx)
      MISS: 10 -> 6   (20240915_2ppm铜离子污染测试_旧版电解槽_ion_firecloud_[4, 6, 8, 10].xlsx  →  20240915_2ppm铜离子污染测试_旧版电解槽_ion_firecloud_[6, 8, 10, 12].xlsx)
      MISS: 12 -> 8   (20240915_2ppm铜离子污染测试_旧版电解槽_ion_firecloud_[6, 8, 10, 12].xlsx  →  20240915_2ppm铜离子污染测试_旧版电解槽_ion_firecloud_[8, 10, 12, 14].xlsx)
      MISS: 14 -> 10   (20240915_2ppm铜离子污染测试_旧版电解槽_ion_firecloud_[8, 10, 12, 14].xlsx  →  20240915_2ppm铜离子污染测试_旧版电解槽_ion_firecloud_[10, 12, 14, 16].xlsx)
      MISS: 16 -> 12   (20240915_2ppm铜离子污染测试_旧版电解槽_ion_firecloud_[10, 12, 14, 16].xlsx  →  20240915_2ppm铜离子污染测试_旧版电解槽_ion_firecloud_[12, 14, 16, 18].xlsx)
      MISS: 18 -> 14   (20240915_2ppm铜离子污染测试_旧版电解槽_ion_firecloud_[12, 14, 16, 18].xlsx  →  20240915_2ppm铜离子污染测试_旧版电解槽_ion_firecloud_[14, 16, 18, 20].xlsx)
      MISS: 20 -> 16   (20240915_2ppm铜离子污染测试_旧版电解槽_ion_firecloud_[14, 16, 18, 20].xlsx  →  20240915_2ppm铜离子污染测试_旧版电解槽_ion_firecloud_[16, 18, 20, 22].xlsx)
      MISS: 22 -> 18   (20240915_2ppm铜离子污染测试_旧版电解槽_ion_firecloud_[16, 18, 20, 22].xlsx  →  20240915_2ppm铜离子污染测试_旧版电解槽_ion_firecloud_[18, 20, 22, 24].xlsx)
      MISS: 24 -> 20   (20240915_2ppm铜离子污染测试_旧版电解槽_ion_firecloud_[18, 20, 22, 24].xlsx  →  20240915_2ppm铜离子污染测试_旧版电解槽_ion_firecloud_[20, 22, 24, 26].xlsx)

[PairDataset][Example pairs] (show up to 50)
  [1] A(idx=0) 20240918_2ppm钙离子污染测试_新版电解槽_ion_gamry_[10, 12, 14, 16].xlsx  times=[10, 12, 14, 16]
      → B(idx=0) 20240918_2ppm钙离子污染测试_新版电解槽_ion_gamry_[10, 12, 14, 16].xlsx  times=[10, 12, 14, 16]  dummy=True
  [2] A(idx=92) 20240918_2ppm钙离子污染测试_新版电解槽_ion_gamry_[14, 16, 18, 20].xlsx  times=[14, 16, 18, 20]
      → B(idx=92) 20240918_2ppm钙离子污染测试_新版电解槽_ion_gamry_[14, 16, 18, 20].xlsx  times=[14, 16, 18, 20]  dummy=True
  [3] A(idx=1) 20241028_2ppm钠离子污染和恢复测试_旧版电解槽_ion_column_renew_H2SO4_gamry_[2, 4, 6, 8].xlsx  times=[2, 4, 6, 8]
      → B(idx=94) 20241028_2ppm钠离子污染和恢复测试_旧版电解槽_ion_column_renew_H2SO4_gamry_[4, 6, 8, 10].xlsx  times=[4, 6, 8, 10]  dummy=False
  [4] A(idx=94) 20241028_2ppm钠离子污染和恢复测试_旧版电解槽_ion_column_renew_H2SO4_gamry_[4, 6, 8, 10].xlsx  times=[4, 6, 8, 10]
      → B(idx=94) 20241028_2ppm钠离子污染和恢复测试_旧版电解槽_ion_column_renew_H2SO4_gamry_[4, 6, 8, 10].xlsx  times=[4, 6, 8, 10]  dummy=True
  [5] A(idx=125) 20241010_2ppm钠离子污染测试_新版电解槽_ion_column_firecloud_[6, 8, 10, 12].xlsx  times=[6, 8, 10, 12]
      → B(idx=2) 20241010_2ppm钠离子污染测试_新版电解槽_ion_column_firecloud_[8, 10, 12, 14].xlsx  times=[8, 10, 12, 14]  dummy=False
  [6] A(idx=2) 20241010_2ppm钠离子污染测试_新版电解槽_ion_column_firecloud_[8, 10, 12, 14].xlsx  times=[8, 10, 12, 14]
      → B(idx=2) 20241010_2ppm钠离子污染测试_新版电解槽_ion_column_firecloud_[8, 10, 12, 14].xlsx  times=[8, 10, 12, 14]  dummy=True
  [7] A(idx=20) 20241101_2ppm铜离子污染和恢复测试_旧版电解槽_ion_firecloud_[0, 2, 4, 6].xlsx  times=[0, 2, 4, 6]
      → B(idx=20) 20241101_2ppm铜离子污染和恢复测试_旧版电解槽_ion_firecloud_[0, 2, 4, 6].xlsx  times=[0, 2, 4, 6]  dummy=True
  [8] A(idx=3) 20241101_2ppm铜离子污染和恢复测试_旧版电解槽_ion_firecloud_[10, 12, 14, 16].xlsx  times=[10, 12, 14, 16]
      → B(idx=3) 20241101_2ppm铜离子污染和恢复测试_旧版电解槽_ion_firecloud_[10, 12, 14, 16].xlsx  times=[10, 12, 14, 16]  dummy=True
  [9] A(idx=31) 20241101_2ppm铜离子污染和恢复测试_旧版电解槽_ion_firecloud_[20, 22, 24, 26].xlsx  times=[20, 22, 24, 26]
      → B(idx=31) 20241101_2ppm铜离子污染和恢复测试_旧版电解槽_ion_firecloud_[20, 22, 24, 26].xlsx  times=[20, 22, 24, 26]  dummy=True
  [10] A(idx=48) 20240831_10ppm镍离子污染测试_新版电解槽_ion_gamry_[0, 2, 4, 6].xlsx  times=[0, 2, 4, 6]
      → B(idx=48) 20240831_10ppm镍离子污染测试_新版电解槽_ion_gamry_[0, 2, 4, 6].xlsx  times=[0, 2, 4, 6]  dummy=True
  [11] A(idx=41) 20240831_10ppm镍离子污染测试_新版电解槽_ion_gamry_[4, 6, 8, 10].xlsx  times=[4, 6, 8, 10]
      → B(idx=41) 20240831_10ppm镍离子污染测试_新版电解槽_ion_gamry_[4, 6, 8, 10].xlsx  times=[4, 6, 8, 10]  dummy=True
  [12] A(idx=139) 20240831_10ppm镍离子污染测试_新版电解槽_ion_gamry_[16, 18, 20, 22].xlsx  times=[16, 18, 20, 22]
      → B(idx=4) 20240831_10ppm镍离子污染测试_新版电解槽_ion_gamry_[18, 20, 22, 24].xlsx  times=[18, 20, 22, 24]  dummy=False
  [13] A(idx=4) 20240831_10ppm镍离子污染测试_新版电解槽_ion_gamry_[18, 20, 22, 24].xlsx  times=[18, 20, 22, 24]
      → B(idx=4) 20240831_10ppm镍离子污染测试_新版电解槽_ion_gamry_[18, 20, 22, 24].xlsx  times=[18, 20, 22, 24]  dummy=True
  [14] A(idx=5) 20241122_2ppm铜离子污染及恢复测试40摄氏度_新版电解槽_ion_column_renew_H2SO4_gamry_[14, 16, 18, 20].xlsx  times=[14, 16, 18, 20]
      → B(idx=5) 20241122_2ppm铜离子污染及恢复测试40摄氏度_新版电解槽_ion_column_renew_H2SO4_gamry_[14, 16, 18, 20].xlsx  times=[14, 16, 18, 20]  dummy=True
  [15] A(idx=93) 20241010_2ppm钠离子污染测试_新版电解槽_ion_firecloud_[4, 6, 8, 10].xlsx  times=[4, 6, 8, 10]
      → B(idx=93) 20241010_2ppm钠离子污染测试_新版电解槽_ion_firecloud_[4, 6, 8, 10].xlsx  times=[4, 6, 8, 10]  dummy=True
  [16] A(idx=104) 20241010_2ppm钠离子污染测试_新版电解槽_ion_firecloud_[12, 14, 16, 18].xlsx  times=[12, 14, 16, 18]
      → B(idx=104) 20241010_2ppm钠离子污染测试_新版电解槽_ion_firecloud_[12, 14, 16, 18].xlsx  times=[12, 14, 16, 18]  dummy=True
  [17] A(idx=135) 20241010_2ppm钠离子污染测试_新版电解槽_ion_firecloud_[16, 18, 20, 22].xlsx  times=[16, 18, 20, 22]
      → B(idx=135) 20241010_2ppm钠离子污染测试_新版电解槽_ion_firecloud_[16, 18, 20, 22].xlsx  times=[16, 18, 20, 22]  dummy=True
  [18] A(idx=6) 20241010_2ppm钠离子污染测试_新版电解槽_ion_firecloud_[36, 38, 40, 42].xlsx  times=[36, 38, 40, 42]
      → B(idx=6) 20241010_2ppm钠离子污染测试_新版电解槽_ion_firecloud_[36, 38, 40, 42].xlsx  times=[36, 38, 40, 42]  dummy=True
  [19] A(idx=55) 20241029_2ppm铁离子污染和恢复测试_新版电解槽_ion_firecloud_[26, 28, 30, 32].xlsx  times=[26, 28, 30, 32]
      → B(idx=55) 20241029_2ppm铁离子污染和恢复测试_新版电解槽_ion_firecloud_[26, 28, 30, 32].xlsx  times=[26, 28, 30, 32]  dummy=True
  [20] A(idx=7) 20241029_2ppm铁离子污染和恢复测试_新版电解槽_ion_firecloud_[30, 32, 34, 36].xlsx  times=[30, 32, 34, 36]
      → B(idx=7) 20241029_2ppm铁离子污染和恢复测试_新版电解槽_ion_firecloud_[30, 32, 34, 36].xlsx  times=[30, 32, 34, 36]  dummy=True
  [21] A(idx=141) 20241029_2ppm铁离子污染和恢复测试_新版电解槽_ion_firecloud_[34, 36, 38, 40].xlsx  times=[34, 36, 38, 40]
      → B(idx=141) 20241029_2ppm铁离子污染和恢复测试_新版电解槽_ion_firecloud_[34, 36, 38, 40].xlsx  times=[34, 36, 38, 40]  dummy=True
  [22] A(idx=47) 20241029_2ppm铁离子污染和恢复测试_新版电解槽_ion_firecloud_[46, 48, 50, 52].xlsx  times=[46, 48, 50, 52]
      → B(idx=47) 20241029_2ppm铁离子污染和恢复测试_新版电解槽_ion_firecloud_[46, 48, 50, 52].xlsx  times=[46, 48, 50, 52]  dummy=True
  [23] A(idx=8) 20241227_10ppm铜离子污染及恢复测试_旧版电解槽_ion_column_renew_H2SO4_gamry_[8, 10, 12, 14].xlsx  times=[8, 10, 12, 14]
      → B(idx=8) 20241227_10ppm铜离子污染及恢复测试_旧版电解槽_ion_column_renew_H2SO4_gamry_[8, 10, 12, 14].xlsx  times=[8, 10, 12, 14]  dummy=True
  [24] A(idx=88) 20241227_10ppm铜离子污染及恢复测试_旧版电解槽_ion_column_renew_H2SO4_gamry_[24, 26, 28, 30].xlsx  times=[24, 26, 28, 30]
      → B(idx=134) 20241227_10ppm铜离子污染及恢复测试_旧版电解槽_ion_column_renew_H2SO4_gamry_[26, 28, 30, 32].xlsx  times=[26, 28, 30, 32]  dummy=False
  [25] A(idx=134) 20241227_10ppm铜离子污染及恢复测试_旧版电解槽_ion_column_renew_H2SO4_gamry_[26, 28, 30, 32].xlsx  times=[26, 28, 30, 32]
      → B(idx=134) 20241227_10ppm铜离子污染及恢复测试_旧版电解槽_ion_column_renew_H2SO4_gamry_[26, 28, 30, 32].xlsx  times=[26, 28, 30, 32]  dummy=True
  [26] A(idx=27) 20241017_2ppm铬离子污染和恢复测试_新版电解槽_ion_gamry_[0, 2, 4, 6].xlsx  times=[0, 2, 4, 6]
      → B(idx=27) 20241017_2ppm铬离子污染和恢复测试_新版电解槽_ion_gamry_[0, 2, 4, 6].xlsx  times=[0, 2, 4, 6]  dummy=True
  [27] A(idx=9) 20241017_2ppm铬离子污染和恢复测试_新版电解槽_ion_gamry_[20, 22, 24, 26].xlsx  times=[20, 22, 24, 26]
      → B(idx=9) 20241017_2ppm铬离子污染和恢复测试_新版电解槽_ion_gamry_[20, 22, 24, 26].xlsx  times=[20, 22, 24, 26]  dummy=True
  [28] A(idx=10) 20241024_2ppm铁离子污染和恢复测试_新版电解槽_ion_column_renew_H2SO4_firecloud_[12, 14, 16, 18].xlsx  times=[12, 14, 16, 18]
      → B(idx=10) 20241024_2ppm铁离子污染和恢复测试_新版电解槽_ion_column_renew_H2SO4_firecloud_[12, 14, 16, 18].xlsx  times=[12, 14, 16, 18]  dummy=True
  [29] A(idx=136) 20241024_2ppm铁离子污染和恢复测试_新版电解槽_ion_column_renew_H2SO4_firecloud_[18, 20, 22, 24].xlsx  times=[18, 20, 22, 24]
      → B(idx=136) 20241024_2ppm铁离子污染和恢复测试_新版电解槽_ion_column_renew_H2SO4_firecloud_[18, 20, 22, 24].xlsx  times=[18, 20, 22, 24]  dummy=True
  [30] A(idx=11) 20241117_2ppm钠离子污染及恢复测试10mlmin_旧版电解槽_ion_gamry_[2, 4, 6, 8].xlsx  times=[2, 4, 6, 8]
      → B(idx=11) 20241117_2ppm钠离子污染及恢复测试10mlmin_旧版电解槽_ion_gamry_[2, 4, 6, 8].xlsx  times=[2, 4, 6, 8]  dummy=True
  [31] A(idx=140) 20241117_2ppm钠离子污染及恢复测试10mlmin_旧版电解槽_ion_gamry_[10, 12, 14, 16].xlsx  times=[10, 12, 14, 16]
      → B(idx=140) 20241117_2ppm钠离子污染及恢复测试10mlmin_旧版电解槽_ion_gamry_[10, 12, 14, 16].xlsx  times=[10, 12, 14, 16]  dummy=True
  [32] A(idx=78) 20241117_2ppm钠离子污染及恢复测试10mlmin_旧版电解槽_ion_gamry_[30, 32, 34, 36].xlsx  times=[30, 32, 34, 36]
      → B(idx=78) 20241117_2ppm钠离子污染及恢复测试10mlmin_旧版电解槽_ion_gamry_[30, 32, 34, 36].xlsx  times=[30, 32, 34, 36]  dummy=True
  [33] A(idx=138) 20241211_2ppm铜离子污染及恢复测试80摄氏度_旧版电解槽_ion_gamry_[28, 30, 32, 34].xlsx  times=[28, 30, 32, 34]
      → B(idx=138) 20241211_2ppm铜离子污染及恢复测试80摄氏度_旧版电解槽_ion_gamry_[28, 30, 32, 34].xlsx  times=[28, 30, 32, 34]  dummy=True
  [34] A(idx=12) 20241211_2ppm铜离子污染及恢复测试80摄氏度_旧版电解槽_ion_gamry_[32, 34, 36, 38].xlsx  times=[32, 34, 36, 38]
      → B(idx=12) 20241211_2ppm铜离子污染及恢复测试80摄氏度_旧版电解槽_ion_gamry_[32, 34, 36, 38].xlsx  times=[32, 34, 36, 38]  dummy=True
  [35] A(idx=108) 20241211_2ppm铜离子污染及恢复测试80摄氏度_旧版电解槽_ion_gamry_[38, 40, 42, 44].xlsx  times=[38, 40, 42, 44]
      → B(idx=108) 20241211_2ppm铜离子污染及恢复测试80摄氏度_旧版电解槽_ion_gamry_[38, 40, 42, 44].xlsx  times=[38, 40, 42, 44]  dummy=True
  [36] A(idx=143) 20241213_2ppm钠离子污染及恢复测试_新版电解槽_ion_gamry_[0, 2, 4, 6].xlsx  times=[0, 2, 4, 6]
      → B(idx=70) 20241213_2ppm钠离子污染及恢复测试_新版电解槽_ion_gamry_[2, 4, 6, 8].xlsx  times=[2, 4, 6, 8]  dummy=False
  [37] A(idx=70) 20241213_2ppm钠离子污染及恢复测试_新版电解槽_ion_gamry_[2, 4, 6, 8].xlsx  times=[2, 4, 6, 8]
      → B(idx=70) 20241213_2ppm钠离子污染及恢复测试_新版电解槽_ion_gamry_[2, 4, 6, 8].xlsx  times=[2, 4, 6, 8]  dummy=True
  [38] A(idx=13) 20241213_2ppm钠离子污染及恢复测试_新版电解槽_ion_gamry_[22, 24, 26, 28].xlsx  times=[22, 24, 26, 28]
      → B(idx=13) 20241213_2ppm钠离子污染及恢复测试_新版电解槽_ion_gamry_[22, 24, 26, 28].xlsx  times=[22, 24, 26, 28]  dummy=True
  [39] A(idx=14) 20240822_10ppm铜离子污染测试_新版电解槽_ion_gamry_[10, 12, 14, 16].xlsx  times=[10, 12, 14, 16]
      → B(idx=14) 20240822_10ppm铜离子污染测试_新版电解槽_ion_gamry_[10, 12, 14, 16].xlsx  times=[10, 12, 14, 16]  dummy=True
  [40] A(idx=51) 20241112_2ppm钠离子污染和恢复测试80摄氏度_新版电解槽_ion_gamry_[28, 30, 32, 34].xlsx  times=[28, 30, 32, 34]
      → B(idx=51) 20241112_2ppm钠离子污染和恢复测试80摄氏度_新版电解槽_ion_gamry_[28, 30, 32, 34].xlsx  times=[28, 30, 32, 34]  dummy=True
  [41] A(idx=126) 20241112_2ppm钠离子污染和恢复测试80摄氏度_新版电解槽_ion_gamry_[34, 36, 38, 40].xlsx  times=[34, 36, 38, 40]
      → B(idx=15) 20241112_2ppm钠离子污染和恢复测试80摄氏度_新版电解槽_ion_gamry_[36, 38, 40, 42].xlsx  times=[36, 38, 40, 42]  dummy=False
  [42] A(idx=15) 20241112_2ppm钠离子污染和恢复测试80摄氏度_新版电解槽_ion_gamry_[36, 38, 40, 42].xlsx  times=[36, 38, 40, 42]
      → B(idx=15) 20241112_2ppm钠离子污染和恢复测试80摄氏度_新版电解槽_ion_gamry_[36, 38, 40, 42].xlsx  times=[36, 38, 40, 42]  dummy=True
  [43] A(idx=16) 20240831_10ppm镍离子污染测试_新版电解槽_ion_column_gamry_[0, 2, 4, 6].xlsx  times=[0, 2, 4, 6]
      → B(idx=16) 20240831_10ppm镍离子污染测试_新版电解槽_ion_column_gamry_[0, 2, 4, 6].xlsx  times=[0, 2, 4, 6]  dummy=True
  [44] A(idx=17) 20241112_2ppm镍离子污染及恢复测试_旧版电解槽_ion_column_gamry_[12, 14, 16, 18].xlsx  times=[12, 14, 16, 18]
      → B(idx=17) 20241112_2ppm镍离子污染及恢复测试_旧版电解槽_ion_column_gamry_[12, 14, 16, 18].xlsx  times=[12, 14, 16, 18]  dummy=True
  [45] A(idx=18) 20241013_2ppm铝离子污染测试_新版电解槽_ion_column_firecloud_[8, 10, 12, 14].xlsx  times=[8, 10, 12, 14]
      → B(idx=18) 20241013_2ppm铝离子污染测试_新版电解槽_ion_column_firecloud_[8, 10, 12, 14].xlsx  times=[8, 10, 12, 14]  dummy=True
  [46] A(idx=90) 20241013_2ppm铝离子污染测试_新版电解槽_ion_column_firecloud_[16, 18, 20, 22].xlsx  times=[16, 18, 20, 22]
      → B(idx=90) 20241013_2ppm铝离子污染测试_新版电解槽_ion_column_firecloud_[16, 18, 20, 22].xlsx  times=[16, 18, 20, 22]  dummy=True
  [47] A(idx=19) 20241024_2ppm铁离子污染和恢复测试_新版电解槽_ion_column_firecloud_[2, 4, 6, 8].xlsx  times=[2, 4, 6, 8]
      → B(idx=19) 20241024_2ppm铁离子污染和恢复测试_新版电解槽_ion_column_firecloud_[2, 4, 6, 8].xlsx  times=[2, 4, 6, 8]  dummy=True
  [48] A(idx=56) 20241024_2ppm铁离子污染和恢复测试_新版电解槽_ion_column_firecloud_[10, 12, 14, 16].xlsx  times=[10, 12, 14, 16]
      → B(idx=56) 20241024_2ppm铁离子污染和恢复测试_新版电解槽_ion_column_firecloud_[10, 12, 14, 16].xlsx  times=[10, 12, 14, 16]  dummy=True
  [49] A(idx=67) 20241024_2ppm铁离子污染和恢复测试_新版电解槽_ion_column_firecloud_[18, 20, 22, 24].xlsx  times=[18, 20, 22, 24]
      → B(idx=67) 20241024_2ppm铁离子污染和恢复测试_新版电解槽_ion_column_firecloud_[18, 20, 22, 24].xlsx  times=[18, 20, 22, 24]  dummy=True
  [50] A(idx=21) 20240918_2ppm钙离子污染测试_新版电解槽_ion_column_gamry_[2, 4, 6, 8].xlsx  times=[2, 4, 6, 8]
      → B(idx=80) 20240918_2ppm钙离子污染测试_新版电解槽_ion_column_gamry_[4, 6, 8, 10].xlsx  times=[4, 6, 8, 10]  dummy=False

[PairDataset][Summary]
- total files:        146
- parsed OK:          146
- regex fail:         0
- parse times fail:   0
- empty times:        0
- total pairs:        146  (keep_unpaired=self)
- distinct prefixes:  77
- prefixes coverage (first few):
  [1] 20240918_2ppm钙离子污染测试_新版电解槽_ion_gamry_[* -> windows=2, adj_pairs=0/1
  [2] 20241028_2ppm钠离子污染和恢复测试_旧版电解槽_ion_column_renew_H2SO4_gamry_[* -> windows=2, adj_pairs=0/1
  [3] 20241010_2ppm钠离子污染测试_新版电解槽_ion_column_firecloud_[* -> windows=2, adj_pairs=0/1
  [4] 20241101_2ppm铜离子污染和恢复测试_旧版电解槽_ion_firecloud_[* -> windows=3, adj_pairs=0/2
  [5] 20240831_10ppm镍离子污染测试_新版电解槽_ion_gamry_[* -> windows=4, adj_pairs=0/3
  [6] 20241122_2ppm铜离子污染及恢复测试40摄氏度_新版电解槽_ion_column_renew_H2SO4_gamry_[* -> windows=1, adj_pairs=0/0
  [7] 20241010_2ppm钠离子污染测试_新版电解槽_ion_firecloud_[* -> windows=4, adj_pairs=0/3
  [8] 20241029_2ppm铁离子污染和恢复测试_新版电解槽_ion_firecloud_[* -> windows=4, adj_pairs=0/3
  [9] 20241227_10ppm铜离子污染及恢复测试_旧版电解槽_ion_column_renew_H2SO4_gamry_[* -> windows=3, adj_pairs=0/2
  [10] 20241017_2ppm铬离子污染和恢复测试_新版电解槽_ion_gamry_[* -> windows=2, adj_pairs=0/1
- unadjacent gaps samples: 132 (showing first 0)
num base train samples: 784
num base val   samples: 146
num pair train samples: 784
num pair val   samples: 146
dummy_mask[0] = False
🧩 新模型: 117,959 参数 (117,959 可训练)
📝 TensorBoard 日志目录: /home/kudouzala/Application/ion_detect/output/tensorboard/exp_new_b_num_tp2
🔥 Warmup: 100 epochs (LR × 0.01 → 1.0)
📈 Cosine Annealing LR 调度 (T_max=900)
[New] Epoch 1/1000 | classify: 5.1413 | total: 5.1413
[New] Epoch 2/1000 | classify: 4.8171 | total: 4.8171
[New] Epoch 3/1000 | classify: 4.7165 | total: 4.7165
[New] Epoch 4/1000 | classify: 4.5945 | total: 4.5945
[New] Epoch 5/1000 | classify: 4.5031 | total: 4.5031
[New] Epoch 6/1000 | classify: 4.5073 | total: 4.5073
[New] Epoch 7/1000 | classify: 4.2324 | total: 4.2324
[New] Epoch 8/1000 | classify: 4.3227 | total: 4.3227
[New] Epoch 9/1000 | classify: 4.2248 | total: 4.2248
[New] Epoch 10/1000 | classify: 4.1769 | total: 4.1769
--- 验证集 [epoch 10] ---
  准确率 (Accuracy):  0.5548
  精确率 (Precision): 0.2640
  召回率 (Recall):    0.2840
  F1 分数 (F1):       0.2155
✅ 模型已保存到 /home/kudouzala/Application/ion_detect/output/trained_model_save/exp_new_b_num_tp2/trained_model_epoch_best.pth
  🏆 新最佳 F1=0.2155，已保存 best 模型
[New] Epoch 11/1000 | classify: 3.7900 | total: 3.7900
[New] Epoch 12/1000 | classify: 3.7564 | total: 3.7564
[New] Epoch 13/1000 | classify: 4.1626 | total: 4.1626
[New] Epoch 14/1000 | classify: 3.6567 | total: 3.6567
[New] Epoch 15/1000 | classify: 3.9376 | total: 3.9376
[New] Epoch 16/1000 | classify: 3.6670 | total: 3.6670
[New] Epoch 17/1000 | classify: 3.7180 | total: 3.7180
[New] Epoch 18/1000 | classify: 3.7730 | total: 3.7730
[New] Epoch 19/1000 | classify: 3.7210 | total: 3.7210
[New] Epoch 20/1000 | classify: 3.6521 | total: 3.6521
--- 验证集 [epoch 20] ---
  准确率 (Accuracy):  0.6027
  精确率 (Precision): 0.3251
  召回率 (Recall):    0.3816
  F1 分数 (F1):       0.3381
✅ 模型已保存到 /home/kudouzala/Application/ion_detect/output/trained_model_save/exp_new_b_num_tp2/trained_model_epoch_best.pth
  🏆 新最佳 F1=0.3381，已保存 best 模型
[New] Epoch 21/1000 | classify: 3.7413 | total: 3.7413
[New] Epoch 22/1000 | classify: 3.6495 | total: 3.6495
[New] Epoch 23/1000 | classify: 3.6537 | total: 3.6537
[New] Epoch 24/1000 | classify: 3.2824 | total: 3.2824
[New] Epoch 25/1000 | classify: 3.5800 | total: 3.5800
[New] Epoch 26/1000 | classify: 3.4758 | total: 3.4758
[New] Epoch 27/1000 | classify: 3.2683 | total: 3.2683
[New] Epoch 28/1000 | classify: 3.5806 | total: 3.5806
[New] Epoch 29/1000 | classify: 3.4117 | total: 3.4117
[New] Epoch 30/1000 | classify: 3.1512 | total: 3.1512
--- 验证集 [epoch 30] ---
  准确率 (Accuracy):  0.6027
  精确率 (Precision): 0.3981
  召回率 (Recall):    0.4128
  F1 分数 (F1):       0.3769
✅ 模型已保存到 /home/kudouzala/Application/ion_detect/output/trained_model_save/exp_new_b_num_tp2/trained_model_epoch_best.pth
  🏆 新最佳 F1=0.3769，已保存 best 模型
[New] Epoch 31/1000 | classify: 3.4419 | total: 3.4419
[New] Epoch 32/1000 | classify: 3.1415 | total: 3.1415
[New] Epoch 33/1000 | classify: 3.3054 | total: 3.3054
[New] Epoch 34/1000 | classify: 3.3116 | total: 3.3116
[New] Epoch 35/1000 | classify: 3.1460 | total: 3.1460
[New] Epoch 36/1000 | classify: 3.0803 | total: 3.0803
[New] Epoch 37/1000 | classify: 3.1661 | total: 3.1661
[New] Epoch 38/1000 | classify: 3.1271 | total: 3.1271
[New] Epoch 39/1000 | classify: 3.1817 | total: 3.1817
[New] Epoch 40/1000 | classify: 3.0339 | total: 3.0339
--- 验证集 [epoch 40] ---
  准确率 (Accuracy):  0.6849
  精确率 (Precision): 0.6253
  召回率 (Recall):    0.5267
  F1 分数 (F1):       0.5519
✅ 模型已保存到 /home/kudouzala/Application/ion_detect/output/trained_model_save/exp_new_b_num_tp2/trained_model_epoch_best.pth
  🏆 新最佳 F1=0.5519，已保存 best 模型
[New] Epoch 41/1000 | classify: 3.3195 | total: 3.3195
[New] Epoch 42/1000 | classify: 3.0870 | total: 3.0870
[New] Epoch 43/1000 | classify: 2.9191 | total: 2.9191
[New] Epoch 44/1000 | classify: 3.1990 | total: 3.1990
[New] Epoch 45/1000 | classify: 3.3211 | total: 3.3211
[New] Epoch 46/1000 | classify: 3.2181 | total: 3.2181
[New] Epoch 47/1000 | classify: 3.0510 | total: 3.0510
[New] Epoch 48/1000 | classify: 2.9548 | total: 2.9548
[New] Epoch 49/1000 | classify: 3.0335 | total: 3.0335
[New] Epoch 50/1000 | classify: 2.8347 | total: 2.8347
--- 验证集 [epoch 50] ---
  准确率 (Accuracy):  0.7055
  精确率 (Precision): 0.6503
  召回率 (Recall):    0.5602
  F1 分数 (F1):       0.5685
✅ 模型已保存到 /home/kudouzala/Application/ion_detect/output/trained_model_save/exp_new_b_num_tp2/trained_model_epoch_best.pth
  🏆 新最佳 F1=0.5685，已保存 best 模型
✅ 模型已保存到 /home/kudouzala/Application/ion_detect/output/trained_model_save/exp_new_b_num_tp2/trained_model_epoch_50.pth
📁 损失值已保存到 /home/kudouzala/Application/ion_detect/output/trained_model_save/exp_new_b_num_tp2/training_loss_epoch_50.csv
[New] Epoch 51/1000 | classify: 2.7445 | total: 2.7445
[New] Epoch 52/1000 | classify: 2.8017 | total: 2.8017
[New] Epoch 53/1000 | classify: 2.9062 | total: 2.9062
[New] Epoch 54/1000 | classify: 3.0736 | total: 3.0736
[New] Epoch 55/1000 | classify: 2.9682 | total: 2.9682
[New] Epoch 56/1000 | classify: 2.9613 | total: 2.9613
[New] Epoch 57/1000 | classify: 2.9621 | total: 2.9621
[New] Epoch 58/1000 | classify: 2.8707 | total: 2.8707
[New] Epoch 59/1000 | classify: 2.9675 | total: 2.9675
[New] Epoch 60/1000 | classify: 2.8889 | total: 2.8889
--- 验证集 [epoch 60] ---
  准确率 (Accuracy):  0.6986
  精确率 (Precision): 0.6407
  召回率 (Recall):    0.5750
  F1 分数 (F1):       0.5852
✅ 模型已保存到 /home/kudouzala/Application/ion_detect/output/trained_model_save/exp_new_b_num_tp2/trained_model_epoch_best.pth
  🏆 新最佳 F1=0.5852，已保存 best 模型
[New] Epoch 61/1000 | classify: 2.9636 | total: 2.9636
[New] Epoch 62/1000 | classify: 2.7854 | total: 2.7854
[New] Epoch 63/1000 | classify: 2.8032 | total: 2.8032
[New] Epoch 64/1000 | classify: 2.9928 | total: 2.9928
[New] Epoch 65/1000 | classify: 2.7652 | total: 2.7652
[New] Epoch 66/1000 | classify: 2.7616 | total: 2.7616
[New] Epoch 67/1000 | classify: 2.8079 | total: 2.8079
[New] Epoch 68/1000 | classify: 2.5183 | total: 2.5183
[New] Epoch 69/1000 | classify: 2.8092 | total: 2.8092
[New] Epoch 70/1000 | classify: 2.9970 | total: 2.9970
--- 验证集 [epoch 70] ---
  准确率 (Accuracy):  0.6644
  精确率 (Precision): 0.5783
  召回率 (Recall):    0.5750
  F1 分数 (F1):       0.5613
[New] Epoch 71/1000 | classify: 2.6719 | total: 2.6719
[New] Epoch 72/1000 | classify: 2.6245 | total: 2.6245
[New] Epoch 73/1000 | classify: 2.9126 | total: 2.9126
[New] Epoch 74/1000 | classify: 2.8297 | total: 2.8297
[New] Epoch 75/1000 | classify: 3.0557 | total: 3.0557
[New] Epoch 76/1000 | classify: 2.8289 | total: 2.8289
[New] Epoch 77/1000 | classify: 2.5554 | total: 2.5554
[New] Epoch 78/1000 | classify: 2.6430 | total: 2.6430
[New] Epoch 79/1000 | classify: 2.7752 | total: 2.7752
[New] Epoch 80/1000 | classify: 2.7806 | total: 2.7806
--- 验证集 [epoch 80] ---
  准确率 (Accuracy):  0.6644
  精确率 (Precision): 0.6148
  召回率 (Recall):    0.5648
  F1 分数 (F1):       0.5706
[New] Epoch 81/1000 | classify: 2.9791 | total: 2.9791
[New] Epoch 82/1000 | classify: 2.7323 | total: 2.7323
[New] Epoch 83/1000 | classify: 2.8109 | total: 2.8109
[New] Epoch 84/1000 | classify: 2.6535 | total: 2.6535
[New] Epoch 85/1000 | classify: 2.6746 | total: 2.6746
[New] Epoch 86/1000 | classify: 2.7834 | total: 2.7834
[New] Epoch 87/1000 | classify: 2.4515 | total: 2.4515
[New] Epoch 88/1000 | classify: 2.5742 | total: 2.5742
[New] Epoch 89/1000 | classify: 2.5285 | total: 2.5285
[New] Epoch 90/1000 | classify: 2.9489 | total: 2.9489
--- 验证集 [epoch 90] ---
  准确率 (Accuracy):  0.7055
  精确率 (Precision): 0.6078
  召回率 (Recall):    0.5573
  F1 分数 (F1):       0.5731
[New] Epoch 91/1000 | classify: 2.6298 | total: 2.6298
[New] Epoch 92/1000 | classify: 2.6841 | total: 2.6841
[New] Epoch 93/1000 | classify: 2.6490 | total: 2.6490
[New] Epoch 94/1000 | classify: 2.8310 | total: 2.8310
[New] Epoch 95/1000 | classify: 2.6619 | total: 2.6619
[New] Epoch 96/1000 | classify: 2.6505 | total: 2.6505
[New] Epoch 97/1000 | classify: 2.4946 | total: 2.4946
[New] Epoch 98/1000 | classify: 2.5135 | total: 2.5135
[New] Epoch 99/1000 | classify: 2.5283 | total: 2.5283
[New] Epoch 100/1000 | classify: 2.6961 | total: 2.6961
--- 验证集 [epoch 100] ---
  准确率 (Accuracy):  0.6712
  精确率 (Precision): 0.6000
  召回率 (Recall):    0.5372
  F1 分数 (F1):       0.5450
✅ 模型已保存到 /home/kudouzala/Application/ion_detect/output/trained_model_save/exp_new_b_num_tp2/trained_model_epoch_100.pth
📁 损失值已保存到 /home/kudouzala/Application/ion_detect/output/trained_model_save/exp_new_b_num_tp2/training_loss_epoch_100.csv
[New] Epoch 101/1000 | classify: 2.5757 | total: 2.5757
[New] Epoch 102/1000 | classify: 2.5818 | total: 2.5818
[New] Epoch 103/1000 | classify: 2.7655 | total: 2.7655
[New] Epoch 104/1000 | classify: 2.7319 | total: 2.7319
[New] Epoch 105/1000 | classify: 2.5430 | total: 2.5430
[New] Epoch 106/1000 | classify: 2.5048 | total: 2.5048
[New] Epoch 107/1000 | classify: 2.7142 | total: 2.7142
[New] Epoch 108/1000 | classify: 2.6783 | total: 2.6783
[New] Epoch 109/1000 | classify: 2.3092 | total: 2.3092
[New] Epoch 110/1000 | classify: 2.4947 | total: 2.4947
--- 验证集 [epoch 110] ---
  准确率 (Accuracy):  0.6986
  精确率 (Precision): 0.6924
  召回率 (Recall):    0.6144
  F1 分数 (F1):       0.6198
✅ 模型已保存到 /home/kudouzala/Application/ion_detect/output/trained_model_save/exp_new_b_num_tp2/trained_model_epoch_best.pth
  🏆 新最佳 F1=0.6198，已保存 best 模型
[New] Epoch 111/1000 | classify: 2.6144 | total: 2.6144
[New] Epoch 112/1000 | classify: 2.3488 | total: 2.3488
[New] Epoch 113/1000 | classify: 2.6620 | total: 2.6620
[New] Epoch 114/1000 | classify: 2.4656 | total: 2.4656
[New] Epoch 115/1000 | classify: 2.8328 | total: 2.8328
[New] Epoch 116/1000 | classify: 2.5299 | total: 2.5299
[New] Epoch 117/1000 | classify: 2.4197 | total: 2.4197
[New] Epoch 118/1000 | classify: 2.4358 | total: 2.4358
[New] Epoch 119/1000 | classify: 2.4479 | total: 2.4479
[New] Epoch 120/1000 | classify: 2.6555 | total: 2.6555
--- 验证集 [epoch 120] ---
  准确率 (Accuracy):  0.6370
  精确率 (Precision): 0.5234
  召回率 (Recall):    0.5270
  F1 分数 (F1):       0.5034
[New] Epoch 121/1000 | classify: 2.5861 | total: 2.5861
[New] Epoch 122/1000 | classify: 2.5466 | total: 2.5466
[New] Epoch 123/1000 | classify: 2.5365 | total: 2.5365
[New] Epoch 124/1000 | classify: 2.3771 | total: 2.3771
[New] Epoch 125/1000 | classify: 2.7007 | total: 2.7007
[New] Epoch 126/1000 | classify: 2.5887 | total: 2.5887
[New] Epoch 127/1000 | classify: 2.5252 | total: 2.5252
[New] Epoch 128/1000 | classify: 2.6085 | total: 2.6085
[New] Epoch 129/1000 | classify: 2.6398 | total: 2.6398
[New] Epoch 130/1000 | classify: 2.4935 | total: 2.4935
--- 验证集 [epoch 130] ---
  准确率 (Accuracy):  0.7192
  精确率 (Precision): 0.6768
  召回率 (Recall):    0.5961
  F1 分数 (F1):       0.6097
[New] Epoch 131/1000 | classify: 2.3486 | total: 2.3486
[New] Epoch 132/1000 | classify: 2.6501 | total: 2.6501
[New] Epoch 133/1000 | classify: 2.4828 | total: 2.4828
[New] Epoch 134/1000 | classify: 2.2622 | total: 2.2622
[New] Epoch 135/1000 | classify: 2.5431 | total: 2.5431
[New] Epoch 136/1000 | classify: 2.6399 | total: 2.6399
[New] Epoch 137/1000 | classify: 2.3634 | total: 2.3634
[New] Epoch 138/1000 | classify: 2.5677 | total: 2.5677
[New] Epoch 139/1000 | classify: 2.3620 | total: 2.3620
[New] Epoch 140/1000 | classify: 2.3741 | total: 2.3741
--- 验证集 [epoch 140] ---
  准确率 (Accuracy):  0.6644
  精确率 (Precision): 0.5251
  召回率 (Recall):    0.5144
  F1 分数 (F1):       0.5153
[New] Epoch 141/1000 | classify: 2.5340 | total: 2.5340
[New] Epoch 142/1000 | classify: 2.4848 | total: 2.4848
[New] Epoch 143/1000 | classify: 2.7013 | total: 2.7013
[New] Epoch 144/1000 | classify: 2.5726 | total: 2.5726
[New] Epoch 145/1000 | classify: 2.6459 | total: 2.6459
[New] Epoch 146/1000 | classify: 2.5111 | total: 2.5111
[New] Epoch 147/1000 | classify: 2.4091 | total: 2.4091
[New] Epoch 148/1000 | classify: 2.5097 | total: 2.5097
[New] Epoch 149/1000 | classify: 2.3037 | total: 2.3037
[New] Epoch 150/1000 | classify: 2.6152 | total: 2.6152
--- 验证集 [epoch 150] ---
  准确率 (Accuracy):  0.6986
  精确率 (Precision): 0.6748
  召回率 (Recall):    0.5947
  F1 分数 (F1):       0.6073
✅ 模型已保存到 /home/kudouzala/Application/ion_detect/output/trained_model_save/exp_new_b_num_tp2/trained_model_epoch_150.pth
📁 损失值已保存到 /home/kudouzala/Application/ion_detect/output/trained_model_save/exp_new_b_num_tp2/training_loss_epoch_150.csv
[New] Epoch 151/1000 | classify: 2.6820 | total: 2.6820
[New] Epoch 152/1000 | classify: 2.4202 | total: 2.4202
[New] Epoch 153/1000 | classify: 2.5125 | total: 2.5125
[New] Epoch 154/1000 | classify: 2.4235 | total: 2.4235
[New] Epoch 155/1000 | classify: 2.4512 | total: 2.4512
[New] Epoch 156/1000 | classify: 2.3915 | total: 2.3915
[New] Epoch 157/1000 | classify: 2.5266 | total: 2.5266
[New] Epoch 158/1000 | classify: 2.6055 | total: 2.6055
[New] Epoch 159/1000 | classify: 2.5017 | total: 2.5017
[New] Epoch 160/1000 | classify: 2.5499 | total: 2.5499
--- 验证集 [epoch 160] ---
  准确率 (Accuracy):  0.7055
  精确率 (Precision): 0.6280
  召回率 (Recall):    0.5613
  F1 分数 (F1):       0.5700
[New] Epoch 161/1000 | classify: 2.5100 | total: 2.5100
[New] Epoch 162/1000 | classify: 2.2885 | total: 2.2885
[New] Epoch 163/1000 | classify: 2.4639 | total: 2.4639
[New] Epoch 164/1000 | classify: 2.6124 | total: 2.6124
[New] Epoch 165/1000 | classify: 2.5672 | total: 2.5672
[New] Epoch 166/1000 | classify: 2.5280 | total: 2.5280
[New] Epoch 167/1000 | classify: 2.4902 | total: 2.4902
[New] Epoch 168/1000 | classify: 2.4224 | total: 2.4224
[New] Epoch 169/1000 | classify: 2.5455 | total: 2.5455
[New] Epoch 170/1000 | classify: 2.3915 | total: 2.3915
--- 验证集 [epoch 170] ---
  准确率 (Accuracy):  0.6575
  精确率 (Precision): 0.6286
  召回率 (Recall):    0.5825
  F1 分数 (F1):       0.5776
[New] Epoch 171/1000 | classify: 2.5238 | total: 2.5238
[New] Epoch 172/1000 | classify: 2.7909 | total: 2.7909
[New] Epoch 173/1000 | classify: 2.4175 | total: 2.4175
[New] Epoch 174/1000 | classify: 2.4762 | total: 2.4762
[New] Epoch 175/1000 | classify: 2.4124 | total: 2.4124
[New] Epoch 176/1000 | classify: 2.2576 | total: 2.2576
[New] Epoch 177/1000 | classify: 2.5583 | total: 2.5583
[New] Epoch 178/1000 | classify: 2.3672 | total: 2.3672
[New] Epoch 179/1000 | classify: 2.3364 | total: 2.3364
[New] Epoch 180/1000 | classify: 2.2683 | total: 2.2683
--- 验证集 [epoch 180] ---
  准确率 (Accuracy):  0.6712
  精确率 (Precision): 0.5285
  召回率 (Recall):    0.4996
  F1 分数 (F1):       0.5026
[New] Epoch 181/1000 | classify: 2.4569 | total: 2.4569
[New] Epoch 182/1000 | classify: 2.2662 | total: 2.2662
[New] Epoch 183/1000 | classify: 2.6656 | total: 2.6656
[New] Epoch 184/1000 | classify: 2.6477 | total: 2.6477
[New] Epoch 185/1000 | classify: 2.5521 | total: 2.5521
[New] Epoch 186/1000 | classify: 2.4752 | total: 2.4752
[New] Epoch 187/1000 | classify: 2.4173 | total: 2.4173
[New] Epoch 188/1000 | classify: 2.2726 | total: 2.2726
[New] Epoch 189/1000 | classify: 2.4145 | total: 2.4145
[New] Epoch 190/1000 | classify: 2.5554 | total: 2.5554
--- 验证集 [epoch 190] ---
  准确率 (Accuracy):  0.6986
  精确率 (Precision): 0.5868
  召回率 (Recall):    0.5501
  F1 分数 (F1):       0.5636
[New] Epoch 191/1000 | classify: 2.5561 | total: 2.5561
[New] Epoch 192/1000 | classify: 2.4774 | total: 2.4774
[New] Epoch 193/1000 | classify: 2.6757 | total: 2.6757
[New] Epoch 194/1000 | classify: 2.3578 | total: 2.3578
[New] Epoch 195/1000 | classify: 2.4260 | total: 2.4260
[New] Epoch 196/1000 | classify: 2.4230 | total: 2.4230
[New] Epoch 197/1000 | classify: 2.4518 | total: 2.4518
[New] Epoch 198/1000 | classify: 2.7248 | total: 2.7248
[New] Epoch 199/1000 | classify: 2.4159 | total: 2.4159
[New] Epoch 200/1000 | classify: 2.5525 | total: 2.5525
--- 验证集 [epoch 200] ---
  准确率 (Accuracy):  0.7123
  精确率 (Precision): 0.6255
  召回率 (Recall):    0.5576
  F1 分数 (F1):       0.5823
✅ 模型已保存到 /home/kudouzala/Application/ion_detect/output/trained_model_save/exp_new_b_num_tp2/trained_model_epoch_200.pth
📁 损失值已保存到 /home/kudouzala/Application/ion_detect/output/trained_model_save/exp_new_b_num_tp2/training_loss_epoch_200.csv
[New] Epoch 201/1000 | classify: 2.2115 | total: 2.2115
[New] Epoch 202/1000 | classify: 2.3015 | total: 2.3015
[New] Epoch 203/1000 | classify: 2.4099 | total: 2.4099
[New] Epoch 204/1000 | classify: 2.4129 | total: 2.4129
[New] Epoch 205/1000 | classify: 2.4619 | total: 2.4619
[New] Epoch 206/1000 | classify: 2.2996 | total: 2.2996
[New] Epoch 207/1000 | classify: 2.3945 | total: 2.3945
[New] Epoch 208/1000 | classify: 2.4751 | total: 2.4751
[New] Epoch 209/1000 | classify: 2.2636 | total: 2.2636
[New] Epoch 210/1000 | classify: 2.5081 | total: 2.5081
--- 验证集 [epoch 210] ---
  准确率 (Accuracy):  0.6986
  精确率 (Precision): 0.5841
  召回率 (Recall):    0.5593
  F1 分数 (F1):       0.5644
[New] Epoch 211/1000 | classify: 2.4021 | total: 2.4021
[New] Epoch 212/1000 | classify: 2.2806 | total: 2.2806
[New] Epoch 213/1000 | classify: 2.5672 | total: 2.5672
[New] Epoch 214/1000 | classify: 2.4975 | total: 2.4975
[New] Epoch 215/1000 | classify: 2.5268 | total: 2.5268
[New] Epoch 216/1000 | classify: 2.5748 | total: 2.5748
[New] Epoch 217/1000 | classify: 2.4885 | total: 2.4885
[New] Epoch 218/1000 | classify: 2.6557 | total: 2.6557
[New] Epoch 219/1000 | classify: 2.5719 | total: 2.5719
[New] Epoch 220/1000 | classify: 2.3348 | total: 2.3348
--- 验证集 [epoch 220] ---
  准确率 (Accuracy):  0.7123
  精确率 (Precision): 0.6046
  召回率 (Recall):    0.5495
  F1 分数 (F1):       0.5572
[New] Epoch 221/1000 | classify: 2.4265 | total: 2.4265
[New] Epoch 222/1000 | classify: 2.2779 | total: 2.2779
[New] Epoch 223/1000 | classify: 2.4509 | total: 2.4509
[New] Epoch 224/1000 | classify: 2.5252 | total: 2.5252
[New] Epoch 225/1000 | classify: 2.3899 | total: 2.3899
[New] Epoch 226/1000 | classify: 2.4547 | total: 2.4547
[New] Epoch 227/1000 | classify: 2.4721 | total: 2.4721
[New] Epoch 228/1000 | classify: 2.3983 | total: 2.3983
[New] Epoch 229/1000 | classify: 2.4146 | total: 2.4146
[New] Epoch 230/1000 | classify: 2.5422 | total: 2.5422
--- 验证集 [epoch 230] ---
  准确率 (Accuracy):  0.6712
  精确率 (Precision): 0.5797
  召回率 (Recall):    0.4854
  F1 分数 (F1):       0.4985
[New] Epoch 231/1000 | classify: 2.3256 | total: 2.3256
[New] Epoch 232/1000 | classify: 2.6236 | total: 2.6236
[New] Epoch 233/1000 | classify: 2.3672 | total: 2.3672
[New] Epoch 234/1000 | classify: 2.5551 | total: 2.5551
[New] Epoch 235/1000 | classify: 2.6186 | total: 2.6186
[New] Epoch 236/1000 | classify: 2.4530 | total: 2.4530
[New] Epoch 237/1000 | classify: 2.5223 | total: 2.5223
[New] Epoch 238/1000 | classify: 2.5547 | total: 2.5547
[New] Epoch 239/1000 | classify: 2.4337 | total: 2.4337
[New] Epoch 240/1000 | classify: 2.2914 | total: 2.2914
--- 验证集 [epoch 240] ---
  准确率 (Accuracy):  0.6849
  精确率 (Precision): 0.7161
  召回率 (Recall):    0.5946
  F1 分数 (F1):       0.5929
[New] Epoch 241/1000 | classify: 2.5120 | total: 2.5120
[New] Epoch 242/1000 | classify: 2.2905 | total: 2.2905
[New] Epoch 243/1000 | classify: 2.2079 | total: 2.2079
[New] Epoch 244/1000 | classify: 2.5076 | total: 2.5076
[New] Epoch 245/1000 | classify: 2.4148 | total: 2.4148
[New] Epoch 246/1000 | classify: 2.5365 | total: 2.5365
[New] Epoch 247/1000 | classify: 2.5326 | total: 2.5326
[New] Epoch 248/1000 | classify: 2.5524 | total: 2.5524
[New] Epoch 249/1000 | classify: 2.3015 | total: 2.3015
[New] Epoch 250/1000 | classify: 2.3240 | total: 2.3240
--- 验证集 [epoch 250] ---
  准确率 (Accuracy):  0.6370
  精确率 (Precision): 0.5031
  召回率 (Recall):    0.4982
  F1 分数 (F1):       0.4878
✅ 模型已保存到 /home/kudouzala/Application/ion_detect/output/trained_model_save/exp_new_b_num_tp2/trained_model_epoch_250.pth
📁 损失值已保存到 /home/kudouzala/Application/ion_detect/output/trained_model_save/exp_new_b_num_tp2/training_loss_epoch_250.csv
[New] Epoch 251/1000 | classify: 2.4759 | total: 2.4759
[New] Epoch 252/1000 | classify: 2.4637 | total: 2.4637
[New] Epoch 253/1000 | classify: 2.5003 | total: 2.5003
[New] Epoch 254/1000 | classify: 2.4022 | total: 2.4022
[New] Epoch 255/1000 | classify: 2.4570 | total: 2.4570
[New] Epoch 256/1000 | classify: 2.5436 | total: 2.5436
[New] Epoch 257/1000 | classify: 2.4154 | total: 2.4154
[New] Epoch 258/1000 | classify: 2.5703 | total: 2.5703
[New] Epoch 259/1000 | classify: 2.4169 | total: 2.4169
[New] Epoch 260/1000 | classify: 2.5863 | total: 2.5863
--- 验证集 [epoch 260] ---
  准确率 (Accuracy):  0.6986
  精确率 (Precision): 0.5910
  召回率 (Recall):    0.5454
  F1 分数 (F1):       0.5579
[New] Epoch 261/1000 | classify: 2.7211 | total: 2.7211
[New] Epoch 262/1000 | classify: 2.5545 | total: 2.5545
[New] Epoch 263/1000 | classify: 2.6274 | total: 2.6274
[New] Epoch 264/1000 | classify: 2.5389 | total: 2.5389
[New] Epoch 265/1000 | classify: 2.4070 | total: 2.4070
[New] Epoch 266/1000 | classify: 2.6341 | total: 2.6341
[New] Epoch 267/1000 | classify: 2.6727 | total: 2.6727
[New] Epoch 268/1000 | classify: 2.4121 | total: 2.4121
[New] Epoch 269/1000 | classify: 2.6717 | total: 2.6717
[New] Epoch 270/1000 | classify: 2.4559 | total: 2.4559
--- 验证集 [epoch 270] ---
  准确率 (Accuracy):  0.6986
  精确率 (Precision): 0.5788
  召回率 (Recall):    0.5355
  F1 分数 (F1):       0.5502
[New] Epoch 271/1000 | classify: 2.4752 | total: 2.4752
[New] Epoch 272/1000 | classify: 2.3898 | total: 2.3898
[New] Epoch 273/1000 | classify: 2.3746 | total: 2.3746
[New] Epoch 274/1000 | classify: 2.7041 | total: 2.7041
[New] Epoch 275/1000 | classify: 2.6182 | total: 2.6182
[New] Epoch 276/1000 | classify: 2.9367 | total: 2.9367
[New] Epoch 277/1000 | classify: 2.5134 | total: 2.5134
[New] Epoch 278/1000 | classify: 2.6416 | total: 2.6416
[New] Epoch 279/1000 | classify: 2.6205 | total: 2.6205
[New] Epoch 280/1000 | classify: 2.5734 | total: 2.5734
--- 验证集 [epoch 280] ---
  准确率 (Accuracy):  0.7055
  精确率 (Precision): 0.6975
  召回率 (Recall):    0.6001
  F1 分数 (F1):       0.6188
[New] Epoch 281/1000 | classify: 2.5945 | total: 2.5945
[New] Epoch 282/1000 | classify: 2.5366 | total: 2.5366
[New] Epoch 283/1000 | classify: 2.6519 | total: 2.6519
[New] Epoch 284/1000 | classify: 2.6389 | total: 2.6389
[New] Epoch 285/1000 | classify: 2.7784 | total: 2.7784
[New] Epoch 286/1000 | classify: 2.5566 | total: 2.5566
[New] Epoch 287/1000 | classify: 2.5805 | total: 2.5805
[New] Epoch 288/1000 | classify: 2.6092 | total: 2.6092
[New] Epoch 289/1000 | classify: 2.6248 | total: 2.6248
[New] Epoch 290/1000 | classify: 2.5628 | total: 2.5628
--- 验证集 [epoch 290] ---
  准确率 (Accuracy):  0.6986
  精确率 (Precision): 0.5658
  召回率 (Recall):    0.5505
  F1 分数 (F1):       0.5490
[New] Epoch 291/1000 | classify: 2.5331 | total: 2.5331
[New] Epoch 292/1000 | classify: 2.6741 | total: 2.6741
[New] Epoch 293/1000 | classify: 2.5584 | total: 2.5584
[New] Epoch 294/1000 | classify: 2.8040 | total: 2.8040
[New] Epoch 295/1000 | classify: 2.5978 | total: 2.5978
[New] Epoch 296/1000 | classify: 2.6544 | total: 2.6544
[New] Epoch 297/1000 | classify: 2.5308 | total: 2.5308
[New] Epoch 298/1000 | classify: 2.8683 | total: 2.8683
[New] Epoch 299/1000 | classify: 2.7122 | total: 2.7122
[New] Epoch 300/1000 | classify: 2.6071 | total: 2.6071
--- 验证集 [epoch 300] ---
  准确率 (Accuracy):  0.7123
  精确率 (Precision): 0.6377
  召回率 (Recall):    0.5842
  F1 分数 (F1):       0.5958
✅ 模型已保存到 /home/kudouzala/Application/ion_detect/output/trained_model_save/exp_new_b_num_tp2/trained_model_epoch_300.pth
📁 损失值已保存到 /home/kudouzala/Application/ion_detect/output/trained_model_save/exp_new_b_num_tp2/training_loss_epoch_300.csv
[New] Epoch 301/1000 | classify: 2.7067 | total: 2.7067
[New] Epoch 302/1000 | classify: 2.6352 | total: 2.6352
[New] Epoch 303/1000 | classify: 2.6635 | total: 2.6635
[New] Epoch 304/1000 | classify: 2.6482 | total: 2.6482
[New] Epoch 305/1000 | classify: 2.8010 | total: 2.8010
[New] Epoch 306/1000 | classify: 2.4991 | total: 2.4991
[New] Epoch 307/1000 | classify: 2.6962 | total: 2.6962
[New] Epoch 308/1000 | classify: 2.8157 | total: 2.8157
[New] Epoch 309/1000 | classify: 2.8204 | total: 2.8204
[New] Epoch 310/1000 | classify: 2.7796 | total: 2.7796
--- 验证集 [epoch 310] ---
  准确率 (Accuracy):  0.7123
  精确率 (Precision): 0.6295
  召回率 (Recall):    0.5510
  F1 分数 (F1):       0.5614
[New] Epoch 311/1000 | classify: 2.7756 | total: 2.7756
[New] Epoch 312/1000 | classify: 2.5333 | total: 2.5333
[New] Epoch 313/1000 | classify: 2.9280 | total: 2.9280
[New] Epoch 314/1000 | classify: 2.9066 | total: 2.9066
[New] Epoch 315/1000 | classify: 2.8749 | total: 2.8749
[New] Epoch 316/1000 | classify: 2.5335 | total: 2.5335
[New] Epoch 317/1000 | classify: 2.7892 | total: 2.7892
[New] Epoch 318/1000 | classify: 2.8120 | total: 2.8120
[New] Epoch 319/1000 | classify: 2.8376 | total: 2.8376
[New] Epoch 320/1000 | classify: 2.5527 | total: 2.5527
--- 验证集 [epoch 320] ---
  准确率 (Accuracy):  0.6712
  精确率 (Precision): 0.6006
  召回率 (Recall):    0.5065
  F1 分数 (F1):       0.5108
[New] Epoch 321/1000 | classify: 2.6926 | total: 2.6926
[New] Epoch 322/1000 | classify: 2.8224 | total: 2.8224
[New] Epoch 323/1000 | classify: 3.0577 | total: 3.0577
[New] Epoch 324/1000 | classify: 2.8552 | total: 2.8552
[New] Epoch 325/1000 | classify: 2.6804 | total: 2.6804
[New] Epoch 326/1000 | classify: 2.8111 | total: 2.8111
[New] Epoch 327/1000 | classify: 3.0367 | total: 3.0367
[New] Epoch 328/1000 | classify: 2.8332 | total: 2.8332
[New] Epoch 329/1000 | classify: 3.0055 | total: 3.0055
[New] Epoch 330/1000 | classify: 3.0585 | total: 3.0585
--- 验证集 [epoch 330] ---
  准确率 (Accuracy):  0.6575
  精确率 (Precision): 0.4983
  召回率 (Recall):    0.4484
  F1 分数 (F1):       0.4359
[New] Epoch 331/1000 | classify: 3.0534 | total: 3.0534
[New] Epoch 332/1000 | classify: 2.8303 | total: 2.8303
[New] Epoch 333/1000 | classify: 2.8866 | total: 2.8866
[New] Epoch 334/1000 | classify: 2.7741 | total: 2.7741
[New] Epoch 335/1000 | classify: 2.8868 | total: 2.8868
[New] Epoch 336/1000 | classify: 3.1690 | total: 3.1690
[New] Epoch 337/1000 | classify: 2.9706 | total: 2.9706
[New] Epoch 338/1000 | classify: 2.8039 | total: 2.8039
[New] Epoch 339/1000 | classify: 2.8205 | total: 2.8205
[New] Epoch 340/1000 | classify: 2.9431 | total: 2.9431
--- 验证集 [epoch 340] ---
  准确率 (Accuracy):  0.6781
  精确率 (Precision): 0.5686
  召回率 (Recall):    0.4623
  F1 分数 (F1):       0.4838
[New] Epoch 341/1000 | classify: 2.9648 | total: 2.9648
[New] Epoch 342/1000 | classify: 3.0037 | total: 3.0037
[New] Epoch 343/1000 | classify: 2.7967 | total: 2.7967
[New] Epoch 344/1000 | classify: 2.9789 | total: 2.9789
[New] Epoch 345/1000 | classify: 3.2379 | total: 3.2379
[New] Epoch 346/1000 | classify: 3.0660 | total: 3.0660
[New] Epoch 347/1000 | classify: 3.0206 | total: 3.0206
[New] Epoch 348/1000 | classify: 2.9779 | total: 2.9779
[New] Epoch 349/1000 | classify: 3.2592 | total: 3.2592
[New] Epoch 350/1000 | classify: 3.1720 | total: 3.1720
--- 验证集 [epoch 350] ---
  准确率 (Accuracy):  0.6918
  精确率 (Precision): 0.5523
  召回率 (Recall):    0.5430
  F1 分数 (F1):       0.5188
✅ 模型已保存到 /home/kudouzala/Application/ion_detect/output/trained_model_save/exp_new_b_num_tp2/trained_model_epoch_350.pth
📁 损失值已保存到 /home/kudouzala/Application/ion_detect/output/trained_model_save/exp_new_b_num_tp2/training_loss_epoch_350.csv
[New] Epoch 351/1000 | classify: 3.2561 | total: 3.2561
[New] Epoch 352/1000 | classify: 3.0750 | total: 3.0750
[New] Epoch 353/1000 | classify: 2.7995 | total: 2.7995
[New] Epoch 354/1000 | classify: 3.0782 | total: 3.0782
[New] Epoch 355/1000 | classify: 2.8441 | total: 2.8441
[New] Epoch 356/1000 | classify: 2.9002 | total: 2.9002
[New] Epoch 357/1000 | classify: 3.1395 | total: 3.1395
[New] Epoch 358/1000 | classify: 3.0383 | total: 3.0383
[New] Epoch 359/1000 | classify: 3.1755 | total: 3.1755
[New] Epoch 360/1000 | classify: 3.0906 | total: 3.0906
--- 验证集 [epoch 360] ---
  准确率 (Accuracy):  0.6986
  精确率 (Precision): 0.6539
  召回率 (Recall):    0.5158
  F1 分数 (F1):       0.5484
[New] Epoch 361/1000 | classify: 3.0264 | total: 3.0264
[New] Epoch 362/1000 | classify: 2.9789 | total: 2.9789
[New] Epoch 363/1000 | classify: 3.1014 | total: 3.1014
[New] Epoch 364/1000 | classify: 3.0588 | total: 3.0588
[New] Epoch 365/1000 | classify: 3.0601 | total: 3.0601
[New] Epoch 366/1000 | classify: 3.0771 | total: 3.0771
[New] Epoch 367/1000 | classify: 3.0975 | total: 3.0975
[New] Epoch 368/1000 | classify: 2.7854 | total: 2.7854
[New] Epoch 369/1000 | classify: 3.0263 | total: 3.0263
[New] Epoch 370/1000 | classify: 3.0736 | total: 3.0736
--- 验证集 [epoch 370] ---
  准确率 (Accuracy):  0.6507
  精确率 (Precision): 0.4965
  召回率 (Recall):    0.4387
  F1 分数 (F1):       0.4359
[New] Epoch 371/1000 | classify: 2.9401 | total: 2.9401
[New] Epoch 372/1000 | classify: 3.1220 | total: 3.1220
[New] Epoch 373/1000 | classify: 3.2500 | total: 3.2500
[New] Epoch 374/1000 | classify: 2.8713 | total: 2.8713
[New] Epoch 375/1000 | classify: 2.9769 | total: 2.9769
[New] Epoch 376/1000 | classify: 3.1773 | total: 3.1773
[New] Epoch 377/1000 | classify: 3.3167 | total: 3.3167
[New] Epoch 378/1000 | classify: 3.1853 | total: 3.1853
[New] Epoch 379/1000 | classify: 3.3470 | total: 3.3470
[New] Epoch 380/1000 | classify: 3.0013 | total: 3.0013
--- 验证集 [epoch 380] ---
  准确率 (Accuracy):  0.6918
  精确率 (Precision): 0.6085
  召回率 (Recall):    0.5083
  F1 分数 (F1):       0.5264
[New] Epoch 381/1000 | classify: 3.0639 | total: 3.0639
[New] Epoch 382/1000 | classify: 3.1496 | total: 3.1496
[New] Epoch 383/1000 | classify: 2.9511 | total: 2.9511
[New] Epoch 384/1000 | classify: 3.0998 | total: 3.0998
[New] Epoch 385/1000 | classify: 2.8972 | total: 2.8972
[New] Epoch 386/1000 | classify: 3.2455 | total: 3.2455
[New] Epoch 387/1000 | classify: 3.3027 | total: 3.3027
[New] Epoch 388/1000 | classify: 2.9561 | total: 2.9561
[New] Epoch 389/1000 | classify: 2.8924 | total: 2.8924
[New] Epoch 390/1000 | classify: 3.2540 | total: 3.2540
--- 验证集 [epoch 390] ---
  准确率 (Accuracy):  0.6164
  精确率 (Precision): 0.5595
  召回率 (Recall):    0.4026
  F1 分数 (F1):       0.3954
[New] Epoch 391/1000 | classify: 3.0863 | total: 3.0863
[New] Epoch 392/1000 | classify: 3.3070 | total: 3.3070
[New] Epoch 393/1000 | classify: 3.1137 | total: 3.1137
[New] Epoch 394/1000 | classify: 3.1415 | total: 3.1415
[New] Epoch 395/1000 | classify: 3.3759 | total: 3.3759
[New] Epoch 396/1000 | classify: 3.0736 | total: 3.0736
[New] Epoch 397/1000 | classify: 3.3908 | total: 3.3908
[New] Epoch 398/1000 | classify: 3.2563 | total: 3.2563
[New] Epoch 399/1000 | classify: 3.1034 | total: 3.1034
[New] Epoch 400/1000 | classify: 3.2914 | total: 3.2914
--- 验证集 [epoch 400] ---
  准确率 (Accuracy):  0.6233
  精确率 (Precision): 0.4856
  召回率 (Recall):    0.4138
  F1 分数 (F1):       0.3995
✅ 模型已保存到 /home/kudouzala/Application/ion_detect/output/trained_model_save/exp_new_b_num_tp2/trained_model_epoch_400.pth
📁 损失值已保存到 /home/kudouzala/Application/ion_detect/output/trained_model_save/exp_new_b_num_tp2/training_loss_epoch_400.csv
[New] Epoch 401/1000 | classify: 3.0971 | total: 3.0971
[New] Epoch 402/1000 | classify: 3.1397 | total: 3.1397
[New] Epoch 403/1000 | classify: 3.1894 | total: 3.1894
[New] Epoch 404/1000 | classify: 3.0680 | total: 3.0680
[New] Epoch 405/1000 | classify: 3.2401 | total: 3.2401
[New] Epoch 406/1000 | classify: 3.2653 | total: 3.2653
[New] Epoch 407/1000 | classify: 3.2879 | total: 3.2879
[New] Epoch 408/1000 | classify: 3.0338 | total: 3.0338
[New] Epoch 409/1000 | classify: 2.8870 | total: 2.8870
[New] Epoch 410/1000 | classify: 3.0411 | total: 3.0411
--- 验证集 [epoch 410] ---
  准确率 (Accuracy):  0.6575
  精确率 (Precision): 0.5235
  召回率 (Recall):    0.4598
  F1 分数 (F1):       0.4756
[New] Epoch 411/1000 | classify: 2.8943 | total: 2.8943
[New] Epoch 412/1000 | classify: 3.1643 | total: 3.1643
[New] Epoch 413/1000 | classify: 3.1224 | total: 3.1224
[New] Epoch 414/1000 | classify: 3.0590 | total: 3.0590
[New] Epoch 415/1000 | classify: 3.2719 | total: 3.2719
[New] Epoch 416/1000 | classify: 3.1310 | total: 3.1310
[New] Epoch 417/1000 | classify: 3.0620 | total: 3.0620
[New] Epoch 418/1000 | classify: 3.1346 | total: 3.1346
[New] Epoch 419/1000 | classify: 2.9958 | total: 2.9958
[New] Epoch 420/1000 | classify: 3.2172 | total: 3.2172
--- 验证集 [epoch 420] ---
  准确率 (Accuracy):  0.6507
  精确率 (Precision): 0.5016
  召回率 (Recall):    0.4417
  F1 分数 (F1):       0.4391
[New] Epoch 421/1000 | classify: 3.2229 | total: 3.2229
[New] Epoch 422/1000 | classify: 3.0843 | total: 3.0843
[New] Epoch 423/1000 | classify: 3.1047 | total: 3.1047
[New] Epoch 424/1000 | classify: 3.3824 | total: 3.3824
[New] Epoch 425/1000 | classify: 3.1212 | total: 3.1212
[New] Epoch 426/1000 | classify: 2.9732 | total: 2.9732
[New] Epoch 427/1000 | classify: 3.2241 | total: 3.2241
[New] Epoch 428/1000 | classify: 3.1435 | total: 3.1435
[New] Epoch 429/1000 | classify: 3.1996 | total: 3.1996
[New] Epoch 430/1000 | classify: 3.1326 | total: 3.1326
--- 验证集 [epoch 430] ---
  准确率 (Accuracy):  0.6370
  精确率 (Precision): 0.4768
  召回率 (Recall):    0.4474
  F1 分数 (F1):       0.4461
[New] Epoch 431/1000 | classify: 3.4384 | total: 3.4384
[New] Epoch 432/1000 | classify: 3.1887 | total: 3.1887
[New] Epoch 433/1000 | classify: 3.1799 | total: 3.1799
[New] Epoch 434/1000 | classify: 3.2439 | total: 3.2439
[New] Epoch 435/1000 | classify: 2.9662 | total: 2.9662
[New] Epoch 436/1000 | classify: 3.4031 | total: 3.4031
[New] Epoch 437/1000 | classify: 3.3375 | total: 3.3375
[New] Epoch 438/1000 | classify: 3.2343 | total: 3.2343
[New] Epoch 439/1000 | classify: 3.1508 | total: 3.1508
[New] Epoch 440/1000 | classify: 3.0596 | total: 3.0596
--- 验证集 [epoch 440] ---
  准确率 (Accuracy):  0.6370
  精确率 (Precision): 0.5202
  召回率 (Recall):    0.4047
  F1 分数 (F1):       0.4026
[New] Epoch 441/1000 | classify: 3.0527 | total: 3.0527
[New] Epoch 442/1000 | classify: 3.2926 | total: 3.2926
[New] Epoch 443/1000 | classify: 3.2836 | total: 3.2836
[New] Epoch 444/1000 | classify: 2.9493 | total: 2.9493
[New] Epoch 445/1000 | classify: 3.1389 | total: 3.1389
[New] Epoch 446/1000 | classify: 3.1702 | total: 3.1702
[New] Epoch 447/1000 | classify: 3.2292 | total: 3.2292
[New] Epoch 448/1000 | classify: 3.1132 | total: 3.1132
[New] Epoch 449/1000 | classify: 3.3346 | total: 3.3346
[New] Epoch 450/1000 | classify: 3.1901 | total: 3.1901
--- 验证集 [epoch 450] ---
  准确率 (Accuracy):  0.6233
  精确率 (Precision): 0.4564
  召回率 (Recall):    0.3838
  F1 分数 (F1):       0.3628
✅ 模型已保存到 /home/kudouzala/Application/ion_detect/output/trained_model_save/exp_new_b_num_tp2/trained_model_epoch_450.pth
📁 损失值已保存到 /home/kudouzala/Application/ion_detect/output/trained_model_save/exp_new_b_num_tp2/training_loss_epoch_450.csv
[New] Epoch 451/1000 | classify: 3.3001 | total: 3.3001
[New] Epoch 452/1000 | classify: 3.4635 | total: 3.4635
[New] Epoch 453/1000 | classify: 3.1578 | total: 3.1578
[New] Epoch 454/1000 | classify: 3.3077 | total: 3.3077
[New] Epoch 455/1000 | classify: 3.4047 | total: 3.4047
[New] Epoch 456/1000 | classify: 3.1762 | total: 3.1762
[New] Epoch 457/1000 | classify: 3.1770 | total: 3.1770
[New] Epoch 458/1000 | classify: 3.2254 | total: 3.2254
[New] Epoch 459/1000 | classify: 3.1491 | total: 3.1491
[New] Epoch 460/1000 | classify: 3.2633 | total: 3.2633
--- 验证集 [epoch 460] ---
  准确率 (Accuracy):  0.5753
  精确率 (Precision): 0.3617
  召回率 (Recall):    0.3853
  F1 分数 (F1):       0.3581
[New] Epoch 461/1000 | classify: 3.1220 | total: 3.1220
[New] Epoch 462/1000 | classify: 3.1199 | total: 3.1199
[New] Epoch 463/1000 | classify: 3.2384 | total: 3.2384
[New] Epoch 464/1000 | classify: 3.2479 | total: 3.2479
[New] Epoch 465/1000 | classify: 3.2558 | total: 3.2558
[New] Epoch 466/1000 | classify: 3.0857 | total: 3.0857
[New] Epoch 467/1000 | classify: 3.3197 | total: 3.3197
[New] Epoch 468/1000 | classify: 3.2334 | total: 3.2334
[New] Epoch 469/1000 | classify: 3.3005 | total: 3.3005
[New] Epoch 470/1000 | classify: 3.3055 | total: 3.3055
--- 验证集 [epoch 470] ---
  准确率 (Accuracy):  0.6370
  精确率 (Precision): 0.4112
  召回率 (Recall):    0.4044
  F1 分数 (F1):       0.3876
[New] Epoch 471/1000 | classify: 3.1778 | total: 3.1778
[New] Epoch 472/1000 | classify: 3.3989 | total: 3.3989
[New] Epoch 473/1000 | classify: 3.1619 | total: 3.1619
[New] Epoch 474/1000 | classify: 3.5155 | total: 3.5155
[New] Epoch 475/1000 | classify: 3.3057 | total: 3.3057
[New] Epoch 476/1000 | classify: 3.2745 | total: 3.2745
[New] Epoch 477/1000 | classify: 2.9634 | total: 2.9634
[New] Epoch 478/1000 | classify: 3.3895 | total: 3.3895
[New] Epoch 479/1000 | classify: 3.2353 | total: 3.2353
[New] Epoch 480/1000 | classify: 3.2777 | total: 3.2777
--- 验证集 [epoch 480] ---
  准确率 (Accuracy):  0.6507
  精确率 (Precision): 0.4128
  召回率 (Recall):    0.4172
  F1 分数 (F1):       0.4056
[New] Epoch 481/1000 | classify: 3.3523 | total: 3.3523
[New] Epoch 482/1000 | classify: 2.9462 | total: 2.9462
[New] Epoch 483/1000 | classify: 3.1714 | total: 3.1714
[New] Epoch 484/1000 | classify: 3.0004 | total: 3.0004
[New] Epoch 485/1000 | classify: 3.1745 | total: 3.1745
[New] Epoch 486/1000 | classify: 3.3816 | total: 3.3816
[New] Epoch 487/1000 | classify: 3.2781 | total: 3.2781
[New] Epoch 488/1000 | classify: 3.3173 | total: 3.3173
[New] Epoch 489/1000 | classify: 3.4213 | total: 3.4213
[New] Epoch 490/1000 | classify: 3.4387 | total: 3.4387
--- 验证集 [epoch 490] ---
  准确率 (Accuracy):  0.6164
  精确率 (Precision): 0.3230
  召回率 (Recall):    0.3716
  F1 分数 (F1):       0.3365
[New] Epoch 491/1000 | classify: 2.9200 | total: 2.9200
[New] Epoch 492/1000 | classify: 3.2688 | total: 3.2688
[New] Epoch 493/1000 | classify: 3.2771 | total: 3.2771
[New] Epoch 494/1000 | classify: 3.1857 | total: 3.1857
[New] Epoch 495/1000 | classify: 3.1848 | total: 3.1848
[New] Epoch 496/1000 | classify: 3.4257 | total: 3.4257
[New] Epoch 497/1000 | classify: 3.3057 | total: 3.3057
[New] Epoch 498/1000 | classify: 3.3682 | total: 3.3682
[New] Epoch 499/1000 | classify: 3.3639 | total: 3.3639
[New] Epoch 500/1000 | classify: 3.1901 | total: 3.1901
--- 验证集 [epoch 500] ---
  准确率 (Accuracy):  0.6370
  精确率 (Precision): 0.4045
  召回率 (Recall):    0.4121
  F1 分数 (F1):       0.3761
✅ 模型已保存到 /home/kudouzala/Application/ion_detect/output/trained_model_save/exp_new_b_num_tp2/trained_model_epoch_500.pth
📁 损失值已保存到 /home/kudouzala/Application/ion_detect/output/trained_model_save/exp_new_b_num_tp2/training_loss_epoch_500.csv
[New] Epoch 501/1000 | classify: 3.1296 | total: 3.1296
[New] Epoch 502/1000 | classify: 3.1221 | total: 3.1221
[New] Epoch 503/1000 | classify: 3.3010 | total: 3.3010
[New] Epoch 504/1000 | classify: 3.2966 | total: 3.2966
[New] Epoch 505/1000 | classify: 3.2555 | total: 3.2555
[New] Epoch 506/1000 | classify: 3.1319 | total: 3.1319
[New] Epoch 507/1000 | classify: 3.0900 | total: 3.0900
[New] Epoch 508/1000 | classify: 3.3547 | total: 3.3547
[New] Epoch 509/1000 | classify: 3.3945 | total: 3.3945
[New] Epoch 510/1000 | classify: 3.5043 | total: 3.5043
--- 验证集 [epoch 510] ---
  准确率 (Accuracy):  0.6370
  精确率 (Precision): 0.4045
  召回率 (Recall):    0.3872
  F1 分数 (F1):       0.3551
[New] Epoch 511/1000 | classify: 3.2071 | total: 3.2071
[New] Epoch 512/1000 | classify: 3.4340 | total: 3.4340
[New] Epoch 513/1000 | classify: 3.3120 | total: 3.3120
[New] Epoch 514/1000 | classify: 3.2848 | total: 3.2848
[New] Epoch 515/1000 | classify: 3.2798 | total: 3.2798
[New] Epoch 516/1000 | classify: 3.4551 | total: 3.4551
[New] Epoch 517/1000 | classify: 3.2437 | total: 3.2437
[New] Epoch 518/1000 | classify: 3.1963 | total: 3.1963
[New] Epoch 519/1000 | classify: 3.2842 | total: 3.2842
[New] Epoch 520/1000 | classify: 3.3974 | total: 3.3974
--- 验证集 [epoch 520] ---
  准确率 (Accuracy):  0.6301
  精确率 (Precision): 0.3530
  召回率 (Recall):    0.3801
  F1 分数 (F1):       0.3465
[New] Epoch 521/1000 | classify: 3.2342 | total: 3.2342
[New] Epoch 522/1000 | classify: 3.1245 | total: 3.1245
[New] Epoch 523/1000 | classify: 3.2517 | total: 3.2517
[New] Epoch 524/1000 | classify: 3.3562 | total: 3.3562
[New] Epoch 525/1000 | classify: 3.1081 | total: 3.1081
[New] Epoch 526/1000 | classify: 3.3700 | total: 3.3700
[New] Epoch 527/1000 | classify: 3.2647 | total: 3.2647
[New] Epoch 528/1000 | classify: 3.2737 | total: 3.2737
[New] Epoch 529/1000 | classify: 3.1869 | total: 3.1869
[New] Epoch 530/1000 | classify: 2.9935 | total: 2.9935
--- 验证集 [epoch 530] ---
  准确率 (Accuracy):  0.6438
  精确率 (Precision): 0.4641
  召回率 (Recall):    0.4064
  F1 分数 (F1):       0.3788
[New] Epoch 531/1000 | classify: 3.4637 | total: 3.4637
[New] Epoch 532/1000 | classify: 3.3658 | total: 3.3658
[New] Epoch 533/1000 | classify: 3.1509 | total: 3.1509
[New] Epoch 534/1000 | classify: 3.2594 | total: 3.2594
[New] Epoch 535/1000 | classify: 3.3015 | total: 3.3015
[New] Epoch 536/1000 | classify: 3.3271 | total: 3.3271
[New] Epoch 537/1000 | classify: 3.2731 | total: 3.2731
[New] Epoch 538/1000 | classify: 3.2356 | total: 3.2356
[New] Epoch 539/1000 | classify: 3.1294 | total: 3.1294
[New] Epoch 540/1000 | classify: 3.4010 | total: 3.4010
--- 验证集 [epoch 540] ---
  准确率 (Accuracy):  0.6233
  精确率 (Precision): 0.4077
  召回率 (Recall):    0.3682
  F1 分数 (F1):       0.3233
[New] Epoch 541/1000 | classify: 3.3660 | total: 3.3660
[New] Epoch 542/1000 | classify: 3.3054 | total: 3.3054
[New] Epoch 543/1000 | classify: 3.3539 | total: 3.3539
[New] Epoch 544/1000 | classify: 3.3636 | total: 3.3636
[New] Epoch 545/1000 | classify: 3.2392 | total: 3.2392
[New] Epoch 546/1000 | classify: 3.3820 | total: 3.3820
[New] Epoch 547/1000 | classify: 3.3854 | total: 3.3854
[New] Epoch 548/1000 | classify: 3.3082 | total: 3.3082
[New] Epoch 549/1000 | classify: 3.4677 | total: 3.4677
[New] Epoch 550/1000 | classify: 3.2176 | total: 3.2176
--- 验证集 [epoch 550] ---
  准确率 (Accuracy):  0.6301
  精确率 (Precision): 0.4934
  召回率 (Recall):    0.3998
  F1 分数 (F1):       0.3847
✅ 模型已保存到 /home/kudouzala/Application/ion_detect/output/trained_model_save/exp_new_b_num_tp2/trained_model_epoch_550.pth
📁 损失值已保存到 /home/kudouzala/Application/ion_detect/output/trained_model_save/exp_new_b_num_tp2/training_loss_epoch_550.csv
[New] Epoch 551/1000 | classify: 3.1573 | total: 3.1573
[New] Epoch 552/1000 | classify: 3.2689 | total: 3.2689
[New] Epoch 553/1000 | classify: 3.4919 | total: 3.4919
[New] Epoch 554/1000 | classify: 3.4951 | total: 3.4951
[New] Epoch 555/1000 | classify: 3.2613 | total: 3.2613
[New] Epoch 556/1000 | classify: 3.2946 | total: 3.2946
[New] Epoch 557/1000 | classify: 3.2166 | total: 3.2166
[New] Epoch 558/1000 | classify: 3.4454 | total: 3.4454
[New] Epoch 559/1000 | classify: 3.4886 | total: 3.4886
[New] Epoch 560/1000 | classify: 3.3489 | total: 3.3489
--- 验证集 [epoch 560] ---
  准确率 (Accuracy):  0.5616
  精确率 (Precision): 0.3678
  召回率 (Recall):    0.3947
  F1 分数 (F1):       0.3408
[New] Epoch 561/1000 | classify: 3.4612 | total: 3.4612
[New] Epoch 562/1000 | classify: 3.3129 | total: 3.3129
[New] Epoch 563/1000 | classify: 3.0953 | total: 3.0953
[New] Epoch 564/1000 | classify: 3.4399 | total: 3.4399
[New] Epoch 565/1000 | classify: 3.0809 | total: 3.0809
[New] Epoch 566/1000 | classify: 3.1225 | total: 3.1225
[New] Epoch 567/1000 | classify: 3.1924 | total: 3.1924
[New] Epoch 568/1000 | classify: 3.3288 | total: 3.3288
[New] Epoch 569/1000 | classify: 3.3898 | total: 3.3898
[New] Epoch 570/1000 | classify: 3.4298 | total: 3.4298
--- 验证集 [epoch 570] ---
  准确率 (Accuracy):  0.6027
  精确率 (Precision): 0.2816
  召回率 (Recall):    0.3872
  F1 分数 (F1):       0.3140
[New] Epoch 571/1000 | classify: 3.5613 | total: 3.5613
[New] Epoch 572/1000 | classify: 3.4134 | total: 3.4134
[New] Epoch 573/1000 | classify: 3.6088 | total: 3.6088
[New] Epoch 574/1000 | classify: 3.3896 | total: 3.3896
[New] Epoch 575/1000 | classify: 3.4744 | total: 3.4744
[New] Epoch 576/1000 | classify: 3.2711 | total: 3.2711
[New] Epoch 577/1000 | classify: 3.4568 | total: 3.4568
[New] Epoch 578/1000 | classify: 3.4897 | total: 3.4897
[New] Epoch 579/1000 | classify: 3.4155 | total: 3.4155
[New] Epoch 580/1000 | classify: 3.1649 | total: 3.1649
--- 验证集 [epoch 580] ---
  准确率 (Accuracy):  0.6575
  精确率 (Precision): 0.4864
  召回率 (Recall):    0.4230
  F1 分数 (F1):       0.4024
[New] Epoch 581/1000 | classify: 3.1397 | total: 3.1397
[New] Epoch 582/1000 | classify: 3.4246 | total: 3.4246
[New] Epoch 583/1000 | classify: 3.3572 | total: 3.3572
[New] Epoch 584/1000 | classify: 3.1218 | total: 3.1218
[New] Epoch 585/1000 | classify: 3.3566 | total: 3.3566
[New] Epoch 586/1000 | classify: 3.4464 | total: 3.4464
[New] Epoch 587/1000 | classify: 3.2431 | total: 3.2431
[New] Epoch 588/1000 | classify: 3.3132 | total: 3.3132
[New] Epoch 589/1000 | classify: 3.3155 | total: 3.3155
[New] Epoch 590/1000 | classify: 3.2280 | total: 3.2280
--- 验证集 [epoch 590] ---
  准确率 (Accuracy):  0.6164
  精确率 (Precision): 0.2839
  召回率 (Recall):    0.3356
  F1 分数 (F1):       0.2942
[New] Epoch 591/1000 | classify: 3.2642 | total: 3.2642
[New] Epoch 592/1000 | classify: 3.4588 | total: 3.4588
[New] Epoch 593/1000 | classify: 3.3687 | total: 3.3687
[New] Epoch 594/1000 | classify: 3.1590 | total: 3.1590
[New] Epoch 595/1000 | classify: 3.1890 | total: 3.1890
[New] Epoch 596/1000 | classify: 3.4217 | total: 3.4217
[New] Epoch 597/1000 | classify: 3.5333 | total: 3.5333
[New] Epoch 598/1000 | classify: 3.2536 | total: 3.2536
[New] Epoch 599/1000 | classify: 3.3193 | total: 3.3193
[New] Epoch 600/1000 | classify: 3.3822 | total: 3.3822
--- 验证集 [epoch 600] ---
  准确率 (Accuracy):  0.6370
  精确率 (Precision): 0.3655
  召回率 (Recall):    0.3974
  F1 分数 (F1):       0.3609
✅ 模型已保存到 /home/kudouzala/Application/ion_detect/output/trained_model_save/exp_new_b_num_tp2/trained_model_epoch_600.pth
📁 损失值已保存到 /home/kudouzala/Application/ion_detect/output/trained_model_save/exp_new_b_num_tp2/training_loss_epoch_600.csv
[New] Epoch 601/1000 | classify: 3.2975 | total: 3.2975
[New] Epoch 602/1000 | classify: 3.3095 | total: 3.3095
[New] Epoch 603/1000 | classify: 3.3096 | total: 3.3096
[New] Epoch 604/1000 | classify: 3.1123 | total: 3.1123
[New] Epoch 605/1000 | classify: 3.2737 | total: 3.2737
[New] Epoch 606/1000 | classify: 3.5335 | total: 3.5335
[New] Epoch 607/1000 | classify: 3.3405 | total: 3.3405
[New] Epoch 608/1000 | classify: 3.3466 | total: 3.3466
[New] Epoch 609/1000 | classify: 3.4446 | total: 3.4446
[New] Epoch 610/1000 | classify: 3.1239 | total: 3.1239
--- 验证集 [epoch 610] ---
  准确率 (Accuracy):  0.6370
  精确率 (Precision): 0.4047
  召回率 (Recall):    0.3821
  F1 分数 (F1):       0.3605
[New] Epoch 611/1000 | classify: 3.3926 | total: 3.3926
[New] Epoch 612/1000 | classify: 3.2861 | total: 3.2861
[New] Epoch 613/1000 | classify: 3.3434 | total: 3.3434
[New] Epoch 614/1000 | classify: 3.7055 | total: 3.7055
[New] Epoch 615/1000 | classify: 3.5028 | total: 3.5028
[New] Epoch 616/1000 | classify: 3.4076 | total: 3.4076
[New] Epoch 617/1000 | classify: 3.2942 | total: 3.2942
[New] Epoch 618/1000 | classify: 3.3973 | total: 3.3973
[New] Epoch 619/1000 | classify: 3.3584 | total: 3.3584
[New] Epoch 620/1000 | classify: 3.4431 | total: 3.4431
--- 验证集 [epoch 620] ---
  准确率 (Accuracy):  0.6233
  精确率 (Precision): 0.3455
  召回率 (Recall):    0.3832
  F1 分数 (F1):       0.3323
[New] Epoch 621/1000 | classify: 3.2981 | total: 3.2981
[New] Epoch 622/1000 | classify: 3.3396 | total: 3.3396
[New] Epoch 623/1000 | classify: 3.3929 | total: 3.3929
[New] Epoch 624/1000 | classify: 3.3700 | total: 3.3700
[New] Epoch 625/1000 | classify: 3.3877 | total: 3.3877
[New] Epoch 626/1000 | classify: 3.3642 | total: 3.3642
[New] Epoch 627/1000 | classify: 3.2982 | total: 3.2982
[New] Epoch 628/1000 | classify: 3.2874 | total: 3.2874
[New] Epoch 629/1000 | classify: 3.3371 | total: 3.3371
[New] Epoch 630/1000 | classify: 3.3020 | total: 3.3020
--- 验证集 [epoch 630] ---
  准确率 (Accuracy):  0.6370
  精确率 (Precision): 0.4256
  召回率 (Recall):    0.3821
  F1 分数 (F1):       0.3553
[New] Epoch 631/1000 | classify: 3.3957 | total: 3.3957
[New] Epoch 632/1000 | classify: 3.2415 | total: 3.2415
[New] Epoch 633/1000 | classify: 3.1565 | total: 3.1565
[New] Epoch 634/1000 | classify: 3.2722 | total: 3.2722
[New] Epoch 635/1000 | classify: 3.3383 | total: 3.3383
[New] Epoch 636/1000 | classify: 3.3897 | total: 3.3897
[New] Epoch 637/1000 | classify: 3.0912 | total: 3.0912
[New] Epoch 638/1000 | classify: 3.1489 | total: 3.1489
[New] Epoch 639/1000 | classify: 3.3756 | total: 3.3756
[New] Epoch 640/1000 | classify: 3.3409 | total: 3.3409
--- 验证集 [epoch 640] ---
  准确率 (Accuracy):  0.6233
  精确率 (Precision): 0.3613
  召回率 (Recall):    0.3525
  F1 分数 (F1):       0.3212
[New] Epoch 641/1000 | classify: 3.3856 | total: 3.3856
[New] Epoch 642/1000 | classify: 3.2021 | total: 3.2021
[New] Epoch 643/1000 | classify: 3.4261 | total: 3.4261
[New] Epoch 644/1000 | classify: 3.2706 | total: 3.2706
[New] Epoch 645/1000 | classify: 3.2412 | total: 3.2412
[New] Epoch 646/1000 | classify: 3.3966 | total: 3.3966
[New] Epoch 647/1000 | classify: 3.2711 | total: 3.2711
[New] Epoch 648/1000 | classify: 3.1913 | total: 3.1913
[New] Epoch 649/1000 | classify: 3.4126 | total: 3.4126
[New] Epoch 650/1000 | classify: 3.5222 | total: 3.5222
--- 验证集 [epoch 650] ---
  准确率 (Accuracy):  0.6096
  精确率 (Precision): 0.2726
  召回率 (Recall):    0.3641
  F1 分数 (F1):       0.3081
✅ 模型已保存到 /home/kudouzala/Application/ion_detect/output/trained_model_save/exp_new_b_num_tp2/trained_model_epoch_650.pth
📁 损失值已保存到 /home/kudouzala/Application/ion_detect/output/trained_model_save/exp_new_b_num_tp2/training_loss_epoch_650.csv
[New] Epoch 651/1000 | classify: 3.0496 | total: 3.0496
[New] Epoch 652/1000 | classify: 3.1419 | total: 3.1419
[New] Epoch 653/1000 | classify: 3.2467 | total: 3.2467
[New] Epoch 654/1000 | classify: 3.2576 | total: 3.2576
[New] Epoch 655/1000 | classify: 3.3056 | total: 3.3056
[New] Epoch 656/1000 | classify: 3.3902 | total: 3.3902
[New] Epoch 657/1000 | classify: 3.4059 | total: 3.4059
[New] Epoch 658/1000 | classify: 3.1287 | total: 3.1287
[New] Epoch 659/1000 | classify: 3.2803 | total: 3.2803
[New] Epoch 660/1000 | classify: 3.4223 | total: 3.4223
--- 验证集 [epoch 660] ---
  准确率 (Accuracy):  0.6370
  精确率 (Precision): 0.4400
  召回率 (Recall):    0.3920
  F1 分数 (F1):       0.3755
[New] Epoch 661/1000 | classify: 3.2548 | total: 3.2548
[New] Epoch 662/1000 | classify: 3.3145 | total: 3.3145
[New] Epoch 663/1000 | classify: 3.0450 | total: 3.0450
[New] Epoch 664/1000 | classify: 3.3486 | total: 3.3486
[New] Epoch 665/1000 | classify: 3.2091 | total: 3.2091
[New] Epoch 666/1000 | classify: 3.2950 | total: 3.2950
[New] Epoch 667/1000 | classify: 3.3504 | total: 3.3504
[New] Epoch 668/1000 | classify: 3.3185 | total: 3.3185
[New] Epoch 669/1000 | classify: 3.6562 | total: 3.6562
[New] Epoch 670/1000 | classify: 3.2028 | total: 3.2028
--- 验证集 [epoch 670] ---
  准确率 (Accuracy):  0.6096
  精确率 (Precision): 0.3444
  召回率 (Recall):    0.4043
  F1 分数 (F1):       0.3522
[New] Epoch 671/1000 | classify: 3.2478 | total: 3.2478
[New] Epoch 672/1000 | classify: 3.5628 | total: 3.5628
[New] Epoch 673/1000 | classify: 3.3113 | total: 3.3113
[New] Epoch 674/1000 | classify: 3.3344 | total: 3.3344
[New] Epoch 675/1000 | classify: 3.3538 | total: 3.3538
[New] Epoch 676/1000 | classify: 3.0710 | total: 3.0710
[New] Epoch 677/1000 | classify: 3.1485 | total: 3.1485
[New] Epoch 678/1000 | classify: 3.4536 | total: 3.4536
[New] Epoch 679/1000 | classify: 3.3585 | total: 3.3585
[New] Epoch 680/1000 | classify: 3.4925 | total: 3.4925
--- 验证集 [epoch 680] ---
  准确率 (Accuracy):  0.5685
  精确率 (Precision): 0.3706
  召回率 (Recall):    0.3968
  F1 分数 (F1):       0.3420
[New] Epoch 681/1000 | classify: 3.6381 | total: 3.6381
[New] Epoch 682/1000 | classify: 3.4654 | total: 3.4654
[New] Epoch 683/1000 | classify: 3.2867 | total: 3.2867
[New] Epoch 684/1000 | classify: 3.2715 | total: 3.2715
[New] Epoch 685/1000 | classify: 3.3559 | total: 3.3559
[New] Epoch 686/1000 | classify: 3.4484 | total: 3.4484
[New] Epoch 687/1000 | classify: 3.0904 | total: 3.0904
[New] Epoch 688/1000 | classify: 3.2919 | total: 3.2919
[New] Epoch 689/1000 | classify: 3.3749 | total: 3.3749
[New] Epoch 690/1000 | classify: 3.2416 | total: 3.2416
--- 验证集 [epoch 690] ---
  准确率 (Accuracy):  0.6301
  精确率 (Precision): 0.3457
  召回率 (Recall):    0.4002
  F1 分数 (F1):       0.3520
[New] Epoch 691/1000 | classify: 3.3955 | total: 3.3955
[New] Epoch 692/1000 | classify: 3.3082 | total: 3.3082
[New] Epoch 693/1000 | classify: 3.4733 | total: 3.4733
[New] Epoch 694/1000 | classify: 3.2140 | total: 3.2140
[New] Epoch 695/1000 | classify: 3.3724 | total: 3.3724
[New] Epoch 696/1000 | classify: 3.4475 | total: 3.4475
[New] Epoch 697/1000 | classify: 3.3012 | total: 3.3012
[New] Epoch 698/1000 | classify: 3.2526 | total: 3.2526
[New] Epoch 699/1000 | classify: 3.2777 | total: 3.2777
[New] Epoch 700/1000 | classify: 3.1737 | total: 3.1737
--- 验证集 [epoch 700] ---
  准确率 (Accuracy):  0.6233
  精确率 (Precision): 0.4254
  召回率 (Recall):    0.3879
  F1 分数 (F1):       0.3409
✅ 模型已保存到 /home/kudouzala/Application/ion_detect/output/trained_model_save/exp_new_b_num_tp2/trained_model_epoch_700.pth
📁 损失值已保存到 /home/kudouzala/Application/ion_detect/output/trained_model_save/exp_new_b_num_tp2/training_loss_epoch_700.csv
[New] Epoch 701/1000 | classify: 3.2882 | total: 3.2882
[New] Epoch 702/1000 | classify: 3.3749 | total: 3.3749
[New] Epoch 703/1000 | classify: 3.3886 | total: 3.3886
[New] Epoch 704/1000 | classify: 3.3336 | total: 3.3336
[New] Epoch 705/1000 | classify: 3.3501 | total: 3.3501
[New] Epoch 706/1000 | classify: 3.3799 | total: 3.3799
[New] Epoch 707/1000 | classify: 3.5174 | total: 3.5174
[New] Epoch 708/1000 | classify: 3.0006 | total: 3.0006
[New] Epoch 709/1000 | classify: 3.4668 | total: 3.4668
[New] Epoch 710/1000 | classify: 3.3308 | total: 3.3308
--- 验证集 [epoch 710] ---
  准确率 (Accuracy):  0.6301
  精确率 (Precision): 0.3307
  召回率 (Recall):    0.3682
  F1 分数 (F1):       0.3145
[New] Epoch 711/1000 | classify: 3.1520 | total: 3.1520
[New] Epoch 712/1000 | classify: 3.3094 | total: 3.3094
[New] Epoch 713/1000 | classify: 3.4174 | total: 3.4174
[New] Epoch 714/1000 | classify: 3.4379 | total: 3.4379
[New] Epoch 715/1000 | classify: 3.4262 | total: 3.4262
[New] Epoch 716/1000 | classify: 3.4214 | total: 3.4214
[New] Epoch 717/1000 | classify: 3.2883 | total: 3.2883
[New] Epoch 718/1000 | classify: 3.2111 | total: 3.2111
[New] Epoch 719/1000 | classify: 3.1803 | total: 3.1803
[New] Epoch 720/1000 | classify: 3.3200 | total: 3.3200
--- 验证集 [epoch 720] ---
  准确率 (Accuracy):  0.6370
  精确率 (Precision): 0.4185
  召回率 (Recall):    0.3821
  F1 分数 (F1):       0.3490
[New] Epoch 721/1000 | classify: 3.6077 | total: 3.6077
[New] Epoch 722/1000 | classify: 3.2672 | total: 3.2672
[New] Epoch 723/1000 | classify: 3.5043 | total: 3.5043
[New] Epoch 724/1000 | classify: 3.6238 | total: 3.6238
[New] Epoch 725/1000 | classify: 3.3320 | total: 3.3320
[New] Epoch 726/1000 | classify: 3.3240 | total: 3.3240
[New] Epoch 727/1000 | classify: 3.3039 | total: 3.3039
[New] Epoch 728/1000 | classify: 3.3269 | total: 3.3269
[New] Epoch 729/1000 | classify: 3.4209 | total: 3.4209
[New] Epoch 730/1000 | classify: 3.1898 | total: 3.1898
--- 验证集 [epoch 730] ---
  准确率 (Accuracy):  0.6096
  精确率 (Precision): 0.2666
  召回率 (Recall):    0.3543
  F1 分数 (F1):       0.3020
[New] Epoch 731/1000 | classify: 3.2919 | total: 3.2919
[New] Epoch 732/1000 | classify: 3.3354 | total: 3.3354
[New] Epoch 733/1000 | classify: 3.2159 | total: 3.2159
[New] Epoch 734/1000 | classify: 3.4011 | total: 3.4011
[New] Epoch 735/1000 | classify: 3.4292 | total: 3.4292
[New] Epoch 736/1000 | classify: 3.4572 | total: 3.4572
[New] Epoch 737/1000 | classify: 3.4149 | total: 3.4149
[New] Epoch 738/1000 | classify: 3.1689 | total: 3.1689
[New] Epoch 739/1000 | classify: 3.1953 | total: 3.1953
[New] Epoch 740/1000 | classify: 3.3386 | total: 3.3386
--- 验证集 [epoch 740] ---
  准确率 (Accuracy):  0.6027
  精确率 (Precision): 0.2495
  召回率 (Recall):    0.3403
  F1 分数 (F1):       0.2833
[New] Epoch 741/1000 | classify: 3.2411 | total: 3.2411
[New] Epoch 742/1000 | classify: 3.5573 | total: 3.5573
[New] Epoch 743/1000 | classify: 3.4002 | total: 3.4002
[New] Epoch 744/1000 | classify: 3.2812 | total: 3.2812
[New] Epoch 745/1000 | classify: 3.3631 | total: 3.3631
[New] Epoch 746/1000 | classify: 3.3625 | total: 3.3625
[New] Epoch 747/1000 | classify: 3.3866 | total: 3.3866
[New] Epoch 748/1000 | classify: 3.2933 | total: 3.2933
[New] Epoch 749/1000 | classify: 3.2131 | total: 3.2131
[New] Epoch 750/1000 | classify: 3.5191 | total: 3.5191
--- 验证集 [epoch 750] ---
  准确率 (Accuracy):  0.5890
  精确率 (Precision): 0.3374
  召回率 (Recall):    0.3930
  F1 分数 (F1):       0.3387
✅ 模型已保存到 /home/kudouzala/Application/ion_detect/output/trained_model_save/exp_new_b_num_tp2/trained_model_epoch_750.pth
📁 损失值已保存到 /home/kudouzala/Application/ion_detect/output/trained_model_save/exp_new_b_num_tp2/training_loss_epoch_750.csv
[New] Epoch 751/1000 | classify: 3.3024 | total: 3.3024
[New] Epoch 752/1000 | classify: 3.2537 | total: 3.2537
[New] Epoch 753/1000 | classify: 3.4737 | total: 3.4737
[New] Epoch 754/1000 | classify: 3.5203 | total: 3.5203
[New] Epoch 755/1000 | classify: 3.5306 | total: 3.5306
[New] Epoch 756/1000 | classify: 3.3259 | total: 3.3259
[New] Epoch 757/1000 | classify: 3.4597 | total: 3.4597
[New] Epoch 758/1000 | classify: 3.4575 | total: 3.4575
[New] Epoch 759/1000 | classify: 3.3279 | total: 3.3279
[New] Epoch 760/1000 | classify: 3.3404 | total: 3.3404
--- 验证集 [epoch 760] ---
  准确率 (Accuracy):  0.6370
  精确率 (Precision): 0.4399
  召回率 (Recall):    0.4270
  F1 分数 (F1):       0.3903
[New] Epoch 761/1000 | classify: 3.5393 | total: 3.5393
[New] Epoch 762/1000 | classify: 3.3460 | total: 3.3460
[New] Epoch 763/1000 | classify: 3.4227 | total: 3.4227
[New] Epoch 764/1000 | classify: 3.4806 | total: 3.4806
[New] Epoch 765/1000 | classify: 3.5850 | total: 3.5850
[New] Epoch 766/1000 | classify: 3.4640 | total: 3.4640
[New] Epoch 767/1000 | classify: 3.3994 | total: 3.3994
[New] Epoch 768/1000 | classify: 3.4507 | total: 3.4507
[New] Epoch 769/1000 | classify: 3.3447 | total: 3.3447
[New] Epoch 770/1000 | classify: 3.2053 | total: 3.2053
--- 验证集 [epoch 770] ---
  准确率 (Accuracy):  0.6507
  精确率 (Precision): 0.3815
  召回率 (Recall):    0.4355
  F1 分数 (F1):       0.3799
[New] Epoch 771/1000 | classify: 3.3246 | total: 3.3246
[New] Epoch 772/1000 | classify: 3.5066 | total: 3.5066
[New] Epoch 773/1000 | classify: 3.3383 | total: 3.3383
[New] Epoch 774/1000 | classify: 3.3876 | total: 3.3876
[New] Epoch 775/1000 | classify: 3.3010 | total: 3.3010
[New] Epoch 776/1000 | classify: 3.4111 | total: 3.4111
[New] Epoch 777/1000 | classify: 3.3477 | total: 3.3477
[New] Epoch 778/1000 | classify: 3.4914 | total: 3.4914
[New] Epoch 779/1000 | classify: 3.2396 | total: 3.2396
[New] Epoch 780/1000 | classify: 3.5513 | total: 3.5513
--- 验证集 [epoch 780] ---
  准确率 (Accuracy):  0.6233
  精确率 (Precision): 0.3843
  召回率 (Recall):    0.3475
  F1 分数 (F1):       0.3174
[New] Epoch 781/1000 | classify: 3.1928 | total: 3.1928
[New] Epoch 782/1000 | classify: 3.4617 | total: 3.4617
[New] Epoch 783/1000 | classify: 3.3837 | total: 3.3837
[New] Epoch 784/1000 | classify: 3.4798 | total: 3.4798
[New] Epoch 785/1000 | classify: 3.3314 | total: 3.3314
[New] Epoch 786/1000 | classify: 3.5430 | total: 3.5430
[New] Epoch 787/1000 | classify: 3.3265 | total: 3.3265
[New] Epoch 788/1000 | classify: 3.4453 | total: 3.4453
[New] Epoch 789/1000 | classify: 3.6865 | total: 3.6865
[New] Epoch 790/1000 | classify: 3.4145 | total: 3.4145
--- 验证集 [epoch 790] ---
  准确率 (Accuracy):  0.6507
  精确率 (Precision): 0.3988
  召回率 (Recall):    0.4158
  F1 分数 (F1):       0.3813
[New] Epoch 791/1000 | classify: 3.4182 | total: 3.4182
[New] Epoch 792/1000 | classify: 3.4690 | total: 3.4690
[New] Epoch 793/1000 | classify: 3.4140 | total: 3.4140
[New] Epoch 794/1000 | classify: 3.3324 | total: 3.3324
[New] Epoch 795/1000 | classify: 3.3598 | total: 3.3598
[New] Epoch 796/1000 | classify: 3.2675 | total: 3.2675
[New] Epoch 797/1000 | classify: 3.3292 | total: 3.3292
[New] Epoch 798/1000 | classify: 3.3389 | total: 3.3389
[New] Epoch 799/1000 | classify: 3.5076 | total: 3.5076
[New] Epoch 800/1000 | classify: 3.3537 | total: 3.3537
--- 验证集 [epoch 800] ---
  准确率 (Accuracy):  0.6370
  精确率 (Precision): 0.5795
  召回率 (Recall):    0.4035
  F1 分数 (F1):       0.3992
✅ 模型已保存到 /home/kudouzala/Application/ion_detect/output/trained_model_save/exp_new_b_num_tp2/trained_model_epoch_800.pth
📁 损失值已保存到 /home/kudouzala/Application/ion_detect/output/trained_model_save/exp_new_b_num_tp2/training_loss_epoch_800.csv
[New] Epoch 801/1000 | classify: 3.4378 | total: 3.4378
[New] Epoch 802/1000 | classify: 3.3442 | total: 3.3442
[New] Epoch 803/1000 | classify: 3.5643 | total: 3.5643
[New] Epoch 804/1000 | classify: 3.1442 | total: 3.1442
[New] Epoch 805/1000 | classify: 3.2707 | total: 3.2707
[New] Epoch 806/1000 | classify: 3.5587 | total: 3.5587
[New] Epoch 807/1000 | classify: 3.7218 | total: 3.7218
[New] Epoch 808/1000 | classify: 3.2669 | total: 3.2669
[New] Epoch 809/1000 | classify: 3.6077 | total: 3.6077
[New] Epoch 810/1000 | classify: 3.4094 | total: 3.4094
--- 验证集 [epoch 810] ---
  准确率 (Accuracy):  0.6370
  精确率 (Precision): 0.6189
  召回率 (Recall):    0.3976
  F1 分数 (F1):       0.3892
[New] Epoch 811/1000 | classify: 3.2764 | total: 3.2764
[New] Epoch 812/1000 | classify: 3.3544 | total: 3.3544
[New] Epoch 813/1000 | classify: 3.3371 | total: 3.3371
[New] Epoch 814/1000 | classify: 3.4142 | total: 3.4142
[New] Epoch 815/1000 | classify: 3.3188 | total: 3.3188
[New] Epoch 816/1000 | classify: 3.5483 | total: 3.5483
[New] Epoch 817/1000 | classify: 3.3690 | total: 3.3690
[New] Epoch 818/1000 | classify: 3.4349 | total: 3.4349
[New] Epoch 819/1000 | classify: 3.4276 | total: 3.4276
[New] Epoch 820/1000 | classify: 3.5704 | total: 3.5704
--- 验证集 [epoch 820] ---
  准确率 (Accuracy):  0.5822
  精确率 (Precision): 0.2494
  召回率 (Recall):    0.3440
  F1 分数 (F1):       0.2798
[New] Epoch 821/1000 | classify: 3.5105 | total: 3.5105
[New] Epoch 822/1000 | classify: 3.2540 | total: 3.2540
[New] Epoch 823/1000 | classify: 3.5068 | total: 3.5068
[New] Epoch 824/1000 | classify: 3.5363 | total: 3.5363
[New] Epoch 825/1000 | classify: 3.2053 | total: 3.2053
[New] Epoch 826/1000 | classify: 3.5961 | total: 3.5961
[New] Epoch 827/1000 | classify: 3.3692 | total: 3.3692
[New] Epoch 828/1000 | classify: 3.4176 | total: 3.4176
[New] Epoch 829/1000 | classify: 3.3504 | total: 3.3504
[New] Epoch 830/1000 | classify: 3.2829 | total: 3.2829
--- 验证集 [epoch 830] ---
  准确率 (Accuracy):  0.6370
  精确率 (Precision): 0.3068
  召回率 (Recall):    0.4117
  F1 分数 (F1):       0.3410
[New] Epoch 831/1000 | classify: 3.2167 | total: 3.2167
[New] Epoch 832/1000 | classify: 3.5574 | total: 3.5574
[New] Epoch 833/1000 | classify: 3.2706 | total: 3.2706
[New] Epoch 834/1000 | classify: 3.3352 | total: 3.3352
[New] Epoch 835/1000 | classify: 3.3959 | total: 3.3959
[New] Epoch 836/1000 | classify: 3.4701 | total: 3.4701
[New] Epoch 837/1000 | classify: 3.5200 | total: 3.5200
[New] Epoch 838/1000 | classify: 3.4106 | total: 3.4106
[New] Epoch 839/1000 | classify: 3.4347 | total: 3.4347
[New] Epoch 840/1000 | classify: 3.3690 | total: 3.3690
--- 验证集 [epoch 840] ---
  准确率 (Accuracy):  0.6438
  精确率 (Precision): 0.4087
  召回率 (Recall):    0.3821
  F1 分数 (F1):       0.3432
[New] Epoch 841/1000 | classify: 3.2740 | total: 3.2740
[New] Epoch 842/1000 | classify: 3.4370 | total: 3.4370
[New] Epoch 843/1000 | classify: 3.4364 | total: 3.4364
[New] Epoch 844/1000 | classify: 3.2815 | total: 3.2815
[New] Epoch 845/1000 | classify: 3.2113 | total: 3.2113
[New] Epoch 846/1000 | classify: 3.4358 | total: 3.4358
[New] Epoch 847/1000 | classify: 3.3183 | total: 3.3183
[New] Epoch 848/1000 | classify: 3.4850 | total: 3.4850
[New] Epoch 849/1000 | classify: 3.3589 | total: 3.3589
[New] Epoch 850/1000 | classify: 3.1423 | total: 3.1423
--- 验证集 [epoch 850] ---
  准确率 (Accuracy):  0.6027
  精确率 (Precision): 0.2483
  召回率 (Recall):    0.3403
  F1 分数 (F1):       0.2826
✅ 模型已保存到 /home/kudouzala/Application/ion_detect/output/trained_model_save/exp_new_b_num_tp2/trained_model_epoch_850.pth
📁 损失值已保存到 /home/kudouzala/Application/ion_detect/output/trained_model_save/exp_new_b_num_tp2/training_loss_epoch_850.csv
[New] Epoch 851/1000 | classify: 3.2331 | total: 3.2331
[New] Epoch 852/1000 | classify: 3.4264 | total: 3.4264
[New] Epoch 853/1000 | classify: 3.4978 | total: 3.4978
[New] Epoch 854/1000 | classify: 3.4840 | total: 3.4840
[New] Epoch 855/1000 | classify: 3.2959 | total: 3.2959
[New] Epoch 856/1000 | classify: 3.4069 | total: 3.4069
[New] Epoch 857/1000 | classify: 3.4825 | total: 3.4825
[New] Epoch 858/1000 | classify: 3.4641 | total: 3.4641
[New] Epoch 859/1000 | classify: 3.3178 | total: 3.3178
[New] Epoch 860/1000 | classify: 3.4505 | total: 3.4505
--- 验证集 [epoch 860] ---
  准确率 (Accuracy):  0.6301
  精确率 (Precision): 0.4057
  召回率 (Recall):    0.3879
  F1 分数 (F1):       0.3394
[New] Epoch 861/1000 | classify: 3.4694 | total: 3.4694
[New] Epoch 862/1000 | classify: 3.3200 | total: 3.3200
[New] Epoch 863/1000 | classify: 3.2868 | total: 3.2868
[New] Epoch 864/1000 | classify: 3.3744 | total: 3.3744
[New] Epoch 865/1000 | classify: 3.3105 | total: 3.3105
[New] Epoch 866/1000 | classify: 3.5219 | total: 3.5219
[New] Epoch 867/1000 | classify: 3.3132 | total: 3.3132
[New] Epoch 868/1000 | classify: 3.1606 | total: 3.1606
[New] Epoch 869/1000 | classify: 3.3718 | total: 3.3718
[New] Epoch 870/1000 | classify: 3.3440 | total: 3.3440
--- 验证集 [epoch 870] ---
  准确率 (Accuracy):  0.6301
  精确率 (Precision): 0.2979
  召回率 (Recall):    0.3900
  F1 分数 (F1):       0.3303
[New] Epoch 871/1000 | classify: 3.2471 | total: 3.2471
[New] Epoch 872/1000 | classify: 3.4312 | total: 3.4312
[New] Epoch 873/1000 | classify: 3.1786 | total: 3.1786
[New] Epoch 874/1000 | classify: 3.6159 | total: 3.6159
[New] Epoch 875/1000 | classify: 3.4122 | total: 3.4122
[New] Epoch 876/1000 | classify: 3.4776 | total: 3.4776
[New] Epoch 877/1000 | classify: 3.4400 | total: 3.4400
[New] Epoch 878/1000 | classify: 3.5496 | total: 3.5496
[New] Epoch 879/1000 | classify: 3.4639 | total: 3.4639
[New] Epoch 880/1000 | classify: 3.4628 | total: 3.4628
--- 验证集 [epoch 880] ---
  准确率 (Accuracy):  0.6233
  精确率 (Precision): 0.3819
  召回率 (Recall):    0.3781
  F1 分数 (F1):       0.3504
[New] Epoch 881/1000 | classify: 3.5282 | total: 3.5282
[New] Epoch 882/1000 | classify: 3.6891 | total: 3.6891
[New] Epoch 883/1000 | classify: 3.2110 | total: 3.2110
[New] Epoch 884/1000 | classify: 3.2180 | total: 3.2180
[New] Epoch 885/1000 | classify: 3.2381 | total: 3.2381
[New] Epoch 886/1000 | classify: 3.2093 | total: 3.2093
[New] Epoch 887/1000 | classify: 3.5357 | total: 3.5357
[New] Epoch 888/1000 | classify: 3.4352 | total: 3.4352
[New] Epoch 889/1000 | classify: 3.3689 | total: 3.3689
[New] Epoch 890/1000 | classify: 3.4563 | total: 3.4563
--- 验证集 [epoch 890] ---
  准确率 (Accuracy):  0.6438
  精确率 (Precision): 0.4356
  召回率 (Recall):    0.4236
  F1 分数 (F1):       0.3725
[New] Epoch 891/1000 | classify: 3.3843 | total: 3.3843
[New] Epoch 892/1000 | classify: 3.2603 | total: 3.2603
[New] Epoch 893/1000 | classify: 3.4540 | total: 3.4540
[New] Epoch 894/1000 | classify: 3.5061 | total: 3.5061
[New] Epoch 895/1000 | classify: 3.2995 | total: 3.2995
[New] Epoch 896/1000 | classify: 3.2799 | total: 3.2799
[New] Epoch 897/1000 | classify: 3.2783 | total: 3.2783
[New] Epoch 898/1000 | classify: 3.2572 | total: 3.2572
[New] Epoch 899/1000 | classify: 3.1046 | total: 3.1046
[New] Epoch 900/1000 | classify: 3.6289 | total: 3.6289
--- 验证集 [epoch 900] ---
  准确率 (Accuracy):  0.6027
  精确率 (Precision): 0.3991
  召回率 (Recall):    0.3798
  F1 分数 (F1):       0.3126
✅ 模型已保存到 /home/kudouzala/Application/ion_detect/output/trained_model_save/exp_new_b_num_tp2/trained_model_epoch_900.pth
📁 损失值已保存到 /home/kudouzala/Application/ion_detect/output/trained_model_save/exp_new_b_num_tp2/training_loss_epoch_900.csv
[New] Epoch 901/1000 | classify: 3.4734 | total: 3.4734
[New] Epoch 902/1000 | classify: 3.6453 | total: 3.6453
[New] Epoch 903/1000 | classify: 3.3806 | total: 3.3806
[New] Epoch 904/1000 | classify: 3.4494 | total: 3.4494
[New] Epoch 905/1000 | classify: 3.4353 | total: 3.4353
[New] Epoch 906/1000 | classify: 3.4857 | total: 3.4857
[New] Epoch 907/1000 | classify: 3.2909 | total: 3.2909
[New] Epoch 908/1000 | classify: 3.4656 | total: 3.4656
[New] Epoch 909/1000 | classify: 3.4359 | total: 3.4359
[New] Epoch 910/1000 | classify: 3.4565 | total: 3.4565
--- 验证集 [epoch 910] ---
  准确率 (Accuracy):  0.6233
  精确率 (Precision): 0.2670
  召回率 (Recall):    0.3456
  F1 分数 (F1):       0.2882
[New] Epoch 911/1000 | classify: 3.4568 | total: 3.4568
[New] Epoch 912/1000 | classify: 3.4361 | total: 3.4361
[New] Epoch 913/1000 | classify: 3.4541 | total: 3.4541
[New] Epoch 914/1000 | classify: 3.5707 | total: 3.5707
[New] Epoch 915/1000 | classify: 3.5391 | total: 3.5391
[New] Epoch 916/1000 | classify: 3.3913 | total: 3.3913
[New] Epoch 917/1000 | classify: 3.3542 | total: 3.3542
[New] Epoch 918/1000 | classify: 3.6267 | total: 3.6267
[New] Epoch 919/1000 | classify: 3.4337 | total: 3.4337
[New] Epoch 920/1000 | classify: 3.2750 | total: 3.2750
--- 验证集 [epoch 920] ---
  准确率 (Accuracy):  0.6301
  精确率 (Precision): 0.3338
  召回率 (Recall):    0.3781
  F1 分数 (F1):       0.3288
[New] Epoch 921/1000 | classify: 3.4107 | total: 3.4107
[New] Epoch 922/1000 | classify: 3.2430 | total: 3.2430
[New] Epoch 923/1000 | classify: 3.4289 | total: 3.4289
[New] Epoch 924/1000 | classify: 3.3519 | total: 3.3519
[New] Epoch 925/1000 | classify: 3.3434 | total: 3.3434
[New] Epoch 926/1000 | classify: 3.5385 | total: 3.5385
[New] Epoch 927/1000 | classify: 3.4179 | total: 3.4179
[New] Epoch 928/1000 | classify: 3.3203 | total: 3.3203
[New] Epoch 929/1000 | classify: 3.3637 | total: 3.3637
[New] Epoch 930/1000 | classify: 3.2753 | total: 3.2753
--- 验证集 [epoch 930] ---
  准确率 (Accuracy):  0.6233
  精确率 (Precision): 0.3913
  召回率 (Recall):    0.3563
  F1 分数 (F1):       0.3213
[New] Epoch 931/1000 | classify: 3.4098 | total: 3.4098
[New] Epoch 932/1000 | classify: 3.6053 | total: 3.6053
[New] Epoch 933/1000 | classify: 3.4536 | total: 3.4536
[New] Epoch 934/1000 | classify: 3.5202 | total: 3.5202
[New] Epoch 935/1000 | classify: 3.4322 | total: 3.4322
[New] Epoch 936/1000 | classify: 3.3841 | total: 3.3841
[New] Epoch 937/1000 | classify: 3.3877 | total: 3.3877
[New] Epoch 938/1000 | classify: 3.3797 | total: 3.3797
[New] Epoch 939/1000 | classify: 3.3945 | total: 3.3945
[New] Epoch 940/1000 | classify: 3.5886 | total: 3.5886
--- 验证集 [epoch 940] ---
  准确率 (Accuracy):  0.6233
  精确率 (Precision): 0.4000
  召回率 (Recall):    0.3760
  F1 分数 (F1):       0.3316
[New] Epoch 941/1000 | classify: 3.4996 | total: 3.4996
[New] Epoch 942/1000 | classify: 3.4618 | total: 3.4618
[New] Epoch 943/1000 | classify: 3.3362 | total: 3.3362
[New] Epoch 944/1000 | classify: 3.4601 | total: 3.4601
[New] Epoch 945/1000 | classify: 3.4477 | total: 3.4477
[New] Epoch 946/1000 | classify: 3.2097 | total: 3.2097
[New] Epoch 947/1000 | classify: 3.5753 | total: 3.5753
[New] Epoch 948/1000 | classify: 3.1534 | total: 3.1534
[New] Epoch 949/1000 | classify: 3.3404 | total: 3.3404
[New] Epoch 950/1000 | classify: 3.4489 | total: 3.4489
--- 验证集 [epoch 950] ---
  准确率 (Accuracy):  0.6096
  精确率 (Precision): 0.3856
  召回率 (Recall):    0.3423
  F1 分数 (F1):       0.3127
✅ 模型已保存到 /home/kudouzala/Application/ion_detect/output/trained_model_save/exp_new_b_num_tp2/trained_model_epoch_950.pth
📁 损失值已保存到 /home/kudouzala/Application/ion_detect/output/trained_model_save/exp_new_b_num_tp2/training_loss_epoch_950.csv
[New] Epoch 951/1000 | classify: 3.2731 | total: 3.2731
[New] Epoch 952/1000 | classify: 3.4682 | total: 3.4682
[New] Epoch 953/1000 | classify: 3.2854 | total: 3.2854
[New] Epoch 954/1000 | classify: 3.4281 | total: 3.4281
[New] Epoch 955/1000 | classify: 3.4274 | total: 3.4274
[New] Epoch 956/1000 | classify: 3.3501 | total: 3.3501
[New] Epoch 957/1000 | classify: 3.4170 | total: 3.4170
[New] Epoch 958/1000 | classify: 3.2624 | total: 3.2624
[New] Epoch 959/1000 | classify: 3.4827 | total: 3.4827
[New] Epoch 960/1000 | classify: 3.3171 | total: 3.3171
--- 验证集 [epoch 960] ---
  准确率 (Accuracy):  0.6233
  精确率 (Precision): 0.2753
  召回率 (Recall):    0.3701
  F1 分数 (F1):       0.2968
[New] Epoch 961/1000 | classify: 3.3387 | total: 3.3387
[New] Epoch 962/1000 | classify: 3.3928 | total: 3.3928
[New] Epoch 963/1000 | classify: 3.6535 | total: 3.6535
[New] Epoch 964/1000 | classify: 3.4856 | total: 3.4856
[New] Epoch 965/1000 | classify: 3.4479 | total: 3.4479
[New] Epoch 966/1000 | classify: 3.4493 | total: 3.4493
[New] Epoch 967/1000 | classify: 3.5147 | total: 3.5147
[New] Epoch 968/1000 | classify: 3.3462 | total: 3.3462
[New] Epoch 969/1000 | classify: 3.3070 | total: 3.3070
[New] Epoch 970/1000 | classify: 3.6442 | total: 3.6442
--- 验证集 [epoch 970] ---
  准确率 (Accuracy):  0.6233
  精确率 (Precision): 0.3178
  召回率 (Recall):    0.3760
  F1 分数 (F1):       0.3154
[New] Epoch 971/1000 | classify: 3.6395 | total: 3.6395
[New] Epoch 972/1000 | classify: 3.2851 | total: 3.2851
[New] Epoch 973/1000 | classify: 3.4298 | total: 3.4298
[New] Epoch 974/1000 | classify: 3.3604 | total: 3.3604
[New] Epoch 975/1000 | classify: 3.4741 | total: 3.4741
[New] Epoch 976/1000 | classify: 3.5096 | total: 3.5096
[New] Epoch 977/1000 | classify: 3.3101 | total: 3.3101
[New] Epoch 978/1000 | classify: 3.4259 | total: 3.4259
[New] Epoch 979/1000 | classify: 3.4934 | total: 3.4934
[New] Epoch 980/1000 | classify: 3.4454 | total: 3.4454
--- 验证集 [epoch 980] ---
  准确率 (Accuracy):  0.6164
  精确率 (Precision): 0.3247
  召回率 (Recall):    0.3543
  F1 分数 (F1):       0.3055
[New] Epoch 981/1000 | classify: 3.4722 | total: 3.4722
[New] Epoch 982/1000 | classify: 3.5292 | total: 3.5292
[New] Epoch 983/1000 | classify: 3.3906 | total: 3.3906
[New] Epoch 984/1000 | classify: 3.2786 | total: 3.2786
[New] Epoch 985/1000 | classify: 3.4893 | total: 3.4893
[New] Epoch 986/1000 | classify: 3.1712 | total: 3.1712
[New] Epoch 987/1000 | classify: 3.3587 | total: 3.3587
[New] Epoch 988/1000 | classify: 3.4371 | total: 3.4371
[New] Epoch 989/1000 | classify: 3.2772 | total: 3.2772
[New] Epoch 990/1000 | classify: 3.6119 | total: 3.6119
--- 验证集 [epoch 990] ---
  准确率 (Accuracy):  0.6233
  精确率 (Precision): 0.2753
  召回率 (Recall):    0.3701
  F1 分数 (F1):       0.2968
[New] Epoch 991/1000 | classify: 3.4970 | total: 3.4970
[New] Epoch 992/1000 | classify: 3.3921 | total: 3.3921
[New] Epoch 993/1000 | classify: 3.3323 | total: 3.3323
[New] Epoch 994/1000 | classify: 3.3266 | total: 3.3266
[New] Epoch 995/1000 | classify: 3.4527 | total: 3.4527
[New] Epoch 996/1000 | classify: 3.2435 | total: 3.2435
[New] Epoch 997/1000 | classify: 3.3150 | total: 3.3150
[New] Epoch 998/1000 | classify: 3.2134 | total: 3.2134
[New] Epoch 999/1000 | classify: 3.5471 | total: 3.5471
[New] Epoch 1000/1000 | classify: 3.2191 | total: 3.2191
--- 验证集 [epoch 1000] ---
  准确率 (Accuracy):  0.6164
  精确率 (Precision): 0.2702
  召回率 (Recall):    0.3582
  F1 分数 (F1):       0.2904
✅ 模型已保存到 /home/kudouzala/Application/ion_detect/output/trained_model_save/exp_new_b_num_tp2/trained_model_epoch_1000.pth
📁 损失值已保存到 /home/kudouzala/Application/ion_detect/output/trained_model_save/exp_new_b_num_tp2/training_loss_epoch_1000.csv
✅ 模型已保存到 /home/kudouzala/Application/ion_detect/output/trained_model_save/exp_new_b_num_tp2/trained_model_epoch_final.pth
📁 损失值已保存到 /home/kudouzala/Application/ion_detect/output/trained_model_save/exp_new_b_num_tp2/training_loss_epoch_final.csv
