✅ no_overlap 划分: 测试集 150 个（ion_column 74 个，≤3/10）-> /home/kudouzala/Application/ion_detect/datasets/datasets_for_all_test_no_overlap/exp_new_d_num_tp4，训练集 639 个 -> /home/kudouzala/Application/ion_detect/datasets/datasets_for_all_train_no_overlap/exp_new_d_num_tp4（已排除同前缀且窗口含测试前 4 个时间点的样本）
✅ 当前使用设备: cuda
📂 训练集目录: /home/kudouzala/Application/ion_detect/datasets/datasets_for_all_train_no_overlap/exp_new_d_num_tp4
📂 测试/验证集目录: /home/kudouzala/Application/ion_detect/datasets/datasets_for_all_test_no_overlap/exp_new_d_num_tp4
🧪 experiment: exp_new_d_num_tp4
🚀 进入训练模式 (--train)
Skipping file 20240918_2ppm钙离子污染测试_新版电解槽_ion_gamry_[36, 38, 40, 42].xlsx: impedance points 57 < 63
Skipping file 20250317_2ppm钠离子污染测试_新版电解槽_ion_gamry_[16, 18, 20, 22].xlsx: impedance points 61 < 63
Skipping file 20240822_10ppm铜离子污染测试_新版电解槽_ion_column_gamry_[36, 38, 40, 42].xlsx: impedance points 54 < 63
[LEAK-CHECK] overlap(train, val) = 0
[DEBUG] data_folder = /home/kudouzala/Application/ion_detect/datasets/datasets_for_all_train_no_overlap/exp_new_d_num_tp4
[DEBUG] base_train.file_names[:10] =
   20241107_0.1ppm钙离子污染及恢复测试_新版电解槽_ion_firecloud_[14, 16, 18, 20].xlsx
   20240910_10ppm钙离子污染测试_新版电解槽_ion_column_gamry_[2, 4, 6, 8].xlsx
   20241006_2ppm铬离子污染测试_旧版电解槽_ion_firecloud_[22, 24, 26, 28].xlsx
   20241117_2ppm钠离子污染及恢复测试40摄氏度_新版电解槽_ion_gamry_[22, 24, 26, 28].xlsx
   20241227_10ppm铜离子污染及恢复测试_旧版电解槽_ion_gamry_[4, 6, 8, 10].xlsx
   20241003_2ppm镍离子污染测试_新版电解槽_ion_gamry_[20, 22, 24, 26].xlsx
   20241112_2ppm钠离子污染和恢复测试80摄氏度_新版电解槽_ion_column_renew_H2SO4_gamry_[14, 16, 18, 20].xlsx
   20240910_10ppm钙离子污染测试_新版电解槽_ion_gamry_[2, 4, 6, 8].xlsx
   20241213_2ppm钠离子污染及恢复测试_新版电解槽_ion_column_renew_H2SO4_gamry_[12, 14, 16, 18].xlsx
   20241010_2ppm钠离子污染测试_新版电解槽_ion_firecloud_[28, 30, 32, 34].xlsx
[DEBUG] exist check (first 10):
   /home/kudouzala/Application/ion_detect/datasets/datasets_for_all_train_no_overlap/exp_new_d_num_tp4/20241107_0.1ppm钙离子污染及恢复测试_新版电解槽_ion_firecloud_[14, 16, 18, 20].xlsx exists= True
   /home/kudouzala/Application/ion_detect/datasets/datasets_for_all_train_no_overlap/exp_new_d_num_tp4/20240910_10ppm钙离子污染测试_新版电解槽_ion_column_gamry_[2, 4, 6, 8].xlsx exists= True
   /home/kudouzala/Application/ion_detect/datasets/datasets_for_all_train_no_overlap/exp_new_d_num_tp4/20241006_2ppm铬离子污染测试_旧版电解槽_ion_firecloud_[22, 24, 26, 28].xlsx exists= True
   /home/kudouzala/Application/ion_detect/datasets/datasets_for_all_train_no_overlap/exp_new_d_num_tp4/20241117_2ppm钠离子污染及恢复测试40摄氏度_新版电解槽_ion_gamry_[22, 24, 26, 28].xlsx exists= True
   /home/kudouzala/Application/ion_detect/datasets/datasets_for_all_train_no_overlap/exp_new_d_num_tp4/20241227_10ppm铜离子污染及恢复测试_旧版电解槽_ion_gamry_[4, 6, 8, 10].xlsx exists= True
   /home/kudouzala/Application/ion_detect/datasets/datasets_for_all_train_no_overlap/exp_new_d_num_tp4/20241003_2ppm镍离子污染测试_新版电解槽_ion_gamry_[20, 22, 24, 26].xlsx exists= True
   /home/kudouzala/Application/ion_detect/datasets/datasets_for_all_train_no_overlap/exp_new_d_num_tp4/20241112_2ppm钠离子污染和恢复测试80摄氏度_新版电解槽_ion_column_renew_H2SO4_gamry_[14, 16, 18, 20].xlsx exists= True
   /home/kudouzala/Application/ion_detect/datasets/datasets_for_all_train_no_overlap/exp_new_d_num_tp4/20240910_10ppm钙离子污染测试_新版电解槽_ion_gamry_[2, 4, 6, 8].xlsx exists= True
   /home/kudouzala/Application/ion_detect/datasets/datasets_for_all_train_no_overlap/exp_new_d_num_tp4/20241213_2ppm钠离子污染及恢复测试_新版电解槽_ion_column_renew_H2SO4_gamry_[12, 14, 16, 18].xlsx exists= True
   /home/kudouzala/Application/ion_detect/datasets/datasets_for_all_train_no_overlap/exp_new_d_num_tp4/20241010_2ppm钠离子污染测试_新版电解槽_ion_firecloud_[28, 30, 32, 34].xlsx exists= True
Skipping file 20240822_10ppm铜离子污染测试_新版电解槽_ion_column_gamry_[28, 30, 32, 34].xlsx: impedance points 54 < 63
Skipping file 20240822_10ppm铜离子污染测试_新版电解槽_ion_column_gamry_[50, 52, 54, 56].xlsx: impedance points 54 < 63
Skipping file 20240822_10ppm铜离子污染测试_新版电解槽_ion_column_gamry_[16, 18, 20, 22].xlsx: impedance points 54 < 63
Skipping file 20240822_10ppm铜离子污染测试_新版电解槽_ion_column_gamry_[24, 26, 28, 30].xlsx: impedance points 54 < 63
Skipping file 20240822_10ppm铜离子污染测试_新版电解槽_ion_column_gamry_[44, 46, 48, 50].xlsx: impedance points 54 < 63

[PairDataset][Example pairs] (show up to 50)
  [1] A(idx=388) 20241107_0.1ppm钙离子污染及恢复测试_新版电解槽_ion_firecloud_[0, 2, 4, 6].xlsx  times=[0, 2, 4, 6]
      → B(idx=432) 20241107_0.1ppm钙离子污染及恢复测试_新版电解槽_ion_firecloud_[6, 8, 10, 12].xlsx  times=[6, 8, 10, 12]  dummy=False
  [2] A(idx=609) 20241107_0.1ppm钙离子污染及恢复测试_新版电解槽_ion_firecloud_[2, 4, 6, 8].xlsx  times=[2, 4, 6, 8]
      → B(idx=429) 20241107_0.1ppm钙离子污染及恢复测试_新版电解槽_ion_firecloud_[8, 10, 12, 14].xlsx  times=[8, 10, 12, 14]  dummy=False
  [3] A(idx=226) 20241107_0.1ppm钙离子污染及恢复测试_新版电解槽_ion_firecloud_[4, 6, 8, 10].xlsx  times=[4, 6, 8, 10]
      → B(idx=489) 20241107_0.1ppm钙离子污染及恢复测试_新版电解槽_ion_firecloud_[10, 12, 14, 16].xlsx  times=[10, 12, 14, 16]  dummy=False
  [4] A(idx=432) 20241107_0.1ppm钙离子污染及恢复测试_新版电解槽_ion_firecloud_[6, 8, 10, 12].xlsx  times=[6, 8, 10, 12]
      → B(idx=122) 20241107_0.1ppm钙离子污染及恢复测试_新版电解槽_ion_firecloud_[12, 14, 16, 18].xlsx  times=[12, 14, 16, 18]  dummy=False
  [5] A(idx=429) 20241107_0.1ppm钙离子污染及恢复测试_新版电解槽_ion_firecloud_[8, 10, 12, 14].xlsx  times=[8, 10, 12, 14]
      → B(idx=0) 20241107_0.1ppm钙离子污染及恢复测试_新版电解槽_ion_firecloud_[14, 16, 18, 20].xlsx  times=[14, 16, 18, 20]  dummy=False
  [6] A(idx=489) 20241107_0.1ppm钙离子污染及恢复测试_新版电解槽_ion_firecloud_[10, 12, 14, 16].xlsx  times=[10, 12, 14, 16]
      → B(idx=45) 20241107_0.1ppm钙离子污染及恢复测试_新版电解槽_ion_firecloud_[16, 18, 20, 22].xlsx  times=[16, 18, 20, 22]  dummy=False
  [7] A(idx=122) 20241107_0.1ppm钙离子污染及恢复测试_新版电解槽_ion_firecloud_[12, 14, 16, 18].xlsx  times=[12, 14, 16, 18]
      → B(idx=393) 20241107_0.1ppm钙离子污染及恢复测试_新版电解槽_ion_firecloud_[18, 20, 22, 24].xlsx  times=[18, 20, 22, 24]  dummy=False
  [8] A(idx=0) 20241107_0.1ppm钙离子污染及恢复测试_新版电解槽_ion_firecloud_[14, 16, 18, 20].xlsx  times=[14, 16, 18, 20]
      → B(idx=314) 20241107_0.1ppm钙离子污染及恢复测试_新版电解槽_ion_firecloud_[20, 22, 24, 26].xlsx  times=[20, 22, 24, 26]  dummy=False
  [9] A(idx=45) 20241107_0.1ppm钙离子污染及恢复测试_新版电解槽_ion_firecloud_[16, 18, 20, 22].xlsx  times=[16, 18, 20, 22]
      → B(idx=45) 20241107_0.1ppm钙离子污染及恢复测试_新版电解槽_ion_firecloud_[16, 18, 20, 22].xlsx  times=[16, 18, 20, 22]  dummy=True
  [10] A(idx=393) 20241107_0.1ppm钙离子污染及恢复测试_新版电解槽_ion_firecloud_[18, 20, 22, 24].xlsx  times=[18, 20, 22, 24]
      → B(idx=393) 20241107_0.1ppm钙离子污染及恢复测试_新版电解槽_ion_firecloud_[18, 20, 22, 24].xlsx  times=[18, 20, 22, 24]  dummy=True
  [11] A(idx=314) 20241107_0.1ppm钙离子污染及恢复测试_新版电解槽_ion_firecloud_[20, 22, 24, 26].xlsx  times=[20, 22, 24, 26]
      → B(idx=314) 20241107_0.1ppm钙离子污染及恢复测试_新版电解槽_ion_firecloud_[20, 22, 24, 26].xlsx  times=[20, 22, 24, 26]  dummy=True
  [12] A(idx=59) 20241107_0.1ppm钙离子污染及恢复测试_新版电解槽_ion_firecloud_[36, 38, 40, 42].xlsx  times=[36, 38, 40, 42]
      → B(idx=59) 20241107_0.1ppm钙离子污染及恢复测试_新版电解槽_ion_firecloud_[36, 38, 40, 42].xlsx  times=[36, 38, 40, 42]  dummy=True
  [13] A(idx=118) 20241107_0.1ppm钙离子污染及恢复测试_新版电解槽_ion_firecloud_[38, 40, 42, 44].xlsx  times=[38, 40, 42, 44]
      → B(idx=118) 20241107_0.1ppm钙离子污染及恢复测试_新版电解槽_ion_firecloud_[38, 40, 42, 44].xlsx  times=[38, 40, 42, 44]  dummy=True
  [14] A(idx=294) 20241107_0.1ppm钙离子污染及恢复测试_新版电解槽_ion_firecloud_[40, 42, 44, 46].xlsx  times=[40, 42, 44, 46]
      → B(idx=294) 20241107_0.1ppm钙离子污染及恢复测试_新版电解槽_ion_firecloud_[40, 42, 44, 46].xlsx  times=[40, 42, 44, 46]  dummy=True
  [15] A(idx=427) 20240910_10ppm钙离子污染测试_新版电解槽_ion_column_gamry_[0, 2, 4, 6].xlsx  times=[0, 2, 4, 6]
      → B(idx=462) 20240910_10ppm钙离子污染测试_新版电解槽_ion_column_gamry_[6, 8, 10, 12].xlsx  times=[6, 8, 10, 12]  dummy=False
  [16] A(idx=1) 20240910_10ppm钙离子污染测试_新版电解槽_ion_column_gamry_[2, 4, 6, 8].xlsx  times=[2, 4, 6, 8]
      → B(idx=371) 20240910_10ppm钙离子污染测试_新版电解槽_ion_column_gamry_[8, 10, 12, 14].xlsx  times=[8, 10, 12, 14]  dummy=False
  [17] A(idx=483) 20240910_10ppm钙离子污染测试_新版电解槽_ion_column_gamry_[4, 6, 8, 10].xlsx  times=[4, 6, 8, 10]
      → B(idx=368) 20240910_10ppm钙离子污染测试_新版电解槽_ion_column_gamry_[10, 12, 14, 16].xlsx  times=[10, 12, 14, 16]  dummy=False
  [18] A(idx=462) 20240910_10ppm钙离子污染测试_新版电解槽_ion_column_gamry_[6, 8, 10, 12].xlsx  times=[6, 8, 10, 12]
      → B(idx=138) 20240910_10ppm钙离子污染测试_新版电解槽_ion_column_gamry_[12, 14, 16, 18].xlsx  times=[12, 14, 16, 18]  dummy=False
  [19] A(idx=371) 20240910_10ppm钙离子污染测试_新版电解槽_ion_column_gamry_[8, 10, 12, 14].xlsx  times=[8, 10, 12, 14]
      → B(idx=326) 20240910_10ppm钙离子污染测试_新版电解槽_ion_column_gamry_[14, 16, 18, 20].xlsx  times=[14, 16, 18, 20]  dummy=False
  [20] A(idx=368) 20240910_10ppm钙离子污染测试_新版电解槽_ion_column_gamry_[10, 12, 14, 16].xlsx  times=[10, 12, 14, 16]
      → B(idx=368) 20240910_10ppm钙离子污染测试_新版电解槽_ion_column_gamry_[10, 12, 14, 16].xlsx  times=[10, 12, 14, 16]  dummy=True
  [21] A(idx=138) 20240910_10ppm钙离子污染测试_新版电解槽_ion_column_gamry_[12, 14, 16, 18].xlsx  times=[12, 14, 16, 18]
      → B(idx=138) 20240910_10ppm钙离子污染测试_新版电解槽_ion_column_gamry_[12, 14, 16, 18].xlsx  times=[12, 14, 16, 18]  dummy=True
  [22] A(idx=326) 20240910_10ppm钙离子污染测试_新版电解槽_ion_column_gamry_[14, 16, 18, 20].xlsx  times=[14, 16, 18, 20]
      → B(idx=326) 20240910_10ppm钙离子污染测试_新版电解槽_ion_column_gamry_[14, 16, 18, 20].xlsx  times=[14, 16, 18, 20]  dummy=True
  [23] A(idx=83) 20241006_2ppm铬离子污染测试_旧版电解槽_ion_firecloud_[0, 2, 4, 6].xlsx  times=[0, 2, 4, 6]
      → B(idx=83) 20241006_2ppm铬离子污染测试_旧版电解槽_ion_firecloud_[0, 2, 4, 6].xlsx  times=[0, 2, 4, 6]  dummy=True
  [24] A(idx=492) 20241006_2ppm铬离子污染测试_旧版电解槽_ion_firecloud_[2, 4, 6, 8].xlsx  times=[2, 4, 6, 8]
      → B(idx=492) 20241006_2ppm铬离子污染测试_旧版电解槽_ion_firecloud_[2, 4, 6, 8].xlsx  times=[2, 4, 6, 8]  dummy=True
  [25] A(idx=29) 20241006_2ppm铬离子污染测试_旧版电解槽_ion_firecloud_[18, 20, 22, 24].xlsx  times=[18, 20, 22, 24]
      → B(idx=76) 20241006_2ppm铬离子污染测试_旧版电解槽_ion_firecloud_[24, 26, 28, 30].xlsx  times=[24, 26, 28, 30]  dummy=False
  [26] A(idx=387) 20241006_2ppm铬离子污染测试_旧版电解槽_ion_firecloud_[20, 22, 24, 26].xlsx  times=[20, 22, 24, 26]
      → B(idx=233) 20241006_2ppm铬离子污染测试_旧版电解槽_ion_firecloud_[26, 28, 30, 32].xlsx  times=[26, 28, 30, 32]  dummy=False
  [27] A(idx=2) 20241006_2ppm铬离子污染测试_旧版电解槽_ion_firecloud_[22, 24, 26, 28].xlsx  times=[22, 24, 26, 28]
      → B(idx=511) 20241006_2ppm铬离子污染测试_旧版电解槽_ion_firecloud_[28, 30, 32, 34].xlsx  times=[28, 30, 32, 34]  dummy=False
  [28] A(idx=76) 20241006_2ppm铬离子污染测试_旧版电解槽_ion_firecloud_[24, 26, 28, 30].xlsx  times=[24, 26, 28, 30]
      → B(idx=228) 20241006_2ppm铬离子污染测试_旧版电解槽_ion_firecloud_[30, 32, 34, 36].xlsx  times=[30, 32, 34, 36]  dummy=False
  [29] A(idx=233) 20241006_2ppm铬离子污染测试_旧版电解槽_ion_firecloud_[26, 28, 30, 32].xlsx  times=[26, 28, 30, 32]
      → B(idx=518) 20241006_2ppm铬离子污染测试_旧版电解槽_ion_firecloud_[32, 34, 36, 38].xlsx  times=[32, 34, 36, 38]  dummy=False
  [30] A(idx=511) 20241006_2ppm铬离子污染测试_旧版电解槽_ion_firecloud_[28, 30, 32, 34].xlsx  times=[28, 30, 32, 34]
      → B(idx=242) 20241006_2ppm铬离子污染测试_旧版电解槽_ion_firecloud_[34, 36, 38, 40].xlsx  times=[34, 36, 38, 40]  dummy=False
  [31] A(idx=228) 20241006_2ppm铬离子污染测试_旧版电解槽_ion_firecloud_[30, 32, 34, 36].xlsx  times=[30, 32, 34, 36]
      → B(idx=85) 20241006_2ppm铬离子污染测试_旧版电解槽_ion_firecloud_[36, 38, 40, 42].xlsx  times=[36, 38, 40, 42]  dummy=False
  [32] A(idx=518) 20241006_2ppm铬离子污染测试_旧版电解槽_ion_firecloud_[32, 34, 36, 38].xlsx  times=[32, 34, 36, 38]
      → B(idx=614) 20241006_2ppm铬离子污染测试_旧版电解槽_ion_firecloud_[38, 40, 42, 44].xlsx  times=[38, 40, 42, 44]  dummy=False
  [33] A(idx=242) 20241006_2ppm铬离子污染测试_旧版电解槽_ion_firecloud_[34, 36, 38, 40].xlsx  times=[34, 36, 38, 40]
      → B(idx=100) 20241006_2ppm铬离子污染测试_旧版电解槽_ion_firecloud_[40, 42, 44, 46].xlsx  times=[40, 42, 44, 46]  dummy=False
  [34] A(idx=85) 20241006_2ppm铬离子污染测试_旧版电解槽_ion_firecloud_[36, 38, 40, 42].xlsx  times=[36, 38, 40, 42]
      → B(idx=391) 20241006_2ppm铬离子污染测试_旧版电解槽_ion_firecloud_[42, 44, 46, 48].xlsx  times=[42, 44, 46, 48]  dummy=False
  [35] A(idx=614) 20241006_2ppm铬离子污染测试_旧版电解槽_ion_firecloud_[38, 40, 42, 44].xlsx  times=[38, 40, 42, 44]
      → B(idx=73) 20241006_2ppm铬离子污染测试_旧版电解槽_ion_firecloud_[44, 46, 48, 50].xlsx  times=[44, 46, 48, 50]  dummy=False
  [36] A(idx=100) 20241006_2ppm铬离子污染测试_旧版电解槽_ion_firecloud_[40, 42, 44, 46].xlsx  times=[40, 42, 44, 46]
      → B(idx=507) 20241006_2ppm铬离子污染测试_旧版电解槽_ion_firecloud_[46, 48, 50, 52].xlsx  times=[46, 48, 50, 52]  dummy=False
  [37] A(idx=391) 20241006_2ppm铬离子污染测试_旧版电解槽_ion_firecloud_[42, 44, 46, 48].xlsx  times=[42, 44, 46, 48]
      → B(idx=391) 20241006_2ppm铬离子污染测试_旧版电解槽_ion_firecloud_[42, 44, 46, 48].xlsx  times=[42, 44, 46, 48]  dummy=True
  [38] A(idx=73) 20241006_2ppm铬离子污染测试_旧版电解槽_ion_firecloud_[44, 46, 48, 50].xlsx  times=[44, 46, 48, 50]
      → B(idx=73) 20241006_2ppm铬离子污染测试_旧版电解槽_ion_firecloud_[44, 46, 48, 50].xlsx  times=[44, 46, 48, 50]  dummy=True
  [39] A(idx=507) 20241006_2ppm铬离子污染测试_旧版电解槽_ion_firecloud_[46, 48, 50, 52].xlsx  times=[46, 48, 50, 52]
      → B(idx=507) 20241006_2ppm铬离子污染测试_旧版电解槽_ion_firecloud_[46, 48, 50, 52].xlsx  times=[46, 48, 50, 52]  dummy=True
  [40] A(idx=506) 20241117_2ppm钠离子污染及恢复测试40摄氏度_新版电解槽_ion_gamry_[16, 18, 20, 22].xlsx  times=[16, 18, 20, 22]
      → B(idx=3) 20241117_2ppm钠离子污染及恢复测试40摄氏度_新版电解槽_ion_gamry_[22, 24, 26, 28].xlsx  times=[22, 24, 26, 28]  dummy=False
  [41] A(idx=469) 20241117_2ppm钠离子污染及恢复测试40摄氏度_新版电解槽_ion_gamry_[18, 20, 22, 24].xlsx  times=[18, 20, 22, 24]
      → B(idx=404) 20241117_2ppm钠离子污染及恢复测试40摄氏度_新版电解槽_ion_gamry_[24, 26, 28, 30].xlsx  times=[24, 26, 28, 30]  dummy=False
  [42] A(idx=136) 20241117_2ppm钠离子污染及恢复测试40摄氏度_新版电解槽_ion_gamry_[20, 22, 24, 26].xlsx  times=[20, 22, 24, 26]
      → B(idx=30) 20241117_2ppm钠离子污染及恢复测试40摄氏度_新版电解槽_ion_gamry_[26, 28, 30, 32].xlsx  times=[26, 28, 30, 32]  dummy=False
  [43] A(idx=3) 20241117_2ppm钠离子污染及恢复测试40摄氏度_新版电解槽_ion_gamry_[22, 24, 26, 28].xlsx  times=[22, 24, 26, 28]
      → B(idx=290) 20241117_2ppm钠离子污染及恢复测试40摄氏度_新版电解槽_ion_gamry_[28, 30, 32, 34].xlsx  times=[28, 30, 32, 34]  dummy=False
  [44] A(idx=404) 20241117_2ppm钠离子污染及恢复测试40摄氏度_新版电解槽_ion_gamry_[24, 26, 28, 30].xlsx  times=[24, 26, 28, 30]
      → B(idx=594) 20241117_2ppm钠离子污染及恢复测试40摄氏度_新版电解槽_ion_gamry_[30, 32, 34, 36].xlsx  times=[30, 32, 34, 36]  dummy=False
  [45] A(idx=30) 20241117_2ppm钠离子污染及恢复测试40摄氏度_新版电解槽_ion_gamry_[26, 28, 30, 32].xlsx  times=[26, 28, 30, 32]
      → B(idx=520) 20241117_2ppm钠离子污染及恢复测试40摄氏度_新版电解槽_ion_gamry_[32, 34, 36, 38].xlsx  times=[32, 34, 36, 38]  dummy=False
  [46] A(idx=290) 20241117_2ppm钠离子污染及恢复测试40摄氏度_新版电解槽_ion_gamry_[28, 30, 32, 34].xlsx  times=[28, 30, 32, 34]
      → B(idx=312) 20241117_2ppm钠离子污染及恢复测试40摄氏度_新版电解槽_ion_gamry_[34, 36, 38, 40].xlsx  times=[34, 36, 38, 40]  dummy=False
  [47] A(idx=594) 20241117_2ppm钠离子污染及恢复测试40摄氏度_新版电解槽_ion_gamry_[30, 32, 34, 36].xlsx  times=[30, 32, 34, 36]
      → B(idx=201) 20241117_2ppm钠离子污染及恢复测试40摄氏度_新版电解槽_ion_gamry_[36, 38, 40, 42].xlsx  times=[36, 38, 40, 42]  dummy=False
  [48] A(idx=520) 20241117_2ppm钠离子污染及恢复测试40摄氏度_新版电解槽_ion_gamry_[32, 34, 36, 38].xlsx  times=[32, 34, 36, 38]
      → B(idx=134) 20241117_2ppm钠离子污染及恢复测试40摄氏度_新版电解槽_ion_gamry_[38, 40, 42, 44].xlsx  times=[38, 40, 42, 44]  dummy=False
  [49] A(idx=312) 20241117_2ppm钠离子污染及恢复测试40摄氏度_新版电解槽_ion_gamry_[34, 36, 38, 40].xlsx  times=[34, 36, 38, 40]
      → B(idx=312) 20241117_2ppm钠离子污染及恢复测试40摄氏度_新版电解槽_ion_gamry_[34, 36, 38, 40].xlsx  times=[34, 36, 38, 40]  dummy=True
  [50] A(idx=201) 20241117_2ppm钠离子污染及恢复测试40摄氏度_新版电解槽_ion_gamry_[36, 38, 40, 42].xlsx  times=[36, 38, 40, 42]
      → B(idx=201) 20241117_2ppm钠离子污染及恢复测试40摄氏度_新版电解槽_ion_gamry_[36, 38, 40, 42].xlsx  times=[36, 38, 40, 42]  dummy=True

[PairDataset][Summary]
- total files:        636
- parsed OK:          636
- regex fail:         0
- parse times fail:   0
- empty times:        0
- total pairs:        636  (keep_unpaired=self)
- distinct prefixes:  93
- prefixes coverage (first few):
  [1] 20241107_0.1ppm钙离子污染及恢复测试_新版电解槽_ion_firecloud_[* -> windows=14, adj_pairs=8/13
  [2] 20240910_10ppm钙离子污染测试_新版电解槽_ion_column_gamry_[* -> windows=8, adj_pairs=5/7
  [3] 20241006_2ppm铬离子污染测试_旧版电解槽_ion_firecloud_[* -> windows=17, adj_pairs=12/16
  [4] 20241117_2ppm钠离子污染及恢复测试40摄氏度_新版电解槽_ion_gamry_[* -> windows=12, adj_pairs=9/11
  [5] 20241227_10ppm铜离子污染及恢复测试_旧版电解槽_ion_gamry_[* -> windows=14, adj_pairs=10/13
  [6] 20241003_2ppm镍离子污染测试_新版电解槽_ion_gamry_[* -> windows=5, adj_pairs=0/4
  [7] 20241112_2ppm钠离子污染和恢复测试80摄氏度_新版电解槽_ion_column_renew_H2SO4_gamry_[* -> windows=12, adj_pairs=9/11
  [8] 20240910_10ppm钙离子污染测试_新版电解槽_ion_gamry_[* -> windows=8, adj_pairs=1/7
  [9] 20241213_2ppm钠离子污染及恢复测试_新版电解槽_ion_column_renew_H2SO4_gamry_[* -> windows=7, adj_pairs=4/6
  [10] 20241010_2ppm钠离子污染测试_新版电解槽_ion_firecloud_[* -> windows=6, adj_pairs=0/5
- unadjacent gaps samples: 322 (showing first 0)

[PairDataset][Explain] focus_prefix_contains='20240915_2ppm铜离子污染测试_旧版电解槽_ion_firecloud_'
  - PREFIX: 20240915_2ppm铜离子污染测试_旧版电解槽_ion_firecloud_[* windows=11
    windows (sorted by first,last):
      · 20240915_2ppm铜离子污染测试_旧版电解槽_ion_firecloud_[0, 2, 4, 6].xlsx  -> times=[0, 2, 4, 6]  first=0 last=6
      · 20240915_2ppm铜离子污染测试_旧版电解槽_ion_firecloud_[2, 4, 6, 8].xlsx  -> times=[2, 4, 6, 8]  first=2 last=8
      · 20240915_2ppm铜离子污染测试_旧版电解槽_ion_firecloud_[4, 6, 8, 10].xlsx  -> times=[4, 6, 8, 10]  first=4 last=10
      · 20240915_2ppm铜离子污染测试_旧版电解槽_ion_firecloud_[6, 8, 10, 12].xlsx  -> times=[6, 8, 10, 12]  first=6 last=12
      · 20240915_2ppm铜离子污染测试_旧版电解槽_ion_firecloud_[8, 10, 12, 14].xlsx  -> times=[8, 10, 12, 14]  first=8 last=14
      · 20240915_2ppm铜离子污染测试_旧版电解槽_ion_firecloud_[10, 12, 14, 16].xlsx  -> times=[10, 12, 14, 16]  first=10 last=16
      · 20240915_2ppm铜离子污染测试_旧版电解槽_ion_firecloud_[12, 14, 16, 18].xlsx  -> times=[12, 14, 16, 18]  first=12 last=18
      · 20240915_2ppm铜离子污染测试_旧版电解槽_ion_firecloud_[14, 16, 18, 20].xlsx  -> times=[14, 16, 18, 20]  first=14 last=20
      · 20240915_2ppm铜离子污染测试_旧版电解槽_ion_firecloud_[16, 18, 20, 22].xlsx  -> times=[16, 18, 20, 22]  first=16 last=22
      · 20240915_2ppm铜离子污染测试_旧版电解槽_ion_firecloud_[18, 20, 22, 24].xlsx  -> times=[18, 20, 22, 24]  first=18 last=24
      · 20240915_2ppm铜离子污染测试_旧版电解槽_ion_firecloud_[20, 22, 24, 26].xlsx  -> times=[20, 22, 24, 26]  first=20 last=26
      MISS: 6 -> 2   (20240915_2ppm铜离子污染测试_旧版电解槽_ion_firecloud_[0, 2, 4, 6].xlsx  →  20240915_2ppm铜离子污染测试_旧版电解槽_ion_firecloud_[2, 4, 6, 8].xlsx)
      MISS: 8 -> 4   (20240915_2ppm铜离子污染测试_旧版电解槽_ion_firecloud_[2, 4, 6, 8].xlsx  →  20240915_2ppm铜离子污染测试_旧版电解槽_ion_firecloud_[4, 6, 8, 10].xlsx)
      MISS: 10 -> 6   (20240915_2ppm铜离子污染测试_旧版电解槽_ion_firecloud_[4, 6, 8, 10].xlsx  →  20240915_2ppm铜离子污染测试_旧版电解槽_ion_firecloud_[6, 8, 10, 12].xlsx)
      MISS: 12 -> 8   (20240915_2ppm铜离子污染测试_旧版电解槽_ion_firecloud_[6, 8, 10, 12].xlsx  →  20240915_2ppm铜离子污染测试_旧版电解槽_ion_firecloud_[8, 10, 12, 14].xlsx)
      MISS: 14 -> 10   (20240915_2ppm铜离子污染测试_旧版电解槽_ion_firecloud_[8, 10, 12, 14].xlsx  →  20240915_2ppm铜离子污染测试_旧版电解槽_ion_firecloud_[10, 12, 14, 16].xlsx)
      MISS: 16 -> 12   (20240915_2ppm铜离子污染测试_旧版电解槽_ion_firecloud_[10, 12, 14, 16].xlsx  →  20240915_2ppm铜离子污染测试_旧版电解槽_ion_firecloud_[12, 14, 16, 18].xlsx)
      MISS: 18 -> 14   (20240915_2ppm铜离子污染测试_旧版电解槽_ion_firecloud_[12, 14, 16, 18].xlsx  →  20240915_2ppm铜离子污染测试_旧版电解槽_ion_firecloud_[14, 16, 18, 20].xlsx)
      MISS: 20 -> 16   (20240915_2ppm铜离子污染测试_旧版电解槽_ion_firecloud_[14, 16, 18, 20].xlsx  →  20240915_2ppm铜离子污染测试_旧版电解槽_ion_firecloud_[16, 18, 20, 22].xlsx)
      MISS: 22 -> 18   (20240915_2ppm铜离子污染测试_旧版电解槽_ion_firecloud_[16, 18, 20, 22].xlsx  →  20240915_2ppm铜离子污染测试_旧版电解槽_ion_firecloud_[18, 20, 22, 24].xlsx)
      MISS: 24 -> 20   (20240915_2ppm铜离子污染测试_旧版电解槽_ion_firecloud_[18, 20, 22, 24].xlsx  →  20240915_2ppm铜离子污染测试_旧版电解槽_ion_firecloud_[20, 22, 24, 26].xlsx)

[PairDataset][Example pairs] (show up to 50)
  [1] A(idx=0) 20240918_2ppm钙离子污染测试_新版电解槽_ion_gamry_[10, 12, 14, 16].xlsx  times=[10, 12, 14, 16]
      → B(idx=0) 20240918_2ppm钙离子污染测试_新版电解槽_ion_gamry_[10, 12, 14, 16].xlsx  times=[10, 12, 14, 16]  dummy=True
  [2] A(idx=91) 20240918_2ppm钙离子污染测试_新版电解槽_ion_gamry_[14, 16, 18, 20].xlsx  times=[14, 16, 18, 20]
      → B(idx=91) 20240918_2ppm钙离子污染测试_新版电解槽_ion_gamry_[14, 16, 18, 20].xlsx  times=[14, 16, 18, 20]  dummy=True
  [3] A(idx=1) 20241028_2ppm钠离子污染和恢复测试_旧版电解槽_ion_column_renew_H2SO4_gamry_[2, 4, 6, 8].xlsx  times=[2, 4, 6, 8]
      → B(idx=1) 20241028_2ppm钠离子污染和恢复测试_旧版电解槽_ion_column_renew_H2SO4_gamry_[2, 4, 6, 8].xlsx  times=[2, 4, 6, 8]  dummy=True
  [4] A(idx=93) 20241028_2ppm钠离子污染和恢复测试_旧版电解槽_ion_column_renew_H2SO4_gamry_[4, 6, 8, 10].xlsx  times=[4, 6, 8, 10]
      → B(idx=93) 20241028_2ppm钠离子污染和恢复测试_旧版电解槽_ion_column_renew_H2SO4_gamry_[4, 6, 8, 10].xlsx  times=[4, 6, 8, 10]  dummy=True
  [5] A(idx=124) 20241010_2ppm钠离子污染测试_新版电解槽_ion_column_firecloud_[6, 8, 10, 12].xlsx  times=[6, 8, 10, 12]
      → B(idx=124) 20241010_2ppm钠离子污染测试_新版电解槽_ion_column_firecloud_[6, 8, 10, 12].xlsx  times=[6, 8, 10, 12]  dummy=True
  [6] A(idx=2) 20241010_2ppm钠离子污染测试_新版电解槽_ion_column_firecloud_[8, 10, 12, 14].xlsx  times=[8, 10, 12, 14]
      → B(idx=2) 20241010_2ppm钠离子污染测试_新版电解槽_ion_column_firecloud_[8, 10, 12, 14].xlsx  times=[8, 10, 12, 14]  dummy=True
  [7] A(idx=20) 20241101_2ppm铜离子污染和恢复测试_旧版电解槽_ion_firecloud_[0, 2, 4, 6].xlsx  times=[0, 2, 4, 6]
      → B(idx=20) 20241101_2ppm铜离子污染和恢复测试_旧版电解槽_ion_firecloud_[0, 2, 4, 6].xlsx  times=[0, 2, 4, 6]  dummy=True
  [8] A(idx=3) 20241101_2ppm铜离子污染和恢复测试_旧版电解槽_ion_firecloud_[10, 12, 14, 16].xlsx  times=[10, 12, 14, 16]
      → B(idx=3) 20241101_2ppm铜离子污染和恢复测试_旧版电解槽_ion_firecloud_[10, 12, 14, 16].xlsx  times=[10, 12, 14, 16]  dummy=True
  [9] A(idx=31) 20241101_2ppm铜离子污染和恢复测试_旧版电解槽_ion_firecloud_[20, 22, 24, 26].xlsx  times=[20, 22, 24, 26]
      → B(idx=31) 20241101_2ppm铜离子污染和恢复测试_旧版电解槽_ion_firecloud_[20, 22, 24, 26].xlsx  times=[20, 22, 24, 26]  dummy=True
  [10] A(idx=48) 20240831_10ppm镍离子污染测试_新版电解槽_ion_gamry_[0, 2, 4, 6].xlsx  times=[0, 2, 4, 6]
      → B(idx=48) 20240831_10ppm镍离子污染测试_新版电解槽_ion_gamry_[0, 2, 4, 6].xlsx  times=[0, 2, 4, 6]  dummy=True
  [11] A(idx=41) 20240831_10ppm镍离子污染测试_新版电解槽_ion_gamry_[4, 6, 8, 10].xlsx  times=[4, 6, 8, 10]
      → B(idx=41) 20240831_10ppm镍离子污染测试_新版电解槽_ion_gamry_[4, 6, 8, 10].xlsx  times=[4, 6, 8, 10]  dummy=True
  [12] A(idx=138) 20240831_10ppm镍离子污染测试_新版电解槽_ion_gamry_[16, 18, 20, 22].xlsx  times=[16, 18, 20, 22]
      → B(idx=138) 20240831_10ppm镍离子污染测试_新版电解槽_ion_gamry_[16, 18, 20, 22].xlsx  times=[16, 18, 20, 22]  dummy=True
  [13] A(idx=4) 20240831_10ppm镍离子污染测试_新版电解槽_ion_gamry_[18, 20, 22, 24].xlsx  times=[18, 20, 22, 24]
      → B(idx=4) 20240831_10ppm镍离子污染测试_新版电解槽_ion_gamry_[18, 20, 22, 24].xlsx  times=[18, 20, 22, 24]  dummy=True
  [14] A(idx=5) 20241122_2ppm铜离子污染及恢复测试40摄氏度_新版电解槽_ion_column_renew_H2SO4_gamry_[14, 16, 18, 20].xlsx  times=[14, 16, 18, 20]
      → B(idx=5) 20241122_2ppm铜离子污染及恢复测试40摄氏度_新版电解槽_ion_column_renew_H2SO4_gamry_[14, 16, 18, 20].xlsx  times=[14, 16, 18, 20]  dummy=True
  [15] A(idx=92) 20241010_2ppm钠离子污染测试_新版电解槽_ion_firecloud_[4, 6, 8, 10].xlsx  times=[4, 6, 8, 10]
      → B(idx=92) 20241010_2ppm钠离子污染测试_新版电解槽_ion_firecloud_[4, 6, 8, 10].xlsx  times=[4, 6, 8, 10]  dummy=True
  [16] A(idx=103) 20241010_2ppm钠离子污染测试_新版电解槽_ion_firecloud_[12, 14, 16, 18].xlsx  times=[12, 14, 16, 18]
      → B(idx=103) 20241010_2ppm钠离子污染测试_新版电解槽_ion_firecloud_[12, 14, 16, 18].xlsx  times=[12, 14, 16, 18]  dummy=True
  [17] A(idx=134) 20241010_2ppm钠离子污染测试_新版电解槽_ion_firecloud_[16, 18, 20, 22].xlsx  times=[16, 18, 20, 22]
      → B(idx=134) 20241010_2ppm钠离子污染测试_新版电解槽_ion_firecloud_[16, 18, 20, 22].xlsx  times=[16, 18, 20, 22]  dummy=True
  [18] A(idx=6) 20241010_2ppm钠离子污染测试_新版电解槽_ion_firecloud_[36, 38, 40, 42].xlsx  times=[36, 38, 40, 42]
      → B(idx=6) 20241010_2ppm钠离子污染测试_新版电解槽_ion_firecloud_[36, 38, 40, 42].xlsx  times=[36, 38, 40, 42]  dummy=True
  [19] A(idx=55) 20241029_2ppm铁离子污染和恢复测试_新版电解槽_ion_firecloud_[26, 28, 30, 32].xlsx  times=[26, 28, 30, 32]
      → B(idx=55) 20241029_2ppm铁离子污染和恢复测试_新版电解槽_ion_firecloud_[26, 28, 30, 32].xlsx  times=[26, 28, 30, 32]  dummy=True
  [20] A(idx=7) 20241029_2ppm铁离子污染和恢复测试_新版电解槽_ion_firecloud_[30, 32, 34, 36].xlsx  times=[30, 32, 34, 36]
      → B(idx=7) 20241029_2ppm铁离子污染和恢复测试_新版电解槽_ion_firecloud_[30, 32, 34, 36].xlsx  times=[30, 32, 34, 36]  dummy=True
  [21] A(idx=140) 20241029_2ppm铁离子污染和恢复测试_新版电解槽_ion_firecloud_[34, 36, 38, 40].xlsx  times=[34, 36, 38, 40]
      → B(idx=140) 20241029_2ppm铁离子污染和恢复测试_新版电解槽_ion_firecloud_[34, 36, 38, 40].xlsx  times=[34, 36, 38, 40]  dummy=True
  [22] A(idx=47) 20241029_2ppm铁离子污染和恢复测试_新版电解槽_ion_firecloud_[46, 48, 50, 52].xlsx  times=[46, 48, 50, 52]
      → B(idx=47) 20241029_2ppm铁离子污染和恢复测试_新版电解槽_ion_firecloud_[46, 48, 50, 52].xlsx  times=[46, 48, 50, 52]  dummy=True
  [23] A(idx=8) 20241227_10ppm铜离子污染及恢复测试_旧版电解槽_ion_column_renew_H2SO4_gamry_[8, 10, 12, 14].xlsx  times=[8, 10, 12, 14]
      → B(idx=8) 20241227_10ppm铜离子污染及恢复测试_旧版电解槽_ion_column_renew_H2SO4_gamry_[8, 10, 12, 14].xlsx  times=[8, 10, 12, 14]  dummy=True
  [24] A(idx=87) 20241227_10ppm铜离子污染及恢复测试_旧版电解槽_ion_column_renew_H2SO4_gamry_[24, 26, 28, 30].xlsx  times=[24, 26, 28, 30]
      → B(idx=87) 20241227_10ppm铜离子污染及恢复测试_旧版电解槽_ion_column_renew_H2SO4_gamry_[24, 26, 28, 30].xlsx  times=[24, 26, 28, 30]  dummy=True
  [25] A(idx=133) 20241227_10ppm铜离子污染及恢复测试_旧版电解槽_ion_column_renew_H2SO4_gamry_[26, 28, 30, 32].xlsx  times=[26, 28, 30, 32]
      → B(idx=133) 20241227_10ppm铜离子污染及恢复测试_旧版电解槽_ion_column_renew_H2SO4_gamry_[26, 28, 30, 32].xlsx  times=[26, 28, 30, 32]  dummy=True
  [26] A(idx=27) 20241017_2ppm铬离子污染和恢复测试_新版电解槽_ion_gamry_[0, 2, 4, 6].xlsx  times=[0, 2, 4, 6]
      → B(idx=27) 20241017_2ppm铬离子污染和恢复测试_新版电解槽_ion_gamry_[0, 2, 4, 6].xlsx  times=[0, 2, 4, 6]  dummy=True
  [27] A(idx=9) 20241017_2ppm铬离子污染和恢复测试_新版电解槽_ion_gamry_[20, 22, 24, 26].xlsx  times=[20, 22, 24, 26]
      → B(idx=9) 20241017_2ppm铬离子污染和恢复测试_新版电解槽_ion_gamry_[20, 22, 24, 26].xlsx  times=[20, 22, 24, 26]  dummy=True
  [28] A(idx=10) 20241024_2ppm铁离子污染和恢复测试_新版电解槽_ion_column_renew_H2SO4_firecloud_[12, 14, 16, 18].xlsx  times=[12, 14, 16, 18]
      → B(idx=135) 20241024_2ppm铁离子污染和恢复测试_新版电解槽_ion_column_renew_H2SO4_firecloud_[18, 20, 22, 24].xlsx  times=[18, 20, 22, 24]  dummy=False
  [29] A(idx=135) 20241024_2ppm铁离子污染和恢复测试_新版电解槽_ion_column_renew_H2SO4_firecloud_[18, 20, 22, 24].xlsx  times=[18, 20, 22, 24]
      → B(idx=135) 20241024_2ppm铁离子污染和恢复测试_新版电解槽_ion_column_renew_H2SO4_firecloud_[18, 20, 22, 24].xlsx  times=[18, 20, 22, 24]  dummy=True
  [30] A(idx=11) 20241117_2ppm钠离子污染及恢复测试10mlmin_旧版电解槽_ion_gamry_[2, 4, 6, 8].xlsx  times=[2, 4, 6, 8]
      → B(idx=11) 20241117_2ppm钠离子污染及恢复测试10mlmin_旧版电解槽_ion_gamry_[2, 4, 6, 8].xlsx  times=[2, 4, 6, 8]  dummy=True
  [31] A(idx=139) 20241117_2ppm钠离子污染及恢复测试10mlmin_旧版电解槽_ion_gamry_[10, 12, 14, 16].xlsx  times=[10, 12, 14, 16]
      → B(idx=139) 20241117_2ppm钠离子污染及恢复测试10mlmin_旧版电解槽_ion_gamry_[10, 12, 14, 16].xlsx  times=[10, 12, 14, 16]  dummy=True
  [32] A(idx=77) 20241117_2ppm钠离子污染及恢复测试10mlmin_旧版电解槽_ion_gamry_[30, 32, 34, 36].xlsx  times=[30, 32, 34, 36]
      → B(idx=77) 20241117_2ppm钠离子污染及恢复测试10mlmin_旧版电解槽_ion_gamry_[30, 32, 34, 36].xlsx  times=[30, 32, 34, 36]  dummy=True
  [33] A(idx=137) 20241211_2ppm铜离子污染及恢复测试80摄氏度_旧版电解槽_ion_gamry_[28, 30, 32, 34].xlsx  times=[28, 30, 32, 34]
      → B(idx=137) 20241211_2ppm铜离子污染及恢复测试80摄氏度_旧版电解槽_ion_gamry_[28, 30, 32, 34].xlsx  times=[28, 30, 32, 34]  dummy=True
  [34] A(idx=12) 20241211_2ppm铜离子污染及恢复测试80摄氏度_旧版电解槽_ion_gamry_[32, 34, 36, 38].xlsx  times=[32, 34, 36, 38]
      → B(idx=107) 20241211_2ppm铜离子污染及恢复测试80摄氏度_旧版电解槽_ion_gamry_[38, 40, 42, 44].xlsx  times=[38, 40, 42, 44]  dummy=False
  [35] A(idx=107) 20241211_2ppm铜离子污染及恢复测试80摄氏度_旧版电解槽_ion_gamry_[38, 40, 42, 44].xlsx  times=[38, 40, 42, 44]
      → B(idx=107) 20241211_2ppm铜离子污染及恢复测试80摄氏度_旧版电解槽_ion_gamry_[38, 40, 42, 44].xlsx  times=[38, 40, 42, 44]  dummy=True
  [36] A(idx=142) 20241213_2ppm钠离子污染及恢复测试_新版电解槽_ion_gamry_[0, 2, 4, 6].xlsx  times=[0, 2, 4, 6]
      → B(idx=142) 20241213_2ppm钠离子污染及恢复测试_新版电解槽_ion_gamry_[0, 2, 4, 6].xlsx  times=[0, 2, 4, 6]  dummy=True
  [37] A(idx=69) 20241213_2ppm钠离子污染及恢复测试_新版电解槽_ion_gamry_[2, 4, 6, 8].xlsx  times=[2, 4, 6, 8]
      → B(idx=69) 20241213_2ppm钠离子污染及恢复测试_新版电解槽_ion_gamry_[2, 4, 6, 8].xlsx  times=[2, 4, 6, 8]  dummy=True
  [38] A(idx=13) 20241213_2ppm钠离子污染及恢复测试_新版电解槽_ion_gamry_[22, 24, 26, 28].xlsx  times=[22, 24, 26, 28]
      → B(idx=13) 20241213_2ppm钠离子污染及恢复测试_新版电解槽_ion_gamry_[22, 24, 26, 28].xlsx  times=[22, 24, 26, 28]  dummy=True
  [39] A(idx=14) 20240822_10ppm铜离子污染测试_新版电解槽_ion_gamry_[10, 12, 14, 16].xlsx  times=[10, 12, 14, 16]
      → B(idx=14) 20240822_10ppm铜离子污染测试_新版电解槽_ion_gamry_[10, 12, 14, 16].xlsx  times=[10, 12, 14, 16]  dummy=True
  [40] A(idx=51) 20241112_2ppm钠离子污染和恢复测试80摄氏度_新版电解槽_ion_gamry_[28, 30, 32, 34].xlsx  times=[28, 30, 32, 34]
      → B(idx=125) 20241112_2ppm钠离子污染和恢复测试80摄氏度_新版电解槽_ion_gamry_[34, 36, 38, 40].xlsx  times=[34, 36, 38, 40]  dummy=False
  [41] A(idx=125) 20241112_2ppm钠离子污染和恢复测试80摄氏度_新版电解槽_ion_gamry_[34, 36, 38, 40].xlsx  times=[34, 36, 38, 40]
      → B(idx=125) 20241112_2ppm钠离子污染和恢复测试80摄氏度_新版电解槽_ion_gamry_[34, 36, 38, 40].xlsx  times=[34, 36, 38, 40]  dummy=True
  [42] A(idx=15) 20241112_2ppm钠离子污染和恢复测试80摄氏度_新版电解槽_ion_gamry_[36, 38, 40, 42].xlsx  times=[36, 38, 40, 42]
      → B(idx=15) 20241112_2ppm钠离子污染和恢复测试80摄氏度_新版电解槽_ion_gamry_[36, 38, 40, 42].xlsx  times=[36, 38, 40, 42]  dummy=True
  [43] A(idx=16) 20240831_10ppm镍离子污染测试_新版电解槽_ion_column_gamry_[0, 2, 4, 6].xlsx  times=[0, 2, 4, 6]
      → B(idx=16) 20240831_10ppm镍离子污染测试_新版电解槽_ion_column_gamry_[0, 2, 4, 6].xlsx  times=[0, 2, 4, 6]  dummy=True
  [44] A(idx=17) 20241112_2ppm镍离子污染及恢复测试_旧版电解槽_ion_column_gamry_[12, 14, 16, 18].xlsx  times=[12, 14, 16, 18]
      → B(idx=17) 20241112_2ppm镍离子污染及恢复测试_旧版电解槽_ion_column_gamry_[12, 14, 16, 18].xlsx  times=[12, 14, 16, 18]  dummy=True
  [45] A(idx=18) 20241013_2ppm铝离子污染测试_新版电解槽_ion_column_firecloud_[8, 10, 12, 14].xlsx  times=[8, 10, 12, 14]
      → B(idx=18) 20241013_2ppm铝离子污染测试_新版电解槽_ion_column_firecloud_[8, 10, 12, 14].xlsx  times=[8, 10, 12, 14]  dummy=True
  [46] A(idx=89) 20241013_2ppm铝离子污染测试_新版电解槽_ion_column_firecloud_[16, 18, 20, 22].xlsx  times=[16, 18, 20, 22]
      → B(idx=89) 20241013_2ppm铝离子污染测试_新版电解槽_ion_column_firecloud_[16, 18, 20, 22].xlsx  times=[16, 18, 20, 22]  dummy=True
  [47] A(idx=19) 20241024_2ppm铁离子污染和恢复测试_新版电解槽_ion_column_firecloud_[2, 4, 6, 8].xlsx  times=[2, 4, 6, 8]
      → B(idx=19) 20241024_2ppm铁离子污染和恢复测试_新版电解槽_ion_column_firecloud_[2, 4, 6, 8].xlsx  times=[2, 4, 6, 8]  dummy=True
  [48] A(idx=56) 20241024_2ppm铁离子污染和恢复测试_新版电解槽_ion_column_firecloud_[10, 12, 14, 16].xlsx  times=[10, 12, 14, 16]
      → B(idx=56) 20241024_2ppm铁离子污染和恢复测试_新版电解槽_ion_column_firecloud_[10, 12, 14, 16].xlsx  times=[10, 12, 14, 16]  dummy=True
  [49] A(idx=66) 20241024_2ppm铁离子污染和恢复测试_新版电解槽_ion_column_firecloud_[18, 20, 22, 24].xlsx  times=[18, 20, 22, 24]
      → B(idx=66) 20241024_2ppm铁离子污染和恢复测试_新版电解槽_ion_column_firecloud_[18, 20, 22, 24].xlsx  times=[18, 20, 22, 24]  dummy=True
  [50] A(idx=21) 20240918_2ppm钙离子污染测试_新版电解槽_ion_column_gamry_[2, 4, 6, 8].xlsx  times=[2, 4, 6, 8]
      → B(idx=21) 20240918_2ppm钙离子污染测试_新版电解槽_ion_column_gamry_[2, 4, 6, 8].xlsx  times=[2, 4, 6, 8]  dummy=True

[PairDataset][Summary]
- total files:        145
- parsed OK:          145
- regex fail:         0
- parse times fail:   0
- empty times:        0
- total pairs:        145  (keep_unpaired=self)
- distinct prefixes:  77
- prefixes coverage (first few):
  [1] 20240918_2ppm钙离子污染测试_新版电解槽_ion_gamry_[* -> windows=2, adj_pairs=0/1
  [2] 20241028_2ppm钠离子污染和恢复测试_旧版电解槽_ion_column_renew_H2SO4_gamry_[* -> windows=2, adj_pairs=0/1
  [3] 20241010_2ppm钠离子污染测试_新版电解槽_ion_column_firecloud_[* -> windows=2, adj_pairs=0/1
  [4] 20241101_2ppm铜离子污染和恢复测试_旧版电解槽_ion_firecloud_[* -> windows=3, adj_pairs=0/2
  [5] 20240831_10ppm镍离子污染测试_新版电解槽_ion_gamry_[* -> windows=4, adj_pairs=0/3
  [6] 20241122_2ppm铜离子污染及恢复测试40摄氏度_新版电解槽_ion_column_renew_H2SO4_gamry_[* -> windows=1, adj_pairs=0/0
  [7] 20241010_2ppm钠离子污染测试_新版电解槽_ion_firecloud_[* -> windows=4, adj_pairs=0/3
  [8] 20241029_2ppm铁离子污染和恢复测试_新版电解槽_ion_firecloud_[* -> windows=4, adj_pairs=0/3
  [9] 20241227_10ppm铜离子污染及恢复测试_旧版电解槽_ion_column_renew_H2SO4_gamry_[* -> windows=3, adj_pairs=0/2
  [10] 20241017_2ppm铬离子污染和恢复测试_新版电解槽_ion_gamry_[* -> windows=2, adj_pairs=0/1
- unadjacent gaps samples: 136 (showing first 0)
num base train samples: 636
num base val   samples: 145
num pair train samples: 636
num pair val   samples: 145
dummy_mask[0] = False
🧩 新模型: 277,129 参数 (277,129 可训练)
📝 TensorBoard 日志目录: /home/kudouzala/Application/ion_detect/output/tensorboard/exp_new_d_num_tp4
🔥 Warmup: 100 epochs (LR × 0.01 → 1.0)
📈 Cosine Annealing LR 调度 (T_max=900)
[New] Epoch 1/1000 | classify: 4.8460 | voltage: 3.9928 | total: 5.0456
[New] Epoch 2/1000 | classify: 4.8745 | voltage: 3.7612 | total: 5.0626
[New] Epoch 3/1000 | classify: 4.6133 | voltage: 3.4806 | total: 4.7873
[New] Epoch 4/1000 | classify: 4.5252 | voltage: 3.0369 | total: 4.6770
[New] Epoch 5/1000 | classify: 4.3606 | voltage: 2.6106 | total: 4.4912
[New] Epoch 6/1000 | classify: 4.2864 | voltage: 2.1411 | total: 4.3934
[New] Epoch 7/1000 | classify: 4.3773 | voltage: 1.6731 | total: 4.4609
[New] Epoch 8/1000 | classify: 4.0505 | voltage: 1.2650 | total: 4.1137
[New] Epoch 9/1000 | classify: 4.0709 | voltage: 0.9248 | total: 4.1171
[New] Epoch 10/1000 | classify: 4.2338 | voltage: 0.6466 | total: 4.2661
--- 验证集 [epoch 10] ---
  准确率 (Accuracy):  0.4759
  精确率 (Precision): 0.0680
  召回率 (Recall):    0.1429
  F1 分数 (F1):       0.0921
✅ 模型已保存到 /home/kudouzala/Application/ion_detect/output/trained_model_save/exp_new_d_num_tp4/trained_model_epoch_best.pth
  🏆 新最佳 F1=0.0921，已保存 best 模型
[New] Epoch 11/1000 | classify: 4.0453 | voltage: 0.4873 | total: 4.0697
[New] Epoch 12/1000 | classify: 3.9575 | voltage: 0.3626 | total: 3.9757
[New] Epoch 13/1000 | classify: 4.0421 | voltage: 0.2737 | total: 4.0558
[New] Epoch 14/1000 | classify: 3.7994 | voltage: 0.2238 | total: 3.8106
[New] Epoch 15/1000 | classify: 3.7861 | voltage: 0.1855 | total: 3.7954
[New] Epoch 16/1000 | classify: 3.5278 | voltage: 0.1647 | total: 3.5360
[New] Epoch 17/1000 | classify: 3.3526 | voltage: 0.1287 | total: 3.3591
[New] Epoch 18/1000 | classify: 3.7377 | voltage: 0.1311 | total: 3.7443
[New] Epoch 19/1000 | classify: 3.2418 | voltage: 0.1292 | total: 3.2483
[New] Epoch 20/1000 | classify: 3.0900 | voltage: 0.1374 | total: 3.0968
--- 验证集 [epoch 20] ---
  准确率 (Accuracy):  0.5931
  精确率 (Precision): 0.2363
  召回率 (Recall):    0.3208
  F1 分数 (F1):       0.2665
✅ 模型已保存到 /home/kudouzala/Application/ion_detect/output/trained_model_save/exp_new_d_num_tp4/trained_model_epoch_best.pth
  🏆 新最佳 F1=0.2665，已保存 best 模型
[New] Epoch 21/1000 | classify: 3.1662 | voltage: 0.1278 | total: 3.1726
[New] Epoch 22/1000 | classify: 3.0616 | voltage: 0.1033 | total: 3.0668
[New] Epoch 23/1000 | classify: 2.8828 | voltage: 0.0953 | total: 2.8875
[New] Epoch 24/1000 | classify: 3.1832 | voltage: 0.0932 | total: 3.1879
[New] Epoch 25/1000 | classify: 3.2214 | voltage: 0.0787 | total: 3.2253
[New] Epoch 26/1000 | classify: 3.1456 | voltage: 0.0913 | total: 3.1501
[New] Epoch 27/1000 | classify: 2.9000 | voltage: 0.0856 | total: 2.9042
[New] Epoch 28/1000 | classify: 3.1195 | voltage: 0.0899 | total: 3.1240
[New] Epoch 29/1000 | classify: 3.0629 | voltage: 0.0919 | total: 3.0675
[New] Epoch 30/1000 | classify: 2.9726 | voltage: 0.0739 | total: 2.9763
--- 验证集 [epoch 30] ---
  准确率 (Accuracy):  0.5862
  精确率 (Precision): 0.2516
  召回率 (Recall):    0.3465
  F1 分数 (F1):       0.2840
✅ 模型已保存到 /home/kudouzala/Application/ion_detect/output/trained_model_save/exp_new_d_num_tp4/trained_model_epoch_best.pth
  🏆 新最佳 F1=0.2840，已保存 best 模型
[New] Epoch 31/1000 | classify: 2.7846 | voltage: 0.0703 | total: 2.7881
[New] Epoch 32/1000 | classify: 2.8853 | voltage: 0.0787 | total: 2.8893
[New] Epoch 33/1000 | classify: 2.7288 | voltage: 0.0787 | total: 2.7328
[New] Epoch 34/1000 | classify: 2.6796 | voltage: 0.0808 | total: 2.6837
[New] Epoch 35/1000 | classify: 2.6555 | voltage: 0.0735 | total: 2.6591
[New] Epoch 36/1000 | classify: 2.6012 | voltage: 0.0760 | total: 2.6050
[New] Epoch 37/1000 | classify: 2.6073 | voltage: 0.0620 | total: 2.6104
[New] Epoch 38/1000 | classify: 2.5935 | voltage: 0.0625 | total: 2.5966
[New] Epoch 39/1000 | classify: 2.6674 | voltage: 0.0716 | total: 2.6710
[New] Epoch 40/1000 | classify: 2.5529 | voltage: 0.0631 | total: 2.5560
--- 验证集 [epoch 40] ---
  准确率 (Accuracy):  0.6828
  精确率 (Precision): 0.3488
  召回率 (Recall):    0.4675
  F1 分数 (F1):       0.3937
✅ 模型已保存到 /home/kudouzala/Application/ion_detect/output/trained_model_save/exp_new_d_num_tp4/trained_model_epoch_best.pth
  🏆 新最佳 F1=0.3937，已保存 best 模型
[New] Epoch 41/1000 | classify: 2.2080 | voltage: 0.0821 | total: 2.2121
[New] Epoch 42/1000 | classify: 2.4930 | voltage: 0.0829 | total: 2.4971
[New] Epoch 43/1000 | classify: 2.5064 | voltage: 0.0649 | total: 2.5096
[New] Epoch 44/1000 | classify: 2.2645 | voltage: 0.0625 | total: 2.2676
[New] Epoch 45/1000 | classify: 2.2418 | voltage: 0.0812 | total: 2.2458
[New] Epoch 46/1000 | classify: 2.2096 | voltage: 0.0871 | total: 2.2139
[New] Epoch 47/1000 | classify: 2.3263 | voltage: 0.0821 | total: 2.3304
[New] Epoch 48/1000 | classify: 2.2537 | voltage: 0.0801 | total: 2.2577
[New] Epoch 49/1000 | classify: 2.2845 | voltage: 0.0833 | total: 2.2887
[New] Epoch 50/1000 | classify: 2.2793 | voltage: 0.0807 | total: 2.2833
--- 验证集 [epoch 50] ---
  准确率 (Accuracy):  0.7034
  精确率 (Precision): 0.4892
  召回率 (Recall):    0.5155
  F1 分数 (F1):       0.4922
✅ 模型已保存到 /home/kudouzala/Application/ion_detect/output/trained_model_save/exp_new_d_num_tp4/trained_model_epoch_best.pth
  🏆 新最佳 F1=0.4922，已保存 best 模型
✅ 模型已保存到 /home/kudouzala/Application/ion_detect/output/trained_model_save/exp_new_d_num_tp4/trained_model_epoch_50.pth
📁 损失值已保存到 /home/kudouzala/Application/ion_detect/output/trained_model_save/exp_new_d_num_tp4/training_loss_epoch_50.csv
[New] Epoch 51/1000 | classify: 2.2118 | voltage: 0.0824 | total: 2.2159
[New] Epoch 52/1000 | classify: 2.1555 | voltage: 0.0661 | total: 2.1588
[New] Epoch 53/1000 | classify: 1.8809 | voltage: 0.0771 | total: 1.8848
[New] Epoch 54/1000 | classify: 2.1500 | voltage: 0.0771 | total: 2.1539
[New] Epoch 55/1000 | classify: 2.0347 | voltage: 0.0957 | total: 2.0394
[New] Epoch 56/1000 | classify: 1.9667 | voltage: 0.0754 | total: 1.9705
[New] Epoch 57/1000 | classify: 1.8954 | voltage: 0.0772 | total: 1.8992
[New] Epoch 58/1000 | classify: 2.1076 | voltage: 0.0897 | total: 2.1121
[New] Epoch 59/1000 | classify: 1.7769 | voltage: 0.0817 | total: 1.7810
[New] Epoch 60/1000 | classify: 2.1713 | voltage: 0.0821 | total: 2.1754
--- 验证集 [epoch 60] ---
  准确率 (Accuracy):  0.6828
  精确率 (Precision): 0.5347
  召回率 (Recall):    0.5513
  F1 分数 (F1):       0.5300
✅ 模型已保存到 /home/kudouzala/Application/ion_detect/output/trained_model_save/exp_new_d_num_tp4/trained_model_epoch_best.pth
  🏆 新最佳 F1=0.5300，已保存 best 模型
[New] Epoch 61/1000 | classify: 2.0592 | voltage: 0.0828 | total: 2.0634
[New] Epoch 62/1000 | classify: 1.9258 | voltage: 0.0849 | total: 1.9301
[New] Epoch 63/1000 | classify: 1.8735 | voltage: 0.0890 | total: 1.8780
[New] Epoch 64/1000 | classify: 1.7181 | voltage: 0.0928 | total: 1.7228
[New] Epoch 65/1000 | classify: 2.0379 | voltage: 0.1155 | total: 2.0437
[New] Epoch 66/1000 | classify: 1.9749 | voltage: 0.0809 | total: 1.9790
[New] Epoch 67/1000 | classify: 1.9713 | voltage: 0.0848 | total: 1.9755
[New] Epoch 68/1000 | classify: 1.8851 | voltage: 0.1015 | total: 1.8902
[New] Epoch 69/1000 | classify: 1.6575 | voltage: 0.1033 | total: 1.6627
[New] Epoch 70/1000 | classify: 1.7234 | voltage: 0.0907 | total: 1.7280
--- 验证集 [epoch 70] ---
  准确率 (Accuracy):  0.6966
  精确率 (Precision): 0.5425
  召回率 (Recall):    0.5444
  F1 分数 (F1):       0.5284
[New] Epoch 71/1000 | classify: 1.7010 | voltage: 0.0924 | total: 1.7056
[New] Epoch 72/1000 | classify: 1.5514 | voltage: 0.0968 | total: 1.5562
[New] Epoch 73/1000 | classify: 1.3866 | voltage: 0.0799 | total: 1.3906
[New] Epoch 74/1000 | classify: 1.6678 | voltage: 0.0902 | total: 1.6723
[New] Epoch 75/1000 | classify: 1.6734 | voltage: 0.1011 | total: 1.6784
[New] Epoch 76/1000 | classify: 1.5329 | voltage: 0.0842 | total: 1.5371
[New] Epoch 77/1000 | classify: 1.4589 | voltage: 0.0798 | total: 1.4629
[New] Epoch 78/1000 | classify: 1.4863 | voltage: 0.0822 | total: 1.4904
[New] Epoch 79/1000 | classify: 1.4557 | voltage: 0.0812 | total: 1.4598
[New] Epoch 80/1000 | classify: 1.5035 | voltage: 0.1106 | total: 1.5091
--- 验证集 [epoch 80] ---
  准确率 (Accuracy):  0.7241
  精确率 (Precision): 0.5651
  召回率 (Recall):    0.5574
  F1 分数 (F1):       0.5479
✅ 模型已保存到 /home/kudouzala/Application/ion_detect/output/trained_model_save/exp_new_d_num_tp4/trained_model_epoch_best.pth
  🏆 新最佳 F1=0.5479，已保存 best 模型
[New] Epoch 81/1000 | classify: 1.5668 | voltage: 0.0999 | total: 1.5718
[New] Epoch 82/1000 | classify: 1.4545 | voltage: 0.1025 | total: 1.4596
[New] Epoch 83/1000 | classify: 1.2629 | voltage: 0.0916 | total: 1.2675
[New] Epoch 84/1000 | classify: 1.3452 | voltage: 0.0854 | total: 1.3495
[New] Epoch 85/1000 | classify: 1.4270 | voltage: 0.0907 | total: 1.4315
[New] Epoch 86/1000 | classify: 1.3588 | voltage: 0.0813 | total: 1.3628
[New] Epoch 87/1000 | classify: 1.2962 | voltage: 0.0775 | total: 1.3001
[New] Epoch 88/1000 | classify: 1.6140 | voltage: 0.0902 | total: 1.6185
[New] Epoch 89/1000 | classify: 1.3078 | voltage: 0.0855 | total: 1.3120
[New] Epoch 90/1000 | classify: 1.2694 | voltage: 0.0921 | total: 1.2740
--- 验证集 [epoch 90] ---
  准确率 (Accuracy):  0.7241
  精确率 (Precision): 0.7019
  召回率 (Recall):    0.5764
  F1 分数 (F1):       0.5688
✅ 模型已保存到 /home/kudouzala/Application/ion_detect/output/trained_model_save/exp_new_d_num_tp4/trained_model_epoch_best.pth
  🏆 新最佳 F1=0.5688，已保存 best 模型
[New] Epoch 91/1000 | classify: 1.2195 | voltage: 0.0925 | total: 1.2241
[New] Epoch 92/1000 | classify: 1.3712 | voltage: 0.0896 | total: 1.3757
[New] Epoch 93/1000 | classify: 1.3736 | voltage: 0.1022 | total: 1.3788
[New] Epoch 94/1000 | classify: 1.1679 | voltage: 0.0898 | total: 1.1723
[New] Epoch 95/1000 | classify: 1.0762 | voltage: 0.1087 | total: 1.0816
[New] Epoch 96/1000 | classify: 1.3334 | voltage: 0.1122 | total: 1.3390
[New] Epoch 97/1000 | classify: 1.1529 | voltage: 0.1025 | total: 1.1580
[New] Epoch 98/1000 | classify: 1.1159 | voltage: 0.0777 | total: 1.1198
[New] Epoch 99/1000 | classify: 1.2983 | voltage: 0.1454 | total: 1.3056
[New] Epoch 100/1000 | classify: 1.1469 | voltage: 0.1081 | total: 1.1523
--- 验证集 [epoch 100] ---
  准确率 (Accuracy):  0.7379
  精确率 (Precision): 0.6087
  召回率 (Recall):    0.5819
  F1 分数 (F1):       0.5805
✅ 模型已保存到 /home/kudouzala/Application/ion_detect/output/trained_model_save/exp_new_d_num_tp4/trained_model_epoch_best.pth
  🏆 新最佳 F1=0.5805，已保存 best 模型
✅ 模型已保存到 /home/kudouzala/Application/ion_detect/output/trained_model_save/exp_new_d_num_tp4/trained_model_epoch_100.pth
📁 损失值已保存到 /home/kudouzala/Application/ion_detect/output/trained_model_save/exp_new_d_num_tp4/training_loss_epoch_100.csv
[New] Epoch 101/1000 | classify: 1.1856 | voltage: 0.0917 | total: 1.1901
[New] Epoch 102/1000 | classify: 1.0561 | voltage: 0.0795 | total: 1.0601
[New] Epoch 103/1000 | classify: 1.2485 | voltage: 0.1097 | total: 1.2540
[New] Epoch 104/1000 | classify: 1.2800 | voltage: 0.1161 | total: 1.2858
[New] Epoch 105/1000 | classify: 0.9755 | voltage: 0.0783 | total: 0.9794
[New] Epoch 106/1000 | classify: 1.1802 | voltage: 0.1005 | total: 1.1853
[New] Epoch 107/1000 | classify: 1.1865 | voltage: 0.0963 | total: 1.1913
[New] Epoch 108/1000 | classify: 1.0937 | voltage: 0.0896 | total: 1.0982
[New] Epoch 109/1000 | classify: 1.0962 | voltage: 0.0827 | total: 1.1003
[New] Epoch 110/1000 | classify: 1.0974 | voltage: 0.0825 | total: 1.1016
--- 验证集 [epoch 110] ---
  准确率 (Accuracy):  0.7310
  精确率 (Precision): 0.6536
  召回率 (Recall):    0.5776
  F1 分数 (F1):       0.5547
[New] Epoch 111/1000 | classify: 1.2685 | voltage: 0.0987 | total: 1.2734
[New] Epoch 112/1000 | classify: 1.0940 | voltage: 0.1131 | total: 1.0996
[New] Epoch 113/1000 | classify: 1.0390 | voltage: 0.0992 | total: 1.0439
[New] Epoch 114/1000 | classify: 0.9955 | voltage: 0.0882 | total: 0.9999
[New] Epoch 115/1000 | classify: 1.0328 | voltage: 0.0994 | total: 1.0378
[New] Epoch 116/1000 | classify: 1.0601 | voltage: 0.0974 | total: 1.0650
[New] Epoch 117/1000 | classify: 1.0414 | voltage: 0.0989 | total: 1.0463
[New] Epoch 118/1000 | classify: 0.9676 | voltage: 0.0860 | total: 0.9719
[New] Epoch 119/1000 | classify: 0.9392 | voltage: 0.0839 | total: 0.9434
[New] Epoch 120/1000 | classify: 0.9715 | voltage: 0.0963 | total: 0.9763
--- 验证集 [epoch 120] ---
  准确率 (Accuracy):  0.7034
  精确率 (Precision): 0.5457
  召回率 (Recall):    0.5624
  F1 分数 (F1):       0.5429
[New] Epoch 121/1000 | classify: 0.8475 | voltage: 0.0875 | total: 0.8519
[New] Epoch 122/1000 | classify: 0.9360 | voltage: 0.0961 | total: 0.9409
[New] Epoch 123/1000 | classify: 0.9100 | voltage: 0.0764 | total: 0.9138
[New] Epoch 124/1000 | classify: 0.9264 | voltage: 0.0769 | total: 0.9303
[New] Epoch 125/1000 | classify: 0.8822 | voltage: 0.0933 | total: 0.8868
[New] Epoch 126/1000 | classify: 0.9345 | voltage: 0.0948 | total: 0.9393
[New] Epoch 127/1000 | classify: 0.9038 | voltage: 0.0999 | total: 0.9088
[New] Epoch 128/1000 | classify: 0.9920 | voltage: 0.0884 | total: 0.9964
[New] Epoch 129/1000 | classify: 0.8772 | voltage: 0.0974 | total: 0.8821
[New] Epoch 130/1000 | classify: 0.9621 | voltage: 0.0850 | total: 0.9663
--- 验证集 [epoch 130] ---
  准确率 (Accuracy):  0.7724
  精确率 (Precision): 0.6808
  召回率 (Recall):    0.6326
  F1 分数 (F1):       0.6292
✅ 模型已保存到 /home/kudouzala/Application/ion_detect/output/trained_model_save/exp_new_d_num_tp4/trained_model_epoch_best.pth
  🏆 新最佳 F1=0.6292，已保存 best 模型
[New] Epoch 131/1000 | classify: 1.0335 | voltage: 0.1072 | total: 1.0388
[New] Epoch 132/1000 | classify: 0.9105 | voltage: 0.0958 | total: 0.9153
[New] Epoch 133/1000 | classify: 0.9155 | voltage: 0.0969 | total: 0.9204
[New] Epoch 134/1000 | classify: 0.9674 | voltage: 0.0976 | total: 0.9723
[New] Epoch 135/1000 | classify: 0.7763 | voltage: 0.1130 | total: 0.7819
[New] Epoch 136/1000 | classify: 0.8651 | voltage: 0.0896 | total: 0.8696
[New] Epoch 137/1000 | classify: 0.8189 | voltage: 0.0886 | total: 0.8233
[New] Epoch 138/1000 | classify: 0.9380 | voltage: 0.0987 | total: 0.9429
[New] Epoch 139/1000 | classify: 0.9274 | voltage: 0.1031 | total: 0.9325
[New] Epoch 140/1000 | classify: 0.8998 | voltage: 0.0980 | total: 0.9047
--- 验证集 [epoch 140] ---
  准确率 (Accuracy):  0.8000
  精确率 (Precision): 0.7404
  召回率 (Recall):    0.6708
  F1 分数 (F1):       0.6732
✅ 模型已保存到 /home/kudouzala/Application/ion_detect/output/trained_model_save/exp_new_d_num_tp4/trained_model_epoch_best.pth
  🏆 新最佳 F1=0.6732，已保存 best 模型
[New] Epoch 141/1000 | classify: 0.7154 | voltage: 0.1106 | total: 0.7209
[New] Epoch 142/1000 | classify: 1.0575 | voltage: 0.1017 | total: 1.0626
[New] Epoch 143/1000 | classify: 0.9025 | voltage: 0.0895 | total: 0.9069
[New] Epoch 144/1000 | classify: 0.7628 | voltage: 0.1043 | total: 0.7680
[New] Epoch 145/1000 | classify: 0.8593 | voltage: 0.0770 | total: 0.8631
[New] Epoch 146/1000 | classify: 1.0157 | voltage: 0.0958 | total: 1.0204
[New] Epoch 147/1000 | classify: 0.9607 | voltage: 0.0846 | total: 0.9650
[New] Epoch 148/1000 | classify: 0.8656 | voltage: 0.1026 | total: 0.8708
[New] Epoch 149/1000 | classify: 0.8096 | voltage: 0.0903 | total: 0.8141
[New] Epoch 150/1000 | classify: 0.6831 | voltage: 0.0973 | total: 0.6879
--- 验证集 [epoch 150] ---
  准确率 (Accuracy):  0.7862
  精确率 (Precision): 0.7099
  召回率 (Recall):    0.6524
  F1 分数 (F1):       0.6529
✅ 模型已保存到 /home/kudouzala/Application/ion_detect/output/trained_model_save/exp_new_d_num_tp4/trained_model_epoch_150.pth
📁 损失值已保存到 /home/kudouzala/Application/ion_detect/output/trained_model_save/exp_new_d_num_tp4/training_loss_epoch_150.csv
[New] Epoch 151/1000 | classify: 0.8553 | voltage: 0.1099 | total: 0.8608
[New] Epoch 152/1000 | classify: 0.9164 | voltage: 0.1254 | total: 0.9227
[New] Epoch 153/1000 | classify: 0.7121 | voltage: 0.0897 | total: 0.7166
[New] Epoch 154/1000 | classify: 0.8206 | voltage: 0.1022 | total: 0.8257
[New] Epoch 155/1000 | classify: 0.9241 | voltage: 0.1079 | total: 0.9295
[New] Epoch 156/1000 | classify: 0.8282 | voltage: 0.1008 | total: 0.8332
[New] Epoch 157/1000 | classify: 0.9300 | voltage: 0.1200 | total: 0.9360
[New] Epoch 158/1000 | classify: 0.8796 | voltage: 0.1068 | total: 0.8849
[New] Epoch 159/1000 | classify: 0.9981 | voltage: 0.0859 | total: 1.0024
[New] Epoch 160/1000 | classify: 0.9711 | voltage: 0.0877 | total: 0.9755
--- 验证集 [epoch 160] ---
  准确率 (Accuracy):  0.7379
  精确率 (Precision): 0.6471
  召回率 (Recall):    0.6718
  F1 分数 (F1):       0.6481
[New] Epoch 161/1000 | classify: 0.9073 | voltage: 0.0935 | total: 0.9120
[New] Epoch 162/1000 | classify: 0.7657 | voltage: 0.0947 | total: 0.7705
[New] Epoch 163/1000 | classify: 0.7546 | voltage: 0.0984 | total: 0.7595
[New] Epoch 164/1000 | classify: 0.9436 | voltage: 0.1000 | total: 0.9486
[New] Epoch 165/1000 | classify: 0.8644 | voltage: 0.0910 | total: 0.8690
[New] Epoch 166/1000 | classify: 0.7718 | voltage: 0.1041 | total: 0.7770
[New] Epoch 167/1000 | classify: 0.8259 | voltage: 0.1093 | total: 0.8314
[New] Epoch 168/1000 | classify: 0.6974 | voltage: 0.1004 | total: 0.7024
[New] Epoch 169/1000 | classify: 0.8141 | voltage: 0.0854 | total: 0.8184
[New] Epoch 170/1000 | classify: 0.9099 | voltage: 0.0831 | total: 0.9140
--- 验证集 [epoch 170] ---
  准确率 (Accuracy):  0.8000
  精确率 (Precision): 0.7173
  召回率 (Recall):    0.7052
  F1 分数 (F1):       0.7080
✅ 模型已保存到 /home/kudouzala/Application/ion_detect/output/trained_model_save/exp_new_d_num_tp4/trained_model_epoch_best.pth
  🏆 新最佳 F1=0.7080，已保存 best 模型
[New] Epoch 171/1000 | classify: 0.7936 | voltage: 0.0934 | total: 0.7983
[New] Epoch 172/1000 | classify: 1.0020 | voltage: 0.0875 | total: 1.0064
[New] Epoch 173/1000 | classify: 0.7279 | voltage: 0.0932 | total: 0.7326
[New] Epoch 174/1000 | classify: 0.7870 | voltage: 0.0818 | total: 0.7911
[New] Epoch 175/1000 | classify: 0.6985 | voltage: 0.0994 | total: 0.7035
[New] Epoch 176/1000 | classify: 0.7852 | voltage: 0.0878 | total: 0.7896
[New] Epoch 177/1000 | classify: 0.7295 | voltage: 0.0880 | total: 0.7339
[New] Epoch 178/1000 | classify: 0.8387 | voltage: 0.1060 | total: 0.8440
[New] Epoch 179/1000 | classify: 0.8837 | voltage: 0.0953 | total: 0.8884
[New] Epoch 180/1000 | classify: 0.8534 | voltage: 0.0953 | total: 0.8581
--- 验证集 [epoch 180] ---
  准确率 (Accuracy):  0.7655
  精确率 (Precision): 0.6692
  召回率 (Recall):    0.5996
  F1 分数 (F1):       0.6058
[New] Epoch 181/1000 | classify: 0.7676 | voltage: 0.0947 | total: 0.7723
[New] Epoch 182/1000 | classify: 0.8256 | voltage: 0.0991 | total: 0.8306
[New] Epoch 183/1000 | classify: 0.7020 | voltage: 0.0877 | total: 0.7064
[New] Epoch 184/1000 | classify: 0.8254 | voltage: 0.0836 | total: 0.8296
[New] Epoch 185/1000 | classify: 0.7652 | voltage: 0.1065 | total: 0.7705
[New] Epoch 186/1000 | classify: 0.8042 | voltage: 0.0970 | total: 0.8090
[New] Epoch 187/1000 | classify: 0.6895 | voltage: 0.0927 | total: 0.6941
[New] Epoch 188/1000 | classify: 0.8153 | voltage: 0.1003 | total: 0.8203
[New] Epoch 189/1000 | classify: 0.7141 | voltage: 0.1115 | total: 0.7197
[New] Epoch 190/1000 | classify: 0.6965 | voltage: 0.0928 | total: 0.7011
--- 验证集 [epoch 190] ---
  准确率 (Accuracy):  0.7655
  精确率 (Precision): 0.6666
  召回率 (Recall):    0.6345
  F1 分数 (F1):       0.6280
[New] Epoch 191/1000 | classify: 0.9210 | voltage: 0.0954 | total: 0.9258
[New] Epoch 192/1000 | classify: 0.8089 | voltage: 0.1074 | total: 0.8142
[New] Epoch 193/1000 | classify: 0.9489 | voltage: 0.1254 | total: 0.9552
[New] Epoch 194/1000 | classify: 0.8549 | voltage: 0.0873 | total: 0.8592
[New] Epoch 195/1000 | classify: 0.6713 | voltage: 0.0985 | total: 0.6762
[New] Epoch 196/1000 | classify: 0.7875 | voltage: 0.1095 | total: 0.7930
[New] Epoch 197/1000 | classify: 0.6620 | voltage: 0.1020 | total: 0.6671
[New] Epoch 198/1000 | classify: 0.8179 | voltage: 0.1050 | total: 0.8231
[New] Epoch 199/1000 | classify: 0.9159 | voltage: 0.1045 | total: 0.9212
[New] Epoch 200/1000 | classify: 0.7348 | voltage: 0.0944 | total: 0.7395
--- 验证集 [epoch 200] ---
  准确率 (Accuracy):  0.8000
  精确率 (Precision): 0.6781
  召回率 (Recall):    0.6634
  F1 分数 (F1):       0.6623
✅ 模型已保存到 /home/kudouzala/Application/ion_detect/output/trained_model_save/exp_new_d_num_tp4/trained_model_epoch_200.pth
📁 损失值已保存到 /home/kudouzala/Application/ion_detect/output/trained_model_save/exp_new_d_num_tp4/training_loss_epoch_200.csv
[New] Epoch 201/1000 | classify: 0.7697 | voltage: 0.0979 | total: 0.7746
[New] Epoch 202/1000 | classify: 0.7700 | voltage: 0.0937 | total: 0.7747
[New] Epoch 203/1000 | classify: 0.5264 | voltage: 0.0947 | total: 0.5311
[New] Epoch 204/1000 | classify: 0.6214 | voltage: 0.1011 | total: 0.6265
[New] Epoch 205/1000 | classify: 0.8718 | voltage: 0.1039 | total: 0.8770
[New] Epoch 206/1000 | classify: 0.5999 | voltage: 0.1074 | total: 0.6052
[New] Epoch 207/1000 | classify: 0.6897 | voltage: 0.0854 | total: 0.6940
[New] Epoch 208/1000 | classify: 0.7159 | voltage: 0.1019 | total: 0.7210
[New] Epoch 209/1000 | classify: 0.6763 | voltage: 0.0941 | total: 0.6810
[New] Epoch 210/1000 | classify: 0.7252 | voltage: 0.1063 | total: 0.7305
--- 验证集 [epoch 210] ---
  准确率 (Accuracy):  0.7931
  精确率 (Precision): 0.6844
  召回率 (Recall):    0.6604
  F1 分数 (F1):       0.6624
[New] Epoch 211/1000 | classify: 0.8599 | voltage: 0.1019 | total: 0.8650
[New] Epoch 212/1000 | classify: 0.7155 | voltage: 0.0901 | total: 0.7200
[New] Epoch 213/1000 | classify: 0.6318 | voltage: 0.0868 | total: 0.6361
[New] Epoch 214/1000 | classify: 0.7592 | voltage: 0.0908 | total: 0.7638
[New] Epoch 215/1000 | classify: 0.9095 | voltage: 0.0978 | total: 0.9144
[New] Epoch 216/1000 | classify: 0.6419 | voltage: 0.0917 | total: 0.6465
[New] Epoch 217/1000 | classify: 0.5754 | voltage: 0.0912 | total: 0.5800
[New] Epoch 218/1000 | classify: 0.6433 | voltage: 0.0777 | total: 0.6472
[New] Epoch 219/1000 | classify: 0.7627 | voltage: 0.0903 | total: 0.7672
[New] Epoch 220/1000 | classify: 0.6228 | voltage: 0.1029 | total: 0.6279
--- 验证集 [epoch 220] ---
  准确率 (Accuracy):  0.8000
  精确率 (Precision): 0.6909
  召回率 (Recall):    0.6806
  F1 分数 (F1):       0.6818
[New] Epoch 221/1000 | classify: 0.7060 | voltage: 0.1078 | total: 0.7114
[New] Epoch 222/1000 | classify: 0.8138 | voltage: 0.0972 | total: 0.8187
[New] Epoch 223/1000 | classify: 0.6269 | voltage: 0.0972 | total: 0.6318
[New] Epoch 224/1000 | classify: 0.6918 | voltage: 0.1148 | total: 0.6975
[New] Epoch 225/1000 | classify: 0.6388 | voltage: 0.1343 | total: 0.6455
[New] Epoch 226/1000 | classify: 0.7161 | voltage: 0.0813 | total: 0.7202
[New] Epoch 227/1000 | classify: 0.6539 | voltage: 0.1231 | total: 0.6600
[New] Epoch 228/1000 | classify: 0.6550 | voltage: 0.0875 | total: 0.6594
[New] Epoch 229/1000 | classify: 0.6038 | voltage: 0.0989 | total: 0.6087
[New] Epoch 230/1000 | classify: 0.7050 | voltage: 0.0858 | total: 0.7093
--- 验证集 [epoch 230] ---
  准确率 (Accuracy):  0.8000
  精确率 (Precision): 0.6954
  召回率 (Recall):    0.6806
  F1 分数 (F1):       0.6825
[New] Epoch 231/1000 | classify: 0.7059 | voltage: 0.1118 | total: 0.7115
[New] Epoch 232/1000 | classify: 0.8692 | voltage: 0.1094 | total: 0.8746
[New] Epoch 233/1000 | classify: 0.6502 | voltage: 0.1030 | total: 0.6554
[New] Epoch 234/1000 | classify: 0.7039 | voltage: 0.1104 | total: 0.7094
[New] Epoch 235/1000 | classify: 0.7858 | voltage: 0.1038 | total: 0.7910
[New] Epoch 236/1000 | classify: 0.7299 | voltage: 0.0865 | total: 0.7342
[New] Epoch 237/1000 | classify: 0.7220 | voltage: 0.0917 | total: 0.7266
[New] Epoch 238/1000 | classify: 0.5742 | voltage: 0.1201 | total: 0.5802
[New] Epoch 239/1000 | classify: 0.6981 | voltage: 0.0895 | total: 0.7026
[New] Epoch 240/1000 | classify: 0.7161 | voltage: 0.0938 | total: 0.7208
--- 验证集 [epoch 240] ---
  准确率 (Accuracy):  0.7793
  精确率 (Precision): 0.7174
  召回率 (Recall):    0.6364
  F1 分数 (F1):       0.6497
[New] Epoch 241/1000 | classify: 0.6983 | voltage: 0.0950 | total: 0.7030
[New] Epoch 242/1000 | classify: 0.7288 | voltage: 0.1009 | total: 0.7338
[New] Epoch 243/1000 | classify: 0.8228 | voltage: 0.1036 | total: 0.8280
[New] Epoch 244/1000 | classify: 0.6926 | voltage: 0.1247 | total: 0.6988
[New] Epoch 245/1000 | classify: 0.6012 | voltage: 0.1072 | total: 0.6065
[New] Epoch 246/1000 | classify: 0.6270 | voltage: 0.0951 | total: 0.6318
[New] Epoch 247/1000 | classify: 0.5791 | voltage: 0.1155 | total: 0.5849
[New] Epoch 248/1000 | classify: 0.6226 | voltage: 0.1019 | total: 0.6277
[New] Epoch 249/1000 | classify: 0.7624 | voltage: 0.0953 | total: 0.7672
[New] Epoch 250/1000 | classify: 0.7902 | voltage: 0.1327 | total: 0.7968
--- 验证集 [epoch 250] ---
  准确率 (Accuracy):  0.7517
  精确率 (Precision): 0.6580
  召回率 (Recall):    0.6872
  F1 分数 (F1):       0.6641
✅ 模型已保存到 /home/kudouzala/Application/ion_detect/output/trained_model_save/exp_new_d_num_tp4/trained_model_epoch_250.pth
📁 损失值已保存到 /home/kudouzala/Application/ion_detect/output/trained_model_save/exp_new_d_num_tp4/training_loss_epoch_250.csv
[New] Epoch 251/1000 | classify: 0.5263 | voltage: 0.1016 | total: 0.5313
[New] Epoch 252/1000 | classify: 0.7743 | voltage: 0.0810 | total: 0.7783
[New] Epoch 253/1000 | classify: 0.5739 | voltage: 0.0938 | total: 0.5786
[New] Epoch 254/1000 | classify: 0.7015 | voltage: 0.0907 | total: 0.7061
[New] Epoch 255/1000 | classify: 0.6756 | voltage: 0.1103 | total: 0.6811
[New] Epoch 256/1000 | classify: 0.8342 | voltage: 0.0913 | total: 0.8388
[New] Epoch 257/1000 | classify: 0.5917 | voltage: 0.0966 | total: 0.5965
[New] Epoch 258/1000 | classify: 0.6905 | voltage: 0.1212 | total: 0.6966
[New] Epoch 259/1000 | classify: 0.7938 | voltage: 0.0931 | total: 0.7985
[New] Epoch 260/1000 | classify: 0.5443 | voltage: 0.0993 | total: 0.5492
--- 验证集 [epoch 260] ---
  准确率 (Accuracy):  0.7793
  精确率 (Precision): 0.6848
  召回率 (Recall):    0.6468
  F1 分数 (F1):       0.6476
[New] Epoch 261/1000 | classify: 0.6274 | voltage: 0.1180 | total: 0.6333
[New] Epoch 262/1000 | classify: 0.7179 | voltage: 0.1143 | total: 0.7236
[New] Epoch 263/1000 | classify: 0.8422 | voltage: 0.1107 | total: 0.8478
[New] Epoch 264/1000 | classify: 0.7091 | voltage: 0.1094 | total: 0.7146
[New] Epoch 265/1000 | classify: 0.7495 | voltage: 0.1068 | total: 0.7548
[New] Epoch 266/1000 | classify: 0.7294 | voltage: 0.1205 | total: 0.7354
[New] Epoch 267/1000 | classify: 0.6352 | voltage: 0.1101 | total: 0.6407
[New] Epoch 268/1000 | classify: 0.5935 | voltage: 0.1066 | total: 0.5988
[New] Epoch 269/1000 | classify: 0.6059 | voltage: 0.1076 | total: 0.6113
[New] Epoch 270/1000 | classify: 0.5162 | voltage: 0.1022 | total: 0.5213
--- 验证集 [epoch 270] ---
  准确率 (Accuracy):  0.7793
  精确率 (Precision): 0.6655
  召回率 (Recall):    0.6306
  F1 分数 (F1):       0.6312
[New] Epoch 271/1000 | classify: 0.7684 | voltage: 0.1002 | total: 0.7734
[New] Epoch 272/1000 | classify: 0.6064 | voltage: 0.0926 | total: 0.6110
[New] Epoch 273/1000 | classify: 0.6056 | voltage: 0.0846 | total: 0.6099
[New] Epoch 274/1000 | classify: 0.5129 | voltage: 0.0927 | total: 0.5175
[New] Epoch 275/1000 | classify: 0.5783 | voltage: 0.1033 | total: 0.5835
[New] Epoch 276/1000 | classify: 0.8142 | voltage: 0.0958 | total: 0.8190
[New] Epoch 277/1000 | classify: 0.6145 | voltage: 0.0888 | total: 0.6190
[New] Epoch 278/1000 | classify: 0.5999 | voltage: 0.1148 | total: 0.6056
[New] Epoch 279/1000 | classify: 0.7242 | voltage: 0.0966 | total: 0.7290
[New] Epoch 280/1000 | classify: 0.6847 | voltage: 0.0930 | total: 0.6894
--- 验证集 [epoch 280] ---
  准确率 (Accuracy):  0.8000
  精确率 (Precision): 0.7407
  召回率 (Recall):    0.6786
  F1 分数 (F1):       0.6853
[New] Epoch 281/1000 | classify: 0.5940 | voltage: 0.0961 | total: 0.5988
[New] Epoch 282/1000 | classify: 0.6990 | voltage: 0.0979 | total: 0.7039
[New] Epoch 283/1000 | classify: 0.6868 | voltage: 0.1053 | total: 0.6921
[New] Epoch 284/1000 | classify: 0.8378 | voltage: 0.1152 | total: 0.8436
[New] Epoch 285/1000 | classify: 0.5602 | voltage: 0.1269 | total: 0.5665
[New] Epoch 286/1000 | classify: 0.6816 | voltage: 0.1170 | total: 0.6875
[New] Epoch 287/1000 | classify: 0.6540 | voltage: 0.1293 | total: 0.6605
[New] Epoch 288/1000 | classify: 0.5276 | voltage: 0.1060 | total: 0.5329
[New] Epoch 289/1000 | classify: 0.8094 | voltage: 0.1043 | total: 0.8147
[New] Epoch 290/1000 | classify: 0.5755 | voltage: 0.1211 | total: 0.5816
--- 验证集 [epoch 290] ---
  准确率 (Accuracy):  0.7862
  精确率 (Precision): 0.6985
  召回率 (Recall):    0.6757
  F1 分数 (F1):       0.6755
[New] Epoch 291/1000 | classify: 0.6621 | voltage: 0.1064 | total: 0.6674
[New] Epoch 292/1000 | classify: 0.6699 | voltage: 0.1139 | total: 0.6756
[New] Epoch 293/1000 | classify: 0.7267 | voltage: 0.1038 | total: 0.7319
[New] Epoch 294/1000 | classify: 0.6934 | voltage: 0.1139 | total: 0.6990
[New] Epoch 295/1000 | classify: 0.6482 | voltage: 0.1144 | total: 0.6539
[New] Epoch 296/1000 | classify: 0.6063 | voltage: 0.1070 | total: 0.6116
[New] Epoch 297/1000 | classify: 0.6554 | voltage: 0.1073 | total: 0.6607
[New] Epoch 298/1000 | classify: 0.6540 | voltage: 0.1186 | total: 0.6599
[New] Epoch 299/1000 | classify: 0.5826 | voltage: 0.1142 | total: 0.5883
[New] Epoch 300/1000 | classify: 0.6875 | voltage: 0.0959 | total: 0.6923
--- 验证集 [epoch 300] ---
  准确率 (Accuracy):  0.8138
  精确率 (Precision): 0.7199
  召回率 (Recall):    0.7424
  F1 分数 (F1):       0.7188
✅ 模型已保存到 /home/kudouzala/Application/ion_detect/output/trained_model_save/exp_new_d_num_tp4/trained_model_epoch_best.pth
  🏆 新最佳 F1=0.7188，已保存 best 模型
✅ 模型已保存到 /home/kudouzala/Application/ion_detect/output/trained_model_save/exp_new_d_num_tp4/trained_model_epoch_300.pth
📁 损失值已保存到 /home/kudouzala/Application/ion_detect/output/trained_model_save/exp_new_d_num_tp4/training_loss_epoch_300.csv
[New] Epoch 301/1000 | classify: 0.5932 | voltage: 0.1153 | total: 0.5990
[New] Epoch 302/1000 | classify: 0.6529 | voltage: 0.1307 | total: 0.6595
[New] Epoch 303/1000 | classify: 0.6079 | voltage: 0.1238 | total: 0.6140
[New] Epoch 304/1000 | classify: 0.6280 | voltage: 0.1105 | total: 0.6335
[New] Epoch 305/1000 | classify: 0.7082 | voltage: 0.1326 | total: 0.7148
[New] Epoch 306/1000 | classify: 0.6987 | voltage: 0.1156 | total: 0.7045
[New] Epoch 307/1000 | classify: 0.5216 | voltage: 0.1221 | total: 0.5277
[New] Epoch 308/1000 | classify: 0.6760 | voltage: 0.1209 | total: 0.6820
[New] Epoch 309/1000 | classify: 0.6201 | voltage: 0.1061 | total: 0.6254
[New] Epoch 310/1000 | classify: 0.7677 | voltage: 0.1069 | total: 0.7731
--- 验证集 [epoch 310] ---
  准确率 (Accuracy):  0.8207
  精确率 (Precision): 0.6935
  召回率 (Recall):    0.7155
  F1 分数 (F1):       0.6929
[New] Epoch 311/1000 | classify: 0.6094 | voltage: 0.1282 | total: 0.6158
[New] Epoch 312/1000 | classify: 0.6227 | voltage: 0.1110 | total: 0.6283
[New] Epoch 313/1000 | classify: 0.6018 | voltage: 0.1304 | total: 0.6084
[New] Epoch 314/1000 | classify: 0.5847 | voltage: 0.1059 | total: 0.5900
[New] Epoch 315/1000 | classify: 0.6034 | voltage: 0.1207 | total: 0.6094
[New] Epoch 316/1000 | classify: 0.5657 | voltage: 0.1363 | total: 0.5725
[New] Epoch 317/1000 | classify: 0.6374 | voltage: 0.1123 | total: 0.6431
[New] Epoch 318/1000 | classify: 0.6722 | voltage: 0.1455 | total: 0.6794
[New] Epoch 319/1000 | classify: 0.6359 | voltage: 0.1285 | total: 0.6424
[New] Epoch 320/1000 | classify: 0.5463 | voltage: 0.1233 | total: 0.5524
--- 验证集 [epoch 320] ---
  准确率 (Accuracy):  0.8069
  精确率 (Precision): 0.6941
  召回率 (Recall):    0.7201
  F1 分数 (F1):       0.6942
[New] Epoch 321/1000 | classify: 0.6984 | voltage: 0.1323 | total: 0.7050
[New] Epoch 322/1000 | classify: 0.6360 | voltage: 0.1300 | total: 0.6425
[New] Epoch 323/1000 | classify: 0.6989 | voltage: 0.1189 | total: 0.7048
[New] Epoch 324/1000 | classify: 0.7357 | voltage: 0.1113 | total: 0.7412
[New] Epoch 325/1000 | classify: 0.6497 | voltage: 0.1234 | total: 0.6558
[New] Epoch 326/1000 | classify: 0.5295 | voltage: 0.0981 | total: 0.5344
[New] Epoch 327/1000 | classify: 0.6629 | voltage: 0.1016 | total: 0.6680
[New] Epoch 328/1000 | classify: 0.7089 | voltage: 0.1238 | total: 0.7151
[New] Epoch 329/1000 | classify: 0.6591 | voltage: 0.1262 | total: 0.6654
[New] Epoch 330/1000 | classify: 0.5175 | voltage: 0.1276 | total: 0.5239
--- 验证集 [epoch 330] ---
  准确率 (Accuracy):  0.8000
  精确率 (Precision): 0.7141
  召回率 (Recall):    0.6786
  F1 分数 (F1):       0.6843
[New] Epoch 331/1000 | classify: 0.6237 | voltage: 0.1150 | total: 0.6295
[New] Epoch 332/1000 | classify: 0.5994 | voltage: 0.1263 | total: 0.6057
[New] Epoch 333/1000 | classify: 0.5464 | voltage: 0.1053 | total: 0.5516
[New] Epoch 334/1000 | classify: 0.6421 | voltage: 0.1225 | total: 0.6483
[New] Epoch 335/1000 | classify: 0.6136 | voltage: 0.1182 | total: 0.6195
[New] Epoch 336/1000 | classify: 0.6010 | voltage: 0.1139 | total: 0.6067
[New] Epoch 337/1000 | classify: 0.5613 | voltage: 0.1140 | total: 0.5670
[New] Epoch 338/1000 | classify: 0.5263 | voltage: 0.1283 | total: 0.5327
[New] Epoch 339/1000 | classify: 0.5776 | voltage: 0.1158 | total: 0.5834
[New] Epoch 340/1000 | classify: 0.6333 | voltage: 0.1067 | total: 0.6387
--- 验证集 [epoch 340] ---
  准确率 (Accuracy):  0.7793
  精确率 (Precision): 0.6919
  召回率 (Recall):    0.6212
  F1 分数 (F1):       0.6318
[New] Epoch 341/1000 | classify: 0.6912 | voltage: 0.1405 | total: 0.6982
[New] Epoch 342/1000 | classify: 0.6209 | voltage: 0.1357 | total: 0.6276
[New] Epoch 343/1000 | classify: 0.5709 | voltage: 0.1213 | total: 0.5769
[New] Epoch 344/1000 | classify: 0.5843 | voltage: 0.1258 | total: 0.5905
[New] Epoch 345/1000 | classify: 0.6383 | voltage: 0.1006 | total: 0.6434
[New] Epoch 346/1000 | classify: 0.5847 | voltage: 0.1252 | total: 0.5909
[New] Epoch 347/1000 | classify: 0.5868 | voltage: 0.1007 | total: 0.5918
[New] Epoch 348/1000 | classify: 0.5428 | voltage: 0.1035 | total: 0.5479
[New] Epoch 349/1000 | classify: 0.6211 | voltage: 0.1162 | total: 0.6269
[New] Epoch 350/1000 | classify: 0.5962 | voltage: 0.1103 | total: 0.6017
--- 验证集 [epoch 350] ---
  准确率 (Accuracy):  0.7862
  精确率 (Precision): 0.6789
  召回率 (Recall):    0.6331
  F1 分数 (F1):       0.6391
✅ 模型已保存到 /home/kudouzala/Application/ion_detect/output/trained_model_save/exp_new_d_num_tp4/trained_model_epoch_350.pth
📁 损失值已保存到 /home/kudouzala/Application/ion_detect/output/trained_model_save/exp_new_d_num_tp4/training_loss_epoch_350.csv
[New] Epoch 351/1000 | classify: 0.6727 | voltage: 0.1229 | total: 0.6788
[New] Epoch 352/1000 | classify: 0.6263 | voltage: 0.1169 | total: 0.6321
[New] Epoch 353/1000 | classify: 0.7127 | voltage: 0.1409 | total: 0.7198
[New] Epoch 354/1000 | classify: 0.6786 | voltage: 0.1171 | total: 0.6844
[New] Epoch 355/1000 | classify: 0.5754 | voltage: 0.0978 | total: 0.5803
[New] Epoch 356/1000 | classify: 0.5756 | voltage: 0.1090 | total: 0.5810
[New] Epoch 357/1000 | classify: 0.5356 | voltage: 0.1175 | total: 0.5415
[New] Epoch 358/1000 | classify: 0.6306 | voltage: 0.1090 | total: 0.6360
[New] Epoch 359/1000 | classify: 0.5772 | voltage: 0.1335 | total: 0.5839
[New] Epoch 360/1000 | classify: 0.4991 | voltage: 0.1411 | total: 0.5062
--- 验证集 [epoch 360] ---
  准确率 (Accuracy):  0.8207
  精确率 (Precision): 0.7454
  召回率 (Recall):    0.7045
  F1 分数 (F1):       0.7101
[New] Epoch 361/1000 | classify: 0.6067 | voltage: 0.1257 | total: 0.6130
[New] Epoch 362/1000 | classify: 0.6257 | voltage: 0.1346 | total: 0.6324
[New] Epoch 363/1000 | classify: 0.6555 | voltage: 0.1299 | total: 0.6620
[New] Epoch 364/1000 | classify: 0.7035 | voltage: 0.1277 | total: 0.7098
[New] Epoch 365/1000 | classify: 0.5672 | voltage: 0.1299 | total: 0.5736
[New] Epoch 366/1000 | classify: 0.7115 | voltage: 0.1349 | total: 0.7183
[New] Epoch 367/1000 | classify: 0.7262 | voltage: 0.1296 | total: 0.7327
[New] Epoch 368/1000 | classify: 0.5827 | voltage: 0.1261 | total: 0.5890
[New] Epoch 369/1000 | classify: 0.6432 | voltage: 0.1326 | total: 0.6498
[New] Epoch 370/1000 | classify: 0.5693 | voltage: 0.1229 | total: 0.5755
--- 验证集 [epoch 370] ---
  准确率 (Accuracy):  0.8345
  精确率 (Precision): 0.7973
  召回率 (Recall):    0.7496
  F1 分数 (F1):       0.7647
✅ 模型已保存到 /home/kudouzala/Application/ion_detect/output/trained_model_save/exp_new_d_num_tp4/trained_model_epoch_best.pth
  🏆 新最佳 F1=0.7647，已保存 best 模型
[New] Epoch 371/1000 | classify: 0.6469 | voltage: 0.1405 | total: 0.6539
[New] Epoch 372/1000 | classify: 0.4924 | voltage: 0.1401 | total: 0.4994
[New] Epoch 373/1000 | classify: 0.5346 | voltage: 0.1374 | total: 0.5415
[New] Epoch 374/1000 | classify: 0.5070 | voltage: 0.1114 | total: 0.5125
[New] Epoch 375/1000 | classify: 0.6845 | voltage: 0.1066 | total: 0.6898
[New] Epoch 376/1000 | classify: 0.4563 | voltage: 0.1377 | total: 0.4632
[New] Epoch 377/1000 | classify: 0.4952 | voltage: 0.1436 | total: 0.5024
[New] Epoch 378/1000 | classify: 0.5898 | voltage: 0.1310 | total: 0.5964
[New] Epoch 379/1000 | classify: 0.6480 | voltage: 0.1354 | total: 0.6547
[New] Epoch 380/1000 | classify: 0.5682 | voltage: 0.1557 | total: 0.5760
--- 验证集 [epoch 380] ---
  准确率 (Accuracy):  0.8276
  精确率 (Precision): 0.7545
  召回率 (Recall):    0.7416
  F1 分数 (F1):       0.7424
[New] Epoch 381/1000 | classify: 0.5128 | voltage: 0.1576 | total: 0.5207
[New] Epoch 382/1000 | classify: 0.7169 | voltage: 0.1594 | total: 0.7249
[New] Epoch 383/1000 | classify: 0.5888 | voltage: 0.1514 | total: 0.5963
[New] Epoch 384/1000 | classify: 0.5928 | voltage: 0.1421 | total: 0.5999
[New] Epoch 385/1000 | classify: 0.6990 | voltage: 0.1080 | total: 0.7044
[New] Epoch 386/1000 | classify: 0.4819 | voltage: 0.1234 | total: 0.4880
[New] Epoch 387/1000 | classify: 0.5793 | voltage: 0.1471 | total: 0.5867
[New] Epoch 388/1000 | classify: 0.6360 | voltage: 0.1381 | total: 0.6429
[New] Epoch 389/1000 | classify: 0.6984 | voltage: 0.1480 | total: 0.7058
[New] Epoch 390/1000 | classify: 0.5132 | voltage: 0.1473 | total: 0.5206
--- 验证集 [epoch 390] ---
  准确率 (Accuracy):  0.8069
  精确率 (Precision): 0.7207
  召回率 (Recall):    0.6747
  F1 分数 (F1):       0.6815
[New] Epoch 391/1000 | classify: 0.4627 | voltage: 0.1329 | total: 0.4694
[New] Epoch 392/1000 | classify: 0.7114 | voltage: 0.1242 | total: 0.7176
[New] Epoch 393/1000 | classify: 0.4934 | voltage: 0.1127 | total: 0.4991
[New] Epoch 394/1000 | classify: 0.7065 | voltage: 0.1173 | total: 0.7124
[New] Epoch 395/1000 | classify: 0.6153 | voltage: 0.1525 | total: 0.6230
[New] Epoch 396/1000 | classify: 0.4940 | voltage: 0.1411 | total: 0.5010
[New] Epoch 397/1000 | classify: 0.5423 | voltage: 0.1249 | total: 0.5485
[New] Epoch 398/1000 | classify: 0.6697 | voltage: 0.1451 | total: 0.6770
[New] Epoch 399/1000 | classify: 0.6827 | voltage: 0.1413 | total: 0.6898
[New] Epoch 400/1000 | classify: 0.5130 | voltage: 0.1367 | total: 0.5198
--- 验证集 [epoch 400] ---
  准确率 (Accuracy):  0.8345
  精确率 (Precision): 0.7867
  召回率 (Recall):    0.7445
  F1 分数 (F1):       0.7586
✅ 模型已保存到 /home/kudouzala/Application/ion_detect/output/trained_model_save/exp_new_d_num_tp4/trained_model_epoch_400.pth
📁 损失值已保存到 /home/kudouzala/Application/ion_detect/output/trained_model_save/exp_new_d_num_tp4/training_loss_epoch_400.csv
[New] Epoch 401/1000 | classify: 0.7052 | voltage: 0.1292 | total: 0.7117
[New] Epoch 402/1000 | classify: 0.5461 | voltage: 0.1601 | total: 0.5541
[New] Epoch 403/1000 | classify: 0.5206 | voltage: 0.1666 | total: 0.5289
[New] Epoch 404/1000 | classify: 0.6558 | voltage: 0.1465 | total: 0.6631
[New] Epoch 405/1000 | classify: 0.6771 | voltage: 0.1425 | total: 0.6842
[New] Epoch 406/1000 | classify: 0.5582 | voltage: 0.1405 | total: 0.5652
[New] Epoch 407/1000 | classify: 0.6104 | voltage: 0.1211 | total: 0.6164
[New] Epoch 408/1000 | classify: 0.5658 | voltage: 0.1289 | total: 0.5723
[New] Epoch 409/1000 | classify: 0.6742 | voltage: 0.1318 | total: 0.6808
[New] Epoch 410/1000 | classify: 0.5643 | voltage: 0.1541 | total: 0.5720
--- 验证集 [epoch 410] ---
  准确率 (Accuracy):  0.8069
  精确率 (Precision): 0.7323
  召回率 (Recall):    0.6867
  F1 分数 (F1):       0.6982
[New] Epoch 411/1000 | classify: 0.4680 | voltage: 0.1295 | total: 0.4745
[New] Epoch 412/1000 | classify: 0.5929 | voltage: 0.1334 | total: 0.5995
[New] Epoch 413/1000 | classify: 0.7976 | voltage: 0.1381 | total: 0.8045
[New] Epoch 414/1000 | classify: 0.5608 | voltage: 0.1587 | total: 0.5687
[New] Epoch 415/1000 | classify: 0.5754 | voltage: 0.1530 | total: 0.5830
[New] Epoch 416/1000 | classify: 0.6359 | voltage: 0.1382 | total: 0.6429
[New] Epoch 417/1000 | classify: 0.6503 | voltage: 0.1565 | total: 0.6582
[New] Epoch 418/1000 | classify: 0.5743 | voltage: 0.1481 | total: 0.5817
[New] Epoch 419/1000 | classify: 0.5531 | voltage: 0.1340 | total: 0.5598
[New] Epoch 420/1000 | classify: 0.6792 | voltage: 0.1500 | total: 0.6867
--- 验证集 [epoch 420] ---
  准确率 (Accuracy):  0.8207
  精确率 (Precision): 0.7363
  召回率 (Recall):    0.7215
  F1 分数 (F1):       0.7202
[New] Epoch 421/1000 | classify: 0.6053 | voltage: 0.1303 | total: 0.6118
[New] Epoch 422/1000 | classify: 0.5673 | voltage: 0.1213 | total: 0.5734
[New] Epoch 423/1000 | classify: 0.5242 | voltage: 0.1331 | total: 0.5309
[New] Epoch 424/1000 | classify: 0.6159 | voltage: 0.1591 | total: 0.6238
[New] Epoch 425/1000 | classify: 0.6044 | voltage: 0.1498 | total: 0.6119
[New] Epoch 426/1000 | classify: 0.5081 | voltage: 0.1378 | total: 0.5150
[New] Epoch 427/1000 | classify: 0.6039 | voltage: 0.1514 | total: 0.6115
[New] Epoch 428/1000 | classify: 0.6433 | voltage: 0.1687 | total: 0.6517
[New] Epoch 429/1000 | classify: 0.6213 | voltage: 0.1627 | total: 0.6294
[New] Epoch 430/1000 | classify: 0.5634 | voltage: 0.1687 | total: 0.5718
--- 验证集 [epoch 430] ---
  准确率 (Accuracy):  0.8276
  精确率 (Precision): 0.7871
  召回率 (Recall):    0.7245
  F1 分数 (F1):       0.7470
[New] Epoch 431/1000 | classify: 0.5515 | voltage: 0.1348 | total: 0.5582
[New] Epoch 432/1000 | classify: 0.8752 | voltage: 0.1353 | total: 0.8820
[New] Epoch 433/1000 | classify: 0.6784 | voltage: 0.1841 | total: 0.6876
[New] Epoch 434/1000 | classify: 0.4679 | voltage: 0.1566 | total: 0.4757
[New] Epoch 435/1000 | classify: 0.7237 | voltage: 0.1650 | total: 0.7319
[New] Epoch 436/1000 | classify: 0.6435 | voltage: 0.1833 | total: 0.6526
[New] Epoch 437/1000 | classify: 0.5053 | voltage: 0.1372 | total: 0.5122
[New] Epoch 438/1000 | classify: 0.5498 | voltage: 0.1533 | total: 0.5574
[New] Epoch 439/1000 | classify: 0.6643 | voltage: 0.1745 | total: 0.6731
[New] Epoch 440/1000 | classify: 0.6117 | voltage: 0.1784 | total: 0.6207
--- 验证集 [epoch 440] ---
  准确率 (Accuracy):  0.8345
  精确率 (Precision): 0.7956
  召回率 (Recall):    0.7424
  F1 分数 (F1):       0.7615
[New] Epoch 441/1000 | classify: 0.5569 | voltage: 0.2016 | total: 0.5669
[New] Epoch 442/1000 | classify: 0.5553 | voltage: 0.1651 | total: 0.5635
[New] Epoch 443/1000 | classify: 0.5359 | voltage: 0.1811 | total: 0.5449
[New] Epoch 444/1000 | classify: 0.7225 | voltage: 0.1763 | total: 0.7313
[New] Epoch 445/1000 | classify: 0.6026 | voltage: 0.1749 | total: 0.6113
[New] Epoch 446/1000 | classify: 0.6326 | voltage: 0.1845 | total: 0.6418
[New] Epoch 447/1000 | classify: 0.5520 | voltage: 0.1861 | total: 0.5613
[New] Epoch 448/1000 | classify: 0.6153 | voltage: 0.1966 | total: 0.6251
[New] Epoch 449/1000 | classify: 0.5729 | voltage: 0.2108 | total: 0.5834
[New] Epoch 450/1000 | classify: 0.5676 | voltage: 0.1896 | total: 0.5771
--- 验证集 [epoch 450] ---
  准确率 (Accuracy):  0.8483
  精确率 (Precision): 0.8184
  召回率 (Recall):    0.7662
  F1 分数 (F1):       0.7821
✅ 模型已保存到 /home/kudouzala/Application/ion_detect/output/trained_model_save/exp_new_d_num_tp4/trained_model_epoch_best.pth
  🏆 新最佳 F1=0.7821，已保存 best 模型
✅ 模型已保存到 /home/kudouzala/Application/ion_detect/output/trained_model_save/exp_new_d_num_tp4/trained_model_epoch_450.pth
📁 损失值已保存到 /home/kudouzala/Application/ion_detect/output/trained_model_save/exp_new_d_num_tp4/training_loss_epoch_450.csv
[New] Epoch 451/1000 | classify: 0.5702 | voltage: 0.1887 | total: 0.5796
[New] Epoch 452/1000 | classify: 0.5643 | voltage: 0.1989 | total: 0.5743
[New] Epoch 453/1000 | classify: 0.6242 | voltage: 0.1865 | total: 0.6336
[New] Epoch 454/1000 | classify: 0.4825 | voltage: 0.1676 | total: 0.4908
[New] Epoch 455/1000 | classify: 0.4985 | voltage: 0.1487 | total: 0.5059
[New] Epoch 456/1000 | classify: 0.5532 | voltage: 0.1773 | total: 0.5620
[New] Epoch 457/1000 | classify: 0.5793 | voltage: 0.1713 | total: 0.5878
[New] Epoch 458/1000 | classify: 0.5759 | voltage: 0.1839 | total: 0.5851
[New] Epoch 459/1000 | classify: 0.4654 | voltage: 0.1856 | total: 0.4746
[New] Epoch 460/1000 | classify: 0.4611 | voltage: 0.1783 | total: 0.4700
--- 验证集 [epoch 460] ---
  准确率 (Accuracy):  0.8207
  精确率 (Precision): 0.7743
  召回率 (Recall):    0.7186
  F1 分数 (F1):       0.7414
[New] Epoch 461/1000 | classify: 0.5367 | voltage: 0.1644 | total: 0.5450
[New] Epoch 462/1000 | classify: 0.5419 | voltage: 0.1874 | total: 0.5512
[New] Epoch 463/1000 | classify: 0.5298 | voltage: 0.1756 | total: 0.5386
[New] Epoch 464/1000 | classify: 0.6035 | voltage: 0.1910 | total: 0.6131
[New] Epoch 465/1000 | classify: 0.6114 | voltage: 0.1639 | total: 0.6196
[New] Epoch 466/1000 | classify: 0.6034 | voltage: 0.1864 | total: 0.6127
[New] Epoch 467/1000 | classify: 0.5402 | voltage: 0.1800 | total: 0.5492
[New] Epoch 468/1000 | classify: 0.5321 | voltage: 0.1743 | total: 0.5408
[New] Epoch 469/1000 | classify: 0.4768 | voltage: 0.1736 | total: 0.4854
[New] Epoch 470/1000 | classify: 0.5925 | voltage: 0.1577 | total: 0.6004
--- 验证集 [epoch 470] ---
  准确率 (Accuracy):  0.8276
  精确率 (Precision): 0.7686
  召回率 (Recall):    0.7234
  F1 分数 (F1):       0.7366
[New] Epoch 471/1000 | classify: 0.5092 | voltage: 0.1583 | total: 0.5171
[New] Epoch 472/1000 | classify: 0.5451 | voltage: 0.1847 | total: 0.5544
[New] Epoch 473/1000 | classify: 0.6024 | voltage: 0.1779 | total: 0.6113
[New] Epoch 474/1000 | classify: 0.5561 | voltage: 0.1718 | total: 0.5647
[New] Epoch 475/1000 | classify: 0.4668 | voltage: 0.1850 | total: 0.4761
[New] Epoch 476/1000 | classify: 0.6491 | voltage: 0.1963 | total: 0.6589
[New] Epoch 477/1000 | classify: 0.5844 | voltage: 0.1916 | total: 0.5940
[New] Epoch 478/1000 | classify: 0.4935 | voltage: 0.1813 | total: 0.5026
[New] Epoch 479/1000 | classify: 0.6524 | voltage: 0.2045 | total: 0.6627
[New] Epoch 480/1000 | classify: 0.7219 | voltage: 0.2245 | total: 0.7332
--- 验证集 [epoch 480] ---
  准确率 (Accuracy):  0.7862
  精确率 (Precision): 0.7096
  召回率 (Recall):    0.7202
  F1 分数 (F1):       0.6928
[New] Epoch 481/1000 | classify: 0.5766 | voltage: 0.2289 | total: 0.5881
[New] Epoch 482/1000 | classify: 0.4749 | voltage: 0.2162 | total: 0.4857
[New] Epoch 483/1000 | classify: 0.5833 | voltage: 0.2105 | total: 0.5938
[New] Epoch 484/1000 | classify: 0.3939 | voltage: 0.2062 | total: 0.4043
[New] Epoch 485/1000 | classify: 0.5313 | voltage: 0.2327 | total: 0.5430
[New] Epoch 486/1000 | classify: 0.6110 | voltage: 0.2026 | total: 0.6212
[New] Epoch 487/1000 | classify: 0.5991 | voltage: 0.2323 | total: 0.6107
[New] Epoch 488/1000 | classify: 0.5107 | voltage: 0.2343 | total: 0.5224
[New] Epoch 489/1000 | classify: 0.5385 | voltage: 0.2386 | total: 0.5505
[New] Epoch 490/1000 | classify: 0.6285 | voltage: 0.2340 | total: 0.6402
--- 验证集 [epoch 490] ---
  准确率 (Accuracy):  0.8414
  精确率 (Precision): 0.7950
  召回率 (Recall):    0.7564
  F1 分数 (F1):       0.7702
[New] Epoch 491/1000 | classify: 0.5648 | voltage: 0.2062 | total: 0.5751
[New] Epoch 492/1000 | classify: 0.5852 | voltage: 0.2188 | total: 0.5962
[New] Epoch 493/1000 | classify: 0.4888 | voltage: 0.2345 | total: 0.5005
[New] Epoch 494/1000 | classify: 0.5648 | voltage: 0.2137 | total: 0.5755
[New] Epoch 495/1000 | classify: 0.5364 | voltage: 0.2090 | total: 0.5468
[New] Epoch 496/1000 | classify: 0.5705 | voltage: 0.2171 | total: 0.5814
[New] Epoch 497/1000 | classify: 0.6548 | voltage: 0.2257 | total: 0.6661
[New] Epoch 498/1000 | classify: 0.5224 | voltage: 0.2361 | total: 0.5342
[New] Epoch 499/1000 | classify: 0.4914 | voltage: 0.2186 | total: 0.5023
[New] Epoch 500/1000 | classify: 0.5256 | voltage: 0.2289 | total: 0.5370
--- 验证集 [epoch 500] ---
  准确率 (Accuracy):  0.8276
  精确率 (Precision): 0.7714
  召回率 (Recall):    0.7175
  F1 分数 (F1):       0.7334
✅ 模型已保存到 /home/kudouzala/Application/ion_detect/output/trained_model_save/exp_new_d_num_tp4/trained_model_epoch_500.pth
📁 损失值已保存到 /home/kudouzala/Application/ion_detect/output/trained_model_save/exp_new_d_num_tp4/training_loss_epoch_500.csv
[New] Epoch 501/1000 | classify: 0.5507 | voltage: 0.2381 | total: 0.5626
[New] Epoch 502/1000 | classify: 0.5345 | voltage: 0.2591 | total: 0.5474
[New] Epoch 503/1000 | classify: 0.5698 | voltage: 0.2515 | total: 0.5824
[New] Epoch 504/1000 | classify: 0.5451 | voltage: 0.2538 | total: 0.5578
[New] Epoch 505/1000 | classify: 0.6294 | voltage: 0.2517 | total: 0.6420
[New] Epoch 506/1000 | classify: 0.5370 | voltage: 0.2531 | total: 0.5496
[New] Epoch 507/1000 | classify: 0.5236 | voltage: 0.2339 | total: 0.5353
[New] Epoch 508/1000 | classify: 0.6381 | voltage: 0.2324 | total: 0.6497
[New] Epoch 509/1000 | classify: 0.5278 | voltage: 0.2428 | total: 0.5399
[New] Epoch 510/1000 | classify: 0.6503 | voltage: 0.2217 | total: 0.6613
--- 验证集 [epoch 510] ---
  准确率 (Accuracy):  0.8276
  精确率 (Precision): 0.7871
  召回率 (Recall):    0.7565
  F1 分数 (F1):       0.7583
[New] Epoch 511/1000 | classify: 0.6442 | voltage: 0.2250 | total: 0.6555
[New] Epoch 512/1000 | classify: 0.6625 | voltage: 0.2614 | total: 0.6756
[New] Epoch 513/1000 | classify: 0.5410 | voltage: 0.2529 | total: 0.5536
[New] Epoch 514/1000 | classify: 0.5597 | voltage: 0.2656 | total: 0.5730
[New] Epoch 515/1000 | classify: 0.5369 | voltage: 0.2934 | total: 0.5516
[New] Epoch 516/1000 | classify: 0.6226 | voltage: 0.2713 | total: 0.6361
[New] Epoch 517/1000 | classify: 0.5926 | voltage: 0.2691 | total: 0.6061
[New] Epoch 518/1000 | classify: 0.6200 | voltage: 0.2697 | total: 0.6334
[New] Epoch 519/1000 | classify: 0.6199 | voltage: 0.2650 | total: 0.6331
[New] Epoch 520/1000 | classify: 0.6247 | voltage: 0.2628 | total: 0.6378
--- 验证集 [epoch 520] ---
  准确率 (Accuracy):  0.8276
  精确率 (Precision): 0.7604
  召回率 (Recall):    0.7245
  F1 分数 (F1):       0.7387
[New] Epoch 521/1000 | classify: 0.4787 | voltage: 0.2862 | total: 0.4931
[New] Epoch 522/1000 | classify: 0.4845 | voltage: 0.2897 | total: 0.4990
[New] Epoch 523/1000 | classify: 0.5532 | voltage: 0.3036 | total: 0.5684
[New] Epoch 524/1000 | classify: 0.5736 | voltage: 0.3115 | total: 0.5891
[New] Epoch 525/1000 | classify: 0.4746 | voltage: 0.3048 | total: 0.4899
[New] Epoch 526/1000 | classify: 0.6179 | voltage: 0.2976 | total: 0.6328
[New] Epoch 527/1000 | classify: 0.5701 | voltage: 0.2989 | total: 0.5850
[New] Epoch 528/1000 | classify: 0.5540 | voltage: 0.3227 | total: 0.5702
[New] Epoch 529/1000 | classify: 0.4786 | voltage: 0.3109 | total: 0.4941
[New] Epoch 530/1000 | classify: 0.4979 | voltage: 0.3256 | total: 0.5141
--- 验证集 [epoch 530] ---
  准确率 (Accuracy):  0.8069
  精确率 (Precision): 0.7460
  召回率 (Recall):    0.6907
  F1 分数 (F1):       0.7015
[New] Epoch 531/1000 | classify: 0.5044 | voltage: 0.3314 | total: 0.5209
[New] Epoch 532/1000 | classify: 0.5141 | voltage: 0.3373 | total: 0.5309
[New] Epoch 533/1000 | classify: 0.5235 | voltage: 0.3355 | total: 0.5403
[New] Epoch 534/1000 | classify: 0.5481 | voltage: 0.3186 | total: 0.5640
[New] Epoch 535/1000 | classify: 0.5699 | voltage: 0.3350 | total: 0.5867
[New] Epoch 536/1000 | classify: 0.5457 | voltage: 0.3271 | total: 0.5621
[New] Epoch 537/1000 | classify: 0.6123 | voltage: 0.3364 | total: 0.6292
[New] Epoch 538/1000 | classify: 0.5337 | voltage: 0.3450 | total: 0.5510
[New] Epoch 539/1000 | classify: 0.6290 | voltage: 0.3464 | total: 0.6463
[New] Epoch 540/1000 | classify: 0.5678 | voltage: 0.3525 | total: 0.5855
--- 验证集 [epoch 540] ---
  准确率 (Accuracy):  0.8207
  精确率 (Precision): 0.8109
  召回率 (Recall):    0.7296
  F1 分数 (F1):       0.7557
[New] Epoch 541/1000 | classify: 0.6058 | voltage: 0.3758 | total: 0.6246
[New] Epoch 542/1000 | classify: 0.5891 | voltage: 0.3757 | total: 0.6079
[New] Epoch 543/1000 | classify: 0.6614 | voltage: 0.3802 | total: 0.6804
[New] Epoch 544/1000 | classify: 0.6852 | voltage: 0.3713 | total: 0.7038
[New] Epoch 545/1000 | classify: 0.5891 | voltage: 0.3704 | total: 0.6077
[New] Epoch 546/1000 | classify: 0.5315 | voltage: 0.3679 | total: 0.5499
[New] Epoch 547/1000 | classify: 0.4918 | voltage: 0.3496 | total: 0.5093
[New] Epoch 548/1000 | classify: 0.6288 | voltage: 0.4036 | total: 0.6490
[New] Epoch 549/1000 | classify: 0.5929 | voltage: 0.3935 | total: 0.6125
[New] Epoch 550/1000 | classify: 0.7036 | voltage: 0.3952 | total: 0.7234
--- 验证集 [epoch 550] ---
  准确率 (Accuracy):  0.7724
  精确率 (Precision): 0.7659
  召回率 (Recall):    0.6422
  F1 分数 (F1):       0.6810
✅ 模型已保存到 /home/kudouzala/Application/ion_detect/output/trained_model_save/exp_new_d_num_tp4/trained_model_epoch_550.pth
📁 损失值已保存到 /home/kudouzala/Application/ion_detect/output/trained_model_save/exp_new_d_num_tp4/training_loss_epoch_550.csv
[New] Epoch 551/1000 | classify: 0.5550 | voltage: 0.3947 | total: 0.5747
[New] Epoch 552/1000 | classify: 0.5734 | voltage: 0.4049 | total: 0.5937
[New] Epoch 553/1000 | classify: 0.5420 | voltage: 0.3967 | total: 0.5619
[New] Epoch 554/1000 | classify: 0.5189 | voltage: 0.3849 | total: 0.5382
[New] Epoch 555/1000 | classify: 0.5687 | voltage: 0.4085 | total: 0.5892
[New] Epoch 556/1000 | classify: 0.6239 | voltage: 0.3825 | total: 0.6430
[New] Epoch 557/1000 | classify: 0.6004 | voltage: 0.4015 | total: 0.6205
[New] Epoch 558/1000 | classify: 0.5770 | voltage: 0.4003 | total: 0.5970
[New] Epoch 559/1000 | classify: 0.5731 | voltage: 0.4225 | total: 0.5943
[New] Epoch 560/1000 | classify: 0.6771 | voltage: 0.4170 | total: 0.6980
--- 验证集 [epoch 560] ---
  准确率 (Accuracy):  0.7724
  精确率 (Precision): 0.7678
  召回率 (Recall):    0.6541
  F1 分数 (F1):       0.6896
[New] Epoch 561/1000 | classify: 0.6249 | voltage: 0.4031 | total: 0.6450
[New] Epoch 562/1000 | classify: 0.4773 | voltage: 0.4093 | total: 0.4977
[New] Epoch 563/1000 | classify: 0.5566 | voltage: 0.4082 | total: 0.5770
[New] Epoch 564/1000 | classify: 0.5730 | voltage: 0.4030 | total: 0.5931
[New] Epoch 565/1000 | classify: 0.5788 | voltage: 0.4156 | total: 0.5996
[New] Epoch 566/1000 | classify: 0.5233 | voltage: 0.3976 | total: 0.5432
[New] Epoch 567/1000 | classify: 0.5833 | voltage: 0.4097 | total: 0.6038
[New] Epoch 568/1000 | classify: 0.5713 | voltage: 0.4191 | total: 0.5923
[New] Epoch 569/1000 | classify: 0.5539 | voltage: 0.4140 | total: 0.5746
[New] Epoch 570/1000 | classify: 0.5624 | voltage: 0.4235 | total: 0.5836
--- 验证集 [epoch 570] ---
  准确率 (Accuracy):  0.8138
  精确率 (Precision): 0.7308
  召回率 (Recall):    0.7498
  F1 分数 (F1):       0.7220
[New] Epoch 571/1000 | classify: 0.5365 | voltage: 0.4152 | total: 0.5573
[New] Epoch 572/1000 | classify: 0.5651 | voltage: 0.3922 | total: 0.5847
[New] Epoch 573/1000 | classify: 0.5352 | voltage: 0.4016 | total: 0.5553
[New] Epoch 574/1000 | classify: 0.6526 | voltage: 0.4011 | total: 0.6727
[New] Epoch 575/1000 | classify: 0.6639 | voltage: 0.4181 | total: 0.6848
[New] Epoch 576/1000 | classify: 0.5277 | voltage: 0.4095 | total: 0.5482
[New] Epoch 577/1000 | classify: 0.4831 | voltage: 0.4074 | total: 0.5035
[New] Epoch 578/1000 | classify: 0.6591 | voltage: 0.4091 | total: 0.6795
[New] Epoch 579/1000 | classify: 0.5410 | voltage: 0.4120 | total: 0.5616
[New] Epoch 580/1000 | classify: 0.6037 | voltage: 0.4197 | total: 0.6247
--- 验证集 [epoch 580] ---
  准确率 (Accuracy):  0.8000
  精确率 (Precision): 0.7897
  召回率 (Recall):    0.6783
  F1 分数 (F1):       0.7154
[New] Epoch 581/1000 | classify: 0.7388 | voltage: 0.4066 | total: 0.7592
[New] Epoch 582/1000 | classify: 0.6237 | voltage: 0.3962 | total: 0.6435
[New] Epoch 583/1000 | classify: 0.6285 | voltage: 0.4308 | total: 0.6500
[New] Epoch 584/1000 | classify: 0.6098 | voltage: 0.4163 | total: 0.6306
[New] Epoch 585/1000 | classify: 0.5333 | voltage: 0.4231 | total: 0.5544
[New] Epoch 586/1000 | classify: 0.5159 | voltage: 0.4133 | total: 0.5366
[New] Epoch 587/1000 | classify: 0.6884 | voltage: 0.4115 | total: 0.7090
[New] Epoch 588/1000 | classify: 0.5677 | voltage: 0.4142 | total: 0.5884
[New] Epoch 589/1000 | classify: 0.5868 | voltage: 0.4118 | total: 0.6074
[New] Epoch 590/1000 | classify: 0.5122 | voltage: 0.4083 | total: 0.5326
--- 验证集 [epoch 590] ---
  准确率 (Accuracy):  0.7793
  精确率 (Precision): 0.7408
  召回率 (Recall):    0.6320
  F1 分数 (F1):       0.6642
[New] Epoch 591/1000 | classify: 0.5576 | voltage: 0.4164 | total: 0.5784
[New] Epoch 592/1000 | classify: 0.5547 | voltage: 0.4030 | total: 0.5749
[New] Epoch 593/1000 | classify: 0.6458 | voltage: 0.3973 | total: 0.6657
[New] Epoch 594/1000 | classify: 0.5147 | voltage: 0.3864 | total: 0.5340
[New] Epoch 595/1000 | classify: 0.6106 | voltage: 0.4028 | total: 0.6307
[New] Epoch 596/1000 | classify: 0.5800 | voltage: 0.4081 | total: 0.6004
[New] Epoch 597/1000 | classify: 0.5946 | voltage: 0.3888 | total: 0.6140
[New] Epoch 598/1000 | classify: 0.6589 | voltage: 0.4047 | total: 0.6792
[New] Epoch 599/1000 | classify: 0.5165 | voltage: 0.3947 | total: 0.5362
[New] Epoch 600/1000 | classify: 0.5911 | voltage: 0.4161 | total: 0.6119
--- 验证集 [epoch 600] ---
  准确率 (Accuracy):  0.7862
  精确率 (Precision): 0.7436
  召回率 (Recall):    0.6541
  F1 分数 (F1):       0.6788
✅ 模型已保存到 /home/kudouzala/Application/ion_detect/output/trained_model_save/exp_new_d_num_tp4/trained_model_epoch_600.pth
📁 损失值已保存到 /home/kudouzala/Application/ion_detect/output/trained_model_save/exp_new_d_num_tp4/training_loss_epoch_600.csv
[New] Epoch 601/1000 | classify: 0.4385 | voltage: 0.3899 | total: 0.4580
[New] Epoch 602/1000 | classify: 0.5326 | voltage: 0.4174 | total: 0.5535
[New] Epoch 603/1000 | classify: 0.4937 | voltage: 0.4035 | total: 0.5139
[New] Epoch 604/1000 | classify: 0.4754 | voltage: 0.4094 | total: 0.4959
[New] Epoch 605/1000 | classify: 0.6886 | voltage: 0.3990 | total: 0.7085
[New] Epoch 606/1000 | classify: 0.5862 | voltage: 0.3974 | total: 0.6060
[New] Epoch 607/1000 | classify: 0.5237 | voltage: 0.3975 | total: 0.5436
[New] Epoch 608/1000 | classify: 0.5637 | voltage: 0.4002 | total: 0.5837
[New] Epoch 609/1000 | classify: 0.6289 | voltage: 0.4031 | total: 0.6491
[New] Epoch 610/1000 | classify: 0.5112 | voltage: 0.3835 | total: 0.5303
--- 验证集 [epoch 610] ---
  准确率 (Accuracy):  0.8552
  精确率 (Precision): 0.8324
  召回率 (Recall):    0.7913
  F1 分数 (F1):       0.8053
✅ 模型已保存到 /home/kudouzala/Application/ion_detect/output/trained_model_save/exp_new_d_num_tp4/trained_model_epoch_best.pth
  🏆 新最佳 F1=0.8053，已保存 best 模型
[New] Epoch 611/1000 | classify: 0.6288 | voltage: 0.4103 | total: 0.6493
[New] Epoch 612/1000 | classify: 0.5668 | voltage: 0.3980 | total: 0.5867
[New] Epoch 613/1000 | classify: 0.6743 | voltage: 0.3993 | total: 0.6942
[New] Epoch 614/1000 | classify: 0.6045 | voltage: 0.3950 | total: 0.6243
[New] Epoch 615/1000 | classify: 0.6709 | voltage: 0.4101 | total: 0.6914
[New] Epoch 616/1000 | classify: 0.5574 | voltage: 0.4062 | total: 0.5777
[New] Epoch 617/1000 | classify: 0.6385 | voltage: 0.3983 | total: 0.6584
[New] Epoch 618/1000 | classify: 0.5485 | voltage: 0.3946 | total: 0.5683
[New] Epoch 619/1000 | classify: 0.6300 | voltage: 0.4235 | total: 0.6511
[New] Epoch 620/1000 | classify: 0.5612 | voltage: 0.4191 | total: 0.5821
--- 验证集 [epoch 620] ---
  准确率 (Accuracy):  0.8414
  精确率 (Precision): 0.8135
  召回率 (Recall):    0.7653
  F1 分数 (F1):       0.7798
[New] Epoch 621/1000 | classify: 0.6318 | voltage: 0.4161 | total: 0.6526
[New] Epoch 622/1000 | classify: 0.5596 | voltage: 0.3987 | total: 0.5795
[New] Epoch 623/1000 | classify: 0.6435 | voltage: 0.3897 | total: 0.6630
[New] Epoch 624/1000 | classify: 0.4811 | voltage: 0.3824 | total: 0.5002
[New] Epoch 625/1000 | classify: 0.6005 | voltage: 0.4079 | total: 0.6209
[New] Epoch 626/1000 | classify: 0.5569 | voltage: 0.4003 | total: 0.5769
[New] Epoch 627/1000 | classify: 0.6006 | voltage: 0.3898 | total: 0.6201
[New] Epoch 628/1000 | classify: 0.6238 | voltage: 0.3841 | total: 0.6430
[New] Epoch 629/1000 | classify: 0.4485 | voltage: 0.3972 | total: 0.4683
[New] Epoch 630/1000 | classify: 0.5115 | voltage: 0.4024 | total: 0.5316
--- 验证集 [epoch 630] ---
  准确率 (Accuracy):  0.7586
  精确率 (Precision): 0.7211
  召回率 (Recall):    0.6065
  F1 分数 (F1):       0.6407
[New] Epoch 631/1000 | classify: 0.6515 | voltage: 0.4028 | total: 0.6716
[New] Epoch 632/1000 | classify: 0.5297 | voltage: 0.3801 | total: 0.5487
[New] Epoch 633/1000 | classify: 0.5050 | voltage: 0.3974 | total: 0.5249
[New] Epoch 634/1000 | classify: 0.5537 | voltage: 0.4105 | total: 0.5742
[New] Epoch 635/1000 | classify: 0.6146 | voltage: 0.4081 | total: 0.6350
[New] Epoch 636/1000 | classify: 0.6573 | voltage: 0.4018 | total: 0.6774
[New] Epoch 637/1000 | classify: 0.6196 | voltage: 0.4207 | total: 0.6406
[New] Epoch 638/1000 | classify: 0.6136 | voltage: 0.3953 | total: 0.6334
[New] Epoch 639/1000 | classify: 0.5892 | voltage: 0.3855 | total: 0.6084
[New] Epoch 640/1000 | classify: 0.5502 | voltage: 0.4151 | total: 0.5710
--- 验证集 [epoch 640] ---
  准确率 (Accuracy):  0.7931
  精确率 (Precision): 0.7386
  召回率 (Recall):    0.6960
  F1 分数 (F1):       0.6868
[New] Epoch 641/1000 | classify: 0.5985 | voltage: 0.4108 | total: 0.6190
[New] Epoch 642/1000 | classify: 0.5867 | voltage: 0.4022 | total: 0.6068
[New] Epoch 643/1000 | classify: 0.6596 | voltage: 0.3999 | total: 0.6796
[New] Epoch 644/1000 | classify: 0.5182 | voltage: 0.4154 | total: 0.5390
[New] Epoch 645/1000 | classify: 0.6051 | voltage: 0.4076 | total: 0.6254
[New] Epoch 646/1000 | classify: 0.6360 | voltage: 0.4034 | total: 0.6561
[New] Epoch 647/1000 | classify: 0.4938 | voltage: 0.3957 | total: 0.5136
[New] Epoch 648/1000 | classify: 0.4928 | voltage: 0.4119 | total: 0.5134
[New] Epoch 649/1000 | classify: 0.5040 | voltage: 0.3962 | total: 0.5238
[New] Epoch 650/1000 | classify: 0.5934 | voltage: 0.4110 | total: 0.6140
--- 验证集 [epoch 650] ---
  准确率 (Accuracy):  0.8207
  精确率 (Precision): 0.7862
  召回率 (Recall):    0.7326
  F1 分数 (F1):       0.7426
✅ 模型已保存到 /home/kudouzala/Application/ion_detect/output/trained_model_save/exp_new_d_num_tp4/trained_model_epoch_650.pth
📁 损失值已保存到 /home/kudouzala/Application/ion_detect/output/trained_model_save/exp_new_d_num_tp4/training_loss_epoch_650.csv
[New] Epoch 651/1000 | classify: 0.5925 | voltage: 0.3938 | total: 0.6122
[New] Epoch 652/1000 | classify: 0.6066 | voltage: 0.3982 | total: 0.6265
[New] Epoch 653/1000 | classify: 0.5974 | voltage: 0.3991 | total: 0.6174
[New] Epoch 654/1000 | classify: 0.5382 | voltage: 0.3963 | total: 0.5580
[New] Epoch 655/1000 | classify: 0.6168 | voltage: 0.4180 | total: 0.6377
[New] Epoch 656/1000 | classify: 0.5570 | voltage: 0.4198 | total: 0.5780
[New] Epoch 657/1000 | classify: 0.5806 | voltage: 0.4051 | total: 0.6009
[New] Epoch 658/1000 | classify: 0.7220 | voltage: 0.3968 | total: 0.7418
[New] Epoch 659/1000 | classify: 0.6307 | voltage: 0.4151 | total: 0.6514
[New] Epoch 660/1000 | classify: 0.5739 | voltage: 0.3905 | total: 0.5934
--- 验证集 [epoch 660] ---
  准确率 (Accuracy):  0.8276
  精确率 (Precision): 0.7999
  召回率 (Recall):    0.7517
  F1 分数 (F1):       0.7622
[New] Epoch 661/1000 | classify: 0.5848 | voltage: 0.4106 | total: 0.6054
[New] Epoch 662/1000 | classify: 0.6122 | voltage: 0.3987 | total: 0.6321
[New] Epoch 663/1000 | classify: 0.5905 | voltage: 0.4118 | total: 0.6111
[New] Epoch 664/1000 | classify: 0.5574 | voltage: 0.4092 | total: 0.5779
[New] Epoch 665/1000 | classify: 0.6403 | voltage: 0.4016 | total: 0.6604
[New] Epoch 666/1000 | classify: 0.5238 | voltage: 0.4048 | total: 0.5440
[New] Epoch 667/1000 | classify: 0.6384 | voltage: 0.4105 | total: 0.6589
[New] Epoch 668/1000 | classify: 0.4663 | voltage: 0.4068 | total: 0.4867
[New] Epoch 669/1000 | classify: 0.4942 | voltage: 0.4113 | total: 0.5148
[New] Epoch 670/1000 | classify: 0.5961 | voltage: 0.4120 | total: 0.6167
--- 验证集 [epoch 670] ---
  准确率 (Accuracy):  0.7931
  精确率 (Precision): 0.7619
  召回率 (Recall):    0.6822
  F1 分数 (F1):       0.7077
[New] Epoch 671/1000 | classify: 0.6381 | voltage: 0.4035 | total: 0.6583
[New] Epoch 672/1000 | classify: 0.7658 | voltage: 0.4147 | total: 0.7866
[New] Epoch 673/1000 | classify: 0.5507 | voltage: 0.4107 | total: 0.5713
[New] Epoch 674/1000 | classify: 0.5373 | voltage: 0.4309 | total: 0.5588
[New] Epoch 675/1000 | classify: 0.4817 | voltage: 0.4314 | total: 0.5033
[New] Epoch 676/1000 | classify: 0.5013 | voltage: 0.4217 | total: 0.5224
[New] Epoch 677/1000 | classify: 0.5279 | voltage: 0.4294 | total: 0.5494
[New] Epoch 678/1000 | classify: 0.6540 | voltage: 0.4006 | total: 0.6740
[New] Epoch 679/1000 | classify: 0.6157 | voltage: 0.4224 | total: 0.6369
[New] Epoch 680/1000 | classify: 0.5958 | voltage: 0.4196 | total: 0.6168
--- 验证集 [epoch 680] ---
  准确率 (Accuracy):  0.8345
  精确率 (Precision): 0.7985
  召回率 (Recall):    0.7645
  F1 分数 (F1):       0.7718
[New] Epoch 681/1000 | classify: 0.5717 | voltage: 0.4264 | total: 0.5930
[New] Epoch 682/1000 | classify: 0.5395 | voltage: 0.4282 | total: 0.5609
[New] Epoch 683/1000 | classify: 0.6407 | voltage: 0.4103 | total: 0.6612
[New] Epoch 684/1000 | classify: 0.5078 | voltage: 0.4111 | total: 0.5284
[New] Epoch 685/1000 | classify: 0.5368 | voltage: 0.4224 | total: 0.5580
[New] Epoch 686/1000 | classify: 0.5261 | voltage: 0.4301 | total: 0.5477
[New] Epoch 687/1000 | classify: 0.6011 | voltage: 0.4118 | total: 0.6217
[New] Epoch 688/1000 | classify: 0.4955 | voltage: 0.4188 | total: 0.5164
[New] Epoch 689/1000 | classify: 0.5634 | voltage: 0.4200 | total: 0.5844
[New] Epoch 690/1000 | classify: 0.6817 | voltage: 0.4383 | total: 0.7036
--- 验证集 [epoch 690] ---
  准确率 (Accuracy):  0.8069
  精确率 (Precision): 0.7414
  召回率 (Recall):    0.7088
  F1 分数 (F1):       0.7094
[New] Epoch 691/1000 | classify: 0.6086 | voltage: 0.4540 | total: 0.6313
[New] Epoch 692/1000 | classify: 0.5133 | voltage: 0.4255 | total: 0.5346
[New] Epoch 693/1000 | classify: 0.5401 | voltage: 0.4228 | total: 0.5613
[New] Epoch 694/1000 | classify: 0.5197 | voltage: 0.4255 | total: 0.5409
[New] Epoch 695/1000 | classify: 0.5633 | voltage: 0.4318 | total: 0.5849
[New] Epoch 696/1000 | classify: 0.6330 | voltage: 0.4229 | total: 0.6541
[New] Epoch 697/1000 | classify: 0.4841 | voltage: 0.4241 | total: 0.5053
[New] Epoch 698/1000 | classify: 0.5694 | voltage: 0.4264 | total: 0.5908
[New] Epoch 699/1000 | classify: 0.5356 | voltage: 0.4411 | total: 0.5577
[New] Epoch 700/1000 | classify: 0.6132 | voltage: 0.4287 | total: 0.6346
--- 验证集 [epoch 700] ---
  准确率 (Accuracy):  0.8207
  精确率 (Precision): 0.7560
  召回率 (Recall):    0.7407
  F1 分数 (F1):       0.7353
✅ 模型已保存到 /home/kudouzala/Application/ion_detect/output/trained_model_save/exp_new_d_num_tp4/trained_model_epoch_700.pth
📁 损失值已保存到 /home/kudouzala/Application/ion_detect/output/trained_model_save/exp_new_d_num_tp4/training_loss_epoch_700.csv
[New] Epoch 701/1000 | classify: 0.5010 | voltage: 0.4304 | total: 0.5225
[New] Epoch 702/1000 | classify: 0.7319 | voltage: 0.4303 | total: 0.7534
[New] Epoch 703/1000 | classify: 0.6315 | voltage: 0.4299 | total: 0.6530
[New] Epoch 704/1000 | classify: 0.6649 | voltage: 0.4329 | total: 0.6866
[New] Epoch 705/1000 | classify: 0.5738 | voltage: 0.4333 | total: 0.5955
[New] Epoch 706/1000 | classify: 0.5079 | voltage: 0.4434 | total: 0.5300
[New] Epoch 707/1000 | classify: 0.5306 | voltage: 0.4547 | total: 0.5534
[New] Epoch 708/1000 | classify: 0.7000 | voltage: 0.4520 | total: 0.7226
[New] Epoch 709/1000 | classify: 0.5034 | voltage: 0.4686 | total: 0.5268
[New] Epoch 710/1000 | classify: 0.5697 | voltage: 0.4369 | total: 0.5916
--- 验证集 [epoch 710] ---
  准确率 (Accuracy):  0.8138
  精确率 (Precision): 0.7686
  召回率 (Recall):    0.7147
  F1 分数 (F1):       0.7267
[New] Epoch 711/1000 | classify: 0.6168 | voltage: 0.4431 | total: 0.6390
[New] Epoch 712/1000 | classify: 0.6300 | voltage: 0.4446 | total: 0.6523
[New] Epoch 713/1000 | classify: 0.6143 | voltage: 0.4262 | total: 0.6356
[New] Epoch 714/1000 | classify: 0.5556 | voltage: 0.4355 | total: 0.5773
[New] Epoch 715/1000 | classify: 0.5694 | voltage: 0.4304 | total: 0.5909
[New] Epoch 716/1000 | classify: 0.5622 | voltage: 0.4487 | total: 0.5847
[New] Epoch 717/1000 | classify: 0.5338 | voltage: 0.4511 | total: 0.5563
[New] Epoch 718/1000 | classify: 0.5285 | voltage: 0.4384 | total: 0.5504
[New] Epoch 719/1000 | classify: 0.5063 | voltage: 0.4310 | total: 0.5279
[New] Epoch 720/1000 | classify: 0.6164 | voltage: 0.4463 | total: 0.6388
--- 验证集 [epoch 720] ---
  准确率 (Accuracy):  0.8345
  精确率 (Precision): 0.7902
  召回率 (Recall):    0.7718
  F1 分数 (F1):       0.7698
[New] Epoch 721/1000 | classify: 0.6031 | voltage: 0.4607 | total: 0.6262
[New] Epoch 722/1000 | classify: 0.5783 | voltage: 0.4547 | total: 0.6010
[New] Epoch 723/1000 | classify: 0.5401 | voltage: 0.4619 | total: 0.5632
[New] Epoch 724/1000 | classify: 0.5759 | voltage: 0.4609 | total: 0.5989
[New] Epoch 725/1000 | classify: 0.6780 | voltage: 0.4595 | total: 0.7010
[New] Epoch 726/1000 | classify: 0.6532 | voltage: 0.4667 | total: 0.6765
[New] Epoch 727/1000 | classify: 0.5526 | voltage: 0.4490 | total: 0.5750
[New] Epoch 728/1000 | classify: 0.5565 | voltage: 0.4360 | total: 0.5783
[New] Epoch 729/1000 | classify: 0.5420 | voltage: 0.4575 | total: 0.5649
[New] Epoch 730/1000 | classify: 0.5522 | voltage: 0.4525 | total: 0.5748
--- 验证集 [epoch 730] ---
  准确率 (Accuracy):  0.8138
  精确率 (Precision): 0.7468
  召回率 (Recall):    0.7217
  F1 分数 (F1):       0.7280
[New] Epoch 731/1000 | classify: 0.5303 | voltage: 0.4541 | total: 0.5530
[New] Epoch 732/1000 | classify: 0.5696 | voltage: 0.4525 | total: 0.5922
[New] Epoch 733/1000 | classify: 0.6572 | voltage: 0.4659 | total: 0.6805
[New] Epoch 734/1000 | classify: 0.6169 | voltage: 0.4772 | total: 0.6408
[New] Epoch 735/1000 | classify: 0.6618 | voltage: 0.4463 | total: 0.6842
[New] Epoch 736/1000 | classify: 0.5183 | voltage: 0.4485 | total: 0.5407
[New] Epoch 737/1000 | classify: 0.5179 | voltage: 0.4444 | total: 0.5401
[New] Epoch 738/1000 | classify: 0.5152 | voltage: 0.4641 | total: 0.5384
[New] Epoch 739/1000 | classify: 0.5642 | voltage: 0.4870 | total: 0.5886
[New] Epoch 740/1000 | classify: 0.6897 | voltage: 0.4731 | total: 0.7134
--- 验证集 [epoch 740] ---
  准确率 (Accuracy):  0.7931
  精确率 (Precision): 0.7393
  召回率 (Recall):    0.6752
  F1 分数 (F1):       0.6984
[New] Epoch 741/1000 | classify: 0.5365 | voltage: 0.4447 | total: 0.5587
[New] Epoch 742/1000 | classify: 0.5480 | voltage: 0.4699 | total: 0.5715
[New] Epoch 743/1000 | classify: 0.6528 | voltage: 0.4565 | total: 0.6757
[New] Epoch 744/1000 | classify: 0.5404 | voltage: 0.4670 | total: 0.5637
[New] Epoch 745/1000 | classify: 0.5327 | voltage: 0.4668 | total: 0.5561
[New] Epoch 746/1000 | classify: 0.6231 | voltage: 0.4818 | total: 0.6472
[New] Epoch 747/1000 | classify: 0.6219 | voltage: 0.4589 | total: 0.6449
[New] Epoch 748/1000 | classify: 0.5973 | voltage: 0.4742 | total: 0.6210
[New] Epoch 749/1000 | classify: 0.6016 | voltage: 0.4814 | total: 0.6257
[New] Epoch 750/1000 | classify: 0.4909 | voltage: 0.4682 | total: 0.5143
--- 验证集 [epoch 750] ---
  准确率 (Accuracy):  0.8000
  精确率 (Precision): 0.7844
  召回率 (Recall):    0.7020
  F1 分数 (F1):       0.7211
✅ 模型已保存到 /home/kudouzala/Application/ion_detect/output/trained_model_save/exp_new_d_num_tp4/trained_model_epoch_750.pth
📁 损失值已保存到 /home/kudouzala/Application/ion_detect/output/trained_model_save/exp_new_d_num_tp4/training_loss_epoch_750.csv
[New] Epoch 751/1000 | classify: 0.5656 | voltage: 0.4794 | total: 0.5896
[New] Epoch 752/1000 | classify: 0.6248 | voltage: 0.4919 | total: 0.6494
[New] Epoch 753/1000 | classify: 0.6070 | voltage: 0.4732 | total: 0.6306
[New] Epoch 754/1000 | classify: 0.5406 | voltage: 0.4724 | total: 0.5643
[New] Epoch 755/1000 | classify: 0.5386 | voltage: 0.4754 | total: 0.5624
[New] Epoch 756/1000 | classify: 0.4770 | voltage: 0.4920 | total: 0.5016
[New] Epoch 757/1000 | classify: 0.6284 | voltage: 0.4853 | total: 0.6527
[New] Epoch 758/1000 | classify: 0.5403 | voltage: 0.5014 | total: 0.5653
[New] Epoch 759/1000 | classify: 0.5359 | voltage: 0.4964 | total: 0.5607
[New] Epoch 760/1000 | classify: 0.5070 | voltage: 0.5017 | total: 0.5321
--- 验证集 [epoch 760] ---
  准确率 (Accuracy):  0.8069
  精确率 (Precision): 0.7806
  召回率 (Recall):    0.7231
  F1 分数 (F1):       0.7254
[New] Epoch 761/1000 | classify: 0.5968 | voltage: 0.4704 | total: 0.6203
[New] Epoch 762/1000 | classify: 0.5807 | voltage: 0.4910 | total: 0.6053
[New] Epoch 763/1000 | classify: 0.5497 | voltage: 0.4841 | total: 0.5739
[New] Epoch 764/1000 | classify: 0.5776 | voltage: 0.4818 | total: 0.6017
[New] Epoch 765/1000 | classify: 0.5913 | voltage: 0.4685 | total: 0.6147
[New] Epoch 766/1000 | classify: 0.6034 | voltage: 0.4616 | total: 0.6265
[New] Epoch 767/1000 | classify: 0.5317 | voltage: 0.4899 | total: 0.5562
[New] Epoch 768/1000 | classify: 0.5942 | voltage: 0.4845 | total: 0.6184
[New] Epoch 769/1000 | classify: 0.5918 | voltage: 0.4766 | total: 0.6156
[New] Epoch 770/1000 | classify: 0.5854 | voltage: 0.4926 | total: 0.6101
--- 验证集 [epoch 770] ---
  准确率 (Accuracy):  0.8207
  精确率 (Precision): 0.7740
  召回率 (Recall):    0.7469
  F1 分数 (F1):       0.7440
[New] Epoch 771/1000 | classify: 0.6691 | voltage: 0.4937 | total: 0.6937
[New] Epoch 772/1000 | classify: 0.5987 | voltage: 0.4818 | total: 0.6227
[New] Epoch 773/1000 | classify: 0.5927 | voltage: 0.5025 | total: 0.6178
[New] Epoch 774/1000 | classify: 0.5629 | voltage: 0.4793 | total: 0.5868
[New] Epoch 775/1000 | classify: 0.5720 | voltage: 0.4865 | total: 0.5963
[New] Epoch 776/1000 | classify: 0.5481 | voltage: 0.4937 | total: 0.5728
[New] Epoch 777/1000 | classify: 0.5707 | voltage: 0.4761 | total: 0.5945
[New] Epoch 778/1000 | classify: 0.5051 | voltage: 0.4810 | total: 0.5291
[New] Epoch 779/1000 | classify: 0.5849 | voltage: 0.4949 | total: 0.6097
[New] Epoch 780/1000 | classify: 0.6478 | voltage: 0.5014 | total: 0.6728
--- 验证集 [epoch 780] ---
  准确率 (Accuracy):  0.8000
  精确率 (Precision): 0.7392
  召回率 (Recall):    0.6860
  F1 分数 (F1):       0.7058
[New] Epoch 781/1000 | classify: 0.6396 | voltage: 0.4914 | total: 0.6642
[New] Epoch 782/1000 | classify: 0.4919 | voltage: 0.4953 | total: 0.5167
[New] Epoch 783/1000 | classify: 0.6595 | voltage: 0.4927 | total: 0.6841
[New] Epoch 784/1000 | classify: 0.5855 | voltage: 0.4935 | total: 0.6101
[New] Epoch 785/1000 | classify: 0.4943 | voltage: 0.5067 | total: 0.5196
[New] Epoch 786/1000 | classify: 0.6948 | voltage: 0.4834 | total: 0.7190
[New] Epoch 787/1000 | classify: 0.5300 | voltage: 0.4838 | total: 0.5542
[New] Epoch 788/1000 | classify: 0.5925 | voltage: 0.4788 | total: 0.6164
[New] Epoch 789/1000 | classify: 0.5027 | voltage: 0.4920 | total: 0.5273
[New] Epoch 790/1000 | classify: 0.5692 | voltage: 0.4939 | total: 0.5939
--- 验证集 [epoch 790] ---
  准确率 (Accuracy):  0.8069
  精确率 (Precision): 0.7963
  召回率 (Recall):    0.7088
  F1 分数 (F1):       0.7327
[New] Epoch 791/1000 | classify: 0.5239 | voltage: 0.5142 | total: 0.5496
[New] Epoch 792/1000 | classify: 0.6184 | voltage: 0.4818 | total: 0.6425
[New] Epoch 793/1000 | classify: 0.6231 | voltage: 0.4956 | total: 0.6478
[New] Epoch 794/1000 | classify: 0.5305 | voltage: 0.4943 | total: 0.5552
[New] Epoch 795/1000 | classify: 0.5269 | voltage: 0.4943 | total: 0.5516
[New] Epoch 796/1000 | classify: 0.5953 | voltage: 0.5084 | total: 0.6207
[New] Epoch 797/1000 | classify: 0.5745 | voltage: 0.5023 | total: 0.5996
[New] Epoch 798/1000 | classify: 0.5961 | voltage: 0.5159 | total: 0.6219
[New] Epoch 799/1000 | classify: 0.4985 | voltage: 0.5091 | total: 0.5239
[New] Epoch 800/1000 | classify: 0.5498 | voltage: 0.5041 | total: 0.5750
--- 验证集 [epoch 800] ---
  准确率 (Accuracy):  0.8069
  精确率 (Precision): 0.7473
  召回率 (Recall):    0.7169
  F1 分数 (F1):       0.7223
✅ 模型已保存到 /home/kudouzala/Application/ion_detect/output/trained_model_save/exp_new_d_num_tp4/trained_model_epoch_800.pth
📁 损失值已保存到 /home/kudouzala/Application/ion_detect/output/trained_model_save/exp_new_d_num_tp4/training_loss_epoch_800.csv
[New] Epoch 801/1000 | classify: 0.5186 | voltage: 0.5017 | total: 0.5437
[New] Epoch 802/1000 | classify: 0.5543 | voltage: 0.5189 | total: 0.5803
[New] Epoch 803/1000 | classify: 0.5941 | voltage: 0.5129 | total: 0.6197
[New] Epoch 804/1000 | classify: 0.5555 | voltage: 0.4885 | total: 0.5800
[New] Epoch 805/1000 | classify: 0.5812 | voltage: 0.5155 | total: 0.6070
[New] Epoch 806/1000 | classify: 0.5681 | voltage: 0.5102 | total: 0.5936
[New] Epoch 807/1000 | classify: 0.4998 | voltage: 0.5021 | total: 0.5249
[New] Epoch 808/1000 | classify: 0.6314 | voltage: 0.4827 | total: 0.6555
[New] Epoch 809/1000 | classify: 0.6145 | voltage: 0.4859 | total: 0.6387
[New] Epoch 810/1000 | classify: 0.6160 | voltage: 0.4891 | total: 0.6405
--- 验证集 [epoch 810] ---
  准确率 (Accuracy):  0.7862
  精确率 (Precision): 0.7411
  召回率 (Recall):    0.6671
  F1 分数 (F1):       0.6932
[New] Epoch 811/1000 | classify: 0.5358 | voltage: 0.5016 | total: 0.5609
[New] Epoch 812/1000 | classify: 0.5440 | voltage: 0.4983 | total: 0.5689
[New] Epoch 813/1000 | classify: 0.6323 | voltage: 0.5362 | total: 0.6591
[New] Epoch 814/1000 | classify: 0.5112 | voltage: 0.5051 | total: 0.5364
[New] Epoch 815/1000 | classify: 0.5713 | voltage: 0.5050 | total: 0.5966
[New] Epoch 816/1000 | classify: 0.5546 | voltage: 0.5297 | total: 0.5810
[New] Epoch 817/1000 | classify: 0.7616 | voltage: 0.5296 | total: 0.7880
[New] Epoch 818/1000 | classify: 0.5826 | voltage: 0.5200 | total: 0.6086
[New] Epoch 819/1000 | classify: 0.5781 | voltage: 0.5121 | total: 0.6037
[New] Epoch 820/1000 | classify: 0.6056 | voltage: 0.5166 | total: 0.6314
--- 验证集 [epoch 820] ---
  准确率 (Accuracy):  0.7931
  精确率 (Precision): 0.7378
  召回率 (Recall):    0.6909
  F1 分数 (F1):       0.6946
[New] Epoch 821/1000 | classify: 0.5527 | voltage: 0.5149 | total: 0.5785
[New] Epoch 822/1000 | classify: 0.4717 | voltage: 0.5125 | total: 0.4974
[New] Epoch 823/1000 | classify: 0.5664 | voltage: 0.5217 | total: 0.5925
[New] Epoch 824/1000 | classify: 0.5355 | voltage: 0.5223 | total: 0.5616
[New] Epoch 825/1000 | classify: 0.5577 | voltage: 0.5438 | total: 0.5849
[New] Epoch 826/1000 | classify: 0.5215 | voltage: 0.5018 | total: 0.5466
[New] Epoch 827/1000 | classify: 0.6264 | voltage: 0.5076 | total: 0.6518
[New] Epoch 828/1000 | classify: 0.5741 | voltage: 0.4993 | total: 0.5990
[New] Epoch 829/1000 | classify: 0.5794 | voltage: 0.5373 | total: 0.6063
[New] Epoch 830/1000 | classify: 0.5644 | voltage: 0.5137 | total: 0.5901
--- 验证集 [epoch 830] ---
  准确率 (Accuracy):  0.8000
  精确率 (Precision): 0.7589
  召回率 (Recall):    0.7039
  F1 分数 (F1):       0.7189
[New] Epoch 831/1000 | classify: 0.5221 | voltage: 0.5162 | total: 0.5479
[New] Epoch 832/1000 | classify: 0.5552 | voltage: 0.5205 | total: 0.5812
[New] Epoch 833/1000 | classify: 0.5856 | voltage: 0.5234 | total: 0.6118
[New] Epoch 834/1000 | classify: 0.6748 | voltage: 0.5095 | total: 0.7003
[New] Epoch 835/1000 | classify: 0.5574 | voltage: 0.5185 | total: 0.5834
[New] Epoch 836/1000 | classify: 0.6096 | voltage: 0.5231 | total: 0.6358
[New] Epoch 837/1000 | classify: 0.6586 | voltage: 0.4951 | total: 0.6834
[New] Epoch 838/1000 | classify: 0.5406 | voltage: 0.5147 | total: 0.5663
[New] Epoch 839/1000 | classify: 0.6278 | voltage: 0.5189 | total: 0.6538
[New] Epoch 840/1000 | classify: 0.5333 | voltage: 0.5132 | total: 0.5589
--- 验证集 [epoch 840] ---
  准确率 (Accuracy):  0.8138
  精确率 (Precision): 0.7757
  召回率 (Recall):    0.7239
  F1 分数 (F1):       0.7422
[New] Epoch 841/1000 | classify: 0.5949 | voltage: 0.5250 | total: 0.6212
[New] Epoch 842/1000 | classify: 0.6212 | voltage: 0.5234 | total: 0.6474
[New] Epoch 843/1000 | classify: 0.5160 | voltage: 0.5139 | total: 0.5417
[New] Epoch 844/1000 | classify: 0.6286 | voltage: 0.5226 | total: 0.6548
[New] Epoch 845/1000 | classify: 0.5430 | voltage: 0.5125 | total: 0.5686
[New] Epoch 846/1000 | classify: 0.5543 | voltage: 0.5195 | total: 0.5803
[New] Epoch 847/1000 | classify: 0.5790 | voltage: 0.5251 | total: 0.6053
[New] Epoch 848/1000 | classify: 0.6265 | voltage: 0.5198 | total: 0.6525
[New] Epoch 849/1000 | classify: 0.5196 | voltage: 0.5090 | total: 0.5450
[New] Epoch 850/1000 | classify: 0.5161 | voltage: 0.5143 | total: 0.5418
--- 验证集 [epoch 850] ---
  准确率 (Accuracy):  0.7931
  精确率 (Precision): 0.7592
  召回率 (Recall):    0.6849
  F1 分数 (F1):       0.7047
✅ 模型已保存到 /home/kudouzala/Application/ion_detect/output/trained_model_save/exp_new_d_num_tp4/trained_model_epoch_850.pth
📁 损失值已保存到 /home/kudouzala/Application/ion_detect/output/trained_model_save/exp_new_d_num_tp4/training_loss_epoch_850.csv
[New] Epoch 851/1000 | classify: 0.5386 | voltage: 0.5121 | total: 0.5642
[New] Epoch 852/1000 | classify: 0.5912 | voltage: 0.5412 | total: 0.6182
[New] Epoch 853/1000 | classify: 0.4942 | voltage: 0.5483 | total: 0.5217
[New] Epoch 854/1000 | classify: 0.6260 | voltage: 0.5251 | total: 0.6523
[New] Epoch 855/1000 | classify: 0.5711 | voltage: 0.5173 | total: 0.5969
[New] Epoch 856/1000 | classify: 0.5881 | voltage: 0.5427 | total: 0.6153
[New] Epoch 857/1000 | classify: 0.4898 | voltage: 0.5307 | total: 0.5163
[New] Epoch 858/1000 | classify: 0.5789 | voltage: 0.5412 | total: 0.6060
[New] Epoch 859/1000 | classify: 0.5759 | voltage: 0.5207 | total: 0.6020
[New] Epoch 860/1000 | classify: 0.5633 | voltage: 0.5525 | total: 0.5909
--- 验证集 [epoch 860] ---
  准确率 (Accuracy):  0.7862
  精确率 (Precision): 0.7481
  召回率 (Recall):    0.6671
  F1 分数 (F1):       0.6908
[New] Epoch 861/1000 | classify: 0.6207 | voltage: 0.5167 | total: 0.6465
[New] Epoch 862/1000 | classify: 0.5580 | voltage: 0.5173 | total: 0.5839
[New] Epoch 863/1000 | classify: 0.5847 | voltage: 0.5306 | total: 0.6112
[New] Epoch 864/1000 | classify: 0.5722 | voltage: 0.5315 | total: 0.5987
[New] Epoch 865/1000 | classify: 0.6204 | voltage: 0.5287 | total: 0.6469
[New] Epoch 866/1000 | classify: 0.6236 | voltage: 0.5383 | total: 0.6505
[New] Epoch 867/1000 | classify: 0.6310 | voltage: 0.5344 | total: 0.6577
[New] Epoch 868/1000 | classify: 0.5781 | voltage: 0.5270 | total: 0.6044
[New] Epoch 869/1000 | classify: 0.6133 | voltage: 0.5384 | total: 0.6402
[New] Epoch 870/1000 | classify: 0.6809 | voltage: 0.5479 | total: 0.7083
--- 验证集 [epoch 870] ---
  准确率 (Accuracy):  0.8000
  精确率 (Precision): 0.7395
  召回率 (Recall):    0.6979
  F1 分数 (F1):       0.7122
[New] Epoch 871/1000 | classify: 0.5956 | voltage: 0.5510 | total: 0.6232
[New] Epoch 872/1000 | classify: 0.5936 | voltage: 0.5440 | total: 0.6208
[New] Epoch 873/1000 | classify: 0.6181 | voltage: 0.5443 | total: 0.6453
[New] Epoch 874/1000 | classify: 0.5750 | voltage: 0.5526 | total: 0.6026
[New] Epoch 875/1000 | classify: 0.5836 | voltage: 0.5336 | total: 0.6103
[New] Epoch 876/1000 | classify: 0.5629 | voltage: 0.5336 | total: 0.5896
[New] Epoch 877/1000 | classify: 0.6003 | voltage: 0.5263 | total: 0.6266
[New] Epoch 878/1000 | classify: 0.5331 | voltage: 0.5440 | total: 0.5603
[New] Epoch 879/1000 | classify: 0.5513 | voltage: 0.5491 | total: 0.5787
[New] Epoch 880/1000 | classify: 0.5786 | voltage: 0.5309 | total: 0.6052
--- 验证集 [epoch 880] ---
  准确率 (Accuracy):  0.8000
  精确率 (Precision): 0.7557
  召回率 (Recall):    0.6990
  F1 分数 (F1):       0.7190
[New] Epoch 881/1000 | classify: 0.6272 | voltage: 0.5329 | total: 0.6538
[New] Epoch 882/1000 | classify: 0.5232 | voltage: 0.5260 | total: 0.5495
[New] Epoch 883/1000 | classify: 0.5798 | voltage: 0.5441 | total: 0.6070
[New] Epoch 884/1000 | classify: 0.5549 | voltage: 0.5215 | total: 0.5810
[New] Epoch 885/1000 | classify: 0.5711 | voltage: 0.5371 | total: 0.5980
[New] Epoch 886/1000 | classify: 0.5884 | voltage: 0.5568 | total: 0.6163
[New] Epoch 887/1000 | classify: 0.6149 | voltage: 0.5543 | total: 0.6427
[New] Epoch 888/1000 | classify: 0.5161 | voltage: 0.5247 | total: 0.5423
[New] Epoch 889/1000 | classify: 0.5862 | voltage: 0.5273 | total: 0.6126
[New] Epoch 890/1000 | classify: 0.5727 | voltage: 0.5428 | total: 0.5999
--- 验证集 [epoch 890] ---
  准确率 (Accuracy):  0.8000
  精确率 (Precision): 0.7589
  召回率 (Recall):    0.7039
  F1 分数 (F1):       0.7189
[New] Epoch 891/1000 | classify: 0.6007 | voltage: 0.5467 | total: 0.6280
[New] Epoch 892/1000 | classify: 0.6435 | voltage: 0.5367 | total: 0.6703
[New] Epoch 893/1000 | classify: 0.5083 | voltage: 0.5385 | total: 0.5352
[New] Epoch 894/1000 | classify: 0.6222 | voltage: 0.5352 | total: 0.6489
[New] Epoch 895/1000 | classify: 0.5810 | voltage: 0.5243 | total: 0.6073
[New] Epoch 896/1000 | classify: 0.4880 | voltage: 0.5428 | total: 0.5151
[New] Epoch 897/1000 | classify: 0.5504 | voltage: 0.5617 | total: 0.5785
[New] Epoch 898/1000 | classify: 0.5068 | voltage: 0.5454 | total: 0.5341
[New] Epoch 899/1000 | classify: 0.5320 | voltage: 0.5256 | total: 0.5583
[New] Epoch 900/1000 | classify: 0.6292 | voltage: 0.5395 | total: 0.6561
--- 验证集 [epoch 900] ---
  准确率 (Accuracy):  0.7931
  精确率 (Precision): 0.7509
  召回率 (Recall):    0.6849
  F1 分数 (F1):       0.7077
✅ 模型已保存到 /home/kudouzala/Application/ion_detect/output/trained_model_save/exp_new_d_num_tp4/trained_model_epoch_900.pth
📁 损失值已保存到 /home/kudouzala/Application/ion_detect/output/trained_model_save/exp_new_d_num_tp4/training_loss_epoch_900.csv
[New] Epoch 901/1000 | classify: 0.5423 | voltage: 0.5181 | total: 0.5682
[New] Epoch 902/1000 | classify: 0.5360 | voltage: 0.5390 | total: 0.5629
[New] Epoch 903/1000 | classify: 0.5886 | voltage: 0.5422 | total: 0.6157
[New] Epoch 904/1000 | classify: 0.5469 | voltage: 0.5393 | total: 0.5739
[New] Epoch 905/1000 | classify: 0.5604 | voltage: 0.5478 | total: 0.5878
[New] Epoch 906/1000 | classify: 0.5256 | voltage: 0.5443 | total: 0.5528
[New] Epoch 907/1000 | classify: 0.5211 | voltage: 0.5586 | total: 0.5491
[New] Epoch 908/1000 | classify: 0.4970 | voltage: 0.5365 | total: 0.5238
[New] Epoch 909/1000 | classify: 0.5450 | voltage: 0.5273 | total: 0.5714
[New] Epoch 910/1000 | classify: 0.5757 | voltage: 0.5302 | total: 0.6022
--- 验证集 [epoch 910] ---
  准确率 (Accuracy):  0.7931
  精确率 (Precision): 0.7509
  召回率 (Recall):    0.6849
  F1 分数 (F1):       0.7077
[New] Epoch 911/1000 | classify: 0.5890 | voltage: 0.5291 | total: 0.6155
[New] Epoch 912/1000 | classify: 0.5761 | voltage: 0.5673 | total: 0.6044
[New] Epoch 913/1000 | classify: 0.5533 | voltage: 0.5410 | total: 0.5803
[New] Epoch 914/1000 | classify: 0.5391 | voltage: 0.5280 | total: 0.5655
[New] Epoch 915/1000 | classify: 0.5266 | voltage: 0.5517 | total: 0.5542
[New] Epoch 916/1000 | classify: 0.5071 | voltage: 0.5453 | total: 0.5344
[New] Epoch 917/1000 | classify: 0.5337 | voltage: 0.5282 | total: 0.5601
[New] Epoch 918/1000 | classify: 0.5159 | voltage: 0.5419 | total: 0.5430
[New] Epoch 919/1000 | classify: 0.5724 | voltage: 0.5319 | total: 0.5990
[New] Epoch 920/1000 | classify: 0.5755 | voltage: 0.5301 | total: 0.6020
--- 验证集 [epoch 920] ---
  准确率 (Accuracy):  0.8069
  精确率 (Precision): 0.7741
  召回率 (Recall):    0.7109
  F1 分数 (F1):       0.7346
[New] Epoch 921/1000 | classify: 0.5271 | voltage: 0.5487 | total: 0.5546
[New] Epoch 922/1000 | classify: 0.5873 | voltage: 0.5711 | total: 0.6158
[New] Epoch 923/1000 | classify: 0.5340 | voltage: 0.5321 | total: 0.5606
[New] Epoch 924/1000 | classify: 0.4903 | voltage: 0.5527 | total: 0.5179
[New] Epoch 925/1000 | classify: 0.5736 | voltage: 0.5623 | total: 0.6017
[New] Epoch 926/1000 | classify: 0.6010 | voltage: 0.5451 | total: 0.6282
[New] Epoch 927/1000 | classify: 0.6073 | voltage: 0.5371 | total: 0.6342
[New] Epoch 928/1000 | classify: 0.6119 | voltage: 0.5303 | total: 0.6384
[New] Epoch 929/1000 | classify: 0.6181 | voltage: 0.5579 | total: 0.6460
[New] Epoch 930/1000 | classify: 0.5803 | voltage: 0.5465 | total: 0.6076
--- 验证集 [epoch 930] ---
  准确率 (Accuracy):  0.8000
  精确率 (Precision): 0.7634
  召回率 (Recall):    0.6990
  F1 分数 (F1):       0.7184
[New] Epoch 931/1000 | classify: 0.5519 | voltage: 0.5408 | total: 0.5790
[New] Epoch 932/1000 | classify: 0.5631 | voltage: 0.5126 | total: 0.5887
[New] Epoch 933/1000 | classify: 0.5586 | voltage: 0.5605 | total: 0.5866
[New] Epoch 934/1000 | classify: 0.5903 | voltage: 0.5649 | total: 0.6186
[New] Epoch 935/1000 | classify: 0.5754 | voltage: 0.5397 | total: 0.6024
[New] Epoch 936/1000 | classify: 0.5702 | voltage: 0.5340 | total: 0.5969
[New] Epoch 937/1000 | classify: 0.5312 | voltage: 0.5314 | total: 0.5577
[New] Epoch 938/1000 | classify: 0.5108 | voltage: 0.5293 | total: 0.5373
[New] Epoch 939/1000 | classify: 0.5528 | voltage: 0.5313 | total: 0.5793
[New] Epoch 940/1000 | classify: 0.5325 | voltage: 0.5350 | total: 0.5593
--- 验证集 [epoch 940] ---
  准确率 (Accuracy):  0.8000
  精确率 (Precision): 0.7589
  召回率 (Recall):    0.7039
  F1 分数 (F1):       0.7189
[New] Epoch 941/1000 | classify: 0.5769 | voltage: 0.5413 | total: 0.6040
[New] Epoch 942/1000 | classify: 0.5353 | voltage: 0.5578 | total: 0.5632
[New] Epoch 943/1000 | classify: 0.5796 | voltage: 0.5465 | total: 0.6069
[New] Epoch 944/1000 | classify: 0.5202 | voltage: 0.5598 | total: 0.5482
[New] Epoch 945/1000 | classify: 0.5154 | voltage: 0.5589 | total: 0.5434
[New] Epoch 946/1000 | classify: 0.5837 | voltage: 0.5539 | total: 0.6114
[New] Epoch 947/1000 | classify: 0.5061 | voltage: 0.5503 | total: 0.5336
[New] Epoch 948/1000 | classify: 0.5448 | voltage: 0.5425 | total: 0.5719
[New] Epoch 949/1000 | classify: 0.5523 | voltage: 0.5510 | total: 0.5798
[New] Epoch 950/1000 | classify: 0.5680 | voltage: 0.5538 | total: 0.5956
--- 验证集 [epoch 950] ---
  准确率 (Accuracy):  0.7862
  精确率 (Precision): 0.7450
  召回率 (Recall):    0.6730
  F1 分数 (F1):       0.6906
✅ 模型已保存到 /home/kudouzala/Application/ion_detect/output/trained_model_save/exp_new_d_num_tp4/trained_model_epoch_950.pth
📁 损失值已保存到 /home/kudouzala/Application/ion_detect/output/trained_model_save/exp_new_d_num_tp4/training_loss_epoch_950.csv
[New] Epoch 951/1000 | classify: 0.5584 | voltage: 0.5540 | total: 0.5861
[New] Epoch 952/1000 | classify: 0.5254 | voltage: 0.5440 | total: 0.5526
[New] Epoch 953/1000 | classify: 0.5644 | voltage: 0.5369 | total: 0.5912
[New] Epoch 954/1000 | classify: 0.5694 | voltage: 0.5457 | total: 0.5967
[New] Epoch 955/1000 | classify: 0.6113 | voltage: 0.5455 | total: 0.6386
[New] Epoch 956/1000 | classify: 0.5803 | voltage: 0.5522 | total: 0.6079
[New] Epoch 957/1000 | classify: 0.5799 | voltage: 0.5392 | total: 0.6069
[New] Epoch 958/1000 | classify: 0.5766 | voltage: 0.5604 | total: 0.6046
[New] Epoch 959/1000 | classify: 0.5486 | voltage: 0.5646 | total: 0.5768
[New] Epoch 960/1000 | classify: 0.5442 | voltage: 0.5495 | total: 0.5717
--- 验证集 [epoch 960] ---
  准确率 (Accuracy):  0.8000
  精确率 (Precision): 0.7552
  召回率 (Recall):    0.6990
  F1 分数 (F1):       0.7178
[New] Epoch 961/1000 | classify: 0.6028 | voltage: 0.5660 | total: 0.6311
[New] Epoch 962/1000 | classify: 0.6079 | voltage: 0.5650 | total: 0.6361
[New] Epoch 963/1000 | classify: 0.5114 | voltage: 0.5575 | total: 0.5393
[New] Epoch 964/1000 | classify: 0.4986 | voltage: 0.5491 | total: 0.5261
[New] Epoch 965/1000 | classify: 0.5223 | voltage: 0.5284 | total: 0.5488
[New] Epoch 966/1000 | classify: 0.5725 | voltage: 0.5197 | total: 0.5985
[New] Epoch 967/1000 | classify: 0.6066 | voltage: 0.5505 | total: 0.6341
[New] Epoch 968/1000 | classify: 0.5872 | voltage: 0.5525 | total: 0.6148
[New] Epoch 969/1000 | classify: 0.5407 | voltage: 0.5620 | total: 0.5688
[New] Epoch 970/1000 | classify: 0.5892 | voltage: 0.5379 | total: 0.6161
--- 验证集 [epoch 970] ---
  准确率 (Accuracy):  0.8000
  精确率 (Precision): 0.7552
  召回率 (Recall):    0.6990
  F1 分数 (F1):       0.7178
[New] Epoch 971/1000 | classify: 0.5098 | voltage: 0.5451 | total: 0.5371
[New] Epoch 972/1000 | classify: 0.4679 | voltage: 0.5398 | total: 0.4948
[New] Epoch 973/1000 | classify: 0.4664 | voltage: 0.5480 | total: 0.4938
[New] Epoch 974/1000 | classify: 0.4931 | voltage: 0.5508 | total: 0.5206
[New] Epoch 975/1000 | classify: 0.5352 | voltage: 0.5521 | total: 0.5629
[New] Epoch 976/1000 | classify: 0.5497 | voltage: 0.5442 | total: 0.5769
[New] Epoch 977/1000 | classify: 0.6273 | voltage: 0.5546 | total: 0.6550
[New] Epoch 978/1000 | classify: 0.5082 | voltage: 0.5416 | total: 0.5352
[New] Epoch 979/1000 | classify: 0.5276 | voltage: 0.5398 | total: 0.5546
[New] Epoch 980/1000 | classify: 0.5255 | voltage: 0.5339 | total: 0.5522
--- 验证集 [epoch 980] ---
  准确率 (Accuracy):  0.8000
  精确率 (Precision): 0.7323
  召回率 (Recall):    0.6990
  F1 分数 (F1):       0.7090
[New] Epoch 981/1000 | classify: 0.5064 | voltage: 0.5554 | total: 0.5341
[New] Epoch 982/1000 | classify: 0.6206 | voltage: 0.5573 | total: 0.6485
[New] Epoch 983/1000 | classify: 0.4887 | voltage: 0.5392 | total: 0.5156
[New] Epoch 984/1000 | classify: 0.5182 | voltage: 0.5514 | total: 0.5458
[New] Epoch 985/1000 | classify: 0.5961 | voltage: 0.5583 | total: 0.6240
[New] Epoch 986/1000 | classify: 0.5730 | voltage: 0.5450 | total: 0.6002
[New] Epoch 987/1000 | classify: 0.4871 | voltage: 0.5567 | total: 0.5149
[New] Epoch 988/1000 | classify: 0.5641 | voltage: 0.5662 | total: 0.5925
[New] Epoch 989/1000 | classify: 0.5476 | voltage: 0.5690 | total: 0.5760
[New] Epoch 990/1000 | classify: 0.5046 | voltage: 0.5524 | total: 0.5323
--- 验证集 [epoch 990] ---
  准确率 (Accuracy):  0.7931
  精确率 (Precision): 0.7439
  召回率 (Recall):    0.6860
  F1 分数 (F1):       0.7055
[New] Epoch 991/1000 | classify: 0.5447 | voltage: 0.5367 | total: 0.5715
[New] Epoch 992/1000 | classify: 0.5827 | voltage: 0.5605 | total: 0.6108
[New] Epoch 993/1000 | classify: 0.5212 | voltage: 0.5705 | total: 0.5498
[New] Epoch 994/1000 | classify: 0.5728 | voltage: 0.5586 | total: 0.6007
[New] Epoch 995/1000 | classify: 0.6227 | voltage: 0.5518 | total: 0.6503
[New] Epoch 996/1000 | classify: 0.5676 | voltage: 0.5628 | total: 0.5957
[New] Epoch 997/1000 | classify: 0.4761 | voltage: 0.5706 | total: 0.5046
[New] Epoch 998/1000 | classify: 0.4876 | voltage: 0.5558 | total: 0.5154
[New] Epoch 999/1000 | classify: 0.5814 | voltage: 0.5539 | total: 0.6091
[New] Epoch 1000/1000 | classify: 0.5848 | voltage: 0.5539 | total: 0.6125
--- 验证集 [epoch 1000] ---
  准确率 (Accuracy):  0.7931
  精确率 (Precision): 0.7439
  召回率 (Recall):    0.6860
  F1 分数 (F1):       0.7055
✅ 模型已保存到 /home/kudouzala/Application/ion_detect/output/trained_model_save/exp_new_d_num_tp4/trained_model_epoch_1000.pth
📁 损失值已保存到 /home/kudouzala/Application/ion_detect/output/trained_model_save/exp_new_d_num_tp4/training_loss_epoch_1000.csv
✅ 模型已保存到 /home/kudouzala/Application/ion_detect/output/trained_model_save/exp_new_d_num_tp4/trained_model_epoch_final.pth
📁 损失值已保存到 /home/kudouzala/Application/ion_detect/output/trained_model_save/exp_new_d_num_tp4/training_loss_epoch_final.csv
