✅ no_overlap 划分: 测试集 150 个（ion_column 74 个，≤3/10）-> /home/kudouzala/Application/ion_detect/datasets/datasets_for_all_test_no_overlap/exp_new_e_num_tp2，训练集 789 个 -> /home/kudouzala/Application/ion_detect/datasets/datasets_for_all_train_no_overlap/exp_new_e_num_tp2（已排除同前缀且窗口含测试前 2 个时间点的样本）
✅ 当前使用设备: cuda
📂 训练集目录: /home/kudouzala/Application/ion_detect/datasets/datasets_for_all_train_no_overlap/exp_new_e_num_tp2
📂 测试/验证集目录: /home/kudouzala/Application/ion_detect/datasets/datasets_for_all_test_no_overlap/exp_new_e_num_tp2
🧪 experiment: exp_new_e_num_tp2
🚀 进入训练模式 (--train)
Skipping file 20240822_10ppm铜离子污染测试_新版电解槽_ion_column_gamry_[54, 56, 58, 60].xlsx: impedance points 54 < 63
Skipping file 20240822_10ppm铜离子污染测试_新版电解槽_ion_column_gamry_[32, 34, 36, 38].xlsx: impedance points 54 < 63
Skipping file 20240822_10ppm铜离子污染测试_新版电解槽_ion_column_gamry_[56, 58, 60, 62].xlsx: impedance points 54 < 63
Skipping file 20240822_10ppm铜离子污染测试_新版电解槽_ion_column_gamry_[36, 38, 40, 42].xlsx: impedance points 54 < 63
Skipping file 20240822_10ppm铜离子污染测试_新版电解槽_ion_column_gamry_[34, 36, 38, 40].xlsx: impedance points 54 < 63
[LEAK-CHECK] overlap(train, val) = 0
[DEBUG] data_folder = /home/kudouzala/Application/ion_detect/datasets/datasets_for_all_train_no_overlap/exp_new_e_num_tp2
[DEBUG] base_train.file_names[:10] =
   20241107_0.1ppm钙离子污染及恢复测试_新版电解槽_ion_firecloud_[14, 16, 18, 20].xlsx
   20240910_10ppm钙离子污染测试_新版电解槽_ion_column_gamry_[2, 4, 6, 8].xlsx
   20241006_2ppm铬离子污染测试_旧版电解槽_ion_firecloud_[22, 24, 26, 28].xlsx
   20241117_2ppm钠离子污染及恢复测试40摄氏度_新版电解槽_ion_gamry_[22, 24, 26, 28].xlsx
   20241227_10ppm铜离子污染及恢复测试_旧版电解槽_ion_gamry_[4, 6, 8, 10].xlsx
   20241003_2ppm镍离子污染测试_新版电解槽_ion_gamry_[20, 22, 24, 26].xlsx
   20241112_2ppm钠离子污染和恢复测试80摄氏度_新版电解槽_ion_column_renew_H2SO4_gamry_[14, 16, 18, 20].xlsx
   20240910_10ppm钙离子污染测试_新版电解槽_ion_gamry_[2, 4, 6, 8].xlsx
   20241213_2ppm钠离子污染及恢复测试_新版电解槽_ion_column_renew_H2SO4_gamry_[12, 14, 16, 18].xlsx
   20241010_2ppm钠离子污染测试_新版电解槽_ion_firecloud_[28, 30, 32, 34].xlsx
[DEBUG] exist check (first 10):
   /home/kudouzala/Application/ion_detect/datasets/datasets_for_all_train_no_overlap/exp_new_e_num_tp2/20241107_0.1ppm钙离子污染及恢复测试_新版电解槽_ion_firecloud_[14, 16, 18, 20].xlsx exists= True
   /home/kudouzala/Application/ion_detect/datasets/datasets_for_all_train_no_overlap/exp_new_e_num_tp2/20240910_10ppm钙离子污染测试_新版电解槽_ion_column_gamry_[2, 4, 6, 8].xlsx exists= True
   /home/kudouzala/Application/ion_detect/datasets/datasets_for_all_train_no_overlap/exp_new_e_num_tp2/20241006_2ppm铬离子污染测试_旧版电解槽_ion_firecloud_[22, 24, 26, 28].xlsx exists= True
   /home/kudouzala/Application/ion_detect/datasets/datasets_for_all_train_no_overlap/exp_new_e_num_tp2/20241117_2ppm钠离子污染及恢复测试40摄氏度_新版电解槽_ion_gamry_[22, 24, 26, 28].xlsx exists= True
   /home/kudouzala/Application/ion_detect/datasets/datasets_for_all_train_no_overlap/exp_new_e_num_tp2/20241227_10ppm铜离子污染及恢复测试_旧版电解槽_ion_gamry_[4, 6, 8, 10].xlsx exists= True
   /home/kudouzala/Application/ion_detect/datasets/datasets_for_all_train_no_overlap/exp_new_e_num_tp2/20241003_2ppm镍离子污染测试_新版电解槽_ion_gamry_[20, 22, 24, 26].xlsx exists= True
   /home/kudouzala/Application/ion_detect/datasets/datasets_for_all_train_no_overlap/exp_new_e_num_tp2/20241112_2ppm钠离子污染和恢复测试80摄氏度_新版电解槽_ion_column_renew_H2SO4_gamry_[14, 16, 18, 20].xlsx exists= True
   /home/kudouzala/Application/ion_detect/datasets/datasets_for_all_train_no_overlap/exp_new_e_num_tp2/20240910_10ppm钙离子污染测试_新版电解槽_ion_gamry_[2, 4, 6, 8].xlsx exists= True
   /home/kudouzala/Application/ion_detect/datasets/datasets_for_all_train_no_overlap/exp_new_e_num_tp2/20241213_2ppm钠离子污染及恢复测试_新版电解槽_ion_column_renew_H2SO4_gamry_[12, 14, 16, 18].xlsx exists= True
   /home/kudouzala/Application/ion_detect/datasets/datasets_for_all_train_no_overlap/exp_new_e_num_tp2/20241010_2ppm钠离子污染测试_新版电解槽_ion_firecloud_[28, 30, 32, 34].xlsx exists= True
Skipping file 20240822_10ppm铜离子污染测试_新版电解槽_ion_column_gamry_[28, 30, 32, 34].xlsx: impedance points 54 < 63
Skipping file 20240822_10ppm铜离子污染测试_新版电解槽_ion_column_gamry_[50, 52, 54, 56].xlsx: impedance points 54 < 63
Skipping file 20240822_10ppm铜离子污染测试_新版电解槽_ion_column_gamry_[24, 26, 28, 30].xlsx: impedance points 54 < 63
Skipping file 20240822_10ppm铜离子污染测试_新版电解槽_ion_column_gamry_[44, 46, 48, 50].xlsx: impedance points 54 < 63

[PairDataset][Example pairs] (show up to 50)
  [1] A(idx=474) 20241107_0.1ppm钙离子污染及恢复测试_新版电解槽_ion_firecloud_[0, 2, 4, 6].xlsx  times=[0, 2, 4, 6]
      → B(idx=753) 20241107_0.1ppm钙离子污染及恢复测试_新版电解槽_ion_firecloud_[2, 4, 6, 8].xlsx  times=[2, 4, 6, 8]  dummy=False
  [2] A(idx=753) 20241107_0.1ppm钙离子污染及恢复测试_新版电解槽_ion_firecloud_[2, 4, 6, 8].xlsx  times=[2, 4, 6, 8]
      → B(idx=279) 20241107_0.1ppm钙离子污染及恢复测试_新版电解槽_ion_firecloud_[4, 6, 8, 10].xlsx  times=[4, 6, 8, 10]  dummy=False
  [3] A(idx=279) 20241107_0.1ppm钙离子污染及恢复测试_新版电解槽_ion_firecloud_[4, 6, 8, 10].xlsx  times=[4, 6, 8, 10]
      → B(idx=535) 20241107_0.1ppm钙离子污染及恢复测试_新版电解槽_ion_firecloud_[6, 8, 10, 12].xlsx  times=[6, 8, 10, 12]  dummy=False
  [4] A(idx=535) 20241107_0.1ppm钙离子污染及恢复测试_新版电解槽_ion_firecloud_[6, 8, 10, 12].xlsx  times=[6, 8, 10, 12]
      → B(idx=531) 20241107_0.1ppm钙离子污染及恢复测试_新版电解槽_ion_firecloud_[8, 10, 12, 14].xlsx  times=[8, 10, 12, 14]  dummy=False
  [5] A(idx=531) 20241107_0.1ppm钙离子污染及恢复测试_新版电解槽_ion_firecloud_[8, 10, 12, 14].xlsx  times=[8, 10, 12, 14]
      → B(idx=601) 20241107_0.1ppm钙离子污染及恢复测试_新版电解槽_ion_firecloud_[10, 12, 14, 16].xlsx  times=[10, 12, 14, 16]  dummy=False
  [6] A(idx=601) 20241107_0.1ppm钙离子污染及恢复测试_新版电解槽_ion_firecloud_[10, 12, 14, 16].xlsx  times=[10, 12, 14, 16]
      → B(idx=151) 20241107_0.1ppm钙离子污染及恢复测试_新版电解槽_ion_firecloud_[12, 14, 16, 18].xlsx  times=[12, 14, 16, 18]  dummy=False
  [7] A(idx=151) 20241107_0.1ppm钙离子污染及恢复测试_新版电解槽_ion_firecloud_[12, 14, 16, 18].xlsx  times=[12, 14, 16, 18]
      → B(idx=0) 20241107_0.1ppm钙离子污染及恢复测试_新版电解槽_ion_firecloud_[14, 16, 18, 20].xlsx  times=[14, 16, 18, 20]  dummy=False
  [8] A(idx=0) 20241107_0.1ppm钙离子污染及恢复测试_新版电解槽_ion_firecloud_[14, 16, 18, 20].xlsx  times=[14, 16, 18, 20]
      → B(idx=59) 20241107_0.1ppm钙离子污染及恢复测试_新版电解槽_ion_firecloud_[16, 18, 20, 22].xlsx  times=[16, 18, 20, 22]  dummy=False
  [9] A(idx=59) 20241107_0.1ppm钙离子污染及恢复测试_新版电解槽_ion_firecloud_[16, 18, 20, 22].xlsx  times=[16, 18, 20, 22]
      → B(idx=479) 20241107_0.1ppm钙离子污染及恢复测试_新版电解槽_ion_firecloud_[18, 20, 22, 24].xlsx  times=[18, 20, 22, 24]  dummy=False
  [10] A(idx=479) 20241107_0.1ppm钙离子污染及恢复测试_新版电解槽_ion_firecloud_[18, 20, 22, 24].xlsx  times=[18, 20, 22, 24]
      → B(idx=387) 20241107_0.1ppm钙离子污染及恢复测试_新版电解槽_ion_firecloud_[20, 22, 24, 26].xlsx  times=[20, 22, 24, 26]  dummy=False
  [11] A(idx=387) 20241107_0.1ppm钙离子污染及恢复测试_新版电解槽_ion_firecloud_[20, 22, 24, 26].xlsx  times=[20, 22, 24, 26]
      → B(idx=387) 20241107_0.1ppm钙离子污染及恢复测试_新版电解槽_ion_firecloud_[20, 22, 24, 26].xlsx  times=[20, 22, 24, 26]  dummy=True
  [12] A(idx=111) 20241107_0.1ppm钙离子污染及恢复测试_新版电解槽_ion_firecloud_[32, 34, 36, 38].xlsx  times=[32, 34, 36, 38]
      → B(idx=414) 20241107_0.1ppm钙离子污染及恢复测试_新版电解槽_ion_firecloud_[34, 36, 38, 40].xlsx  times=[34, 36, 38, 40]  dummy=False
  [13] A(idx=414) 20241107_0.1ppm钙离子污染及恢复测试_新版电解槽_ion_firecloud_[34, 36, 38, 40].xlsx  times=[34, 36, 38, 40]
      → B(idx=75) 20241107_0.1ppm钙离子污染及恢复测试_新版电解槽_ion_firecloud_[36, 38, 40, 42].xlsx  times=[36, 38, 40, 42]  dummy=False
  [14] A(idx=75) 20241107_0.1ppm钙离子污染及恢复测试_新版电解槽_ion_firecloud_[36, 38, 40, 42].xlsx  times=[36, 38, 40, 42]
      → B(idx=145) 20241107_0.1ppm钙离子污染及恢复测试_新版电解槽_ion_firecloud_[38, 40, 42, 44].xlsx  times=[38, 40, 42, 44]  dummy=False
  [15] A(idx=145) 20241107_0.1ppm钙离子污染及恢复测试_新版电解槽_ion_firecloud_[38, 40, 42, 44].xlsx  times=[38, 40, 42, 44]
      → B(idx=363) 20241107_0.1ppm钙离子污染及恢复测试_新版电解槽_ion_firecloud_[40, 42, 44, 46].xlsx  times=[40, 42, 44, 46]  dummy=False
  [16] A(idx=363) 20241107_0.1ppm钙离子污染及恢复测试_新版电解槽_ion_firecloud_[40, 42, 44, 46].xlsx  times=[40, 42, 44, 46]
      → B(idx=363) 20241107_0.1ppm钙离子污染及恢复测试_新版电解槽_ion_firecloud_[40, 42, 44, 46].xlsx  times=[40, 42, 44, 46]  dummy=True
  [17] A(idx=527) 20240910_10ppm钙离子污染测试_新版电解槽_ion_column_gamry_[0, 2, 4, 6].xlsx  times=[0, 2, 4, 6]
      → B(idx=1) 20240910_10ppm钙离子污染测试_新版电解槽_ion_column_gamry_[2, 4, 6, 8].xlsx  times=[2, 4, 6, 8]  dummy=False
  [18] A(idx=1) 20240910_10ppm钙离子污染测试_新版电解槽_ion_column_gamry_[2, 4, 6, 8].xlsx  times=[2, 4, 6, 8]
      → B(idx=594) 20240910_10ppm钙离子污染测试_新版电解槽_ion_column_gamry_[4, 6, 8, 10].xlsx  times=[4, 6, 8, 10]  dummy=False
  [19] A(idx=594) 20240910_10ppm钙离子污染测试_新版电解槽_ion_column_gamry_[4, 6, 8, 10].xlsx  times=[4, 6, 8, 10]
      → B(idx=570) 20240910_10ppm钙离子污染测试_新版电解槽_ion_column_gamry_[6, 8, 10, 12].xlsx  times=[6, 8, 10, 12]  dummy=False
  [20] A(idx=570) 20240910_10ppm钙离子污染测试_新版电解槽_ion_column_gamry_[6, 8, 10, 12].xlsx  times=[6, 8, 10, 12]
      → B(idx=453) 20240910_10ppm钙离子污染测试_新版电解槽_ion_column_gamry_[8, 10, 12, 14].xlsx  times=[8, 10, 12, 14]  dummy=False
  [21] A(idx=453) 20240910_10ppm钙离子污染测试_新版电解槽_ion_column_gamry_[8, 10, 12, 14].xlsx  times=[8, 10, 12, 14]
      → B(idx=450) 20240910_10ppm钙离子污染测试_新版电解槽_ion_column_gamry_[10, 12, 14, 16].xlsx  times=[10, 12, 14, 16]  dummy=False
  [22] A(idx=450) 20240910_10ppm钙离子污染测试_新版电解槽_ion_column_gamry_[10, 12, 14, 16].xlsx  times=[10, 12, 14, 16]
      → B(idx=170) 20240910_10ppm钙离子污染测试_新版电解槽_ion_column_gamry_[12, 14, 16, 18].xlsx  times=[12, 14, 16, 18]  dummy=False
  [23] A(idx=170) 20240910_10ppm钙离子污染测试_新版电解槽_ion_column_gamry_[12, 14, 16, 18].xlsx  times=[12, 14, 16, 18]
      → B(idx=402) 20240910_10ppm钙离子污染测试_新版电解槽_ion_column_gamry_[14, 16, 18, 20].xlsx  times=[14, 16, 18, 20]  dummy=False
  [24] A(idx=402) 20240910_10ppm钙离子污染测试_新版电解槽_ion_column_gamry_[14, 16, 18, 20].xlsx  times=[14, 16, 18, 20]
      → B(idx=402) 20240910_10ppm钙离子污染测试_新版电解槽_ion_column_gamry_[14, 16, 18, 20].xlsx  times=[14, 16, 18, 20]  dummy=True
  [25] A(idx=103) 20241006_2ppm铬离子污染测试_旧版电解槽_ion_firecloud_[0, 2, 4, 6].xlsx  times=[0, 2, 4, 6]
      → B(idx=604) 20241006_2ppm铬离子污染测试_旧版电解槽_ion_firecloud_[2, 4, 6, 8].xlsx  times=[2, 4, 6, 8]  dummy=False
  [26] A(idx=604) 20241006_2ppm铬离子污染测试_旧版电解槽_ion_firecloud_[2, 4, 6, 8].xlsx  times=[2, 4, 6, 8]
      → B(idx=604) 20241006_2ppm铬离子污染测试_旧版电解槽_ion_firecloud_[2, 4, 6, 8].xlsx  times=[2, 4, 6, 8]  dummy=True
  [27] A(idx=649) 20241006_2ppm铬离子污染测试_旧版电解槽_ion_firecloud_[14, 16, 18, 20].xlsx  times=[14, 16, 18, 20]
      → B(idx=592) 20241006_2ppm铬离子污染测试_旧版电解槽_ion_firecloud_[16, 18, 20, 22].xlsx  times=[16, 18, 20, 22]  dummy=False
  [28] A(idx=592) 20241006_2ppm铬离子污染测试_旧版电解槽_ion_firecloud_[16, 18, 20, 22].xlsx  times=[16, 18, 20, 22]
      → B(idx=37) 20241006_2ppm铬离子污染测试_旧版电解槽_ion_firecloud_[18, 20, 22, 24].xlsx  times=[18, 20, 22, 24]  dummy=False
  [29] A(idx=37) 20241006_2ppm铬离子污染测试_旧版电解槽_ion_firecloud_[18, 20, 22, 24].xlsx  times=[18, 20, 22, 24]
      → B(idx=472) 20241006_2ppm铬离子污染测试_旧版电解槽_ion_firecloud_[20, 22, 24, 26].xlsx  times=[20, 22, 24, 26]  dummy=False
  [30] A(idx=472) 20241006_2ppm铬离子污染测试_旧版电解槽_ion_firecloud_[20, 22, 24, 26].xlsx  times=[20, 22, 24, 26]
      → B(idx=2) 20241006_2ppm铬离子污染测试_旧版电解槽_ion_firecloud_[22, 24, 26, 28].xlsx  times=[22, 24, 26, 28]  dummy=False
  [31] A(idx=2) 20241006_2ppm铬离子污染测试_旧版电解槽_ion_firecloud_[22, 24, 26, 28].xlsx  times=[22, 24, 26, 28]
      → B(idx=96) 20241006_2ppm铬离子污染测试_旧版电解槽_ion_firecloud_[24, 26, 28, 30].xlsx  times=[24, 26, 28, 30]  dummy=False
  [32] A(idx=96) 20241006_2ppm铬离子污染测试_旧版电解槽_ion_firecloud_[24, 26, 28, 30].xlsx  times=[24, 26, 28, 30]
      → B(idx=287) 20241006_2ppm铬离子污染测试_旧版电解槽_ion_firecloud_[26, 28, 30, 32].xlsx  times=[26, 28, 30, 32]  dummy=False
  [33] A(idx=287) 20241006_2ppm铬离子污染测试_旧版电解槽_ion_firecloud_[26, 28, 30, 32].xlsx  times=[26, 28, 30, 32]
      → B(idx=627) 20241006_2ppm铬离子污染测试_旧版电解槽_ion_firecloud_[28, 30, 32, 34].xlsx  times=[28, 30, 32, 34]  dummy=False
  [34] A(idx=627) 20241006_2ppm铬离子污染测试_旧版电解槽_ion_firecloud_[28, 30, 32, 34].xlsx  times=[28, 30, 32, 34]
      → B(idx=281) 20241006_2ppm铬离子污染测试_旧版电解槽_ion_firecloud_[30, 32, 34, 36].xlsx  times=[30, 32, 34, 36]  dummy=False
  [35] A(idx=281) 20241006_2ppm铬离子污染测试_旧版电解槽_ion_firecloud_[30, 32, 34, 36].xlsx  times=[30, 32, 34, 36]
      → B(idx=637) 20241006_2ppm铬离子污染测试_旧版电解槽_ion_firecloud_[32, 34, 36, 38].xlsx  times=[32, 34, 36, 38]  dummy=False
  [36] A(idx=637) 20241006_2ppm铬离子污染测试_旧版电解槽_ion_firecloud_[32, 34, 36, 38].xlsx  times=[32, 34, 36, 38]
      → B(idx=296) 20241006_2ppm铬离子污染测试_旧版电解槽_ion_firecloud_[34, 36, 38, 40].xlsx  times=[34, 36, 38, 40]  dummy=False
  [37] A(idx=296) 20241006_2ppm铬离子污染测试_旧版电解槽_ion_firecloud_[34, 36, 38, 40].xlsx  times=[34, 36, 38, 40]
      → B(idx=105) 20241006_2ppm铬离子污染测试_旧版电解槽_ion_firecloud_[36, 38, 40, 42].xlsx  times=[36, 38, 40, 42]  dummy=False
  [38] A(idx=105) 20241006_2ppm铬离子污染测试_旧版电解槽_ion_firecloud_[36, 38, 40, 42].xlsx  times=[36, 38, 40, 42]
      → B(idx=758) 20241006_2ppm铬离子污染测试_旧版电解槽_ion_firecloud_[38, 40, 42, 44].xlsx  times=[38, 40, 42, 44]  dummy=False
  [39] A(idx=758) 20241006_2ppm铬离子污染测试_旧版电解槽_ion_firecloud_[38, 40, 42, 44].xlsx  times=[38, 40, 42, 44]
      → B(idx=124) 20241006_2ppm铬离子污染测试_旧版电解槽_ion_firecloud_[40, 42, 44, 46].xlsx  times=[40, 42, 44, 46]  dummy=False
  [40] A(idx=124) 20241006_2ppm铬离子污染测试_旧版电解槽_ion_firecloud_[40, 42, 44, 46].xlsx  times=[40, 42, 44, 46]
      → B(idx=477) 20241006_2ppm铬离子污染测试_旧版电解槽_ion_firecloud_[42, 44, 46, 48].xlsx  times=[42, 44, 46, 48]  dummy=False
  [41] A(idx=477) 20241006_2ppm铬离子污染测试_旧版电解槽_ion_firecloud_[42, 44, 46, 48].xlsx  times=[42, 44, 46, 48]
      → B(idx=93) 20241006_2ppm铬离子污染测试_旧版电解槽_ion_firecloud_[44, 46, 48, 50].xlsx  times=[44, 46, 48, 50]  dummy=False
  [42] A(idx=93) 20241006_2ppm铬离子污染测试_旧版电解槽_ion_firecloud_[44, 46, 48, 50].xlsx  times=[44, 46, 48, 50]
      → B(idx=623) 20241006_2ppm铬离子污染测试_旧版电解槽_ion_firecloud_[46, 48, 50, 52].xlsx  times=[46, 48, 50, 52]  dummy=False
  [43] A(idx=623) 20241006_2ppm铬离子污染测试_旧版电解槽_ion_firecloud_[46, 48, 50, 52].xlsx  times=[46, 48, 50, 52]
      → B(idx=623) 20241006_2ppm铬离子污染测试_旧版电解槽_ion_firecloud_[46, 48, 50, 52].xlsx  times=[46, 48, 50, 52]  dummy=True
  [44] A(idx=628) 20241117_2ppm钠离子污染及恢复测试40摄氏度_新版电解槽_ion_gamry_[12, 14, 16, 18].xlsx  times=[12, 14, 16, 18]
      → B(idx=51) 20241117_2ppm钠离子污染及恢复测试40摄氏度_新版电解槽_ion_gamry_[14, 16, 18, 20].xlsx  times=[14, 16, 18, 20]  dummy=False
  [45] A(idx=51) 20241117_2ppm钠离子污染及恢复测试40摄氏度_新版电解槽_ion_gamry_[14, 16, 18, 20].xlsx  times=[14, 16, 18, 20]
      → B(idx=622) 20241117_2ppm钠离子污染及恢复测试40摄氏度_新版电解槽_ion_gamry_[16, 18, 20, 22].xlsx  times=[16, 18, 20, 22]  dummy=False
  [46] A(idx=622) 20241117_2ppm钠离子污染及恢复测试40摄氏度_新版电解槽_ion_gamry_[16, 18, 20, 22].xlsx  times=[16, 18, 20, 22]
      → B(idx=577) 20241117_2ppm钠离子污染及恢复测试40摄氏度_新版电解槽_ion_gamry_[18, 20, 22, 24].xlsx  times=[18, 20, 22, 24]  dummy=False
  [47] A(idx=577) 20241117_2ppm钠离子污染及恢复测试40摄氏度_新版电解槽_ion_gamry_[18, 20, 22, 24].xlsx  times=[18, 20, 22, 24]
      → B(idx=168) 20241117_2ppm钠离子污染及恢复测试40摄氏度_新版电解槽_ion_gamry_[20, 22, 24, 26].xlsx  times=[20, 22, 24, 26]  dummy=False
  [48] A(idx=168) 20241117_2ppm钠离子污染及恢复测试40摄氏度_新版电解槽_ion_gamry_[20, 22, 24, 26].xlsx  times=[20, 22, 24, 26]
      → B(idx=3) 20241117_2ppm钠离子污染及恢复测试40摄氏度_新版电解槽_ion_gamry_[22, 24, 26, 28].xlsx  times=[22, 24, 26, 28]  dummy=False
  [49] A(idx=3) 20241117_2ppm钠离子污染及恢复测试40摄氏度_新版电解槽_ion_gamry_[22, 24, 26, 28].xlsx  times=[22, 24, 26, 28]
      → B(idx=496) 20241117_2ppm钠离子污染及恢复测试40摄氏度_新版电解槽_ion_gamry_[24, 26, 28, 30].xlsx  times=[24, 26, 28, 30]  dummy=False
  [50] A(idx=496) 20241117_2ppm钠离子污染及恢复测试40摄氏度_新版电解槽_ion_gamry_[24, 26, 28, 30].xlsx  times=[24, 26, 28, 30]
      → B(idx=39) 20241117_2ppm钠离子污染及恢复测试40摄氏度_新版电解槽_ion_gamry_[26, 28, 30, 32].xlsx  times=[26, 28, 30, 32]  dummy=False

[PairDataset][Summary]
- total files:        784
- parsed OK:          784
- regex fail:         0
- parse times fail:   0
- empty times:        0
- total pairs:        784  (keep_unpaired=self)
- distinct prefixes:  97
- prefixes coverage (first few):
  [1] 20241107_0.1ppm钙离子污染及恢复测试_新版电解槽_ion_firecloud_[* -> windows=16, adj_pairs=10/15
  [2] 20240910_10ppm钙离子污染测试_新版电解槽_ion_column_gamry_[* -> windows=8, adj_pairs=5/7
  [3] 20241006_2ppm铬离子污染测试_旧版电解槽_ion_firecloud_[* -> windows=19, adj_pairs=14/18
  [4] 20241117_2ppm钠离子污染及恢复测试40摄氏度_新版电解槽_ion_gamry_[* -> windows=14, adj_pairs=11/13
  [5] 20241227_10ppm铜离子污染及恢复测试_旧版电解槽_ion_gamry_[* -> windows=16, adj_pairs=10/15
  [6] 20241003_2ppm镍离子污染测试_新版电解槽_ion_gamry_[* -> windows=9, adj_pairs=2/8
  [7] 20241112_2ppm钠离子污染和恢复测试80摄氏度_新版电解槽_ion_column_renew_H2SO4_gamry_[* -> windows=14, adj_pairs=11/13
  [8] 20240910_10ppm钙离子污染测试_新版电解槽_ion_gamry_[* -> windows=12, adj_pairs=3/11
  [9] 20241213_2ppm钠离子污染及恢复测试_新版电解槽_ion_column_renew_H2SO4_gamry_[* -> windows=7, adj_pairs=4/6
  [10] 20241010_2ppm钠离子污染测试_新版电解槽_ion_firecloud_[* -> windows=10, adj_pairs=4/9
- unadjacent gaps samples: 143 (showing first 0)

[PairDataset][Explain] focus_prefix_contains='20240915_2ppm铜离子污染测试_旧版电解槽_ion_firecloud_'
  - PREFIX: 20240915_2ppm铜离子污染测试_旧版电解槽_ion_firecloud_[* windows=11
    windows (sorted by first,last):
      · 20240915_2ppm铜离子污染测试_旧版电解槽_ion_firecloud_[0, 2, 4, 6].xlsx  -> times=[0, 2, 4, 6]  first=0 last=6
      · 20240915_2ppm铜离子污染测试_旧版电解槽_ion_firecloud_[2, 4, 6, 8].xlsx  -> times=[2, 4, 6, 8]  first=2 last=8
      · 20240915_2ppm铜离子污染测试_旧版电解槽_ion_firecloud_[4, 6, 8, 10].xlsx  -> times=[4, 6, 8, 10]  first=4 last=10
      · 20240915_2ppm铜离子污染测试_旧版电解槽_ion_firecloud_[6, 8, 10, 12].xlsx  -> times=[6, 8, 10, 12]  first=6 last=12
      · 20240915_2ppm铜离子污染测试_旧版电解槽_ion_firecloud_[8, 10, 12, 14].xlsx  -> times=[8, 10, 12, 14]  first=8 last=14
      · 20240915_2ppm铜离子污染测试_旧版电解槽_ion_firecloud_[10, 12, 14, 16].xlsx  -> times=[10, 12, 14, 16]  first=10 last=16
      · 20240915_2ppm铜离子污染测试_旧版电解槽_ion_firecloud_[12, 14, 16, 18].xlsx  -> times=[12, 14, 16, 18]  first=12 last=18
      · 20240915_2ppm铜离子污染测试_旧版电解槽_ion_firecloud_[14, 16, 18, 20].xlsx  -> times=[14, 16, 18, 20]  first=14 last=20
      · 20240915_2ppm铜离子污染测试_旧版电解槽_ion_firecloud_[16, 18, 20, 22].xlsx  -> times=[16, 18, 20, 22]  first=16 last=22
      · 20240915_2ppm铜离子污染测试_旧版电解槽_ion_firecloud_[18, 20, 22, 24].xlsx  -> times=[18, 20, 22, 24]  first=18 last=24
      · 20240915_2ppm铜离子污染测试_旧版电解槽_ion_firecloud_[20, 22, 24, 26].xlsx  -> times=[20, 22, 24, 26]  first=20 last=26
      MISS: 6 -> 2   (20240915_2ppm铜离子污染测试_旧版电解槽_ion_firecloud_[0, 2, 4, 6].xlsx  →  20240915_2ppm铜离子污染测试_旧版电解槽_ion_firecloud_[2, 4, 6, 8].xlsx)
      MISS: 8 -> 4   (20240915_2ppm铜离子污染测试_旧版电解槽_ion_firecloud_[2, 4, 6, 8].xlsx  →  20240915_2ppm铜离子污染测试_旧版电解槽_ion_firecloud_[4, 6, 8, 10].xlsx)
      MISS: 10 -> 6   (20240915_2ppm铜离子污染测试_旧版电解槽_ion_firecloud_[4, 6, 8, 10].xlsx  →  20240915_2ppm铜离子污染测试_旧版电解槽_ion_firecloud_[6, 8, 10, 12].xlsx)
      MISS: 12 -> 8   (20240915_2ppm铜离子污染测试_旧版电解槽_ion_firecloud_[6, 8, 10, 12].xlsx  →  20240915_2ppm铜离子污染测试_旧版电解槽_ion_firecloud_[8, 10, 12, 14].xlsx)
      MISS: 14 -> 10   (20240915_2ppm铜离子污染测试_旧版电解槽_ion_firecloud_[8, 10, 12, 14].xlsx  →  20240915_2ppm铜离子污染测试_旧版电解槽_ion_firecloud_[10, 12, 14, 16].xlsx)
      MISS: 16 -> 12   (20240915_2ppm铜离子污染测试_旧版电解槽_ion_firecloud_[10, 12, 14, 16].xlsx  →  20240915_2ppm铜离子污染测试_旧版电解槽_ion_firecloud_[12, 14, 16, 18].xlsx)
      MISS: 18 -> 14   (20240915_2ppm铜离子污染测试_旧版电解槽_ion_firecloud_[12, 14, 16, 18].xlsx  →  20240915_2ppm铜离子污染测试_旧版电解槽_ion_firecloud_[14, 16, 18, 20].xlsx)
      MISS: 20 -> 16   (20240915_2ppm铜离子污染测试_旧版电解槽_ion_firecloud_[14, 16, 18, 20].xlsx  →  20240915_2ppm铜离子污染测试_旧版电解槽_ion_firecloud_[16, 18, 20, 22].xlsx)
      MISS: 22 -> 18   (20240915_2ppm铜离子污染测试_旧版电解槽_ion_firecloud_[16, 18, 20, 22].xlsx  →  20240915_2ppm铜离子污染测试_旧版电解槽_ion_firecloud_[18, 20, 22, 24].xlsx)
      MISS: 24 -> 20   (20240915_2ppm铜离子污染测试_旧版电解槽_ion_firecloud_[18, 20, 22, 24].xlsx  →  20240915_2ppm铜离子污染测试_旧版电解槽_ion_firecloud_[20, 22, 24, 26].xlsx)

[PairDataset][Example pairs] (show up to 50)
  [1] A(idx=0) 20240918_2ppm钙离子污染测试_新版电解槽_ion_gamry_[10, 12, 14, 16].xlsx  times=[10, 12, 14, 16]
      → B(idx=0) 20240918_2ppm钙离子污染测试_新版电解槽_ion_gamry_[10, 12, 14, 16].xlsx  times=[10, 12, 14, 16]  dummy=True
  [2] A(idx=92) 20240918_2ppm钙离子污染测试_新版电解槽_ion_gamry_[14, 16, 18, 20].xlsx  times=[14, 16, 18, 20]
      → B(idx=92) 20240918_2ppm钙离子污染测试_新版电解槽_ion_gamry_[14, 16, 18, 20].xlsx  times=[14, 16, 18, 20]  dummy=True
  [3] A(idx=1) 20241028_2ppm钠离子污染和恢复测试_旧版电解槽_ion_column_renew_H2SO4_gamry_[2, 4, 6, 8].xlsx  times=[2, 4, 6, 8]
      → B(idx=94) 20241028_2ppm钠离子污染和恢复测试_旧版电解槽_ion_column_renew_H2SO4_gamry_[4, 6, 8, 10].xlsx  times=[4, 6, 8, 10]  dummy=False
  [4] A(idx=94) 20241028_2ppm钠离子污染和恢复测试_旧版电解槽_ion_column_renew_H2SO4_gamry_[4, 6, 8, 10].xlsx  times=[4, 6, 8, 10]
      → B(idx=94) 20241028_2ppm钠离子污染和恢复测试_旧版电解槽_ion_column_renew_H2SO4_gamry_[4, 6, 8, 10].xlsx  times=[4, 6, 8, 10]  dummy=True
  [5] A(idx=125) 20241010_2ppm钠离子污染测试_新版电解槽_ion_column_firecloud_[6, 8, 10, 12].xlsx  times=[6, 8, 10, 12]
      → B(idx=2) 20241010_2ppm钠离子污染测试_新版电解槽_ion_column_firecloud_[8, 10, 12, 14].xlsx  times=[8, 10, 12, 14]  dummy=False
  [6] A(idx=2) 20241010_2ppm钠离子污染测试_新版电解槽_ion_column_firecloud_[8, 10, 12, 14].xlsx  times=[8, 10, 12, 14]
      → B(idx=2) 20241010_2ppm钠离子污染测试_新版电解槽_ion_column_firecloud_[8, 10, 12, 14].xlsx  times=[8, 10, 12, 14]  dummy=True
  [7] A(idx=20) 20241101_2ppm铜离子污染和恢复测试_旧版电解槽_ion_firecloud_[0, 2, 4, 6].xlsx  times=[0, 2, 4, 6]
      → B(idx=20) 20241101_2ppm铜离子污染和恢复测试_旧版电解槽_ion_firecloud_[0, 2, 4, 6].xlsx  times=[0, 2, 4, 6]  dummy=True
  [8] A(idx=3) 20241101_2ppm铜离子污染和恢复测试_旧版电解槽_ion_firecloud_[10, 12, 14, 16].xlsx  times=[10, 12, 14, 16]
      → B(idx=3) 20241101_2ppm铜离子污染和恢复测试_旧版电解槽_ion_firecloud_[10, 12, 14, 16].xlsx  times=[10, 12, 14, 16]  dummy=True
  [9] A(idx=31) 20241101_2ppm铜离子污染和恢复测试_旧版电解槽_ion_firecloud_[20, 22, 24, 26].xlsx  times=[20, 22, 24, 26]
      → B(idx=31) 20241101_2ppm铜离子污染和恢复测试_旧版电解槽_ion_firecloud_[20, 22, 24, 26].xlsx  times=[20, 22, 24, 26]  dummy=True
  [10] A(idx=48) 20240831_10ppm镍离子污染测试_新版电解槽_ion_gamry_[0, 2, 4, 6].xlsx  times=[0, 2, 4, 6]
      → B(idx=48) 20240831_10ppm镍离子污染测试_新版电解槽_ion_gamry_[0, 2, 4, 6].xlsx  times=[0, 2, 4, 6]  dummy=True
  [11] A(idx=41) 20240831_10ppm镍离子污染测试_新版电解槽_ion_gamry_[4, 6, 8, 10].xlsx  times=[4, 6, 8, 10]
      → B(idx=41) 20240831_10ppm镍离子污染测试_新版电解槽_ion_gamry_[4, 6, 8, 10].xlsx  times=[4, 6, 8, 10]  dummy=True
  [12] A(idx=139) 20240831_10ppm镍离子污染测试_新版电解槽_ion_gamry_[16, 18, 20, 22].xlsx  times=[16, 18, 20, 22]
      → B(idx=4) 20240831_10ppm镍离子污染测试_新版电解槽_ion_gamry_[18, 20, 22, 24].xlsx  times=[18, 20, 22, 24]  dummy=False
  [13] A(idx=4) 20240831_10ppm镍离子污染测试_新版电解槽_ion_gamry_[18, 20, 22, 24].xlsx  times=[18, 20, 22, 24]
      → B(idx=4) 20240831_10ppm镍离子污染测试_新版电解槽_ion_gamry_[18, 20, 22, 24].xlsx  times=[18, 20, 22, 24]  dummy=True
  [14] A(idx=5) 20241122_2ppm铜离子污染及恢复测试40摄氏度_新版电解槽_ion_column_renew_H2SO4_gamry_[14, 16, 18, 20].xlsx  times=[14, 16, 18, 20]
      → B(idx=5) 20241122_2ppm铜离子污染及恢复测试40摄氏度_新版电解槽_ion_column_renew_H2SO4_gamry_[14, 16, 18, 20].xlsx  times=[14, 16, 18, 20]  dummy=True
  [15] A(idx=93) 20241010_2ppm钠离子污染测试_新版电解槽_ion_firecloud_[4, 6, 8, 10].xlsx  times=[4, 6, 8, 10]
      → B(idx=93) 20241010_2ppm钠离子污染测试_新版电解槽_ion_firecloud_[4, 6, 8, 10].xlsx  times=[4, 6, 8, 10]  dummy=True
  [16] A(idx=104) 20241010_2ppm钠离子污染测试_新版电解槽_ion_firecloud_[12, 14, 16, 18].xlsx  times=[12, 14, 16, 18]
      → B(idx=104) 20241010_2ppm钠离子污染测试_新版电解槽_ion_firecloud_[12, 14, 16, 18].xlsx  times=[12, 14, 16, 18]  dummy=True
  [17] A(idx=135) 20241010_2ppm钠离子污染测试_新版电解槽_ion_firecloud_[16, 18, 20, 22].xlsx  times=[16, 18, 20, 22]
      → B(idx=135) 20241010_2ppm钠离子污染测试_新版电解槽_ion_firecloud_[16, 18, 20, 22].xlsx  times=[16, 18, 20, 22]  dummy=True
  [18] A(idx=6) 20241010_2ppm钠离子污染测试_新版电解槽_ion_firecloud_[36, 38, 40, 42].xlsx  times=[36, 38, 40, 42]
      → B(idx=6) 20241010_2ppm钠离子污染测试_新版电解槽_ion_firecloud_[36, 38, 40, 42].xlsx  times=[36, 38, 40, 42]  dummy=True
  [19] A(idx=55) 20241029_2ppm铁离子污染和恢复测试_新版电解槽_ion_firecloud_[26, 28, 30, 32].xlsx  times=[26, 28, 30, 32]
      → B(idx=55) 20241029_2ppm铁离子污染和恢复测试_新版电解槽_ion_firecloud_[26, 28, 30, 32].xlsx  times=[26, 28, 30, 32]  dummy=True
  [20] A(idx=7) 20241029_2ppm铁离子污染和恢复测试_新版电解槽_ion_firecloud_[30, 32, 34, 36].xlsx  times=[30, 32, 34, 36]
      → B(idx=7) 20241029_2ppm铁离子污染和恢复测试_新版电解槽_ion_firecloud_[30, 32, 34, 36].xlsx  times=[30, 32, 34, 36]  dummy=True
  [21] A(idx=141) 20241029_2ppm铁离子污染和恢复测试_新版电解槽_ion_firecloud_[34, 36, 38, 40].xlsx  times=[34, 36, 38, 40]
      → B(idx=141) 20241029_2ppm铁离子污染和恢复测试_新版电解槽_ion_firecloud_[34, 36, 38, 40].xlsx  times=[34, 36, 38, 40]  dummy=True
  [22] A(idx=47) 20241029_2ppm铁离子污染和恢复测试_新版电解槽_ion_firecloud_[46, 48, 50, 52].xlsx  times=[46, 48, 50, 52]
      → B(idx=47) 20241029_2ppm铁离子污染和恢复测试_新版电解槽_ion_firecloud_[46, 48, 50, 52].xlsx  times=[46, 48, 50, 52]  dummy=True
  [23] A(idx=8) 20241227_10ppm铜离子污染及恢复测试_旧版电解槽_ion_column_renew_H2SO4_gamry_[8, 10, 12, 14].xlsx  times=[8, 10, 12, 14]
      → B(idx=8) 20241227_10ppm铜离子污染及恢复测试_旧版电解槽_ion_column_renew_H2SO4_gamry_[8, 10, 12, 14].xlsx  times=[8, 10, 12, 14]  dummy=True
  [24] A(idx=88) 20241227_10ppm铜离子污染及恢复测试_旧版电解槽_ion_column_renew_H2SO4_gamry_[24, 26, 28, 30].xlsx  times=[24, 26, 28, 30]
      → B(idx=134) 20241227_10ppm铜离子污染及恢复测试_旧版电解槽_ion_column_renew_H2SO4_gamry_[26, 28, 30, 32].xlsx  times=[26, 28, 30, 32]  dummy=False
  [25] A(idx=134) 20241227_10ppm铜离子污染及恢复测试_旧版电解槽_ion_column_renew_H2SO4_gamry_[26, 28, 30, 32].xlsx  times=[26, 28, 30, 32]
      → B(idx=134) 20241227_10ppm铜离子污染及恢复测试_旧版电解槽_ion_column_renew_H2SO4_gamry_[26, 28, 30, 32].xlsx  times=[26, 28, 30, 32]  dummy=True
  [26] A(idx=27) 20241017_2ppm铬离子污染和恢复测试_新版电解槽_ion_gamry_[0, 2, 4, 6].xlsx  times=[0, 2, 4, 6]
      → B(idx=27) 20241017_2ppm铬离子污染和恢复测试_新版电解槽_ion_gamry_[0, 2, 4, 6].xlsx  times=[0, 2, 4, 6]  dummy=True
  [27] A(idx=9) 20241017_2ppm铬离子污染和恢复测试_新版电解槽_ion_gamry_[20, 22, 24, 26].xlsx  times=[20, 22, 24, 26]
      → B(idx=9) 20241017_2ppm铬离子污染和恢复测试_新版电解槽_ion_gamry_[20, 22, 24, 26].xlsx  times=[20, 22, 24, 26]  dummy=True
  [28] A(idx=10) 20241024_2ppm铁离子污染和恢复测试_新版电解槽_ion_column_renew_H2SO4_firecloud_[12, 14, 16, 18].xlsx  times=[12, 14, 16, 18]
      → B(idx=10) 20241024_2ppm铁离子污染和恢复测试_新版电解槽_ion_column_renew_H2SO4_firecloud_[12, 14, 16, 18].xlsx  times=[12, 14, 16, 18]  dummy=True
  [29] A(idx=136) 20241024_2ppm铁离子污染和恢复测试_新版电解槽_ion_column_renew_H2SO4_firecloud_[18, 20, 22, 24].xlsx  times=[18, 20, 22, 24]
      → B(idx=136) 20241024_2ppm铁离子污染和恢复测试_新版电解槽_ion_column_renew_H2SO4_firecloud_[18, 20, 22, 24].xlsx  times=[18, 20, 22, 24]  dummy=True
  [30] A(idx=11) 20241117_2ppm钠离子污染及恢复测试10mlmin_旧版电解槽_ion_gamry_[2, 4, 6, 8].xlsx  times=[2, 4, 6, 8]
      → B(idx=11) 20241117_2ppm钠离子污染及恢复测试10mlmin_旧版电解槽_ion_gamry_[2, 4, 6, 8].xlsx  times=[2, 4, 6, 8]  dummy=True
  [31] A(idx=140) 20241117_2ppm钠离子污染及恢复测试10mlmin_旧版电解槽_ion_gamry_[10, 12, 14, 16].xlsx  times=[10, 12, 14, 16]
      → B(idx=140) 20241117_2ppm钠离子污染及恢复测试10mlmin_旧版电解槽_ion_gamry_[10, 12, 14, 16].xlsx  times=[10, 12, 14, 16]  dummy=True
  [32] A(idx=78) 20241117_2ppm钠离子污染及恢复测试10mlmin_旧版电解槽_ion_gamry_[30, 32, 34, 36].xlsx  times=[30, 32, 34, 36]
      → B(idx=78) 20241117_2ppm钠离子污染及恢复测试10mlmin_旧版电解槽_ion_gamry_[30, 32, 34, 36].xlsx  times=[30, 32, 34, 36]  dummy=True
  [33] A(idx=138) 20241211_2ppm铜离子污染及恢复测试80摄氏度_旧版电解槽_ion_gamry_[28, 30, 32, 34].xlsx  times=[28, 30, 32, 34]
      → B(idx=138) 20241211_2ppm铜离子污染及恢复测试80摄氏度_旧版电解槽_ion_gamry_[28, 30, 32, 34].xlsx  times=[28, 30, 32, 34]  dummy=True
  [34] A(idx=12) 20241211_2ppm铜离子污染及恢复测试80摄氏度_旧版电解槽_ion_gamry_[32, 34, 36, 38].xlsx  times=[32, 34, 36, 38]
      → B(idx=12) 20241211_2ppm铜离子污染及恢复测试80摄氏度_旧版电解槽_ion_gamry_[32, 34, 36, 38].xlsx  times=[32, 34, 36, 38]  dummy=True
  [35] A(idx=108) 20241211_2ppm铜离子污染及恢复测试80摄氏度_旧版电解槽_ion_gamry_[38, 40, 42, 44].xlsx  times=[38, 40, 42, 44]
      → B(idx=108) 20241211_2ppm铜离子污染及恢复测试80摄氏度_旧版电解槽_ion_gamry_[38, 40, 42, 44].xlsx  times=[38, 40, 42, 44]  dummy=True
  [36] A(idx=143) 20241213_2ppm钠离子污染及恢复测试_新版电解槽_ion_gamry_[0, 2, 4, 6].xlsx  times=[0, 2, 4, 6]
      → B(idx=70) 20241213_2ppm钠离子污染及恢复测试_新版电解槽_ion_gamry_[2, 4, 6, 8].xlsx  times=[2, 4, 6, 8]  dummy=False
  [37] A(idx=70) 20241213_2ppm钠离子污染及恢复测试_新版电解槽_ion_gamry_[2, 4, 6, 8].xlsx  times=[2, 4, 6, 8]
      → B(idx=70) 20241213_2ppm钠离子污染及恢复测试_新版电解槽_ion_gamry_[2, 4, 6, 8].xlsx  times=[2, 4, 6, 8]  dummy=True
  [38] A(idx=13) 20241213_2ppm钠离子污染及恢复测试_新版电解槽_ion_gamry_[22, 24, 26, 28].xlsx  times=[22, 24, 26, 28]
      → B(idx=13) 20241213_2ppm钠离子污染及恢复测试_新版电解槽_ion_gamry_[22, 24, 26, 28].xlsx  times=[22, 24, 26, 28]  dummy=True
  [39] A(idx=14) 20240822_10ppm铜离子污染测试_新版电解槽_ion_gamry_[10, 12, 14, 16].xlsx  times=[10, 12, 14, 16]
      → B(idx=14) 20240822_10ppm铜离子污染测试_新版电解槽_ion_gamry_[10, 12, 14, 16].xlsx  times=[10, 12, 14, 16]  dummy=True
  [40] A(idx=51) 20241112_2ppm钠离子污染和恢复测试80摄氏度_新版电解槽_ion_gamry_[28, 30, 32, 34].xlsx  times=[28, 30, 32, 34]
      → B(idx=51) 20241112_2ppm钠离子污染和恢复测试80摄氏度_新版电解槽_ion_gamry_[28, 30, 32, 34].xlsx  times=[28, 30, 32, 34]  dummy=True
  [41] A(idx=126) 20241112_2ppm钠离子污染和恢复测试80摄氏度_新版电解槽_ion_gamry_[34, 36, 38, 40].xlsx  times=[34, 36, 38, 40]
      → B(idx=15) 20241112_2ppm钠离子污染和恢复测试80摄氏度_新版电解槽_ion_gamry_[36, 38, 40, 42].xlsx  times=[36, 38, 40, 42]  dummy=False
  [42] A(idx=15) 20241112_2ppm钠离子污染和恢复测试80摄氏度_新版电解槽_ion_gamry_[36, 38, 40, 42].xlsx  times=[36, 38, 40, 42]
      → B(idx=15) 20241112_2ppm钠离子污染和恢复测试80摄氏度_新版电解槽_ion_gamry_[36, 38, 40, 42].xlsx  times=[36, 38, 40, 42]  dummy=True
  [43] A(idx=16) 20240831_10ppm镍离子污染测试_新版电解槽_ion_column_gamry_[0, 2, 4, 6].xlsx  times=[0, 2, 4, 6]
      → B(idx=16) 20240831_10ppm镍离子污染测试_新版电解槽_ion_column_gamry_[0, 2, 4, 6].xlsx  times=[0, 2, 4, 6]  dummy=True
  [44] A(idx=17) 20241112_2ppm镍离子污染及恢复测试_旧版电解槽_ion_column_gamry_[12, 14, 16, 18].xlsx  times=[12, 14, 16, 18]
      → B(idx=17) 20241112_2ppm镍离子污染及恢复测试_旧版电解槽_ion_column_gamry_[12, 14, 16, 18].xlsx  times=[12, 14, 16, 18]  dummy=True
  [45] A(idx=18) 20241013_2ppm铝离子污染测试_新版电解槽_ion_column_firecloud_[8, 10, 12, 14].xlsx  times=[8, 10, 12, 14]
      → B(idx=18) 20241013_2ppm铝离子污染测试_新版电解槽_ion_column_firecloud_[8, 10, 12, 14].xlsx  times=[8, 10, 12, 14]  dummy=True
  [46] A(idx=90) 20241013_2ppm铝离子污染测试_新版电解槽_ion_column_firecloud_[16, 18, 20, 22].xlsx  times=[16, 18, 20, 22]
      → B(idx=90) 20241013_2ppm铝离子污染测试_新版电解槽_ion_column_firecloud_[16, 18, 20, 22].xlsx  times=[16, 18, 20, 22]  dummy=True
  [47] A(idx=19) 20241024_2ppm铁离子污染和恢复测试_新版电解槽_ion_column_firecloud_[2, 4, 6, 8].xlsx  times=[2, 4, 6, 8]
      → B(idx=19) 20241024_2ppm铁离子污染和恢复测试_新版电解槽_ion_column_firecloud_[2, 4, 6, 8].xlsx  times=[2, 4, 6, 8]  dummy=True
  [48] A(idx=56) 20241024_2ppm铁离子污染和恢复测试_新版电解槽_ion_column_firecloud_[10, 12, 14, 16].xlsx  times=[10, 12, 14, 16]
      → B(idx=56) 20241024_2ppm铁离子污染和恢复测试_新版电解槽_ion_column_firecloud_[10, 12, 14, 16].xlsx  times=[10, 12, 14, 16]  dummy=True
  [49] A(idx=67) 20241024_2ppm铁离子污染和恢复测试_新版电解槽_ion_column_firecloud_[18, 20, 22, 24].xlsx  times=[18, 20, 22, 24]
      → B(idx=67) 20241024_2ppm铁离子污染和恢复测试_新版电解槽_ion_column_firecloud_[18, 20, 22, 24].xlsx  times=[18, 20, 22, 24]  dummy=True
  [50] A(idx=21) 20240918_2ppm钙离子污染测试_新版电解槽_ion_column_gamry_[2, 4, 6, 8].xlsx  times=[2, 4, 6, 8]
      → B(idx=80) 20240918_2ppm钙离子污染测试_新版电解槽_ion_column_gamry_[4, 6, 8, 10].xlsx  times=[4, 6, 8, 10]  dummy=False

[PairDataset][Summary]
- total files:        146
- parsed OK:          146
- regex fail:         0
- parse times fail:   0
- empty times:        0
- total pairs:        146  (keep_unpaired=self)
- distinct prefixes:  77
- prefixes coverage (first few):
  [1] 20240918_2ppm钙离子污染测试_新版电解槽_ion_gamry_[* -> windows=2, adj_pairs=0/1
  [2] 20241028_2ppm钠离子污染和恢复测试_旧版电解槽_ion_column_renew_H2SO4_gamry_[* -> windows=2, adj_pairs=0/1
  [3] 20241010_2ppm钠离子污染测试_新版电解槽_ion_column_firecloud_[* -> windows=2, adj_pairs=0/1
  [4] 20241101_2ppm铜离子污染和恢复测试_旧版电解槽_ion_firecloud_[* -> windows=3, adj_pairs=0/2
  [5] 20240831_10ppm镍离子污染测试_新版电解槽_ion_gamry_[* -> windows=4, adj_pairs=0/3
  [6] 20241122_2ppm铜离子污染及恢复测试40摄氏度_新版电解槽_ion_column_renew_H2SO4_gamry_[* -> windows=1, adj_pairs=0/0
  [7] 20241010_2ppm钠离子污染测试_新版电解槽_ion_firecloud_[* -> windows=4, adj_pairs=0/3
  [8] 20241029_2ppm铁离子污染和恢复测试_新版电解槽_ion_firecloud_[* -> windows=4, adj_pairs=0/3
  [9] 20241227_10ppm铜离子污染及恢复测试_旧版电解槽_ion_column_renew_H2SO4_gamry_[* -> windows=3, adj_pairs=0/2
  [10] 20241017_2ppm铬离子污染和恢复测试_新版电解槽_ion_gamry_[* -> windows=2, adj_pairs=0/1
- unadjacent gaps samples: 132 (showing first 0)
num base train samples: 784
num base val   samples: 146
num pair train samples: 784
num pair val   samples: 146
dummy_mask[0] = False
🧩 新模型: 398,594 参数 (398,594 可训练)
📝 TensorBoard 日志目录: /home/kudouzala/Application/ion_detect/output/tensorboard/exp_new_e_num_tp2
🔥 Warmup: 100 epochs (LR × 0.01 → 1.0)
📈 Cosine Annealing LR 调度 (T_max=900)
[New] Epoch 1/1000 | classify: 7.0912 | voltage: 4.1915 | total: 7.3008
[New] Epoch 2/1000 | classify: 5.4897 | voltage: 4.1243 | total: 5.6959
[New] Epoch 3/1000 | classify: 4.9748 | voltage: 4.0622 | total: 5.1779
[New] Epoch 4/1000 | classify: 4.4778 | voltage: 3.9020 | total: 4.6729
[New] Epoch 5/1000 | classify: 4.4938 | voltage: 3.7626 | total: 4.6819
[New] Epoch 6/1000 | classify: 4.3290 | voltage: 3.6020 | total: 4.5091
[New] Epoch 7/1000 | classify: 4.0271 | voltage: 3.3851 | total: 4.1964
[New] Epoch 8/1000 | classify: 4.2722 | voltage: 3.1571 | total: 4.4301
[New] Epoch 9/1000 | classify: 3.9374 | voltage: 3.0145 | total: 4.0882
[New] Epoch 10/1000 | classify: 3.8611 | voltage: 2.8699 | total: 4.0046
--- 验证集 [epoch 10] ---
  准确率 (Accuracy):  0.5205
  精确率 (Precision): 0.1154
  召回率 (Recall):    0.2500
  F1 分数 (F1):       0.1495
✅ 模型已保存到 /home/kudouzala/Application/ion_detect/output/trained_model_save/exp_new_e_num_tp2/trained_model_epoch_best.pth
  🏆 新最佳 F1=0.1495，已保存 best 模型
[New] Epoch 11/1000 | classify: 3.9733 | voltage: 2.6249 | total: 4.1045
[New] Epoch 12/1000 | classify: 3.6619 | voltage: 2.4182 | total: 3.7828
[New] Epoch 13/1000 | classify: 3.7286 | voltage: 2.2226 | total: 3.8397
[New] Epoch 14/1000 | classify: 3.7754 | voltage: 1.9946 | total: 3.8751
[New] Epoch 15/1000 | classify: 3.7533 | voltage: 1.8646 | total: 3.8465
[New] Epoch 16/1000 | classify: 3.8909 | voltage: 1.7016 | total: 3.9760
[New] Epoch 17/1000 | classify: 3.9567 | voltage: 1.5384 | total: 4.0336
[New] Epoch 18/1000 | classify: 3.6160 | voltage: 1.4041 | total: 3.6862
[New] Epoch 19/1000 | classify: 3.4314 | voltage: 1.2457 | total: 3.4937
[New] Epoch 20/1000 | classify: 3.6707 | voltage: 1.1174 | total: 3.7266
--- 验证集 [epoch 20] ---
  准确率 (Accuracy):  0.5890
  精确率 (Precision): 0.2372
  召回率 (Recall):    0.3357
  F1 分数 (F1):       0.2740
✅ 模型已保存到 /home/kudouzala/Application/ion_detect/output/trained_model_save/exp_new_e_num_tp2/trained_model_epoch_best.pth
  🏆 新最佳 F1=0.2740，已保存 best 模型
[New] Epoch 21/1000 | classify: 3.6273 | voltage: 1.0362 | total: 3.6791
[New] Epoch 22/1000 | classify: 3.6429 | voltage: 0.9027 | total: 3.6880
[New] Epoch 23/1000 | classify: 3.5031 | voltage: 0.8196 | total: 3.5441
[New] Epoch 24/1000 | classify: 3.6951 | voltage: 0.7693 | total: 3.7336
[New] Epoch 25/1000 | classify: 3.5346 | voltage: 0.7363 | total: 3.5714
[New] Epoch 26/1000 | classify: 3.4997 | voltage: 0.8574 | total: 3.5426
[New] Epoch 27/1000 | classify: 3.5085 | voltage: 0.6923 | total: 3.5431
[New] Epoch 28/1000 | classify: 3.4001 | voltage: 0.5936 | total: 3.4298
[New] Epoch 29/1000 | classify: 3.3781 | voltage: 0.5146 | total: 3.4039
[New] Epoch 30/1000 | classify: 3.2609 | voltage: 0.4422 | total: 3.2830
--- 验证集 [epoch 30] ---
  准确率 (Accuracy):  0.6027
  精确率 (Precision): 0.3115
  召回率 (Recall):    0.3314
  F1 分数 (F1):       0.3060
✅ 模型已保存到 /home/kudouzala/Application/ion_detect/output/trained_model_save/exp_new_e_num_tp2/trained_model_epoch_best.pth
  🏆 新最佳 F1=0.3060，已保存 best 模型
[New] Epoch 31/1000 | classify: 3.2237 | voltage: 0.4019 | total: 3.2438
[New] Epoch 32/1000 | classify: 3.5854 | voltage: 0.3520 | total: 3.6030
[New] Epoch 33/1000 | classify: 3.2347 | voltage: 0.3281 | total: 3.2511
[New] Epoch 34/1000 | classify: 3.4252 | voltage: 0.2968 | total: 3.4400
[New] Epoch 35/1000 | classify: 3.2421 | voltage: 0.2986 | total: 3.2570
[New] Epoch 36/1000 | classify: 3.3137 | voltage: 0.2653 | total: 3.3270
[New] Epoch 37/1000 | classify: 3.5154 | voltage: 0.2536 | total: 3.5280
[New] Epoch 38/1000 | classify: 3.3638 | voltage: 0.2372 | total: 3.3756
[New] Epoch 39/1000 | classify: 3.0899 | voltage: 0.2283 | total: 3.1013
[New] Epoch 40/1000 | classify: 3.1626 | voltage: 0.2014 | total: 3.1727
--- 验证集 [epoch 40] ---
  准确率 (Accuracy):  0.5822
  精确率 (Precision): 0.2650
  召回率 (Recall):    0.3636
  F1 分数 (F1):       0.2963
[New] Epoch 41/1000 | classify: 3.1521 | voltage: 0.1932 | total: 3.1617
[New] Epoch 42/1000 | classify: 3.0533 | voltage: 0.1894 | total: 3.0628
[New] Epoch 43/1000 | classify: 3.6028 | voltage: 0.1681 | total: 3.6112
[New] Epoch 44/1000 | classify: 3.1848 | voltage: 0.1604 | total: 3.1928
[New] Epoch 45/1000 | classify: 3.3329 | voltage: 0.2801 | total: 3.3469
[New] Epoch 46/1000 | classify: 3.1731 | voltage: 0.3188 | total: 3.1890
[New] Epoch 47/1000 | classify: 3.3263 | voltage: 0.2440 | total: 3.3385
[New] Epoch 48/1000 | classify: 3.0415 | voltage: 0.2175 | total: 3.0524
[New] Epoch 49/1000 | classify: 3.1669 | voltage: 0.1826 | total: 3.1760
[New] Epoch 50/1000 | classify: 2.9917 | voltage: 0.1565 | total: 2.9995
--- 验证集 [epoch 50] ---
  准确率 (Accuracy):  0.5890
  精确率 (Precision): 0.2667
  召回率 (Recall):    0.3412
  F1 分数 (F1):       0.2916
✅ 模型已保存到 /home/kudouzala/Application/ion_detect/output/trained_model_save/exp_new_e_num_tp2/trained_model_epoch_50.pth
📁 损失值已保存到 /home/kudouzala/Application/ion_detect/output/trained_model_save/exp_new_e_num_tp2/training_loss_epoch_50.csv
[New] Epoch 51/1000 | classify: 3.1145 | voltage: 0.1434 | total: 3.1217
[New] Epoch 52/1000 | classify: 3.2776 | voltage: 0.1379 | total: 3.2845
[New] Epoch 53/1000 | classify: 3.3173 | voltage: 0.1452 | total: 3.3246
[New] Epoch 54/1000 | classify: 3.1548 | voltage: 0.1538 | total: 3.1625
[New] Epoch 55/1000 | classify: 3.0400 | voltage: 0.1552 | total: 3.0478
[New] Epoch 56/1000 | classify: 3.1050 | voltage: 0.1591 | total: 3.1130
[New] Epoch 57/1000 | classify: 3.0806 | voltage: 0.1481 | total: 3.0880
[New] Epoch 58/1000 | classify: 2.8725 | voltage: 0.1499 | total: 2.8800
[New] Epoch 59/1000 | classify: 2.8497 | voltage: 0.1588 | total: 2.8576
[New] Epoch 60/1000 | classify: 3.1365 | voltage: 0.1582 | total: 3.1445
--- 验证集 [epoch 60] ---
  准确率 (Accuracy):  0.6301
  精确率 (Precision): 0.3082
  召回率 (Recall):    0.4129
  F1 分数 (F1):       0.3384
✅ 模型已保存到 /home/kudouzala/Application/ion_detect/output/trained_model_save/exp_new_e_num_tp2/trained_model_epoch_best.pth
  🏆 新最佳 F1=0.3384，已保存 best 模型
[New] Epoch 61/1000 | classify: 2.7071 | voltage: 0.1422 | total: 2.7142
[New] Epoch 62/1000 | classify: 2.9471 | voltage: 0.1438 | total: 2.9543
[New] Epoch 63/1000 | classify: 3.0291 | voltage: 0.1579 | total: 3.0370
[New] Epoch 64/1000 | classify: 2.9207 | voltage: 0.1437 | total: 2.9279
[New] Epoch 65/1000 | classify: 3.0755 | voltage: 0.1748 | total: 3.0842
[New] Epoch 66/1000 | classify: 3.1648 | voltage: 0.1796 | total: 3.1738
[New] Epoch 67/1000 | classify: 2.9398 | voltage: 0.1402 | total: 2.9468
[New] Epoch 68/1000 | classify: 2.6620 | voltage: 0.1471 | total: 2.6693
[New] Epoch 69/1000 | classify: 2.9528 | voltage: 0.1719 | total: 2.9614
[New] Epoch 70/1000 | classify: 2.8016 | voltage: 0.1717 | total: 2.8102
--- 验证集 [epoch 70] ---
  准确率 (Accuracy):  0.7055
  精确率 (Precision): 0.4878
  召回率 (Recall):    0.5156
  F1 分数 (F1):       0.4906
✅ 模型已保存到 /home/kudouzala/Application/ion_detect/output/trained_model_save/exp_new_e_num_tp2/trained_model_epoch_best.pth
  🏆 新最佳 F1=0.4906，已保存 best 模型
[New] Epoch 71/1000 | classify: 2.7760 | voltage: 0.1682 | total: 2.7844
[New] Epoch 72/1000 | classify: 3.0526 | voltage: 0.1784 | total: 3.0615
[New] Epoch 73/1000 | classify: 2.5842 | voltage: 0.1548 | total: 2.5920
[New] Epoch 74/1000 | classify: 2.8054 | voltage: 0.1689 | total: 2.8139
[New] Epoch 75/1000 | classify: 2.6239 | voltage: 0.1707 | total: 2.6325
[New] Epoch 76/1000 | classify: 3.0250 | voltage: 0.1782 | total: 3.0340
[New] Epoch 77/1000 | classify: 2.7723 | voltage: 0.1892 | total: 2.7818
[New] Epoch 78/1000 | classify: 2.6686 | voltage: 0.1756 | total: 2.6773
[New] Epoch 79/1000 | classify: 2.6958 | voltage: 0.1778 | total: 2.7047
[New] Epoch 80/1000 | classify: 2.5841 | voltage: 0.1618 | total: 2.5922
--- 验证集 [epoch 80] ---
  准确率 (Accuracy):  0.5959
  精确率 (Precision): 0.3660
  召回率 (Recall):    0.3995
  F1 分数 (F1):       0.3439
[New] Epoch 81/1000 | classify: 2.4831 | voltage: 0.1804 | total: 2.4921
[New] Epoch 82/1000 | classify: 2.6715 | voltage: 0.1906 | total: 2.6810
[New] Epoch 83/1000 | classify: 2.6492 | voltage: 0.2046 | total: 2.6595
[New] Epoch 84/1000 | classify: 2.6176 | voltage: 0.2010 | total: 2.6276
[New] Epoch 85/1000 | classify: 2.4212 | voltage: 0.2078 | total: 2.4316
[New] Epoch 86/1000 | classify: 2.5782 | voltage: 0.2048 | total: 2.5884
[New] Epoch 87/1000 | classify: 2.4434 | voltage: 0.2297 | total: 2.4549
[New] Epoch 88/1000 | classify: 2.2921 | voltage: 0.2167 | total: 2.3029
[New] Epoch 89/1000 | classify: 2.3213 | voltage: 0.2183 | total: 2.3322
[New] Epoch 90/1000 | classify: 2.1625 | voltage: 0.2312 | total: 2.1740
--- 验证集 [epoch 90] ---
  准确率 (Accuracy):  0.7055
  精确率 (Precision): 0.6808
  召回率 (Recall):    0.5859
  F1 分数 (F1):       0.5882
✅ 模型已保存到 /home/kudouzala/Application/ion_detect/output/trained_model_save/exp_new_e_num_tp2/trained_model_epoch_best.pth
  🏆 新最佳 F1=0.5882，已保存 best 模型
[New] Epoch 91/1000 | classify: 2.4086 | voltage: 0.2218 | total: 2.4197
[New] Epoch 92/1000 | classify: 2.1845 | voltage: 0.2226 | total: 2.1957
[New] Epoch 93/1000 | classify: 2.4568 | voltage: 0.2144 | total: 2.4675
[New] Epoch 94/1000 | classify: 2.2489 | voltage: 0.2230 | total: 2.2601
[New] Epoch 95/1000 | classify: 2.3560 | voltage: 0.2168 | total: 2.3669
[New] Epoch 96/1000 | classify: 2.1498 | voltage: 0.2207 | total: 2.1608
[New] Epoch 97/1000 | classify: 1.9578 | voltage: 0.2381 | total: 1.9697
[New] Epoch 98/1000 | classify: 2.1414 | voltage: 0.2380 | total: 2.1533
[New] Epoch 99/1000 | classify: 2.2527 | voltage: 0.2328 | total: 2.2643
[New] Epoch 100/1000 | classify: 2.0373 | voltage: 0.2324 | total: 2.0489
--- 验证集 [epoch 100] ---
  准确率 (Accuracy):  0.7260
  精确率 (Precision): 0.6178
  召回率 (Recall):    0.5868
  F1 分数 (F1):       0.5858
✅ 模型已保存到 /home/kudouzala/Application/ion_detect/output/trained_model_save/exp_new_e_num_tp2/trained_model_epoch_100.pth
📁 损失值已保存到 /home/kudouzala/Application/ion_detect/output/trained_model_save/exp_new_e_num_tp2/training_loss_epoch_100.csv
[New] Epoch 101/1000 | classify: 2.1319 | voltage: 0.2426 | total: 2.1440
[New] Epoch 102/1000 | classify: 2.1294 | voltage: 0.2315 | total: 2.1410
[New] Epoch 103/1000 | classify: 2.0751 | voltage: 0.2413 | total: 2.0871
[New] Epoch 104/1000 | classify: 2.0229 | voltage: 0.2289 | total: 2.0344
[New] Epoch 105/1000 | classify: 1.8684 | voltage: 0.2283 | total: 1.8798
[New] Epoch 106/1000 | classify: 2.1876 | voltage: 0.2333 | total: 2.1993
[New] Epoch 107/1000 | classify: 2.0800 | voltage: 0.2444 | total: 2.0922
[New] Epoch 108/1000 | classify: 2.0133 | voltage: 0.2476 | total: 2.0257
[New] Epoch 109/1000 | classify: 1.9865 | voltage: 0.2319 | total: 1.9981
[New] Epoch 110/1000 | classify: 2.0497 | voltage: 0.2381 | total: 2.0616
--- 验证集 [epoch 110] ---
  准确率 (Accuracy):  0.7534
  精确率 (Precision): 0.6467
  召回率 (Recall):    0.6072
  F1 分数 (F1):       0.6073
✅ 模型已保存到 /home/kudouzala/Application/ion_detect/output/trained_model_save/exp_new_e_num_tp2/trained_model_epoch_best.pth
  🏆 新最佳 F1=0.6073，已保存 best 模型
[New] Epoch 111/1000 | classify: 2.0885 | voltage: 0.2254 | total: 2.0998
[New] Epoch 112/1000 | classify: 2.1585 | voltage: 0.2634 | total: 2.1716
[New] Epoch 113/1000 | classify: 2.0694 | voltage: 0.2568 | total: 2.0823
[New] Epoch 114/1000 | classify: 2.1801 | voltage: 0.2501 | total: 2.1926
[New] Epoch 115/1000 | classify: 1.9219 | voltage: 0.2483 | total: 1.9343
[New] Epoch 116/1000 | classify: 2.1208 | voltage: 0.2795 | total: 2.1348
[New] Epoch 117/1000 | classify: 2.2480 | voltage: 0.2738 | total: 2.2617
[New] Epoch 118/1000 | classify: 2.1174 | voltage: 0.2751 | total: 2.1312
[New] Epoch 119/1000 | classify: 2.0201 | voltage: 0.2574 | total: 2.0329
[New] Epoch 120/1000 | classify: 2.1438 | voltage: 0.2653 | total: 2.1570
--- 验证集 [epoch 120] ---
  准确率 (Accuracy):  0.7397
  精确率 (Precision): 0.6764
  召回率 (Recall):    0.6469
  F1 分数 (F1):       0.6430
✅ 模型已保存到 /home/kudouzala/Application/ion_detect/output/trained_model_save/exp_new_e_num_tp2/trained_model_epoch_best.pth
  🏆 新最佳 F1=0.6430，已保存 best 模型
[New] Epoch 121/1000 | classify: 1.8548 | voltage: 0.2553 | total: 1.8675
[New] Epoch 122/1000 | classify: 1.6943 | voltage: 0.2519 | total: 1.7069
[New] Epoch 123/1000 | classify: 1.8538 | voltage: 0.2578 | total: 1.8667
[New] Epoch 124/1000 | classify: 1.8508 | voltage: 0.2646 | total: 1.8640
[New] Epoch 125/1000 | classify: 1.8113 | voltage: 0.2772 | total: 1.8252
[New] Epoch 126/1000 | classify: 2.0587 | voltage: 0.2636 | total: 2.0719
[New] Epoch 127/1000 | classify: 2.0832 | voltage: 0.2803 | total: 2.0972
[New] Epoch 128/1000 | classify: 2.0681 | voltage: 0.2798 | total: 2.0821
[New] Epoch 129/1000 | classify: 1.8021 | voltage: 0.2716 | total: 1.8157
[New] Epoch 130/1000 | classify: 2.0642 | voltage: 0.2794 | total: 2.0782
--- 验证集 [epoch 130] ---
  准确率 (Accuracy):  0.7534
  精确率 (Precision): 0.6800
  召回率 (Recall):    0.6073
  F1 分数 (F1):       0.6066
[New] Epoch 131/1000 | classify: 1.9136 | voltage: 0.2671 | total: 1.9269
[New] Epoch 132/1000 | classify: 1.8323 | voltage: 0.2689 | total: 1.8458
[New] Epoch 133/1000 | classify: 1.9019 | voltage: 0.2707 | total: 1.9154
[New] Epoch 134/1000 | classify: 2.0723 | voltage: 0.2701 | total: 2.0858
[New] Epoch 135/1000 | classify: 1.8471 | voltage: 0.2853 | total: 1.8614
[New] Epoch 136/1000 | classify: 1.9720 | voltage: 0.2762 | total: 1.9858
[New] Epoch 137/1000 | classify: 1.9411 | voltage: 0.2773 | total: 1.9550
[New] Epoch 138/1000 | classify: 1.8073 | voltage: 0.2679 | total: 1.8207
[New] Epoch 139/1000 | classify: 1.9267 | voltage: 0.2659 | total: 1.9400
[New] Epoch 140/1000 | classify: 1.7922 | voltage: 0.2729 | total: 1.8058
--- 验证集 [epoch 140] ---
  准确率 (Accuracy):  0.7603
  精确率 (Precision): 0.7119
  召回率 (Recall):    0.5991
  F1 分数 (F1):       0.6119
[New] Epoch 141/1000 | classify: 1.7365 | voltage: 0.2915 | total: 1.7511
[New] Epoch 142/1000 | classify: 1.8749 | voltage: 0.2613 | total: 1.8880
[New] Epoch 143/1000 | classify: 1.8903 | voltage: 0.2774 | total: 1.9042
[New] Epoch 144/1000 | classify: 1.7922 | voltage: 0.2758 | total: 1.8060
[New] Epoch 145/1000 | classify: 1.6974 | voltage: 0.2734 | total: 1.7111
[New] Epoch 146/1000 | classify: 1.7976 | voltage: 0.2834 | total: 1.8117
[New] Epoch 147/1000 | classify: 1.6914 | voltage: 0.2765 | total: 1.7052
[New] Epoch 148/1000 | classify: 1.7573 | voltage: 0.2832 | total: 1.7715
[New] Epoch 149/1000 | classify: 1.8012 | voltage: 0.2658 | total: 1.8145
[New] Epoch 150/1000 | classify: 1.6900 | voltage: 0.2690 | total: 1.7035
--- 验证集 [epoch 150] ---
  准确率 (Accuracy):  0.7466
  精确率 (Precision): 0.7082
  召回率 (Recall):    0.6022
  F1 分数 (F1):       0.6168
✅ 模型已保存到 /home/kudouzala/Application/ion_detect/output/trained_model_save/exp_new_e_num_tp2/trained_model_epoch_150.pth
📁 损失值已保存到 /home/kudouzala/Application/ion_detect/output/trained_model_save/exp_new_e_num_tp2/training_loss_epoch_150.csv
[New] Epoch 151/1000 | classify: 1.6902 | voltage: 0.2743 | total: 1.7039
[New] Epoch 152/1000 | classify: 1.6867 | voltage: 0.2844 | total: 1.7009
[New] Epoch 153/1000 | classify: 1.8669 | voltage: 0.2701 | total: 1.8804
[New] Epoch 154/1000 | classify: 1.7180 | voltage: 0.2752 | total: 1.7317
[New] Epoch 155/1000 | classify: 1.8530 | voltage: 0.2699 | total: 1.8665
[New] Epoch 156/1000 | classify: 1.8212 | voltage: 0.2964 | total: 1.8361
[New] Epoch 157/1000 | classify: 1.8099 | voltage: 0.2901 | total: 1.8244
[New] Epoch 158/1000 | classify: 1.6710 | voltage: 0.2818 | total: 1.6851
[New] Epoch 159/1000 | classify: 1.5893 | voltage: 0.2770 | total: 1.6031
[New] Epoch 160/1000 | classify: 1.7314 | voltage: 0.2768 | total: 1.7453
--- 验证集 [epoch 160] ---
  准确率 (Accuracy):  0.8014
  精确率 (Precision): 0.7270
  召回率 (Recall):    0.7016
  F1 分数 (F1):       0.7063
✅ 模型已保存到 /home/kudouzala/Application/ion_detect/output/trained_model_save/exp_new_e_num_tp2/trained_model_epoch_best.pth
  🏆 新最佳 F1=0.7063，已保存 best 模型
[New] Epoch 161/1000 | classify: 1.6786 | voltage: 0.2764 | total: 1.6924
[New] Epoch 162/1000 | classify: 1.6352 | voltage: 0.2752 | total: 1.6489
[New] Epoch 163/1000 | classify: 1.6033 | voltage: 0.2789 | total: 1.6173
[New] Epoch 164/1000 | classify: 1.6821 | voltage: 0.2701 | total: 1.6956
[New] Epoch 165/1000 | classify: 1.8156 | voltage: 0.2859 | total: 1.8299
[New] Epoch 166/1000 | classify: 1.6642 | voltage: 0.2665 | total: 1.6775
[New] Epoch 167/1000 | classify: 1.5928 | voltage: 0.2844 | total: 1.6070
[New] Epoch 168/1000 | classify: 1.5995 | voltage: 0.2898 | total: 1.6140
[New] Epoch 169/1000 | classify: 1.9590 | voltage: 0.2754 | total: 1.9728
[New] Epoch 170/1000 | classify: 1.8282 | voltage: 0.2793 | total: 1.8422
--- 验证集 [epoch 170] ---
  准确率 (Accuracy):  0.7945
  精确率 (Precision): 0.7115
  召回率 (Recall):    0.7008
  F1 分数 (F1):       0.7007
[New] Epoch 171/1000 | classify: 1.7354 | voltage: 0.2927 | total: 1.7500
[New] Epoch 172/1000 | classify: 1.7502 | voltage: 0.2779 | total: 1.7641
[New] Epoch 173/1000 | classify: 1.5817 | voltage: 0.2867 | total: 1.5960
[New] Epoch 174/1000 | classify: 1.7377 | voltage: 0.2879 | total: 1.7521
[New] Epoch 175/1000 | classify: 1.6582 | voltage: 0.2844 | total: 1.6724
[New] Epoch 176/1000 | classify: 1.7892 | voltage: 0.3030 | total: 1.8043
[New] Epoch 177/1000 | classify: 1.5565 | voltage: 0.2978 | total: 1.5714
[New] Epoch 178/1000 | classify: 1.7752 | voltage: 0.2919 | total: 1.7898
[New] Epoch 179/1000 | classify: 1.7320 | voltage: 0.2769 | total: 1.7458
[New] Epoch 180/1000 | classify: 1.7708 | voltage: 0.2855 | total: 1.7851
--- 验证集 [epoch 180] ---
  准确率 (Accuracy):  0.7877
  精确率 (Precision): 0.7100
  召回率 (Recall):    0.6717
  F1 分数 (F1):       0.6833
[New] Epoch 181/1000 | classify: 1.6761 | voltage: 0.2857 | total: 1.6904
[New] Epoch 182/1000 | classify: 1.4612 | voltage: 0.2961 | total: 1.4760
[New] Epoch 183/1000 | classify: 1.8433 | voltage: 0.2881 | total: 1.8577
[New] Epoch 184/1000 | classify: 1.7403 | voltage: 0.2764 | total: 1.7541
[New] Epoch 185/1000 | classify: 1.7070 | voltage: 0.2855 | total: 1.7212
[New] Epoch 186/1000 | classify: 1.8080 | voltage: 0.2797 | total: 1.8220
[New] Epoch 187/1000 | classify: 1.7341 | voltage: 0.2784 | total: 1.7480
[New] Epoch 188/1000 | classify: 1.7574 | voltage: 0.2901 | total: 1.7719
[New] Epoch 189/1000 | classify: 1.6989 | voltage: 0.2952 | total: 1.7137
[New] Epoch 190/1000 | classify: 1.7665 | voltage: 0.2942 | total: 1.7813
--- 验证集 [epoch 190] ---
  准确率 (Accuracy):  0.7603
  精确率 (Precision): 0.7194
  召回率 (Recall):    0.5946
  F1 分数 (F1):       0.6126
[New] Epoch 191/1000 | classify: 1.8260 | voltage: 0.2856 | total: 1.8403
[New] Epoch 192/1000 | classify: 1.5064 | voltage: 0.2884 | total: 1.5208
[New] Epoch 193/1000 | classify: 1.6401 | voltage: 0.2938 | total: 1.6548
[New] Epoch 194/1000 | classify: 1.7825 | voltage: 0.2884 | total: 1.7969
[New] Epoch 195/1000 | classify: 1.7697 | voltage: 0.2943 | total: 1.7844
[New] Epoch 196/1000 | classify: 1.8468 | voltage: 0.2892 | total: 1.8612
[New] Epoch 197/1000 | classify: 1.9520 | voltage: 0.2984 | total: 1.9670
[New] Epoch 198/1000 | classify: 1.6731 | voltage: 0.2905 | total: 1.6877
[New] Epoch 199/1000 | classify: 1.5881 | voltage: 0.2824 | total: 1.6022
[New] Epoch 200/1000 | classify: 1.7585 | voltage: 0.3063 | total: 1.7738
--- 验证集 [epoch 200] ---
  准确率 (Accuracy):  0.7808
  精确率 (Precision): 0.6960
  召回率 (Recall):    0.6698
  F1 分数 (F1):       0.6719
✅ 模型已保存到 /home/kudouzala/Application/ion_detect/output/trained_model_save/exp_new_e_num_tp2/trained_model_epoch_200.pth
📁 损失值已保存到 /home/kudouzala/Application/ion_detect/output/trained_model_save/exp_new_e_num_tp2/training_loss_epoch_200.csv
[New] Epoch 201/1000 | classify: 1.6940 | voltage: 0.2975 | total: 1.7089
[New] Epoch 202/1000 | classify: 1.7203 | voltage: 0.2971 | total: 1.7351
[New] Epoch 203/1000 | classify: 1.6867 | voltage: 0.2954 | total: 1.7014
[New] Epoch 204/1000 | classify: 1.5771 | voltage: 0.2918 | total: 1.5917
[New] Epoch 205/1000 | classify: 1.8339 | voltage: 0.2885 | total: 1.8483
[New] Epoch 206/1000 | classify: 1.8527 | voltage: 0.3031 | total: 1.8678
[New] Epoch 207/1000 | classify: 1.8338 | voltage: 0.2997 | total: 1.8488
[New] Epoch 208/1000 | classify: 1.7585 | voltage: 0.2937 | total: 1.7732
[New] Epoch 209/1000 | classify: 1.6554 | voltage: 0.2941 | total: 1.6701
[New] Epoch 210/1000 | classify: 1.6438 | voltage: 0.3258 | total: 1.6601
--- 验证集 [epoch 210] ---
  准确率 (Accuracy):  0.7945
  精确率 (Precision): 0.7276
  召回率 (Recall):    0.7106
  F1 分数 (F1):       0.7019
[New] Epoch 211/1000 | classify: 1.5277 | voltage: 0.3000 | total: 1.5427
[New] Epoch 212/1000 | classify: 1.6306 | voltage: 0.2971 | total: 1.6455
[New] Epoch 213/1000 | classify: 1.6590 | voltage: 0.2986 | total: 1.6739
[New] Epoch 214/1000 | classify: 1.5483 | voltage: 0.3014 | total: 1.5633
[New] Epoch 215/1000 | classify: 1.6475 | voltage: 0.3145 | total: 1.6632
[New] Epoch 216/1000 | classify: 1.7441 | voltage: 0.3126 | total: 1.7597
[New] Epoch 217/1000 | classify: 1.5996 | voltage: 0.3056 | total: 1.6149
[New] Epoch 218/1000 | classify: 1.4804 | voltage: 0.3313 | total: 1.4970
[New] Epoch 219/1000 | classify: 1.6892 | voltage: 0.3080 | total: 1.7046
[New] Epoch 220/1000 | classify: 1.7666 | voltage: 0.3150 | total: 1.7824
--- 验证集 [epoch 220] ---
  准确率 (Accuracy):  0.7877
  精确率 (Precision): 0.7253
  召回率 (Recall):    0.7062
  F1 分数 (F1):       0.6980
[New] Epoch 221/1000 | classify: 1.5325 | voltage: 0.3203 | total: 1.5485
[New] Epoch 222/1000 | classify: 1.7039 | voltage: 0.3243 | total: 1.7201
[New] Epoch 223/1000 | classify: 1.7044 | voltage: 0.3276 | total: 1.7208
[New] Epoch 224/1000 | classify: 1.5846 | voltage: 0.3213 | total: 1.6006
[New] Epoch 225/1000 | classify: 1.8277 | voltage: 0.3340 | total: 1.8444
[New] Epoch 226/1000 | classify: 1.5864 | voltage: 0.3344 | total: 1.6031
[New] Epoch 227/1000 | classify: 1.5928 | voltage: 0.3341 | total: 1.6095
[New] Epoch 228/1000 | classify: 1.7123 | voltage: 0.3304 | total: 1.7288
[New] Epoch 229/1000 | classify: 1.7950 | voltage: 0.3307 | total: 1.8115
[New] Epoch 230/1000 | classify: 1.4288 | voltage: 0.3225 | total: 1.4449
--- 验证集 [epoch 230] ---
  准确率 (Accuracy):  0.7466
  精确率 (Precision): 0.7294
  召回率 (Recall):    0.6739
  F1 分数 (F1):       0.6609
[New] Epoch 231/1000 | classify: 1.5437 | voltage: 0.3346 | total: 1.5604
[New] Epoch 232/1000 | classify: 1.5002 | voltage: 0.3559 | total: 1.5180
[New] Epoch 233/1000 | classify: 1.6895 | voltage: 0.3446 | total: 1.7067
[New] Epoch 234/1000 | classify: 1.6460 | voltage: 0.3424 | total: 1.6631
[New] Epoch 235/1000 | classify: 1.6732 | voltage: 0.3593 | total: 1.6912
[New] Epoch 236/1000 | classify: 1.7284 | voltage: 0.3452 | total: 1.7457
[New] Epoch 237/1000 | classify: 1.7303 | voltage: 0.3604 | total: 1.7483
[New] Epoch 238/1000 | classify: 1.6561 | voltage: 0.3644 | total: 1.6744
[New] Epoch 239/1000 | classify: 1.7496 | voltage: 0.3778 | total: 1.7685
[New] Epoch 240/1000 | classify: 1.5250 | voltage: 0.3653 | total: 1.5433
--- 验证集 [epoch 240] ---
  准确率 (Accuracy):  0.7877
  精确率 (Precision): 0.7381
  召回率 (Recall):    0.7212
  F1 分数 (F1):       0.7004
[New] Epoch 241/1000 | classify: 1.5344 | voltage: 0.3638 | total: 1.5526
[New] Epoch 242/1000 | classify: 1.7483 | voltage: 0.3871 | total: 1.7676
[New] Epoch 243/1000 | classify: 1.5202 | voltage: 0.3525 | total: 1.5378
[New] Epoch 244/1000 | classify: 1.7148 | voltage: 0.3803 | total: 1.7339
[New] Epoch 245/1000 | classify: 1.6132 | voltage: 0.3692 | total: 1.6317
[New] Epoch 246/1000 | classify: 1.6357 | voltage: 0.3789 | total: 1.6547
[New] Epoch 247/1000 | classify: 1.8140 | voltage: 0.3958 | total: 1.8338
[New] Epoch 248/1000 | classify: 1.5516 | voltage: 0.3942 | total: 1.5714
[New] Epoch 249/1000 | classify: 1.6392 | voltage: 0.3998 | total: 1.6592
[New] Epoch 250/1000 | classify: 1.5870 | voltage: 0.4017 | total: 1.6071
--- 验证集 [epoch 250] ---
  准确率 (Accuracy):  0.6712
  精确率 (Precision): 0.6219
  召回率 (Recall):    0.5782
  F1 分数 (F1):       0.5600
✅ 模型已保存到 /home/kudouzala/Application/ion_detect/output/trained_model_save/exp_new_e_num_tp2/trained_model_epoch_250.pth
📁 损失值已保存到 /home/kudouzala/Application/ion_detect/output/trained_model_save/exp_new_e_num_tp2/training_loss_epoch_250.csv
[New] Epoch 251/1000 | classify: 1.7343 | voltage: 0.4075 | total: 1.7547
[New] Epoch 252/1000 | classify: 1.5586 | voltage: 0.3847 | total: 1.5779
[New] Epoch 253/1000 | classify: 1.5376 | voltage: 0.4239 | total: 1.5588
[New] Epoch 254/1000 | classify: 1.7885 | voltage: 0.4069 | total: 1.8089
[New] Epoch 255/1000 | classify: 1.5316 | voltage: 0.4016 | total: 1.5517
[New] Epoch 256/1000 | classify: 1.8444 | voltage: 0.4005 | total: 1.8644
[New] Epoch 257/1000 | classify: 1.4860 | voltage: 0.4240 | total: 1.5072
[New] Epoch 258/1000 | classify: 1.8256 | voltage: 0.4249 | total: 1.8468
[New] Epoch 259/1000 | classify: 1.4670 | voltage: 0.4101 | total: 1.4875
[New] Epoch 260/1000 | classify: 1.4461 | voltage: 0.4136 | total: 1.4668
--- 验证集 [epoch 260] ---
  准确率 (Accuracy):  0.7945
  精确率 (Precision): 0.7034
  召回率 (Recall):    0.6774
  F1 分数 (F1):       0.6814
[New] Epoch 261/1000 | classify: 1.9182 | voltage: 0.4273 | total: 1.9396
[New] Epoch 262/1000 | classify: 1.6071 | voltage: 0.4289 | total: 1.6285
[New] Epoch 263/1000 | classify: 1.5414 | voltage: 0.4154 | total: 1.5622
[New] Epoch 264/1000 | classify: 1.5067 | voltage: 0.4320 | total: 1.5283
[New] Epoch 265/1000 | classify: 1.5323 | voltage: 0.4307 | total: 1.5538
[New] Epoch 266/1000 | classify: 1.6432 | voltage: 0.4160 | total: 1.6640
[New] Epoch 267/1000 | classify: 1.5995 | voltage: 0.4428 | total: 1.6216
[New] Epoch 268/1000 | classify: 1.7548 | voltage: 0.4615 | total: 1.7779
[New] Epoch 269/1000 | classify: 1.5359 | voltage: 0.4450 | total: 1.5581
[New] Epoch 270/1000 | classify: 1.4752 | voltage: 0.4442 | total: 1.4975
--- 验证集 [epoch 270] ---
  准确率 (Accuracy):  0.7534
  精确率 (Precision): 0.6709
  召回率 (Recall):    0.6057
  F1 分数 (F1):       0.6037
[New] Epoch 271/1000 | classify: 1.6827 | voltage: 0.4369 | total: 1.7045
[New] Epoch 272/1000 | classify: 1.4927 | voltage: 0.4459 | total: 1.5150
[New] Epoch 273/1000 | classify: 1.6822 | voltage: 0.4536 | total: 1.7049
[New] Epoch 274/1000 | classify: 1.5192 | voltage: 0.4602 | total: 1.5422
[New] Epoch 275/1000 | classify: 1.6638 | voltage: 0.4609 | total: 1.6869
[New] Epoch 276/1000 | classify: 1.8412 | voltage: 0.4775 | total: 1.8650
[New] Epoch 277/1000 | classify: 1.6655 | voltage: 0.4677 | total: 1.6889
[New] Epoch 278/1000 | classify: 1.6840 | voltage: 0.4917 | total: 1.7086
[New] Epoch 279/1000 | classify: 1.6776 | voltage: 0.4813 | total: 1.7017
[New] Epoch 280/1000 | classify: 1.4739 | voltage: 0.4684 | total: 1.4973
--- 验证集 [epoch 280] ---
  准确率 (Accuracy):  0.7192
  精确率 (Precision): 0.7075
  召回率 (Recall):    0.6717
  F1 分数 (F1):       0.6420
[New] Epoch 281/1000 | classify: 1.6074 | voltage: 0.5047 | total: 1.6326
[New] Epoch 282/1000 | classify: 1.6690 | voltage: 0.4910 | total: 1.6936
[New] Epoch 283/1000 | classify: 1.6907 | voltage: 0.4886 | total: 1.7151
[New] Epoch 284/1000 | classify: 1.6272 | voltage: 0.4997 | total: 1.6522
[New] Epoch 285/1000 | classify: 1.5178 | voltage: 0.4881 | total: 1.5422
[New] Epoch 286/1000 | classify: 1.9566 | voltage: 0.5073 | total: 1.9819
[New] Epoch 287/1000 | classify: 1.6195 | voltage: 0.5106 | total: 1.6451
[New] Epoch 288/1000 | classify: 1.5749 | voltage: 0.5141 | total: 1.6006
[New] Epoch 289/1000 | classify: 1.6512 | voltage: 0.4736 | total: 1.6749
[New] Epoch 290/1000 | classify: 1.6813 | voltage: 0.5061 | total: 1.7066
--- 验证集 [epoch 290] ---
  准确率 (Accuracy):  0.7808
  精确率 (Precision): 0.7218
  召回率 (Recall):    0.6959
  F1 分数 (F1):       0.6797
[New] Epoch 291/1000 | classify: 1.5713 | voltage: 0.5153 | total: 1.5970
[New] Epoch 292/1000 | classify: 1.5900 | voltage: 0.4992 | total: 1.6150
[New] Epoch 293/1000 | classify: 1.6426 | voltage: 0.5193 | total: 1.6686
[New] Epoch 294/1000 | classify: 1.7483 | voltage: 0.5476 | total: 1.7757
[New] Epoch 295/1000 | classify: 1.7756 | voltage: 0.5396 | total: 1.8026
[New] Epoch 296/1000 | classify: 1.6134 | voltage: 0.5328 | total: 1.6400
[New] Epoch 297/1000 | classify: 1.8844 | voltage: 0.5383 | total: 1.9113
[New] Epoch 298/1000 | classify: 1.7092 | voltage: 0.5456 | total: 1.7364
[New] Epoch 299/1000 | classify: 1.7635 | voltage: 0.5423 | total: 1.7906
[New] Epoch 300/1000 | classify: 1.5329 | voltage: 0.5743 | total: 1.5616
--- 验证集 [epoch 300] ---
  准确率 (Accuracy):  0.7808
  精确率 (Precision): 0.6971
  召回率 (Recall):    0.6981
  F1 分数 (F1):       0.6838
✅ 模型已保存到 /home/kudouzala/Application/ion_detect/output/trained_model_save/exp_new_e_num_tp2/trained_model_epoch_300.pth
📁 损失值已保存到 /home/kudouzala/Application/ion_detect/output/trained_model_save/exp_new_e_num_tp2/training_loss_epoch_300.csv
[New] Epoch 301/1000 | classify: 1.5503 | voltage: 0.5546 | total: 1.5781
[New] Epoch 302/1000 | classify: 1.5843 | voltage: 0.5509 | total: 1.6119
[New] Epoch 303/1000 | classify: 1.6226 | voltage: 0.5613 | total: 1.6506
[New] Epoch 304/1000 | classify: 1.6961 | voltage: 0.5563 | total: 1.7239
[New] Epoch 305/1000 | classify: 1.6134 | voltage: 0.5654 | total: 1.6416
[New] Epoch 306/1000 | classify: 1.6845 | voltage: 0.5706 | total: 1.7130
[New] Epoch 307/1000 | classify: 1.6223 | voltage: 0.5674 | total: 1.6506
[New] Epoch 308/1000 | classify: 1.6885 | voltage: 0.5773 | total: 1.7174
[New] Epoch 309/1000 | classify: 1.5065 | voltage: 0.5784 | total: 1.5354
[New] Epoch 310/1000 | classify: 1.6648 | voltage: 0.5950 | total: 1.6945
--- 验证集 [epoch 310] ---
  准确率 (Accuracy):  0.7603
  精确率 (Precision): 0.7258
  召回率 (Recall):    0.6715
  F1 分数 (F1):       0.6656
[New] Epoch 311/1000 | classify: 1.6182 | voltage: 0.5994 | total: 1.6482
[New] Epoch 312/1000 | classify: 1.6828 | voltage: 0.6283 | total: 1.7143
[New] Epoch 313/1000 | classify: 1.4881 | voltage: 0.6125 | total: 1.5187
[New] Epoch 314/1000 | classify: 1.5590 | voltage: 0.6032 | total: 1.5892
[New] Epoch 315/1000 | classify: 1.6640 | voltage: 0.6163 | total: 1.6948
[New] Epoch 316/1000 | classify: 1.8954 | voltage: 0.6263 | total: 1.9267
[New] Epoch 317/1000 | classify: 1.5030 | voltage: 0.6575 | total: 1.5359
[New] Epoch 318/1000 | classify: 1.6398 | voltage: 0.6322 | total: 1.6714
[New] Epoch 319/1000 | classify: 1.8021 | voltage: 0.6421 | total: 1.8342
[New] Epoch 320/1000 | classify: 1.6711 | voltage: 0.6676 | total: 1.7044
--- 验证集 [epoch 320] ---
  准确率 (Accuracy):  0.7671
  精确率 (Precision): 0.6657
  召回率 (Recall):    0.6648
  F1 分数 (F1):       0.6410
[New] Epoch 321/1000 | classify: 1.7888 | voltage: 0.6568 | total: 1.8217
[New] Epoch 322/1000 | classify: 1.7256 | voltage: 0.6752 | total: 1.7593
[New] Epoch 323/1000 | classify: 1.8327 | voltage: 0.6565 | total: 1.8656
[New] Epoch 324/1000 | classify: 1.7573 | voltage: 0.6762 | total: 1.7911
[New] Epoch 325/1000 | classify: 1.5643 | voltage: 0.6919 | total: 1.5989
[New] Epoch 326/1000 | classify: 1.6751 | voltage: 0.6873 | total: 1.7095
[New] Epoch 327/1000 | classify: 1.6078 | voltage: 0.6844 | total: 1.6421
[New] Epoch 328/1000 | classify: 1.6742 | voltage: 0.7037 | total: 1.7094
[New] Epoch 329/1000 | classify: 1.8680 | voltage: 0.7234 | total: 1.9042
[New] Epoch 330/1000 | classify: 1.7591 | voltage: 0.7272 | total: 1.7954
--- 验证集 [epoch 330] ---
  准确率 (Accuracy):  0.7671
  精确率 (Precision): 0.7155
  召回率 (Recall):    0.6721
  F1 分数 (F1):       0.6675
[New] Epoch 331/1000 | classify: 1.9671 | voltage: 0.7262 | total: 2.0034
[New] Epoch 332/1000 | classify: 1.7323 | voltage: 0.7109 | total: 1.7679
[New] Epoch 333/1000 | classify: 1.6935 | voltage: 0.7359 | total: 1.7303
[New] Epoch 334/1000 | classify: 1.6476 | voltage: 0.7114 | total: 1.6832
[New] Epoch 335/1000 | classify: 1.6975 | voltage: 0.7383 | total: 1.7344
[New] Epoch 336/1000 | classify: 1.7033 | voltage: 0.7338 | total: 1.7400
[New] Epoch 337/1000 | classify: 1.7824 | voltage: 0.7466 | total: 1.8198
[New] Epoch 338/1000 | classify: 1.5870 | voltage: 0.7702 | total: 1.6255
[New] Epoch 339/1000 | classify: 1.5934 | voltage: 0.7393 | total: 1.6303
[New] Epoch 340/1000 | classify: 1.6856 | voltage: 0.7483 | total: 1.7230
--- 验证集 [epoch 340] ---
  准确率 (Accuracy):  0.7877
  精确率 (Precision): 0.7766
  召回率 (Recall):    0.6755
  F1 分数 (F1):       0.7048
[New] Epoch 341/1000 | classify: 1.5546 | voltage: 0.7544 | total: 1.5923
[New] Epoch 342/1000 | classify: 1.6781 | voltage: 0.7676 | total: 1.7165
[New] Epoch 343/1000 | classify: 1.7676 | voltage: 0.7559 | total: 1.8054
[New] Epoch 344/1000 | classify: 1.5855 | voltage: 0.7565 | total: 1.6233
[New] Epoch 345/1000 | classify: 1.8732 | voltage: 0.7699 | total: 1.9117
[New] Epoch 346/1000 | classify: 1.5468 | voltage: 0.7746 | total: 1.5855
[New] Epoch 347/1000 | classify: 1.6276 | voltage: 0.7737 | total: 1.6663
[New] Epoch 348/1000 | classify: 1.7113 | voltage: 0.7754 | total: 1.7501
[New] Epoch 349/1000 | classify: 1.5329 | voltage: 0.7949 | total: 1.5727
[New] Epoch 350/1000 | classify: 1.7004 | voltage: 0.7887 | total: 1.7398
--- 验证集 [epoch 350] ---
  准确率 (Accuracy):  0.6918
  精确率 (Precision): 0.6135
  召回率 (Recall):    0.6350
  F1 分数 (F1):       0.5992
✅ 模型已保存到 /home/kudouzala/Application/ion_detect/output/trained_model_save/exp_new_e_num_tp2/trained_model_epoch_350.pth
📁 损失值已保存到 /home/kudouzala/Application/ion_detect/output/trained_model_save/exp_new_e_num_tp2/training_loss_epoch_350.csv
[New] Epoch 351/1000 | classify: 1.5841 | voltage: 0.7794 | total: 1.6231
[New] Epoch 352/1000 | classify: 1.8288 | voltage: 0.7725 | total: 1.8674
[New] Epoch 353/1000 | classify: 1.8806 | voltage: 0.7905 | total: 1.9201
[New] Epoch 354/1000 | classify: 1.6761 | voltage: 0.7997 | total: 1.7161
[New] Epoch 355/1000 | classify: 1.9901 | voltage: 0.8201 | total: 2.0311
[New] Epoch 356/1000 | classify: 1.7016 | voltage: 0.8117 | total: 1.7421
[New] Epoch 357/1000 | classify: 1.8732 | voltage: 0.8307 | total: 1.9147
[New] Epoch 358/1000 | classify: 1.8650 | voltage: 0.8175 | total: 1.9059
[New] Epoch 359/1000 | classify: 1.9325 | voltage: 0.8504 | total: 1.9751
[New] Epoch 360/1000 | classify: 1.7489 | voltage: 0.8191 | total: 1.7899
--- 验证集 [epoch 360] ---
  准确率 (Accuracy):  0.7740
  精确率 (Precision): 0.7024
  召回率 (Recall):    0.6789
  F1 分数 (F1):       0.6764
[New] Epoch 361/1000 | classify: 1.7282 | voltage: 0.8411 | total: 1.7702
[New] Epoch 362/1000 | classify: 1.6821 | voltage: 0.8465 | total: 1.7244
[New] Epoch 363/1000 | classify: 2.0405 | voltage: 0.8749 | total: 2.0842
[New] Epoch 364/1000 | classify: 1.8356 | voltage: 0.8852 | total: 1.8798
[New] Epoch 365/1000 | classify: 1.7504 | voltage: 0.8783 | total: 1.7943
[New] Epoch 366/1000 | classify: 1.7421 | voltage: 0.8789 | total: 1.7861
[New] Epoch 367/1000 | classify: 1.8266 | voltage: 0.8619 | total: 1.8696
[New] Epoch 368/1000 | classify: 1.9042 | voltage: 0.8863 | total: 1.9485
[New] Epoch 369/1000 | classify: 1.6525 | voltage: 0.8713 | total: 1.6961
[New] Epoch 370/1000 | classify: 1.9394 | voltage: 0.8736 | total: 1.9831
--- 验证集 [epoch 370] ---
  准确率 (Accuracy):  0.8014
  精确率 (Precision): 0.7537
  召回率 (Recall):    0.7101
  F1 分数 (F1):       0.7113
✅ 模型已保存到 /home/kudouzala/Application/ion_detect/output/trained_model_save/exp_new_e_num_tp2/trained_model_epoch_best.pth
  🏆 新最佳 F1=0.7113，已保存 best 模型
[New] Epoch 371/1000 | classify: 1.6734 | voltage: 0.8862 | total: 1.7177
[New] Epoch 372/1000 | classify: 1.7569 | voltage: 0.8735 | total: 1.8006
[New] Epoch 373/1000 | classify: 1.9081 | voltage: 0.9129 | total: 1.9538
[New] Epoch 374/1000 | classify: 1.6308 | voltage: 0.8915 | total: 1.6754
[New] Epoch 375/1000 | classify: 1.8164 | voltage: 0.8924 | total: 1.8610
[New] Epoch 376/1000 | classify: 1.7609 | voltage: 0.9036 | total: 1.8061
[New] Epoch 377/1000 | classify: 1.7570 | voltage: 0.9197 | total: 1.8030
[New] Epoch 378/1000 | classify: 1.8611 | voltage: 0.9247 | total: 1.9073
[New] Epoch 379/1000 | classify: 1.8235 | voltage: 0.9342 | total: 1.8702
[New] Epoch 380/1000 | classify: 1.7774 | voltage: 0.9558 | total: 1.8252
--- 验证集 [epoch 380] ---
  准确率 (Accuracy):  0.7534
  精确率 (Precision): 0.7353
  召回率 (Recall):    0.6585
  F1 分数 (F1):       0.6531
[New] Epoch 381/1000 | classify: 2.0039 | voltage: 0.9614 | total: 2.0520
[New] Epoch 382/1000 | classify: 1.8358 | voltage: 0.9441 | total: 1.8830
[New] Epoch 383/1000 | classify: 2.1199 | voltage: 0.9684 | total: 2.1683
[New] Epoch 384/1000 | classify: 1.6814 | voltage: 0.9502 | total: 1.7289
[New] Epoch 385/1000 | classify: 2.1268 | voltage: 0.9752 | total: 2.1756
[New] Epoch 386/1000 | classify: 1.8348 | voltage: 0.9840 | total: 1.8840
[New] Epoch 387/1000 | classify: 1.8114 | voltage: 0.9790 | total: 1.8603
[New] Epoch 388/1000 | classify: 1.8803 | voltage: 0.9755 | total: 1.9290
[New] Epoch 389/1000 | classify: 1.7341 | voltage: 1.0209 | total: 1.7852
[New] Epoch 390/1000 | classify: 1.7396 | voltage: 1.0053 | total: 1.7899
--- 验证集 [epoch 390] ---
  准确率 (Accuracy):  0.7192
  精确率 (Precision): 0.7638
  召回率 (Recall):    0.6805
  F1 分数 (F1):       0.6518
[New] Epoch 391/1000 | classify: 1.8719 | voltage: 1.0095 | total: 1.9223
[New] Epoch 392/1000 | classify: 1.6811 | voltage: 0.9915 | total: 1.7307
[New] Epoch 393/1000 | classify: 1.9534 | voltage: 1.0316 | total: 2.0049
[New] Epoch 394/1000 | classify: 1.8633 | voltage: 1.0166 | total: 1.9141
[New] Epoch 395/1000 | classify: 2.0585 | voltage: 1.0450 | total: 2.1107
[New] Epoch 396/1000 | classify: 1.7579 | voltage: 1.0457 | total: 1.8102
[New] Epoch 397/1000 | classify: 1.8110 | voltage: 1.0612 | total: 1.8640
[New] Epoch 398/1000 | classify: 2.3552 | voltage: 1.0556 | total: 2.4080
[New] Epoch 399/1000 | classify: 1.9234 | voltage: 1.0683 | total: 1.9768
[New] Epoch 400/1000 | classify: 1.9941 | voltage: 1.0841 | total: 2.0483
--- 验证集 [epoch 400] ---
  准确率 (Accuracy):  0.7603
  精确率 (Precision): 0.7266
  召回率 (Recall):    0.6231
  F1 分数 (F1):       0.6311
✅ 模型已保存到 /home/kudouzala/Application/ion_detect/output/trained_model_save/exp_new_e_num_tp2/trained_model_epoch_400.pth
📁 损失值已保存到 /home/kudouzala/Application/ion_detect/output/trained_model_save/exp_new_e_num_tp2/training_loss_epoch_400.csv
[New] Epoch 401/1000 | classify: 2.0021 | voltage: 1.0990 | total: 2.0571
[New] Epoch 402/1000 | classify: 1.9347 | voltage: 1.0722 | total: 1.9883
[New] Epoch 403/1000 | classify: 1.9496 | voltage: 1.0543 | total: 2.0023
[New] Epoch 404/1000 | classify: 1.9907 | voltage: 1.0779 | total: 2.0445
[New] Epoch 405/1000 | classify: 2.0683 | voltage: 1.0802 | total: 2.1223
[New] Epoch 406/1000 | classify: 1.8052 | voltage: 1.0699 | total: 1.8587
[New] Epoch 407/1000 | classify: 1.9037 | voltage: 1.1097 | total: 1.9591
[New] Epoch 408/1000 | classify: 1.9547 | voltage: 1.0838 | total: 2.0089
[New] Epoch 409/1000 | classify: 2.1320 | voltage: 1.1010 | total: 2.1871
[New] Epoch 410/1000 | classify: 1.9615 | voltage: 1.1011 | total: 2.0166
--- 验证集 [epoch 410] ---
  准确率 (Accuracy):  0.7603
  精确率 (Precision): 0.7496
  召回率 (Recall):    0.5805
  F1 分数 (F1):       0.5819
[New] Epoch 411/1000 | classify: 2.1229 | voltage: 1.1198 | total: 2.1789
[New] Epoch 412/1000 | classify: 1.8991 | voltage: 1.1337 | total: 1.9558
[New] Epoch 413/1000 | classify: 1.9785 | voltage: 1.1078 | total: 2.0339
[New] Epoch 414/1000 | classify: 2.0295 | voltage: 1.1202 | total: 2.0855
[New] Epoch 415/1000 | classify: 1.8674 | voltage: 1.0799 | total: 1.9213
[New] Epoch 416/1000 | classify: 1.8907 | voltage: 1.1042 | total: 1.9459
[New] Epoch 417/1000 | classify: 2.0799 | voltage: 1.1398 | total: 2.1369
[New] Epoch 418/1000 | classify: 1.9738 | voltage: 1.1458 | total: 2.0310
[New] Epoch 419/1000 | classify: 1.8058 | voltage: 1.1336 | total: 1.8625
[New] Epoch 420/1000 | classify: 2.0079 | voltage: 1.1281 | total: 2.0643
--- 验证集 [epoch 420] ---
  准确率 (Accuracy):  0.7260
  精确率 (Precision): 0.6528
  召回率 (Recall):    0.5906
  F1 分数 (F1):       0.5927
[New] Epoch 421/1000 | classify: 1.9773 | voltage: 1.1163 | total: 2.0331
[New] Epoch 422/1000 | classify: 2.1110 | voltage: 1.1065 | total: 2.1663
[New] Epoch 423/1000 | classify: 2.0104 | voltage: 1.1500 | total: 2.0679
[New] Epoch 424/1000 | classify: 1.8433 | voltage: 1.1617 | total: 1.9014
[New] Epoch 425/1000 | classify: 1.7762 | voltage: 1.1378 | total: 1.8331
[New] Epoch 426/1000 | classify: 2.0606 | voltage: 1.1164 | total: 2.1164
[New] Epoch 427/1000 | classify: 2.0007 | voltage: 1.1431 | total: 2.0578
[New] Epoch 428/1000 | classify: 2.0475 | voltage: 1.1567 | total: 2.1053
[New] Epoch 429/1000 | classify: 1.9828 | voltage: 1.1525 | total: 2.0404
[New] Epoch 430/1000 | classify: 2.1149 | voltage: 1.1456 | total: 2.1722
--- 验证集 [epoch 430] ---
  准确率 (Accuracy):  0.7808
  精确率 (Precision): 0.7364
  召回率 (Recall):    0.6684
  F1 分数 (F1):       0.6773
[New] Epoch 431/1000 | classify: 1.9441 | voltage: 1.1621 | total: 2.0023
[New] Epoch 432/1000 | classify: 2.0146 | voltage: 1.1793 | total: 2.0736
[New] Epoch 433/1000 | classify: 2.1454 | voltage: 1.1331 | total: 2.2020
[New] Epoch 434/1000 | classify: 2.1609 | voltage: 1.1654 | total: 2.2191
[New] Epoch 435/1000 | classify: 2.0756 | voltage: 1.1952 | total: 2.1353
[New] Epoch 436/1000 | classify: 1.9990 | voltage: 1.1975 | total: 2.0589
[New] Epoch 437/1000 | classify: 1.8137 | voltage: 1.1802 | total: 1.8727
[New] Epoch 438/1000 | classify: 1.8273 | voltage: 1.1804 | total: 1.8863
[New] Epoch 439/1000 | classify: 2.0914 | voltage: 1.2234 | total: 2.1526
[New] Epoch 440/1000 | classify: 1.9476 | voltage: 1.2330 | total: 2.0092
--- 验证集 [epoch 440] ---
  准确率 (Accuracy):  0.7466
  精确率 (Precision): 0.7002
  召回率 (Recall):    0.6272
  F1 分数 (F1):       0.6244
[New] Epoch 441/1000 | classify: 1.9474 | voltage: 1.2156 | total: 2.0082
[New] Epoch 442/1000 | classify: 2.1763 | voltage: 1.2110 | total: 2.2368
[New] Epoch 443/1000 | classify: 2.1109 | voltage: 1.2062 | total: 2.1712
[New] Epoch 444/1000 | classify: 1.9730 | voltage: 1.2401 | total: 2.0350
[New] Epoch 445/1000 | classify: 1.9901 | voltage: 1.2466 | total: 2.0525
[New] Epoch 446/1000 | classify: 2.0868 | voltage: 1.2329 | total: 2.1484
[New] Epoch 447/1000 | classify: 1.9457 | voltage: 1.2162 | total: 2.0065
[New] Epoch 448/1000 | classify: 2.1118 | voltage: 1.2728 | total: 2.1755
[New] Epoch 449/1000 | classify: 2.2623 | voltage: 1.2231 | total: 2.3235
[New] Epoch 450/1000 | classify: 1.8575 | voltage: 1.2013 | total: 1.9176
--- 验证集 [epoch 450] ---
  准确率 (Accuracy):  0.7329
  精确率 (Precision): 0.7188
  召回率 (Recall):    0.6019
  F1 分数 (F1):       0.5855
✅ 模型已保存到 /home/kudouzala/Application/ion_detect/output/trained_model_save/exp_new_e_num_tp2/trained_model_epoch_450.pth
📁 损失值已保存到 /home/kudouzala/Application/ion_detect/output/trained_model_save/exp_new_e_num_tp2/training_loss_epoch_450.csv
[New] Epoch 451/1000 | classify: 2.1226 | voltage: 1.2421 | total: 2.1847
[New] Epoch 452/1000 | classify: 2.0905 | voltage: 1.1918 | total: 2.1501
[New] Epoch 453/1000 | classify: 2.1099 | voltage: 1.2519 | total: 2.1725
[New] Epoch 454/1000 | classify: 2.2091 | voltage: 1.2727 | total: 2.2727
[New] Epoch 455/1000 | classify: 2.0830 | voltage: 1.2362 | total: 2.1448
[New] Epoch 456/1000 | classify: 2.0082 | voltage: 1.2980 | total: 2.0731
[New] Epoch 457/1000 | classify: 2.1488 | voltage: 1.2845 | total: 2.2130
[New] Epoch 458/1000 | classify: 2.1687 | voltage: 1.2608 | total: 2.2317
[New] Epoch 459/1000 | classify: 2.3543 | voltage: 1.2622 | total: 2.4174
[New] Epoch 460/1000 | classify: 2.0630 | voltage: 1.2592 | total: 2.1259
--- 验证集 [epoch 460] ---
  准确率 (Accuracy):  0.7192
  精确率 (Precision): 0.6254
  召回率 (Recall):    0.5920
  F1 分数 (F1):       0.5821
[New] Epoch 461/1000 | classify: 1.9922 | voltage: 1.2757 | total: 2.0559
[New] Epoch 462/1000 | classify: 2.1868 | voltage: 1.2419 | total: 2.2489
[New] Epoch 463/1000 | classify: 2.1718 | voltage: 1.3094 | total: 2.2373
[New] Epoch 464/1000 | classify: 2.1498 | voltage: 1.2696 | total: 2.2133
[New] Epoch 465/1000 | classify: 2.3797 | voltage: 1.2997 | total: 2.4447
[New] Epoch 466/1000 | classify: 2.2347 | voltage: 1.3196 | total: 2.3007
[New] Epoch 467/1000 | classify: 1.9411 | voltage: 1.2975 | total: 2.0060
[New] Epoch 468/1000 | classify: 2.2464 | voltage: 1.3180 | total: 2.3123
[New] Epoch 469/1000 | classify: 2.2347 | voltage: 1.3208 | total: 2.3008
[New] Epoch 470/1000 | classify: 2.2080 | voltage: 1.3243 | total: 2.2742
--- 验证集 [epoch 470] ---
  准确率 (Accuracy):  0.7260
  精确率 (Precision): 0.7275
  召回率 (Recall):    0.6210
  F1 分数 (F1):       0.6074
[New] Epoch 471/1000 | classify: 2.1595 | voltage: 1.3304 | total: 2.2260
[New] Epoch 472/1000 | classify: 2.1221 | voltage: 1.3045 | total: 2.1873
[New] Epoch 473/1000 | classify: 2.3422 | voltage: 1.3201 | total: 2.4082
[New] Epoch 474/1000 | classify: 2.0319 | voltage: 1.3459 | total: 2.0992
[New] Epoch 475/1000 | classify: 2.3170 | voltage: 1.3107 | total: 2.3825
[New] Epoch 476/1000 | classify: 2.3388 | voltage: 1.3315 | total: 2.4054
[New] Epoch 477/1000 | classify: 2.1938 | voltage: 1.3205 | total: 2.2598
[New] Epoch 478/1000 | classify: 2.3213 | voltage: 1.3377 | total: 2.3881
[New] Epoch 479/1000 | classify: 1.9939 | voltage: 1.3361 | total: 2.0607
[New] Epoch 480/1000 | classify: 2.1464 | voltage: 1.3141 | total: 2.2121
--- 验证集 [epoch 480] ---
  准确率 (Accuracy):  0.7260
  精确率 (Precision): 0.6156
  召回率 (Recall):    0.5199
  F1 分数 (F1):       0.4936
[New] Epoch 481/1000 | classify: 2.2752 | voltage: 1.3368 | total: 2.3421
[New] Epoch 482/1000 | classify: 2.2742 | voltage: 1.3269 | total: 2.3406
[New] Epoch 483/1000 | classify: 2.2300 | voltage: 1.3304 | total: 2.2965
[New] Epoch 484/1000 | classify: 2.2403 | voltage: 1.3238 | total: 2.3065
[New] Epoch 485/1000 | classify: 2.1582 | voltage: 1.3441 | total: 2.2254
[New] Epoch 486/1000 | classify: 2.1284 | voltage: 1.3584 | total: 2.1963
[New] Epoch 487/1000 | classify: 1.9592 | voltage: 1.3740 | total: 2.0279
[New] Epoch 488/1000 | classify: 2.0203 | voltage: 1.3664 | total: 2.0886
[New] Epoch 489/1000 | classify: 2.2056 | voltage: 1.3384 | total: 2.2725
[New] Epoch 490/1000 | classify: 2.1053 | voltage: 1.3310 | total: 2.1719
--- 验证集 [epoch 490] ---
  准确率 (Accuracy):  0.6918
  精确率 (Precision): 0.5634
  召回率 (Recall):    0.5289
  F1 分数 (F1):       0.5187
[New] Epoch 491/1000 | classify: 2.2594 | voltage: 1.3409 | total: 2.3265
[New] Epoch 492/1000 | classify: 2.2340 | voltage: 1.3569 | total: 2.3019
[New] Epoch 493/1000 | classify: 2.1202 | voltage: 1.3333 | total: 2.1869
[New] Epoch 494/1000 | classify: 2.2675 | voltage: 1.3803 | total: 2.3365
[New] Epoch 495/1000 | classify: 2.2714 | voltage: 1.3699 | total: 2.3399
[New] Epoch 496/1000 | classify: 2.1205 | voltage: 1.3339 | total: 2.1871
[New] Epoch 497/1000 | classify: 2.1808 | voltage: 1.3717 | total: 2.2494
[New] Epoch 498/1000 | classify: 2.4811 | voltage: 1.3590 | total: 2.5491
[New] Epoch 499/1000 | classify: 2.2333 | voltage: 1.3831 | total: 2.3025
[New] Epoch 500/1000 | classify: 2.3183 | voltage: 1.3470 | total: 2.3857
--- 验证集 [epoch 500] ---
  准确率 (Accuracy):  0.7466
  精确率 (Precision): 0.6312
  召回率 (Recall):    0.6148
  F1 分数 (F1):       0.6028
✅ 模型已保存到 /home/kudouzala/Application/ion_detect/output/trained_model_save/exp_new_e_num_tp2/trained_model_epoch_500.pth
📁 损失值已保存到 /home/kudouzala/Application/ion_detect/output/trained_model_save/exp_new_e_num_tp2/training_loss_epoch_500.csv
[New] Epoch 501/1000 | classify: 2.4659 | voltage: 1.3490 | total: 2.5334
[New] Epoch 502/1000 | classify: 2.3611 | voltage: 1.3803 | total: 2.4301
[New] Epoch 503/1000 | classify: 2.5130 | voltage: 1.3673 | total: 2.5814
[New] Epoch 504/1000 | classify: 2.1675 | voltage: 1.4043 | total: 2.2377
[New] Epoch 505/1000 | classify: 2.4230 | voltage: 1.3903 | total: 2.4926
[New] Epoch 506/1000 | classify: 2.1091 | voltage: 1.4056 | total: 2.1794
[New] Epoch 507/1000 | classify: 2.1242 | voltage: 1.3670 | total: 2.1925
[New] Epoch 508/1000 | classify: 2.5011 | voltage: 1.3975 | total: 2.5710
[New] Epoch 509/1000 | classify: 2.4425 | voltage: 1.3865 | total: 2.5119
[New] Epoch 510/1000 | classify: 2.2488 | voltage: 1.3804 | total: 2.3179
--- 验证集 [epoch 510] ---
  准确率 (Accuracy):  0.7260
  精确率 (Precision): 0.6495
  召回率 (Recall):    0.5545
  F1 分数 (F1):       0.5823
[New] Epoch 511/1000 | classify: 2.0937 | voltage: 1.3785 | total: 2.1626
[New] Epoch 512/1000 | classify: 1.9913 | voltage: 1.3708 | total: 2.0598
[New] Epoch 513/1000 | classify: 2.5281 | voltage: 1.4002 | total: 2.5981
[New] Epoch 514/1000 | classify: 2.2820 | voltage: 1.3774 | total: 2.3509
[New] Epoch 515/1000 | classify: 2.2556 | voltage: 1.4269 | total: 2.3270
[New] Epoch 516/1000 | classify: 2.4919 | voltage: 1.4109 | total: 2.5625
[New] Epoch 517/1000 | classify: 2.2623 | voltage: 1.3950 | total: 2.3320
[New] Epoch 518/1000 | classify: 2.3997 | voltage: 1.4044 | total: 2.4699
[New] Epoch 519/1000 | classify: 2.3230 | voltage: 1.3906 | total: 2.3925
[New] Epoch 520/1000 | classify: 2.5043 | voltage: 1.4092 | total: 2.5747
--- 验证集 [epoch 520] ---
  准确率 (Accuracy):  0.6644
  精确率 (Precision): 0.5928
  召回率 (Recall):    0.5709
  F1 分数 (F1):       0.5449
[New] Epoch 521/1000 | classify: 2.3934 | voltage: 1.3947 | total: 2.4631
[New] Epoch 522/1000 | classify: 2.5070 | voltage: 1.3795 | total: 2.5760
[New] Epoch 523/1000 | classify: 2.3586 | voltage: 1.4214 | total: 2.4297
[New] Epoch 524/1000 | classify: 2.4259 | voltage: 1.4281 | total: 2.4973
[New] Epoch 525/1000 | classify: 2.2972 | voltage: 1.4175 | total: 2.3681
[New] Epoch 526/1000 | classify: 2.2278 | voltage: 1.3976 | total: 2.2976
[New] Epoch 527/1000 | classify: 2.3021 | voltage: 1.4562 | total: 2.3749
[New] Epoch 528/1000 | classify: 2.3607 | voltage: 1.4637 | total: 2.4339
[New] Epoch 529/1000 | classify: 2.3693 | voltage: 1.4401 | total: 2.4413
[New] Epoch 530/1000 | classify: 2.3931 | voltage: 1.4255 | total: 2.4643
--- 验证集 [epoch 530] ---
  准确率 (Accuracy):  0.7466
  精确率 (Precision): 0.6184
  召回率 (Recall):    0.6148
  F1 分数 (F1):       0.5990
[New] Epoch 531/1000 | classify: 1.9370 | voltage: 1.4149 | total: 2.0078
[New] Epoch 532/1000 | classify: 2.2682 | voltage: 1.4277 | total: 2.3396
[New] Epoch 533/1000 | classify: 2.2718 | voltage: 1.4078 | total: 2.3422
[New] Epoch 534/1000 | classify: 2.3570 | voltage: 1.3999 | total: 2.4270
[New] Epoch 535/1000 | classify: 2.2118 | voltage: 1.4442 | total: 2.2840
[New] Epoch 536/1000 | classify: 2.2092 | voltage: 1.4572 | total: 2.2821
[New] Epoch 537/1000 | classify: 2.2659 | voltage: 1.4563 | total: 2.3387
[New] Epoch 538/1000 | classify: 2.5507 | voltage: 1.4273 | total: 2.6221
[New] Epoch 539/1000 | classify: 2.2112 | voltage: 1.4188 | total: 2.2821
[New] Epoch 540/1000 | classify: 2.2209 | voltage: 1.4603 | total: 2.2939
--- 验证集 [epoch 540] ---
  准确率 (Accuracy):  0.6986
  精确率 (Precision): 0.6149
  召回率 (Recall):    0.5243
  F1 分数 (F1):       0.5176
[New] Epoch 541/1000 | classify: 2.4217 | voltage: 1.4781 | total: 2.4956
[New] Epoch 542/1000 | classify: 2.2438 | voltage: 1.4707 | total: 2.3173
[New] Epoch 543/1000 | classify: 2.3273 | voltage: 1.4429 | total: 2.3994
[New] Epoch 544/1000 | classify: 2.1897 | voltage: 1.4811 | total: 2.2638
[New] Epoch 545/1000 | classify: 2.3332 | voltage: 1.4670 | total: 2.4065
[New] Epoch 546/1000 | classify: 2.2800 | voltage: 1.4750 | total: 2.3538
[New] Epoch 547/1000 | classify: 2.3824 | voltage: 1.4867 | total: 2.4567
[New] Epoch 548/1000 | classify: 2.3255 | voltage: 1.4800 | total: 2.3995
[New] Epoch 549/1000 | classify: 2.5135 | voltage: 1.4769 | total: 2.5873
[New] Epoch 550/1000 | classify: 2.4640 | voltage: 1.4930 | total: 2.5387
--- 验证集 [epoch 550] ---
  准确率 (Accuracy):  0.7055
  精确率 (Precision): 0.6383
  召回率 (Recall):    0.5719
  F1 分数 (F1):       0.5486
✅ 模型已保存到 /home/kudouzala/Application/ion_detect/output/trained_model_save/exp_new_e_num_tp2/trained_model_epoch_550.pth
📁 损失值已保存到 /home/kudouzala/Application/ion_detect/output/trained_model_save/exp_new_e_num_tp2/training_loss_epoch_550.csv
[New] Epoch 551/1000 | classify: 2.4102 | voltage: 1.5087 | total: 2.4856
[New] Epoch 552/1000 | classify: 2.5676 | voltage: 1.4851 | total: 2.6418
[New] Epoch 553/1000 | classify: 2.2673 | voltage: 1.5147 | total: 2.3430
[New] Epoch 554/1000 | classify: 2.2650 | voltage: 1.4854 | total: 2.3392
[New] Epoch 555/1000 | classify: 2.3357 | voltage: 1.5345 | total: 2.4124
[New] Epoch 556/1000 | classify: 1.9811 | voltage: 1.4998 | total: 2.0561
[New] Epoch 557/1000 | classify: 2.3481 | voltage: 1.4830 | total: 2.4223
[New] Epoch 558/1000 | classify: 2.3483 | voltage: 1.5272 | total: 2.4246
[New] Epoch 559/1000 | classify: 2.3487 | voltage: 1.5063 | total: 2.4241
[New] Epoch 560/1000 | classify: 2.2639 | voltage: 1.5105 | total: 2.3394
--- 验证集 [epoch 560] ---
  准确率 (Accuracy):  0.7740
  精确率 (Precision): 0.7283
  召回率 (Recall):    0.6224
  F1 分数 (F1):       0.6384
[New] Epoch 561/1000 | classify: 2.2126 | voltage: 1.4860 | total: 2.2869
[New] Epoch 562/1000 | classify: 2.0093 | voltage: 1.4820 | total: 2.0834
[New] Epoch 563/1000 | classify: 2.2755 | voltage: 1.5016 | total: 2.3506
[New] Epoch 564/1000 | classify: 2.1355 | voltage: 1.4460 | total: 2.2078
[New] Epoch 565/1000 | classify: 2.3756 | voltage: 1.5066 | total: 2.4509
[New] Epoch 566/1000 | classify: 2.2772 | voltage: 1.5261 | total: 2.3535
[New] Epoch 567/1000 | classify: 2.4193 | voltage: 1.5225 | total: 2.4954
[New] Epoch 568/1000 | classify: 2.6022 | voltage: 1.5317 | total: 2.6788
[New] Epoch 569/1000 | classify: 2.7222 | voltage: 1.5353 | total: 2.7989
[New] Epoch 570/1000 | classify: 2.3896 | voltage: 1.5344 | total: 2.4663
--- 验证集 [epoch 570] ---
  准确率 (Accuracy):  0.7671
  精确率 (Precision): 0.7030
  召回率 (Recall):    0.6145
  F1 分数 (F1):       0.6220
[New] Epoch 571/1000 | classify: 2.2649 | voltage: 1.4909 | total: 2.3395
[New] Epoch 572/1000 | classify: 2.2084 | voltage: 1.5313 | total: 2.2849
[New] Epoch 573/1000 | classify: 2.3430 | voltage: 1.5464 | total: 2.4203
[New] Epoch 574/1000 | classify: 2.5293 | voltage: 1.5513 | total: 2.6069
[New] Epoch 575/1000 | classify: 2.5567 | voltage: 1.5124 | total: 2.6324
[New] Epoch 576/1000 | classify: 2.4846 | voltage: 1.5333 | total: 2.5613
[New] Epoch 577/1000 | classify: 2.3151 | voltage: 1.5485 | total: 2.3925
[New] Epoch 578/1000 | classify: 2.1351 | voltage: 1.5798 | total: 2.2141
[New] Epoch 579/1000 | classify: 2.4088 | voltage: 1.5236 | total: 2.4850
[New] Epoch 580/1000 | classify: 2.1685 | voltage: 1.5222 | total: 2.2446
--- 验证集 [epoch 580] ---
  准确率 (Accuracy):  0.7123
  精确率 (Precision): 0.5823
  召回率 (Recall):    0.5726
  F1 分数 (F1):       0.5562
[New] Epoch 581/1000 | classify: 2.2605 | voltage: 1.5800 | total: 2.3395
[New] Epoch 582/1000 | classify: 2.4117 | voltage: 1.5348 | total: 2.4884
[New] Epoch 583/1000 | classify: 2.6265 | voltage: 1.5799 | total: 2.7055
[New] Epoch 584/1000 | classify: 2.3293 | voltage: 1.5364 | total: 2.4061
[New] Epoch 585/1000 | classify: 2.1979 | voltage: 1.5777 | total: 2.2767
[New] Epoch 586/1000 | classify: 2.3179 | voltage: 1.6031 | total: 2.3981
[New] Epoch 587/1000 | classify: 2.2424 | voltage: 1.5449 | total: 2.3197
[New] Epoch 588/1000 | classify: 2.2770 | voltage: 1.5846 | total: 2.3562
[New] Epoch 589/1000 | classify: 2.3503 | voltage: 1.5837 | total: 2.4295
[New] Epoch 590/1000 | classify: 2.2666 | voltage: 1.5852 | total: 2.3459
--- 验证集 [epoch 590] ---
  准确率 (Accuracy):  0.6918
  精确率 (Precision): 0.5299
  召回率 (Recall):    0.4971
  F1 分数 (F1):       0.4767
[New] Epoch 591/1000 | classify: 2.1909 | voltage: 1.6042 | total: 2.2711
[New] Epoch 592/1000 | classify: 2.2537 | voltage: 1.5722 | total: 2.3323
[New] Epoch 593/1000 | classify: 2.4154 | voltage: 1.5559 | total: 2.4932
[New] Epoch 594/1000 | classify: 2.1479 | voltage: 1.6062 | total: 2.2282
[New] Epoch 595/1000 | classify: 2.2309 | voltage: 1.5721 | total: 2.3095
[New] Epoch 596/1000 | classify: 2.4933 | voltage: 1.5869 | total: 2.5727
[New] Epoch 597/1000 | classify: 2.3303 | voltage: 1.5958 | total: 2.4101
[New] Epoch 598/1000 | classify: 2.3851 | voltage: 1.6403 | total: 2.4671
[New] Epoch 599/1000 | classify: 2.3804 | voltage: 1.5897 | total: 2.4599
[New] Epoch 600/1000 | classify: 2.2217 | voltage: 1.5996 | total: 2.3016
--- 验证集 [epoch 600] ---
  准确率 (Accuracy):  0.7192
  精确率 (Precision): 0.6306
  召回率 (Recall):    0.5451
  F1 分数 (F1):       0.5467
✅ 模型已保存到 /home/kudouzala/Application/ion_detect/output/trained_model_save/exp_new_e_num_tp2/trained_model_epoch_600.pth
📁 损失值已保存到 /home/kudouzala/Application/ion_detect/output/trained_model_save/exp_new_e_num_tp2/training_loss_epoch_600.csv
[New] Epoch 601/1000 | classify: 2.4082 | voltage: 1.6011 | total: 2.4883
[New] Epoch 602/1000 | classify: 2.1073 | voltage: 1.6077 | total: 2.1877
[New] Epoch 603/1000 | classify: 2.4904 | voltage: 1.6163 | total: 2.5712
[New] Epoch 604/1000 | classify: 2.3085 | voltage: 1.6253 | total: 2.3898
[New] Epoch 605/1000 | classify: 2.2948 | voltage: 1.6115 | total: 2.3754
[New] Epoch 606/1000 | classify: 2.4606 | voltage: 1.6711 | total: 2.5441
[New] Epoch 607/1000 | classify: 2.4298 | voltage: 1.6195 | total: 2.5108
[New] Epoch 608/1000 | classify: 2.3514 | voltage: 1.6668 | total: 2.4347
[New] Epoch 609/1000 | classify: 2.4465 | voltage: 1.6143 | total: 2.5272
[New] Epoch 610/1000 | classify: 2.2514 | voltage: 1.6422 | total: 2.3336
--- 验证集 [epoch 610] ---
  准确率 (Accuracy):  0.7260
  精确率 (Precision): 0.6278
  召回率 (Recall):    0.5617
  F1 分数 (F1):       0.5661
[New] Epoch 611/1000 | classify: 2.3471 | voltage: 1.6125 | total: 2.4277
[New] Epoch 612/1000 | classify: 2.2922 | voltage: 1.6110 | total: 2.3728
[New] Epoch 613/1000 | classify: 2.1864 | voltage: 1.6385 | total: 2.2683
[New] Epoch 614/1000 | classify: 2.2318 | voltage: 1.6646 | total: 2.3150
[New] Epoch 615/1000 | classify: 2.4292 | voltage: 1.6146 | total: 2.5099
[New] Epoch 616/1000 | classify: 2.3078 | voltage: 1.6245 | total: 2.3890
[New] Epoch 617/1000 | classify: 2.5114 | voltage: 1.6721 | total: 2.5950
[New] Epoch 618/1000 | classify: 2.5224 | voltage: 1.6575 | total: 2.6053
[New] Epoch 619/1000 | classify: 2.3550 | voltage: 1.6883 | total: 2.4394
[New] Epoch 620/1000 | classify: 2.2483 | voltage: 1.6368 | total: 2.3301
--- 验证集 [epoch 620] ---
  准确率 (Accuracy):  0.7534
  精确率 (Precision): 0.6732
  召回率 (Recall):    0.5955
  F1 分数 (F1):       0.6078
[New] Epoch 621/1000 | classify: 2.2808 | voltage: 1.6612 | total: 2.3638
[New] Epoch 622/1000 | classify: 2.4014 | voltage: 1.6095 | total: 2.4819
[New] Epoch 623/1000 | classify: 2.3117 | voltage: 1.6421 | total: 2.3938
[New] Epoch 624/1000 | classify: 2.5157 | voltage: 1.6586 | total: 2.5986
[New] Epoch 625/1000 | classify: 2.2023 | voltage: 1.6874 | total: 2.2867
[New] Epoch 626/1000 | classify: 2.4020 | voltage: 1.6766 | total: 2.4859
[New] Epoch 627/1000 | classify: 2.2222 | voltage: 1.6805 | total: 2.3062
[New] Epoch 628/1000 | classify: 2.6080 | voltage: 1.6837 | total: 2.6922
[New] Epoch 629/1000 | classify: 2.2871 | voltage: 1.6975 | total: 2.3720
[New] Epoch 630/1000 | classify: 2.3125 | voltage: 1.6270 | total: 2.3939
--- 验证集 [epoch 630] ---
  准确率 (Accuracy):  0.7260
  精确率 (Precision): 0.6744
  召回率 (Recall):    0.5873
  F1 分数 (F1):       0.5933
[New] Epoch 631/1000 | classify: 2.3584 | voltage: 1.6762 | total: 2.4422
[New] Epoch 632/1000 | classify: 2.3751 | voltage: 1.6833 | total: 2.4593
[New] Epoch 633/1000 | classify: 2.6392 | voltage: 1.7214 | total: 2.7252
[New] Epoch 634/1000 | classify: 2.5056 | voltage: 1.7033 | total: 2.5908
[New] Epoch 635/1000 | classify: 2.6326 | voltage: 1.6966 | total: 2.7174
[New] Epoch 636/1000 | classify: 2.4711 | voltage: 1.7110 | total: 2.5566
[New] Epoch 637/1000 | classify: 2.3930 | voltage: 1.7179 | total: 2.4789
[New] Epoch 638/1000 | classify: 2.2923 | voltage: 1.6989 | total: 2.3773
[New] Epoch 639/1000 | classify: 2.2688 | voltage: 1.6772 | total: 2.3526
[New] Epoch 640/1000 | classify: 2.3143 | voltage: 1.7248 | total: 2.4005
--- 验证集 [epoch 640] ---
  准确率 (Accuracy):  0.7466
  精确率 (Precision): 0.7743
  召回率 (Recall):    0.6206
  F1 分数 (F1):       0.6196
[New] Epoch 641/1000 | classify: 2.3030 | voltage: 1.7196 | total: 2.3890
[New] Epoch 642/1000 | classify: 2.3110 | voltage: 1.6924 | total: 2.3956
[New] Epoch 643/1000 | classify: 2.2956 | voltage: 1.6964 | total: 2.3805
[New] Epoch 644/1000 | classify: 2.2864 | voltage: 1.6967 | total: 2.3713
[New] Epoch 645/1000 | classify: 2.3837 | voltage: 1.7196 | total: 2.4697
[New] Epoch 646/1000 | classify: 2.2537 | voltage: 1.6855 | total: 2.3380
[New] Epoch 647/1000 | classify: 2.3510 | voltage: 1.7343 | total: 2.4377
[New] Epoch 648/1000 | classify: 2.3235 | voltage: 1.7468 | total: 2.4108
[New] Epoch 649/1000 | classify: 2.4498 | voltage: 1.7241 | total: 2.5360
[New] Epoch 650/1000 | classify: 2.3780 | voltage: 1.7314 | total: 2.4645
--- 验证集 [epoch 650] ---
  准确率 (Accuracy):  0.6507
  精确率 (Precision): 0.5796
  召回率 (Recall):    0.5366
  F1 分数 (F1):       0.5158
✅ 模型已保存到 /home/kudouzala/Application/ion_detect/output/trained_model_save/exp_new_e_num_tp2/trained_model_epoch_650.pth
📁 损失值已保存到 /home/kudouzala/Application/ion_detect/output/trained_model_save/exp_new_e_num_tp2/training_loss_epoch_650.csv
[New] Epoch 651/1000 | classify: 2.2963 | voltage: 1.7596 | total: 2.3843
[New] Epoch 652/1000 | classify: 2.2852 | voltage: 1.7130 | total: 2.3709
[New] Epoch 653/1000 | classify: 2.3973 | voltage: 1.7159 | total: 2.4831
[New] Epoch 654/1000 | classify: 2.3140 | voltage: 1.7077 | total: 2.3994
[New] Epoch 655/1000 | classify: 2.3575 | voltage: 1.7774 | total: 2.4464
[New] Epoch 656/1000 | classify: 2.3503 | voltage: 1.7848 | total: 2.4395
[New] Epoch 657/1000 | classify: 2.3098 | voltage: 1.7280 | total: 2.3962
[New] Epoch 658/1000 | classify: 2.3791 | voltage: 1.7036 | total: 2.4643
[New] Epoch 659/1000 | classify: 2.3453 | voltage: 1.7438 | total: 2.4325
[New] Epoch 660/1000 | classify: 2.2759 | voltage: 1.7120 | total: 2.3615
--- 验证集 [epoch 660] ---
  准确率 (Accuracy):  0.7192
  精确率 (Precision): 0.5775
  召回率 (Recall):    0.5349
  F1 分数 (F1):       0.5301
[New] Epoch 661/1000 | classify: 2.2678 | voltage: 1.7710 | total: 2.3564
[New] Epoch 662/1000 | classify: 2.5486 | voltage: 1.8058 | total: 2.6389
[New] Epoch 663/1000 | classify: 2.2746 | voltage: 1.7971 | total: 2.3645
[New] Epoch 664/1000 | classify: 2.4780 | voltage: 1.7539 | total: 2.5657
[New] Epoch 665/1000 | classify: 2.2193 | voltage: 1.7670 | total: 2.3076
[New] Epoch 666/1000 | classify: 2.1877 | voltage: 1.7850 | total: 2.2769
[New] Epoch 667/1000 | classify: 2.3791 | voltage: 1.8017 | total: 2.4692
[New] Epoch 668/1000 | classify: 2.5562 | voltage: 1.7492 | total: 2.6436
[New] Epoch 669/1000 | classify: 2.5410 | voltage: 1.7956 | total: 2.6308
[New] Epoch 670/1000 | classify: 2.3735 | voltage: 1.7945 | total: 2.4632
--- 验证集 [epoch 670] ---
  准确率 (Accuracy):  0.7055
  精确率 (Precision): 0.5626
  召回率 (Recall):    0.5012
  F1 分数 (F1):       0.5094
[New] Epoch 671/1000 | classify: 2.3722 | voltage: 1.7767 | total: 2.4610
[New] Epoch 672/1000 | classify: 2.5576 | voltage: 1.7846 | total: 2.6468
[New] Epoch 673/1000 | classify: 2.3015 | voltage: 1.7855 | total: 2.3908
[New] Epoch 674/1000 | classify: 2.4562 | voltage: 1.7821 | total: 2.5453
[New] Epoch 675/1000 | classify: 2.4697 | voltage: 1.8175 | total: 2.5605
[New] Epoch 676/1000 | classify: 2.3334 | voltage: 1.7893 | total: 2.4228
[New] Epoch 677/1000 | classify: 2.2955 | voltage: 1.8043 | total: 2.3858
[New] Epoch 678/1000 | classify: 2.2708 | voltage: 1.7522 | total: 2.3585
[New] Epoch 679/1000 | classify: 2.2233 | voltage: 1.8085 | total: 2.3137
[New] Epoch 680/1000 | classify: 2.2667 | voltage: 1.7953 | total: 2.3564
--- 验证集 [epoch 680] ---
  准确率 (Accuracy):  0.7534
  精确率 (Precision): 0.6432
  召回率 (Recall):    0.5995
  F1 分数 (F1):       0.5960
[New] Epoch 681/1000 | classify: 2.1643 | voltage: 1.8202 | total: 2.2553
[New] Epoch 682/1000 | classify: 2.4148 | voltage: 1.8154 | total: 2.5056
[New] Epoch 683/1000 | classify: 2.4847 | voltage: 1.8264 | total: 2.5760
[New] Epoch 684/1000 | classify: 2.3031 | voltage: 1.7933 | total: 2.3928
[New] Epoch 685/1000 | classify: 2.4615 | voltage: 1.8076 | total: 2.5519
[New] Epoch 686/1000 | classify: 2.3915 | voltage: 1.8141 | total: 2.4822
[New] Epoch 687/1000 | classify: 2.6310 | voltage: 1.8009 | total: 2.7210
[New] Epoch 688/1000 | classify: 2.3341 | voltage: 1.8210 | total: 2.4251
[New] Epoch 689/1000 | classify: 2.2572 | voltage: 1.8430 | total: 2.3494
[New] Epoch 690/1000 | classify: 2.2666 | voltage: 1.8250 | total: 2.3579
--- 验证集 [epoch 690] ---
  准确率 (Accuracy):  0.7466
  精确率 (Precision): 0.6378
  召回率 (Recall):    0.5974
  F1 分数 (F1):       0.5922
[New] Epoch 691/1000 | classify: 2.3288 | voltage: 1.8724 | total: 2.4224
[New] Epoch 692/1000 | classify: 2.4892 | voltage: 1.8450 | total: 2.5814
[New] Epoch 693/1000 | classify: 2.4866 | voltage: 1.7988 | total: 2.5765
[New] Epoch 694/1000 | classify: 2.2068 | voltage: 1.8371 | total: 2.2987
[New] Epoch 695/1000 | classify: 2.4533 | voltage: 1.8649 | total: 2.5465
[New] Epoch 696/1000 | classify: 2.2903 | voltage: 1.8305 | total: 2.3818
[New] Epoch 697/1000 | classify: 2.1775 | voltage: 1.8477 | total: 2.2699
[New] Epoch 698/1000 | classify: 2.5086 | voltage: 1.8346 | total: 2.6004
[New] Epoch 699/1000 | classify: 2.5731 | voltage: 1.8302 | total: 2.6646
[New] Epoch 700/1000 | classify: 2.2281 | voltage: 1.8078 | total: 2.3185
--- 验证集 [epoch 700] ---
  准确率 (Accuracy):  0.7329
  精确率 (Precision): 0.6918
  召回率 (Recall):    0.5846
  F1 分数 (F1):       0.5979
✅ 模型已保存到 /home/kudouzala/Application/ion_detect/output/trained_model_save/exp_new_e_num_tp2/trained_model_epoch_700.pth
📁 损失值已保存到 /home/kudouzala/Application/ion_detect/output/trained_model_save/exp_new_e_num_tp2/training_loss_epoch_700.csv
[New] Epoch 701/1000 | classify: 2.3713 | voltage: 1.8533 | total: 2.4639
[New] Epoch 702/1000 | classify: 2.2542 | voltage: 1.8680 | total: 2.3476
[New] Epoch 703/1000 | classify: 2.2964 | voltage: 1.8299 | total: 2.3879
[New] Epoch 704/1000 | classify: 2.3983 | voltage: 1.8807 | total: 2.4923
[New] Epoch 705/1000 | classify: 2.2738 | voltage: 1.8763 | total: 2.3676
[New] Epoch 706/1000 | classify: 2.3922 | voltage: 1.8264 | total: 2.4835
[New] Epoch 707/1000 | classify: 2.3505 | voltage: 1.8758 | total: 2.4443
[New] Epoch 708/1000 | classify: 2.2801 | voltage: 1.9059 | total: 2.3754
[New] Epoch 709/1000 | classify: 2.5591 | voltage: 1.8551 | total: 2.6519
[New] Epoch 710/1000 | classify: 2.1464 | voltage: 1.9016 | total: 2.2415
--- 验证集 [epoch 710] ---
  准确率 (Accuracy):  0.7466
  精确率 (Precision): 0.6490
  召回率 (Recall):    0.6148
  F1 分数 (F1):       0.6017
[New] Epoch 711/1000 | classify: 2.4343 | voltage: 1.8854 | total: 2.5286
[New] Epoch 712/1000 | classify: 2.6056 | voltage: 1.8700 | total: 2.6991
[New] Epoch 713/1000 | classify: 2.3945 | voltage: 1.8852 | total: 2.4888
[New] Epoch 714/1000 | classify: 2.3255 | voltage: 1.8602 | total: 2.4185
[New] Epoch 715/1000 | classify: 2.2167 | voltage: 1.8550 | total: 2.3094
[New] Epoch 716/1000 | classify: 2.4359 | voltage: 1.8658 | total: 2.5292
[New] Epoch 717/1000 | classify: 2.1551 | voltage: 1.9042 | total: 2.2503
[New] Epoch 718/1000 | classify: 2.5152 | voltage: 1.8883 | total: 2.6096
[New] Epoch 719/1000 | classify: 2.4334 | voltage: 1.9276 | total: 2.5298
[New] Epoch 720/1000 | classify: 2.4379 | voltage: 1.8826 | total: 2.5321
--- 验证集 [epoch 720] ---
  准确率 (Accuracy):  0.7397
  精确率 (Precision): 0.7320
  召回率 (Recall):    0.6094
  F1 分数 (F1):       0.5937
[New] Epoch 721/1000 | classify: 2.2303 | voltage: 1.8803 | total: 2.3243
[New] Epoch 722/1000 | classify: 2.1680 | voltage: 1.8755 | total: 2.2618
[New] Epoch 723/1000 | classify: 2.3568 | voltage: 1.8667 | total: 2.4502
[New] Epoch 724/1000 | classify: 2.2248 | voltage: 1.9256 | total: 2.3211
[New] Epoch 725/1000 | classify: 2.4438 | voltage: 1.8423 | total: 2.5359
[New] Epoch 726/1000 | classify: 2.1746 | voltage: 1.8612 | total: 2.2676
[New] Epoch 727/1000 | classify: 2.2464 | voltage: 1.8878 | total: 2.3408
[New] Epoch 728/1000 | classify: 2.2524 | voltage: 1.8768 | total: 2.3463
[New] Epoch 729/1000 | classify: 2.3710 | voltage: 1.9013 | total: 2.4660
[New] Epoch 730/1000 | classify: 2.2120 | voltage: 1.9004 | total: 2.3070
--- 验证集 [epoch 730] ---
  准确率 (Accuracy):  0.7260
  精确率 (Precision): 0.6312
  召回率 (Recall):    0.5420
  F1 分数 (F1):       0.5586
[New] Epoch 731/1000 | classify: 2.4872 | voltage: 1.9014 | total: 2.5823
[New] Epoch 732/1000 | classify: 2.2480 | voltage: 1.9141 | total: 2.3437
[New] Epoch 733/1000 | classify: 2.1437 | voltage: 1.8829 | total: 2.2379
[New] Epoch 734/1000 | classify: 2.3240 | voltage: 1.8986 | total: 2.4189
[New] Epoch 735/1000 | classify: 2.3777 | voltage: 1.9429 | total: 2.4748
[New] Epoch 736/1000 | classify: 2.1562 | voltage: 1.9267 | total: 2.2525
[New] Epoch 737/1000 | classify: 2.5732 | voltage: 1.9745 | total: 2.6719
[New] Epoch 738/1000 | classify: 2.3245 | voltage: 1.9192 | total: 2.4205
[New] Epoch 739/1000 | classify: 2.6998 | voltage: 1.9458 | total: 2.7971
[New] Epoch 740/1000 | classify: 2.3913 | voltage: 1.9429 | total: 2.4885
--- 验证集 [epoch 740] ---
  准确率 (Accuracy):  0.7329
  精确率 (Precision): 0.6571
  召回率 (Recall):    0.5924
  F1 分数 (F1):       0.5952
[New] Epoch 741/1000 | classify: 2.4656 | voltage: 1.9060 | total: 2.5609
[New] Epoch 742/1000 | classify: 2.3982 | voltage: 1.9314 | total: 2.4948
[New] Epoch 743/1000 | classify: 2.3491 | voltage: 1.9429 | total: 2.4463
[New] Epoch 744/1000 | classify: 2.2659 | voltage: 1.9291 | total: 2.3623
[New] Epoch 745/1000 | classify: 2.3970 | voltage: 1.9261 | total: 2.4933
[New] Epoch 746/1000 | classify: 2.2961 | voltage: 1.9307 | total: 2.3926
[New] Epoch 747/1000 | classify: 2.4671 | voltage: 1.9163 | total: 2.5629
[New] Epoch 748/1000 | classify: 2.3398 | voltage: 1.9041 | total: 2.4350
[New] Epoch 749/1000 | classify: 2.3922 | voltage: 1.9737 | total: 2.4909
[New] Epoch 750/1000 | classify: 2.3804 | voltage: 1.9534 | total: 2.4781
--- 验证集 [epoch 750] ---
  准确率 (Accuracy):  0.7397
  精确率 (Precision): 0.6099
  召回率 (Recall):    0.5808
  F1 分数 (F1):       0.5761
✅ 模型已保存到 /home/kudouzala/Application/ion_detect/output/trained_model_save/exp_new_e_num_tp2/trained_model_epoch_750.pth
📁 损失值已保存到 /home/kudouzala/Application/ion_detect/output/trained_model_save/exp_new_e_num_tp2/training_loss_epoch_750.csv
[New] Epoch 751/1000 | classify: 2.2342 | voltage: 1.9683 | total: 2.3327
[New] Epoch 752/1000 | classify: 2.1884 | voltage: 1.9663 | total: 2.2867
[New] Epoch 753/1000 | classify: 2.3352 | voltage: 1.9700 | total: 2.4337
[New] Epoch 754/1000 | classify: 2.1896 | voltage: 1.9373 | total: 2.2865
[New] Epoch 755/1000 | classify: 2.2369 | voltage: 1.9352 | total: 2.3337
[New] Epoch 756/1000 | classify: 2.4484 | voltage: 1.9908 | total: 2.5480
[New] Epoch 757/1000 | classify: 2.3922 | voltage: 1.9595 | total: 2.4902
[New] Epoch 758/1000 | classify: 2.4855 | voltage: 1.9613 | total: 2.5836
[New] Epoch 759/1000 | classify: 2.5318 | voltage: 1.9251 | total: 2.6280
[New] Epoch 760/1000 | classify: 2.3602 | voltage: 1.9600 | total: 2.4582
--- 验证集 [epoch 760] ---
  准确率 (Accuracy):  0.7123
  精确率 (Precision): 0.5699
  召回率 (Recall):    0.5131
  F1 分数 (F1):       0.5211
[New] Epoch 761/1000 | classify: 2.0870 | voltage: 1.9208 | total: 2.1830
[New] Epoch 762/1000 | classify: 2.3609 | voltage: 1.9581 | total: 2.4588
[New] Epoch 763/1000 | classify: 2.4558 | voltage: 1.9875 | total: 2.5552
[New] Epoch 764/1000 | classify: 2.3573 | voltage: 1.9445 | total: 2.4546
[New] Epoch 765/1000 | classify: 2.4684 | voltage: 1.9863 | total: 2.5677
[New] Epoch 766/1000 | classify: 2.3689 | voltage: 1.9380 | total: 2.4658
[New] Epoch 767/1000 | classify: 2.5801 | voltage: 1.9474 | total: 2.6775
[New] Epoch 768/1000 | classify: 2.3872 | voltage: 2.0094 | total: 2.4877
[New] Epoch 769/1000 | classify: 2.5370 | voltage: 1.9850 | total: 2.6362
[New] Epoch 770/1000 | classify: 2.2786 | voltage: 2.0060 | total: 2.3789
--- 验证集 [epoch 770] ---
  准确率 (Accuracy):  0.7123
  精确率 (Precision): 0.6461
  召回率 (Recall):    0.5704
  F1 分数 (F1):       0.5819
[New] Epoch 771/1000 | classify: 2.4189 | voltage: 1.9590 | total: 2.5168
[New] Epoch 772/1000 | classify: 2.4590 | voltage: 1.9558 | total: 2.5568
[New] Epoch 773/1000 | classify: 2.1390 | voltage: 1.9615 | total: 2.2371
[New] Epoch 774/1000 | classify: 2.3701 | voltage: 1.9717 | total: 2.4687
[New] Epoch 775/1000 | classify: 2.3655 | voltage: 1.9861 | total: 2.4648
[New] Epoch 776/1000 | classify: 2.3325 | voltage: 1.9780 | total: 2.4314
[New] Epoch 777/1000 | classify: 2.3140 | voltage: 1.9643 | total: 2.4122
[New] Epoch 778/1000 | classify: 2.5288 | voltage: 1.9539 | total: 2.6265
[New] Epoch 779/1000 | classify: 2.3433 | voltage: 2.0043 | total: 2.4436
[New] Epoch 780/1000 | classify: 2.5506 | voltage: 1.9710 | total: 2.6491
--- 验证集 [epoch 780] ---
  准确率 (Accuracy):  0.7192
  精确率 (Precision): 0.6636
  召回率 (Recall):    0.5611
  F1 分数 (F1):       0.5738
[New] Epoch 781/1000 | classify: 2.1824 | voltage: 1.9556 | total: 2.2802
[New] Epoch 782/1000 | classify: 2.2494 | voltage: 2.0067 | total: 2.3497
[New] Epoch 783/1000 | classify: 2.2844 | voltage: 1.9798 | total: 2.3834
[New] Epoch 784/1000 | classify: 2.4009 | voltage: 1.9656 | total: 2.4992
[New] Epoch 785/1000 | classify: 2.2440 | voltage: 1.9810 | total: 2.3430
[New] Epoch 786/1000 | classify: 2.2512 | voltage: 1.9984 | total: 2.3512
[New] Epoch 787/1000 | classify: 2.4296 | voltage: 1.9945 | total: 2.5293
[New] Epoch 788/1000 | classify: 2.4882 | voltage: 1.9893 | total: 2.5877
[New] Epoch 789/1000 | classify: 2.1051 | voltage: 1.9684 | total: 2.2036
[New] Epoch 790/1000 | classify: 2.4107 | voltage: 1.9742 | total: 2.5094
--- 验证集 [epoch 790] ---
  准确率 (Accuracy):  0.7740
  精确率 (Precision): 0.7247
  召回率 (Recall):    0.6394
  F1 分数 (F1):       0.6557
[New] Epoch 791/1000 | classify: 2.3209 | voltage: 1.9732 | total: 2.4196
[New] Epoch 792/1000 | classify: 2.5560 | voltage: 2.0118 | total: 2.6566
[New] Epoch 793/1000 | classify: 2.4042 | voltage: 2.0072 | total: 2.5045
[New] Epoch 794/1000 | classify: 2.1842 | voltage: 1.9700 | total: 2.2827
[New] Epoch 795/1000 | classify: 2.2397 | voltage: 2.0540 | total: 2.3424
[New] Epoch 796/1000 | classify: 2.1463 | voltage: 2.0140 | total: 2.2470
[New] Epoch 797/1000 | classify: 2.2487 | voltage: 1.9608 | total: 2.3467
[New] Epoch 798/1000 | classify: 2.1803 | voltage: 1.9700 | total: 2.2788
[New] Epoch 799/1000 | classify: 2.5812 | voltage: 1.9794 | total: 2.6802
[New] Epoch 800/1000 | classify: 2.2911 | voltage: 2.0008 | total: 2.3911
--- 验证集 [epoch 800] ---
  准确率 (Accuracy):  0.7397
  精确率 (Precision): 0.6974
  召回率 (Recall):    0.5989
  F1 分数 (F1):       0.6043
✅ 模型已保存到 /home/kudouzala/Application/ion_detect/output/trained_model_save/exp_new_e_num_tp2/trained_model_epoch_800.pth
📁 损失值已保存到 /home/kudouzala/Application/ion_detect/output/trained_model_save/exp_new_e_num_tp2/training_loss_epoch_800.csv
[New] Epoch 801/1000 | classify: 2.2732 | voltage: 2.0031 | total: 2.3734
[New] Epoch 802/1000 | classify: 2.2536 | voltage: 2.0049 | total: 2.3539
[New] Epoch 803/1000 | classify: 2.0610 | voltage: 2.0047 | total: 2.1613
[New] Epoch 804/1000 | classify: 2.3499 | voltage: 2.0278 | total: 2.4513
[New] Epoch 805/1000 | classify: 2.3858 | voltage: 2.0253 | total: 2.4871
[New] Epoch 806/1000 | classify: 2.5477 | voltage: 2.0312 | total: 2.6492
[New] Epoch 807/1000 | classify: 2.1285 | voltage: 1.9876 | total: 2.2279
[New] Epoch 808/1000 | classify: 2.3982 | voltage: 2.0314 | total: 2.4997
[New] Epoch 809/1000 | classify: 2.4631 | voltage: 1.9970 | total: 2.5630
[New] Epoch 810/1000 | classify: 2.3892 | voltage: 2.0021 | total: 2.4893
--- 验证集 [epoch 810] ---
  准确率 (Accuracy):  0.7260
  精确率 (Precision): 0.6448
  召回率 (Recall):    0.5951
  F1 分数 (F1):       0.5934
[New] Epoch 811/1000 | classify: 2.0828 | voltage: 2.0062 | total: 2.1832
[New] Epoch 812/1000 | classify: 2.2392 | voltage: 2.0436 | total: 2.3413
[New] Epoch 813/1000 | classify: 2.3582 | voltage: 2.0213 | total: 2.4592
[New] Epoch 814/1000 | classify: 2.3463 | voltage: 2.0037 | total: 2.4465
[New] Epoch 815/1000 | classify: 2.4422 | voltage: 2.0326 | total: 2.5438
[New] Epoch 816/1000 | classify: 2.3541 | voltage: 2.0149 | total: 2.4548
[New] Epoch 817/1000 | classify: 2.2986 | voltage: 1.9935 | total: 2.3983
[New] Epoch 818/1000 | classify: 2.3939 | voltage: 2.0813 | total: 2.4980
[New] Epoch 819/1000 | classify: 2.5326 | voltage: 2.0245 | total: 2.6338
[New] Epoch 820/1000 | classify: 2.5315 | voltage: 2.0410 | total: 2.6335
--- 验证集 [epoch 820] ---
  准确率 (Accuracy):  0.7055
  精确率 (Precision): 0.5899
  召回率 (Recall):    0.5434
  F1 分数 (F1):       0.5285
[New] Epoch 821/1000 | classify: 2.3948 | voltage: 2.0280 | total: 2.4962
[New] Epoch 822/1000 | classify: 2.3128 | voltage: 2.0474 | total: 2.4152
[New] Epoch 823/1000 | classify: 2.0958 | voltage: 2.0452 | total: 2.1980
[New] Epoch 824/1000 | classify: 2.3791 | voltage: 2.0516 | total: 2.4816
[New] Epoch 825/1000 | classify: 2.2874 | voltage: 2.0521 | total: 2.3900
[New] Epoch 826/1000 | classify: 2.1682 | voltage: 2.0470 | total: 2.2705
[New] Epoch 827/1000 | classify: 2.1627 | voltage: 2.0015 | total: 2.2628
[New] Epoch 828/1000 | classify: 2.1516 | voltage: 2.0477 | total: 2.2540
[New] Epoch 829/1000 | classify: 2.2627 | voltage: 2.0514 | total: 2.3653
[New] Epoch 830/1000 | classify: 2.5150 | voltage: 2.0272 | total: 2.6163
--- 验证集 [epoch 830] ---
  准确率 (Accuracy):  0.6986
  精确率 (Precision): 0.6710
  召回率 (Recall):    0.5646
  F1 分数 (F1):       0.5599
[New] Epoch 831/1000 | classify: 2.4295 | voltage: 2.0253 | total: 2.5308
[New] Epoch 832/1000 | classify: 2.1813 | voltage: 2.0657 | total: 2.2846
[New] Epoch 833/1000 | classify: 2.2689 | voltage: 2.0504 | total: 2.3714
[New] Epoch 834/1000 | classify: 2.1775 | voltage: 2.0486 | total: 2.2799
[New] Epoch 835/1000 | classify: 2.2464 | voltage: 2.0211 | total: 2.3474
[New] Epoch 836/1000 | classify: 2.1939 | voltage: 2.0455 | total: 2.2962
[New] Epoch 837/1000 | classify: 2.2260 | voltage: 2.0271 | total: 2.3274
[New] Epoch 838/1000 | classify: 2.2810 | voltage: 2.0685 | total: 2.3844
[New] Epoch 839/1000 | classify: 2.2799 | voltage: 2.0389 | total: 2.3818
[New] Epoch 840/1000 | classify: 2.2206 | voltage: 2.0477 | total: 2.3230
--- 验证集 [epoch 840] ---
  准确率 (Accuracy):  0.7123
  精确率 (Precision): 0.6741
  召回率 (Recall):    0.5687
  F1 分数 (F1):       0.5729
[New] Epoch 841/1000 | classify: 2.0747 | voltage: 2.0681 | total: 2.1781
[New] Epoch 842/1000 | classify: 2.4158 | voltage: 2.0879 | total: 2.5201
[New] Epoch 843/1000 | classify: 2.3176 | voltage: 2.0558 | total: 2.4204
[New] Epoch 844/1000 | classify: 2.3094 | voltage: 2.0646 | total: 2.4126
[New] Epoch 845/1000 | classify: 2.2486 | voltage: 2.0628 | total: 2.3517
[New] Epoch 846/1000 | classify: 2.2266 | voltage: 2.0541 | total: 2.3293
[New] Epoch 847/1000 | classify: 2.0767 | voltage: 2.0321 | total: 2.1783
[New] Epoch 848/1000 | classify: 2.3400 | voltage: 2.0390 | total: 2.4419
[New] Epoch 849/1000 | classify: 2.4667 | voltage: 2.0130 | total: 2.5673
[New] Epoch 850/1000 | classify: 2.2175 | voltage: 2.0487 | total: 2.3199
--- 验证集 [epoch 850] ---
  准确率 (Accuracy):  0.7397
  精确率 (Precision): 0.6029
  召回率 (Recall):    0.5757
  F1 分数 (F1):       0.5745
✅ 模型已保存到 /home/kudouzala/Application/ion_detect/output/trained_model_save/exp_new_e_num_tp2/trained_model_epoch_850.pth
📁 损失值已保存到 /home/kudouzala/Application/ion_detect/output/trained_model_save/exp_new_e_num_tp2/training_loss_epoch_850.csv
[New] Epoch 851/1000 | classify: 2.1942 | voltage: 2.0871 | total: 2.2986
[New] Epoch 852/1000 | classify: 2.2371 | voltage: 2.0687 | total: 2.3405
[New] Epoch 853/1000 | classify: 2.2417 | voltage: 2.0693 | total: 2.3451
[New] Epoch 854/1000 | classify: 2.3491 | voltage: 2.0650 | total: 2.4524
[New] Epoch 855/1000 | classify: 2.0437 | voltage: 2.0237 | total: 2.1449
[New] Epoch 856/1000 | classify: 2.4250 | voltage: 2.0782 | total: 2.5289
[New] Epoch 857/1000 | classify: 2.2057 | voltage: 2.0501 | total: 2.3082
[New] Epoch 858/1000 | classify: 2.3767 | voltage: 2.0729 | total: 2.4804
[New] Epoch 859/1000 | classify: 2.3361 | voltage: 2.1088 | total: 2.4415
[New] Epoch 860/1000 | classify: 2.3488 | voltage: 2.1045 | total: 2.4540
--- 验证集 [epoch 860] ---
  准确率 (Accuracy):  0.7123
  精确率 (Precision): 0.5775
  召回率 (Recall):    0.5604
  F1 分数 (F1):       0.5475
[New] Epoch 861/1000 | classify: 2.4189 | voltage: 2.1034 | total: 2.5240
[New] Epoch 862/1000 | classify: 2.5075 | voltage: 2.0720 | total: 2.6111
[New] Epoch 863/1000 | classify: 2.2919 | voltage: 2.0967 | total: 2.3967
[New] Epoch 864/1000 | classify: 2.1244 | voltage: 2.0663 | total: 2.2277
[New] Epoch 865/1000 | classify: 2.2255 | voltage: 2.0784 | total: 2.3294
[New] Epoch 866/1000 | classify: 2.2669 | voltage: 2.0405 | total: 2.3689
[New] Epoch 867/1000 | classify: 2.3293 | voltage: 2.0593 | total: 2.4323
[New] Epoch 868/1000 | classify: 2.2724 | voltage: 2.1158 | total: 2.3782
[New] Epoch 869/1000 | classify: 2.2016 | voltage: 2.0566 | total: 2.3044
[New] Epoch 870/1000 | classify: 2.2358 | voltage: 2.0750 | total: 2.3396
--- 验证集 [epoch 870] ---
  准确率 (Accuracy):  0.7123
  精确率 (Precision): 0.5850
  召回率 (Recall):    0.5553
  F1 分数 (F1):       0.5390
[New] Epoch 871/1000 | classify: 2.2655 | voltage: 2.0528 | total: 2.3681
[New] Epoch 872/1000 | classify: 2.2931 | voltage: 2.0360 | total: 2.3949
[New] Epoch 873/1000 | classify: 2.3583 | voltage: 2.1097 | total: 2.4638
[New] Epoch 874/1000 | classify: 2.2934 | voltage: 2.0897 | total: 2.3979
[New] Epoch 875/1000 | classify: 2.4876 | voltage: 2.0938 | total: 2.5923
[New] Epoch 876/1000 | classify: 2.2331 | voltage: 2.0813 | total: 2.3372
[New] Epoch 877/1000 | classify: 2.2682 | voltage: 2.0948 | total: 2.3730
[New] Epoch 878/1000 | classify: 2.3389 | voltage: 2.0650 | total: 2.4421
[New] Epoch 879/1000 | classify: 2.2032 | voltage: 2.1195 | total: 2.3091
[New] Epoch 880/1000 | classify: 2.5056 | voltage: 2.1142 | total: 2.6113
--- 验证集 [epoch 880] ---
  准确率 (Accuracy):  0.7329
  精确率 (Precision): 0.6146
  召回率 (Recall):    0.5859
  F1 分数 (F1):       0.5801
[New] Epoch 881/1000 | classify: 2.1981 | voltage: 2.0644 | total: 2.3013
[New] Epoch 882/1000 | classify: 2.3131 | voltage: 2.0736 | total: 2.4168
[New] Epoch 883/1000 | classify: 2.1665 | voltage: 2.0832 | total: 2.2706
[New] Epoch 884/1000 | classify: 2.1461 | voltage: 2.1186 | total: 2.2520
[New] Epoch 885/1000 | classify: 2.2559 | voltage: 2.0726 | total: 2.3596
[New] Epoch 886/1000 | classify: 2.2545 | voltage: 2.1110 | total: 2.3601
[New] Epoch 887/1000 | classify: 2.4390 | voltage: 2.0879 | total: 2.5434
[New] Epoch 888/1000 | classify: 2.3304 | voltage: 2.0409 | total: 2.4325
[New] Epoch 889/1000 | classify: 2.1832 | voltage: 2.0873 | total: 2.2875
[New] Epoch 890/1000 | classify: 2.2525 | voltage: 2.0917 | total: 2.3571
--- 验证集 [epoch 890] ---
  准确率 (Accuracy):  0.7192
  精确率 (Precision): 0.6606
  召回率 (Recall):    0.6074
  F1 分数 (F1):       0.6057
[New] Epoch 891/1000 | classify: 2.2113 | voltage: 2.0865 | total: 2.3156
[New] Epoch 892/1000 | classify: 2.2724 | voltage: 2.1198 | total: 2.3784
[New] Epoch 893/1000 | classify: 2.4180 | voltage: 2.0747 | total: 2.5217
[New] Epoch 894/1000 | classify: 2.2683 | voltage: 2.0829 | total: 2.3724
[New] Epoch 895/1000 | classify: 2.1916 | voltage: 2.1210 | total: 2.2977
[New] Epoch 896/1000 | classify: 2.1827 | voltage: 2.1132 | total: 2.2884
[New] Epoch 897/1000 | classify: 2.3962 | voltage: 2.0847 | total: 2.5004
[New] Epoch 898/1000 | classify: 2.0702 | voltage: 2.1255 | total: 2.1764
[New] Epoch 899/1000 | classify: 2.3379 | voltage: 2.1041 | total: 2.4431
[New] Epoch 900/1000 | classify: 2.2405 | voltage: 2.0994 | total: 2.3455
--- 验证集 [epoch 900] ---
  准确率 (Accuracy):  0.7603
  精确率 (Precision): 0.6520
  召回率 (Recall):    0.6284
  F1 分数 (F1):       0.6222
✅ 模型已保存到 /home/kudouzala/Application/ion_detect/output/trained_model_save/exp_new_e_num_tp2/trained_model_epoch_900.pth
📁 损失值已保存到 /home/kudouzala/Application/ion_detect/output/trained_model_save/exp_new_e_num_tp2/training_loss_epoch_900.csv
[New] Epoch 901/1000 | classify: 2.3546 | voltage: 2.0409 | total: 2.4566
[New] Epoch 902/1000 | classify: 2.2975 | voltage: 2.0940 | total: 2.4022
[New] Epoch 903/1000 | classify: 2.1594 | voltage: 2.0904 | total: 2.2639
[New] Epoch 904/1000 | classify: 2.3056 | voltage: 2.0786 | total: 2.4095
[New] Epoch 905/1000 | classify: 2.4981 | voltage: 2.1177 | total: 2.6039
[New] Epoch 906/1000 | classify: 2.1639 | voltage: 2.1060 | total: 2.2692
[New] Epoch 907/1000 | classify: 2.2018 | voltage: 2.0539 | total: 2.3045
[New] Epoch 908/1000 | classify: 2.2630 | voltage: 2.1005 | total: 2.3680
[New] Epoch 909/1000 | classify: 2.2559 | voltage: 2.1011 | total: 2.3609
[New] Epoch 910/1000 | classify: 2.1137 | voltage: 2.0843 | total: 2.2180
--- 验证集 [epoch 910] ---
  准确率 (Accuracy):  0.7329
  精确率 (Precision): 0.6586
  召回率 (Recall):    0.5921
  F1 分数 (F1):       0.5934
[New] Epoch 911/1000 | classify: 2.2109 | voltage: 2.1430 | total: 2.3181
[New] Epoch 912/1000 | classify: 2.0127 | voltage: 2.0894 | total: 2.1172
[New] Epoch 913/1000 | classify: 2.1726 | voltage: 2.0642 | total: 2.2758
[New] Epoch 914/1000 | classify: 2.0708 | voltage: 2.1378 | total: 2.1777
[New] Epoch 915/1000 | classify: 2.4318 | voltage: 2.1170 | total: 2.5376
[New] Epoch 916/1000 | classify: 2.0818 | voltage: 2.0472 | total: 2.1841
[New] Epoch 917/1000 | classify: 2.3927 | voltage: 2.0753 | total: 2.4964
[New] Epoch 918/1000 | classify: 2.1048 | voltage: 2.1404 | total: 2.2118
[New] Epoch 919/1000 | classify: 2.2014 | voltage: 2.1033 | total: 2.3066
[New] Epoch 920/1000 | classify: 2.5958 | voltage: 2.1150 | total: 2.7015
--- 验证集 [epoch 920] ---
  准确率 (Accuracy):  0.7260
  精确率 (Precision): 0.6687
  召回率 (Recall):    0.6057
  F1 分数 (F1):       0.6097
[New] Epoch 921/1000 | classify: 2.2809 | voltage: 2.1045 | total: 2.3861
[New] Epoch 922/1000 | classify: 2.2304 | voltage: 2.1009 | total: 2.3355
[New] Epoch 923/1000 | classify: 2.1523 | voltage: 2.0954 | total: 2.2570
[New] Epoch 924/1000 | classify: 2.2534 | voltage: 2.1087 | total: 2.3588
[New] Epoch 925/1000 | classify: 2.0314 | voltage: 2.0830 | total: 2.1355
[New] Epoch 926/1000 | classify: 2.1668 | voltage: 2.1283 | total: 2.2732
[New] Epoch 927/1000 | classify: 2.2279 | voltage: 2.0732 | total: 2.3315
[New] Epoch 928/1000 | classify: 2.2580 | voltage: 2.0864 | total: 2.3623
[New] Epoch 929/1000 | classify: 2.2703 | voltage: 2.0672 | total: 2.3736
[New] Epoch 930/1000 | classify: 2.1796 | voltage: 2.1124 | total: 2.2852
--- 验证集 [epoch 930] ---
  准确率 (Accuracy):  0.7397
  精确率 (Precision): 0.6746
  召回率 (Recall):    0.6087
  F1 分数 (F1):       0.6135
[New] Epoch 931/1000 | classify: 2.3828 | voltage: 2.1163 | total: 2.4886
[New] Epoch 932/1000 | classify: 2.1263 | voltage: 2.0856 | total: 2.2305
[New] Epoch 933/1000 | classify: 2.2071 | voltage: 2.0787 | total: 2.3110
[New] Epoch 934/1000 | classify: 2.1239 | voltage: 2.0817 | total: 2.2280
[New] Epoch 935/1000 | classify: 2.3024 | voltage: 2.0849 | total: 2.4067
[New] Epoch 936/1000 | classify: 2.2137 | voltage: 2.0905 | total: 2.3182
[New] Epoch 937/1000 | classify: 2.2796 | voltage: 2.0843 | total: 2.3838
[New] Epoch 938/1000 | classify: 2.0630 | voltage: 2.1094 | total: 2.1685
[New] Epoch 939/1000 | classify: 2.1069 | voltage: 2.0646 | total: 2.2101
[New] Epoch 940/1000 | classify: 2.3552 | voltage: 2.0949 | total: 2.4599
--- 验证集 [epoch 940] ---
  准确率 (Accuracy):  0.7534
  精确率 (Precision): 0.6274
  召回率 (Recall):    0.6046
  F1 分数 (F1):       0.5960
[New] Epoch 941/1000 | classify: 2.1781 | voltage: 2.0816 | total: 2.2822
[New] Epoch 942/1000 | classify: 2.3515 | voltage: 2.1133 | total: 2.4572
[New] Epoch 943/1000 | classify: 2.1930 | voltage: 2.0880 | total: 2.2974
[New] Epoch 944/1000 | classify: 2.2943 | voltage: 2.1507 | total: 2.4018
[New] Epoch 945/1000 | classify: 2.2765 | voltage: 2.1213 | total: 2.3825
[New] Epoch 946/1000 | classify: 2.1510 | voltage: 2.1065 | total: 2.2563
[New] Epoch 947/1000 | classify: 2.3394 | voltage: 2.1251 | total: 2.4456
[New] Epoch 948/1000 | classify: 2.3955 | voltage: 2.0922 | total: 2.5001
[New] Epoch 949/1000 | classify: 2.3723 | voltage: 2.1095 | total: 2.4778
[New] Epoch 950/1000 | classify: 2.2609 | voltage: 2.1109 | total: 2.3664
--- 验证集 [epoch 950] ---
  准确率 (Accuracy):  0.7466
  精确率 (Precision): 0.6677
  召回率 (Recall):    0.6057
  F1 分数 (F1):       0.6081
✅ 模型已保存到 /home/kudouzala/Application/ion_detect/output/trained_model_save/exp_new_e_num_tp2/trained_model_epoch_950.pth
📁 损失值已保存到 /home/kudouzala/Application/ion_detect/output/trained_model_save/exp_new_e_num_tp2/training_loss_epoch_950.csv
[New] Epoch 951/1000 | classify: 2.2384 | voltage: 2.1301 | total: 2.3449
[New] Epoch 952/1000 | classify: 2.3618 | voltage: 2.1530 | total: 2.4694
[New] Epoch 953/1000 | classify: 2.1824 | voltage: 2.0727 | total: 2.2861
[New] Epoch 954/1000 | classify: 2.1967 | voltage: 2.1103 | total: 2.3022
[New] Epoch 955/1000 | classify: 2.2900 | voltage: 2.0654 | total: 2.3932
[New] Epoch 956/1000 | classify: 2.0262 | voltage: 2.0973 | total: 2.1310
[New] Epoch 957/1000 | classify: 2.1674 | voltage: 2.1037 | total: 2.2726
[New] Epoch 958/1000 | classify: 2.1997 | voltage: 2.0772 | total: 2.3035
[New] Epoch 959/1000 | classify: 2.2836 | voltage: 2.0976 | total: 2.3885
[New] Epoch 960/1000 | classify: 2.2717 | voltage: 2.0839 | total: 2.3759
--- 验证集 [epoch 960] ---
  准确率 (Accuracy):  0.7534
  精确率 (Precision): 0.6418
  召回率 (Recall):    0.6165
  F1 分数 (F1):       0.6112
[New] Epoch 961/1000 | classify: 2.2139 | voltage: 2.0911 | total: 2.3184
[New] Epoch 962/1000 | classify: 2.1672 | voltage: 2.0908 | total: 2.2717
[New] Epoch 963/1000 | classify: 2.2657 | voltage: 2.1292 | total: 2.3721
[New] Epoch 964/1000 | classify: 2.3126 | voltage: 2.0949 | total: 2.4173
[New] Epoch 965/1000 | classify: 2.2877 | voltage: 2.0824 | total: 2.3918
[New] Epoch 966/1000 | classify: 2.4069 | voltage: 2.0823 | total: 2.5110
[New] Epoch 967/1000 | classify: 2.1602 | voltage: 2.1187 | total: 2.2661
[New] Epoch 968/1000 | classify: 2.3099 | voltage: 2.1040 | total: 2.4151
[New] Epoch 969/1000 | classify: 2.0512 | voltage: 2.1182 | total: 2.1571
[New] Epoch 970/1000 | classify: 2.3101 | voltage: 2.1171 | total: 2.4159
--- 验证集 [epoch 970] ---
  准确率 (Accuracy):  0.7397
  精确率 (Precision): 0.6878
  召回率 (Recall):    0.5989
  F1 分数 (F1):       0.6030
[New] Epoch 971/1000 | classify: 2.2453 | voltage: 2.0908 | total: 2.3499
[New] Epoch 972/1000 | classify: 2.1534 | voltage: 2.0935 | total: 2.2580
[New] Epoch 973/1000 | classify: 2.2666 | voltage: 2.1216 | total: 2.3727
[New] Epoch 974/1000 | classify: 2.1268 | voltage: 2.1340 | total: 2.2335
[New] Epoch 975/1000 | classify: 2.3881 | voltage: 2.1097 | total: 2.4936
[New] Epoch 976/1000 | classify: 2.2725 | voltage: 2.1493 | total: 2.3800
[New] Epoch 977/1000 | classify: 2.1539 | voltage: 2.1249 | total: 2.2601
[New] Epoch 978/1000 | classify: 2.1012 | voltage: 2.1292 | total: 2.2077
[New] Epoch 979/1000 | classify: 2.4307 | voltage: 2.1327 | total: 2.5374
[New] Epoch 980/1000 | classify: 2.3424 | voltage: 2.1060 | total: 2.4477
--- 验证集 [epoch 980] ---
  准确率 (Accuracy):  0.7397
  精确率 (Precision): 0.6825
  召回率 (Recall):    0.5989
  F1 分数 (F1):       0.6007
[New] Epoch 981/1000 | classify: 2.2490 | voltage: 2.0634 | total: 2.3522
[New] Epoch 982/1000 | classify: 2.2100 | voltage: 2.0968 | total: 2.3148
[New] Epoch 983/1000 | classify: 2.0178 | voltage: 2.1235 | total: 2.1239
[New] Epoch 984/1000 | classify: 2.1277 | voltage: 2.1475 | total: 2.2351
[New] Epoch 985/1000 | classify: 2.2044 | voltage: 2.0475 | total: 2.3068
[New] Epoch 986/1000 | classify: 2.1822 | voltage: 2.1206 | total: 2.2882
[New] Epoch 987/1000 | classify: 2.1332 | voltage: 2.1312 | total: 2.2397
[New] Epoch 988/1000 | classify: 2.0199 | voltage: 2.1002 | total: 2.1249
[New] Epoch 989/1000 | classify: 2.2512 | voltage: 2.1179 | total: 2.3571
[New] Epoch 990/1000 | classify: 2.2603 | voltage: 2.1050 | total: 2.3655
--- 验证集 [epoch 990] ---
  准确率 (Accuracy):  0.7397
  精确率 (Precision): 0.6272
  召回率 (Recall):    0.5978
  F1 分数 (F1):       0.5942
[New] Epoch 991/1000 | classify: 2.3739 | voltage: 2.1139 | total: 2.4796
[New] Epoch 992/1000 | classify: 2.3680 | voltage: 2.1205 | total: 2.4740
[New] Epoch 993/1000 | classify: 2.3240 | voltage: 2.1222 | total: 2.4301
[New] Epoch 994/1000 | classify: 2.1852 | voltage: 2.0887 | total: 2.2896
[New] Epoch 995/1000 | classify: 2.1436 | voltage: 2.0672 | total: 2.2469
[New] Epoch 996/1000 | classify: 2.4911 | voltage: 2.1193 | total: 2.5971
[New] Epoch 997/1000 | classify: 2.3075 | voltage: 2.1043 | total: 2.4127
[New] Epoch 998/1000 | classify: 2.4156 | voltage: 2.1400 | total: 2.5226
[New] Epoch 999/1000 | classify: 2.3130 | voltage: 2.1156 | total: 2.4188
[New] Epoch 1000/1000 | classify: 2.2449 | voltage: 2.1181 | total: 2.3508
--- 验证集 [epoch 1000] ---
  准确率 (Accuracy):  0.7329
  精确率 (Precision): 0.6811
  召回率 (Recall):    0.5968
  F1 分数 (F1):       0.5977
✅ 模型已保存到 /home/kudouzala/Application/ion_detect/output/trained_model_save/exp_new_e_num_tp2/trained_model_epoch_1000.pth
📁 损失值已保存到 /home/kudouzala/Application/ion_detect/output/trained_model_save/exp_new_e_num_tp2/training_loss_epoch_1000.csv
✅ 模型已保存到 /home/kudouzala/Application/ion_detect/output/trained_model_save/exp_new_e_num_tp2/trained_model_epoch_final.pth
📁 损失值已保存到 /home/kudouzala/Application/ion_detect/output/trained_model_save/exp_new_e_num_tp2/training_loss_epoch_final.csv
