✅ no_overlap 划分: 测试集 150 个（ion_column 74 个，≤3/10）-> /home/kudouzala/Application/ion_detect/datasets/datasets_for_all_test_no_overlap/exp_new_c_num_tp4，训练集 639 个 -> /home/kudouzala/Application/ion_detect/datasets/datasets_for_all_train_no_overlap/exp_new_c_num_tp4（已排除同前缀且窗口含测试前 4 个时间点的样本）
✅ 当前使用设备: cuda
📂 训练集目录: /home/kudouzala/Application/ion_detect/datasets/datasets_for_all_train_no_overlap/exp_new_c_num_tp4
📂 测试/验证集目录: /home/kudouzala/Application/ion_detect/datasets/datasets_for_all_test_no_overlap/exp_new_c_num_tp4
🧪 experiment: exp_new_c_num_tp4
🚀 进入训练模式 (--train)
Skipping file 20240918_2ppm钙离子污染测试_新版电解槽_ion_gamry_[36, 38, 40, 42].xlsx: impedance points 57 < 63
Skipping file 20250317_2ppm钠离子污染测试_新版电解槽_ion_gamry_[16, 18, 20, 22].xlsx: impedance points 61 < 63
Skipping file 20240822_10ppm铜离子污染测试_新版电解槽_ion_column_gamry_[36, 38, 40, 42].xlsx: impedance points 54 < 63
[LEAK-CHECK] overlap(train, val) = 0
[DEBUG] data_folder = /home/kudouzala/Application/ion_detect/datasets/datasets_for_all_train_no_overlap/exp_new_c_num_tp4
[DEBUG] base_train.file_names[:10] =
   20241107_0.1ppm钙离子污染及恢复测试_新版电解槽_ion_firecloud_[14, 16, 18, 20].xlsx
   20240910_10ppm钙离子污染测试_新版电解槽_ion_column_gamry_[2, 4, 6, 8].xlsx
   20241006_2ppm铬离子污染测试_旧版电解槽_ion_firecloud_[22, 24, 26, 28].xlsx
   20241117_2ppm钠离子污染及恢复测试40摄氏度_新版电解槽_ion_gamry_[22, 24, 26, 28].xlsx
   20241227_10ppm铜离子污染及恢复测试_旧版电解槽_ion_gamry_[4, 6, 8, 10].xlsx
   20241003_2ppm镍离子污染测试_新版电解槽_ion_gamry_[20, 22, 24, 26].xlsx
   20241112_2ppm钠离子污染和恢复测试80摄氏度_新版电解槽_ion_column_renew_H2SO4_gamry_[14, 16, 18, 20].xlsx
   20240910_10ppm钙离子污染测试_新版电解槽_ion_gamry_[2, 4, 6, 8].xlsx
   20241213_2ppm钠离子污染及恢复测试_新版电解槽_ion_column_renew_H2SO4_gamry_[12, 14, 16, 18].xlsx
   20241010_2ppm钠离子污染测试_新版电解槽_ion_firecloud_[28, 30, 32, 34].xlsx
[DEBUG] exist check (first 10):
   /home/kudouzala/Application/ion_detect/datasets/datasets_for_all_train_no_overlap/exp_new_c_num_tp4/20241107_0.1ppm钙离子污染及恢复测试_新版电解槽_ion_firecloud_[14, 16, 18, 20].xlsx exists= True
   /home/kudouzala/Application/ion_detect/datasets/datasets_for_all_train_no_overlap/exp_new_c_num_tp4/20240910_10ppm钙离子污染测试_新版电解槽_ion_column_gamry_[2, 4, 6, 8].xlsx exists= True
   /home/kudouzala/Application/ion_detect/datasets/datasets_for_all_train_no_overlap/exp_new_c_num_tp4/20241006_2ppm铬离子污染测试_旧版电解槽_ion_firecloud_[22, 24, 26, 28].xlsx exists= True
   /home/kudouzala/Application/ion_detect/datasets/datasets_for_all_train_no_overlap/exp_new_c_num_tp4/20241117_2ppm钠离子污染及恢复测试40摄氏度_新版电解槽_ion_gamry_[22, 24, 26, 28].xlsx exists= True
   /home/kudouzala/Application/ion_detect/datasets/datasets_for_all_train_no_overlap/exp_new_c_num_tp4/20241227_10ppm铜离子污染及恢复测试_旧版电解槽_ion_gamry_[4, 6, 8, 10].xlsx exists= True
   /home/kudouzala/Application/ion_detect/datasets/datasets_for_all_train_no_overlap/exp_new_c_num_tp4/20241003_2ppm镍离子污染测试_新版电解槽_ion_gamry_[20, 22, 24, 26].xlsx exists= True
   /home/kudouzala/Application/ion_detect/datasets/datasets_for_all_train_no_overlap/exp_new_c_num_tp4/20241112_2ppm钠离子污染和恢复测试80摄氏度_新版电解槽_ion_column_renew_H2SO4_gamry_[14, 16, 18, 20].xlsx exists= True
   /home/kudouzala/Application/ion_detect/datasets/datasets_for_all_train_no_overlap/exp_new_c_num_tp4/20240910_10ppm钙离子污染测试_新版电解槽_ion_gamry_[2, 4, 6, 8].xlsx exists= True
   /home/kudouzala/Application/ion_detect/datasets/datasets_for_all_train_no_overlap/exp_new_c_num_tp4/20241213_2ppm钠离子污染及恢复测试_新版电解槽_ion_column_renew_H2SO4_gamry_[12, 14, 16, 18].xlsx exists= True
   /home/kudouzala/Application/ion_detect/datasets/datasets_for_all_train_no_overlap/exp_new_c_num_tp4/20241010_2ppm钠离子污染测试_新版电解槽_ion_firecloud_[28, 30, 32, 34].xlsx exists= True
Skipping file 20240822_10ppm铜离子污染测试_新版电解槽_ion_column_gamry_[28, 30, 32, 34].xlsx: impedance points 54 < 63
Skipping file 20240822_10ppm铜离子污染测试_新版电解槽_ion_column_gamry_[50, 52, 54, 56].xlsx: impedance points 54 < 63
Skipping file 20240822_10ppm铜离子污染测试_新版电解槽_ion_column_gamry_[16, 18, 20, 22].xlsx: impedance points 54 < 63
Skipping file 20240822_10ppm铜离子污染测试_新版电解槽_ion_column_gamry_[24, 26, 28, 30].xlsx: impedance points 54 < 63
Skipping file 20240822_10ppm铜离子污染测试_新版电解槽_ion_column_gamry_[44, 46, 48, 50].xlsx: impedance points 54 < 63

[PairDataset][Example pairs] (show up to 50)
  [1] A(idx=388) 20241107_0.1ppm钙离子污染及恢复测试_新版电解槽_ion_firecloud_[0, 2, 4, 6].xlsx  times=[0, 2, 4, 6]
      → B(idx=432) 20241107_0.1ppm钙离子污染及恢复测试_新版电解槽_ion_firecloud_[6, 8, 10, 12].xlsx  times=[6, 8, 10, 12]  dummy=False
  [2] A(idx=609) 20241107_0.1ppm钙离子污染及恢复测试_新版电解槽_ion_firecloud_[2, 4, 6, 8].xlsx  times=[2, 4, 6, 8]
      → B(idx=429) 20241107_0.1ppm钙离子污染及恢复测试_新版电解槽_ion_firecloud_[8, 10, 12, 14].xlsx  times=[8, 10, 12, 14]  dummy=False
  [3] A(idx=226) 20241107_0.1ppm钙离子污染及恢复测试_新版电解槽_ion_firecloud_[4, 6, 8, 10].xlsx  times=[4, 6, 8, 10]
      → B(idx=489) 20241107_0.1ppm钙离子污染及恢复测试_新版电解槽_ion_firecloud_[10, 12, 14, 16].xlsx  times=[10, 12, 14, 16]  dummy=False
  [4] A(idx=432) 20241107_0.1ppm钙离子污染及恢复测试_新版电解槽_ion_firecloud_[6, 8, 10, 12].xlsx  times=[6, 8, 10, 12]
      → B(idx=122) 20241107_0.1ppm钙离子污染及恢复测试_新版电解槽_ion_firecloud_[12, 14, 16, 18].xlsx  times=[12, 14, 16, 18]  dummy=False
  [5] A(idx=429) 20241107_0.1ppm钙离子污染及恢复测试_新版电解槽_ion_firecloud_[8, 10, 12, 14].xlsx  times=[8, 10, 12, 14]
      → B(idx=0) 20241107_0.1ppm钙离子污染及恢复测试_新版电解槽_ion_firecloud_[14, 16, 18, 20].xlsx  times=[14, 16, 18, 20]  dummy=False
  [6] A(idx=489) 20241107_0.1ppm钙离子污染及恢复测试_新版电解槽_ion_firecloud_[10, 12, 14, 16].xlsx  times=[10, 12, 14, 16]
      → B(idx=45) 20241107_0.1ppm钙离子污染及恢复测试_新版电解槽_ion_firecloud_[16, 18, 20, 22].xlsx  times=[16, 18, 20, 22]  dummy=False
  [7] A(idx=122) 20241107_0.1ppm钙离子污染及恢复测试_新版电解槽_ion_firecloud_[12, 14, 16, 18].xlsx  times=[12, 14, 16, 18]
      → B(idx=393) 20241107_0.1ppm钙离子污染及恢复测试_新版电解槽_ion_firecloud_[18, 20, 22, 24].xlsx  times=[18, 20, 22, 24]  dummy=False
  [8] A(idx=0) 20241107_0.1ppm钙离子污染及恢复测试_新版电解槽_ion_firecloud_[14, 16, 18, 20].xlsx  times=[14, 16, 18, 20]
      → B(idx=314) 20241107_0.1ppm钙离子污染及恢复测试_新版电解槽_ion_firecloud_[20, 22, 24, 26].xlsx  times=[20, 22, 24, 26]  dummy=False
  [9] A(idx=45) 20241107_0.1ppm钙离子污染及恢复测试_新版电解槽_ion_firecloud_[16, 18, 20, 22].xlsx  times=[16, 18, 20, 22]
      → B(idx=45) 20241107_0.1ppm钙离子污染及恢复测试_新版电解槽_ion_firecloud_[16, 18, 20, 22].xlsx  times=[16, 18, 20, 22]  dummy=True
  [10] A(idx=393) 20241107_0.1ppm钙离子污染及恢复测试_新版电解槽_ion_firecloud_[18, 20, 22, 24].xlsx  times=[18, 20, 22, 24]
      → B(idx=393) 20241107_0.1ppm钙离子污染及恢复测试_新版电解槽_ion_firecloud_[18, 20, 22, 24].xlsx  times=[18, 20, 22, 24]  dummy=True
  [11] A(idx=314) 20241107_0.1ppm钙离子污染及恢复测试_新版电解槽_ion_firecloud_[20, 22, 24, 26].xlsx  times=[20, 22, 24, 26]
      → B(idx=314) 20241107_0.1ppm钙离子污染及恢复测试_新版电解槽_ion_firecloud_[20, 22, 24, 26].xlsx  times=[20, 22, 24, 26]  dummy=True
  [12] A(idx=59) 20241107_0.1ppm钙离子污染及恢复测试_新版电解槽_ion_firecloud_[36, 38, 40, 42].xlsx  times=[36, 38, 40, 42]
      → B(idx=59) 20241107_0.1ppm钙离子污染及恢复测试_新版电解槽_ion_firecloud_[36, 38, 40, 42].xlsx  times=[36, 38, 40, 42]  dummy=True
  [13] A(idx=118) 20241107_0.1ppm钙离子污染及恢复测试_新版电解槽_ion_firecloud_[38, 40, 42, 44].xlsx  times=[38, 40, 42, 44]
      → B(idx=118) 20241107_0.1ppm钙离子污染及恢复测试_新版电解槽_ion_firecloud_[38, 40, 42, 44].xlsx  times=[38, 40, 42, 44]  dummy=True
  [14] A(idx=294) 20241107_0.1ppm钙离子污染及恢复测试_新版电解槽_ion_firecloud_[40, 42, 44, 46].xlsx  times=[40, 42, 44, 46]
      → B(idx=294) 20241107_0.1ppm钙离子污染及恢复测试_新版电解槽_ion_firecloud_[40, 42, 44, 46].xlsx  times=[40, 42, 44, 46]  dummy=True
  [15] A(idx=427) 20240910_10ppm钙离子污染测试_新版电解槽_ion_column_gamry_[0, 2, 4, 6].xlsx  times=[0, 2, 4, 6]
      → B(idx=462) 20240910_10ppm钙离子污染测试_新版电解槽_ion_column_gamry_[6, 8, 10, 12].xlsx  times=[6, 8, 10, 12]  dummy=False
  [16] A(idx=1) 20240910_10ppm钙离子污染测试_新版电解槽_ion_column_gamry_[2, 4, 6, 8].xlsx  times=[2, 4, 6, 8]
      → B(idx=371) 20240910_10ppm钙离子污染测试_新版电解槽_ion_column_gamry_[8, 10, 12, 14].xlsx  times=[8, 10, 12, 14]  dummy=False
  [17] A(idx=483) 20240910_10ppm钙离子污染测试_新版电解槽_ion_column_gamry_[4, 6, 8, 10].xlsx  times=[4, 6, 8, 10]
      → B(idx=368) 20240910_10ppm钙离子污染测试_新版电解槽_ion_column_gamry_[10, 12, 14, 16].xlsx  times=[10, 12, 14, 16]  dummy=False
  [18] A(idx=462) 20240910_10ppm钙离子污染测试_新版电解槽_ion_column_gamry_[6, 8, 10, 12].xlsx  times=[6, 8, 10, 12]
      → B(idx=138) 20240910_10ppm钙离子污染测试_新版电解槽_ion_column_gamry_[12, 14, 16, 18].xlsx  times=[12, 14, 16, 18]  dummy=False
  [19] A(idx=371) 20240910_10ppm钙离子污染测试_新版电解槽_ion_column_gamry_[8, 10, 12, 14].xlsx  times=[8, 10, 12, 14]
      → B(idx=326) 20240910_10ppm钙离子污染测试_新版电解槽_ion_column_gamry_[14, 16, 18, 20].xlsx  times=[14, 16, 18, 20]  dummy=False
  [20] A(idx=368) 20240910_10ppm钙离子污染测试_新版电解槽_ion_column_gamry_[10, 12, 14, 16].xlsx  times=[10, 12, 14, 16]
      → B(idx=368) 20240910_10ppm钙离子污染测试_新版电解槽_ion_column_gamry_[10, 12, 14, 16].xlsx  times=[10, 12, 14, 16]  dummy=True
  [21] A(idx=138) 20240910_10ppm钙离子污染测试_新版电解槽_ion_column_gamry_[12, 14, 16, 18].xlsx  times=[12, 14, 16, 18]
      → B(idx=138) 20240910_10ppm钙离子污染测试_新版电解槽_ion_column_gamry_[12, 14, 16, 18].xlsx  times=[12, 14, 16, 18]  dummy=True
  [22] A(idx=326) 20240910_10ppm钙离子污染测试_新版电解槽_ion_column_gamry_[14, 16, 18, 20].xlsx  times=[14, 16, 18, 20]
      → B(idx=326) 20240910_10ppm钙离子污染测试_新版电解槽_ion_column_gamry_[14, 16, 18, 20].xlsx  times=[14, 16, 18, 20]  dummy=True
  [23] A(idx=83) 20241006_2ppm铬离子污染测试_旧版电解槽_ion_firecloud_[0, 2, 4, 6].xlsx  times=[0, 2, 4, 6]
      → B(idx=83) 20241006_2ppm铬离子污染测试_旧版电解槽_ion_firecloud_[0, 2, 4, 6].xlsx  times=[0, 2, 4, 6]  dummy=True
  [24] A(idx=492) 20241006_2ppm铬离子污染测试_旧版电解槽_ion_firecloud_[2, 4, 6, 8].xlsx  times=[2, 4, 6, 8]
      → B(idx=492) 20241006_2ppm铬离子污染测试_旧版电解槽_ion_firecloud_[2, 4, 6, 8].xlsx  times=[2, 4, 6, 8]  dummy=True
  [25] A(idx=29) 20241006_2ppm铬离子污染测试_旧版电解槽_ion_firecloud_[18, 20, 22, 24].xlsx  times=[18, 20, 22, 24]
      → B(idx=76) 20241006_2ppm铬离子污染测试_旧版电解槽_ion_firecloud_[24, 26, 28, 30].xlsx  times=[24, 26, 28, 30]  dummy=False
  [26] A(idx=387) 20241006_2ppm铬离子污染测试_旧版电解槽_ion_firecloud_[20, 22, 24, 26].xlsx  times=[20, 22, 24, 26]
      → B(idx=233) 20241006_2ppm铬离子污染测试_旧版电解槽_ion_firecloud_[26, 28, 30, 32].xlsx  times=[26, 28, 30, 32]  dummy=False
  [27] A(idx=2) 20241006_2ppm铬离子污染测试_旧版电解槽_ion_firecloud_[22, 24, 26, 28].xlsx  times=[22, 24, 26, 28]
      → B(idx=511) 20241006_2ppm铬离子污染测试_旧版电解槽_ion_firecloud_[28, 30, 32, 34].xlsx  times=[28, 30, 32, 34]  dummy=False
  [28] A(idx=76) 20241006_2ppm铬离子污染测试_旧版电解槽_ion_firecloud_[24, 26, 28, 30].xlsx  times=[24, 26, 28, 30]
      → B(idx=228) 20241006_2ppm铬离子污染测试_旧版电解槽_ion_firecloud_[30, 32, 34, 36].xlsx  times=[30, 32, 34, 36]  dummy=False
  [29] A(idx=233) 20241006_2ppm铬离子污染测试_旧版电解槽_ion_firecloud_[26, 28, 30, 32].xlsx  times=[26, 28, 30, 32]
      → B(idx=518) 20241006_2ppm铬离子污染测试_旧版电解槽_ion_firecloud_[32, 34, 36, 38].xlsx  times=[32, 34, 36, 38]  dummy=False
  [30] A(idx=511) 20241006_2ppm铬离子污染测试_旧版电解槽_ion_firecloud_[28, 30, 32, 34].xlsx  times=[28, 30, 32, 34]
      → B(idx=242) 20241006_2ppm铬离子污染测试_旧版电解槽_ion_firecloud_[34, 36, 38, 40].xlsx  times=[34, 36, 38, 40]  dummy=False
  [31] A(idx=228) 20241006_2ppm铬离子污染测试_旧版电解槽_ion_firecloud_[30, 32, 34, 36].xlsx  times=[30, 32, 34, 36]
      → B(idx=85) 20241006_2ppm铬离子污染测试_旧版电解槽_ion_firecloud_[36, 38, 40, 42].xlsx  times=[36, 38, 40, 42]  dummy=False
  [32] A(idx=518) 20241006_2ppm铬离子污染测试_旧版电解槽_ion_firecloud_[32, 34, 36, 38].xlsx  times=[32, 34, 36, 38]
      → B(idx=614) 20241006_2ppm铬离子污染测试_旧版电解槽_ion_firecloud_[38, 40, 42, 44].xlsx  times=[38, 40, 42, 44]  dummy=False
  [33] A(idx=242) 20241006_2ppm铬离子污染测试_旧版电解槽_ion_firecloud_[34, 36, 38, 40].xlsx  times=[34, 36, 38, 40]
      → B(idx=100) 20241006_2ppm铬离子污染测试_旧版电解槽_ion_firecloud_[40, 42, 44, 46].xlsx  times=[40, 42, 44, 46]  dummy=False
  [34] A(idx=85) 20241006_2ppm铬离子污染测试_旧版电解槽_ion_firecloud_[36, 38, 40, 42].xlsx  times=[36, 38, 40, 42]
      → B(idx=391) 20241006_2ppm铬离子污染测试_旧版电解槽_ion_firecloud_[42, 44, 46, 48].xlsx  times=[42, 44, 46, 48]  dummy=False
  [35] A(idx=614) 20241006_2ppm铬离子污染测试_旧版电解槽_ion_firecloud_[38, 40, 42, 44].xlsx  times=[38, 40, 42, 44]
      → B(idx=73) 20241006_2ppm铬离子污染测试_旧版电解槽_ion_firecloud_[44, 46, 48, 50].xlsx  times=[44, 46, 48, 50]  dummy=False
  [36] A(idx=100) 20241006_2ppm铬离子污染测试_旧版电解槽_ion_firecloud_[40, 42, 44, 46].xlsx  times=[40, 42, 44, 46]
      → B(idx=507) 20241006_2ppm铬离子污染测试_旧版电解槽_ion_firecloud_[46, 48, 50, 52].xlsx  times=[46, 48, 50, 52]  dummy=False
  [37] A(idx=391) 20241006_2ppm铬离子污染测试_旧版电解槽_ion_firecloud_[42, 44, 46, 48].xlsx  times=[42, 44, 46, 48]
      → B(idx=391) 20241006_2ppm铬离子污染测试_旧版电解槽_ion_firecloud_[42, 44, 46, 48].xlsx  times=[42, 44, 46, 48]  dummy=True
  [38] A(idx=73) 20241006_2ppm铬离子污染测试_旧版电解槽_ion_firecloud_[44, 46, 48, 50].xlsx  times=[44, 46, 48, 50]
      → B(idx=73) 20241006_2ppm铬离子污染测试_旧版电解槽_ion_firecloud_[44, 46, 48, 50].xlsx  times=[44, 46, 48, 50]  dummy=True
  [39] A(idx=507) 20241006_2ppm铬离子污染测试_旧版电解槽_ion_firecloud_[46, 48, 50, 52].xlsx  times=[46, 48, 50, 52]
      → B(idx=507) 20241006_2ppm铬离子污染测试_旧版电解槽_ion_firecloud_[46, 48, 50, 52].xlsx  times=[46, 48, 50, 52]  dummy=True
  [40] A(idx=506) 20241117_2ppm钠离子污染及恢复测试40摄氏度_新版电解槽_ion_gamry_[16, 18, 20, 22].xlsx  times=[16, 18, 20, 22]
      → B(idx=3) 20241117_2ppm钠离子污染及恢复测试40摄氏度_新版电解槽_ion_gamry_[22, 24, 26, 28].xlsx  times=[22, 24, 26, 28]  dummy=False
  [41] A(idx=469) 20241117_2ppm钠离子污染及恢复测试40摄氏度_新版电解槽_ion_gamry_[18, 20, 22, 24].xlsx  times=[18, 20, 22, 24]
      → B(idx=404) 20241117_2ppm钠离子污染及恢复测试40摄氏度_新版电解槽_ion_gamry_[24, 26, 28, 30].xlsx  times=[24, 26, 28, 30]  dummy=False
  [42] A(idx=136) 20241117_2ppm钠离子污染及恢复测试40摄氏度_新版电解槽_ion_gamry_[20, 22, 24, 26].xlsx  times=[20, 22, 24, 26]
      → B(idx=30) 20241117_2ppm钠离子污染及恢复测试40摄氏度_新版电解槽_ion_gamry_[26, 28, 30, 32].xlsx  times=[26, 28, 30, 32]  dummy=False
  [43] A(idx=3) 20241117_2ppm钠离子污染及恢复测试40摄氏度_新版电解槽_ion_gamry_[22, 24, 26, 28].xlsx  times=[22, 24, 26, 28]
      → B(idx=290) 20241117_2ppm钠离子污染及恢复测试40摄氏度_新版电解槽_ion_gamry_[28, 30, 32, 34].xlsx  times=[28, 30, 32, 34]  dummy=False
  [44] A(idx=404) 20241117_2ppm钠离子污染及恢复测试40摄氏度_新版电解槽_ion_gamry_[24, 26, 28, 30].xlsx  times=[24, 26, 28, 30]
      → B(idx=594) 20241117_2ppm钠离子污染及恢复测试40摄氏度_新版电解槽_ion_gamry_[30, 32, 34, 36].xlsx  times=[30, 32, 34, 36]  dummy=False
  [45] A(idx=30) 20241117_2ppm钠离子污染及恢复测试40摄氏度_新版电解槽_ion_gamry_[26, 28, 30, 32].xlsx  times=[26, 28, 30, 32]
      → B(idx=520) 20241117_2ppm钠离子污染及恢复测试40摄氏度_新版电解槽_ion_gamry_[32, 34, 36, 38].xlsx  times=[32, 34, 36, 38]  dummy=False
  [46] A(idx=290) 20241117_2ppm钠离子污染及恢复测试40摄氏度_新版电解槽_ion_gamry_[28, 30, 32, 34].xlsx  times=[28, 30, 32, 34]
      → B(idx=312) 20241117_2ppm钠离子污染及恢复测试40摄氏度_新版电解槽_ion_gamry_[34, 36, 38, 40].xlsx  times=[34, 36, 38, 40]  dummy=False
  [47] A(idx=594) 20241117_2ppm钠离子污染及恢复测试40摄氏度_新版电解槽_ion_gamry_[30, 32, 34, 36].xlsx  times=[30, 32, 34, 36]
      → B(idx=201) 20241117_2ppm钠离子污染及恢复测试40摄氏度_新版电解槽_ion_gamry_[36, 38, 40, 42].xlsx  times=[36, 38, 40, 42]  dummy=False
  [48] A(idx=520) 20241117_2ppm钠离子污染及恢复测试40摄氏度_新版电解槽_ion_gamry_[32, 34, 36, 38].xlsx  times=[32, 34, 36, 38]
      → B(idx=134) 20241117_2ppm钠离子污染及恢复测试40摄氏度_新版电解槽_ion_gamry_[38, 40, 42, 44].xlsx  times=[38, 40, 42, 44]  dummy=False
  [49] A(idx=312) 20241117_2ppm钠离子污染及恢复测试40摄氏度_新版电解槽_ion_gamry_[34, 36, 38, 40].xlsx  times=[34, 36, 38, 40]
      → B(idx=312) 20241117_2ppm钠离子污染及恢复测试40摄氏度_新版电解槽_ion_gamry_[34, 36, 38, 40].xlsx  times=[34, 36, 38, 40]  dummy=True
  [50] A(idx=201) 20241117_2ppm钠离子污染及恢复测试40摄氏度_新版电解槽_ion_gamry_[36, 38, 40, 42].xlsx  times=[36, 38, 40, 42]
      → B(idx=201) 20241117_2ppm钠离子污染及恢复测试40摄氏度_新版电解槽_ion_gamry_[36, 38, 40, 42].xlsx  times=[36, 38, 40, 42]  dummy=True

[PairDataset][Summary]
- total files:        636
- parsed OK:          636
- regex fail:         0
- parse times fail:   0
- empty times:        0
- total pairs:        636  (keep_unpaired=self)
- distinct prefixes:  93
- prefixes coverage (first few):
  [1] 20241107_0.1ppm钙离子污染及恢复测试_新版电解槽_ion_firecloud_[* -> windows=14, adj_pairs=8/13
  [2] 20240910_10ppm钙离子污染测试_新版电解槽_ion_column_gamry_[* -> windows=8, adj_pairs=5/7
  [3] 20241006_2ppm铬离子污染测试_旧版电解槽_ion_firecloud_[* -> windows=17, adj_pairs=12/16
  [4] 20241117_2ppm钠离子污染及恢复测试40摄氏度_新版电解槽_ion_gamry_[* -> windows=12, adj_pairs=9/11
  [5] 20241227_10ppm铜离子污染及恢复测试_旧版电解槽_ion_gamry_[* -> windows=14, adj_pairs=10/13
  [6] 20241003_2ppm镍离子污染测试_新版电解槽_ion_gamry_[* -> windows=5, adj_pairs=0/4
  [7] 20241112_2ppm钠离子污染和恢复测试80摄氏度_新版电解槽_ion_column_renew_H2SO4_gamry_[* -> windows=12, adj_pairs=9/11
  [8] 20240910_10ppm钙离子污染测试_新版电解槽_ion_gamry_[* -> windows=8, adj_pairs=1/7
  [9] 20241213_2ppm钠离子污染及恢复测试_新版电解槽_ion_column_renew_H2SO4_gamry_[* -> windows=7, adj_pairs=4/6
  [10] 20241010_2ppm钠离子污染测试_新版电解槽_ion_firecloud_[* -> windows=6, adj_pairs=0/5
- unadjacent gaps samples: 322 (showing first 0)

[PairDataset][Explain] focus_prefix_contains='20240915_2ppm铜离子污染测试_旧版电解槽_ion_firecloud_'
  - PREFIX: 20240915_2ppm铜离子污染测试_旧版电解槽_ion_firecloud_[* windows=11
    windows (sorted by first,last):
      · 20240915_2ppm铜离子污染测试_旧版电解槽_ion_firecloud_[0, 2, 4, 6].xlsx  -> times=[0, 2, 4, 6]  first=0 last=6
      · 20240915_2ppm铜离子污染测试_旧版电解槽_ion_firecloud_[2, 4, 6, 8].xlsx  -> times=[2, 4, 6, 8]  first=2 last=8
      · 20240915_2ppm铜离子污染测试_旧版电解槽_ion_firecloud_[4, 6, 8, 10].xlsx  -> times=[4, 6, 8, 10]  first=4 last=10
      · 20240915_2ppm铜离子污染测试_旧版电解槽_ion_firecloud_[6, 8, 10, 12].xlsx  -> times=[6, 8, 10, 12]  first=6 last=12
      · 20240915_2ppm铜离子污染测试_旧版电解槽_ion_firecloud_[8, 10, 12, 14].xlsx  -> times=[8, 10, 12, 14]  first=8 last=14
      · 20240915_2ppm铜离子污染测试_旧版电解槽_ion_firecloud_[10, 12, 14, 16].xlsx  -> times=[10, 12, 14, 16]  first=10 last=16
      · 20240915_2ppm铜离子污染测试_旧版电解槽_ion_firecloud_[12, 14, 16, 18].xlsx  -> times=[12, 14, 16, 18]  first=12 last=18
      · 20240915_2ppm铜离子污染测试_旧版电解槽_ion_firecloud_[14, 16, 18, 20].xlsx  -> times=[14, 16, 18, 20]  first=14 last=20
      · 20240915_2ppm铜离子污染测试_旧版电解槽_ion_firecloud_[16, 18, 20, 22].xlsx  -> times=[16, 18, 20, 22]  first=16 last=22
      · 20240915_2ppm铜离子污染测试_旧版电解槽_ion_firecloud_[18, 20, 22, 24].xlsx  -> times=[18, 20, 22, 24]  first=18 last=24
      · 20240915_2ppm铜离子污染测试_旧版电解槽_ion_firecloud_[20, 22, 24, 26].xlsx  -> times=[20, 22, 24, 26]  first=20 last=26
      MISS: 6 -> 2   (20240915_2ppm铜离子污染测试_旧版电解槽_ion_firecloud_[0, 2, 4, 6].xlsx  →  20240915_2ppm铜离子污染测试_旧版电解槽_ion_firecloud_[2, 4, 6, 8].xlsx)
      MISS: 8 -> 4   (20240915_2ppm铜离子污染测试_旧版电解槽_ion_firecloud_[2, 4, 6, 8].xlsx  →  20240915_2ppm铜离子污染测试_旧版电解槽_ion_firecloud_[4, 6, 8, 10].xlsx)
      MISS: 10 -> 6   (20240915_2ppm铜离子污染测试_旧版电解槽_ion_firecloud_[4, 6, 8, 10].xlsx  →  20240915_2ppm铜离子污染测试_旧版电解槽_ion_firecloud_[6, 8, 10, 12].xlsx)
      MISS: 12 -> 8   (20240915_2ppm铜离子污染测试_旧版电解槽_ion_firecloud_[6, 8, 10, 12].xlsx  →  20240915_2ppm铜离子污染测试_旧版电解槽_ion_firecloud_[8, 10, 12, 14].xlsx)
      MISS: 14 -> 10   (20240915_2ppm铜离子污染测试_旧版电解槽_ion_firecloud_[8, 10, 12, 14].xlsx  →  20240915_2ppm铜离子污染测试_旧版电解槽_ion_firecloud_[10, 12, 14, 16].xlsx)
      MISS: 16 -> 12   (20240915_2ppm铜离子污染测试_旧版电解槽_ion_firecloud_[10, 12, 14, 16].xlsx  →  20240915_2ppm铜离子污染测试_旧版电解槽_ion_firecloud_[12, 14, 16, 18].xlsx)
      MISS: 18 -> 14   (20240915_2ppm铜离子污染测试_旧版电解槽_ion_firecloud_[12, 14, 16, 18].xlsx  →  20240915_2ppm铜离子污染测试_旧版电解槽_ion_firecloud_[14, 16, 18, 20].xlsx)
      MISS: 20 -> 16   (20240915_2ppm铜离子污染测试_旧版电解槽_ion_firecloud_[14, 16, 18, 20].xlsx  →  20240915_2ppm铜离子污染测试_旧版电解槽_ion_firecloud_[16, 18, 20, 22].xlsx)
      MISS: 22 -> 18   (20240915_2ppm铜离子污染测试_旧版电解槽_ion_firecloud_[16, 18, 20, 22].xlsx  →  20240915_2ppm铜离子污染测试_旧版电解槽_ion_firecloud_[18, 20, 22, 24].xlsx)
      MISS: 24 -> 20   (20240915_2ppm铜离子污染测试_旧版电解槽_ion_firecloud_[18, 20, 22, 24].xlsx  →  20240915_2ppm铜离子污染测试_旧版电解槽_ion_firecloud_[20, 22, 24, 26].xlsx)

[PairDataset][Example pairs] (show up to 50)
  [1] A(idx=0) 20240918_2ppm钙离子污染测试_新版电解槽_ion_gamry_[10, 12, 14, 16].xlsx  times=[10, 12, 14, 16]
      → B(idx=0) 20240918_2ppm钙离子污染测试_新版电解槽_ion_gamry_[10, 12, 14, 16].xlsx  times=[10, 12, 14, 16]  dummy=True
  [2] A(idx=91) 20240918_2ppm钙离子污染测试_新版电解槽_ion_gamry_[14, 16, 18, 20].xlsx  times=[14, 16, 18, 20]
      → B(idx=91) 20240918_2ppm钙离子污染测试_新版电解槽_ion_gamry_[14, 16, 18, 20].xlsx  times=[14, 16, 18, 20]  dummy=True
  [3] A(idx=1) 20241028_2ppm钠离子污染和恢复测试_旧版电解槽_ion_column_renew_H2SO4_gamry_[2, 4, 6, 8].xlsx  times=[2, 4, 6, 8]
      → B(idx=1) 20241028_2ppm钠离子污染和恢复测试_旧版电解槽_ion_column_renew_H2SO4_gamry_[2, 4, 6, 8].xlsx  times=[2, 4, 6, 8]  dummy=True
  [4] A(idx=93) 20241028_2ppm钠离子污染和恢复测试_旧版电解槽_ion_column_renew_H2SO4_gamry_[4, 6, 8, 10].xlsx  times=[4, 6, 8, 10]
      → B(idx=93) 20241028_2ppm钠离子污染和恢复测试_旧版电解槽_ion_column_renew_H2SO4_gamry_[4, 6, 8, 10].xlsx  times=[4, 6, 8, 10]  dummy=True
  [5] A(idx=124) 20241010_2ppm钠离子污染测试_新版电解槽_ion_column_firecloud_[6, 8, 10, 12].xlsx  times=[6, 8, 10, 12]
      → B(idx=124) 20241010_2ppm钠离子污染测试_新版电解槽_ion_column_firecloud_[6, 8, 10, 12].xlsx  times=[6, 8, 10, 12]  dummy=True
  [6] A(idx=2) 20241010_2ppm钠离子污染测试_新版电解槽_ion_column_firecloud_[8, 10, 12, 14].xlsx  times=[8, 10, 12, 14]
      → B(idx=2) 20241010_2ppm钠离子污染测试_新版电解槽_ion_column_firecloud_[8, 10, 12, 14].xlsx  times=[8, 10, 12, 14]  dummy=True
  [7] A(idx=20) 20241101_2ppm铜离子污染和恢复测试_旧版电解槽_ion_firecloud_[0, 2, 4, 6].xlsx  times=[0, 2, 4, 6]
      → B(idx=20) 20241101_2ppm铜离子污染和恢复测试_旧版电解槽_ion_firecloud_[0, 2, 4, 6].xlsx  times=[0, 2, 4, 6]  dummy=True
  [8] A(idx=3) 20241101_2ppm铜离子污染和恢复测试_旧版电解槽_ion_firecloud_[10, 12, 14, 16].xlsx  times=[10, 12, 14, 16]
      → B(idx=3) 20241101_2ppm铜离子污染和恢复测试_旧版电解槽_ion_firecloud_[10, 12, 14, 16].xlsx  times=[10, 12, 14, 16]  dummy=True
  [9] A(idx=31) 20241101_2ppm铜离子污染和恢复测试_旧版电解槽_ion_firecloud_[20, 22, 24, 26].xlsx  times=[20, 22, 24, 26]
      → B(idx=31) 20241101_2ppm铜离子污染和恢复测试_旧版电解槽_ion_firecloud_[20, 22, 24, 26].xlsx  times=[20, 22, 24, 26]  dummy=True
  [10] A(idx=48) 20240831_10ppm镍离子污染测试_新版电解槽_ion_gamry_[0, 2, 4, 6].xlsx  times=[0, 2, 4, 6]
      → B(idx=48) 20240831_10ppm镍离子污染测试_新版电解槽_ion_gamry_[0, 2, 4, 6].xlsx  times=[0, 2, 4, 6]  dummy=True
  [11] A(idx=41) 20240831_10ppm镍离子污染测试_新版电解槽_ion_gamry_[4, 6, 8, 10].xlsx  times=[4, 6, 8, 10]
      → B(idx=41) 20240831_10ppm镍离子污染测试_新版电解槽_ion_gamry_[4, 6, 8, 10].xlsx  times=[4, 6, 8, 10]  dummy=True
  [12] A(idx=138) 20240831_10ppm镍离子污染测试_新版电解槽_ion_gamry_[16, 18, 20, 22].xlsx  times=[16, 18, 20, 22]
      → B(idx=138) 20240831_10ppm镍离子污染测试_新版电解槽_ion_gamry_[16, 18, 20, 22].xlsx  times=[16, 18, 20, 22]  dummy=True
  [13] A(idx=4) 20240831_10ppm镍离子污染测试_新版电解槽_ion_gamry_[18, 20, 22, 24].xlsx  times=[18, 20, 22, 24]
      → B(idx=4) 20240831_10ppm镍离子污染测试_新版电解槽_ion_gamry_[18, 20, 22, 24].xlsx  times=[18, 20, 22, 24]  dummy=True
  [14] A(idx=5) 20241122_2ppm铜离子污染及恢复测试40摄氏度_新版电解槽_ion_column_renew_H2SO4_gamry_[14, 16, 18, 20].xlsx  times=[14, 16, 18, 20]
      → B(idx=5) 20241122_2ppm铜离子污染及恢复测试40摄氏度_新版电解槽_ion_column_renew_H2SO4_gamry_[14, 16, 18, 20].xlsx  times=[14, 16, 18, 20]  dummy=True
  [15] A(idx=92) 20241010_2ppm钠离子污染测试_新版电解槽_ion_firecloud_[4, 6, 8, 10].xlsx  times=[4, 6, 8, 10]
      → B(idx=92) 20241010_2ppm钠离子污染测试_新版电解槽_ion_firecloud_[4, 6, 8, 10].xlsx  times=[4, 6, 8, 10]  dummy=True
  [16] A(idx=103) 20241010_2ppm钠离子污染测试_新版电解槽_ion_firecloud_[12, 14, 16, 18].xlsx  times=[12, 14, 16, 18]
      → B(idx=103) 20241010_2ppm钠离子污染测试_新版电解槽_ion_firecloud_[12, 14, 16, 18].xlsx  times=[12, 14, 16, 18]  dummy=True
  [17] A(idx=134) 20241010_2ppm钠离子污染测试_新版电解槽_ion_firecloud_[16, 18, 20, 22].xlsx  times=[16, 18, 20, 22]
      → B(idx=134) 20241010_2ppm钠离子污染测试_新版电解槽_ion_firecloud_[16, 18, 20, 22].xlsx  times=[16, 18, 20, 22]  dummy=True
  [18] A(idx=6) 20241010_2ppm钠离子污染测试_新版电解槽_ion_firecloud_[36, 38, 40, 42].xlsx  times=[36, 38, 40, 42]
      → B(idx=6) 20241010_2ppm钠离子污染测试_新版电解槽_ion_firecloud_[36, 38, 40, 42].xlsx  times=[36, 38, 40, 42]  dummy=True
  [19] A(idx=55) 20241029_2ppm铁离子污染和恢复测试_新版电解槽_ion_firecloud_[26, 28, 30, 32].xlsx  times=[26, 28, 30, 32]
      → B(idx=55) 20241029_2ppm铁离子污染和恢复测试_新版电解槽_ion_firecloud_[26, 28, 30, 32].xlsx  times=[26, 28, 30, 32]  dummy=True
  [20] A(idx=7) 20241029_2ppm铁离子污染和恢复测试_新版电解槽_ion_firecloud_[30, 32, 34, 36].xlsx  times=[30, 32, 34, 36]
      → B(idx=7) 20241029_2ppm铁离子污染和恢复测试_新版电解槽_ion_firecloud_[30, 32, 34, 36].xlsx  times=[30, 32, 34, 36]  dummy=True
  [21] A(idx=140) 20241029_2ppm铁离子污染和恢复测试_新版电解槽_ion_firecloud_[34, 36, 38, 40].xlsx  times=[34, 36, 38, 40]
      → B(idx=140) 20241029_2ppm铁离子污染和恢复测试_新版电解槽_ion_firecloud_[34, 36, 38, 40].xlsx  times=[34, 36, 38, 40]  dummy=True
  [22] A(idx=47) 20241029_2ppm铁离子污染和恢复测试_新版电解槽_ion_firecloud_[46, 48, 50, 52].xlsx  times=[46, 48, 50, 52]
      → B(idx=47) 20241029_2ppm铁离子污染和恢复测试_新版电解槽_ion_firecloud_[46, 48, 50, 52].xlsx  times=[46, 48, 50, 52]  dummy=True
  [23] A(idx=8) 20241227_10ppm铜离子污染及恢复测试_旧版电解槽_ion_column_renew_H2SO4_gamry_[8, 10, 12, 14].xlsx  times=[8, 10, 12, 14]
      → B(idx=8) 20241227_10ppm铜离子污染及恢复测试_旧版电解槽_ion_column_renew_H2SO4_gamry_[8, 10, 12, 14].xlsx  times=[8, 10, 12, 14]  dummy=True
  [24] A(idx=87) 20241227_10ppm铜离子污染及恢复测试_旧版电解槽_ion_column_renew_H2SO4_gamry_[24, 26, 28, 30].xlsx  times=[24, 26, 28, 30]
      → B(idx=87) 20241227_10ppm铜离子污染及恢复测试_旧版电解槽_ion_column_renew_H2SO4_gamry_[24, 26, 28, 30].xlsx  times=[24, 26, 28, 30]  dummy=True
  [25] A(idx=133) 20241227_10ppm铜离子污染及恢复测试_旧版电解槽_ion_column_renew_H2SO4_gamry_[26, 28, 30, 32].xlsx  times=[26, 28, 30, 32]
      → B(idx=133) 20241227_10ppm铜离子污染及恢复测试_旧版电解槽_ion_column_renew_H2SO4_gamry_[26, 28, 30, 32].xlsx  times=[26, 28, 30, 32]  dummy=True
  [26] A(idx=27) 20241017_2ppm铬离子污染和恢复测试_新版电解槽_ion_gamry_[0, 2, 4, 6].xlsx  times=[0, 2, 4, 6]
      → B(idx=27) 20241017_2ppm铬离子污染和恢复测试_新版电解槽_ion_gamry_[0, 2, 4, 6].xlsx  times=[0, 2, 4, 6]  dummy=True
  [27] A(idx=9) 20241017_2ppm铬离子污染和恢复测试_新版电解槽_ion_gamry_[20, 22, 24, 26].xlsx  times=[20, 22, 24, 26]
      → B(idx=9) 20241017_2ppm铬离子污染和恢复测试_新版电解槽_ion_gamry_[20, 22, 24, 26].xlsx  times=[20, 22, 24, 26]  dummy=True
  [28] A(idx=10) 20241024_2ppm铁离子污染和恢复测试_新版电解槽_ion_column_renew_H2SO4_firecloud_[12, 14, 16, 18].xlsx  times=[12, 14, 16, 18]
      → B(idx=135) 20241024_2ppm铁离子污染和恢复测试_新版电解槽_ion_column_renew_H2SO4_firecloud_[18, 20, 22, 24].xlsx  times=[18, 20, 22, 24]  dummy=False
  [29] A(idx=135) 20241024_2ppm铁离子污染和恢复测试_新版电解槽_ion_column_renew_H2SO4_firecloud_[18, 20, 22, 24].xlsx  times=[18, 20, 22, 24]
      → B(idx=135) 20241024_2ppm铁离子污染和恢复测试_新版电解槽_ion_column_renew_H2SO4_firecloud_[18, 20, 22, 24].xlsx  times=[18, 20, 22, 24]  dummy=True
  [30] A(idx=11) 20241117_2ppm钠离子污染及恢复测试10mlmin_旧版电解槽_ion_gamry_[2, 4, 6, 8].xlsx  times=[2, 4, 6, 8]
      → B(idx=11) 20241117_2ppm钠离子污染及恢复测试10mlmin_旧版电解槽_ion_gamry_[2, 4, 6, 8].xlsx  times=[2, 4, 6, 8]  dummy=True
  [31] A(idx=139) 20241117_2ppm钠离子污染及恢复测试10mlmin_旧版电解槽_ion_gamry_[10, 12, 14, 16].xlsx  times=[10, 12, 14, 16]
      → B(idx=139) 20241117_2ppm钠离子污染及恢复测试10mlmin_旧版电解槽_ion_gamry_[10, 12, 14, 16].xlsx  times=[10, 12, 14, 16]  dummy=True
  [32] A(idx=77) 20241117_2ppm钠离子污染及恢复测试10mlmin_旧版电解槽_ion_gamry_[30, 32, 34, 36].xlsx  times=[30, 32, 34, 36]
      → B(idx=77) 20241117_2ppm钠离子污染及恢复测试10mlmin_旧版电解槽_ion_gamry_[30, 32, 34, 36].xlsx  times=[30, 32, 34, 36]  dummy=True
  [33] A(idx=137) 20241211_2ppm铜离子污染及恢复测试80摄氏度_旧版电解槽_ion_gamry_[28, 30, 32, 34].xlsx  times=[28, 30, 32, 34]
      → B(idx=137) 20241211_2ppm铜离子污染及恢复测试80摄氏度_旧版电解槽_ion_gamry_[28, 30, 32, 34].xlsx  times=[28, 30, 32, 34]  dummy=True
  [34] A(idx=12) 20241211_2ppm铜离子污染及恢复测试80摄氏度_旧版电解槽_ion_gamry_[32, 34, 36, 38].xlsx  times=[32, 34, 36, 38]
      → B(idx=107) 20241211_2ppm铜离子污染及恢复测试80摄氏度_旧版电解槽_ion_gamry_[38, 40, 42, 44].xlsx  times=[38, 40, 42, 44]  dummy=False
  [35] A(idx=107) 20241211_2ppm铜离子污染及恢复测试80摄氏度_旧版电解槽_ion_gamry_[38, 40, 42, 44].xlsx  times=[38, 40, 42, 44]
      → B(idx=107) 20241211_2ppm铜离子污染及恢复测试80摄氏度_旧版电解槽_ion_gamry_[38, 40, 42, 44].xlsx  times=[38, 40, 42, 44]  dummy=True
  [36] A(idx=142) 20241213_2ppm钠离子污染及恢复测试_新版电解槽_ion_gamry_[0, 2, 4, 6].xlsx  times=[0, 2, 4, 6]
      → B(idx=142) 20241213_2ppm钠离子污染及恢复测试_新版电解槽_ion_gamry_[0, 2, 4, 6].xlsx  times=[0, 2, 4, 6]  dummy=True
  [37] A(idx=69) 20241213_2ppm钠离子污染及恢复测试_新版电解槽_ion_gamry_[2, 4, 6, 8].xlsx  times=[2, 4, 6, 8]
      → B(idx=69) 20241213_2ppm钠离子污染及恢复测试_新版电解槽_ion_gamry_[2, 4, 6, 8].xlsx  times=[2, 4, 6, 8]  dummy=True
  [38] A(idx=13) 20241213_2ppm钠离子污染及恢复测试_新版电解槽_ion_gamry_[22, 24, 26, 28].xlsx  times=[22, 24, 26, 28]
      → B(idx=13) 20241213_2ppm钠离子污染及恢复测试_新版电解槽_ion_gamry_[22, 24, 26, 28].xlsx  times=[22, 24, 26, 28]  dummy=True
  [39] A(idx=14) 20240822_10ppm铜离子污染测试_新版电解槽_ion_gamry_[10, 12, 14, 16].xlsx  times=[10, 12, 14, 16]
      → B(idx=14) 20240822_10ppm铜离子污染测试_新版电解槽_ion_gamry_[10, 12, 14, 16].xlsx  times=[10, 12, 14, 16]  dummy=True
  [40] A(idx=51) 20241112_2ppm钠离子污染和恢复测试80摄氏度_新版电解槽_ion_gamry_[28, 30, 32, 34].xlsx  times=[28, 30, 32, 34]
      → B(idx=125) 20241112_2ppm钠离子污染和恢复测试80摄氏度_新版电解槽_ion_gamry_[34, 36, 38, 40].xlsx  times=[34, 36, 38, 40]  dummy=False
  [41] A(idx=125) 20241112_2ppm钠离子污染和恢复测试80摄氏度_新版电解槽_ion_gamry_[34, 36, 38, 40].xlsx  times=[34, 36, 38, 40]
      → B(idx=125) 20241112_2ppm钠离子污染和恢复测试80摄氏度_新版电解槽_ion_gamry_[34, 36, 38, 40].xlsx  times=[34, 36, 38, 40]  dummy=True
  [42] A(idx=15) 20241112_2ppm钠离子污染和恢复测试80摄氏度_新版电解槽_ion_gamry_[36, 38, 40, 42].xlsx  times=[36, 38, 40, 42]
      → B(idx=15) 20241112_2ppm钠离子污染和恢复测试80摄氏度_新版电解槽_ion_gamry_[36, 38, 40, 42].xlsx  times=[36, 38, 40, 42]  dummy=True
  [43] A(idx=16) 20240831_10ppm镍离子污染测试_新版电解槽_ion_column_gamry_[0, 2, 4, 6].xlsx  times=[0, 2, 4, 6]
      → B(idx=16) 20240831_10ppm镍离子污染测试_新版电解槽_ion_column_gamry_[0, 2, 4, 6].xlsx  times=[0, 2, 4, 6]  dummy=True
  [44] A(idx=17) 20241112_2ppm镍离子污染及恢复测试_旧版电解槽_ion_column_gamry_[12, 14, 16, 18].xlsx  times=[12, 14, 16, 18]
      → B(idx=17) 20241112_2ppm镍离子污染及恢复测试_旧版电解槽_ion_column_gamry_[12, 14, 16, 18].xlsx  times=[12, 14, 16, 18]  dummy=True
  [45] A(idx=18) 20241013_2ppm铝离子污染测试_新版电解槽_ion_column_firecloud_[8, 10, 12, 14].xlsx  times=[8, 10, 12, 14]
      → B(idx=18) 20241013_2ppm铝离子污染测试_新版电解槽_ion_column_firecloud_[8, 10, 12, 14].xlsx  times=[8, 10, 12, 14]  dummy=True
  [46] A(idx=89) 20241013_2ppm铝离子污染测试_新版电解槽_ion_column_firecloud_[16, 18, 20, 22].xlsx  times=[16, 18, 20, 22]
      → B(idx=89) 20241013_2ppm铝离子污染测试_新版电解槽_ion_column_firecloud_[16, 18, 20, 22].xlsx  times=[16, 18, 20, 22]  dummy=True
  [47] A(idx=19) 20241024_2ppm铁离子污染和恢复测试_新版电解槽_ion_column_firecloud_[2, 4, 6, 8].xlsx  times=[2, 4, 6, 8]
      → B(idx=19) 20241024_2ppm铁离子污染和恢复测试_新版电解槽_ion_column_firecloud_[2, 4, 6, 8].xlsx  times=[2, 4, 6, 8]  dummy=True
  [48] A(idx=56) 20241024_2ppm铁离子污染和恢复测试_新版电解槽_ion_column_firecloud_[10, 12, 14, 16].xlsx  times=[10, 12, 14, 16]
      → B(idx=56) 20241024_2ppm铁离子污染和恢复测试_新版电解槽_ion_column_firecloud_[10, 12, 14, 16].xlsx  times=[10, 12, 14, 16]  dummy=True
  [49] A(idx=66) 20241024_2ppm铁离子污染和恢复测试_新版电解槽_ion_column_firecloud_[18, 20, 22, 24].xlsx  times=[18, 20, 22, 24]
      → B(idx=66) 20241024_2ppm铁离子污染和恢复测试_新版电解槽_ion_column_firecloud_[18, 20, 22, 24].xlsx  times=[18, 20, 22, 24]  dummy=True
  [50] A(idx=21) 20240918_2ppm钙离子污染测试_新版电解槽_ion_column_gamry_[2, 4, 6, 8].xlsx  times=[2, 4, 6, 8]
      → B(idx=21) 20240918_2ppm钙离子污染测试_新版电解槽_ion_column_gamry_[2, 4, 6, 8].xlsx  times=[2, 4, 6, 8]  dummy=True

[PairDataset][Summary]
- total files:        145
- parsed OK:          145
- regex fail:         0
- parse times fail:   0
- empty times:        0
- total pairs:        145  (keep_unpaired=self)
- distinct prefixes:  77
- prefixes coverage (first few):
  [1] 20240918_2ppm钙离子污染测试_新版电解槽_ion_gamry_[* -> windows=2, adj_pairs=0/1
  [2] 20241028_2ppm钠离子污染和恢复测试_旧版电解槽_ion_column_renew_H2SO4_gamry_[* -> windows=2, adj_pairs=0/1
  [3] 20241010_2ppm钠离子污染测试_新版电解槽_ion_column_firecloud_[* -> windows=2, adj_pairs=0/1
  [4] 20241101_2ppm铜离子污染和恢复测试_旧版电解槽_ion_firecloud_[* -> windows=3, adj_pairs=0/2
  [5] 20240831_10ppm镍离子污染测试_新版电解槽_ion_gamry_[* -> windows=4, adj_pairs=0/3
  [6] 20241122_2ppm铜离子污染及恢复测试40摄氏度_新版电解槽_ion_column_renew_H2SO4_gamry_[* -> windows=1, adj_pairs=0/0
  [7] 20241010_2ppm钠离子污染测试_新版电解槽_ion_firecloud_[* -> windows=4, adj_pairs=0/3
  [8] 20241029_2ppm铁离子污染和恢复测试_新版电解槽_ion_firecloud_[* -> windows=4, adj_pairs=0/3
  [9] 20241227_10ppm铜离子污染及恢复测试_旧版电解槽_ion_column_renew_H2SO4_gamry_[* -> windows=3, adj_pairs=0/2
  [10] 20241017_2ppm铬离子污染和恢复测试_新版电解槽_ion_gamry_[* -> windows=2, adj_pairs=0/1
- unadjacent gaps samples: 136 (showing first 0)
num base train samples: 636
num base val   samples: 145
num pair train samples: 636
num pair val   samples: 145
dummy_mask[0] = False
🧩 新模型: 248,576 参数 (248,576 可训练)
📝 TensorBoard 日志目录: /home/kudouzala/Application/ion_detect/output/tensorboard/exp_new_c_num_tp4
🔥 Warmup: 100 epochs (LR × 0.01 → 1.0)
📈 Cosine Annealing LR 调度 (T_max=900)
[New] Epoch 1/1000 | classify: 5.5882 | total: 5.5882
[New] Epoch 2/1000 | classify: 5.5359 | total: 5.5359
[New] Epoch 3/1000 | classify: 4.8054 | total: 4.8054
[New] Epoch 4/1000 | classify: 4.7851 | total: 4.7851
[New] Epoch 5/1000 | classify: 4.3372 | total: 4.3372
[New] Epoch 6/1000 | classify: 4.3595 | total: 4.3595
[New] Epoch 7/1000 | classify: 4.1960 | total: 4.1960
[New] Epoch 8/1000 | classify: 3.8889 | total: 3.8889
[New] Epoch 9/1000 | classify: 3.6718 | total: 3.6718
[New] Epoch 10/1000 | classify: 3.6875 | total: 3.6875
--- 验证集 [epoch 10] ---
  准确率 (Accuracy):  0.6000
  精确率 (Precision): 0.1575
  召回率 (Recall):    0.2653
  F1 分数 (F1):       0.1969
✅ 模型已保存到 /home/kudouzala/Application/ion_detect/output/trained_model_save/exp_new_c_num_tp4/trained_model_epoch_best.pth
  🏆 新最佳 F1=0.1969，已保存 best 模型
[New] Epoch 11/1000 | classify: 3.5533 | total: 3.5533
[New] Epoch 12/1000 | classify: 3.3308 | total: 3.3308
[New] Epoch 13/1000 | classify: 3.4811 | total: 3.4811
[New] Epoch 14/1000 | classify: 3.3131 | total: 3.3131
[New] Epoch 15/1000 | classify: 3.5186 | total: 3.5186
[New] Epoch 16/1000 | classify: 3.2516 | total: 3.2516
[New] Epoch 17/1000 | classify: 3.2061 | total: 3.2061
[New] Epoch 18/1000 | classify: 3.0675 | total: 3.0675
[New] Epoch 19/1000 | classify: 3.2952 | total: 3.2952
[New] Epoch 20/1000 | classify: 3.3976 | total: 3.3976
--- 验证集 [epoch 20] ---
  准确率 (Accuracy):  0.6069
  精确率 (Precision): 0.2459
  召回率 (Recall):    0.3370
  F1 分数 (F1):       0.2815
✅ 模型已保存到 /home/kudouzala/Application/ion_detect/output/trained_model_save/exp_new_c_num_tp4/trained_model_epoch_best.pth
  🏆 新最佳 F1=0.2815，已保存 best 模型
[New] Epoch 21/1000 | classify: 2.8389 | total: 2.8389
[New] Epoch 22/1000 | classify: 3.3777 | total: 3.3777
[New] Epoch 23/1000 | classify: 3.0647 | total: 3.0647
[New] Epoch 24/1000 | classify: 3.1155 | total: 3.1155
[New] Epoch 25/1000 | classify: 3.1998 | total: 3.1998
[New] Epoch 26/1000 | classify: 2.7648 | total: 2.7648
[New] Epoch 27/1000 | classify: 3.1085 | total: 3.1085
[New] Epoch 28/1000 | classify: 2.9989 | total: 2.9989
[New] Epoch 29/1000 | classify: 2.8717 | total: 2.8717
[New] Epoch 30/1000 | classify: 2.8844 | total: 2.8844
--- 验证集 [epoch 30] ---
  准确率 (Accuracy):  0.5724
  精确率 (Precision): 0.2305
  召回率 (Recall):    0.3266
  F1 分数 (F1):       0.2595
[New] Epoch 31/1000 | classify: 2.7066 | total: 2.7066
[New] Epoch 32/1000 | classify: 3.0402 | total: 3.0402
[New] Epoch 33/1000 | classify: 2.8653 | total: 2.8653
[New] Epoch 34/1000 | classify: 2.8109 | total: 2.8109
[New] Epoch 35/1000 | classify: 2.7646 | total: 2.7646
[New] Epoch 36/1000 | classify: 2.9709 | total: 2.9709
[New] Epoch 37/1000 | classify: 2.9646 | total: 2.9646
[New] Epoch 38/1000 | classify: 2.8288 | total: 2.8288
[New] Epoch 39/1000 | classify: 2.8730 | total: 2.8730
[New] Epoch 40/1000 | classify: 3.0289 | total: 3.0289
--- 验证集 [epoch 40] ---
  准确率 (Accuracy):  0.5724
  精确率 (Precision): 0.3109
  召回率 (Recall):    0.3581
  F1 分数 (F1):       0.3120
✅ 模型已保存到 /home/kudouzala/Application/ion_detect/output/trained_model_save/exp_new_c_num_tp4/trained_model_epoch_best.pth
  🏆 新最佳 F1=0.3120，已保存 best 模型
[New] Epoch 41/1000 | classify: 2.8394 | total: 2.8394
[New] Epoch 42/1000 | classify: 2.7016 | total: 2.7016
[New] Epoch 43/1000 | classify: 2.7691 | total: 2.7691
[New] Epoch 44/1000 | classify: 2.9734 | total: 2.9734
[New] Epoch 45/1000 | classify: 2.7771 | total: 2.7771
[New] Epoch 46/1000 | classify: 2.6995 | total: 2.6995
[New] Epoch 47/1000 | classify: 2.7990 | total: 2.7990
[New] Epoch 48/1000 | classify: 2.8026 | total: 2.8026
[New] Epoch 49/1000 | classify: 2.7163 | total: 2.7163
[New] Epoch 50/1000 | classify: 2.5248 | total: 2.5248
--- 验证集 [epoch 50] ---
  准确率 (Accuracy):  0.6897
  精确率 (Precision): 0.6745
  召回率 (Recall):    0.5111
  F1 分数 (F1):       0.4942
✅ 模型已保存到 /home/kudouzala/Application/ion_detect/output/trained_model_save/exp_new_c_num_tp4/trained_model_epoch_best.pth
  🏆 新最佳 F1=0.4942，已保存 best 模型
✅ 模型已保存到 /home/kudouzala/Application/ion_detect/output/trained_model_save/exp_new_c_num_tp4/trained_model_epoch_50.pth
📁 损失值已保存到 /home/kudouzala/Application/ion_detect/output/trained_model_save/exp_new_c_num_tp4/training_loss_epoch_50.csv
[New] Epoch 51/1000 | classify: 2.1631 | total: 2.1631
[New] Epoch 52/1000 | classify: 2.4118 | total: 2.4118
[New] Epoch 53/1000 | classify: 2.3427 | total: 2.3427
[New] Epoch 54/1000 | classify: 2.5381 | total: 2.5381
[New] Epoch 55/1000 | classify: 2.3342 | total: 2.3342
[New] Epoch 56/1000 | classify: 2.2729 | total: 2.2729
[New] Epoch 57/1000 | classify: 2.3318 | total: 2.3318
[New] Epoch 58/1000 | classify: 2.3744 | total: 2.3744
[New] Epoch 59/1000 | classify: 2.3751 | total: 2.3751
[New] Epoch 60/1000 | classify: 2.2652 | total: 2.2652
--- 验证集 [epoch 60] ---
  准确率 (Accuracy):  0.6621
  精确率 (Precision): 0.4589
  召回率 (Recall):    0.5059
  F1 分数 (F1):       0.4694
[New] Epoch 61/1000 | classify: 2.1334 | total: 2.1334
[New] Epoch 62/1000 | classify: 2.2107 | total: 2.2107
[New] Epoch 63/1000 | classify: 1.9939 | total: 1.9939
[New] Epoch 64/1000 | classify: 2.1258 | total: 2.1258
[New] Epoch 65/1000 | classify: 1.9537 | total: 1.9537
[New] Epoch 66/1000 | classify: 1.6773 | total: 1.6773
[New] Epoch 67/1000 | classify: 2.0290 | total: 2.0290
[New] Epoch 68/1000 | classify: 1.9004 | total: 1.9004
[New] Epoch 69/1000 | classify: 1.8467 | total: 1.8467
[New] Epoch 70/1000 | classify: 1.8990 | total: 1.8990
--- 验证集 [epoch 70] ---
  准确率 (Accuracy):  0.6966
  精确率 (Precision): 0.6293
  召回率 (Recall):    0.4990
  F1 分数 (F1):       0.5132
✅ 模型已保存到 /home/kudouzala/Application/ion_detect/output/trained_model_save/exp_new_c_num_tp4/trained_model_epoch_best.pth
  🏆 新最佳 F1=0.5132，已保存 best 模型
[New] Epoch 71/1000 | classify: 2.1142 | total: 2.1142
[New] Epoch 72/1000 | classify: 1.7999 | total: 1.7999
[New] Epoch 73/1000 | classify: 1.8169 | total: 1.8169
[New] Epoch 74/1000 | classify: 1.7643 | total: 1.7643
[New] Epoch 75/1000 | classify: 1.6584 | total: 1.6584
[New] Epoch 76/1000 | classify: 1.6760 | total: 1.6760
[New] Epoch 77/1000 | classify: 1.5802 | total: 1.5802
[New] Epoch 78/1000 | classify: 1.5108 | total: 1.5108
[New] Epoch 79/1000 | classify: 1.7687 | total: 1.7687
[New] Epoch 80/1000 | classify: 1.4946 | total: 1.4946
--- 验证集 [epoch 80] ---
  准确率 (Accuracy):  0.7034
  精确率 (Precision): 0.5724
  召回率 (Recall):    0.5744
  F1 分数 (F1):       0.5505
✅ 模型已保存到 /home/kudouzala/Application/ion_detect/output/trained_model_save/exp_new_c_num_tp4/trained_model_epoch_best.pth
  🏆 新最佳 F1=0.5505，已保存 best 模型
[New] Epoch 81/1000 | classify: 1.4650 | total: 1.4650
[New] Epoch 82/1000 | classify: 1.6777 | total: 1.6777
[New] Epoch 83/1000 | classify: 1.5284 | total: 1.5284
[New] Epoch 84/1000 | classify: 1.3960 | total: 1.3960
[New] Epoch 85/1000 | classify: 1.4599 | total: 1.4599
[New] Epoch 86/1000 | classify: 1.4145 | total: 1.4145
[New] Epoch 87/1000 | classify: 1.1301 | total: 1.1301
[New] Epoch 88/1000 | classify: 1.5063 | total: 1.5063
[New] Epoch 89/1000 | classify: 1.6157 | total: 1.6157
[New] Epoch 90/1000 | classify: 1.6905 | total: 1.6905
--- 验证集 [epoch 90] ---
  准确率 (Accuracy):  0.6897
  精确率 (Precision): 0.4930
  召回率 (Recall):    0.5224
  F1 分数 (F1):       0.5005
[New] Epoch 91/1000 | classify: 1.3812 | total: 1.3812
[New] Epoch 92/1000 | classify: 1.2658 | total: 1.2658
[New] Epoch 93/1000 | classify: 1.4524 | total: 1.4524
[New] Epoch 94/1000 | classify: 1.2835 | total: 1.2835
[New] Epoch 95/1000 | classify: 1.2005 | total: 1.2005
[New] Epoch 96/1000 | classify: 1.1563 | total: 1.1563
[New] Epoch 97/1000 | classify: 1.4296 | total: 1.4296
[New] Epoch 98/1000 | classify: 1.1951 | total: 1.1951
[New] Epoch 99/1000 | classify: 1.2982 | total: 1.2982
[New] Epoch 100/1000 | classify: 1.3179 | total: 1.3179
--- 验证集 [epoch 100] ---
  准确率 (Accuracy):  0.7241
  精确率 (Precision): 0.6011
  召回率 (Recall):    0.5852
  F1 分数 (F1):       0.5805
✅ 模型已保存到 /home/kudouzala/Application/ion_detect/output/trained_model_save/exp_new_c_num_tp4/trained_model_epoch_best.pth
  🏆 新最佳 F1=0.5805，已保存 best 模型
✅ 模型已保存到 /home/kudouzala/Application/ion_detect/output/trained_model_save/exp_new_c_num_tp4/trained_model_epoch_100.pth
📁 损失值已保存到 /home/kudouzala/Application/ion_detect/output/trained_model_save/exp_new_c_num_tp4/training_loss_epoch_100.csv
[New] Epoch 101/1000 | classify: 1.0072 | total: 1.0072
[New] Epoch 102/1000 | classify: 1.3306 | total: 1.3306
[New] Epoch 103/1000 | classify: 1.1319 | total: 1.1319
[New] Epoch 104/1000 | classify: 1.0904 | total: 1.0904
[New] Epoch 105/1000 | classify: 1.0915 | total: 1.0915
[New] Epoch 106/1000 | classify: 1.1500 | total: 1.1500
[New] Epoch 107/1000 | classify: 1.3230 | total: 1.3230
[New] Epoch 108/1000 | classify: 1.1804 | total: 1.1804
[New] Epoch 109/1000 | classify: 1.1729 | total: 1.1729
[New] Epoch 110/1000 | classify: 1.2561 | total: 1.2561
--- 验证集 [epoch 110] ---
  准确率 (Accuracy):  0.7172
  精确率 (Precision): 0.5933
  召回率 (Recall):    0.5796
  F1 分数 (F1):       0.5752
[New] Epoch 111/1000 | classify: 1.1790 | total: 1.1790
[New] Epoch 112/1000 | classify: 1.1358 | total: 1.1358
[New] Epoch 113/1000 | classify: 1.2502 | total: 1.2502
[New] Epoch 114/1000 | classify: 1.2880 | total: 1.2880
[New] Epoch 115/1000 | classify: 1.1632 | total: 1.1632
[New] Epoch 116/1000 | classify: 1.2417 | total: 1.2417
[New] Epoch 117/1000 | classify: 1.2056 | total: 1.2056
[New] Epoch 118/1000 | classify: 1.0089 | total: 1.0089
[New] Epoch 119/1000 | classify: 1.0893 | total: 1.0893
[New] Epoch 120/1000 | classify: 1.0416 | total: 1.0416
--- 验证集 [epoch 120] ---
  准确率 (Accuracy):  0.7310
  精确率 (Precision): 0.6305
  召回率 (Recall):    0.5794
  F1 分数 (F1):       0.5965
✅ 模型已保存到 /home/kudouzala/Application/ion_detect/output/trained_model_save/exp_new_c_num_tp4/trained_model_epoch_best.pth
  🏆 新最佳 F1=0.5965，已保存 best 模型
[New] Epoch 121/1000 | classify: 0.9787 | total: 0.9787
[New] Epoch 122/1000 | classify: 1.4263 | total: 1.4263
[New] Epoch 123/1000 | classify: 1.1938 | total: 1.1938
[New] Epoch 124/1000 | classify: 0.9384 | total: 0.9384
[New] Epoch 125/1000 | classify: 1.2638 | total: 1.2638
[New] Epoch 126/1000 | classify: 1.3100 | total: 1.3100
[New] Epoch 127/1000 | classify: 1.1763 | total: 1.1763
[New] Epoch 128/1000 | classify: 1.1054 | total: 1.1054
[New] Epoch 129/1000 | classify: 1.0831 | total: 1.0831
[New] Epoch 130/1000 | classify: 0.9957 | total: 0.9957
--- 验证集 [epoch 130] ---
  准确率 (Accuracy):  0.7172
  精确率 (Precision): 0.5589
  召回率 (Recall):    0.5327
  F1 分数 (F1):       0.5331
[New] Epoch 131/1000 | classify: 1.0117 | total: 1.0117
[New] Epoch 132/1000 | classify: 0.9890 | total: 0.9890
[New] Epoch 133/1000 | classify: 1.0086 | total: 1.0086
[New] Epoch 134/1000 | classify: 1.0881 | total: 1.0881
[New] Epoch 135/1000 | classify: 0.8577 | total: 0.8577
[New] Epoch 136/1000 | classify: 1.0808 | total: 1.0808
[New] Epoch 137/1000 | classify: 0.9789 | total: 0.9789
[New] Epoch 138/1000 | classify: 1.1359 | total: 1.1359
[New] Epoch 139/1000 | classify: 0.9190 | total: 0.9190
[New] Epoch 140/1000 | classify: 0.8871 | total: 0.8871
--- 验证集 [epoch 140] ---
  准确率 (Accuracy):  0.7379
  精确率 (Precision): 0.6789
  召回率 (Recall):    0.5949
  F1 分数 (F1):       0.6028
✅ 模型已保存到 /home/kudouzala/Application/ion_detect/output/trained_model_save/exp_new_c_num_tp4/trained_model_epoch_best.pth
  🏆 新最佳 F1=0.6028，已保存 best 模型
[New] Epoch 141/1000 | classify: 0.9982 | total: 0.9982
[New] Epoch 142/1000 | classify: 1.0063 | total: 1.0063
[New] Epoch 143/1000 | classify: 1.0724 | total: 1.0724
[New] Epoch 144/1000 | classify: 0.9575 | total: 0.9575
[New] Epoch 145/1000 | classify: 1.0625 | total: 1.0625
[New] Epoch 146/1000 | classify: 0.8854 | total: 0.8854
[New] Epoch 147/1000 | classify: 1.0088 | total: 1.0088
[New] Epoch 148/1000 | classify: 0.7613 | total: 0.7613
[New] Epoch 149/1000 | classify: 1.0453 | total: 1.0453
[New] Epoch 150/1000 | classify: 0.7811 | total: 0.7811
--- 验证集 [epoch 150] ---
  准确率 (Accuracy):  0.7310
  精确率 (Precision): 0.6420
  召回率 (Recall):    0.5272
  F1 分数 (F1):       0.5586
✅ 模型已保存到 /home/kudouzala/Application/ion_detect/output/trained_model_save/exp_new_c_num_tp4/trained_model_epoch_150.pth
📁 损失值已保存到 /home/kudouzala/Application/ion_detect/output/trained_model_save/exp_new_c_num_tp4/training_loss_epoch_150.csv
[New] Epoch 151/1000 | classify: 1.0900 | total: 1.0900
[New] Epoch 152/1000 | classify: 0.8572 | total: 0.8572
[New] Epoch 153/1000 | classify: 0.9899 | total: 0.9899
[New] Epoch 154/1000 | classify: 0.7153 | total: 0.7153
[New] Epoch 155/1000 | classify: 0.9342 | total: 0.9342
[New] Epoch 156/1000 | classify: 0.9605 | total: 0.9605
[New] Epoch 157/1000 | classify: 0.9096 | total: 0.9096
[New] Epoch 158/1000 | classify: 0.9857 | total: 0.9857
[New] Epoch 159/1000 | classify: 0.9814 | total: 0.9814
[New] Epoch 160/1000 | classify: 0.8807 | total: 0.8807
--- 验证集 [epoch 160] ---
  准确率 (Accuracy):  0.7586
  精确率 (Precision): 0.6831
  召回率 (Recall):    0.6179
  F1 分数 (F1):       0.6394
✅ 模型已保存到 /home/kudouzala/Application/ion_detect/output/trained_model_save/exp_new_c_num_tp4/trained_model_epoch_best.pth
  🏆 新最佳 F1=0.6394，已保存 best 模型
[New] Epoch 161/1000 | classify: 1.0281 | total: 1.0281
[New] Epoch 162/1000 | classify: 0.9729 | total: 0.9729
[New] Epoch 163/1000 | classify: 1.0138 | total: 1.0138
[New] Epoch 164/1000 | classify: 0.8184 | total: 0.8184
[New] Epoch 165/1000 | classify: 0.8317 | total: 0.8317
[New] Epoch 166/1000 | classify: 0.8477 | total: 0.8477
[New] Epoch 167/1000 | classify: 0.8551 | total: 0.8551
[New] Epoch 168/1000 | classify: 0.9024 | total: 0.9024
[New] Epoch 169/1000 | classify: 0.9574 | total: 0.9574
[New] Epoch 170/1000 | classify: 0.7902 | total: 0.7902
--- 验证集 [epoch 170] ---
  准确率 (Accuracy):  0.7103
  精确率 (Precision): 0.6295
  召回率 (Recall):    0.5972
  F1 分数 (F1):       0.5955
[New] Epoch 171/1000 | classify: 1.0286 | total: 1.0286
[New] Epoch 172/1000 | classify: 0.8160 | total: 0.8160
[New] Epoch 173/1000 | classify: 0.7362 | total: 0.7362
[New] Epoch 174/1000 | classify: 0.9780 | total: 0.9780
[New] Epoch 175/1000 | classify: 1.0573 | total: 1.0573
[New] Epoch 176/1000 | classify: 0.9104 | total: 0.9104
[New] Epoch 177/1000 | classify: 0.9838 | total: 0.9838
[New] Epoch 178/1000 | classify: 0.7427 | total: 0.7427
[New] Epoch 179/1000 | classify: 0.9771 | total: 0.9771
[New] Epoch 180/1000 | classify: 0.9547 | total: 0.9547
--- 验证集 [epoch 180] ---
  准确率 (Accuracy):  0.7448
  精确率 (Precision): 0.6152
  召回率 (Recall):    0.6049
  F1 分数 (F1):       0.6065
[New] Epoch 181/1000 | classify: 1.0266 | total: 1.0266
[New] Epoch 182/1000 | classify: 0.7241 | total: 0.7241
[New] Epoch 183/1000 | classify: 0.8026 | total: 0.8026
[New] Epoch 184/1000 | classify: 0.8098 | total: 0.8098
[New] Epoch 185/1000 | classify: 0.8336 | total: 0.8336
[New] Epoch 186/1000 | classify: 0.8350 | total: 0.8350
[New] Epoch 187/1000 | classify: 0.8467 | total: 0.8467
[New] Epoch 188/1000 | classify: 0.8578 | total: 0.8578
[New] Epoch 189/1000 | classify: 0.8718 | total: 0.8718
[New] Epoch 190/1000 | classify: 0.8222 | total: 0.8222
--- 验证集 [epoch 190] ---
  准确率 (Accuracy):  0.7310
  精确率 (Precision): 0.6116
  召回率 (Recall):    0.5850
  F1 分数 (F1):       0.5917
[New] Epoch 191/1000 | classify: 0.8895 | total: 0.8895
[New] Epoch 192/1000 | classify: 0.8328 | total: 0.8328
[New] Epoch 193/1000 | classify: 0.7814 | total: 0.7814
[New] Epoch 194/1000 | classify: 0.7436 | total: 0.7436
[New] Epoch 195/1000 | classify: 0.7250 | total: 0.7250
[New] Epoch 196/1000 | classify: 0.7822 | total: 0.7822
[New] Epoch 197/1000 | classify: 0.4825 | total: 0.4825
[New] Epoch 198/1000 | classify: 0.8740 | total: 0.8740
[New] Epoch 199/1000 | classify: 0.7215 | total: 0.7215
[New] Epoch 200/1000 | classify: 0.8446 | total: 0.8446
--- 验证集 [epoch 200] ---
  准确率 (Accuracy):  0.7724
  精确率 (Precision): 0.6426
  召回率 (Recall):    0.6240
  F1 分数 (F1):       0.6318
✅ 模型已保存到 /home/kudouzala/Application/ion_detect/output/trained_model_save/exp_new_c_num_tp4/trained_model_epoch_200.pth
📁 损失值已保存到 /home/kudouzala/Application/ion_detect/output/trained_model_save/exp_new_c_num_tp4/training_loss_epoch_200.csv
[New] Epoch 201/1000 | classify: 0.8879 | total: 0.8879
[New] Epoch 202/1000 | classify: 0.8473 | total: 0.8473
[New] Epoch 203/1000 | classify: 0.6658 | total: 0.6658
[New] Epoch 204/1000 | classify: 0.8728 | total: 0.8728
[New] Epoch 205/1000 | classify: 0.8670 | total: 0.8670
[New] Epoch 206/1000 | classify: 0.7096 | total: 0.7096
[New] Epoch 207/1000 | classify: 0.8355 | total: 0.8355
[New] Epoch 208/1000 | classify: 0.6381 | total: 0.6381
[New] Epoch 209/1000 | classify: 0.7951 | total: 0.7951
[New] Epoch 210/1000 | classify: 0.7240 | total: 0.7240
--- 验证集 [epoch 210] ---
  准确率 (Accuracy):  0.7655
  精确率 (Precision): 0.6378
  召回率 (Recall):    0.6522
  F1 分数 (F1):       0.6350
[New] Epoch 211/1000 | classify: 0.8503 | total: 0.8503
[New] Epoch 212/1000 | classify: 0.8690 | total: 0.8690
[New] Epoch 213/1000 | classify: 0.8133 | total: 0.8133
[New] Epoch 214/1000 | classify: 0.5746 | total: 0.5746
[New] Epoch 215/1000 | classify: 0.8842 | total: 0.8842
[New] Epoch 216/1000 | classify: 0.6381 | total: 0.6381
[New] Epoch 217/1000 | classify: 0.8151 | total: 0.8151
[New] Epoch 218/1000 | classify: 1.0305 | total: 1.0305
[New] Epoch 219/1000 | classify: 0.8219 | total: 0.8219
[New] Epoch 220/1000 | classify: 1.0530 | total: 1.0530
--- 验证集 [epoch 220] ---
  准确率 (Accuracy):  0.7655
  精确率 (Precision): 0.7147
  召回率 (Recall):    0.6306
  F1 分数 (F1):       0.6541
✅ 模型已保存到 /home/kudouzala/Application/ion_detect/output/trained_model_save/exp_new_c_num_tp4/trained_model_epoch_best.pth
  🏆 新最佳 F1=0.6541，已保存 best 模型
[New] Epoch 221/1000 | classify: 0.7447 | total: 0.7447
[New] Epoch 222/1000 | classify: 0.6924 | total: 0.6924
[New] Epoch 223/1000 | classify: 0.8884 | total: 0.8884
[New] Epoch 224/1000 | classify: 0.5449 | total: 0.5449
[New] Epoch 225/1000 | classify: 0.7266 | total: 0.7266
[New] Epoch 226/1000 | classify: 0.8611 | total: 0.8611
[New] Epoch 227/1000 | classify: 0.8349 | total: 0.8349
[New] Epoch 228/1000 | classify: 0.7987 | total: 0.7987
[New] Epoch 229/1000 | classify: 0.6760 | total: 0.6760
[New] Epoch 230/1000 | classify: 0.6663 | total: 0.6663
--- 验证集 [epoch 230] ---
  准确率 (Accuracy):  0.7724
  精确率 (Precision): 0.7050
  召回率 (Recall):    0.6631
  F1 分数 (F1):       0.6706
✅ 模型已保存到 /home/kudouzala/Application/ion_detect/output/trained_model_save/exp_new_c_num_tp4/trained_model_epoch_best.pth
  🏆 新最佳 F1=0.6706，已保存 best 模型
[New] Epoch 231/1000 | classify: 0.7554 | total: 0.7554
[New] Epoch 232/1000 | classify: 0.7652 | total: 0.7652
[New] Epoch 233/1000 | classify: 0.8038 | total: 0.8038
[New] Epoch 234/1000 | classify: 0.8375 | total: 0.8375
[New] Epoch 235/1000 | classify: 0.7432 | total: 0.7432
[New] Epoch 236/1000 | classify: 0.7292 | total: 0.7292
[New] Epoch 237/1000 | classify: 0.6900 | total: 0.6900
[New] Epoch 238/1000 | classify: 0.7299 | total: 0.7299
[New] Epoch 239/1000 | classify: 0.7123 | total: 0.7123
[New] Epoch 240/1000 | classify: 0.6314 | total: 0.6314
--- 验证集 [epoch 240] ---
  准确率 (Accuracy):  0.7724
  精确率 (Precision): 0.6967
  召回率 (Recall):    0.6376
  F1 分数 (F1):       0.6541
[New] Epoch 241/1000 | classify: 0.7800 | total: 0.7800
[New] Epoch 242/1000 | classify: 0.6756 | total: 0.6756
[New] Epoch 243/1000 | classify: 0.7959 | total: 0.7959
[New] Epoch 244/1000 | classify: 0.7906 | total: 0.7906
[New] Epoch 245/1000 | classify: 0.6436 | total: 0.6436
[New] Epoch 246/1000 | classify: 0.6464 | total: 0.6464
[New] Epoch 247/1000 | classify: 0.9301 | total: 0.9301
[New] Epoch 248/1000 | classify: 0.6607 | total: 0.6607
[New] Epoch 249/1000 | classify: 0.6014 | total: 0.6014
[New] Epoch 250/1000 | classify: 0.6216 | total: 0.6216
--- 验证集 [epoch 250] ---
  准确率 (Accuracy):  0.7724
  精确率 (Precision): 0.6546
  召回率 (Recall):    0.6715
  F1 分数 (F1):       0.6518
✅ 模型已保存到 /home/kudouzala/Application/ion_detect/output/trained_model_save/exp_new_c_num_tp4/trained_model_epoch_250.pth
📁 损失值已保存到 /home/kudouzala/Application/ion_detect/output/trained_model_save/exp_new_c_num_tp4/training_loss_epoch_250.csv
[New] Epoch 251/1000 | classify: 0.7239 | total: 0.7239
[New] Epoch 252/1000 | classify: 0.7308 | total: 0.7308
[New] Epoch 253/1000 | classify: 0.8504 | total: 0.8504
[New] Epoch 254/1000 | classify: 0.6637 | total: 0.6637
[New] Epoch 255/1000 | classify: 0.5870 | total: 0.5870
[New] Epoch 256/1000 | classify: 0.7641 | total: 0.7641
[New] Epoch 257/1000 | classify: 0.7929 | total: 0.7929
[New] Epoch 258/1000 | classify: 0.8625 | total: 0.8625
[New] Epoch 259/1000 | classify: 0.7500 | total: 0.7500
[New] Epoch 260/1000 | classify: 0.6532 | total: 0.6532
--- 验证集 [epoch 260] ---
  准确率 (Accuracy):  0.7724
  精确率 (Precision): 0.6590
  召回率 (Recall):    0.6794
  F1 分数 (F1):       0.6649
[New] Epoch 261/1000 | classify: 0.7230 | total: 0.7230
[New] Epoch 262/1000 | classify: 0.7107 | total: 0.7107
[New] Epoch 263/1000 | classify: 0.8140 | total: 0.8140
[New] Epoch 264/1000 | classify: 0.6910 | total: 0.6910
[New] Epoch 265/1000 | classify: 0.6884 | total: 0.6884
[New] Epoch 266/1000 | classify: 0.8768 | total: 0.8768
[New] Epoch 267/1000 | classify: 0.6584 | total: 0.6584
[New] Epoch 268/1000 | classify: 0.8510 | total: 0.8510
[New] Epoch 269/1000 | classify: 0.9701 | total: 0.9701
[New] Epoch 270/1000 | classify: 0.8076 | total: 0.8076
--- 验证集 [epoch 270] ---
  准确率 (Accuracy):  0.7310
  精确率 (Precision): 0.6127
  召回率 (Recall):    0.5705
  F1 分数 (F1):       0.5736
[New] Epoch 271/1000 | classify: 0.8560 | total: 0.8560
[New] Epoch 272/1000 | classify: 0.7474 | total: 0.7474
[New] Epoch 273/1000 | classify: 0.7051 | total: 0.7051
[New] Epoch 274/1000 | classify: 0.7869 | total: 0.7869
[New] Epoch 275/1000 | classify: 0.6958 | total: 0.6958
[New] Epoch 276/1000 | classify: 0.5221 | total: 0.5221
[New] Epoch 277/1000 | classify: 0.7265 | total: 0.7265
[New] Epoch 278/1000 | classify: 0.6695 | total: 0.6695
[New] Epoch 279/1000 | classify: 0.8585 | total: 0.8585
[New] Epoch 280/1000 | classify: 0.6253 | total: 0.6253
--- 验证集 [epoch 280] ---
  准确率 (Accuracy):  0.7724
  精确率 (Precision): 0.7196
  召回率 (Recall):    0.6998
  F1 分数 (F1):       0.6994
✅ 模型已保存到 /home/kudouzala/Application/ion_detect/output/trained_model_save/exp_new_c_num_tp4/trained_model_epoch_best.pth
  🏆 新最佳 F1=0.6994，已保存 best 模型
[New] Epoch 281/1000 | classify: 0.6154 | total: 0.6154
[New] Epoch 282/1000 | classify: 0.7439 | total: 0.7439
[New] Epoch 283/1000 | classify: 0.7116 | total: 0.7116
[New] Epoch 284/1000 | classify: 0.8130 | total: 0.8130
[New] Epoch 285/1000 | classify: 0.6294 | total: 0.6294
[New] Epoch 286/1000 | classify: 0.7042 | total: 0.7042
[New] Epoch 287/1000 | classify: 0.6711 | total: 0.6711
[New] Epoch 288/1000 | classify: 0.5987 | total: 0.5987
[New] Epoch 289/1000 | classify: 0.7185 | total: 0.7185
[New] Epoch 290/1000 | classify: 0.5265 | total: 0.5265
--- 验证集 [epoch 290] ---
  准确率 (Accuracy):  0.7586
  精确率 (Precision): 0.6629
  召回率 (Recall):    0.6189
  F1 分数 (F1):       0.6323
[New] Epoch 291/1000 | classify: 0.7603 | total: 0.7603
[New] Epoch 292/1000 | classify: 0.6427 | total: 0.6427
[New] Epoch 293/1000 | classify: 0.6410 | total: 0.6410
[New] Epoch 294/1000 | classify: 0.8741 | total: 0.8741
[New] Epoch 295/1000 | classify: 0.6570 | total: 0.6570
[New] Epoch 296/1000 | classify: 0.7372 | total: 0.7372
[New] Epoch 297/1000 | classify: 0.6165 | total: 0.6165
[New] Epoch 298/1000 | classify: 0.6024 | total: 0.6024
[New] Epoch 299/1000 | classify: 0.6282 | total: 0.6282
[New] Epoch 300/1000 | classify: 0.9331 | total: 0.9331
--- 验证集 [epoch 300] ---
  准确率 (Accuracy):  0.8000
  精确率 (Precision): 0.7032
  召回率 (Recall):    0.6991
  F1 分数 (F1):       0.6935
✅ 模型已保存到 /home/kudouzala/Application/ion_detect/output/trained_model_save/exp_new_c_num_tp4/trained_model_epoch_300.pth
📁 损失值已保存到 /home/kudouzala/Application/ion_detect/output/trained_model_save/exp_new_c_num_tp4/training_loss_epoch_300.csv
[New] Epoch 301/1000 | classify: 0.7051 | total: 0.7051
[New] Epoch 302/1000 | classify: 0.6025 | total: 0.6025
[New] Epoch 303/1000 | classify: 0.7531 | total: 0.7531
[New] Epoch 304/1000 | classify: 0.8599 | total: 0.8599
[New] Epoch 305/1000 | classify: 0.7896 | total: 0.7896
[New] Epoch 306/1000 | classify: 0.6568 | total: 0.6568
[New] Epoch 307/1000 | classify: 0.6000 | total: 0.6000
[New] Epoch 308/1000 | classify: 0.7489 | total: 0.7489
[New] Epoch 309/1000 | classify: 0.6966 | total: 0.6966
[New] Epoch 310/1000 | classify: 0.6852 | total: 0.6852
--- 验证集 [epoch 310] ---
  准确率 (Accuracy):  0.7517
  精确率 (Precision): 0.6350
  召回率 (Recall):    0.6176
  F1 分数 (F1):       0.6148
[New] Epoch 311/1000 | classify: 0.6050 | total: 0.6050
[New] Epoch 312/1000 | classify: 0.5198 | total: 0.5198
[New] Epoch 313/1000 | classify: 0.7533 | total: 0.7533
[New] Epoch 314/1000 | classify: 0.5784 | total: 0.5784
[New] Epoch 315/1000 | classify: 0.5655 | total: 0.5655
[New] Epoch 316/1000 | classify: 0.9443 | total: 0.9443
[New] Epoch 317/1000 | classify: 0.7372 | total: 0.7372
[New] Epoch 318/1000 | classify: 0.6041 | total: 0.6041
[New] Epoch 319/1000 | classify: 0.6717 | total: 0.6717
[New] Epoch 320/1000 | classify: 0.7446 | total: 0.7446
--- 验证集 [epoch 320] ---
  准确率 (Accuracy):  0.7793
  精确率 (Precision): 0.6566
  召回率 (Recall):    0.6652
  F1 分数 (F1):       0.6582
[New] Epoch 321/1000 | classify: 0.5819 | total: 0.5819
[New] Epoch 322/1000 | classify: 0.8280 | total: 0.8280
[New] Epoch 323/1000 | classify: 0.6005 | total: 0.6005
[New] Epoch 324/1000 | classify: 0.7914 | total: 0.7914
[New] Epoch 325/1000 | classify: 0.7397 | total: 0.7397
[New] Epoch 326/1000 | classify: 0.6682 | total: 0.6682
[New] Epoch 327/1000 | classify: 0.6760 | total: 0.6760
[New] Epoch 328/1000 | classify: 0.6074 | total: 0.6074
[New] Epoch 329/1000 | classify: 0.6768 | total: 0.6768
[New] Epoch 330/1000 | classify: 0.7004 | total: 0.7004
--- 验证集 [epoch 330] ---
  准确率 (Accuracy):  0.7379
  精确率 (Precision): 0.6110
  召回率 (Recall):    0.5720
  F1 分数 (F1):       0.5855
[New] Epoch 331/1000 | classify: 0.5306 | total: 0.5306
[New] Epoch 332/1000 | classify: 0.6214 | total: 0.6214
[New] Epoch 333/1000 | classify: 0.6857 | total: 0.6857
[New] Epoch 334/1000 | classify: 0.7086 | total: 0.7086
[New] Epoch 335/1000 | classify: 0.7061 | total: 0.7061
[New] Epoch 336/1000 | classify: 0.6343 | total: 0.6343
[New] Epoch 337/1000 | classify: 0.7105 | total: 0.7105
[New] Epoch 338/1000 | classify: 0.7153 | total: 0.7153
[New] Epoch 339/1000 | classify: 0.5345 | total: 0.5345
[New] Epoch 340/1000 | classify: 0.8260 | total: 0.8260
--- 验证集 [epoch 340] ---
  准确率 (Accuracy):  0.7586
  精确率 (Precision): 0.6493
  召回率 (Recall):    0.6500
  F1 分数 (F1):       0.6406
[New] Epoch 341/1000 | classify: 0.6553 | total: 0.6553
[New] Epoch 342/1000 | classify: 0.5992 | total: 0.5992
[New] Epoch 343/1000 | classify: 0.6958 | total: 0.6958
[New] Epoch 344/1000 | classify: 0.5346 | total: 0.5346
[New] Epoch 345/1000 | classify: 0.6512 | total: 0.6512
[New] Epoch 346/1000 | classify: 0.5068 | total: 0.5068
[New] Epoch 347/1000 | classify: 0.6626 | total: 0.6626
[New] Epoch 348/1000 | classify: 0.5261 | total: 0.5261
[New] Epoch 349/1000 | classify: 0.6531 | total: 0.6531
[New] Epoch 350/1000 | classify: 0.8250 | total: 0.8250
--- 验证集 [epoch 350] ---
  准确率 (Accuracy):  0.7793
  精确率 (Precision): 0.6813
  召回率 (Recall):    0.6848
  F1 分数 (F1):       0.6774
✅ 模型已保存到 /home/kudouzala/Application/ion_detect/output/trained_model_save/exp_new_c_num_tp4/trained_model_epoch_350.pth
📁 损失值已保存到 /home/kudouzala/Application/ion_detect/output/trained_model_save/exp_new_c_num_tp4/training_loss_epoch_350.csv
[New] Epoch 351/1000 | classify: 0.8152 | total: 0.8152
[New] Epoch 352/1000 | classify: 0.6334 | total: 0.6334
[New] Epoch 353/1000 | classify: 0.6598 | total: 0.6598
[New] Epoch 354/1000 | classify: 0.4652 | total: 0.4652
[New] Epoch 355/1000 | classify: 0.8696 | total: 0.8696
[New] Epoch 356/1000 | classify: 0.5903 | total: 0.5903
[New] Epoch 357/1000 | classify: 0.6587 | total: 0.6587
[New] Epoch 358/1000 | classify: 0.6356 | total: 0.6356
[New] Epoch 359/1000 | classify: 0.5197 | total: 0.5197
[New] Epoch 360/1000 | classify: 0.7095 | total: 0.7095
--- 验证集 [epoch 360] ---
  准确率 (Accuracy):  0.7448
  精确率 (Precision): 0.6290
  召回率 (Recall):    0.6330
  F1 分数 (F1):       0.6175
[New] Epoch 361/1000 | classify: 0.6525 | total: 0.6525
[New] Epoch 362/1000 | classify: 0.6355 | total: 0.6355
[New] Epoch 363/1000 | classify: 0.6097 | total: 0.6097
[New] Epoch 364/1000 | classify: 0.7000 | total: 0.7000
[New] Epoch 365/1000 | classify: 0.6588 | total: 0.6588
[New] Epoch 366/1000 | classify: 0.5442 | total: 0.5442
[New] Epoch 367/1000 | classify: 0.7071 | total: 0.7071
[New] Epoch 368/1000 | classify: 0.6838 | total: 0.6838
[New] Epoch 369/1000 | classify: 0.6180 | total: 0.6180
[New] Epoch 370/1000 | classify: 0.7457 | total: 0.7457
--- 验证集 [epoch 370] ---
  准确率 (Accuracy):  0.7724
  精确率 (Precision): 0.6538
  召回率 (Recall):    0.6494
  F1 分数 (F1):       0.6458
[New] Epoch 371/1000 | classify: 0.7254 | total: 0.7254
[New] Epoch 372/1000 | classify: 0.7720 | total: 0.7720
[New] Epoch 373/1000 | classify: 0.6121 | total: 0.6121
[New] Epoch 374/1000 | classify: 0.7733 | total: 0.7733
[New] Epoch 375/1000 | classify: 0.6030 | total: 0.6030
[New] Epoch 376/1000 | classify: 1.0025 | total: 1.0025
[New] Epoch 377/1000 | classify: 0.6168 | total: 0.6168
[New] Epoch 378/1000 | classify: 0.7096 | total: 0.7096
[New] Epoch 379/1000 | classify: 0.5445 | total: 0.5445
[New] Epoch 380/1000 | classify: 0.5006 | total: 0.5006
--- 验证集 [epoch 380] ---
  准确率 (Accuracy):  0.7724
  精确率 (Precision): 0.6446
  召回率 (Recall):    0.6592
  F1 分数 (F1):       0.6487
[New] Epoch 381/1000 | classify: 0.6438 | total: 0.6438
[New] Epoch 382/1000 | classify: 0.6374 | total: 0.6374
[New] Epoch 383/1000 | classify: 0.5456 | total: 0.5456
[New] Epoch 384/1000 | classify: 0.7110 | total: 0.7110
[New] Epoch 385/1000 | classify: 0.7331 | total: 0.7331
[New] Epoch 386/1000 | classify: 0.4057 | total: 0.4057
[New] Epoch 387/1000 | classify: 0.6865 | total: 0.6865
[New] Epoch 388/1000 | classify: 0.4030 | total: 0.4030
[New] Epoch 389/1000 | classify: 0.6740 | total: 0.6740
[New] Epoch 390/1000 | classify: 0.6390 | total: 0.6390
--- 验证集 [epoch 390] ---
  准确率 (Accuracy):  0.7517
  精确率 (Precision): 0.6370
  召回率 (Recall):    0.5849
  F1 分数 (F1):       0.6005
[New] Epoch 391/1000 | classify: 0.5978 | total: 0.5978
[New] Epoch 392/1000 | classify: 0.6630 | total: 0.6630
[New] Epoch 393/1000 | classify: 0.6854 | total: 0.6854
[New] Epoch 394/1000 | classify: 0.6726 | total: 0.6726
[New] Epoch 395/1000 | classify: 0.6886 | total: 0.6886
[New] Epoch 396/1000 | classify: 0.5261 | total: 0.5261
[New] Epoch 397/1000 | classify: 0.6048 | total: 0.6048
[New] Epoch 398/1000 | classify: 0.6286 | total: 0.6286
[New] Epoch 399/1000 | classify: 0.4995 | total: 0.4995
[New] Epoch 400/1000 | classify: 0.4416 | total: 0.4416
--- 验证集 [epoch 400] ---
  准确率 (Accuracy):  0.7724
  精确率 (Precision): 0.6840
  召回率 (Recall):    0.6555
  F1 分数 (F1):       0.6666
✅ 模型已保存到 /home/kudouzala/Application/ion_detect/output/trained_model_save/exp_new_c_num_tp4/trained_model_epoch_400.pth
📁 损失值已保存到 /home/kudouzala/Application/ion_detect/output/trained_model_save/exp_new_c_num_tp4/training_loss_epoch_400.csv
[New] Epoch 401/1000 | classify: 0.6926 | total: 0.6926
[New] Epoch 402/1000 | classify: 0.6959 | total: 0.6959
[New] Epoch 403/1000 | classify: 0.7246 | total: 0.7246
[New] Epoch 404/1000 | classify: 0.5622 | total: 0.5622
[New] Epoch 405/1000 | classify: 0.5971 | total: 0.5971
[New] Epoch 406/1000 | classify: 0.7013 | total: 0.7013
[New] Epoch 407/1000 | classify: 0.5077 | total: 0.5077
[New] Epoch 408/1000 | classify: 0.7340 | total: 0.7340
[New] Epoch 409/1000 | classify: 0.5571 | total: 0.5571
[New] Epoch 410/1000 | classify: 0.5545 | total: 0.5545
--- 验证集 [epoch 410] ---
  准确率 (Accuracy):  0.7862
  精确率 (Precision): 0.6899
  召回率 (Recall):    0.6851
  F1 分数 (F1):       0.6836
[New] Epoch 411/1000 | classify: 0.5873 | total: 0.5873
[New] Epoch 412/1000 | classify: 0.6617 | total: 0.6617
[New] Epoch 413/1000 | classify: 0.5325 | total: 0.5325
[New] Epoch 414/1000 | classify: 0.5832 | total: 0.5832
[New] Epoch 415/1000 | classify: 0.5965 | total: 0.5965
[New] Epoch 416/1000 | classify: 0.6129 | total: 0.6129
[New] Epoch 417/1000 | classify: 0.5962 | total: 0.5962
[New] Epoch 418/1000 | classify: 0.6547 | total: 0.6547
[New] Epoch 419/1000 | classify: 0.5495 | total: 0.5495
[New] Epoch 420/1000 | classify: 0.7733 | total: 0.7733
--- 验证集 [epoch 420] ---
  准确率 (Accuracy):  0.7655
  精确率 (Precision): 0.6495
  召回率 (Recall):    0.6364
  F1 分数 (F1):       0.6402
[New] Epoch 421/1000 | classify: 0.7182 | total: 0.7182
[New] Epoch 422/1000 | classify: 0.7722 | total: 0.7722
[New] Epoch 423/1000 | classify: 0.5471 | total: 0.5471
[New] Epoch 424/1000 | classify: 0.4236 | total: 0.4236
[New] Epoch 425/1000 | classify: 0.6641 | total: 0.6641
[New] Epoch 426/1000 | classify: 0.7100 | total: 0.7100
[New] Epoch 427/1000 | classify: 0.6268 | total: 0.6268
[New] Epoch 428/1000 | classify: 0.3906 | total: 0.3906
[New] Epoch 429/1000 | classify: 0.6214 | total: 0.6214
[New] Epoch 430/1000 | classify: 0.5234 | total: 0.5234
--- 验证集 [epoch 430] ---
  准确率 (Accuracy):  0.7586
  精确率 (Precision): 0.7159
  召回率 (Recall):    0.6889
  F1 分数 (F1):       0.6811
[New] Epoch 431/1000 | classify: 0.8069 | total: 0.8069
[New] Epoch 432/1000 | classify: 0.5378 | total: 0.5378
[New] Epoch 433/1000 | classify: 0.5717 | total: 0.5717
[New] Epoch 434/1000 | classify: 0.6491 | total: 0.6491
[New] Epoch 435/1000 | classify: 0.7749 | total: 0.7749
[New] Epoch 436/1000 | classify: 0.5084 | total: 0.5084
[New] Epoch 437/1000 | classify: 0.5206 | total: 0.5206
[New] Epoch 438/1000 | classify: 0.8195 | total: 0.8195
[New] Epoch 439/1000 | classify: 0.5134 | total: 0.5134
[New] Epoch 440/1000 | classify: 0.5079 | total: 0.5079
--- 验证集 [epoch 440] ---
  准确率 (Accuracy):  0.7586
  精确率 (Precision): 0.6573
  召回率 (Recall):    0.6770
  F1 分数 (F1):       0.6477
[New] Epoch 441/1000 | classify: 0.6604 | total: 0.6604
[New] Epoch 442/1000 | classify: 0.6776 | total: 0.6776
[New] Epoch 443/1000 | classify: 0.5721 | total: 0.5721
[New] Epoch 444/1000 | classify: 0.5272 | total: 0.5272
[New] Epoch 445/1000 | classify: 0.5983 | total: 0.5983
[New] Epoch 446/1000 | classify: 0.6399 | total: 0.6399
[New] Epoch 447/1000 | classify: 0.4064 | total: 0.4064
[New] Epoch 448/1000 | classify: 0.4849 | total: 0.4849
[New] Epoch 449/1000 | classify: 0.6902 | total: 0.6902
[New] Epoch 450/1000 | classify: 0.4105 | total: 0.4105
--- 验证集 [epoch 450] ---
  准确率 (Accuracy):  0.7931
  精确率 (Precision): 0.7061
  召回率 (Recall):    0.7121
  F1 分数 (F1):       0.7004
✅ 模型已保存到 /home/kudouzala/Application/ion_detect/output/trained_model_save/exp_new_c_num_tp4/trained_model_epoch_best.pth
  🏆 新最佳 F1=0.7004，已保存 best 模型
✅ 模型已保存到 /home/kudouzala/Application/ion_detect/output/trained_model_save/exp_new_c_num_tp4/trained_model_epoch_450.pth
📁 损失值已保存到 /home/kudouzala/Application/ion_detect/output/trained_model_save/exp_new_c_num_tp4/training_loss_epoch_450.csv
[New] Epoch 451/1000 | classify: 0.5149 | total: 0.5149
[New] Epoch 452/1000 | classify: 0.6801 | total: 0.6801
[New] Epoch 453/1000 | classify: 0.5236 | total: 0.5236
[New] Epoch 454/1000 | classify: 0.6127 | total: 0.6127
[New] Epoch 455/1000 | classify: 0.4958 | total: 0.4958
[New] Epoch 456/1000 | classify: 0.6151 | total: 0.6151
[New] Epoch 457/1000 | classify: 0.5114 | total: 0.5114
[New] Epoch 458/1000 | classify: 0.5212 | total: 0.5212
[New] Epoch 459/1000 | classify: 0.4327 | total: 0.4327
[New] Epoch 460/1000 | classify: 0.5091 | total: 0.5091
--- 验证集 [epoch 460] ---
  准确率 (Accuracy):  0.7448
  精确率 (Precision): 0.6702
  召回率 (Recall):    0.6269
  F1 分数 (F1):       0.6446
[New] Epoch 461/1000 | classify: 0.6046 | total: 0.6046
[New] Epoch 462/1000 | classify: 0.5784 | total: 0.5784
[New] Epoch 463/1000 | classify: 0.5636 | total: 0.5636
[New] Epoch 464/1000 | classify: 0.5335 | total: 0.5335
[New] Epoch 465/1000 | classify: 0.6824 | total: 0.6824
[New] Epoch 466/1000 | classify: 0.5471 | total: 0.5471
[New] Epoch 467/1000 | classify: 0.5241 | total: 0.5241
[New] Epoch 468/1000 | classify: 0.7135 | total: 0.7135
[New] Epoch 469/1000 | classify: 0.6410 | total: 0.6410
[New] Epoch 470/1000 | classify: 0.4889 | total: 0.4889
--- 验证集 [epoch 470] ---
  准确率 (Accuracy):  0.7586
  精确率 (Precision): 0.6775
  召回率 (Recall):    0.6334
  F1 分数 (F1):       0.6465
[New] Epoch 471/1000 | classify: 0.7091 | total: 0.7091
[New] Epoch 472/1000 | classify: 0.7667 | total: 0.7667
[New] Epoch 473/1000 | classify: 0.6573 | total: 0.6573
[New] Epoch 474/1000 | classify: 0.4653 | total: 0.4653
[New] Epoch 475/1000 | classify: 0.5345 | total: 0.5345
[New] Epoch 476/1000 | classify: 0.5998 | total: 0.5998
[New] Epoch 477/1000 | classify: 0.5275 | total: 0.5275
[New] Epoch 478/1000 | classify: 0.6775 | total: 0.6775
[New] Epoch 479/1000 | classify: 0.4974 | total: 0.4974
[New] Epoch 480/1000 | classify: 0.5033 | total: 0.5033
--- 验证集 [epoch 480] ---
  准确率 (Accuracy):  0.7862
  精确率 (Precision): 0.6711
  召回率 (Recall):    0.6831
  F1 分数 (F1):       0.6745
[New] Epoch 481/1000 | classify: 0.6112 | total: 0.6112
[New] Epoch 482/1000 | classify: 0.8736 | total: 0.8736
[New] Epoch 483/1000 | classify: 0.5006 | total: 0.5006
[New] Epoch 484/1000 | classify: 0.8124 | total: 0.8124
[New] Epoch 485/1000 | classify: 0.6061 | total: 0.6061
[New] Epoch 486/1000 | classify: 0.6758 | total: 0.6758
[New] Epoch 487/1000 | classify: 0.5355 | total: 0.5355
[New] Epoch 488/1000 | classify: 0.6373 | total: 0.6373
[New] Epoch 489/1000 | classify: 0.5579 | total: 0.5579
[New] Epoch 490/1000 | classify: 0.5353 | total: 0.5353
--- 验证集 [epoch 490] ---
  准确率 (Accuracy):  0.7655
  精确率 (Precision): 0.6386
  召回率 (Recall):    0.6374
  F1 分数 (F1):       0.6327
[New] Epoch 491/1000 | classify: 0.6452 | total: 0.6452
[New] Epoch 492/1000 | classify: 0.6903 | total: 0.6903
[New] Epoch 493/1000 | classify: 0.5928 | total: 0.5928
[New] Epoch 494/1000 | classify: 0.5400 | total: 0.5400
[New] Epoch 495/1000 | classify: 0.5416 | total: 0.5416
[New] Epoch 496/1000 | classify: 0.6093 | total: 0.6093
[New] Epoch 497/1000 | classify: 0.7131 | total: 0.7131
[New] Epoch 498/1000 | classify: 0.8365 | total: 0.8365
[New] Epoch 499/1000 | classify: 0.4850 | total: 0.4850
[New] Epoch 500/1000 | classify: 0.5282 | total: 0.5282
--- 验证集 [epoch 500] ---
  准确率 (Accuracy):  0.7586
  精确率 (Precision): 0.6384
  召回率 (Recall):    0.6807
  F1 分数 (F1):       0.6522
✅ 模型已保存到 /home/kudouzala/Application/ion_detect/output/trained_model_save/exp_new_c_num_tp4/trained_model_epoch_500.pth
📁 损失值已保存到 /home/kudouzala/Application/ion_detect/output/trained_model_save/exp_new_c_num_tp4/training_loss_epoch_500.csv
[New] Epoch 501/1000 | classify: 0.3850 | total: 0.3850
[New] Epoch 502/1000 | classify: 0.5941 | total: 0.5941
[New] Epoch 503/1000 | classify: 0.4700 | total: 0.4700
[New] Epoch 504/1000 | classify: 0.5419 | total: 0.5419
[New] Epoch 505/1000 | classify: 0.5910 | total: 0.5910
[New] Epoch 506/1000 | classify: 0.7101 | total: 0.7101
[New] Epoch 507/1000 | classify: 0.5837 | total: 0.5837
[New] Epoch 508/1000 | classify: 0.4414 | total: 0.4414
[New] Epoch 509/1000 | classify: 0.5698 | total: 0.5698
[New] Epoch 510/1000 | classify: 0.4092 | total: 0.4092
--- 验证集 [epoch 510] ---
  准确率 (Accuracy):  0.7793
  精确率 (Precision): 0.6676
  召回率 (Recall):    0.6762
  F1 分数 (F1):       0.6691
[New] Epoch 511/1000 | classify: 0.5483 | total: 0.5483
[New] Epoch 512/1000 | classify: 0.6940 | total: 0.6940
[New] Epoch 513/1000 | classify: 0.4797 | total: 0.4797
[New] Epoch 514/1000 | classify: 0.7324 | total: 0.7324
[New] Epoch 515/1000 | classify: 0.5135 | total: 0.5135
[New] Epoch 516/1000 | classify: 0.6042 | total: 0.6042
[New] Epoch 517/1000 | classify: 0.5890 | total: 0.5890
[New] Epoch 518/1000 | classify: 0.6673 | total: 0.6673
[New] Epoch 519/1000 | classify: 0.3643 | total: 0.3643
[New] Epoch 520/1000 | classify: 0.4374 | total: 0.4374
--- 验证集 [epoch 520] ---
  准确率 (Accuracy):  0.7379
  精确率 (Precision): 0.6238
  召回率 (Recall):    0.6102
  F1 分数 (F1):       0.6102
[New] Epoch 521/1000 | classify: 0.5574 | total: 0.5574
[New] Epoch 522/1000 | classify: 0.5082 | total: 0.5082
[New] Epoch 523/1000 | classify: 0.5913 | total: 0.5913
[New] Epoch 524/1000 | classify: 0.6540 | total: 0.6540
[New] Epoch 525/1000 | classify: 0.5562 | total: 0.5562
[New] Epoch 526/1000 | classify: 0.6689 | total: 0.6689
[New] Epoch 527/1000 | classify: 0.5048 | total: 0.5048
[New] Epoch 528/1000 | classify: 0.4913 | total: 0.4913
[New] Epoch 529/1000 | classify: 0.5777 | total: 0.5777
[New] Epoch 530/1000 | classify: 0.4449 | total: 0.4449
--- 验证集 [epoch 530] ---
  准确率 (Accuracy):  0.7862
  精确率 (Precision): 0.7254
  召回率 (Recall):    0.6567
  F1 分数 (F1):       0.6813
[New] Epoch 531/1000 | classify: 0.5085 | total: 0.5085
[New] Epoch 532/1000 | classify: 0.6657 | total: 0.6657
[New] Epoch 533/1000 | classify: 0.5699 | total: 0.5699
[New] Epoch 534/1000 | classify: 0.6022 | total: 0.6022
[New] Epoch 535/1000 | classify: 0.6096 | total: 0.6096
[New] Epoch 536/1000 | classify: 0.5741 | total: 0.5741
[New] Epoch 537/1000 | classify: 0.4639 | total: 0.4639
[New] Epoch 538/1000 | classify: 0.4223 | total: 0.4223
[New] Epoch 539/1000 | classify: 0.5543 | total: 0.5543
[New] Epoch 540/1000 | classify: 0.6725 | total: 0.6725
--- 验证集 [epoch 540] ---
  准确率 (Accuracy):  0.7517
  精确率 (Precision): 0.6333
  召回率 (Recall):    0.6679
  F1 分数 (F1):       0.6410
[New] Epoch 541/1000 | classify: 0.5101 | total: 0.5101
[New] Epoch 542/1000 | classify: 0.7006 | total: 0.7006
[New] Epoch 543/1000 | classify: 0.5369 | total: 0.5369
[New] Epoch 544/1000 | classify: 0.5407 | total: 0.5407
[New] Epoch 545/1000 | classify: 0.6706 | total: 0.6706
[New] Epoch 546/1000 | classify: 0.4644 | total: 0.4644
[New] Epoch 547/1000 | classify: 0.6757 | total: 0.6757
[New] Epoch 548/1000 | classify: 0.5401 | total: 0.5401
[New] Epoch 549/1000 | classify: 0.5235 | total: 0.5235
[New] Epoch 550/1000 | classify: 0.6567 | total: 0.6567
--- 验证集 [epoch 550] ---
  准确率 (Accuracy):  0.7655
  精确率 (Precision): 0.6532
  召回率 (Recall):    0.6415
  F1 分数 (F1):       0.6381
✅ 模型已保存到 /home/kudouzala/Application/ion_detect/output/trained_model_save/exp_new_c_num_tp4/trained_model_epoch_550.pth
📁 损失值已保存到 /home/kudouzala/Application/ion_detect/output/trained_model_save/exp_new_c_num_tp4/training_loss_epoch_550.csv
[New] Epoch 551/1000 | classify: 0.5924 | total: 0.5924
[New] Epoch 552/1000 | classify: 0.4896 | total: 0.4896
[New] Epoch 553/1000 | classify: 0.5176 | total: 0.5176
[New] Epoch 554/1000 | classify: 0.6002 | total: 0.6002
[New] Epoch 555/1000 | classify: 0.4801 | total: 0.4801
[New] Epoch 556/1000 | classify: 0.6376 | total: 0.6376
[New] Epoch 557/1000 | classify: 0.6269 | total: 0.6269
[New] Epoch 558/1000 | classify: 0.4558 | total: 0.4558
[New] Epoch 559/1000 | classify: 0.5693 | total: 0.5693
[New] Epoch 560/1000 | classify: 0.5824 | total: 0.5824
--- 验证集 [epoch 560] ---
  准确率 (Accuracy):  0.7586
  精确率 (Precision): 0.6296
  召回率 (Recall):    0.6502
  F1 分数 (F1):       0.6354
[New] Epoch 561/1000 | classify: 0.5976 | total: 0.5976
[New] Epoch 562/1000 | classify: 0.4743 | total: 0.4743
[New] Epoch 563/1000 | classify: 0.5673 | total: 0.5673
[New] Epoch 564/1000 | classify: 0.5347 | total: 0.5347
[New] Epoch 565/1000 | classify: 0.5126 | total: 0.5126
[New] Epoch 566/1000 | classify: 0.5804 | total: 0.5804
[New] Epoch 567/1000 | classify: 0.5996 | total: 0.5996
[New] Epoch 568/1000 | classify: 0.4470 | total: 0.4470
[New] Epoch 569/1000 | classify: 0.5640 | total: 0.5640
[New] Epoch 570/1000 | classify: 0.5951 | total: 0.5951
--- 验证集 [epoch 570] ---
  准确率 (Accuracy):  0.7655
  精确率 (Precision): 0.6851
  召回率 (Recall):    0.6355
  F1 分数 (F1):       0.6522
[New] Epoch 571/1000 | classify: 0.5215 | total: 0.5215
[New] Epoch 572/1000 | classify: 0.5255 | total: 0.5255
[New] Epoch 573/1000 | classify: 0.6924 | total: 0.6924
[New] Epoch 574/1000 | classify: 0.6012 | total: 0.6012
[New] Epoch 575/1000 | classify: 0.5645 | total: 0.5645
[New] Epoch 576/1000 | classify: 0.5082 | total: 0.5082
[New] Epoch 577/1000 | classify: 0.5390 | total: 0.5390
[New] Epoch 578/1000 | classify: 0.4445 | total: 0.4445
[New] Epoch 579/1000 | classify: 0.5567 | total: 0.5567
[New] Epoch 580/1000 | classify: 0.5566 | total: 0.5566
--- 验证集 [epoch 580] ---
  准确率 (Accuracy):  0.7724
  精确率 (Precision): 0.6492
  召回率 (Recall):    0.6690
  F1 分数 (F1):       0.6552
[New] Epoch 581/1000 | classify: 0.5260 | total: 0.5260
[New] Epoch 582/1000 | classify: 0.6215 | total: 0.6215
[New] Epoch 583/1000 | classify: 0.6227 | total: 0.6227
[New] Epoch 584/1000 | classify: 0.6504 | total: 0.6504
[New] Epoch 585/1000 | classify: 0.5106 | total: 0.5106
[New] Epoch 586/1000 | classify: 0.5273 | total: 0.5273
[New] Epoch 587/1000 | classify: 0.4316 | total: 0.4316
[New] Epoch 588/1000 | classify: 0.5357 | total: 0.5357
[New] Epoch 589/1000 | classify: 0.4438 | total: 0.4438
[New] Epoch 590/1000 | classify: 0.7217 | total: 0.7217
--- 验证集 [epoch 590] ---
  准确率 (Accuracy):  0.7724
  精确率 (Precision): 0.6517
  召回率 (Recall):    0.6595
  F1 分数 (F1):       0.6519
[New] Epoch 591/1000 | classify: 0.6321 | total: 0.6321
[New] Epoch 592/1000 | classify: 0.5187 | total: 0.5187
[New] Epoch 593/1000 | classify: 0.5843 | total: 0.5843
[New] Epoch 594/1000 | classify: 0.7553 | total: 0.7553
[New] Epoch 595/1000 | classify: 0.6918 | total: 0.6918
[New] Epoch 596/1000 | classify: 0.5276 | total: 0.5276
[New] Epoch 597/1000 | classify: 0.7238 | total: 0.7238
[New] Epoch 598/1000 | classify: 0.7145 | total: 0.7145
[New] Epoch 599/1000 | classify: 0.4545 | total: 0.4545
[New] Epoch 600/1000 | classify: 0.4264 | total: 0.4264
--- 验证集 [epoch 600] ---
  准确率 (Accuracy):  0.7517
  精确率 (Precision): 0.6551
  召回率 (Recall):    0.6108
  F1 分数 (F1):       0.6257
✅ 模型已保存到 /home/kudouzala/Application/ion_detect/output/trained_model_save/exp_new_c_num_tp4/trained_model_epoch_600.pth
📁 损失值已保存到 /home/kudouzala/Application/ion_detect/output/trained_model_save/exp_new_c_num_tp4/training_loss_epoch_600.csv
[New] Epoch 601/1000 | classify: 0.6914 | total: 0.6914
[New] Epoch 602/1000 | classify: 0.4321 | total: 0.4321
[New] Epoch 603/1000 | classify: 0.6452 | total: 0.6452
[New] Epoch 604/1000 | classify: 0.5698 | total: 0.5698
[New] Epoch 605/1000 | classify: 0.6683 | total: 0.6683
[New] Epoch 606/1000 | classify: 0.5839 | total: 0.5839
[New] Epoch 607/1000 | classify: 0.6024 | total: 0.6024
[New] Epoch 608/1000 | classify: 0.6964 | total: 0.6964
[New] Epoch 609/1000 | classify: 0.4556 | total: 0.4556
[New] Epoch 610/1000 | classify: 0.4168 | total: 0.4168
--- 验证集 [epoch 610] ---
  准确率 (Accuracy):  0.7655
  精确率 (Precision): 0.6916
  召回率 (Recall):    0.6466
  F1 分数 (F1):       0.6608
[New] Epoch 611/1000 | classify: 0.5430 | total: 0.5430
[New] Epoch 612/1000 | classify: 0.7070 | total: 0.7070
[New] Epoch 613/1000 | classify: 0.6745 | total: 0.6745
[New] Epoch 614/1000 | classify: 0.4995 | total: 0.4995
[New] Epoch 615/1000 | classify: 0.5009 | total: 0.5009
[New] Epoch 616/1000 | classify: 0.5231 | total: 0.5231
[New] Epoch 617/1000 | classify: 0.6717 | total: 0.6717
[New] Epoch 618/1000 | classify: 0.5363 | total: 0.5363
[New] Epoch 619/1000 | classify: 0.5930 | total: 0.5930
[New] Epoch 620/1000 | classify: 0.4477 | total: 0.4477
--- 验证集 [epoch 620] ---
  准确率 (Accuracy):  0.7862
  精确率 (Precision): 0.7136
  召回率 (Recall):    0.6821
  F1 分数 (F1):       0.6892
[New] Epoch 621/1000 | classify: 0.6617 | total: 0.6617
[New] Epoch 622/1000 | classify: 0.5011 | total: 0.5011
[New] Epoch 623/1000 | classify: 0.6160 | total: 0.6160
[New] Epoch 624/1000 | classify: 0.3859 | total: 0.3859
[New] Epoch 625/1000 | classify: 0.5160 | total: 0.5160
[New] Epoch 626/1000 | classify: 0.4514 | total: 0.4514
[New] Epoch 627/1000 | classify: 0.4881 | total: 0.4881
[New] Epoch 628/1000 | classify: 0.5015 | total: 0.5015
[New] Epoch 629/1000 | classify: 0.5372 | total: 0.5372
[New] Epoch 630/1000 | classify: 0.7247 | total: 0.7247
--- 验证集 [epoch 630] ---
  准确率 (Accuracy):  0.7931
  精确率 (Precision): 0.6917
  召回率 (Recall):    0.6853
  F1 分数 (F1):       0.6859
[New] Epoch 631/1000 | classify: 0.6224 | total: 0.6224
[New] Epoch 632/1000 | classify: 0.5087 | total: 0.5087
[New] Epoch 633/1000 | classify: 0.5822 | total: 0.5822
[New] Epoch 634/1000 | classify: 0.5207 | total: 0.5207
[New] Epoch 635/1000 | classify: 0.6854 | total: 0.6854
[New] Epoch 636/1000 | classify: 0.6163 | total: 0.6163
[New] Epoch 637/1000 | classify: 0.5998 | total: 0.5998
[New] Epoch 638/1000 | classify: 0.3534 | total: 0.3534
[New] Epoch 639/1000 | classify: 0.5397 | total: 0.5397
[New] Epoch 640/1000 | classify: 0.5775 | total: 0.5775
--- 验证集 [epoch 640] ---
  准确率 (Accuracy):  0.7793
  精确率 (Precision): 0.6777
  召回率 (Recall):    0.6456
  F1 分数 (F1):       0.6526
[New] Epoch 641/1000 | classify: 0.4564 | total: 0.4564
[New] Epoch 642/1000 | classify: 0.6482 | total: 0.6482
[New] Epoch 643/1000 | classify: 0.5197 | total: 0.5197
[New] Epoch 644/1000 | classify: 0.5355 | total: 0.5355
[New] Epoch 645/1000 | classify: 0.5449 | total: 0.5449
[New] Epoch 646/1000 | classify: 0.4219 | total: 0.4219
[New] Epoch 647/1000 | classify: 0.6707 | total: 0.6707
[New] Epoch 648/1000 | classify: 0.5431 | total: 0.5431
[New] Epoch 649/1000 | classify: 0.5029 | total: 0.5029
[New] Epoch 650/1000 | classify: 0.6301 | total: 0.6301
--- 验证集 [epoch 650] ---
  准确率 (Accuracy):  0.7586
  精确率 (Precision): 0.6509
  召回率 (Recall):    0.6360
  F1 分数 (F1):       0.6396
✅ 模型已保存到 /home/kudouzala/Application/ion_detect/output/trained_model_save/exp_new_c_num_tp4/trained_model_epoch_650.pth
📁 损失值已保存到 /home/kudouzala/Application/ion_detect/output/trained_model_save/exp_new_c_num_tp4/training_loss_epoch_650.csv
[New] Epoch 651/1000 | classify: 0.4811 | total: 0.4811
[New] Epoch 652/1000 | classify: 0.4659 | total: 0.4659
[New] Epoch 653/1000 | classify: 0.3668 | total: 0.3668
[New] Epoch 654/1000 | classify: 0.5201 | total: 0.5201
[New] Epoch 655/1000 | classify: 0.4223 | total: 0.4223
[New] Epoch 656/1000 | classify: 0.6103 | total: 0.6103
[New] Epoch 657/1000 | classify: 0.5670 | total: 0.5670
[New] Epoch 658/1000 | classify: 0.5475 | total: 0.5475
[New] Epoch 659/1000 | classify: 0.5044 | total: 0.5044
[New] Epoch 660/1000 | classify: 0.5856 | total: 0.5856
--- 验证集 [epoch 660] ---
  准确率 (Accuracy):  0.7862
  精确率 (Precision): 0.6725
  召回率 (Recall):    0.6830
  F1 分数 (F1):       0.6729
[New] Epoch 661/1000 | classify: 0.4555 | total: 0.4555
[New] Epoch 662/1000 | classify: 0.5319 | total: 0.5319
[New] Epoch 663/1000 | classify: 0.7345 | total: 0.7345
[New] Epoch 664/1000 | classify: 0.6770 | total: 0.6770
[New] Epoch 665/1000 | classify: 0.3979 | total: 0.3979
[New] Epoch 666/1000 | classify: 0.5956 | total: 0.5956
[New] Epoch 667/1000 | classify: 0.5235 | total: 0.5235
[New] Epoch 668/1000 | classify: 0.5534 | total: 0.5534
[New] Epoch 669/1000 | classify: 0.4890 | total: 0.4890
[New] Epoch 670/1000 | classify: 0.5521 | total: 0.5521
--- 验证集 [epoch 670] ---
  准确率 (Accuracy):  0.7586
  精确率 (Precision): 0.6513
  召回率 (Recall):    0.6809
  F1 分数 (F1):       0.6607
[New] Epoch 671/1000 | classify: 0.5719 | total: 0.5719
[New] Epoch 672/1000 | classify: 0.5654 | total: 0.5654
[New] Epoch 673/1000 | classify: 0.6494 | total: 0.6494
[New] Epoch 674/1000 | classify: 0.5124 | total: 0.5124
[New] Epoch 675/1000 | classify: 0.5541 | total: 0.5541
[New] Epoch 676/1000 | classify: 0.5492 | total: 0.5492
[New] Epoch 677/1000 | classify: 0.5102 | total: 0.5102
[New] Epoch 678/1000 | classify: 0.6409 | total: 0.6409
[New] Epoch 679/1000 | classify: 0.7088 | total: 0.7088
[New] Epoch 680/1000 | classify: 0.2580 | total: 0.2580
--- 验证集 [epoch 680] ---
  准确率 (Accuracy):  0.7862
  精确率 (Precision): 0.7162
  召回率 (Recall):    0.6772
  F1 分数 (F1):       0.6886
[New] Epoch 681/1000 | classify: 0.6052 | total: 0.6052
[New] Epoch 682/1000 | classify: 0.4592 | total: 0.4592
[New] Epoch 683/1000 | classify: 0.5459 | total: 0.5459
[New] Epoch 684/1000 | classify: 0.4029 | total: 0.4029
[New] Epoch 685/1000 | classify: 0.4865 | total: 0.4865
[New] Epoch 686/1000 | classify: 0.5777 | total: 0.5777
[New] Epoch 687/1000 | classify: 0.5800 | total: 0.5800
[New] Epoch 688/1000 | classify: 0.5717 | total: 0.5717
[New] Epoch 689/1000 | classify: 0.4271 | total: 0.4271
[New] Epoch 690/1000 | classify: 0.5009 | total: 0.5009
--- 验证集 [epoch 690] ---
  准确率 (Accuracy):  0.7724
  精确率 (Precision): 0.6442
  召回率 (Recall):    0.6532
  F1 分数 (F1):       0.6466
[New] Epoch 691/1000 | classify: 0.4406 | total: 0.4406
[New] Epoch 692/1000 | classify: 0.4409 | total: 0.4409
[New] Epoch 693/1000 | classify: 0.7122 | total: 0.7122
[New] Epoch 694/1000 | classify: 0.6908 | total: 0.6908
[New] Epoch 695/1000 | classify: 0.4507 | total: 0.4507
[New] Epoch 696/1000 | classify: 0.5160 | total: 0.5160
[New] Epoch 697/1000 | classify: 0.3442 | total: 0.3442
[New] Epoch 698/1000 | classify: 0.4049 | total: 0.4049
[New] Epoch 699/1000 | classify: 0.5225 | total: 0.5225
[New] Epoch 700/1000 | classify: 0.7444 | total: 0.7444
--- 验证集 [epoch 700] ---
  准确率 (Accuracy):  0.7310
  精确率 (Precision): 0.6038
  召回率 (Recall):    0.6408
  F1 分数 (F1):       0.6176
✅ 模型已保存到 /home/kudouzala/Application/ion_detect/output/trained_model_save/exp_new_c_num_tp4/trained_model_epoch_700.pth
📁 损失值已保存到 /home/kudouzala/Application/ion_detect/output/trained_model_save/exp_new_c_num_tp4/training_loss_epoch_700.csv
[New] Epoch 701/1000 | classify: 0.3968 | total: 0.3968
[New] Epoch 702/1000 | classify: 0.5311 | total: 0.5311
[New] Epoch 703/1000 | classify: 0.4597 | total: 0.4597
[New] Epoch 704/1000 | classify: 0.6125 | total: 0.6125
[New] Epoch 705/1000 | classify: 0.4858 | total: 0.4858
[New] Epoch 706/1000 | classify: 0.4744 | total: 0.4744
[New] Epoch 707/1000 | classify: 0.4528 | total: 0.4528
[New] Epoch 708/1000 | classify: 0.5116 | total: 0.5116
[New] Epoch 709/1000 | classify: 0.4185 | total: 0.4185
[New] Epoch 710/1000 | classify: 0.5263 | total: 0.5263
--- 验证集 [epoch 710] ---
  准确率 (Accuracy):  0.7793
  精确率 (Precision): 0.6743
  召回率 (Recall):    0.6713
  F1 分数 (F1):       0.6704
[New] Epoch 711/1000 | classify: 0.4440 | total: 0.4440
[New] Epoch 712/1000 | classify: 0.4855 | total: 0.4855
[New] Epoch 713/1000 | classify: 0.5238 | total: 0.5238
[New] Epoch 714/1000 | classify: 0.4503 | total: 0.4503
[New] Epoch 715/1000 | classify: 0.3493 | total: 0.3493
[New] Epoch 716/1000 | classify: 0.5266 | total: 0.5266
[New] Epoch 717/1000 | classify: 0.4348 | total: 0.4348
[New] Epoch 718/1000 | classify: 0.6133 | total: 0.6133
[New] Epoch 719/1000 | classify: 0.4400 | total: 0.4400
[New] Epoch 720/1000 | classify: 0.7263 | total: 0.7263
--- 验证集 [epoch 720] ---
  准确率 (Accuracy):  0.7724
  精确率 (Precision): 0.6720
  召回率 (Recall):    0.6595
  F1 分数 (F1):       0.6620
[New] Epoch 721/1000 | classify: 0.4025 | total: 0.4025
[New] Epoch 722/1000 | classify: 0.4956 | total: 0.4956
[New] Epoch 723/1000 | classify: 0.6017 | total: 0.6017
[New] Epoch 724/1000 | classify: 0.5576 | total: 0.5576
[New] Epoch 725/1000 | classify: 0.5405 | total: 0.5405
[New] Epoch 726/1000 | classify: 0.3762 | total: 0.3762
[New] Epoch 727/1000 | classify: 0.6359 | total: 0.6359
[New] Epoch 728/1000 | classify: 0.5666 | total: 0.5666
[New] Epoch 729/1000 | classify: 0.4118 | total: 0.4118
[New] Epoch 730/1000 | classify: 0.5035 | total: 0.5035
--- 验证集 [epoch 730] ---
  准确率 (Accuracy):  0.7655
  精确率 (Precision): 0.6400
  召回率 (Recall):    0.6571
  F1 分数 (F1):       0.6455
[New] Epoch 731/1000 | classify: 0.5944 | total: 0.5944
[New] Epoch 732/1000 | classify: 0.4090 | total: 0.4090
[New] Epoch 733/1000 | classify: 0.5364 | total: 0.5364
[New] Epoch 734/1000 | classify: 0.6789 | total: 0.6789
[New] Epoch 735/1000 | classify: 0.4886 | total: 0.4886
[New] Epoch 736/1000 | classify: 0.5014 | total: 0.5014
[New] Epoch 737/1000 | classify: 0.5563 | total: 0.5563
[New] Epoch 738/1000 | classify: 0.6845 | total: 0.6845
[New] Epoch 739/1000 | classify: 0.5563 | total: 0.5563
[New] Epoch 740/1000 | classify: 0.4433 | total: 0.4433
--- 验证集 [epoch 740] ---
  准确率 (Accuracy):  0.7655
  精确率 (Precision): 0.6340
  召回率 (Recall):    0.6513
  F1 分数 (F1):       0.6372
[New] Epoch 741/1000 | classify: 0.5097 | total: 0.5097
[New] Epoch 742/1000 | classify: 0.6114 | total: 0.6114
[New] Epoch 743/1000 | classify: 0.4693 | total: 0.4693
[New] Epoch 744/1000 | classify: 0.5477 | total: 0.5477
[New] Epoch 745/1000 | classify: 0.5743 | total: 0.5743
[New] Epoch 746/1000 | classify: 0.4851 | total: 0.4851
[New] Epoch 747/1000 | classify: 0.5461 | total: 0.5461
[New] Epoch 748/1000 | classify: 0.6356 | total: 0.6356
[New] Epoch 749/1000 | classify: 0.3595 | total: 0.3595
[New] Epoch 750/1000 | classify: 0.6632 | total: 0.6632
--- 验证集 [epoch 750] ---
  准确率 (Accuracy):  0.7655
  精确率 (Precision): 0.6386
  召回率 (Recall):    0.6669
  F1 分数 (F1):       0.6455
✅ 模型已保存到 /home/kudouzala/Application/ion_detect/output/trained_model_save/exp_new_c_num_tp4/trained_model_epoch_750.pth
📁 损失值已保存到 /home/kudouzala/Application/ion_detect/output/trained_model_save/exp_new_c_num_tp4/training_loss_epoch_750.csv
[New] Epoch 751/1000 | classify: 0.5505 | total: 0.5505
[New] Epoch 752/1000 | classify: 0.3847 | total: 0.3847
[New] Epoch 753/1000 | classify: 0.5195 | total: 0.5195
[New] Epoch 754/1000 | classify: 0.6399 | total: 0.6399
[New] Epoch 755/1000 | classify: 0.5617 | total: 0.5617
[New] Epoch 756/1000 | classify: 0.4375 | total: 0.4375
[New] Epoch 757/1000 | classify: 0.5380 | total: 0.5380
[New] Epoch 758/1000 | classify: 0.4502 | total: 0.4502
[New] Epoch 759/1000 | classify: 0.8025 | total: 0.8025
[New] Epoch 760/1000 | classify: 0.5434 | total: 0.5434
--- 验证集 [epoch 760] ---
  准确率 (Accuracy):  0.8000
  精确率 (Precision): 0.7070
  召回率 (Recall):    0.6970
  F1 分数 (F1):       0.6949
[New] Epoch 761/1000 | classify: 0.5277 | total: 0.5277
[New] Epoch 762/1000 | classify: 0.4775 | total: 0.4775
[New] Epoch 763/1000 | classify: 0.5708 | total: 0.5708
[New] Epoch 764/1000 | classify: 0.6139 | total: 0.6139
[New] Epoch 765/1000 | classify: 0.6094 | total: 0.6094
[New] Epoch 766/1000 | classify: 0.5044 | total: 0.5044
[New] Epoch 767/1000 | classify: 0.7301 | total: 0.7301
[New] Epoch 768/1000 | classify: 0.4296 | total: 0.4296
[New] Epoch 769/1000 | classify: 0.3961 | total: 0.3961
[New] Epoch 770/1000 | classify: 0.5267 | total: 0.5267
--- 验证集 [epoch 770] ---
  准确率 (Accuracy):  0.7931
  精确率 (Precision): 0.7190
  召回率 (Recall):    0.6635
  F1 分数 (F1):       0.6834
[New] Epoch 771/1000 | classify: 0.3885 | total: 0.3885
[New] Epoch 772/1000 | classify: 0.5300 | total: 0.5300
[New] Epoch 773/1000 | classify: 0.7150 | total: 0.7150
[New] Epoch 774/1000 | classify: 0.4026 | total: 0.4026
[New] Epoch 775/1000 | classify: 0.4874 | total: 0.4874
[New] Epoch 776/1000 | classify: 0.5524 | total: 0.5524
[New] Epoch 777/1000 | classify: 0.5869 | total: 0.5869
[New] Epoch 778/1000 | classify: 0.5558 | total: 0.5558
[New] Epoch 779/1000 | classify: 0.4734 | total: 0.4734
[New] Epoch 780/1000 | classify: 0.5168 | total: 0.5168
--- 验证集 [epoch 780] ---
  准确率 (Accuracy):  0.7724
  精确率 (Precision): 0.6571
  召回率 (Recall):    0.6788
  F1 分数 (F1):       0.6618
[New] Epoch 781/1000 | classify: 0.5856 | total: 0.5856
[New] Epoch 782/1000 | classify: 0.6009 | total: 0.6009
[New] Epoch 783/1000 | classify: 0.6934 | total: 0.6934
[New] Epoch 784/1000 | classify: 0.5289 | total: 0.5289
[New] Epoch 785/1000 | classify: 0.6223 | total: 0.6223
[New] Epoch 786/1000 | classify: 0.4616 | total: 0.4616
[New] Epoch 787/1000 | classify: 0.5542 | total: 0.5542
[New] Epoch 788/1000 | classify: 0.5110 | total: 0.5110
[New] Epoch 789/1000 | classify: 0.4789 | total: 0.4789
[New] Epoch 790/1000 | classify: 0.5427 | total: 0.5427
--- 验证集 [epoch 790] ---
  准确率 (Accuracy):  0.7862
  精确率 (Precision): 0.7067
  召回率 (Recall):    0.6870
  F1 分数 (F1):       0.6860
[New] Epoch 791/1000 | classify: 0.4719 | total: 0.4719
[New] Epoch 792/1000 | classify: 0.4509 | total: 0.4509
[New] Epoch 793/1000 | classify: 0.5466 | total: 0.5466
[New] Epoch 794/1000 | classify: 0.6069 | total: 0.6069
[New] Epoch 795/1000 | classify: 0.5035 | total: 0.5035
[New] Epoch 796/1000 | classify: 0.5077 | total: 0.5077
[New] Epoch 797/1000 | classify: 0.5034 | total: 0.5034
[New] Epoch 798/1000 | classify: 0.6928 | total: 0.6928
[New] Epoch 799/1000 | classify: 0.5808 | total: 0.5808
[New] Epoch 800/1000 | classify: 0.4290 | total: 0.4290
--- 验证集 [epoch 800] ---
  准确率 (Accuracy):  0.7655
  精确率 (Precision): 0.6984
  召回率 (Recall):    0.6564
  F1 分数 (F1):       0.6673
✅ 模型已保存到 /home/kudouzala/Application/ion_detect/output/trained_model_save/exp_new_c_num_tp4/trained_model_epoch_800.pth
📁 损失值已保存到 /home/kudouzala/Application/ion_detect/output/trained_model_save/exp_new_c_num_tp4/training_loss_epoch_800.csv
[New] Epoch 801/1000 | classify: 0.3972 | total: 0.3972
[New] Epoch 802/1000 | classify: 0.4831 | total: 0.4831
[New] Epoch 803/1000 | classify: 0.4787 | total: 0.4787
[New] Epoch 804/1000 | classify: 0.6131 | total: 0.6131
[New] Epoch 805/1000 | classify: 0.4801 | total: 0.4801
[New] Epoch 806/1000 | classify: 0.5630 | total: 0.5630
[New] Epoch 807/1000 | classify: 0.6262 | total: 0.6262
[New] Epoch 808/1000 | classify: 0.6064 | total: 0.6064
[New] Epoch 809/1000 | classify: 0.5459 | total: 0.5459
[New] Epoch 810/1000 | classify: 0.3587 | total: 0.3587
--- 验证集 [epoch 810] ---
  准确率 (Accuracy):  0.7793
  精确率 (Precision): 0.6905
  召回率 (Recall):    0.6751
  F1 分数 (F1):       0.6729
[New] Epoch 811/1000 | classify: 0.3766 | total: 0.3766
[New] Epoch 812/1000 | classify: 0.5730 | total: 0.5730
[New] Epoch 813/1000 | classify: 0.7760 | total: 0.7760
[New] Epoch 814/1000 | classify: 0.6382 | total: 0.6382
[New] Epoch 815/1000 | classify: 0.5130 | total: 0.5130
[New] Epoch 816/1000 | classify: 0.5633 | total: 0.5633
[New] Epoch 817/1000 | classify: 0.5646 | total: 0.5646
[New] Epoch 818/1000 | classify: 0.4201 | total: 0.4201
[New] Epoch 819/1000 | classify: 0.4397 | total: 0.4397
[New] Epoch 820/1000 | classify: 0.5416 | total: 0.5416
--- 验证集 [epoch 820] ---
  准确率 (Accuracy):  0.7586
  精确率 (Precision): 0.6206
  召回率 (Recall):    0.6441
  F1 分数 (F1):       0.6255
[New] Epoch 821/1000 | classify: 0.4303 | total: 0.4303
[New] Epoch 822/1000 | classify: 0.6167 | total: 0.6167
[New] Epoch 823/1000 | classify: 0.4647 | total: 0.4647
[New] Epoch 824/1000 | classify: 0.4318 | total: 0.4318
[New] Epoch 825/1000 | classify: 0.4520 | total: 0.4520
[New] Epoch 826/1000 | classify: 0.6364 | total: 0.6364
[New] Epoch 827/1000 | classify: 0.4525 | total: 0.4525
[New] Epoch 828/1000 | classify: 0.4787 | total: 0.4787
[New] Epoch 829/1000 | classify: 0.4868 | total: 0.4868
[New] Epoch 830/1000 | classify: 0.4325 | total: 0.4325
--- 验证集 [epoch 830] ---
  准确率 (Accuracy):  0.7724
  精确率 (Precision): 0.6516
  召回率 (Recall):    0.6581
  F1 分数 (F1):       0.6491
[New] Epoch 831/1000 | classify: 0.4307 | total: 0.4307
[New] Epoch 832/1000 | classify: 0.5228 | total: 0.5228
[New] Epoch 833/1000 | classify: 0.4456 | total: 0.4456
[New] Epoch 834/1000 | classify: 0.7666 | total: 0.7666
[New] Epoch 835/1000 | classify: 0.5242 | total: 0.5242
[New] Epoch 836/1000 | classify: 0.5128 | total: 0.5128
[New] Epoch 837/1000 | classify: 0.5070 | total: 0.5070
[New] Epoch 838/1000 | classify: 0.4129 | total: 0.4129
[New] Epoch 839/1000 | classify: 0.4079 | total: 0.4079
[New] Epoch 840/1000 | classify: 0.5569 | total: 0.5569
--- 验证集 [epoch 840] ---
  准确率 (Accuracy):  0.7586
  精确率 (Precision): 0.6318
  召回率 (Recall):    0.6236
  F1 分数 (F1):       0.6241
[New] Epoch 841/1000 | classify: 0.4693 | total: 0.4693
[New] Epoch 842/1000 | classify: 0.5532 | total: 0.5532
[New] Epoch 843/1000 | classify: 0.5242 | total: 0.5242
[New] Epoch 844/1000 | classify: 0.3686 | total: 0.3686
[New] Epoch 845/1000 | classify: 0.5714 | total: 0.5714
[New] Epoch 846/1000 | classify: 0.4094 | total: 0.4094
[New] Epoch 847/1000 | classify: 0.7060 | total: 0.7060
[New] Epoch 848/1000 | classify: 0.4227 | total: 0.4227
[New] Epoch 849/1000 | classify: 0.5022 | total: 0.5022
[New] Epoch 850/1000 | classify: 0.6654 | total: 0.6654
--- 验证集 [epoch 850] ---
  准确率 (Accuracy):  0.7724
  精确率 (Precision): 0.6592
  召回率 (Recall):    0.6632
  F1 分数 (F1):       0.6533
✅ 模型已保存到 /home/kudouzala/Application/ion_detect/output/trained_model_save/exp_new_c_num_tp4/trained_model_epoch_850.pth
📁 损失值已保存到 /home/kudouzala/Application/ion_detect/output/trained_model_save/exp_new_c_num_tp4/training_loss_epoch_850.csv
[New] Epoch 851/1000 | classify: 0.4483 | total: 0.4483
[New] Epoch 852/1000 | classify: 0.5417 | total: 0.5417
[New] Epoch 853/1000 | classify: 0.4272 | total: 0.4272
[New] Epoch 854/1000 | classify: 0.5861 | total: 0.5861
[New] Epoch 855/1000 | classify: 0.4959 | total: 0.4959
[New] Epoch 856/1000 | classify: 0.5619 | total: 0.5619
[New] Epoch 857/1000 | classify: 0.5323 | total: 0.5323
[New] Epoch 858/1000 | classify: 0.5454 | total: 0.5454
[New] Epoch 859/1000 | classify: 0.5572 | total: 0.5572
[New] Epoch 860/1000 | classify: 0.5048 | total: 0.5048
--- 验证集 [epoch 860] ---
  准确率 (Accuracy):  0.7793
  精确率 (Precision): 0.6771
  召回率 (Recall):    0.6653
  F1 分数 (F1):       0.6660
[New] Epoch 861/1000 | classify: 0.4178 | total: 0.4178
[New] Epoch 862/1000 | classify: 0.5212 | total: 0.5212
[New] Epoch 863/1000 | classify: 0.4653 | total: 0.4653
[New] Epoch 864/1000 | classify: 0.5560 | total: 0.5560
[New] Epoch 865/1000 | classify: 0.4767 | total: 0.4767
[New] Epoch 866/1000 | classify: 0.3577 | total: 0.3577
[New] Epoch 867/1000 | classify: 0.4000 | total: 0.4000
[New] Epoch 868/1000 | classify: 0.5037 | total: 0.5037
[New] Epoch 869/1000 | classify: 0.3983 | total: 0.3983
[New] Epoch 870/1000 | classify: 0.5123 | total: 0.5123
--- 验证集 [epoch 870] ---
  准确率 (Accuracy):  0.7586
  精确率 (Precision): 0.6387
  召回率 (Recall):    0.6492
  F1 分数 (F1):       0.6396
[New] Epoch 871/1000 | classify: 0.3464 | total: 0.3464
[New] Epoch 872/1000 | classify: 0.5752 | total: 0.5752
[New] Epoch 873/1000 | classify: 0.6236 | total: 0.6236
[New] Epoch 874/1000 | classify: 0.5712 | total: 0.5712
[New] Epoch 875/1000 | classify: 0.4960 | total: 0.4960
[New] Epoch 876/1000 | classify: 0.4880 | total: 0.4880
[New] Epoch 877/1000 | classify: 0.4028 | total: 0.4028
[New] Epoch 878/1000 | classify: 0.4941 | total: 0.4941
[New] Epoch 879/1000 | classify: 0.5185 | total: 0.5185
[New] Epoch 880/1000 | classify: 0.5407 | total: 0.5407
--- 验证集 [epoch 880] ---
  准确率 (Accuracy):  0.7586
  精确率 (Precision): 0.6389
  召回率 (Recall):    0.6492
  F1 分数 (F1):       0.6377
[New] Epoch 881/1000 | classify: 0.4917 | total: 0.4917
[New] Epoch 882/1000 | classify: 0.4632 | total: 0.4632
[New] Epoch 883/1000 | classify: 0.4860 | total: 0.4860
[New] Epoch 884/1000 | classify: 0.5474 | total: 0.5474
[New] Epoch 885/1000 | classify: 0.4534 | total: 0.4534
[New] Epoch 886/1000 | classify: 0.4582 | total: 0.4582
[New] Epoch 887/1000 | classify: 0.4745 | total: 0.4745
[New] Epoch 888/1000 | classify: 0.4276 | total: 0.4276
[New] Epoch 889/1000 | classify: 0.5062 | total: 0.5062
[New] Epoch 890/1000 | classify: 0.3583 | total: 0.3583
--- 验证集 [epoch 890] ---
  准确率 (Accuracy):  0.7862
  精确率 (Precision): 0.7032
  召回率 (Recall):    0.6881
  F1 分数 (F1):       0.6877
[New] Epoch 891/1000 | classify: 0.5061 | total: 0.5061
[New] Epoch 892/1000 | classify: 0.4254 | total: 0.4254
[New] Epoch 893/1000 | classify: 0.4983 | total: 0.4983
[New] Epoch 894/1000 | classify: 0.5357 | total: 0.5357
[New] Epoch 895/1000 | classify: 0.4450 | total: 0.4450
[New] Epoch 896/1000 | classify: 0.5216 | total: 0.5216
[New] Epoch 897/1000 | classify: 0.4884 | total: 0.4884
[New] Epoch 898/1000 | classify: 0.5306 | total: 0.5306
[New] Epoch 899/1000 | classify: 0.5481 | total: 0.5481
[New] Epoch 900/1000 | classify: 0.3728 | total: 0.3728
--- 验证集 [epoch 900] ---
  准确率 (Accuracy):  0.7793
  精确率 (Precision): 0.6767
  召回率 (Recall):    0.6653
  F1 分数 (F1):       0.6637
✅ 模型已保存到 /home/kudouzala/Application/ion_detect/output/trained_model_save/exp_new_c_num_tp4/trained_model_epoch_900.pth
📁 损失值已保存到 /home/kudouzala/Application/ion_detect/output/trained_model_save/exp_new_c_num_tp4/training_loss_epoch_900.csv
[New] Epoch 901/1000 | classify: 0.4398 | total: 0.4398
[New] Epoch 902/1000 | classify: 0.6195 | total: 0.6195
[New] Epoch 903/1000 | classify: 0.4956 | total: 0.4956
[New] Epoch 904/1000 | classify: 0.6070 | total: 0.6070
[New] Epoch 905/1000 | classify: 0.3927 | total: 0.3927
[New] Epoch 906/1000 | classify: 0.6264 | total: 0.6264
[New] Epoch 907/1000 | classify: 0.4843 | total: 0.4843
[New] Epoch 908/1000 | classify: 0.5168 | total: 0.5168
[New] Epoch 909/1000 | classify: 0.5424 | total: 0.5424
[New] Epoch 910/1000 | classify: 0.4730 | total: 0.4730
--- 验证集 [epoch 910] ---
  准确率 (Accuracy):  0.7655
  精确率 (Precision): 0.6437
  召回率 (Recall):    0.6355
  F1 分数 (F1):       0.6329
[New] Epoch 911/1000 | classify: 0.6069 | total: 0.6069
[New] Epoch 912/1000 | classify: 0.4510 | total: 0.4510
[New] Epoch 913/1000 | classify: 0.4051 | total: 0.4051
[New] Epoch 914/1000 | classify: 0.5966 | total: 0.5966
[New] Epoch 915/1000 | classify: 0.5135 | total: 0.5135
[New] Epoch 916/1000 | classify: 0.4220 | total: 0.4220
[New] Epoch 917/1000 | classify: 0.6223 | total: 0.6223
[New] Epoch 918/1000 | classify: 0.3584 | total: 0.3584
[New] Epoch 919/1000 | classify: 0.5594 | total: 0.5594
[New] Epoch 920/1000 | classify: 0.4873 | total: 0.4873
--- 验证集 [epoch 920] ---
  准确率 (Accuracy):  0.7724
  精确率 (Precision): 0.6552
  召回率 (Recall):    0.6632
  F1 分数 (F1):       0.6539
[New] Epoch 921/1000 | classify: 0.4526 | total: 0.4526
[New] Epoch 922/1000 | classify: 0.6313 | total: 0.6313
[New] Epoch 923/1000 | classify: 0.5230 | total: 0.5230
[New] Epoch 924/1000 | classify: 0.3978 | total: 0.3978
[New] Epoch 925/1000 | classify: 0.4285 | total: 0.4285
[New] Epoch 926/1000 | classify: 0.7105 | total: 0.7105
[New] Epoch 927/1000 | classify: 0.5097 | total: 0.5097
[New] Epoch 928/1000 | classify: 0.5906 | total: 0.5906
[New] Epoch 929/1000 | classify: 0.4695 | total: 0.4695
[New] Epoch 930/1000 | classify: 0.4874 | total: 0.4874
--- 验证集 [epoch 930] ---
  准确率 (Accuracy):  0.7724
  精确率 (Precision): 0.6495
  召回率 (Recall):    0.6581
  F1 分数 (F1):       0.6478
[New] Epoch 931/1000 | classify: 0.5198 | total: 0.5198
[New] Epoch 932/1000 | classify: 0.5670 | total: 0.5670
[New] Epoch 933/1000 | classify: 0.4695 | total: 0.4695
[New] Epoch 934/1000 | classify: 0.4656 | total: 0.4656
[New] Epoch 935/1000 | classify: 0.5884 | total: 0.5884
[New] Epoch 936/1000 | classify: 0.4902 | total: 0.4902
[New] Epoch 937/1000 | classify: 0.5309 | total: 0.5309
[New] Epoch 938/1000 | classify: 0.4504 | total: 0.4504
[New] Epoch 939/1000 | classify: 0.3406 | total: 0.3406
[New] Epoch 940/1000 | classify: 0.5406 | total: 0.5406
--- 验证集 [epoch 940] ---
  准确率 (Accuracy):  0.7724
  精确率 (Precision): 0.6592
  召回率 (Recall):    0.6632
  F1 分数 (F1):       0.6533
[New] Epoch 941/1000 | classify: 0.4889 | total: 0.4889
[New] Epoch 942/1000 | classify: 0.3925 | total: 0.3925
[New] Epoch 943/1000 | classify: 0.4237 | total: 0.4237
[New] Epoch 944/1000 | classify: 0.5368 | total: 0.5368
[New] Epoch 945/1000 | classify: 0.5594 | total: 0.5594
[New] Epoch 946/1000 | classify: 0.4834 | total: 0.4834
[New] Epoch 947/1000 | classify: 0.4111 | total: 0.4111
[New] Epoch 948/1000 | classify: 0.6220 | total: 0.6220
[New] Epoch 949/1000 | classify: 0.4985 | total: 0.4985
[New] Epoch 950/1000 | classify: 0.4823 | total: 0.4823
--- 验证集 [epoch 950] ---
  准确率 (Accuracy):  0.7586
  精确率 (Precision): 0.6378
  召回率 (Recall):    0.6394
  F1 分数 (F1):       0.6318
✅ 模型已保存到 /home/kudouzala/Application/ion_detect/output/trained_model_save/exp_new_c_num_tp4/trained_model_epoch_950.pth
📁 损失值已保存到 /home/kudouzala/Application/ion_detect/output/trained_model_save/exp_new_c_num_tp4/training_loss_epoch_950.csv
[New] Epoch 951/1000 | classify: 0.4709 | total: 0.4709
[New] Epoch 952/1000 | classify: 0.4945 | total: 0.4945
[New] Epoch 953/1000 | classify: 0.5570 | total: 0.5570
[New] Epoch 954/1000 | classify: 0.5122 | total: 0.5122
[New] Epoch 955/1000 | classify: 0.4268 | total: 0.4268
[New] Epoch 956/1000 | classify: 0.4613 | total: 0.4613
[New] Epoch 957/1000 | classify: 0.5420 | total: 0.5420
[New] Epoch 958/1000 | classify: 0.4790 | total: 0.4790
[New] Epoch 959/1000 | classify: 0.4756 | total: 0.4756
[New] Epoch 960/1000 | classify: 0.5272 | total: 0.5272
--- 验证集 [epoch 960] ---
  准确率 (Accuracy):  0.7793
  精确率 (Precision): 0.6774
  召回率 (Recall):    0.6751
  F1 分数 (F1):       0.6671
[New] Epoch 961/1000 | classify: 0.4938 | total: 0.4938
[New] Epoch 962/1000 | classify: 0.5642 | total: 0.5642
[New] Epoch 963/1000 | classify: 0.3103 | total: 0.3103
[New] Epoch 964/1000 | classify: 0.4890 | total: 0.4890
[New] Epoch 965/1000 | classify: 0.3940 | total: 0.3940
[New] Epoch 966/1000 | classify: 0.6113 | total: 0.6113
[New] Epoch 967/1000 | classify: 0.4761 | total: 0.4761
[New] Epoch 968/1000 | classify: 0.4893 | total: 0.4893
[New] Epoch 969/1000 | classify: 0.3462 | total: 0.3462
[New] Epoch 970/1000 | classify: 0.4671 | total: 0.4671
--- 验证集 [epoch 970] ---
  准确率 (Accuracy):  0.7724
  精确率 (Precision): 0.6592
  召回率 (Recall):    0.6632
  F1 分数 (F1):       0.6533
[New] Epoch 971/1000 | classify: 0.4368 | total: 0.4368
[New] Epoch 972/1000 | classify: 0.7172 | total: 0.7172
[New] Epoch 973/1000 | classify: 0.4347 | total: 0.4347
[New] Epoch 974/1000 | classify: 0.5089 | total: 0.5089
[New] Epoch 975/1000 | classify: 0.5270 | total: 0.5270
[New] Epoch 976/1000 | classify: 0.3883 | total: 0.3883
[New] Epoch 977/1000 | classify: 0.4754 | total: 0.4754
[New] Epoch 978/1000 | classify: 0.5906 | total: 0.5906
[New] Epoch 979/1000 | classify: 0.4086 | total: 0.4086
[New] Epoch 980/1000 | classify: 0.4717 | total: 0.4717
--- 验证集 [epoch 980] ---
  准确率 (Accuracy):  0.7793
  精确率 (Precision): 0.6772
  召回率 (Recall):    0.6751
  F1 分数 (F1):       0.6689
[New] Epoch 981/1000 | classify: 0.5287 | total: 0.5287
[New] Epoch 982/1000 | classify: 0.4911 | total: 0.4911
[New] Epoch 983/1000 | classify: 0.4664 | total: 0.4664
[New] Epoch 984/1000 | classify: 0.4994 | total: 0.4994
[New] Epoch 985/1000 | classify: 0.6320 | total: 0.6320
[New] Epoch 986/1000 | classify: 0.4098 | total: 0.4098
[New] Epoch 987/1000 | classify: 0.4759 | total: 0.4759
[New] Epoch 988/1000 | classify: 0.4308 | total: 0.4308
[New] Epoch 989/1000 | classify: 0.4038 | total: 0.4038
[New] Epoch 990/1000 | classify: 0.3796 | total: 0.3796
--- 验证集 [epoch 990] ---
  准确率 (Accuracy):  0.7724
  精确率 (Precision): 0.6592
  召回率 (Recall):    0.6632
  F1 分数 (F1):       0.6533
[New] Epoch 991/1000 | classify: 0.5323 | total: 0.5323
[New] Epoch 992/1000 | classify: 0.3659 | total: 0.3659
[New] Epoch 993/1000 | classify: 0.4577 | total: 0.4577
[New] Epoch 994/1000 | classify: 0.5811 | total: 0.5811
[New] Epoch 995/1000 | classify: 0.3017 | total: 0.3017
[New] Epoch 996/1000 | classify: 0.3695 | total: 0.3695
[New] Epoch 997/1000 | classify: 0.7392 | total: 0.7392
[New] Epoch 998/1000 | classify: 0.5734 | total: 0.5734
[New] Epoch 999/1000 | classify: 0.4928 | total: 0.4928
[New] Epoch 1000/1000 | classify: 0.3749 | total: 0.3749
--- 验证集 [epoch 1000] ---
  准确率 (Accuracy):  0.7793
  精确率 (Precision): 0.6767
  召回率 (Recall):    0.6653
  F1 分数 (F1):       0.6637
✅ 模型已保存到 /home/kudouzala/Application/ion_detect/output/trained_model_save/exp_new_c_num_tp4/trained_model_epoch_1000.pth
📁 损失值已保存到 /home/kudouzala/Application/ion_detect/output/trained_model_save/exp_new_c_num_tp4/training_loss_epoch_1000.csv
✅ 模型已保存到 /home/kudouzala/Application/ion_detect/output/trained_model_save/exp_new_c_num_tp4/trained_model_epoch_final.pth
📁 损失值已保存到 /home/kudouzala/Application/ion_detect/output/trained_model_save/exp_new_c_num_tp4/training_loss_epoch_final.csv
