✅ no_overlap 划分: 测试集 150 个（ion_column 74 个，≤3/10）-> /home/kudouzala/Application/ion_detect/datasets/datasets_for_all_test_no_overlap/exp_new_b，训练集 709 个 -> /home/kudouzala/Application/ion_detect/datasets/datasets_for_all_train_no_overlap/exp_new_b（已排除同前缀且窗口含测试前 3 个时间点的样本）
✅ 当前使用设备: cuda
📂 训练集目录: /home/kudouzala/Application/ion_detect/datasets/datasets_for_all_train_no_overlap/exp_new_b
📂 测试/验证集目录: /home/kudouzala/Application/ion_detect/datasets/datasets_for_all_test_no_overlap/exp_new_b
🧪 experiment: exp_new_b
🚀 进入训练模式 (--train)
Skipping file 20240822_10ppm铜离子污染测试_新版电解槽_ion_column_gamry_[56, 58, 60, 62].xlsx: impedance points 54 < 63
Skipping file 20240822_10ppm铜离子污染测试_新版电解槽_ion_column_gamry_[36, 38, 40, 42].xlsx: impedance points 54 < 63
Skipping file 20240822_10ppm铜离子污染测试_新版电解槽_ion_column_gamry_[34, 36, 38, 40].xlsx: impedance points 54 < 63
[LEAK-CHECK] overlap(train, val) = 0
[DEBUG] data_folder = /home/kudouzala/Application/ion_detect/datasets/datasets_for_all_train_no_overlap/exp_new_b
[DEBUG] base_train.file_names[:10] =
   20241107_0.1ppm钙离子污染及恢复测试_新版电解槽_ion_firecloud_[14, 16, 18, 20].xlsx
   20240910_10ppm钙离子污染测试_新版电解槽_ion_column_gamry_[2, 4, 6, 8].xlsx
   20241006_2ppm铬离子污染测试_旧版电解槽_ion_firecloud_[22, 24, 26, 28].xlsx
   20241117_2ppm钠离子污染及恢复测试40摄氏度_新版电解槽_ion_gamry_[22, 24, 26, 28].xlsx
   20241227_10ppm铜离子污染及恢复测试_旧版电解槽_ion_gamry_[4, 6, 8, 10].xlsx
   20241003_2ppm镍离子污染测试_新版电解槽_ion_gamry_[20, 22, 24, 26].xlsx
   20241112_2ppm钠离子污染和恢复测试80摄氏度_新版电解槽_ion_column_renew_H2SO4_gamry_[14, 16, 18, 20].xlsx
   20240910_10ppm钙离子污染测试_新版电解槽_ion_gamry_[2, 4, 6, 8].xlsx
   20241213_2ppm钠离子污染及恢复测试_新版电解槽_ion_column_renew_H2SO4_gamry_[12, 14, 16, 18].xlsx
   20241010_2ppm钠离子污染测试_新版电解槽_ion_firecloud_[28, 30, 32, 34].xlsx
[DEBUG] exist check (first 10):
   /home/kudouzala/Application/ion_detect/datasets/datasets_for_all_train_no_overlap/exp_new_b/20241107_0.1ppm钙离子污染及恢复测试_新版电解槽_ion_firecloud_[14, 16, 18, 20].xlsx exists= True
   /home/kudouzala/Application/ion_detect/datasets/datasets_for_all_train_no_overlap/exp_new_b/20240910_10ppm钙离子污染测试_新版电解槽_ion_column_gamry_[2, 4, 6, 8].xlsx exists= True
   /home/kudouzala/Application/ion_detect/datasets/datasets_for_all_train_no_overlap/exp_new_b/20241006_2ppm铬离子污染测试_旧版电解槽_ion_firecloud_[22, 24, 26, 28].xlsx exists= True
   /home/kudouzala/Application/ion_detect/datasets/datasets_for_all_train_no_overlap/exp_new_b/20241117_2ppm钠离子污染及恢复测试40摄氏度_新版电解槽_ion_gamry_[22, 24, 26, 28].xlsx exists= True
   /home/kudouzala/Application/ion_detect/datasets/datasets_for_all_train_no_overlap/exp_new_b/20241227_10ppm铜离子污染及恢复测试_旧版电解槽_ion_gamry_[4, 6, 8, 10].xlsx exists= True
   /home/kudouzala/Application/ion_detect/datasets/datasets_for_all_train_no_overlap/exp_new_b/20241003_2ppm镍离子污染测试_新版电解槽_ion_gamry_[20, 22, 24, 26].xlsx exists= True
   /home/kudouzala/Application/ion_detect/datasets/datasets_for_all_train_no_overlap/exp_new_b/20241112_2ppm钠离子污染和恢复测试80摄氏度_新版电解槽_ion_column_renew_H2SO4_gamry_[14, 16, 18, 20].xlsx exists= True
   /home/kudouzala/Application/ion_detect/datasets/datasets_for_all_train_no_overlap/exp_new_b/20240910_10ppm钙离子污染测试_新版电解槽_ion_gamry_[2, 4, 6, 8].xlsx exists= True
   /home/kudouzala/Application/ion_detect/datasets/datasets_for_all_train_no_overlap/exp_new_b/20241213_2ppm钠离子污染及恢复测试_新版电解槽_ion_column_renew_H2SO4_gamry_[12, 14, 16, 18].xlsx exists= True
   /home/kudouzala/Application/ion_detect/datasets/datasets_for_all_train_no_overlap/exp_new_b/20241010_2ppm钠离子污染测试_新版电解槽_ion_firecloud_[28, 30, 32, 34].xlsx exists= True
Skipping file 20240822_10ppm铜离子污染测试_新版电解槽_ion_column_gamry_[28, 30, 32, 34].xlsx: impedance points 54 < 63
Skipping file 20240822_10ppm铜离子污染测试_新版电解槽_ion_column_gamry_[50, 52, 54, 56].xlsx: impedance points 54 < 63
Skipping file 20240822_10ppm铜离子污染测试_新版电解槽_ion_column_gamry_[24, 26, 28, 30].xlsx: impedance points 54 < 63
Skipping file 20240822_10ppm铜离子污染测试_新版电解槽_ion_column_gamry_[44, 46, 48, 50].xlsx: impedance points 54 < 63

[PairDataset][Example pairs] (show up to 50)
  [1] A(idx=431) 20241107_0.1ppm钙离子污染及恢复测试_新版电解槽_ion_firecloud_[0, 2, 4, 6].xlsx  times=[0, 2, 4, 6]
      → B(idx=253) 20241107_0.1ppm钙离子污染及恢复测试_新版电解槽_ion_firecloud_[4, 6, 8, 10].xlsx  times=[4, 6, 8, 10]  dummy=False
  [2] A(idx=678) 20241107_0.1ppm钙离子污染及恢复测试_新版电解槽_ion_firecloud_[2, 4, 6, 8].xlsx  times=[2, 4, 6, 8]
      → B(idx=484) 20241107_0.1ppm钙离子污染及恢复测试_新版电解槽_ion_firecloud_[6, 8, 10, 12].xlsx  times=[6, 8, 10, 12]  dummy=False
  [3] A(idx=253) 20241107_0.1ppm钙离子污染及恢复测试_新版电解槽_ion_firecloud_[4, 6, 8, 10].xlsx  times=[4, 6, 8, 10]
      → B(idx=481) 20241107_0.1ppm钙离子污染及恢复测试_新版电解槽_ion_firecloud_[8, 10, 12, 14].xlsx  times=[8, 10, 12, 14]  dummy=False
  [4] A(idx=484) 20241107_0.1ppm钙离子污染及恢复测试_新版电解槽_ion_firecloud_[6, 8, 10, 12].xlsx  times=[6, 8, 10, 12]
      → B(idx=547) 20241107_0.1ppm钙离子污染及恢复测试_新版电解槽_ion_firecloud_[10, 12, 14, 16].xlsx  times=[10, 12, 14, 16]  dummy=False
  [5] A(idx=481) 20241107_0.1ppm钙离子污染及恢复测试_新版电解槽_ion_firecloud_[8, 10, 12, 14].xlsx  times=[8, 10, 12, 14]
      → B(idx=138) 20241107_0.1ppm钙离子污染及恢复测试_新版电解槽_ion_firecloud_[12, 14, 16, 18].xlsx  times=[12, 14, 16, 18]  dummy=False
  [6] A(idx=547) 20241107_0.1ppm钙离子污染及恢复测试_新版电解槽_ion_firecloud_[10, 12, 14, 16].xlsx  times=[10, 12, 14, 16]
      → B(idx=0) 20241107_0.1ppm钙离子污染及恢复测试_新版电解槽_ion_firecloud_[14, 16, 18, 20].xlsx  times=[14, 16, 18, 20]  dummy=False
  [7] A(idx=138) 20241107_0.1ppm钙离子污染及恢复测试_新版电解槽_ion_firecloud_[12, 14, 16, 18].xlsx  times=[12, 14, 16, 18]
      → B(idx=52) 20241107_0.1ppm钙离子污染及恢复测试_新版电解槽_ion_firecloud_[16, 18, 20, 22].xlsx  times=[16, 18, 20, 22]  dummy=False
  [8] A(idx=0) 20241107_0.1ppm钙离子污染及恢复测试_新版电解槽_ion_firecloud_[14, 16, 18, 20].xlsx  times=[14, 16, 18, 20]
      → B(idx=436) 20241107_0.1ppm钙离子污染及恢复测试_新版电解槽_ion_firecloud_[18, 20, 22, 24].xlsx  times=[18, 20, 22, 24]  dummy=False
  [9] A(idx=52) 20241107_0.1ppm钙离子污染及恢复测试_新版电解槽_ion_firecloud_[16, 18, 20, 22].xlsx  times=[16, 18, 20, 22]
      → B(idx=352) 20241107_0.1ppm钙离子污染及恢复测试_新版电解槽_ion_firecloud_[20, 22, 24, 26].xlsx  times=[20, 22, 24, 26]  dummy=False
  [10] A(idx=436) 20241107_0.1ppm钙离子污染及恢复测试_新版电解槽_ion_firecloud_[18, 20, 22, 24].xlsx  times=[18, 20, 22, 24]
      → B(idx=436) 20241107_0.1ppm钙离子污染及恢复测试_新版电解槽_ion_firecloud_[18, 20, 22, 24].xlsx  times=[18, 20, 22, 24]  dummy=True
  [11] A(idx=352) 20241107_0.1ppm钙离子污染及恢复测试_新版电解槽_ion_firecloud_[20, 22, 24, 26].xlsx  times=[20, 22, 24, 26]
      → B(idx=352) 20241107_0.1ppm钙离子污染及恢复测试_新版电解槽_ion_firecloud_[20, 22, 24, 26].xlsx  times=[20, 22, 24, 26]  dummy=True
  [12] A(idx=377) 20241107_0.1ppm钙离子污染及恢复测试_新版电解槽_ion_firecloud_[34, 36, 38, 40].xlsx  times=[34, 36, 38, 40]
      → B(idx=134) 20241107_0.1ppm钙离子污染及恢复测试_新版电解槽_ion_firecloud_[38, 40, 42, 44].xlsx  times=[38, 40, 42, 44]  dummy=False
  [13] A(idx=67) 20241107_0.1ppm钙离子污染及恢复测试_新版电解槽_ion_firecloud_[36, 38, 40, 42].xlsx  times=[36, 38, 40, 42]
      → B(idx=329) 20241107_0.1ppm钙离子污染及恢复测试_新版电解槽_ion_firecloud_[40, 42, 44, 46].xlsx  times=[40, 42, 44, 46]  dummy=False
  [14] A(idx=134) 20241107_0.1ppm钙离子污染及恢复测试_新版电解槽_ion_firecloud_[38, 40, 42, 44].xlsx  times=[38, 40, 42, 44]
      → B(idx=134) 20241107_0.1ppm钙离子污染及恢复测试_新版电解槽_ion_firecloud_[38, 40, 42, 44].xlsx  times=[38, 40, 42, 44]  dummy=True
  [15] A(idx=329) 20241107_0.1ppm钙离子污染及恢复测试_新版电解槽_ion_firecloud_[40, 42, 44, 46].xlsx  times=[40, 42, 44, 46]
      → B(idx=329) 20241107_0.1ppm钙离子污染及恢复测试_新版电解槽_ion_firecloud_[40, 42, 44, 46].xlsx  times=[40, 42, 44, 46]  dummy=True
  [16] A(idx=478) 20240910_10ppm钙离子污染测试_新版电解槽_ion_column_gamry_[0, 2, 4, 6].xlsx  times=[0, 2, 4, 6]
      → B(idx=540) 20240910_10ppm钙离子污染测试_新版电解槽_ion_column_gamry_[4, 6, 8, 10].xlsx  times=[4, 6, 8, 10]  dummy=False
  [17] A(idx=1) 20240910_10ppm钙离子污染测试_新版电解槽_ion_column_gamry_[2, 4, 6, 8].xlsx  times=[2, 4, 6, 8]
      → B(idx=516) 20240910_10ppm钙离子污染测试_新版电解槽_ion_column_gamry_[6, 8, 10, 12].xlsx  times=[6, 8, 10, 12]  dummy=False
  [18] A(idx=540) 20240910_10ppm钙离子污染测试_新版电解槽_ion_column_gamry_[4, 6, 8, 10].xlsx  times=[4, 6, 8, 10]
      → B(idx=413) 20240910_10ppm钙离子污染测试_新版电解槽_ion_column_gamry_[8, 10, 12, 14].xlsx  times=[8, 10, 12, 14]  dummy=False
  [19] A(idx=516) 20240910_10ppm钙离子污染测试_新版电解槽_ion_column_gamry_[6, 8, 10, 12].xlsx  times=[6, 8, 10, 12]
      → B(idx=410) 20240910_10ppm钙离子污染测试_新版电解槽_ion_column_gamry_[10, 12, 14, 16].xlsx  times=[10, 12, 14, 16]  dummy=False
  [20] A(idx=413) 20240910_10ppm钙离子污染测试_新版电解槽_ion_column_gamry_[8, 10, 12, 14].xlsx  times=[8, 10, 12, 14]
      → B(idx=156) 20240910_10ppm钙离子污染测试_新版电解槽_ion_column_gamry_[12, 14, 16, 18].xlsx  times=[12, 14, 16, 18]  dummy=False
  [21] A(idx=410) 20240910_10ppm钙离子污染测试_新版电解槽_ion_column_gamry_[10, 12, 14, 16].xlsx  times=[10, 12, 14, 16]
      → B(idx=366) 20240910_10ppm钙离子污染测试_新版电解槽_ion_column_gamry_[14, 16, 18, 20].xlsx  times=[14, 16, 18, 20]  dummy=False
  [22] A(idx=156) 20240910_10ppm钙离子污染测试_新版电解槽_ion_column_gamry_[12, 14, 16, 18].xlsx  times=[12, 14, 16, 18]
      → B(idx=156) 20240910_10ppm钙离子污染测试_新版电解槽_ion_column_gamry_[12, 14, 16, 18].xlsx  times=[12, 14, 16, 18]  dummy=True
  [23] A(idx=366) 20240910_10ppm钙离子污染测试_新版电解槽_ion_column_gamry_[14, 16, 18, 20].xlsx  times=[14, 16, 18, 20]
      → B(idx=366) 20240910_10ppm钙离子污染测试_新版电解槽_ion_column_gamry_[14, 16, 18, 20].xlsx  times=[14, 16, 18, 20]  dummy=True
  [24] A(idx=94) 20241006_2ppm铬离子污染测试_旧版电解槽_ion_firecloud_[0, 2, 4, 6].xlsx  times=[0, 2, 4, 6]
      → B(idx=94) 20241006_2ppm铬离子污染测试_旧版电解槽_ion_firecloud_[0, 2, 4, 6].xlsx  times=[0, 2, 4, 6]  dummy=True
  [25] A(idx=550) 20241006_2ppm铬离子污染测试_旧版电解槽_ion_firecloud_[2, 4, 6, 8].xlsx  times=[2, 4, 6, 8]
      → B(idx=550) 20241006_2ppm铬离子污染测试_旧版电解槽_ion_firecloud_[2, 4, 6, 8].xlsx  times=[2, 4, 6, 8]  dummy=True
  [26] A(idx=538) 20241006_2ppm铬离子污染测试_旧版电解槽_ion_firecloud_[16, 18, 20, 22].xlsx  times=[16, 18, 20, 22]
      → B(idx=430) 20241006_2ppm铬离子污染测试_旧版电解槽_ion_firecloud_[20, 22, 24, 26].xlsx  times=[20, 22, 24, 26]  dummy=False
  [27] A(idx=32) 20241006_2ppm铬离子污染测试_旧版电解槽_ion_firecloud_[18, 20, 22, 24].xlsx  times=[18, 20, 22, 24]
      → B(idx=2) 20241006_2ppm铬离子污染测试_旧版电解槽_ion_firecloud_[22, 24, 26, 28].xlsx  times=[22, 24, 26, 28]  dummy=False
  [28] A(idx=430) 20241006_2ppm铬离子污染测试_旧版电解槽_ion_firecloud_[20, 22, 24, 26].xlsx  times=[20, 22, 24, 26]
      → B(idx=87) 20241006_2ppm铬离子污染测试_旧版电解槽_ion_firecloud_[24, 26, 28, 30].xlsx  times=[24, 26, 28, 30]  dummy=False
  [29] A(idx=2) 20241006_2ppm铬离子污染测试_旧版电解槽_ion_firecloud_[22, 24, 26, 28].xlsx  times=[22, 24, 26, 28]
      → B(idx=260) 20241006_2ppm铬离子污染测试_旧版电解槽_ion_firecloud_[26, 28, 30, 32].xlsx  times=[26, 28, 30, 32]  dummy=False
  [30] A(idx=87) 20241006_2ppm铬离子污染测试_旧版电解槽_ion_firecloud_[24, 26, 28, 30].xlsx  times=[24, 26, 28, 30]
      → B(idx=569) 20241006_2ppm铬离子污染测试_旧版电解槽_ion_firecloud_[28, 30, 32, 34].xlsx  times=[28, 30, 32, 34]  dummy=False
  [31] A(idx=260) 20241006_2ppm铬离子污染测试_旧版电解槽_ion_firecloud_[26, 28, 30, 32].xlsx  times=[26, 28, 30, 32]
      → B(idx=255) 20241006_2ppm铬离子污染测试_旧版电解槽_ion_firecloud_[30, 32, 34, 36].xlsx  times=[30, 32, 34, 36]  dummy=False
  [32] A(idx=569) 20241006_2ppm铬离子污染测试_旧版电解槽_ion_firecloud_[28, 30, 32, 34].xlsx  times=[28, 30, 32, 34]
      → B(idx=576) 20241006_2ppm铬离子污染测试_旧版电解槽_ion_firecloud_[32, 34, 36, 38].xlsx  times=[32, 34, 36, 38]  dummy=False
  [33] A(idx=255) 20241006_2ppm铬离子污染测试_旧版电解槽_ion_firecloud_[30, 32, 34, 36].xlsx  times=[30, 32, 34, 36]
      → B(idx=269) 20241006_2ppm铬离子污染测试_旧版电解槽_ion_firecloud_[34, 36, 38, 40].xlsx  times=[34, 36, 38, 40]  dummy=False
  [34] A(idx=576) 20241006_2ppm铬离子污染测试_旧版电解槽_ion_firecloud_[32, 34, 36, 38].xlsx  times=[32, 34, 36, 38]
      → B(idx=96) 20241006_2ppm铬离子污染测试_旧版电解槽_ion_firecloud_[36, 38, 40, 42].xlsx  times=[36, 38, 40, 42]  dummy=False
  [35] A(idx=269) 20241006_2ppm铬离子污染测试_旧版电解槽_ion_firecloud_[34, 36, 38, 40].xlsx  times=[34, 36, 38, 40]
      → B(idx=683) 20241006_2ppm铬离子污染测试_旧版电解槽_ion_firecloud_[38, 40, 42, 44].xlsx  times=[38, 40, 42, 44]  dummy=False
  [36] A(idx=96) 20241006_2ppm铬离子污染测试_旧版电解槽_ion_firecloud_[36, 38, 40, 42].xlsx  times=[36, 38, 40, 42]
      → B(idx=114) 20241006_2ppm铬离子污染测试_旧版电解槽_ion_firecloud_[40, 42, 44, 46].xlsx  times=[40, 42, 44, 46]  dummy=False
  [37] A(idx=683) 20241006_2ppm铬离子污染测试_旧版电解槽_ion_firecloud_[38, 40, 42, 44].xlsx  times=[38, 40, 42, 44]
      → B(idx=434) 20241006_2ppm铬离子污染测试_旧版电解槽_ion_firecloud_[42, 44, 46, 48].xlsx  times=[42, 44, 46, 48]  dummy=False
  [38] A(idx=114) 20241006_2ppm铬离子污染测试_旧版电解槽_ion_firecloud_[40, 42, 44, 46].xlsx  times=[40, 42, 44, 46]
      → B(idx=84) 20241006_2ppm铬离子污染测试_旧版电解槽_ion_firecloud_[44, 46, 48, 50].xlsx  times=[44, 46, 48, 50]  dummy=False
  [39] A(idx=434) 20241006_2ppm铬离子污染测试_旧版电解槽_ion_firecloud_[42, 44, 46, 48].xlsx  times=[42, 44, 46, 48]
      → B(idx=565) 20241006_2ppm铬离子污染测试_旧版电解槽_ion_firecloud_[46, 48, 50, 52].xlsx  times=[46, 48, 50, 52]  dummy=False
  [40] A(idx=84) 20241006_2ppm铬离子污染测试_旧版电解槽_ion_firecloud_[44, 46, 48, 50].xlsx  times=[44, 46, 48, 50]
      → B(idx=84) 20241006_2ppm铬离子污染测试_旧版电解槽_ion_firecloud_[44, 46, 48, 50].xlsx  times=[44, 46, 48, 50]  dummy=True
  [41] A(idx=565) 20241006_2ppm铬离子污染测试_旧版电解槽_ion_firecloud_[46, 48, 50, 52].xlsx  times=[46, 48, 50, 52]
      → B(idx=565) 20241006_2ppm铬离子污染测试_旧版电解槽_ion_firecloud_[46, 48, 50, 52].xlsx  times=[46, 48, 50, 52]  dummy=True
  [42] A(idx=45) 20241117_2ppm钠离子污染及恢复测试40摄氏度_新版电解槽_ion_gamry_[14, 16, 18, 20].xlsx  times=[14, 16, 18, 20]
      → B(idx=523) 20241117_2ppm钠离子污染及恢复测试40摄氏度_新版电解槽_ion_gamry_[18, 20, 22, 24].xlsx  times=[18, 20, 22, 24]  dummy=False
  [43] A(idx=564) 20241117_2ppm钠离子污染及恢复测试40摄氏度_新版电解槽_ion_gamry_[16, 18, 20, 22].xlsx  times=[16, 18, 20, 22]
      → B(idx=154) 20241117_2ppm钠离子污染及恢复测试40摄氏度_新版电解槽_ion_gamry_[20, 22, 24, 26].xlsx  times=[20, 22, 24, 26]  dummy=False
  [44] A(idx=523) 20241117_2ppm钠离子污染及恢复测试40摄氏度_新版电解槽_ion_gamry_[18, 20, 22, 24].xlsx  times=[18, 20, 22, 24]
      → B(idx=3) 20241117_2ppm钠离子污染及恢复测试40摄氏度_新版电解槽_ion_gamry_[22, 24, 26, 28].xlsx  times=[22, 24, 26, 28]  dummy=False
  [45] A(idx=154) 20241117_2ppm钠离子污染及恢复测试40摄氏度_新版电解槽_ion_gamry_[20, 22, 24, 26].xlsx  times=[20, 22, 24, 26]
      → B(idx=449) 20241117_2ppm钠离子污染及恢复测试40摄氏度_新版电解槽_ion_gamry_[24, 26, 28, 30].xlsx  times=[24, 26, 28, 30]  dummy=False
  [46] A(idx=3) 20241117_2ppm钠离子污染及恢复测试40摄氏度_新版电解槽_ion_gamry_[22, 24, 26, 28].xlsx  times=[22, 24, 26, 28]
      → B(idx=34) 20241117_2ppm钠离子污染及恢复测试40摄氏度_新版电解槽_ion_gamry_[26, 28, 30, 32].xlsx  times=[26, 28, 30, 32]  dummy=False
  [47] A(idx=449) 20241117_2ppm钠离子污染及恢复测试40摄氏度_新版电解槽_ion_gamry_[24, 26, 28, 30].xlsx  times=[24, 26, 28, 30]
      → B(idx=323) 20241117_2ppm钠离子污染及恢复测试40摄氏度_新版电解槽_ion_gamry_[28, 30, 32, 34].xlsx  times=[28, 30, 32, 34]  dummy=False
  [48] A(idx=34) 20241117_2ppm钠离子污染及恢复测试40摄氏度_新版电解槽_ion_gamry_[26, 28, 30, 32].xlsx  times=[26, 28, 30, 32]
      → B(idx=659) 20241117_2ppm钠离子污染及恢复测试40摄氏度_新版电解槽_ion_gamry_[30, 32, 34, 36].xlsx  times=[30, 32, 34, 36]  dummy=False
  [49] A(idx=323) 20241117_2ppm钠离子污染及恢复测试40摄氏度_新版电解槽_ion_gamry_[28, 30, 32, 34].xlsx  times=[28, 30, 32, 34]
      → B(idx=579) 20241117_2ppm钠离子污染及恢复测试40摄氏度_新版电解槽_ion_gamry_[32, 34, 36, 38].xlsx  times=[32, 34, 36, 38]  dummy=False
  [50] A(idx=659) 20241117_2ppm钠离子污染及恢复测试40摄氏度_新版电解槽_ion_gamry_[30, 32, 34, 36].xlsx  times=[30, 32, 34, 36]
      → B(idx=350) 20241117_2ppm钠离子污染及恢复测试40摄氏度_新版电解槽_ion_gamry_[34, 36, 38, 40].xlsx  times=[34, 36, 38, 40]  dummy=False

[PairDataset][Summary]
- total files:        706
- parsed OK:          706
- regex fail:         0
- parse times fail:   0
- empty times:        0
- total pairs:        706  (keep_unpaired=self)
- distinct prefixes:  96
- prefixes coverage (first few):
  [1] 20241107_0.1ppm钙离子污染及恢复测试_新版电解槽_ion_firecloud_[* -> windows=15, adj_pairs=9/14
  [2] 20240910_10ppm钙离子污染测试_新版电解槽_ion_column_gamry_[* -> windows=8, adj_pairs=5/7
  [3] 20241006_2ppm铬离子污染测试_旧版电解槽_ion_firecloud_[* -> windows=18, adj_pairs=13/17
  [4] 20241117_2ppm钠离子污染及恢复测试40摄氏度_新版电解槽_ion_gamry_[* -> windows=13, adj_pairs=10/12
  [5] 20241227_10ppm铜离子污染及恢复测试_旧版电解槽_ion_gamry_[* -> windows=15, adj_pairs=10/14
  [6] 20241003_2ppm镍离子污染测试_新版电解槽_ion_gamry_[* -> windows=7, adj_pairs=1/6
  [7] 20241112_2ppm钠离子污染和恢复测试80摄氏度_新版电解槽_ion_column_renew_H2SO4_gamry_[* -> windows=13, adj_pairs=10/12
  [8] 20240910_10ppm钙离子污染测试_新版电解槽_ion_gamry_[* -> windows=10, adj_pairs=2/9
  [9] 20241213_2ppm钠离子污染及恢复测试_新版电解槽_ion_column_renew_H2SO4_gamry_[* -> windows=7, adj_pairs=4/6
  [10] 20241010_2ppm钠离子污染测试_新版电解槽_ion_firecloud_[* -> windows=8, adj_pairs=2/7
- unadjacent gaps samples: 253 (showing first 0)

[PairDataset][Explain] focus_prefix_contains='20240915_2ppm铜离子污染测试_旧版电解槽_ion_firecloud_'
  - PREFIX: 20240915_2ppm铜离子污染测试_旧版电解槽_ion_firecloud_[* windows=11
    windows (sorted by first,last):
      · 20240915_2ppm铜离子污染测试_旧版电解槽_ion_firecloud_[0, 2, 4, 6].xlsx  -> times=[0, 2, 4, 6]  first=0 last=6
      · 20240915_2ppm铜离子污染测试_旧版电解槽_ion_firecloud_[2, 4, 6, 8].xlsx  -> times=[2, 4, 6, 8]  first=2 last=8
      · 20240915_2ppm铜离子污染测试_旧版电解槽_ion_firecloud_[4, 6, 8, 10].xlsx  -> times=[4, 6, 8, 10]  first=4 last=10
      · 20240915_2ppm铜离子污染测试_旧版电解槽_ion_firecloud_[6, 8, 10, 12].xlsx  -> times=[6, 8, 10, 12]  first=6 last=12
      · 20240915_2ppm铜离子污染测试_旧版电解槽_ion_firecloud_[8, 10, 12, 14].xlsx  -> times=[8, 10, 12, 14]  first=8 last=14
      · 20240915_2ppm铜离子污染测试_旧版电解槽_ion_firecloud_[10, 12, 14, 16].xlsx  -> times=[10, 12, 14, 16]  first=10 last=16
      · 20240915_2ppm铜离子污染测试_旧版电解槽_ion_firecloud_[12, 14, 16, 18].xlsx  -> times=[12, 14, 16, 18]  first=12 last=18
      · 20240915_2ppm铜离子污染测试_旧版电解槽_ion_firecloud_[14, 16, 18, 20].xlsx  -> times=[14, 16, 18, 20]  first=14 last=20
      · 20240915_2ppm铜离子污染测试_旧版电解槽_ion_firecloud_[16, 18, 20, 22].xlsx  -> times=[16, 18, 20, 22]  first=16 last=22
      · 20240915_2ppm铜离子污染测试_旧版电解槽_ion_firecloud_[18, 20, 22, 24].xlsx  -> times=[18, 20, 22, 24]  first=18 last=24
      · 20240915_2ppm铜离子污染测试_旧版电解槽_ion_firecloud_[20, 22, 24, 26].xlsx  -> times=[20, 22, 24, 26]  first=20 last=26
      MISS: 6 -> 2   (20240915_2ppm铜离子污染测试_旧版电解槽_ion_firecloud_[0, 2, 4, 6].xlsx  →  20240915_2ppm铜离子污染测试_旧版电解槽_ion_firecloud_[2, 4, 6, 8].xlsx)
      MISS: 8 -> 4   (20240915_2ppm铜离子污染测试_旧版电解槽_ion_firecloud_[2, 4, 6, 8].xlsx  →  20240915_2ppm铜离子污染测试_旧版电解槽_ion_firecloud_[4, 6, 8, 10].xlsx)
      MISS: 10 -> 6   (20240915_2ppm铜离子污染测试_旧版电解槽_ion_firecloud_[4, 6, 8, 10].xlsx  →  20240915_2ppm铜离子污染测试_旧版电解槽_ion_firecloud_[6, 8, 10, 12].xlsx)
      MISS: 12 -> 8   (20240915_2ppm铜离子污染测试_旧版电解槽_ion_firecloud_[6, 8, 10, 12].xlsx  →  20240915_2ppm铜离子污染测试_旧版电解槽_ion_firecloud_[8, 10, 12, 14].xlsx)
      MISS: 14 -> 10   (20240915_2ppm铜离子污染测试_旧版电解槽_ion_firecloud_[8, 10, 12, 14].xlsx  →  20240915_2ppm铜离子污染测试_旧版电解槽_ion_firecloud_[10, 12, 14, 16].xlsx)
      MISS: 16 -> 12   (20240915_2ppm铜离子污染测试_旧版电解槽_ion_firecloud_[10, 12, 14, 16].xlsx  →  20240915_2ppm铜离子污染测试_旧版电解槽_ion_firecloud_[12, 14, 16, 18].xlsx)
      MISS: 18 -> 14   (20240915_2ppm铜离子污染测试_旧版电解槽_ion_firecloud_[12, 14, 16, 18].xlsx  →  20240915_2ppm铜离子污染测试_旧版电解槽_ion_firecloud_[14, 16, 18, 20].xlsx)
      MISS: 20 -> 16   (20240915_2ppm铜离子污染测试_旧版电解槽_ion_firecloud_[14, 16, 18, 20].xlsx  →  20240915_2ppm铜离子污染测试_旧版电解槽_ion_firecloud_[16, 18, 20, 22].xlsx)
      MISS: 22 -> 18   (20240915_2ppm铜离子污染测试_旧版电解槽_ion_firecloud_[16, 18, 20, 22].xlsx  →  20240915_2ppm铜离子污染测试_旧版电解槽_ion_firecloud_[18, 20, 22, 24].xlsx)
      MISS: 24 -> 20   (20240915_2ppm铜离子污染测试_旧版电解槽_ion_firecloud_[18, 20, 22, 24].xlsx  →  20240915_2ppm铜离子污染测试_旧版电解槽_ion_firecloud_[20, 22, 24, 26].xlsx)

[PairDataset][Example pairs] (show up to 50)
  [1] A(idx=0) 20240918_2ppm钙离子污染测试_新版电解槽_ion_gamry_[10, 12, 14, 16].xlsx  times=[10, 12, 14, 16]
      → B(idx=92) 20240918_2ppm钙离子污染测试_新版电解槽_ion_gamry_[14, 16, 18, 20].xlsx  times=[14, 16, 18, 20]  dummy=False
  [2] A(idx=92) 20240918_2ppm钙离子污染测试_新版电解槽_ion_gamry_[14, 16, 18, 20].xlsx  times=[14, 16, 18, 20]
      → B(idx=92) 20240918_2ppm钙离子污染测试_新版电解槽_ion_gamry_[14, 16, 18, 20].xlsx  times=[14, 16, 18, 20]  dummy=True
  [3] A(idx=1) 20241028_2ppm钠离子污染和恢复测试_旧版电解槽_ion_column_renew_H2SO4_gamry_[2, 4, 6, 8].xlsx  times=[2, 4, 6, 8]
      → B(idx=1) 20241028_2ppm钠离子污染和恢复测试_旧版电解槽_ion_column_renew_H2SO4_gamry_[2, 4, 6, 8].xlsx  times=[2, 4, 6, 8]  dummy=True
  [4] A(idx=94) 20241028_2ppm钠离子污染和恢复测试_旧版电解槽_ion_column_renew_H2SO4_gamry_[4, 6, 8, 10].xlsx  times=[4, 6, 8, 10]
      → B(idx=94) 20241028_2ppm钠离子污染和恢复测试_旧版电解槽_ion_column_renew_H2SO4_gamry_[4, 6, 8, 10].xlsx  times=[4, 6, 8, 10]  dummy=True
  [5] A(idx=125) 20241010_2ppm钠离子污染测试_新版电解槽_ion_column_firecloud_[6, 8, 10, 12].xlsx  times=[6, 8, 10, 12]
      → B(idx=125) 20241010_2ppm钠离子污染测试_新版电解槽_ion_column_firecloud_[6, 8, 10, 12].xlsx  times=[6, 8, 10, 12]  dummy=True
  [6] A(idx=2) 20241010_2ppm钠离子污染测试_新版电解槽_ion_column_firecloud_[8, 10, 12, 14].xlsx  times=[8, 10, 12, 14]
      → B(idx=2) 20241010_2ppm钠离子污染测试_新版电解槽_ion_column_firecloud_[8, 10, 12, 14].xlsx  times=[8, 10, 12, 14]  dummy=True
  [7] A(idx=20) 20241101_2ppm铜离子污染和恢复测试_旧版电解槽_ion_firecloud_[0, 2, 4, 6].xlsx  times=[0, 2, 4, 6]
      → B(idx=20) 20241101_2ppm铜离子污染和恢复测试_旧版电解槽_ion_firecloud_[0, 2, 4, 6].xlsx  times=[0, 2, 4, 6]  dummy=True
  [8] A(idx=3) 20241101_2ppm铜离子污染和恢复测试_旧版电解槽_ion_firecloud_[10, 12, 14, 16].xlsx  times=[10, 12, 14, 16]
      → B(idx=3) 20241101_2ppm铜离子污染和恢复测试_旧版电解槽_ion_firecloud_[10, 12, 14, 16].xlsx  times=[10, 12, 14, 16]  dummy=True
  [9] A(idx=31) 20241101_2ppm铜离子污染和恢复测试_旧版电解槽_ion_firecloud_[20, 22, 24, 26].xlsx  times=[20, 22, 24, 26]
      → B(idx=31) 20241101_2ppm铜离子污染和恢复测试_旧版电解槽_ion_firecloud_[20, 22, 24, 26].xlsx  times=[20, 22, 24, 26]  dummy=True
  [10] A(idx=48) 20240831_10ppm镍离子污染测试_新版电解槽_ion_gamry_[0, 2, 4, 6].xlsx  times=[0, 2, 4, 6]
      → B(idx=41) 20240831_10ppm镍离子污染测试_新版电解槽_ion_gamry_[4, 6, 8, 10].xlsx  times=[4, 6, 8, 10]  dummy=False
  [11] A(idx=41) 20240831_10ppm镍离子污染测试_新版电解槽_ion_gamry_[4, 6, 8, 10].xlsx  times=[4, 6, 8, 10]
      → B(idx=41) 20240831_10ppm镍离子污染测试_新版电解槽_ion_gamry_[4, 6, 8, 10].xlsx  times=[4, 6, 8, 10]  dummy=True
  [12] A(idx=139) 20240831_10ppm镍离子污染测试_新版电解槽_ion_gamry_[16, 18, 20, 22].xlsx  times=[16, 18, 20, 22]
      → B(idx=139) 20240831_10ppm镍离子污染测试_新版电解槽_ion_gamry_[16, 18, 20, 22].xlsx  times=[16, 18, 20, 22]  dummy=True
  [13] A(idx=4) 20240831_10ppm镍离子污染测试_新版电解槽_ion_gamry_[18, 20, 22, 24].xlsx  times=[18, 20, 22, 24]
      → B(idx=4) 20240831_10ppm镍离子污染测试_新版电解槽_ion_gamry_[18, 20, 22, 24].xlsx  times=[18, 20, 22, 24]  dummy=True
  [14] A(idx=5) 20241122_2ppm铜离子污染及恢复测试40摄氏度_新版电解槽_ion_column_renew_H2SO4_gamry_[14, 16, 18, 20].xlsx  times=[14, 16, 18, 20]
      → B(idx=5) 20241122_2ppm铜离子污染及恢复测试40摄氏度_新版电解槽_ion_column_renew_H2SO4_gamry_[14, 16, 18, 20].xlsx  times=[14, 16, 18, 20]  dummy=True
  [15] A(idx=93) 20241010_2ppm钠离子污染测试_新版电解槽_ion_firecloud_[4, 6, 8, 10].xlsx  times=[4, 6, 8, 10]
      → B(idx=93) 20241010_2ppm钠离子污染测试_新版电解槽_ion_firecloud_[4, 6, 8, 10].xlsx  times=[4, 6, 8, 10]  dummy=True
  [16] A(idx=104) 20241010_2ppm钠离子污染测试_新版电解槽_ion_firecloud_[12, 14, 16, 18].xlsx  times=[12, 14, 16, 18]
      → B(idx=135) 20241010_2ppm钠离子污染测试_新版电解槽_ion_firecloud_[16, 18, 20, 22].xlsx  times=[16, 18, 20, 22]  dummy=False
  [17] A(idx=135) 20241010_2ppm钠离子污染测试_新版电解槽_ion_firecloud_[16, 18, 20, 22].xlsx  times=[16, 18, 20, 22]
      → B(idx=135) 20241010_2ppm钠离子污染测试_新版电解槽_ion_firecloud_[16, 18, 20, 22].xlsx  times=[16, 18, 20, 22]  dummy=True
  [18] A(idx=6) 20241010_2ppm钠离子污染测试_新版电解槽_ion_firecloud_[36, 38, 40, 42].xlsx  times=[36, 38, 40, 42]
      → B(idx=6) 20241010_2ppm钠离子污染测试_新版电解槽_ion_firecloud_[36, 38, 40, 42].xlsx  times=[36, 38, 40, 42]  dummy=True
  [19] A(idx=55) 20241029_2ppm铁离子污染和恢复测试_新版电解槽_ion_firecloud_[26, 28, 30, 32].xlsx  times=[26, 28, 30, 32]
      → B(idx=7) 20241029_2ppm铁离子污染和恢复测试_新版电解槽_ion_firecloud_[30, 32, 34, 36].xlsx  times=[30, 32, 34, 36]  dummy=False
  [20] A(idx=7) 20241029_2ppm铁离子污染和恢复测试_新版电解槽_ion_firecloud_[30, 32, 34, 36].xlsx  times=[30, 32, 34, 36]
      → B(idx=141) 20241029_2ppm铁离子污染和恢复测试_新版电解槽_ion_firecloud_[34, 36, 38, 40].xlsx  times=[34, 36, 38, 40]  dummy=False
  [21] A(idx=141) 20241029_2ppm铁离子污染和恢复测试_新版电解槽_ion_firecloud_[34, 36, 38, 40].xlsx  times=[34, 36, 38, 40]
      → B(idx=141) 20241029_2ppm铁离子污染和恢复测试_新版电解槽_ion_firecloud_[34, 36, 38, 40].xlsx  times=[34, 36, 38, 40]  dummy=True
  [22] A(idx=47) 20241029_2ppm铁离子污染和恢复测试_新版电解槽_ion_firecloud_[46, 48, 50, 52].xlsx  times=[46, 48, 50, 52]
      → B(idx=47) 20241029_2ppm铁离子污染和恢复测试_新版电解槽_ion_firecloud_[46, 48, 50, 52].xlsx  times=[46, 48, 50, 52]  dummy=True
  [23] A(idx=8) 20241227_10ppm铜离子污染及恢复测试_旧版电解槽_ion_column_renew_H2SO4_gamry_[8, 10, 12, 14].xlsx  times=[8, 10, 12, 14]
      → B(idx=8) 20241227_10ppm铜离子污染及恢复测试_旧版电解槽_ion_column_renew_H2SO4_gamry_[8, 10, 12, 14].xlsx  times=[8, 10, 12, 14]  dummy=True
  [24] A(idx=88) 20241227_10ppm铜离子污染及恢复测试_旧版电解槽_ion_column_renew_H2SO4_gamry_[24, 26, 28, 30].xlsx  times=[24, 26, 28, 30]
      → B(idx=88) 20241227_10ppm铜离子污染及恢复测试_旧版电解槽_ion_column_renew_H2SO4_gamry_[24, 26, 28, 30].xlsx  times=[24, 26, 28, 30]  dummy=True
  [25] A(idx=134) 20241227_10ppm铜离子污染及恢复测试_旧版电解槽_ion_column_renew_H2SO4_gamry_[26, 28, 30, 32].xlsx  times=[26, 28, 30, 32]
      → B(idx=134) 20241227_10ppm铜离子污染及恢复测试_旧版电解槽_ion_column_renew_H2SO4_gamry_[26, 28, 30, 32].xlsx  times=[26, 28, 30, 32]  dummy=True
  [26] A(idx=27) 20241017_2ppm铬离子污染和恢复测试_新版电解槽_ion_gamry_[0, 2, 4, 6].xlsx  times=[0, 2, 4, 6]
      → B(idx=27) 20241017_2ppm铬离子污染和恢复测试_新版电解槽_ion_gamry_[0, 2, 4, 6].xlsx  times=[0, 2, 4, 6]  dummy=True
  [27] A(idx=9) 20241017_2ppm铬离子污染和恢复测试_新版电解槽_ion_gamry_[20, 22, 24, 26].xlsx  times=[20, 22, 24, 26]
      → B(idx=9) 20241017_2ppm铬离子污染和恢复测试_新版电解槽_ion_gamry_[20, 22, 24, 26].xlsx  times=[20, 22, 24, 26]  dummy=True
  [28] A(idx=10) 20241024_2ppm铁离子污染和恢复测试_新版电解槽_ion_column_renew_H2SO4_firecloud_[12, 14, 16, 18].xlsx  times=[12, 14, 16, 18]
      → B(idx=10) 20241024_2ppm铁离子污染和恢复测试_新版电解槽_ion_column_renew_H2SO4_firecloud_[12, 14, 16, 18].xlsx  times=[12, 14, 16, 18]  dummy=True
  [29] A(idx=136) 20241024_2ppm铁离子污染和恢复测试_新版电解槽_ion_column_renew_H2SO4_firecloud_[18, 20, 22, 24].xlsx  times=[18, 20, 22, 24]
      → B(idx=136) 20241024_2ppm铁离子污染和恢复测试_新版电解槽_ion_column_renew_H2SO4_firecloud_[18, 20, 22, 24].xlsx  times=[18, 20, 22, 24]  dummy=True
  [30] A(idx=11) 20241117_2ppm钠离子污染及恢复测试10mlmin_旧版电解槽_ion_gamry_[2, 4, 6, 8].xlsx  times=[2, 4, 6, 8]
      → B(idx=11) 20241117_2ppm钠离子污染及恢复测试10mlmin_旧版电解槽_ion_gamry_[2, 4, 6, 8].xlsx  times=[2, 4, 6, 8]  dummy=True
  [31] A(idx=140) 20241117_2ppm钠离子污染及恢复测试10mlmin_旧版电解槽_ion_gamry_[10, 12, 14, 16].xlsx  times=[10, 12, 14, 16]
      → B(idx=140) 20241117_2ppm钠离子污染及恢复测试10mlmin_旧版电解槽_ion_gamry_[10, 12, 14, 16].xlsx  times=[10, 12, 14, 16]  dummy=True
  [32] A(idx=78) 20241117_2ppm钠离子污染及恢复测试10mlmin_旧版电解槽_ion_gamry_[30, 32, 34, 36].xlsx  times=[30, 32, 34, 36]
      → B(idx=78) 20241117_2ppm钠离子污染及恢复测试10mlmin_旧版电解槽_ion_gamry_[30, 32, 34, 36].xlsx  times=[30, 32, 34, 36]  dummy=True
  [33] A(idx=138) 20241211_2ppm铜离子污染及恢复测试80摄氏度_旧版电解槽_ion_gamry_[28, 30, 32, 34].xlsx  times=[28, 30, 32, 34]
      → B(idx=12) 20241211_2ppm铜离子污染及恢复测试80摄氏度_旧版电解槽_ion_gamry_[32, 34, 36, 38].xlsx  times=[32, 34, 36, 38]  dummy=False
  [34] A(idx=12) 20241211_2ppm铜离子污染及恢复测试80摄氏度_旧版电解槽_ion_gamry_[32, 34, 36, 38].xlsx  times=[32, 34, 36, 38]
      → B(idx=12) 20241211_2ppm铜离子污染及恢复测试80摄氏度_旧版电解槽_ion_gamry_[32, 34, 36, 38].xlsx  times=[32, 34, 36, 38]  dummy=True
  [35] A(idx=108) 20241211_2ppm铜离子污染及恢复测试80摄氏度_旧版电解槽_ion_gamry_[38, 40, 42, 44].xlsx  times=[38, 40, 42, 44]
      → B(idx=108) 20241211_2ppm铜离子污染及恢复测试80摄氏度_旧版电解槽_ion_gamry_[38, 40, 42, 44].xlsx  times=[38, 40, 42, 44]  dummy=True
  [36] A(idx=143) 20241213_2ppm钠离子污染及恢复测试_新版电解槽_ion_gamry_[0, 2, 4, 6].xlsx  times=[0, 2, 4, 6]
      → B(idx=143) 20241213_2ppm钠离子污染及恢复测试_新版电解槽_ion_gamry_[0, 2, 4, 6].xlsx  times=[0, 2, 4, 6]  dummy=True
  [37] A(idx=70) 20241213_2ppm钠离子污染及恢复测试_新版电解槽_ion_gamry_[2, 4, 6, 8].xlsx  times=[2, 4, 6, 8]
      → B(idx=70) 20241213_2ppm钠离子污染及恢复测试_新版电解槽_ion_gamry_[2, 4, 6, 8].xlsx  times=[2, 4, 6, 8]  dummy=True
  [38] A(idx=13) 20241213_2ppm钠离子污染及恢复测试_新版电解槽_ion_gamry_[22, 24, 26, 28].xlsx  times=[22, 24, 26, 28]
      → B(idx=13) 20241213_2ppm钠离子污染及恢复测试_新版电解槽_ion_gamry_[22, 24, 26, 28].xlsx  times=[22, 24, 26, 28]  dummy=True
  [39] A(idx=14) 20240822_10ppm铜离子污染测试_新版电解槽_ion_gamry_[10, 12, 14, 16].xlsx  times=[10, 12, 14, 16]
      → B(idx=14) 20240822_10ppm铜离子污染测试_新版电解槽_ion_gamry_[10, 12, 14, 16].xlsx  times=[10, 12, 14, 16]  dummy=True
  [40] A(idx=51) 20241112_2ppm钠离子污染和恢复测试80摄氏度_新版电解槽_ion_gamry_[28, 30, 32, 34].xlsx  times=[28, 30, 32, 34]
      → B(idx=51) 20241112_2ppm钠离子污染和恢复测试80摄氏度_新版电解槽_ion_gamry_[28, 30, 32, 34].xlsx  times=[28, 30, 32, 34]  dummy=True
  [41] A(idx=126) 20241112_2ppm钠离子污染和恢复测试80摄氏度_新版电解槽_ion_gamry_[34, 36, 38, 40].xlsx  times=[34, 36, 38, 40]
      → B(idx=126) 20241112_2ppm钠离子污染和恢复测试80摄氏度_新版电解槽_ion_gamry_[34, 36, 38, 40].xlsx  times=[34, 36, 38, 40]  dummy=True
  [42] A(idx=15) 20241112_2ppm钠离子污染和恢复测试80摄氏度_新版电解槽_ion_gamry_[36, 38, 40, 42].xlsx  times=[36, 38, 40, 42]
      → B(idx=15) 20241112_2ppm钠离子污染和恢复测试80摄氏度_新版电解槽_ion_gamry_[36, 38, 40, 42].xlsx  times=[36, 38, 40, 42]  dummy=True
  [43] A(idx=16) 20240831_10ppm镍离子污染测试_新版电解槽_ion_column_gamry_[0, 2, 4, 6].xlsx  times=[0, 2, 4, 6]
      → B(idx=16) 20240831_10ppm镍离子污染测试_新版电解槽_ion_column_gamry_[0, 2, 4, 6].xlsx  times=[0, 2, 4, 6]  dummy=True
  [44] A(idx=17) 20241112_2ppm镍离子污染及恢复测试_旧版电解槽_ion_column_gamry_[12, 14, 16, 18].xlsx  times=[12, 14, 16, 18]
      → B(idx=17) 20241112_2ppm镍离子污染及恢复测试_旧版电解槽_ion_column_gamry_[12, 14, 16, 18].xlsx  times=[12, 14, 16, 18]  dummy=True
  [45] A(idx=18) 20241013_2ppm铝离子污染测试_新版电解槽_ion_column_firecloud_[8, 10, 12, 14].xlsx  times=[8, 10, 12, 14]
      → B(idx=18) 20241013_2ppm铝离子污染测试_新版电解槽_ion_column_firecloud_[8, 10, 12, 14].xlsx  times=[8, 10, 12, 14]  dummy=True
  [46] A(idx=90) 20241013_2ppm铝离子污染测试_新版电解槽_ion_column_firecloud_[16, 18, 20, 22].xlsx  times=[16, 18, 20, 22]
      → B(idx=90) 20241013_2ppm铝离子污染测试_新版电解槽_ion_column_firecloud_[16, 18, 20, 22].xlsx  times=[16, 18, 20, 22]  dummy=True
  [47] A(idx=19) 20241024_2ppm铁离子污染和恢复测试_新版电解槽_ion_column_firecloud_[2, 4, 6, 8].xlsx  times=[2, 4, 6, 8]
      → B(idx=19) 20241024_2ppm铁离子污染和恢复测试_新版电解槽_ion_column_firecloud_[2, 4, 6, 8].xlsx  times=[2, 4, 6, 8]  dummy=True
  [48] A(idx=56) 20241024_2ppm铁离子污染和恢复测试_新版电解槽_ion_column_firecloud_[10, 12, 14, 16].xlsx  times=[10, 12, 14, 16]
      → B(idx=56) 20241024_2ppm铁离子污染和恢复测试_新版电解槽_ion_column_firecloud_[10, 12, 14, 16].xlsx  times=[10, 12, 14, 16]  dummy=True
  [49] A(idx=67) 20241024_2ppm铁离子污染和恢复测试_新版电解槽_ion_column_firecloud_[18, 20, 22, 24].xlsx  times=[18, 20, 22, 24]
      → B(idx=67) 20241024_2ppm铁离子污染和恢复测试_新版电解槽_ion_column_firecloud_[18, 20, 22, 24].xlsx  times=[18, 20, 22, 24]  dummy=True
  [50] A(idx=21) 20240918_2ppm钙离子污染测试_新版电解槽_ion_column_gamry_[2, 4, 6, 8].xlsx  times=[2, 4, 6, 8]
      → B(idx=21) 20240918_2ppm钙离子污染测试_新版电解槽_ion_column_gamry_[2, 4, 6, 8].xlsx  times=[2, 4, 6, 8]  dummy=True

[PairDataset][Summary]
- total files:        146
- parsed OK:          146
- regex fail:         0
- parse times fail:   0
- empty times:        0
- total pairs:        146  (keep_unpaired=self)
- distinct prefixes:  77
- prefixes coverage (first few):
  [1] 20240918_2ppm钙离子污染测试_新版电解槽_ion_gamry_[* -> windows=2, adj_pairs=0/1
  [2] 20241028_2ppm钠离子污染和恢复测试_旧版电解槽_ion_column_renew_H2SO4_gamry_[* -> windows=2, adj_pairs=0/1
  [3] 20241010_2ppm钠离子污染测试_新版电解槽_ion_column_firecloud_[* -> windows=2, adj_pairs=0/1
  [4] 20241101_2ppm铜离子污染和恢复测试_旧版电解槽_ion_firecloud_[* -> windows=3, adj_pairs=0/2
  [5] 20240831_10ppm镍离子污染测试_新版电解槽_ion_gamry_[* -> windows=4, adj_pairs=0/3
  [6] 20241122_2ppm铜离子污染及恢复测试40摄氏度_新版电解槽_ion_column_renew_H2SO4_gamry_[* -> windows=1, adj_pairs=0/0
  [7] 20241010_2ppm钠离子污染测试_新版电解槽_ion_firecloud_[* -> windows=4, adj_pairs=0/3
  [8] 20241029_2ppm铁离子污染和恢复测试_新版电解槽_ion_firecloud_[* -> windows=4, adj_pairs=0/3
  [9] 20241227_10ppm铜离子污染及恢复测试_旧版电解槽_ion_column_renew_H2SO4_gamry_[* -> windows=3, adj_pairs=0/2
  [10] 20241017_2ppm铬离子污染和恢复测试_新版电解槽_ion_gamry_[* -> windows=2, adj_pairs=0/1
- unadjacent gaps samples: 131 (showing first 0)
num base train samples: 706
num base val   samples: 146
num pair train samples: 706
num pair val   samples: 146
dummy_mask[0] = False
🧩 新模型: 117,959 参数 (117,959 可训练)
📝 TensorBoard 日志目录: /home/kudouzala/Application/ion_detect/output/tensorboard/exp_new_b
🔥 Warmup: 100 epochs (LR × 0.01 → 1.0)
📈 Cosine Annealing LR 调度 (T_max=900)
[New] Epoch 1/1000 | classify: 5.1319 | total: 5.1319
[New] Epoch 2/1000 | classify: 4.7750 | total: 4.7750
[New] Epoch 3/1000 | classify: 4.4531 | total: 4.4531
[New] Epoch 4/1000 | classify: 4.2167 | total: 4.2167
[New] Epoch 5/1000 | classify: 4.1619 | total: 4.1619
[New] Epoch 6/1000 | classify: 4.0626 | total: 4.0626
[New] Epoch 7/1000 | classify: 4.0905 | total: 4.0905
[New] Epoch 8/1000 | classify: 3.7834 | total: 3.7834
[New] Epoch 9/1000 | classify: 3.5482 | total: 3.5482
[New] Epoch 10/1000 | classify: 3.6492 | total: 3.6492
--- 验证集 [epoch 10] ---
  准确率 (Accuracy):  0.5205
  精确率 (Precision): 0.1158
  召回率 (Recall):    0.2500
  F1 分数 (F1):       0.1548
✅ 模型已保存到 /home/kudouzala/Application/ion_detect/output/trained_model_save/exp_new_b/trained_model_epoch_best.pth
  🏆 新最佳 F1=0.1548，已保存 best 模型
[New] Epoch 11/1000 | classify: 3.6249 | total: 3.6249
[New] Epoch 12/1000 | classify: 3.3791 | total: 3.3791
[New] Epoch 13/1000 | classify: 3.1329 | total: 3.1329
[New] Epoch 14/1000 | classify: 3.3014 | total: 3.3014
[New] Epoch 15/1000 | classify: 3.2844 | total: 3.2844
[New] Epoch 16/1000 | classify: 3.0555 | total: 3.0555
[New] Epoch 17/1000 | classify: 3.0800 | total: 3.0800
[New] Epoch 18/1000 | classify: 3.2315 | total: 3.2315
[New] Epoch 19/1000 | classify: 3.2606 | total: 3.2606
[New] Epoch 20/1000 | classify: 2.8079 | total: 2.8079
--- 验证集 [epoch 20] ---
  准确率 (Accuracy):  0.6027
  精确率 (Precision): 0.2319
  召回率 (Recall):    0.3209
  F1 分数 (F1):       0.2672
✅ 模型已保存到 /home/kudouzala/Application/ion_detect/output/trained_model_save/exp_new_b/trained_model_epoch_best.pth
  🏆 新最佳 F1=0.2672，已保存 best 模型
[New] Epoch 21/1000 | classify: 3.0348 | total: 3.0348
[New] Epoch 22/1000 | classify: 2.8022 | total: 2.8022
[New] Epoch 23/1000 | classify: 2.9719 | total: 2.9719
[New] Epoch 24/1000 | classify: 2.9005 | total: 2.9005
[New] Epoch 25/1000 | classify: 3.0150 | total: 3.0150
[New] Epoch 26/1000 | classify: 2.7951 | total: 2.7951
[New] Epoch 27/1000 | classify: 2.9218 | total: 2.9218
[New] Epoch 28/1000 | classify: 2.7480 | total: 2.7480
[New] Epoch 29/1000 | classify: 2.7405 | total: 2.7405
[New] Epoch 30/1000 | classify: 2.7170 | total: 2.7170
--- 验证集 [epoch 30] ---
  准确率 (Accuracy):  0.6575
  精确率 (Precision): 0.4356
  召回率 (Recall):    0.4425
  F1 分数 (F1):       0.4173
✅ 模型已保存到 /home/kudouzala/Application/ion_detect/output/trained_model_save/exp_new_b/trained_model_epoch_best.pth
  🏆 新最佳 F1=0.4173，已保存 best 模型
[New] Epoch 31/1000 | classify: 2.9140 | total: 2.9140
[New] Epoch 32/1000 | classify: 2.6160 | total: 2.6160
[New] Epoch 33/1000 | classify: 2.7648 | total: 2.7648
[New] Epoch 34/1000 | classify: 2.7722 | total: 2.7722
[New] Epoch 35/1000 | classify: 2.8509 | total: 2.8509
[New] Epoch 36/1000 | classify: 2.6622 | total: 2.6622
[New] Epoch 37/1000 | classify: 2.8268 | total: 2.8268
[New] Epoch 38/1000 | classify: 2.6011 | total: 2.6011
[New] Epoch 39/1000 | classify: 2.6070 | total: 2.6070
[New] Epoch 40/1000 | classify: 2.6261 | total: 2.6261
--- 验证集 [epoch 40] ---
  准确率 (Accuracy):  0.6986
  精确率 (Precision): 0.6465
  召回率 (Recall):    0.5450
  F1 分数 (F1):       0.5677
✅ 模型已保存到 /home/kudouzala/Application/ion_detect/output/trained_model_save/exp_new_b/trained_model_epoch_best.pth
  🏆 新最佳 F1=0.5677，已保存 best 模型
[New] Epoch 41/1000 | classify: 2.7284 | total: 2.7284
[New] Epoch 42/1000 | classify: 2.5891 | total: 2.5891
[New] Epoch 43/1000 | classify: 2.5369 | total: 2.5369
[New] Epoch 44/1000 | classify: 2.4035 | total: 2.4035
[New] Epoch 45/1000 | classify: 2.6579 | total: 2.6579
[New] Epoch 46/1000 | classify: 2.5303 | total: 2.5303
[New] Epoch 47/1000 | classify: 2.4092 | total: 2.4092
[New] Epoch 48/1000 | classify: 2.4431 | total: 2.4431
[New] Epoch 49/1000 | classify: 2.4677 | total: 2.4677
[New] Epoch 50/1000 | classify: 2.4317 | total: 2.4317
--- 验证集 [epoch 50] ---
  准确率 (Accuracy):  0.7055
  精确率 (Precision): 0.6370
  召回率 (Recall):    0.5548
  F1 分数 (F1):       0.5569
✅ 模型已保存到 /home/kudouzala/Application/ion_detect/output/trained_model_save/exp_new_b/trained_model_epoch_50.pth
📁 损失值已保存到 /home/kudouzala/Application/ion_detect/output/trained_model_save/exp_new_b/training_loss_epoch_50.csv
[New] Epoch 51/1000 | classify: 2.5495 | total: 2.5495
[New] Epoch 52/1000 | classify: 2.4359 | total: 2.4359
[New] Epoch 53/1000 | classify: 2.4228 | total: 2.4228
[New] Epoch 54/1000 | classify: 2.3670 | total: 2.3670
[New] Epoch 55/1000 | classify: 2.4783 | total: 2.4783
[New] Epoch 56/1000 | classify: 2.3652 | total: 2.3652
[New] Epoch 57/1000 | classify: 2.2587 | total: 2.2587
[New] Epoch 58/1000 | classify: 2.4578 | total: 2.4578
[New] Epoch 59/1000 | classify: 2.3259 | total: 2.3259
[New] Epoch 60/1000 | classify: 2.3598 | total: 2.3598
--- 验证集 [epoch 60] ---
  准确率 (Accuracy):  0.7329
  精确率 (Precision): 0.6450
  召回率 (Recall):    0.6049
  F1 分数 (F1):       0.6074
✅ 模型已保存到 /home/kudouzala/Application/ion_detect/output/trained_model_save/exp_new_b/trained_model_epoch_best.pth
  🏆 新最佳 F1=0.6074，已保存 best 模型
[New] Epoch 61/1000 | classify: 2.5795 | total: 2.5795
[New] Epoch 62/1000 | classify: 2.4141 | total: 2.4141
[New] Epoch 63/1000 | classify: 2.2929 | total: 2.2929
[New] Epoch 64/1000 | classify: 2.2219 | total: 2.2219
[New] Epoch 65/1000 | classify: 2.3789 | total: 2.3789
[New] Epoch 66/1000 | classify: 2.4842 | total: 2.4842
[New] Epoch 67/1000 | classify: 2.3793 | total: 2.3793
[New] Epoch 68/1000 | classify: 2.2635 | total: 2.2635
[New] Epoch 69/1000 | classify: 2.3616 | total: 2.3616
[New] Epoch 70/1000 | classify: 2.4200 | total: 2.4200
--- 验证集 [epoch 70] ---
  准确率 (Accuracy):  0.7192
  精确率 (Precision): 0.6373
  召回率 (Recall):    0.5661
  F1 分数 (F1):       0.5793
[New] Epoch 71/1000 | classify: 2.1260 | total: 2.1260
[New] Epoch 72/1000 | classify: 2.5347 | total: 2.5347
[New] Epoch 73/1000 | classify: 2.1583 | total: 2.1583
[New] Epoch 74/1000 | classify: 2.2593 | total: 2.2593
[New] Epoch 75/1000 | classify: 2.3193 | total: 2.3193
[New] Epoch 76/1000 | classify: 2.1812 | total: 2.1812
[New] Epoch 77/1000 | classify: 2.2352 | total: 2.2352
[New] Epoch 78/1000 | classify: 2.0969 | total: 2.0969
[New] Epoch 79/1000 | classify: 2.1611 | total: 2.1611
[New] Epoch 80/1000 | classify: 2.2334 | total: 2.2334
--- 验证集 [epoch 80] ---
  准确率 (Accuracy):  0.7397
  精确率 (Precision): 0.6430
  召回率 (Recall):    0.6117
  F1 分数 (F1):       0.6158
✅ 模型已保存到 /home/kudouzala/Application/ion_detect/output/trained_model_save/exp_new_b/trained_model_epoch_best.pth
  🏆 新最佳 F1=0.6158，已保存 best 模型
[New] Epoch 81/1000 | classify: 2.1102 | total: 2.1102
[New] Epoch 82/1000 | classify: 2.3889 | total: 2.3889
[New] Epoch 83/1000 | classify: 2.1599 | total: 2.1599
[New] Epoch 84/1000 | classify: 2.3673 | total: 2.3673
[New] Epoch 85/1000 | classify: 1.9161 | total: 1.9161
[New] Epoch 86/1000 | classify: 2.0929 | total: 2.0929
[New] Epoch 87/1000 | classify: 2.1670 | total: 2.1670
[New] Epoch 88/1000 | classify: 2.3344 | total: 2.3344
[New] Epoch 89/1000 | classify: 2.2038 | total: 2.2038
[New] Epoch 90/1000 | classify: 2.3811 | total: 2.3811
--- 验证集 [epoch 90] ---
  准确率 (Accuracy):  0.7260
  精确率 (Precision): 0.6415
  召回率 (Recall):    0.5879
  F1 分数 (F1):       0.5905
[New] Epoch 91/1000 | classify: 2.2051 | total: 2.2051
[New] Epoch 92/1000 | classify: 2.1441 | total: 2.1441
[New] Epoch 93/1000 | classify: 2.1977 | total: 2.1977
[New] Epoch 94/1000 | classify: 2.2117 | total: 2.2117
[New] Epoch 95/1000 | classify: 2.1867 | total: 2.1867
[New] Epoch 96/1000 | classify: 2.0502 | total: 2.0502
[New] Epoch 97/1000 | classify: 2.1835 | total: 2.1835
[New] Epoch 98/1000 | classify: 2.1971 | total: 2.1971
[New] Epoch 99/1000 | classify: 2.1792 | total: 2.1792
[New] Epoch 100/1000 | classify: 2.0230 | total: 2.0230
--- 验证集 [epoch 100] ---
  准确率 (Accuracy):  0.7123
  精确率 (Precision): 0.5855
  召回率 (Recall):    0.5893
  F1 分数 (F1):       0.5819
✅ 模型已保存到 /home/kudouzala/Application/ion_detect/output/trained_model_save/exp_new_b/trained_model_epoch_100.pth
📁 损失值已保存到 /home/kudouzala/Application/ion_detect/output/trained_model_save/exp_new_b/training_loss_epoch_100.csv
[New] Epoch 101/1000 | classify: 2.0037 | total: 2.0037
[New] Epoch 102/1000 | classify: 2.0641 | total: 2.0641
[New] Epoch 103/1000 | classify: 2.0384 | total: 2.0384
[New] Epoch 104/1000 | classify: 1.8541 | total: 1.8541
[New] Epoch 105/1000 | classify: 2.0278 | total: 2.0278
[New] Epoch 106/1000 | classify: 1.9283 | total: 1.9283
[New] Epoch 107/1000 | classify: 1.8995 | total: 1.8995
[New] Epoch 108/1000 | classify: 2.2457 | total: 2.2457
[New] Epoch 109/1000 | classify: 2.0487 | total: 2.0487
[New] Epoch 110/1000 | classify: 1.9253 | total: 1.9253
--- 验证集 [epoch 110] ---
  准确率 (Accuracy):  0.7055
  精确率 (Precision): 0.6766
  召回率 (Recall):    0.5701
  F1 分数 (F1):       0.5703
[New] Epoch 111/1000 | classify: 2.2153 | total: 2.2153
[New] Epoch 112/1000 | classify: 2.0606 | total: 2.0606
[New] Epoch 113/1000 | classify: 1.8521 | total: 1.8521
[New] Epoch 114/1000 | classify: 2.1433 | total: 2.1433
[New] Epoch 115/1000 | classify: 1.9844 | total: 1.9844
[New] Epoch 116/1000 | classify: 1.8851 | total: 1.8851
[New] Epoch 117/1000 | classify: 1.9918 | total: 1.9918
[New] Epoch 118/1000 | classify: 2.0960 | total: 2.0960
[New] Epoch 119/1000 | classify: 1.9985 | total: 1.9985
[New] Epoch 120/1000 | classify: 2.1450 | total: 2.1450
--- 验证集 [epoch 120] ---
  准确率 (Accuracy):  0.7123
  精确率 (Precision): 0.6730
  召回率 (Recall):    0.5721
  F1 分数 (F1):       0.5732
[New] Epoch 121/1000 | classify: 1.9424 | total: 1.9424
[New] Epoch 122/1000 | classify: 2.0297 | total: 2.0297
[New] Epoch 123/1000 | classify: 1.8879 | total: 1.8879
[New] Epoch 124/1000 | classify: 2.0427 | total: 2.0427
[New] Epoch 125/1000 | classify: 1.9716 | total: 1.9716
[New] Epoch 126/1000 | classify: 1.9851 | total: 1.9851
[New] Epoch 127/1000 | classify: 1.9636 | total: 1.9636
[New] Epoch 128/1000 | classify: 2.1223 | total: 2.1223
[New] Epoch 129/1000 | classify: 1.6835 | total: 1.6835
[New] Epoch 130/1000 | classify: 2.0930 | total: 2.0930
--- 验证集 [epoch 130] ---
  准确率 (Accuracy):  0.7329
  精确率 (Precision): 0.6775
  召回率 (Recall):    0.6001
  F1 分数 (F1):       0.6150
[New] Epoch 131/1000 | classify: 1.8598 | total: 1.8598
[New] Epoch 132/1000 | classify: 1.8820 | total: 1.8820
[New] Epoch 133/1000 | classify: 2.0517 | total: 2.0517
[New] Epoch 134/1000 | classify: 1.7964 | total: 1.7964
[New] Epoch 135/1000 | classify: 1.9157 | total: 1.9157
[New] Epoch 136/1000 | classify: 1.8377 | total: 1.8377
[New] Epoch 137/1000 | classify: 2.0331 | total: 2.0331
[New] Epoch 138/1000 | classify: 1.9725 | total: 1.9725
[New] Epoch 139/1000 | classify: 1.9480 | total: 1.9480
[New] Epoch 140/1000 | classify: 2.0143 | total: 2.0143
--- 验证集 [epoch 140] ---
  准确率 (Accuracy):  0.7466
  精确率 (Precision): 0.6551
  召回率 (Recall):    0.6083
  F1 分数 (F1):       0.6229
✅ 模型已保存到 /home/kudouzala/Application/ion_detect/output/trained_model_save/exp_new_b/trained_model_epoch_best.pth
  🏆 新最佳 F1=0.6229，已保存 best 模型
[New] Epoch 141/1000 | classify: 1.8877 | total: 1.8877
[New] Epoch 142/1000 | classify: 2.0404 | total: 2.0404
[New] Epoch 143/1000 | classify: 1.8057 | total: 1.8057
[New] Epoch 144/1000 | classify: 1.9315 | total: 1.9315
[New] Epoch 145/1000 | classify: 1.9073 | total: 1.9073
[New] Epoch 146/1000 | classify: 1.8107 | total: 1.8107
[New] Epoch 147/1000 | classify: 1.8701 | total: 1.8701
[New] Epoch 148/1000 | classify: 1.7951 | total: 1.7951
[New] Epoch 149/1000 | classify: 1.6379 | total: 1.6379
[New] Epoch 150/1000 | classify: 2.0825 | total: 2.0825
--- 验证集 [epoch 150] ---
  准确率 (Accuracy):  0.7260
  精确率 (Precision): 0.6107
  召回率 (Recall):    0.5678
  F1 分数 (F1):       0.5821
✅ 模型已保存到 /home/kudouzala/Application/ion_detect/output/trained_model_save/exp_new_b/trained_model_epoch_150.pth
📁 损失值已保存到 /home/kudouzala/Application/ion_detect/output/trained_model_save/exp_new_b/training_loss_epoch_150.csv
[New] Epoch 151/1000 | classify: 2.3072 | total: 2.3072
[New] Epoch 152/1000 | classify: 1.7237 | total: 1.7237
[New] Epoch 153/1000 | classify: 1.7550 | total: 1.7550
[New] Epoch 154/1000 | classify: 1.9539 | total: 1.9539
[New] Epoch 155/1000 | classify: 2.0067 | total: 2.0067
[New] Epoch 156/1000 | classify: 2.2133 | total: 2.2133
[New] Epoch 157/1000 | classify: 2.0768 | total: 2.0768
[New] Epoch 158/1000 | classify: 1.9620 | total: 1.9620
[New] Epoch 159/1000 | classify: 2.0623 | total: 2.0623
[New] Epoch 160/1000 | classify: 1.8209 | total: 1.8209
--- 验证集 [epoch 160] ---
  准确率 (Accuracy):  0.7397
  精确率 (Precision): 0.6610
  召回率 (Recall):    0.6398
  F1 分数 (F1):       0.6337
✅ 模型已保存到 /home/kudouzala/Application/ion_detect/output/trained_model_save/exp_new_b/trained_model_epoch_best.pth
  🏆 新最佳 F1=0.6337，已保存 best 模型
[New] Epoch 161/1000 | classify: 1.8334 | total: 1.8334
[New] Epoch 162/1000 | classify: 1.8036 | total: 1.8036
[New] Epoch 163/1000 | classify: 1.8939 | total: 1.8939
[New] Epoch 164/1000 | classify: 1.8978 | total: 1.8978
[New] Epoch 165/1000 | classify: 1.7188 | total: 1.7188
[New] Epoch 166/1000 | classify: 1.9021 | total: 1.9021
[New] Epoch 167/1000 | classify: 1.6165 | total: 1.6165
[New] Epoch 168/1000 | classify: 1.9201 | total: 1.9201
[New] Epoch 169/1000 | classify: 1.9837 | total: 1.9837
[New] Epoch 170/1000 | classify: 2.2245 | total: 2.2245
--- 验证集 [epoch 170] ---
  准确率 (Accuracy):  0.7603
  精确率 (Precision): 0.6834
  召回率 (Recall):    0.6602
  F1 分数 (F1):       0.6644
✅ 模型已保存到 /home/kudouzala/Application/ion_detect/output/trained_model_save/exp_new_b/trained_model_epoch_best.pth
  🏆 新最佳 F1=0.6644，已保存 best 模型
[New] Epoch 171/1000 | classify: 1.8586 | total: 1.8586
[New] Epoch 172/1000 | classify: 2.0726 | total: 2.0726
[New] Epoch 173/1000 | classify: 1.9338 | total: 1.9338
[New] Epoch 174/1000 | classify: 1.9080 | total: 1.9080
[New] Epoch 175/1000 | classify: 1.8716 | total: 1.8716
[New] Epoch 176/1000 | classify: 1.9662 | total: 1.9662
[New] Epoch 177/1000 | classify: 1.9413 | total: 1.9413
[New] Epoch 178/1000 | classify: 1.9246 | total: 1.9246
[New] Epoch 179/1000 | classify: 1.9150 | total: 1.9150
[New] Epoch 180/1000 | classify: 1.8140 | total: 1.8140
--- 验证集 [epoch 180] ---
  准确率 (Accuracy):  0.6712
  精确率 (Precision): 0.6467
  召回率 (Recall):    0.5855
  F1 分数 (F1):       0.5760
[New] Epoch 181/1000 | classify: 1.9017 | total: 1.9017
[New] Epoch 182/1000 | classify: 2.0885 | total: 2.0885
[New] Epoch 183/1000 | classify: 1.8235 | total: 1.8235
[New] Epoch 184/1000 | classify: 2.0854 | total: 2.0854
[New] Epoch 185/1000 | classify: 1.9561 | total: 1.9561
[New] Epoch 186/1000 | classify: 1.8561 | total: 1.8561
[New] Epoch 187/1000 | classify: 1.9592 | total: 1.9592
[New] Epoch 188/1000 | classify: 1.9312 | total: 1.9312
[New] Epoch 189/1000 | classify: 1.7820 | total: 1.7820
[New] Epoch 190/1000 | classify: 2.0520 | total: 2.0520
--- 验证集 [epoch 190] ---
  准确率 (Accuracy):  0.7260
  精确率 (Precision): 0.6882
  召回率 (Recall):    0.6297
  F1 分数 (F1):       0.6247
[New] Epoch 191/1000 | classify: 1.8850 | total: 1.8850
[New] Epoch 192/1000 | classify: 1.7647 | total: 1.7647
[New] Epoch 193/1000 | classify: 1.7885 | total: 1.7885
[New] Epoch 194/1000 | classify: 1.7645 | total: 1.7645
[New] Epoch 195/1000 | classify: 1.9344 | total: 1.9344
[New] Epoch 196/1000 | classify: 1.7917 | total: 1.7917
[New] Epoch 197/1000 | classify: 1.8550 | total: 1.8550
[New] Epoch 198/1000 | classify: 1.7053 | total: 1.7053
[New] Epoch 199/1000 | classify: 1.9459 | total: 1.9459
[New] Epoch 200/1000 | classify: 1.7055 | total: 1.7055
--- 验证集 [epoch 200] ---
  准确率 (Accuracy):  0.7397
  精确率 (Precision): 0.6500
  召回率 (Recall):    0.6239
  F1 分数 (F1):       0.6262
✅ 模型已保存到 /home/kudouzala/Application/ion_detect/output/trained_model_save/exp_new_b/trained_model_epoch_200.pth
📁 损失值已保存到 /home/kudouzala/Application/ion_detect/output/trained_model_save/exp_new_b/training_loss_epoch_200.csv
[New] Epoch 201/1000 | classify: 1.7724 | total: 1.7724
[New] Epoch 202/1000 | classify: 1.7603 | total: 1.7603
[New] Epoch 203/1000 | classify: 1.8946 | total: 1.8946
[New] Epoch 204/1000 | classify: 1.7601 | total: 1.7601
[New] Epoch 205/1000 | classify: 1.8879 | total: 1.8879
[New] Epoch 206/1000 | classify: 1.7784 | total: 1.7784
[New] Epoch 207/1000 | classify: 1.6896 | total: 1.6896
[New] Epoch 208/1000 | classify: 1.8369 | total: 1.8369
[New] Epoch 209/1000 | classify: 1.7943 | total: 1.7943
[New] Epoch 210/1000 | classify: 1.8678 | total: 1.8678
--- 验证集 [epoch 210] ---
  准确率 (Accuracy):  0.7466
  精确率 (Precision): 0.6618
  召回率 (Recall):    0.6359
  F1 分数 (F1):       0.6358
[New] Epoch 211/1000 | classify: 1.8941 | total: 1.8941
[New] Epoch 212/1000 | classify: 1.8663 | total: 1.8663
[New] Epoch 213/1000 | classify: 1.9478 | total: 1.9478
[New] Epoch 214/1000 | classify: 2.0251 | total: 2.0251
[New] Epoch 215/1000 | classify: 1.9567 | total: 1.9567
[New] Epoch 216/1000 | classify: 1.7945 | total: 1.7945
[New] Epoch 217/1000 | classify: 1.7650 | total: 1.7650
[New] Epoch 218/1000 | classify: 1.7404 | total: 1.7404
[New] Epoch 219/1000 | classify: 1.8844 | total: 1.8844
[New] Epoch 220/1000 | classify: 1.8315 | total: 1.8315
--- 验证集 [epoch 220] ---
  准确率 (Accuracy):  0.7329
  精确率 (Precision): 0.7014
  召回率 (Recall):    0.6001
  F1 分数 (F1):       0.6168
[New] Epoch 221/1000 | classify: 1.8173 | total: 1.8173
[New] Epoch 222/1000 | classify: 1.9140 | total: 1.9140
[New] Epoch 223/1000 | classify: 1.9467 | total: 1.9467
[New] Epoch 224/1000 | classify: 1.8667 | total: 1.8667
[New] Epoch 225/1000 | classify: 1.6590 | total: 1.6590
[New] Epoch 226/1000 | classify: 1.8361 | total: 1.8361
[New] Epoch 227/1000 | classify: 1.9296 | total: 1.9296
[New] Epoch 228/1000 | classify: 1.9156 | total: 1.9156
[New] Epoch 229/1000 | classify: 1.8352 | total: 1.8352
[New] Epoch 230/1000 | classify: 1.9588 | total: 1.9588
--- 验证集 [epoch 230] ---
  准确率 (Accuracy):  0.7329
  精确率 (Precision): 0.6161
  召回率 (Recall):    0.5896
  F1 分数 (F1):       0.5978
[New] Epoch 231/1000 | classify: 1.8425 | total: 1.8425
[New] Epoch 232/1000 | classify: 1.8829 | total: 1.8829
[New] Epoch 233/1000 | classify: 1.8780 | total: 1.8780
[New] Epoch 234/1000 | classify: 1.6493 | total: 1.6493
[New] Epoch 235/1000 | classify: 1.7079 | total: 1.7079
[New] Epoch 236/1000 | classify: 1.9128 | total: 1.9128
[New] Epoch 237/1000 | classify: 1.9118 | total: 1.9118
[New] Epoch 238/1000 | classify: 1.8836 | total: 1.8836
[New] Epoch 239/1000 | classify: 1.6774 | total: 1.6774
[New] Epoch 240/1000 | classify: 1.9035 | total: 1.9035
--- 验证集 [epoch 240] ---
  准确率 (Accuracy):  0.6986
  精确率 (Precision): 0.6472
  召回率 (Recall):    0.5746
  F1 分数 (F1):       0.5792
[New] Epoch 241/1000 | classify: 1.8917 | total: 1.8917
[New] Epoch 242/1000 | classify: 1.8933 | total: 1.8933
[New] Epoch 243/1000 | classify: 1.8782 | total: 1.8782
[New] Epoch 244/1000 | classify: 1.9261 | total: 1.9261
[New] Epoch 245/1000 | classify: 2.0091 | total: 2.0091
[New] Epoch 246/1000 | classify: 2.0511 | total: 2.0511
[New] Epoch 247/1000 | classify: 1.8760 | total: 1.8760
[New] Epoch 248/1000 | classify: 2.0682 | total: 2.0682
[New] Epoch 249/1000 | classify: 1.8519 | total: 1.8519
[New] Epoch 250/1000 | classify: 1.8706 | total: 1.8706
--- 验证集 [epoch 250] ---
  准确率 (Accuracy):  0.6849
  精确率 (Precision): 0.6043
  召回率 (Recall):    0.5635
  F1 分数 (F1):       0.5383
✅ 模型已保存到 /home/kudouzala/Application/ion_detect/output/trained_model_save/exp_new_b/trained_model_epoch_250.pth
📁 损失值已保存到 /home/kudouzala/Application/ion_detect/output/trained_model_save/exp_new_b/training_loss_epoch_250.csv
[New] Epoch 251/1000 | classify: 1.8961 | total: 1.8961
[New] Epoch 252/1000 | classify: 1.7125 | total: 1.7125
[New] Epoch 253/1000 | classify: 1.8205 | total: 1.8205
[New] Epoch 254/1000 | classify: 1.7633 | total: 1.7633
[New] Epoch 255/1000 | classify: 2.0305 | total: 2.0305
[New] Epoch 256/1000 | classify: 2.0525 | total: 2.0525
[New] Epoch 257/1000 | classify: 2.0707 | total: 2.0707
[New] Epoch 258/1000 | classify: 2.0143 | total: 2.0143
[New] Epoch 259/1000 | classify: 1.6793 | total: 1.6793
[New] Epoch 260/1000 | classify: 2.0638 | total: 2.0638
--- 验证集 [epoch 260] ---
  准确率 (Accuracy):  0.7534
  精确率 (Precision): 0.6649
  召回率 (Recall):    0.5957
  F1 分数 (F1):       0.6173
[New] Epoch 261/1000 | classify: 1.8742 | total: 1.8742
[New] Epoch 262/1000 | classify: 1.8119 | total: 1.8119
[New] Epoch 263/1000 | classify: 2.0674 | total: 2.0674
[New] Epoch 264/1000 | classify: 1.9504 | total: 1.9504
[New] Epoch 265/1000 | classify: 1.9864 | total: 1.9864
[New] Epoch 266/1000 | classify: 1.7720 | total: 1.7720
[New] Epoch 267/1000 | classify: 2.1412 | total: 2.1412
[New] Epoch 268/1000 | classify: 1.9923 | total: 1.9923
[New] Epoch 269/1000 | classify: 1.8050 | total: 1.8050
[New] Epoch 270/1000 | classify: 2.0270 | total: 2.0270
--- 验证集 [epoch 270] ---
  准确率 (Accuracy):  0.7055
  精确率 (Precision): 0.6754
  召回率 (Recall):    0.5803
  F1 分数 (F1):       0.5854
[New] Epoch 271/1000 | classify: 2.0307 | total: 2.0307
[New] Epoch 272/1000 | classify: 1.7153 | total: 1.7153
[New] Epoch 273/1000 | classify: 1.9930 | total: 1.9930
[New] Epoch 274/1000 | classify: 2.0799 | total: 2.0799
[New] Epoch 275/1000 | classify: 1.8156 | total: 1.8156
[New] Epoch 276/1000 | classify: 1.9737 | total: 1.9737
[New] Epoch 277/1000 | classify: 2.0486 | total: 2.0486
[New] Epoch 278/1000 | classify: 1.8993 | total: 1.8993
[New] Epoch 279/1000 | classify: 1.8897 | total: 1.8897
[New] Epoch 280/1000 | classify: 1.9658 | total: 1.9658
--- 验证集 [epoch 280] ---
  准确率 (Accuracy):  0.7329
  精确率 (Precision): 0.7362
  召回率 (Recall):    0.6132
  F1 分数 (F1):       0.6277
[New] Epoch 281/1000 | classify: 2.0143 | total: 2.0143
[New] Epoch 282/1000 | classify: 1.9708 | total: 1.9708
[New] Epoch 283/1000 | classify: 2.1144 | total: 2.1144
[New] Epoch 284/1000 | classify: 1.9649 | total: 1.9649
[New] Epoch 285/1000 | classify: 1.9324 | total: 1.9324
[New] Epoch 286/1000 | classify: 1.9799 | total: 1.9799
[New] Epoch 287/1000 | classify: 1.9812 | total: 1.9812
[New] Epoch 288/1000 | classify: 1.8538 | total: 1.8538
[New] Epoch 289/1000 | classify: 2.0608 | total: 2.0608
[New] Epoch 290/1000 | classify: 2.1418 | total: 2.1418
--- 验证集 [epoch 290] ---
  准确率 (Accuracy):  0.7534
  精确率 (Precision): 0.6564
  召回率 (Recall):    0.6110
  F1 分数 (F1):       0.6232
[New] Epoch 291/1000 | classify: 2.1526 | total: 2.1526
[New] Epoch 292/1000 | classify: 1.9673 | total: 1.9673
[New] Epoch 293/1000 | classify: 1.9109 | total: 1.9109
[New] Epoch 294/1000 | classify: 1.7553 | total: 1.7553
[New] Epoch 295/1000 | classify: 2.0233 | total: 2.0233
[New] Epoch 296/1000 | classify: 2.0665 | total: 2.0665
[New] Epoch 297/1000 | classify: 1.8545 | total: 1.8545
[New] Epoch 298/1000 | classify: 2.1701 | total: 2.1701
[New] Epoch 299/1000 | classify: 2.0106 | total: 2.0106
[New] Epoch 300/1000 | classify: 1.9146 | total: 1.9146
--- 验证集 [epoch 300] ---
  准确率 (Accuracy):  0.7466
  精确率 (Precision): 0.6539
  召回率 (Recall):    0.6188
  F1 分数 (F1):       0.6291
✅ 模型已保存到 /home/kudouzala/Application/ion_detect/output/trained_model_save/exp_new_b/trained_model_epoch_300.pth
📁 损失值已保存到 /home/kudouzala/Application/ion_detect/output/trained_model_save/exp_new_b/training_loss_epoch_300.csv
[New] Epoch 301/1000 | classify: 2.0223 | total: 2.0223
[New] Epoch 302/1000 | classify: 2.0110 | total: 2.0110
[New] Epoch 303/1000 | classify: 1.9543 | total: 1.9543
[New] Epoch 304/1000 | classify: 1.9974 | total: 1.9974
[New] Epoch 305/1000 | classify: 2.1621 | total: 2.1621
[New] Epoch 306/1000 | classify: 2.0027 | total: 2.0027
[New] Epoch 307/1000 | classify: 2.0713 | total: 2.0713
[New] Epoch 308/1000 | classify: 1.9740 | total: 1.9740
[New] Epoch 309/1000 | classify: 2.0454 | total: 2.0454
[New] Epoch 310/1000 | classify: 2.0984 | total: 2.0984
--- 验证集 [epoch 310] ---
  准确率 (Accuracy):  0.7123
  精确率 (Precision): 0.5713
  召回率 (Recall):    0.5650
  F1 分数 (F1):       0.5337
[New] Epoch 311/1000 | classify: 1.9177 | total: 1.9177
[New] Epoch 312/1000 | classify: 1.9621 | total: 1.9621
[New] Epoch 313/1000 | classify: 2.0979 | total: 2.0979
[New] Epoch 314/1000 | classify: 1.9825 | total: 1.9825
[New] Epoch 315/1000 | classify: 2.1232 | total: 2.1232
[New] Epoch 316/1000 | classify: 2.1902 | total: 2.1902
[New] Epoch 317/1000 | classify: 2.0735 | total: 2.0735
[New] Epoch 318/1000 | classify: 2.0783 | total: 2.0783
[New] Epoch 319/1000 | classify: 2.1115 | total: 2.1115
[New] Epoch 320/1000 | classify: 2.2170 | total: 2.2170
--- 验证集 [epoch 320] ---
  准确率 (Accuracy):  0.6849
  精确率 (Precision): 0.6261
  召回率 (Recall):    0.5377
  F1 分数 (F1):       0.5537
[New] Epoch 321/1000 | classify: 2.1098 | total: 2.1098
[New] Epoch 322/1000 | classify: 2.1063 | total: 2.1063
[New] Epoch 323/1000 | classify: 2.0122 | total: 2.0122
[New] Epoch 324/1000 | classify: 2.0161 | total: 2.0161
[New] Epoch 325/1000 | classify: 2.3026 | total: 2.3026
[New] Epoch 326/1000 | classify: 2.0494 | total: 2.0494
[New] Epoch 327/1000 | classify: 2.0009 | total: 2.0009
[New] Epoch 328/1000 | classify: 2.0418 | total: 2.0418
[New] Epoch 329/1000 | classify: 2.1209 | total: 2.1209
[New] Epoch 330/1000 | classify: 2.3921 | total: 2.3921
--- 验证集 [epoch 330] ---
  准确率 (Accuracy):  0.7192
  精确率 (Precision): 0.6043
  召回率 (Recall):    0.5658
  F1 分数 (F1):       0.5821
[New] Epoch 331/1000 | classify: 2.2615 | total: 2.2615
[New] Epoch 332/1000 | classify: 2.1997 | total: 2.1997
[New] Epoch 333/1000 | classify: 2.2230 | total: 2.2230
[New] Epoch 334/1000 | classify: 2.1697 | total: 2.1697
[New] Epoch 335/1000 | classify: 2.2969 | total: 2.2969
[New] Epoch 336/1000 | classify: 2.1165 | total: 2.1165
[New] Epoch 337/1000 | classify: 1.9527 | total: 1.9527
[New] Epoch 338/1000 | classify: 2.0419 | total: 2.0419
[New] Epoch 339/1000 | classify: 2.4716 | total: 2.4716
[New] Epoch 340/1000 | classify: 2.1561 | total: 2.1561
--- 验证集 [epoch 340] ---
  准确率 (Accuracy):  0.6781
  精确率 (Precision): 0.5923
  召回率 (Recall):    0.5049
  F1 分数 (F1):       0.5176
[New] Epoch 341/1000 | classify: 2.2286 | total: 2.2286
[New] Epoch 342/1000 | classify: 2.3536 | total: 2.3536
[New] Epoch 343/1000 | classify: 2.3051 | total: 2.3051
[New] Epoch 344/1000 | classify: 2.3173 | total: 2.3173
[New] Epoch 345/1000 | classify: 2.1764 | total: 2.1764
[New] Epoch 346/1000 | classify: 2.1824 | total: 2.1824
[New] Epoch 347/1000 | classify: 2.1312 | total: 2.1312
[New] Epoch 348/1000 | classify: 2.1675 | total: 2.1675
[New] Epoch 349/1000 | classify: 2.2590 | total: 2.2590
[New] Epoch 350/1000 | classify: 2.2663 | total: 2.2663
--- 验证集 [epoch 350] ---
  准确率 (Accuracy):  0.7055
  精确率 (Precision): 0.6746
  召回率 (Recall):    0.5581
  F1 分数 (F1):       0.5401
✅ 模型已保存到 /home/kudouzala/Application/ion_detect/output/trained_model_save/exp_new_b/trained_model_epoch_350.pth
📁 损失值已保存到 /home/kudouzala/Application/ion_detect/output/trained_model_save/exp_new_b/training_loss_epoch_350.csv
[New] Epoch 351/1000 | classify: 2.2289 | total: 2.2289
[New] Epoch 352/1000 | classify: 2.3840 | total: 2.3840
[New] Epoch 353/1000 | classify: 2.2278 | total: 2.2278
[New] Epoch 354/1000 | classify: 2.1194 | total: 2.1194
[New] Epoch 355/1000 | classify: 2.3324 | total: 2.3324
[New] Epoch 356/1000 | classify: 2.3232 | total: 2.3232
[New] Epoch 357/1000 | classify: 2.3721 | total: 2.3721
[New] Epoch 358/1000 | classify: 2.4792 | total: 2.4792
[New] Epoch 359/1000 | classify: 2.1588 | total: 2.1588
[New] Epoch 360/1000 | classify: 2.0348 | total: 2.0348
--- 验证集 [epoch 360] ---
  准确率 (Accuracy):  0.7192
  精确率 (Precision): 0.7021
  召回率 (Recall):    0.5712
  F1 分数 (F1):       0.5905
[New] Epoch 361/1000 | classify: 2.3607 | total: 2.3607
[New] Epoch 362/1000 | classify: 2.5067 | total: 2.5067
[New] Epoch 363/1000 | classify: 2.3874 | total: 2.3874
[New] Epoch 364/1000 | classify: 2.5003 | total: 2.5003
[New] Epoch 365/1000 | classify: 2.4879 | total: 2.4879
[New] Epoch 366/1000 | classify: 2.3384 | total: 2.3384
[New] Epoch 367/1000 | classify: 2.3109 | total: 2.3109
[New] Epoch 368/1000 | classify: 2.5440 | total: 2.5440
[New] Epoch 369/1000 | classify: 2.4765 | total: 2.4765
[New] Epoch 370/1000 | classify: 2.3693 | total: 2.3693
--- 验证集 [epoch 370] ---
  准确率 (Accuracy):  0.6781
  精确率 (Precision): 0.4778
  召回率 (Recall):    0.5039
  F1 分数 (F1):       0.4813
[New] Epoch 371/1000 | classify: 2.4602 | total: 2.4602
[New] Epoch 372/1000 | classify: 2.3396 | total: 2.3396
[New] Epoch 373/1000 | classify: 2.4727 | total: 2.4727
[New] Epoch 374/1000 | classify: 2.4214 | total: 2.4214
[New] Epoch 375/1000 | classify: 2.3396 | total: 2.3396
[New] Epoch 376/1000 | classify: 2.3664 | total: 2.3664
[New] Epoch 377/1000 | classify: 2.2572 | total: 2.2572
[New] Epoch 378/1000 | classify: 2.4448 | total: 2.4448
[New] Epoch 379/1000 | classify: 2.6965 | total: 2.6965
[New] Epoch 380/1000 | classify: 2.3447 | total: 2.3447
--- 验证集 [epoch 380] ---
  准确率 (Accuracy):  0.6918
  精确率 (Precision): 0.7492
  召回率 (Recall):    0.5616
  F1 分数 (F1):       0.5657
[New] Epoch 381/1000 | classify: 2.4609 | total: 2.4609
[New] Epoch 382/1000 | classify: 2.1863 | total: 2.1863
[New] Epoch 383/1000 | classify: 2.3954 | total: 2.3954
[New] Epoch 384/1000 | classify: 2.4901 | total: 2.4901
[New] Epoch 385/1000 | classify: 2.2909 | total: 2.2909
[New] Epoch 386/1000 | classify: 2.4065 | total: 2.4065
[New] Epoch 387/1000 | classify: 2.3660 | total: 2.3660
[New] Epoch 388/1000 | classify: 2.3961 | total: 2.3961
[New] Epoch 389/1000 | classify: 2.4690 | total: 2.4690
[New] Epoch 390/1000 | classify: 2.6162 | total: 2.6162
--- 验证集 [epoch 390] ---
  准确率 (Accuracy):  0.6918
  精确率 (Precision): 0.5308
  召回率 (Recall):    0.5284
  F1 分数 (F1):       0.5102
[New] Epoch 391/1000 | classify: 2.5533 | total: 2.5533
[New] Epoch 392/1000 | classify: 2.4610 | total: 2.4610
[New] Epoch 393/1000 | classify: 2.6291 | total: 2.6291
[New] Epoch 394/1000 | classify: 2.4522 | total: 2.4522
[New] Epoch 395/1000 | classify: 2.4584 | total: 2.4584
[New] Epoch 396/1000 | classify: 2.5980 | total: 2.5980
[New] Epoch 397/1000 | classify: 2.6206 | total: 2.6206
[New] Epoch 398/1000 | classify: 2.4073 | total: 2.4073
[New] Epoch 399/1000 | classify: 2.4308 | total: 2.4308
[New] Epoch 400/1000 | classify: 2.5933 | total: 2.5933
--- 验证集 [epoch 400] ---
  准确率 (Accuracy):  0.6575
  精确率 (Precision): 0.5338
  召回率 (Recall):    0.4689
  F1 分数 (F1):       0.4500
✅ 模型已保存到 /home/kudouzala/Application/ion_detect/output/trained_model_save/exp_new_b/trained_model_epoch_400.pth
📁 损失值已保存到 /home/kudouzala/Application/ion_detect/output/trained_model_save/exp_new_b/training_loss_epoch_400.csv
[New] Epoch 401/1000 | classify: 2.4867 | total: 2.4867
[New] Epoch 402/1000 | classify: 2.4355 | total: 2.4355
[New] Epoch 403/1000 | classify: 2.4657 | total: 2.4657
[New] Epoch 404/1000 | classify: 2.4013 | total: 2.4013
[New] Epoch 405/1000 | classify: 2.4914 | total: 2.4914
[New] Epoch 406/1000 | classify: 2.4190 | total: 2.4190
[New] Epoch 407/1000 | classify: 2.6636 | total: 2.6636
[New] Epoch 408/1000 | classify: 2.5162 | total: 2.5162
[New] Epoch 409/1000 | classify: 2.3496 | total: 2.3496
[New] Epoch 410/1000 | classify: 2.6545 | total: 2.6545
--- 验证集 [epoch 410] ---
  准确率 (Accuracy):  0.6918
  精确率 (Precision): 0.5157
  召回率 (Recall):    0.5080
  F1 分数 (F1):       0.4996
[New] Epoch 411/1000 | classify: 2.7197 | total: 2.7197
[New] Epoch 412/1000 | classify: 2.5479 | total: 2.5479
[New] Epoch 413/1000 | classify: 2.5497 | total: 2.5497
[New] Epoch 414/1000 | classify: 2.3709 | total: 2.3709
[New] Epoch 415/1000 | classify: 2.4181 | total: 2.4181
[New] Epoch 416/1000 | classify: 2.4949 | total: 2.4949
[New] Epoch 417/1000 | classify: 2.7172 | total: 2.7172
[New] Epoch 418/1000 | classify: 2.2963 | total: 2.2963
[New] Epoch 419/1000 | classify: 2.6033 | total: 2.6033
[New] Epoch 420/1000 | classify: 2.7205 | total: 2.7205
--- 验证集 [epoch 420] ---
  准确率 (Accuracy):  0.6507
  精确率 (Precision): 0.4555
  召回率 (Recall):    0.4468
  F1 分数 (F1):       0.4369
[New] Epoch 421/1000 | classify: 2.6028 | total: 2.6028
[New] Epoch 422/1000 | classify: 2.3634 | total: 2.3634
[New] Epoch 423/1000 | classify: 2.6262 | total: 2.6262
[New] Epoch 424/1000 | classify: 2.4956 | total: 2.4956
[New] Epoch 425/1000 | classify: 2.6259 | total: 2.6259
[New] Epoch 426/1000 | classify: 2.6673 | total: 2.6673
[New] Epoch 427/1000 | classify: 2.7019 | total: 2.7019
[New] Epoch 428/1000 | classify: 2.6233 | total: 2.6233
[New] Epoch 429/1000 | classify: 2.6100 | total: 2.6100
[New] Epoch 430/1000 | classify: 2.7639 | total: 2.7639
--- 验证集 [epoch 430] ---
  准确率 (Accuracy):  0.6918
  精确率 (Precision): 0.5768
  召回率 (Recall):    0.5080
  F1 分数 (F1):       0.4973
[New] Epoch 431/1000 | classify: 2.5081 | total: 2.5081
[New] Epoch 432/1000 | classify: 2.5353 | total: 2.5353
[New] Epoch 433/1000 | classify: 2.4879 | total: 2.4879
[New] Epoch 434/1000 | classify: 2.5919 | total: 2.5919
[New] Epoch 435/1000 | classify: 2.6489 | total: 2.6489
[New] Epoch 436/1000 | classify: 2.4491 | total: 2.4491
[New] Epoch 437/1000 | classify: 2.6196 | total: 2.6196
[New] Epoch 438/1000 | classify: 2.6183 | total: 2.6183
[New] Epoch 439/1000 | classify: 2.8477 | total: 2.8477
[New] Epoch 440/1000 | classify: 2.5681 | total: 2.5681
--- 验证集 [epoch 440] ---
  准确率 (Accuracy):  0.6644
  精确率 (Precision): 0.4946
  召回率 (Recall):    0.4855
  F1 分数 (F1):       0.4534
[New] Epoch 441/1000 | classify: 2.5570 | total: 2.5570
[New] Epoch 442/1000 | classify: 2.4699 | total: 2.4699
[New] Epoch 443/1000 | classify: 2.4822 | total: 2.4822
[New] Epoch 444/1000 | classify: 2.8514 | total: 2.8514
[New] Epoch 445/1000 | classify: 2.7327 | total: 2.7327
[New] Epoch 446/1000 | classify: 2.8006 | total: 2.8006
[New] Epoch 447/1000 | classify: 2.6770 | total: 2.6770
[New] Epoch 448/1000 | classify: 2.6824 | total: 2.6824
[New] Epoch 449/1000 | classify: 2.7096 | total: 2.7096
[New] Epoch 450/1000 | classify: 2.7453 | total: 2.7453
--- 验证集 [epoch 450] ---
  准确率 (Accuracy):  0.6370
  精确率 (Precision): 0.4218
  召回率 (Recall):    0.4226
  F1 分数 (F1):       0.4053
✅ 模型已保存到 /home/kudouzala/Application/ion_detect/output/trained_model_save/exp_new_b/trained_model_epoch_450.pth
📁 损失值已保存到 /home/kudouzala/Application/ion_detect/output/trained_model_save/exp_new_b/training_loss_epoch_450.csv
[New] Epoch 451/1000 | classify: 2.5730 | total: 2.5730
[New] Epoch 452/1000 | classify: 2.6920 | total: 2.6920
[New] Epoch 453/1000 | classify: 2.6312 | total: 2.6312
[New] Epoch 454/1000 | classify: 2.5917 | total: 2.5917
[New] Epoch 455/1000 | classify: 2.7177 | total: 2.7177
[New] Epoch 456/1000 | classify: 2.6225 | total: 2.6225
[New] Epoch 457/1000 | classify: 2.4700 | total: 2.4700
[New] Epoch 458/1000 | classify: 2.5516 | total: 2.5516
[New] Epoch 459/1000 | classify: 2.5924 | total: 2.5924
[New] Epoch 460/1000 | classify: 2.4931 | total: 2.4931
--- 验证集 [epoch 460] ---
  准确率 (Accuracy):  0.7055
  精确率 (Precision): 0.5715
  召回率 (Recall):    0.5165
  F1 分数 (F1):       0.5064
[New] Epoch 461/1000 | classify: 2.4953 | total: 2.4953
[New] Epoch 462/1000 | classify: 2.5643 | total: 2.5643
[New] Epoch 463/1000 | classify: 2.5643 | total: 2.5643
[New] Epoch 464/1000 | classify: 2.7691 | total: 2.7691
[New] Epoch 465/1000 | classify: 2.4330 | total: 2.4330
[New] Epoch 466/1000 | classify: 2.6223 | total: 2.6223
[New] Epoch 467/1000 | classify: 2.5984 | total: 2.5984
[New] Epoch 468/1000 | classify: 2.4437 | total: 2.4437
[New] Epoch 469/1000 | classify: 2.7145 | total: 2.7145
[New] Epoch 470/1000 | classify: 2.7723 | total: 2.7723
--- 验证集 [epoch 470] ---
  准确率 (Accuracy):  0.6370
  精确率 (Precision): 0.3562
  召回率 (Recall):    0.4332
  F1 分数 (F1):       0.3824
[New] Epoch 471/1000 | classify: 2.8859 | total: 2.8859
[New] Epoch 472/1000 | classify: 2.5750 | total: 2.5750
[New] Epoch 473/1000 | classify: 2.7073 | total: 2.7073
[New] Epoch 474/1000 | classify: 2.6297 | total: 2.6297
[New] Epoch 475/1000 | classify: 2.4353 | total: 2.4353
[New] Epoch 476/1000 | classify: 2.8075 | total: 2.8075
[New] Epoch 477/1000 | classify: 2.6048 | total: 2.6048
[New] Epoch 478/1000 | classify: 2.6342 | total: 2.6342
[New] Epoch 479/1000 | classify: 2.8224 | total: 2.8224
[New] Epoch 480/1000 | classify: 2.5511 | total: 2.5511
--- 验证集 [epoch 480] ---
  准确率 (Accuracy):  0.6781
  精确率 (Precision): 0.4837
  召回率 (Recall):    0.4791
  F1 分数 (F1):       0.4698
[New] Epoch 481/1000 | classify: 2.5536 | total: 2.5536
[New] Epoch 482/1000 | classify: 2.6649 | total: 2.6649
[New] Epoch 483/1000 | classify: 2.5545 | total: 2.5545
[New] Epoch 484/1000 | classify: 2.6881 | total: 2.6881
[New] Epoch 485/1000 | classify: 2.6748 | total: 2.6748
[New] Epoch 486/1000 | classify: 2.8424 | total: 2.8424
[New] Epoch 487/1000 | classify: 2.5665 | total: 2.5665
[New] Epoch 488/1000 | classify: 2.8483 | total: 2.8483
[New] Epoch 489/1000 | classify: 2.7636 | total: 2.7636
[New] Epoch 490/1000 | classify: 2.5827 | total: 2.5827
--- 验证集 [epoch 490] ---
  准确率 (Accuracy):  0.6233
  精确率 (Precision): 0.5100
  召回率 (Recall):    0.3951
  F1 分数 (F1):       0.3700
[New] Epoch 491/1000 | classify: 2.7053 | total: 2.7053
[New] Epoch 492/1000 | classify: 2.8018 | total: 2.8018
[New] Epoch 493/1000 | classify: 2.5568 | total: 2.5568
[New] Epoch 494/1000 | classify: 2.8660 | total: 2.8660
[New] Epoch 495/1000 | classify: 2.7474 | total: 2.7474
[New] Epoch 496/1000 | classify: 2.5821 | total: 2.5821
[New] Epoch 497/1000 | classify: 2.7119 | total: 2.7119
[New] Epoch 498/1000 | classify: 2.6198 | total: 2.6198
[New] Epoch 499/1000 | classify: 2.6925 | total: 2.6925
[New] Epoch 500/1000 | classify: 2.7963 | total: 2.7963
--- 验证集 [epoch 500] ---
  准确率 (Accuracy):  0.6507
  精确率 (Precision): 0.4415
  召回率 (Recall):    0.4468
  F1 分数 (F1):       0.4237
✅ 模型已保存到 /home/kudouzala/Application/ion_detect/output/trained_model_save/exp_new_b/trained_model_epoch_500.pth
📁 损失值已保存到 /home/kudouzala/Application/ion_detect/output/trained_model_save/exp_new_b/training_loss_epoch_500.csv
[New] Epoch 501/1000 | classify: 2.6780 | total: 2.6780
[New] Epoch 502/1000 | classify: 2.7652 | total: 2.7652
[New] Epoch 503/1000 | classify: 2.7055 | total: 2.7055
[New] Epoch 504/1000 | classify: 2.6245 | total: 2.6245
[New] Epoch 505/1000 | classify: 2.5739 | total: 2.5739
[New] Epoch 506/1000 | classify: 2.6186 | total: 2.6186
[New] Epoch 507/1000 | classify: 2.5825 | total: 2.5825
[New] Epoch 508/1000 | classify: 2.6099 | total: 2.6099
[New] Epoch 509/1000 | classify: 2.7374 | total: 2.7374
[New] Epoch 510/1000 | classify: 2.6754 | total: 2.6754
--- 验证集 [epoch 510] ---
  准确率 (Accuracy):  0.6575
  精确率 (Precision): 0.4445
  召回率 (Recall):    0.4784
  F1 分数 (F1):       0.4274
[New] Epoch 511/1000 | classify: 2.6793 | total: 2.6793
[New] Epoch 512/1000 | classify: 2.7463 | total: 2.7463
[New] Epoch 513/1000 | classify: 2.8215 | total: 2.8215
[New] Epoch 514/1000 | classify: 2.6873 | total: 2.6873
[New] Epoch 515/1000 | classify: 2.7196 | total: 2.7196
[New] Epoch 516/1000 | classify: 2.7940 | total: 2.7940
[New] Epoch 517/1000 | classify: 2.6421 | total: 2.6421
[New] Epoch 518/1000 | classify: 2.8139 | total: 2.8139
[New] Epoch 519/1000 | classify: 2.5949 | total: 2.5949
[New] Epoch 520/1000 | classify: 2.5900 | total: 2.5900
--- 验证集 [epoch 520] ---
  准确率 (Accuracy):  0.6644
  精确率 (Precision): 0.4334
  召回率 (Recall):    0.4655
  F1 分数 (F1):       0.4316
[New] Epoch 521/1000 | classify: 2.7271 | total: 2.7271
[New] Epoch 522/1000 | classify: 2.5695 | total: 2.5695
[New] Epoch 523/1000 | classify: 2.6468 | total: 2.6468
[New] Epoch 524/1000 | classify: 2.6394 | total: 2.6394
[New] Epoch 525/1000 | classify: 2.7188 | total: 2.7188
[New] Epoch 526/1000 | classify: 2.7842 | total: 2.7842
[New] Epoch 527/1000 | classify: 2.7870 | total: 2.7870
[New] Epoch 528/1000 | classify: 2.6530 | total: 2.6530
[New] Epoch 529/1000 | classify: 2.6694 | total: 2.6694
[New] Epoch 530/1000 | classify: 2.4980 | total: 2.4980
--- 验证集 [epoch 530] ---
  准确率 (Accuracy):  0.6370
  精确率 (Precision): 0.4255
  召回率 (Recall):    0.4332
  F1 分数 (F1):       0.4158
[New] Epoch 531/1000 | classify: 2.8237 | total: 2.8237
[New] Epoch 532/1000 | classify: 2.6531 | total: 2.6531
[New] Epoch 533/1000 | classify: 2.6260 | total: 2.6260
[New] Epoch 534/1000 | classify: 2.6296 | total: 2.6296
[New] Epoch 535/1000 | classify: 2.6318 | total: 2.6318
[New] Epoch 536/1000 | classify: 2.9139 | total: 2.9139
[New] Epoch 537/1000 | classify: 2.7905 | total: 2.7905
[New] Epoch 538/1000 | classify: 2.5458 | total: 2.5458
[New] Epoch 539/1000 | classify: 2.7535 | total: 2.7535
[New] Epoch 540/1000 | classify: 2.6644 | total: 2.6644
--- 验证集 [epoch 540] ---
  准确率 (Accuracy):  0.6575
  精确率 (Precision): 0.3745
  召回率 (Recall):    0.4733
  F1 分数 (F1):       0.4099
[New] Epoch 541/1000 | classify: 2.5695 | total: 2.5695
[New] Epoch 542/1000 | classify: 2.8417 | total: 2.8417
[New] Epoch 543/1000 | classify: 2.8752 | total: 2.8752
[New] Epoch 544/1000 | classify: 2.8041 | total: 2.8041
[New] Epoch 545/1000 | classify: 2.7093 | total: 2.7093
[New] Epoch 546/1000 | classify: 2.6048 | total: 2.6048
[New] Epoch 547/1000 | classify: 2.8313 | total: 2.8313
[New] Epoch 548/1000 | classify: 2.5441 | total: 2.5441
[New] Epoch 549/1000 | classify: 2.7619 | total: 2.7619
[New] Epoch 550/1000 | classify: 2.7792 | total: 2.7792
--- 验证集 [epoch 550] ---
  准确率 (Accuracy):  0.6507
  精确率 (Precision): 0.3767
  召回率 (Recall):    0.4417
  F1 分数 (F1):       0.4011
✅ 模型已保存到 /home/kudouzala/Application/ion_detect/output/trained_model_save/exp_new_b/trained_model_epoch_550.pth
📁 损失值已保存到 /home/kudouzala/Application/ion_detect/output/trained_model_save/exp_new_b/training_loss_epoch_550.csv
[New] Epoch 551/1000 | classify: 2.8444 | total: 2.8444
[New] Epoch 552/1000 | classify: 2.7608 | total: 2.7608
[New] Epoch 553/1000 | classify: 2.7557 | total: 2.7557
[New] Epoch 554/1000 | classify: 2.7042 | total: 2.7042
[New] Epoch 555/1000 | classify: 2.7599 | total: 2.7599
[New] Epoch 556/1000 | classify: 2.7147 | total: 2.7147
[New] Epoch 557/1000 | classify: 2.8368 | total: 2.8368
[New] Epoch 558/1000 | classify: 2.6244 | total: 2.6244
[New] Epoch 559/1000 | classify: 2.7389 | total: 2.7389
[New] Epoch 560/1000 | classify: 2.9216 | total: 2.9216
--- 验证集 [epoch 560] ---
  准确率 (Accuracy):  0.6438
  精确率 (Precision): 0.5356
  召回率 (Recall):    0.4655
  F1 分数 (F1):       0.4273
[New] Epoch 561/1000 | classify: 2.6735 | total: 2.6735
[New] Epoch 562/1000 | classify: 2.6852 | total: 2.6852
[New] Epoch 563/1000 | classify: 2.8009 | total: 2.8009
[New] Epoch 564/1000 | classify: 2.7650 | total: 2.7650
[New] Epoch 565/1000 | classify: 2.7695 | total: 2.7695
[New] Epoch 566/1000 | classify: 2.6590 | total: 2.6590
[New] Epoch 567/1000 | classify: 2.7222 | total: 2.7222
[New] Epoch 568/1000 | classify: 2.7380 | total: 2.7380
[New] Epoch 569/1000 | classify: 3.0311 | total: 3.0311
[New] Epoch 570/1000 | classify: 2.6211 | total: 2.6211
--- 验证集 [epoch 570] ---
  准确率 (Accuracy):  0.6301
  精确率 (Precision): 0.3899
  召回率 (Recall):    0.4060
  F1 分数 (F1):       0.3770
[New] Epoch 571/1000 | classify: 2.5170 | total: 2.5170
[New] Epoch 572/1000 | classify: 2.7135 | total: 2.7135
[New] Epoch 573/1000 | classify: 2.8196 | total: 2.8196
[New] Epoch 574/1000 | classify: 2.7578 | total: 2.7578
[New] Epoch 575/1000 | classify: 2.8792 | total: 2.8792
[New] Epoch 576/1000 | classify: 2.6814 | total: 2.6814
[New] Epoch 577/1000 | classify: 2.8022 | total: 2.8022
[New] Epoch 578/1000 | classify: 2.7703 | total: 2.7703
[New] Epoch 579/1000 | classify: 2.6292 | total: 2.6292
[New] Epoch 580/1000 | classify: 2.8452 | total: 2.8452
--- 验证集 [epoch 580] ---
  准确率 (Accuracy):  0.6575
  精确率 (Precision): 0.3765
  召回率 (Recall):    0.4485
  F1 分数 (F1):       0.4058
[New] Epoch 581/1000 | classify: 2.8374 | total: 2.8374
[New] Epoch 582/1000 | classify: 2.9226 | total: 2.9226
[New] Epoch 583/1000 | classify: 2.7708 | total: 2.7708
[New] Epoch 584/1000 | classify: 2.8547 | total: 2.8547
[New] Epoch 585/1000 | classify: 2.6893 | total: 2.6893
[New] Epoch 586/1000 | classify: 2.8019 | total: 2.8019
[New] Epoch 587/1000 | classify: 2.6460 | total: 2.6460
[New] Epoch 588/1000 | classify: 2.7337 | total: 2.7337
[New] Epoch 589/1000 | classify: 2.8817 | total: 2.8817
[New] Epoch 590/1000 | classify: 2.8784 | total: 2.8784
--- 验证集 [epoch 590] ---
  准确率 (Accuracy):  0.6507
  精确率 (Precision): 0.3625
  召回率 (Recall):    0.4665
  F1 分数 (F1):       0.4005
[New] Epoch 591/1000 | classify: 2.6302 | total: 2.6302
[New] Epoch 592/1000 | classify: 2.6595 | total: 2.6595
[New] Epoch 593/1000 | classify: 2.8375 | total: 2.8375
[New] Epoch 594/1000 | classify: 2.8979 | total: 2.8979
[New] Epoch 595/1000 | classify: 2.6773 | total: 2.6773
[New] Epoch 596/1000 | classify: 2.8598 | total: 2.8598
[New] Epoch 597/1000 | classify: 2.7620 | total: 2.7620
[New] Epoch 598/1000 | classify: 2.7801 | total: 2.7801
[New] Epoch 599/1000 | classify: 2.8565 | total: 2.8565
[New] Epoch 600/1000 | classify: 2.8030 | total: 2.8030
--- 验证集 [epoch 600] ---
  准确率 (Accuracy):  0.6438
  精确率 (Precision): 0.3696
  召回率 (Recall):    0.4549
  F1 分数 (F1):       0.3933
✅ 模型已保存到 /home/kudouzala/Application/ion_detect/output/trained_model_save/exp_new_b/trained_model_epoch_600.pth
📁 损失值已保存到 /home/kudouzala/Application/ion_detect/output/trained_model_save/exp_new_b/training_loss_epoch_600.csv
[New] Epoch 601/1000 | classify: 2.9834 | total: 2.9834
[New] Epoch 602/1000 | classify: 2.6707 | total: 2.6707
[New] Epoch 603/1000 | classify: 2.9011 | total: 2.9011
[New] Epoch 604/1000 | classify: 2.6837 | total: 2.6837
[New] Epoch 605/1000 | classify: 2.7958 | total: 2.7958
[New] Epoch 606/1000 | classify: 2.7551 | total: 2.7551
[New] Epoch 607/1000 | classify: 3.0505 | total: 3.0505
[New] Epoch 608/1000 | classify: 2.8364 | total: 2.8364
[New] Epoch 609/1000 | classify: 3.0569 | total: 3.0569
[New] Epoch 610/1000 | classify: 2.7183 | total: 2.7183
--- 验证集 [epoch 610] ---
  准确率 (Accuracy):  0.6370
  精确率 (Precision): 0.4147
  召回率 (Recall):    0.4277
  F1 分数 (F1):       0.3977
[New] Epoch 611/1000 | classify: 2.8550 | total: 2.8550
[New] Epoch 612/1000 | classify: 2.7975 | total: 2.7975
[New] Epoch 613/1000 | classify: 2.9406 | total: 2.9406
[New] Epoch 614/1000 | classify: 2.9688 | total: 2.9688
[New] Epoch 615/1000 | classify: 2.9606 | total: 2.9606
[New] Epoch 616/1000 | classify: 2.7829 | total: 2.7829
[New] Epoch 617/1000 | classify: 2.7680 | total: 2.7680
[New] Epoch 618/1000 | classify: 2.7952 | total: 2.7952
[New] Epoch 619/1000 | classify: 2.7562 | total: 2.7562
[New] Epoch 620/1000 | classify: 2.8793 | total: 2.8793
--- 验证集 [epoch 620] ---
  准确率 (Accuracy):  0.6370
  精确率 (Precision): 0.3599
  召回率 (Recall):    0.4230
  F1 分数 (F1):       0.3824
[New] Epoch 621/1000 | classify: 2.7615 | total: 2.7615
[New] Epoch 622/1000 | classify: 2.9863 | total: 2.9863
[New] Epoch 623/1000 | classify: 2.8213 | total: 2.8213
[New] Epoch 624/1000 | classify: 2.7373 | total: 2.7373
[New] Epoch 625/1000 | classify: 2.7969 | total: 2.7969
[New] Epoch 626/1000 | classify: 2.9325 | total: 2.9325
[New] Epoch 627/1000 | classify: 2.7555 | total: 2.7555
[New] Epoch 628/1000 | classify: 2.8510 | total: 2.8510
[New] Epoch 629/1000 | classify: 2.8484 | total: 2.8484
[New] Epoch 630/1000 | classify: 2.7726 | total: 2.7726
--- 验证集 [epoch 630] ---
  准确率 (Accuracy):  0.6027
  精确率 (Precision): 0.3582
  召回率 (Recall):    0.3685
  F1 分数 (F1):       0.3332
[New] Epoch 631/1000 | classify: 2.8207 | total: 2.8207
[New] Epoch 632/1000 | classify: 2.9218 | total: 2.9218
[New] Epoch 633/1000 | classify: 2.9551 | total: 2.9551
[New] Epoch 634/1000 | classify: 3.0736 | total: 3.0736
[New] Epoch 635/1000 | classify: 2.8359 | total: 2.8359
[New] Epoch 636/1000 | classify: 2.8609 | total: 2.8609
[New] Epoch 637/1000 | classify: 2.9695 | total: 2.9695
[New] Epoch 638/1000 | classify: 2.8522 | total: 2.8522
[New] Epoch 639/1000 | classify: 2.8896 | total: 2.8896
[New] Epoch 640/1000 | classify: 2.9485 | total: 2.9485
--- 验证集 [epoch 640] ---
  准确率 (Accuracy):  0.5890
  精确率 (Precision): 0.3697
  召回率 (Recall):    0.3968
  F1 分数 (F1):       0.3271
[New] Epoch 641/1000 | classify: 2.7831 | total: 2.7831
[New] Epoch 642/1000 | classify: 2.9179 | total: 2.9179
[New] Epoch 643/1000 | classify: 2.8987 | total: 2.8987
[New] Epoch 644/1000 | classify: 2.8019 | total: 2.8019
[New] Epoch 645/1000 | classify: 2.8405 | total: 2.8405
[New] Epoch 646/1000 | classify: 2.8672 | total: 2.8672
[New] Epoch 647/1000 | classify: 2.8369 | total: 2.8369
[New] Epoch 648/1000 | classify: 2.9359 | total: 2.9359
[New] Epoch 649/1000 | classify: 2.9604 | total: 2.9604
[New] Epoch 650/1000 | classify: 2.8655 | total: 2.8655
--- 验证集 [epoch 650] ---
  准确率 (Accuracy):  0.6370
  精确率 (Precision): 0.3791
  召回率 (Recall):    0.4430
  F1 分数 (F1):       0.3904
✅ 模型已保存到 /home/kudouzala/Application/ion_detect/output/trained_model_save/exp_new_b/trained_model_epoch_650.pth
📁 损失值已保存到 /home/kudouzala/Application/ion_detect/output/trained_model_save/exp_new_b/training_loss_epoch_650.csv
[New] Epoch 651/1000 | classify: 2.8680 | total: 2.8680
[New] Epoch 652/1000 | classify: 2.7272 | total: 2.7272
[New] Epoch 653/1000 | classify: 2.7072 | total: 2.7072
[New] Epoch 654/1000 | classify: 2.9419 | total: 2.9419
[New] Epoch 655/1000 | classify: 2.6784 | total: 2.6784
[New] Epoch 656/1000 | classify: 2.8736 | total: 2.8736
[New] Epoch 657/1000 | classify: 3.0003 | total: 3.0003
[New] Epoch 658/1000 | classify: 3.0858 | total: 3.0858
[New] Epoch 659/1000 | classify: 3.0161 | total: 3.0161
[New] Epoch 660/1000 | classify: 2.8121 | total: 2.8121
--- 验证集 [epoch 660] ---
  准确率 (Accuracy):  0.6370
  精确率 (Precision): 0.3732
  召回率 (Recall):    0.4128
  F1 分数 (F1):       0.3780
[New] Epoch 661/1000 | classify: 2.8604 | total: 2.8604
[New] Epoch 662/1000 | classify: 2.8585 | total: 2.8585
[New] Epoch 663/1000 | classify: 2.8207 | total: 2.8207
[New] Epoch 664/1000 | classify: 2.8492 | total: 2.8492
[New] Epoch 665/1000 | classify: 2.9844 | total: 2.9844
[New] Epoch 666/1000 | classify: 3.1336 | total: 3.1336
[New] Epoch 667/1000 | classify: 2.9536 | total: 2.9536
[New] Epoch 668/1000 | classify: 3.0035 | total: 3.0035
[New] Epoch 669/1000 | classify: 3.0500 | total: 3.0500
[New] Epoch 670/1000 | classify: 2.9388 | total: 2.9388
--- 验证集 [epoch 670] ---
  准确率 (Accuracy):  0.6370
  精确率 (Precision): 0.3496
  召回率 (Recall):    0.4281
  F1 分数 (F1):       0.3785
[New] Epoch 671/1000 | classify: 2.7449 | total: 2.7449
[New] Epoch 672/1000 | classify: 2.9143 | total: 2.9143
[New] Epoch 673/1000 | classify: 3.0791 | total: 3.0791
[New] Epoch 674/1000 | classify: 2.9448 | total: 2.9448
[New] Epoch 675/1000 | classify: 2.9693 | total: 2.9693
[New] Epoch 676/1000 | classify: 2.8181 | total: 2.8181
[New] Epoch 677/1000 | classify: 2.7409 | total: 2.7409
[New] Epoch 678/1000 | classify: 2.8314 | total: 2.8314
[New] Epoch 679/1000 | classify: 2.8265 | total: 2.8265
[New] Epoch 680/1000 | classify: 2.9904 | total: 2.9904
--- 验证集 [epoch 680] ---
  准确率 (Accuracy):  0.6438
  精确率 (Precision): 0.3592
  召回率 (Recall):    0.4247
  F1 分数 (F1):       0.3858
[New] Epoch 681/1000 | classify: 3.1666 | total: 3.1666
[New] Epoch 682/1000 | classify: 3.0948 | total: 3.0948
[New] Epoch 683/1000 | classify: 3.0938 | total: 3.0938
[New] Epoch 684/1000 | classify: 2.9154 | total: 2.9154
[New] Epoch 685/1000 | classify: 2.9725 | total: 2.9725
[New] Epoch 686/1000 | classify: 3.0504 | total: 3.0504
[New] Epoch 687/1000 | classify: 2.9400 | total: 2.9400
[New] Epoch 688/1000 | classify: 2.9214 | total: 2.9214
[New] Epoch 689/1000 | classify: 2.9354 | total: 2.9354
[New] Epoch 690/1000 | classify: 3.0565 | total: 3.0565
--- 验证集 [epoch 690] ---
  准确率 (Accuracy):  0.6370
  精确率 (Precision): 0.3497
  召回率 (Recall):    0.4230
  F1 分数 (F1):       0.3797
[New] Epoch 691/1000 | classify: 2.9241 | total: 2.9241
[New] Epoch 692/1000 | classify: 2.8384 | total: 2.8384
[New] Epoch 693/1000 | classify: 2.9564 | total: 2.9564
[New] Epoch 694/1000 | classify: 3.1043 | total: 3.1043
[New] Epoch 695/1000 | classify: 3.0107 | total: 3.0107
[New] Epoch 696/1000 | classify: 2.8015 | total: 2.8015
[New] Epoch 697/1000 | classify: 2.9424 | total: 2.9424
[New] Epoch 698/1000 | classify: 2.7957 | total: 2.7957
[New] Epoch 699/1000 | classify: 3.0047 | total: 3.0047
[New] Epoch 700/1000 | classify: 2.8793 | total: 2.8793
--- 验证集 [epoch 700] ---
  准确率 (Accuracy):  0.6301
  精确率 (Precision): 0.3567
  召回率 (Recall):    0.4060
  F1 分数 (F1):       0.3719
✅ 模型已保存到 /home/kudouzala/Application/ion_detect/output/trained_model_save/exp_new_b/trained_model_epoch_700.pth
📁 损失值已保存到 /home/kudouzala/Application/ion_detect/output/trained_model_save/exp_new_b/training_loss_epoch_700.csv
[New] Epoch 701/1000 | classify: 2.9115 | total: 2.9115
[New] Epoch 702/1000 | classify: 2.9108 | total: 2.9108
[New] Epoch 703/1000 | classify: 3.0732 | total: 3.0732
[New] Epoch 704/1000 | classify: 2.8757 | total: 2.8757
[New] Epoch 705/1000 | classify: 3.0659 | total: 3.0659
[New] Epoch 706/1000 | classify: 3.0509 | total: 3.0509
[New] Epoch 707/1000 | classify: 3.0991 | total: 3.0991
[New] Epoch 708/1000 | classify: 2.9608 | total: 2.9608
[New] Epoch 709/1000 | classify: 2.9353 | total: 2.9353
[New] Epoch 710/1000 | classify: 2.8532 | total: 2.8532
--- 验证集 [epoch 710] ---
  准确率 (Accuracy):  0.6301
  精确率 (Precision): 0.3401
  召回率 (Recall):    0.4162
  F1 分数 (F1):       0.3693
[New] Epoch 711/1000 | classify: 2.9935 | total: 2.9935
[New] Epoch 712/1000 | classify: 2.9474 | total: 2.9474
[New] Epoch 713/1000 | classify: 3.2084 | total: 3.2084
[New] Epoch 714/1000 | classify: 2.8393 | total: 2.8393
[New] Epoch 715/1000 | classify: 2.9733 | total: 2.9733
[New] Epoch 716/1000 | classify: 3.1001 | total: 3.1001
[New] Epoch 717/1000 | classify: 2.9653 | total: 2.9653
[New] Epoch 718/1000 | classify: 2.9934 | total: 2.9934
[New] Epoch 719/1000 | classify: 2.9594 | total: 2.9594
[New] Epoch 720/1000 | classify: 3.0785 | total: 3.0785
--- 验证集 [epoch 720] ---
  准确率 (Accuracy):  0.6575
  精确率 (Precision): 0.3988
  召回率 (Recall):    0.4536
  F1 分数 (F1):       0.4141
[New] Epoch 721/1000 | classify: 3.0216 | total: 3.0216
[New] Epoch 722/1000 | classify: 3.1196 | total: 3.1196
[New] Epoch 723/1000 | classify: 3.0466 | total: 3.0466
[New] Epoch 724/1000 | classify: 3.1447 | total: 3.1447
[New] Epoch 725/1000 | classify: 3.0268 | total: 3.0268
[New] Epoch 726/1000 | classify: 3.0670 | total: 3.0670
[New] Epoch 727/1000 | classify: 3.0509 | total: 3.0509
[New] Epoch 728/1000 | classify: 3.0304 | total: 3.0304
[New] Epoch 729/1000 | classify: 3.1884 | total: 3.1884
[New] Epoch 730/1000 | classify: 2.8217 | total: 2.8217
--- 验证集 [epoch 730] ---
  准确率 (Accuracy):  0.6233
  精确率 (Precision): 0.3848
  召回率 (Recall):    0.4189
  F1 分数 (F1):       0.3734
[New] Epoch 731/1000 | classify: 3.0897 | total: 3.0897
[New] Epoch 732/1000 | classify: 2.9135 | total: 2.9135
[New] Epoch 733/1000 | classify: 2.9957 | total: 2.9957
[New] Epoch 734/1000 | classify: 3.1878 | total: 3.1878
[New] Epoch 735/1000 | classify: 2.9255 | total: 2.9255
[New] Epoch 736/1000 | classify: 3.0301 | total: 3.0301
[New] Epoch 737/1000 | classify: 3.0144 | total: 3.0144
[New] Epoch 738/1000 | classify: 3.0292 | total: 3.0292
[New] Epoch 739/1000 | classify: 2.9327 | total: 2.9327
[New] Epoch 740/1000 | classify: 3.1486 | total: 3.1486
--- 验证集 [epoch 740] ---
  准确率 (Accuracy):  0.6575
  精确率 (Precision): 0.3603
  召回率 (Recall):    0.4532
  F1 分数 (F1):       0.3995
[New] Epoch 741/1000 | classify: 3.1004 | total: 3.1004
[New] Epoch 742/1000 | classify: 2.9020 | total: 2.9020
[New] Epoch 743/1000 | classify: 3.0203 | total: 3.0203
[New] Epoch 744/1000 | classify: 3.0931 | total: 3.0931
[New] Epoch 745/1000 | classify: 3.1686 | total: 3.1686
[New] Epoch 746/1000 | classify: 2.9999 | total: 2.9999
[New] Epoch 747/1000 | classify: 3.2392 | total: 3.2392
[New] Epoch 748/1000 | classify: 3.0426 | total: 3.0426
[New] Epoch 749/1000 | classify: 3.1231 | total: 3.1231
[New] Epoch 750/1000 | classify: 3.0157 | total: 3.0157
--- 验证集 [epoch 750] ---
  准确率 (Accuracy):  0.6438
  精确率 (Precision): 0.3715
  召回率 (Recall):    0.4400
  F1 分数 (F1):       0.3950
✅ 模型已保存到 /home/kudouzala/Application/ion_detect/output/trained_model_save/exp_new_b/trained_model_epoch_750.pth
📁 损失值已保存到 /home/kudouzala/Application/ion_detect/output/trained_model_save/exp_new_b/training_loss_epoch_750.csv
[New] Epoch 751/1000 | classify: 2.8668 | total: 2.8668
[New] Epoch 752/1000 | classify: 3.0824 | total: 3.0824
[New] Epoch 753/1000 | classify: 3.0167 | total: 3.0167
[New] Epoch 754/1000 | classify: 3.0688 | total: 3.0688
[New] Epoch 755/1000 | classify: 2.9179 | total: 2.9179
[New] Epoch 756/1000 | classify: 3.1530 | total: 3.1530
[New] Epoch 757/1000 | classify: 3.0589 | total: 3.0589
[New] Epoch 758/1000 | classify: 2.9021 | total: 2.9021
[New] Epoch 759/1000 | classify: 3.0889 | total: 3.0889
[New] Epoch 760/1000 | classify: 3.2734 | total: 3.2734
--- 验证集 [epoch 760] ---
  准确率 (Accuracy):  0.6164
  精确率 (Precision): 0.3474
  召回率 (Recall):    0.3821
  F1 分数 (F1):       0.3439
[New] Epoch 761/1000 | classify: 3.1117 | total: 3.1117
[New] Epoch 762/1000 | classify: 3.0975 | total: 3.0975
[New] Epoch 763/1000 | classify: 2.8729 | total: 2.8729
[New] Epoch 764/1000 | classify: 3.0029 | total: 3.0029
[New] Epoch 765/1000 | classify: 3.0148 | total: 3.0148
[New] Epoch 766/1000 | classify: 2.9424 | total: 2.9424
[New] Epoch 767/1000 | classify: 3.1624 | total: 3.1624
[New] Epoch 768/1000 | classify: 3.2463 | total: 3.2463
[New] Epoch 769/1000 | classify: 3.3471 | total: 3.3471
[New] Epoch 770/1000 | classify: 3.1667 | total: 3.1667
--- 验证集 [epoch 770] ---
  准确率 (Accuracy):  0.6096
  精确率 (Precision): 0.3756
  召回率 (Recall):    0.3855
  F1 分数 (F1):       0.3543
[New] Epoch 771/1000 | classify: 3.1270 | total: 3.1270
[New] Epoch 772/1000 | classify: 3.0576 | total: 3.0576
[New] Epoch 773/1000 | classify: 3.0743 | total: 3.0743
[New] Epoch 774/1000 | classify: 3.0858 | total: 3.0858
[New] Epoch 775/1000 | classify: 3.0686 | total: 3.0686
[New] Epoch 776/1000 | classify: 3.1166 | total: 3.1166
[New] Epoch 777/1000 | classify: 3.1399 | total: 3.1399
[New] Epoch 778/1000 | classify: 2.9455 | total: 2.9455
[New] Epoch 779/1000 | classify: 3.2461 | total: 3.2461
[New] Epoch 780/1000 | classify: 2.9924 | total: 2.9924
--- 验证集 [epoch 780] ---
  准确率 (Accuracy):  0.6507
  精确率 (Precision): 0.3651
  召回率 (Recall):    0.4315
  F1 分数 (F1):       0.3940
[New] Epoch 781/1000 | classify: 3.2069 | total: 3.2069
[New] Epoch 782/1000 | classify: 3.0670 | total: 3.0670
[New] Epoch 783/1000 | classify: 3.1749 | total: 3.1749
[New] Epoch 784/1000 | classify: 3.0026 | total: 3.0026
[New] Epoch 785/1000 | classify: 3.1448 | total: 3.1448
[New] Epoch 786/1000 | classify: 2.9910 | total: 2.9910
[New] Epoch 787/1000 | classify: 3.1740 | total: 3.1740
[New] Epoch 788/1000 | classify: 3.1479 | total: 3.1479
[New] Epoch 789/1000 | classify: 3.0356 | total: 3.0356
[New] Epoch 790/1000 | classify: 3.0783 | total: 3.0783
--- 验证集 [epoch 790] ---
  准确率 (Accuracy):  0.6575
  精确率 (Precision): 0.3681
  召回率 (Recall):    0.4383
  F1 分数 (F1):       0.3996
[New] Epoch 791/1000 | classify: 3.0589 | total: 3.0589
[New] Epoch 792/1000 | classify: 3.1425 | total: 3.1425
[New] Epoch 793/1000 | classify: 2.9906 | total: 2.9906
[New] Epoch 794/1000 | classify: 3.2218 | total: 3.2218
[New] Epoch 795/1000 | classify: 3.1022 | total: 3.1022
[New] Epoch 796/1000 | classify: 3.0615 | total: 3.0615
[New] Epoch 797/1000 | classify: 3.0003 | total: 3.0003
[New] Epoch 798/1000 | classify: 3.0147 | total: 3.0147
[New] Epoch 799/1000 | classify: 3.1039 | total: 3.1039
[New] Epoch 800/1000 | classify: 3.0710 | total: 3.0710
--- 验证集 [epoch 800] ---
  准确率 (Accuracy):  0.6370
  精确率 (Precision): 0.3540
  召回率 (Recall):    0.4230
  F1 分数 (F1):       0.3820
✅ 模型已保存到 /home/kudouzala/Application/ion_detect/output/trained_model_save/exp_new_b/trained_model_epoch_800.pth
📁 损失值已保存到 /home/kudouzala/Application/ion_detect/output/trained_model_save/exp_new_b/training_loss_epoch_800.csv
[New] Epoch 801/1000 | classify: 3.1704 | total: 3.1704
[New] Epoch 802/1000 | classify: 3.0953 | total: 3.0953
[New] Epoch 803/1000 | classify: 3.2646 | total: 3.2646
[New] Epoch 804/1000 | classify: 3.2192 | total: 3.2192
[New] Epoch 805/1000 | classify: 3.0894 | total: 3.0894
[New] Epoch 806/1000 | classify: 3.1012 | total: 3.1012
[New] Epoch 807/1000 | classify: 3.1464 | total: 3.1464
[New] Epoch 808/1000 | classify: 3.1778 | total: 3.1778
[New] Epoch 809/1000 | classify: 3.1765 | total: 3.1765
[New] Epoch 810/1000 | classify: 3.0409 | total: 3.0409
--- 验证集 [epoch 810] ---
  准确率 (Accuracy):  0.6164
  精确率 (Precision): 0.3189
  召回率 (Recall):    0.3770
  F1 分数 (F1):       0.3361
[New] Epoch 811/1000 | classify: 3.1050 | total: 3.1050
[New] Epoch 812/1000 | classify: 3.1968 | total: 3.1968
[New] Epoch 813/1000 | classify: 3.0872 | total: 3.0872
[New] Epoch 814/1000 | classify: 3.1671 | total: 3.1671
[New] Epoch 815/1000 | classify: 3.1857 | total: 3.1857
[New] Epoch 816/1000 | classify: 3.1729 | total: 3.1729
[New] Epoch 817/1000 | classify: 3.3732 | total: 3.3732
[New] Epoch 818/1000 | classify: 3.1222 | total: 3.1222
[New] Epoch 819/1000 | classify: 3.0510 | total: 3.0510
[New] Epoch 820/1000 | classify: 3.2421 | total: 3.2421
--- 验证集 [epoch 820] ---
  准确率 (Accuracy):  0.6164
  精确率 (Precision): 0.3458
  召回率 (Recall):    0.4073
  F1 分数 (F1):       0.3568
[New] Epoch 821/1000 | classify: 3.0017 | total: 3.0017
[New] Epoch 822/1000 | classify: 3.1267 | total: 3.1267
[New] Epoch 823/1000 | classify: 3.2513 | total: 3.2513
[New] Epoch 824/1000 | classify: 3.1804 | total: 3.1804
[New] Epoch 825/1000 | classify: 3.1059 | total: 3.1059
[New] Epoch 826/1000 | classify: 3.2785 | total: 3.2785
[New] Epoch 827/1000 | classify: 3.1617 | total: 3.1617
[New] Epoch 828/1000 | classify: 3.0868 | total: 3.0868
[New] Epoch 829/1000 | classify: 3.0931 | total: 3.0931
[New] Epoch 830/1000 | classify: 3.0678 | total: 3.0678
--- 验证集 [epoch 830] ---
  准确率 (Accuracy):  0.6301
  精确率 (Precision): 0.3518
  召回率 (Recall):    0.4162
  F1 分数 (F1):       0.3748
[New] Epoch 831/1000 | classify: 3.1250 | total: 3.1250
[New] Epoch 832/1000 | classify: 3.0090 | total: 3.0090
[New] Epoch 833/1000 | classify: 3.2428 | total: 3.2428
[New] Epoch 834/1000 | classify: 3.1605 | total: 3.1605
[New] Epoch 835/1000 | classify: 3.2551 | total: 3.2551
[New] Epoch 836/1000 | classify: 3.1778 | total: 3.1778
[New] Epoch 837/1000 | classify: 3.1026 | total: 3.1026
[New] Epoch 838/1000 | classify: 3.2298 | total: 3.2298
[New] Epoch 839/1000 | classify: 3.2105 | total: 3.2105
[New] Epoch 840/1000 | classify: 3.0732 | total: 3.0732
--- 验证集 [epoch 840] ---
  准确率 (Accuracy):  0.6301
  精确率 (Precision): 0.3542
  召回率 (Recall):    0.4311
  F1 分数 (F1):       0.3758
[New] Epoch 841/1000 | classify: 3.2396 | total: 3.2396
[New] Epoch 842/1000 | classify: 3.0000 | total: 3.0000
[New] Epoch 843/1000 | classify: 3.0520 | total: 3.0520
[New] Epoch 844/1000 | classify: 3.2247 | total: 3.2247
[New] Epoch 845/1000 | classify: 3.1987 | total: 3.1987
[New] Epoch 846/1000 | classify: 3.1303 | total: 3.1303
[New] Epoch 847/1000 | classify: 3.0744 | total: 3.0744
[New] Epoch 848/1000 | classify: 3.3072 | total: 3.3072
[New] Epoch 849/1000 | classify: 3.2723 | total: 3.2723
[New] Epoch 850/1000 | classify: 3.1915 | total: 3.1915
--- 验证集 [epoch 850] ---
  准确率 (Accuracy):  0.6301
  精确率 (Precision): 0.3563
  召回率 (Recall):    0.4060
  F1 分数 (F1):       0.3694
✅ 模型已保存到 /home/kudouzala/Application/ion_detect/output/trained_model_save/exp_new_b/trained_model_epoch_850.pth
📁 损失值已保存到 /home/kudouzala/Application/ion_detect/output/trained_model_save/exp_new_b/training_loss_epoch_850.csv
[New] Epoch 851/1000 | classify: 3.2832 | total: 3.2832
[New] Epoch 852/1000 | classify: 3.1738 | total: 3.1738
[New] Epoch 853/1000 | classify: 3.0876 | total: 3.0876
[New] Epoch 854/1000 | classify: 3.1873 | total: 3.1873
[New] Epoch 855/1000 | classify: 3.1969 | total: 3.1969
[New] Epoch 856/1000 | classify: 3.2290 | total: 3.2290
[New] Epoch 857/1000 | classify: 3.0839 | total: 3.0839
[New] Epoch 858/1000 | classify: 3.2908 | total: 3.2908
[New] Epoch 859/1000 | classify: 3.2744 | total: 3.2744
[New] Epoch 860/1000 | classify: 3.3410 | total: 3.3410
--- 验证集 [epoch 860] ---
  准确率 (Accuracy):  0.6507
  精确率 (Precision): 0.3581
  召回率 (Recall):    0.4264
  F1 分数 (F1):       0.3877
[New] Epoch 861/1000 | classify: 3.2707 | total: 3.2707
[New] Epoch 862/1000 | classify: 3.1051 | total: 3.1051
[New] Epoch 863/1000 | classify: 3.2179 | total: 3.2179
[New] Epoch 864/1000 | classify: 3.3085 | total: 3.3085
[New] Epoch 865/1000 | classify: 3.0928 | total: 3.0928
[New] Epoch 866/1000 | classify: 3.2847 | total: 3.2847
[New] Epoch 867/1000 | classify: 3.1174 | total: 3.1174
[New] Epoch 868/1000 | classify: 3.2921 | total: 3.2921
[New] Epoch 869/1000 | classify: 3.3527 | total: 3.3527
[New] Epoch 870/1000 | classify: 3.2456 | total: 3.2456
--- 验证集 [epoch 870] ---
  准确率 (Accuracy):  0.6507
  精确率 (Precision): 0.3656
  召回率 (Recall):    0.4162
  F1 分数 (F1):       0.3852
[New] Epoch 871/1000 | classify: 3.0904 | total: 3.0904
[New] Epoch 872/1000 | classify: 3.1139 | total: 3.1139
[New] Epoch 873/1000 | classify: 3.4426 | total: 3.4426
[New] Epoch 874/1000 | classify: 3.2938 | total: 3.2938
[New] Epoch 875/1000 | classify: 3.2490 | total: 3.2490
[New] Epoch 876/1000 | classify: 3.1796 | total: 3.1796
[New] Epoch 877/1000 | classify: 3.1466 | total: 3.1466
[New] Epoch 878/1000 | classify: 2.8780 | total: 2.8780
[New] Epoch 879/1000 | classify: 3.1536 | total: 3.1536
[New] Epoch 880/1000 | classify: 3.2297 | total: 3.2297
--- 验证集 [epoch 880] ---
  准确率 (Accuracy):  0.6507
  精确率 (Precision): 0.3898
  召回率 (Recall):    0.4461
  F1 分数 (F1):       0.3999
[New] Epoch 881/1000 | classify: 3.2009 | total: 3.2009
[New] Epoch 882/1000 | classify: 3.2899 | total: 3.2899
[New] Epoch 883/1000 | classify: 3.1945 | total: 3.1945
[New] Epoch 884/1000 | classify: 3.0691 | total: 3.0691
[New] Epoch 885/1000 | classify: 3.3239 | total: 3.3239
[New] Epoch 886/1000 | classify: 3.2875 | total: 3.2875
[New] Epoch 887/1000 | classify: 3.1708 | total: 3.1708
[New] Epoch 888/1000 | classify: 3.2105 | total: 3.2105
[New] Epoch 889/1000 | classify: 3.2563 | total: 3.2563
[New] Epoch 890/1000 | classify: 3.1601 | total: 3.1601
--- 验证集 [epoch 890] ---
  准确率 (Accuracy):  0.6438
  精确率 (Precision): 0.3783
  召回率 (Recall):    0.4196
  F1 分数 (F1):       0.3849
[New] Epoch 891/1000 | classify: 3.1126 | total: 3.1126
[New] Epoch 892/1000 | classify: 3.2640 | total: 3.2640
[New] Epoch 893/1000 | classify: 3.1049 | total: 3.1049
[New] Epoch 894/1000 | classify: 3.1587 | total: 3.1587
[New] Epoch 895/1000 | classify: 3.2393 | total: 3.2393
[New] Epoch 896/1000 | classify: 3.4168 | total: 3.4168
[New] Epoch 897/1000 | classify: 3.2122 | total: 3.2122
[New] Epoch 898/1000 | classify: 3.2709 | total: 3.2709
[New] Epoch 899/1000 | classify: 3.2980 | total: 3.2980
[New] Epoch 900/1000 | classify: 3.1198 | total: 3.1198
--- 验证集 [epoch 900] ---
  准确率 (Accuracy):  0.6575
  精确率 (Precision): 0.3694
  召回率 (Recall):    0.4383
  F1 分数 (F1):       0.3998
✅ 模型已保存到 /home/kudouzala/Application/ion_detect/output/trained_model_save/exp_new_b/trained_model_epoch_900.pth
📁 损失值已保存到 /home/kudouzala/Application/ion_detect/output/trained_model_save/exp_new_b/training_loss_epoch_900.csv
[New] Epoch 901/1000 | classify: 3.2286 | total: 3.2286
[New] Epoch 902/1000 | classify: 3.2432 | total: 3.2432
[New] Epoch 903/1000 | classify: 3.2921 | total: 3.2921
[New] Epoch 904/1000 | classify: 3.2928 | total: 3.2928
[New] Epoch 905/1000 | classify: 3.2900 | total: 3.2900
[New] Epoch 906/1000 | classify: 3.4836 | total: 3.4836
[New] Epoch 907/1000 | classify: 3.1863 | total: 3.1863
[New] Epoch 908/1000 | classify: 3.3770 | total: 3.3770
[New] Epoch 909/1000 | classify: 3.2794 | total: 3.2794
[New] Epoch 910/1000 | classify: 3.2141 | total: 3.2141
--- 验证集 [epoch 910] ---
  准确率 (Accuracy):  0.6370
  精确率 (Precision): 0.3787
  召回率 (Recall):    0.4281
  F1 分数 (F1):       0.3945
[New] Epoch 911/1000 | classify: 3.1381 | total: 3.1381
[New] Epoch 912/1000 | classify: 3.3598 | total: 3.3598
[New] Epoch 913/1000 | classify: 3.2615 | total: 3.2615
[New] Epoch 914/1000 | classify: 3.2145 | total: 3.2145
[New] Epoch 915/1000 | classify: 3.3412 | total: 3.3412
[New] Epoch 916/1000 | classify: 3.2312 | total: 3.2312
[New] Epoch 917/1000 | classify: 3.2473 | total: 3.2473
[New] Epoch 918/1000 | classify: 3.3317 | total: 3.3317
[New] Epoch 919/1000 | classify: 3.2894 | total: 3.2894
[New] Epoch 920/1000 | classify: 3.0857 | total: 3.0857
--- 验证集 [epoch 920] ---
  准确率 (Accuracy):  0.6438
  精确率 (Precision): 0.3660
  召回率 (Recall):    0.4196
  F1 分数 (F1):       0.3822
[New] Epoch 921/1000 | classify: 3.0954 | total: 3.0954
[New] Epoch 922/1000 | classify: 3.3180 | total: 3.3180
[New] Epoch 923/1000 | classify: 3.1577 | total: 3.1577
[New] Epoch 924/1000 | classify: 3.1027 | total: 3.1027
[New] Epoch 925/1000 | classify: 3.1952 | total: 3.1952
[New] Epoch 926/1000 | classify: 3.1938 | total: 3.1938
[New] Epoch 927/1000 | classify: 3.2045 | total: 3.2045
[New] Epoch 928/1000 | classify: 3.2023 | total: 3.2023
[New] Epoch 929/1000 | classify: 3.1835 | total: 3.1835
[New] Epoch 930/1000 | classify: 3.1848 | total: 3.1848
--- 验证集 [epoch 930] ---
  准确率 (Accuracy):  0.6301
  精确率 (Precision): 0.3563
  召回率 (Recall):    0.4060
  F1 分数 (F1):       0.3694
[New] Epoch 931/1000 | classify: 3.0484 | total: 3.0484
[New] Epoch 932/1000 | classify: 3.2294 | total: 3.2294
[New] Epoch 933/1000 | classify: 3.2240 | total: 3.2240
[New] Epoch 934/1000 | classify: 3.3600 | total: 3.3600
[New] Epoch 935/1000 | classify: 3.2832 | total: 3.2832
[New] Epoch 936/1000 | classify: 3.1516 | total: 3.1516
[New] Epoch 937/1000 | classify: 3.1123 | total: 3.1123
[New] Epoch 938/1000 | classify: 3.3042 | total: 3.3042
[New] Epoch 939/1000 | classify: 3.2425 | total: 3.2425
[New] Epoch 940/1000 | classify: 3.0292 | total: 3.0292
--- 验证集 [epoch 940] ---
  准确率 (Accuracy):  0.6575
  精确率 (Precision): 0.3675
  召回率 (Recall):    0.4383
  F1 分数 (F1):       0.3988
[New] Epoch 941/1000 | classify: 3.2685 | total: 3.2685
[New] Epoch 942/1000 | classify: 3.3042 | total: 3.3042
[New] Epoch 943/1000 | classify: 3.2822 | total: 3.2822
[New] Epoch 944/1000 | classify: 3.1028 | total: 3.1028
[New] Epoch 945/1000 | classify: 3.3672 | total: 3.3672
[New] Epoch 946/1000 | classify: 3.1930 | total: 3.1930
[New] Epoch 947/1000 | classify: 3.2088 | total: 3.2088
[New] Epoch 948/1000 | classify: 3.4032 | total: 3.4032
[New] Epoch 949/1000 | classify: 3.2434 | total: 3.2434
[New] Epoch 950/1000 | classify: 3.1250 | total: 3.1250
--- 验证集 [epoch 950] ---
  准确率 (Accuracy):  0.6370
  精确率 (Precision): 0.3623
  召回率 (Recall):    0.4128
  F1 分数 (F1):       0.3757
✅ 模型已保存到 /home/kudouzala/Application/ion_detect/output/trained_model_save/exp_new_b/trained_model_epoch_950.pth
📁 损失值已保存到 /home/kudouzala/Application/ion_detect/output/trained_model_save/exp_new_b/training_loss_epoch_950.csv
[New] Epoch 951/1000 | classify: 3.1616 | total: 3.1616
[New] Epoch 952/1000 | classify: 3.2021 | total: 3.2021
[New] Epoch 953/1000 | classify: 3.3934 | total: 3.3934
[New] Epoch 954/1000 | classify: 3.2712 | total: 3.2712
[New] Epoch 955/1000 | classify: 3.2096 | total: 3.2096
[New] Epoch 956/1000 | classify: 3.2219 | total: 3.2219
[New] Epoch 957/1000 | classify: 3.3100 | total: 3.3100
[New] Epoch 958/1000 | classify: 3.1187 | total: 3.1187
[New] Epoch 959/1000 | classify: 3.2332 | total: 3.2332
[New] Epoch 960/1000 | classify: 3.2394 | total: 3.2394
--- 验证集 [epoch 960] ---
  准确率 (Accuracy):  0.6370
  精确率 (Precision): 0.3705
  召回率 (Recall):    0.4128
  F1 分数 (F1):       0.3766
[New] Epoch 961/1000 | classify: 3.1960 | total: 3.1960
[New] Epoch 962/1000 | classify: 3.2813 | total: 3.2813
[New] Epoch 963/1000 | classify: 3.1886 | total: 3.1886
[New] Epoch 964/1000 | classify: 3.1676 | total: 3.1676
[New] Epoch 965/1000 | classify: 3.1645 | total: 3.1645
[New] Epoch 966/1000 | classify: 3.1392 | total: 3.1392
[New] Epoch 967/1000 | classify: 3.0569 | total: 3.0569
[New] Epoch 968/1000 | classify: 3.1568 | total: 3.1568
[New] Epoch 969/1000 | classify: 3.2148 | total: 3.2148
[New] Epoch 970/1000 | classify: 3.2296 | total: 3.2296
--- 验证集 [epoch 970] ---
  准确率 (Accuracy):  0.6575
  精确率 (Precision): 0.3688
  召回率 (Recall):    0.4383
  F1 分数 (F1):       0.3996
[New] Epoch 971/1000 | classify: 3.2060 | total: 3.2060
[New] Epoch 972/1000 | classify: 3.3968 | total: 3.3968
[New] Epoch 973/1000 | classify: 3.2573 | total: 3.2573
[New] Epoch 974/1000 | classify: 3.3582 | total: 3.3582
[New] Epoch 975/1000 | classify: 3.2424 | total: 3.2424
[New] Epoch 976/1000 | classify: 3.2063 | total: 3.2063
[New] Epoch 977/1000 | classify: 3.3264 | total: 3.3264
[New] Epoch 978/1000 | classify: 3.2764 | total: 3.2764
[New] Epoch 979/1000 | classify: 3.3189 | total: 3.3189
[New] Epoch 980/1000 | classify: 3.2330 | total: 3.2330
--- 验证集 [epoch 980] ---
  准确率 (Accuracy):  0.6370
  精确率 (Precision): 0.3706
  召回率 (Recall):    0.4128
  F1 分数 (F1):       0.3767
[New] Epoch 981/1000 | classify: 3.2055 | total: 3.2055
[New] Epoch 982/1000 | classify: 3.1990 | total: 3.1990
[New] Epoch 983/1000 | classify: 3.2986 | total: 3.2986
[New] Epoch 984/1000 | classify: 3.3480 | total: 3.3480
[New] Epoch 985/1000 | classify: 3.1147 | total: 3.1147
[New] Epoch 986/1000 | classify: 3.2896 | total: 3.2896
[New] Epoch 987/1000 | classify: 3.3166 | total: 3.3166
[New] Epoch 988/1000 | classify: 3.3600 | total: 3.3600
[New] Epoch 989/1000 | classify: 3.2935 | total: 3.2935
[New] Epoch 990/1000 | classify: 3.1887 | total: 3.1887
--- 验证集 [epoch 990] ---
  准确率 (Accuracy):  0.6438
  精确率 (Precision): 0.3675
  召回率 (Recall):    0.4243
  F1 分数 (F1):       0.3851
[New] Epoch 991/1000 | classify: 3.1669 | total: 3.1669
[New] Epoch 992/1000 | classify: 3.3317 | total: 3.3317
[New] Epoch 993/1000 | classify: 3.4269 | total: 3.4269
[New] Epoch 994/1000 | classify: 3.2527 | total: 3.2527
[New] Epoch 995/1000 | classify: 3.5127 | total: 3.5127
[New] Epoch 996/1000 | classify: 3.0538 | total: 3.0538
[New] Epoch 997/1000 | classify: 3.1611 | total: 3.1611
[New] Epoch 998/1000 | classify: 3.2725 | total: 3.2725
[New] Epoch 999/1000 | classify: 3.2290 | total: 3.2290
[New] Epoch 1000/1000 | classify: 3.4114 | total: 3.4114
--- 验证集 [epoch 1000] ---
  准确率 (Accuracy):  0.6370
  精确率 (Precision): 0.3614
  召回率 (Recall):    0.4128
  F1 分数 (F1):       0.3760
✅ 模型已保存到 /home/kudouzala/Application/ion_detect/output/trained_model_save/exp_new_b/trained_model_epoch_1000.pth
📁 损失值已保存到 /home/kudouzala/Application/ion_detect/output/trained_model_save/exp_new_b/training_loss_epoch_1000.csv
✅ 模型已保存到 /home/kudouzala/Application/ion_detect/output/trained_model_save/exp_new_b/trained_model_epoch_final.pth
📁 损失值已保存到 /home/kudouzala/Application/ion_detect/output/trained_model_save/exp_new_b/training_loss_epoch_final.csv
